county_fips,county,state,n_elections,interdependence_score_raw,independence_score_raw,practice_cesi_raw,interdependence_score_log,independence_score_log,practice_cesi,collectivist_language,individualist_language,collectivist_language_z,individualist_language_z,meaning_cesi_unstandardized,meaning_cesi
01001,Autauga,Alabama,4,-0.1835244248537625,-0.5637431203410204,0.676669733449806,-0.12444853939142814,-0.5342780532719406,0.7339760136128244,9.5966691633592e-4,0.00143920638493487,-0.1218220969823112,-0.9230214167726141,0.8011993197903029,0.52371462378309
01003,Baldwin,Alabama,4,-0.035550032526724507,-0.21949126644914982,0.3078411434832581,0.022777343463277533,-0.19581621791083653,0.3690439544275368,9.8442419283783e-4,0.00163907947515291,0.05574558356007404,-0.0709213561960664,0.12666693975614043,0.08279753497232613
01005,Barbour,Alabama,4,0.5572774809963139,0.2997616248040394,0.3601790642463075,0.5753638499843945,0.25748067150615267,0.4683540515281864,0.00118260924084583,0.00143722139774823,1.4771967391525302,-0.9314838250944869,2.408680564247017,1.574466183831048
01007,Bibb,Alabama,4,0.34523115175104,-0.32904851791431095,1.1297893713876932,0.40304981889758223,-0.3162452660044684,1.2147641948673504,0.00101413356248236,0.00151008617843216,0.268831375034292,-0.6208462902120162,0.8896776652463082,0.5815496746360663
01009,Blount,Alabama,4,0.3336848293439183,-0.5812987253745139,1.5595810920923543,0.3874726294297079,-0.5574383061881518,1.6226388923367145,9.4182977165364e-4,0.00155379756773558,-0.24975621802696849,-0.43449565425248177,0.18473943622551328,0.12075739700586179
01011,Bullock,Alabama,4,0.068981093975448,-0.3667361398316054,0.7419488814352339,0.12480623585649524,-0.3422927893778366,0.8012153611089398,NA,NA,NA,NA,NA,NA
01013,Butler,Alabama,4,0.33401912889550006,-0.22577249520769266,0.9275776015597599,0.379211418204042,-0.2144255271066135,0.9922563427345259,0.00121852535041853,0.00120902530318287,1.7347993987358035,-1.9043306740142458,3.6391300727500493,2.378765919879769
01015,Calhoun,Alabama,4,0.6035339032560301,-0.0467452789064867,1.0528551741940335,0.6070804210649454,-0.05201233701541299,1.0772794656543725,0.00109302538109269,0.00147893927451308,0.8346705634977798,-0.7536319427841924,1.5883025062819722,1.038215121986017
01017,Chambers,Alabama,4,0.663238509257553,-0.3997495118012351,1.779236171976899,0.7194636302877488,-0.3826590895697204,1.8577085037549108,0.00110401244236993,0.00117050463699144,0.9134735363056357,-2.0685521905743767,2.9820257268800123,1.9492408980991327
01019,Cherokee,Alabama,4,-0.052667903054683024,-0.19096946392375566,0.22890741993636668,0.006138478454230313,-0.1621192317202921,0.28092848419392047,0.00100662845390813,0.0016504627913929,0.21500216156479027,-0.02239193961939642,0.2373941011841867,0.15517582119582965
01021,Chilton,Alabama,4,0.4557911849686893,-0.7036128002624805,1.9782725511719077,0.45005381740362044,-0.676486430109222,1.9402258370074286,0.00104765180169871,0.00152941601618541,0.5092356857852315,-0.5384392192926085,1.04767490507784,0.6848266782146446
01023,Choctaw,Alabama,4,0.617028593697552,-0.24632352529859386,1.4301671374015705,0.6612237462092224,-0.21994216995541596,1.468791142634482,NA,NA,NA,NA,NA,NA
01025,Clarke,Alabama,4,0.6146571171170301,-0.1593062954056596,1.2714406098197146,0.5980971954632042,-0.13919963997028736,1.2191726894054757,0.00129970921230647,0.0012510608453094,2.317077907916841,-1.7251245189820192,4.042202426898861,2.6422395413572053
01027,Clay,Alabama,4,-0.07629004538230373,-0.6886053650739801,1.0754055743946713,-0.05801589631818027,-0.7159877438019147,1.170596781781618,0.00105587318358188,0.0013330297891368,0.5682022571580999,-1.375674065574164,1.943876322732264,1.2706406906424177
01029,Cleburne,Alabama,4,1.0894412090532717,-0.10302919275084219,1.9531279417130831,1.0561810617442304,-0.07358188093951006,1.8591398119761184,0.0010682860113208,0.00146367445737528,0.657231316166354,-0.8187089953960267,1.4759403115623808,0.964768074439328
01031,Coffee,Alabama,4,0.28224405844238387,-0.2099367775056562,0.814145823125592,0.29754324089445444,-0.18549490955727427,0.8051132885057652,0.0010444151435687,0.00149854416277869,0.4860212632775629,-0.6700522750035078,1.1560735382810707,0.7556828909002591
01033,Colbert,Alabama,4,-0.10810378682317856,-0.16275611661471073,0.08742512816307699,-0.06075062901988663,-0.1475590573736685,0.14407588544110528,0.00101324979259029,0.00144969293235597,0.2624926741737209,-0.8783151099705806,1.1408077841443016,0.7457042270559167
01035,Conecuh,Alabama,4,-0.18784271788548076,0.18306857639821028,-0.6591720507790644,-0.14094384523815834,0.2129243322970215,-0.6367359830040753,NA,NA,NA,NA,NA,NA
01037,Coosa,Alabama,4,-0.03787672908865213,-0.5019624990719593,0.8065839986224891,0.01783897584716319,-0.4742695988374958,0.8615131478764466,NA,NA,NA,NA,NA,NA
01039,Covington,Alabama,4,0.3869730031561776,0.017996938613536483,0.5810597579470727,0.43979382486509655,0.02232015825204594,0.666843103614329,0.00116231176481317,0.00146624202231872,1.331616277597881,-0.8077629383682764,2.1393792159661573,1.398433764911742
01041,Crenshaw,Alabama,4,0.9258703098780087,0.020502477684695788,1.463991439944845,0.9715333069796609,0.039173418029742335,1.5163557013871478,0.00136080030916599,0.00120918042850047,2.755244213095777,-1.9036693429046916,4.658913556000469,3.045360998131317
01043,Cullman,Alabama,4,0.4537741562366824,-0.4113401867548748,1.4549383216456235,0.4946461530125097,-0.3817898892596937,1.4841638157538097,9.9331605014044e-4,0.00177326900634257,0.11952103466094614,0.5011561932665053,-0.38163515860555913,-0.24946091262761322
01045,Dale,Alabama,4,-0.06337128391912639,-0.04339224362393577,-0.051287684279947954,-0.004527045612413183,-0.03238312611313068,0.030024686965357903,0.00111628636020515,0.00144777989013347,1.0015062858287775,-0.8864708021245347,1.8879770879533122,1.2341014101052306
01047,Dallas,Alabama,4,0.24611586980209765,0.5301102460771889,-0.5620408308237359,0.30310836772747013,0.4909225974016711,-0.4018312360976138,0.00136245439437704,0.00117968465083344,2.767107879695896,-2.0294159049326805,4.796523784628576,3.1353117598637867
01049,De Kalb,Alabama,4,0.6467215087699564,-0.4438701191839668,1.8305376111152185,0.6856919615462779,-0.419427778452112,1.8679376573954736,9.8718797936789e-4,0.00173101251214422,0.07556840872499856,0.3210080741430799,-0.24543966541808135,-0.1604349115891937
01051,Elmore,Alabama,4,-0.4111710779273374,-0.8227908004157781,0.7627082065659847,-0.3572558861559822,-0.793605365025363,0.8150269132261764,0.00109964584852817,0.00138156453121911,0.8821548272266229,-1.1687604854454534,2.0509153126720765,1.3406081543705732
01053,Escambia,Alabama,4,0.062163175666006674,0.29897124347563026,-0.4537077936604054,0.09311867427173182,0.2755605913373697,-0.36207297811598144,0.00119124128292922,0.00130693776957633,1.5391087063664342,-1.4869097072695379,3.0260184136359722,1.977997304681748
01055,Etowah,Alabama,4,0.4925598215525951,-0.006580137047593848,0.7986547449674475,0.4438939748914359,0.003908358348176921,0.7067303531263415,0.00121684878044002,0.00115943233512496,1.722774463669621,-2.1157556889585623,3.8385301526281834,2.5091064421895326
01057,Fayette,Alabama,4,0.40419335337886936,-0.1458519098038915,0.9009367614603416,0.4514757771540731,-0.1162253594116496,0.9352674003492232,0.00124676664352026,0.00150959350858404,1.9373556415925242,-0.622946643025741,2.560302284618265,1.6735757440617733
01059,Franklin,Alabama,4,0.4096595781091736,-0.2111426054622188,1.0261033842914156,0.45078023845325493,-0.1818869511454873,1.0521716302250512,0.00114856761527784,0.00167201034907705,1.2330385219296456,0.06946972714080286,1.1635687947888427,0.7605822653070583
01061,Geneva,Alabama,4,0.08363827883381696,-0.13271427624011736,0.3497117017604756,0.136827698056021,-0.11177514272774443,0.4066510039549149,0.001063901352539,0.00154886469493643,0.6257830391398417,-0.4555255047760646,1.0813085439159063,0.7068117549308162
01063,Greene,Alabama,4,0.32707431016053995,1.4162633211667135,-2.0053762679160467,0.2431748786710719,1.3525653941270157,-2.050171899669178,NA,NA,NA,NA,NA,NA
01065,Hale,Alabama,4,0.2535261856350956,0.24525764853947285,-0.043027329986809804,0.31164781020421756,0.2725796279464968,0.004863856337964434,0.00117264735349794,0.00125422920177963,1.4057466654720552,-1.7116171642037148,3.11736382967577,2.0377064544699848
01067,Henry,Alabama,4,0.06900222500489374,-0.08372242606408944,0.23844432058211654,0.11305093639192011,-0.05442515759049702,0.26419872461802996,0.00108704569658331,0.00123717629145734,0.7917822147481127,-1.7843172255415278,2.5760994402896404,1.683901765608375
01069,Houston,Alabama,4,0.6646484468746084,-0.11636433902132544,1.2773576246853346,0.5955793704195861,-0.09695585047978339,1.1390552549342805,0.00101084449740771,0.00151980873341351,0.24524107194043177,-0.579397040192769,0.8246381121332008,0.5390357030833116
01071,Jackson,Alabama,4,0.11407337646120308,-0.23083748994701647,0.5744097552391487,0.17224105803855624,-0.20710115404696,0.6366354490731567,9.1793339712075e-4,0.00169200569384464,-0.4211492142981878,0.15471399123421198,-0.5758632055323998,-0.3764206666012413
01073,Jefferson,Alabama,4,0.5523106362619262,-0.11896905223650762,1.0970079063305138,0.5106590031962703,-0.10281878117077006,1.0090875701785538,0.00108094931373732,0.00165216051847431,0.7480568654926204,-0.015154180162464127,0.7632110456550846,0.4988830816119086
01075,Lamar,Alabama,4,0.10081821537104958,-0.46728185175518516,0.973265734997946,0.1149597429477367,-0.43874950942575514,0.9583460068039265,0.00121301902694354,0.00148088612715273,1.695306157720596,-0.7453321098733707,2.4406382675939664,1.595355762955628
01077,Lauderdale,Alabama,4,0.3770282550235257,-0.3273317112091344,1.179094364467258,0.4051735232263433,-0.29731529724021133,1.1842432727917749,8.9259501662248e-4,0.00156315626083924,-0.6028847720616239,-0.39459762219700745,-0.2082871498646165,-0.1361496741644155
01079,Lawrence,Alabama,4,0.13043661529460124,-0.2824859927320296,0.6932479804967653,0.1445589565284642,-0.26268478602106515,0.6907683564040052,9.7911027833744e-4,0.00133909892294167,0.017632365720381477,-1.3498001008641805,1.3674324665845619,0.893840474020314
01081,Lee,Alabama,4,-0.37269324992692593,-0.6254581647071146,0.47497357117900607,-0.3664661998784251,-0.6143725376528668,0.47753916922162176,8.822628821967e-4,0.00159026034924521,-0.6769903848052692,-0.2790473230176402,-0.397943061787629,-0.2601207910982092
01083,Limestone,Alabama,4,-0.18467123482124717,-0.5828706771346283,0.7088131491674479,-0.12569557738439743,-0.55371781530962,0.7668640371703517,9.4721955634929e-4,0.0014988845765188,-0.21109883311810818,-0.6686010212691886,0.45750218815108046,0.29905240859439763
01085,Lowndes,Alabama,4,0.03283971170085757,0.5337330701375749,-0.9196834215396845,0.09191149424675449,0.4653728188568291,-0.7053398154165453,NA,NA,NA,NA,NA,NA
01087,Macon,Alabama,4,0.4283822885629931,0.019305392144430188,0.6469194497123311,0.47740251069976586,0.018581318713782723,0.7357924342962456,0.00109653535857176,0.00122566763302095,0.8598453261444862,-1.8333810016611887,2.6932263278056747,1.760463318164859
01089,Madison,Alabama,4,-0.10916305439727791,-0.3404775193492047,0.4018836291742388,-0.07239746448542124,-0.31372299989379304,0.4235565260455503,0.00102548587291858,0.00154927848279961,0.3502540401162602,-0.45376144207559377,0.8040154821918539,0.5255554459058877
01091,Marengo,Alabama,4,0.6700584571341817,0.2834070157731351,0.574991049938158,0.5803973754864812,0.2826652884487701,0.43140227472080284,0.00122237679074949,0.00117509710759373,1.7624232501018138,-2.048973544573865,3.8113967946756784,2.4913703607912265
01093,Marion,Alabama,4,-0.08420490676791394,-0.0039969798637896296,-0.1556861643553593,-0.028293222734740442,0.012911218655327617,-0.09073485985355736,0.00109267462728277,0.00187121918217036,0.83215483684004,0.9187379230796279,-0.08658308623958788,-0.05659618938245462
01095,Marshall,Alabama,4,0.2794703515758678,-0.48721508150015447,1.3029133133659294,0.3136367359875844,-0.45725421613539996,1.3203462123806071,9.1129221380076e-4,0.00178463825944409,-0.468782059457728,0.5496256557936869,-1.0184077152514148,-0.6656957891455623
01097,Mobile,Alabama,4,0.3799116854844827,-0.26294872565753974,1.0692919250804338,0.3777616814498063,-0.23907770376906826,1.0341805479828576,0.00104041059941087,0.00149812532325696,0.4572992987399617,-0.6718378739625706,1.1291371727025323,0.7380755761951738
01099,Monroe,Alabama,4,0.04674871103817361,0.05481673091758952,-0.04468955117573051,0.07710063447967001,0.0769662733415353,-0.03151730744723577,0.0010959668545638,0.00127008351698954,0.8557678203629145,-1.644026960159606,2.4997947805225205,1.6340242068090327
01101,Montgomery,Alabama,4,0.5030339730653454,0.0025497924213492506,0.7996582701785785,0.4966860604393409,-0.01362838180605679,0.8256097490376293,0.00119195001564832,0.00145418024933808,1.5441919805725206,-0.859184755463574,2.4033767360360945,1.5709992657652407
01103,Morgan,Alabama,4,0.36824165693499866,-0.2751516487877594,1.07178666227528,0.3851932235971229,-0.24656763323324835,1.0599431246437079,9.7951848366849e-4,0.00161629052006576,0.020560154397540713,-0.16807535521140768,0.1886355096089484,0.12330411734852392
01105,Perry,Alabama,4,0.11628903129215845,0.30978470456293383,-0.38381937915286823,0.17350909305661735,0.30203130913402454,-0.27665192053242527,0.00135117909540928,0.00154303051966865,2.686237567286021,-0.48039779295486046,3.1666353602408814,2.0699134477308854
01107,Pickens,Alabama,4,-0.07790289034006204,-0.13729228335172822,0.09185086144085824,-0.06390544747708533,-0.13702086746268924,0.11990899094827054,0.00136624966213133,0.00118421029187342,2.7943288420709202,-2.010122167090794,4.804451009161714,3.1404934959330375
01109,Pike,Alabama,4,-0.2090831379986989,0.04979777521705494,-0.4570321035415894,-0.15125944343381426,0.06318514733969413,-0.38458327776350454,0.00107162071035837,0.00136595052688486,0.6811489216979042,-1.2353261948390635,1.9164751165369678,1.252729526666981
01111,Randolph,Alabama,4,-0.4038912100303498,-0.43916898047874675,0.09215401238087406,-0.3454561517003858,-0.4093541488428268,0.14369321049988093,0.00110268340102887,0.00129306913555694,0.9039411958537776,-1.5460345443106052,2.449975740164383,1.6014593264678643
01113,Russell,Alabama,4,-7.619175058772854e-4,-0.2983538130092073,0.5054385371964244,0.04466900772746988,-0.27986818333338354,0.5563855005166957,0.00114920235116758,0.00124306132392061,1.2375910654894933,-1.7592281226864273,2.9968191881759205,1.9589108414274221
01115,St Clair,Alabama,4,-0.011228933582281461,-0.8311330123056017,1.4361260539556067,0.04779712213575419,-0.8024360480027573,1.501102653786999,0.0010118594394149501,0.00149480490986589,0.2525205842121779,-0.685993478644438,0.938514062856616,0.613472237436167
01117,Shelby,Alabama,4,-0.32408743082151364,-0.7670433590158878,0.8069206896420456,-0.2754226505225969,-0.7655528663129278,0.8999913144473891,9.8943767440499e-4,0.00161823393314063,0.09170399333321512,-0.15979018587212598,0.2514941792053411,0.16439252529649445
01119,Sumter,Alabama,4,0.010000768054695982,-0.24772152551959764,0.43307599022431215,0.045445567694532486,-0.22099146581358955,0.45181406926081646,0.00110995503972671,0.00129624306883812,0.9560958832733764,-1.5325034144411012,2.4885992977144777,1.6267061301181802
01121,Talladega,Alabama,4,0.22300012063316346,-0.5767699669097139,1.3692615908234784,0.27824927331680244,-0.5519122543947432,1.4319829841693161,0.00107666975176082,0.00142686812171172,0.7173623788092454,-0.9756219685947045,1.6929843474039499,1.1066418039438435
01123,Tallapoosa,Alabama,4,0.6219006401184268,-0.08810532540477378,1.1566872418744747,0.6190632967824903,-0.06173147626115385,1.1145806243139467,9.8816332277086e-4,0.00136491975870847,0.08256390622183887,-1.23972057141364,1.3222844776354787,0.8643288887468508
01125,Tuscaloosa,Alabama,4,0.05235675689440691,-0.5996835130693763,1.1290350593160068,0.11051042520186372,-0.5740811220286737,1.1943011989512946,9.2238797156561e-4,0.001515568002625,-0.38919947815026623,-0.5974761470792248,0.20827666892895857,0.13614282316099907
01127,Walker,Alabama,4,0.5323741847355072,-0.2702788309713341,1.333390103416266,0.5590435961550707,-0.2452664420062641,1.3452556683875652,9.3287541602852e-4,0.00152294266356014,-0.31397992853816115,-0.5660364519071073,0.25205652336894613,0.16476010906098904
01129,Washington,Alabama,4,-0.08078095388203843,-0.99790508169655,1.618318039919126,-0.04986030601014687,-0.9878753298084467,1.6729263239430847,0.00114009859272245,0.00118592754380775,1.172295786697613,-2.0028011691732077,3.1750969558708206,2.0754444825963394
01131,Wilcox,Alabama,4,0.28509184934754056,-0.3357327142446827,1.0426519475255684,0.34373270346884227,-0.3101601777564459,1.1056778049636382,NA,NA,NA,NA,NA,NA
01133,Winston,Alabama,4,0.8350079981525278,-0.40885526815470785,2.078285963944082,0.8870739865083971,-0.37982958670773714,2.1299485461294867,9.0005369607434e-4,0.0014889349877444,-0.5493885641861834,-0.7110181630071246,0.1616295988209412,0.10565134348950135
02013,Aleutians East Borough,Alaska,NA,1.4082169560410076,NA,NA,1.4484646312562672,NA,NA,NA,NA,NA,NA,NA,NA
02016,Aleutians West Census Area,Alaska,NA,0.03416347135250771,NA,NA,-0.2402739111327458,NA,NA,NA,NA,NA,NA,NA,NA
02020,Anchorage Municipality,Alaska,NA,0.2416874970341415,NA,NA,0.260912713119319,NA,NA,0.00102976087908366,0.00192333246985147,0.3809158509571706,1.1409075785418763,-0.7599917275847057,-0.49677873140788487
02050,Bethel Census Area,Alaska,NA,4.174108501135541,NA,NA,4.199527962916471,NA,NA,NA,NA,NA,NA,NA,NA
02060,Bristol Bay Borough,Alaska,NA,-0.6607698362057085,NA,NA,-0.7596896424907037,NA,NA,NA,NA,NA,NA,NA,NA
02063,Chugach Census Area,Alaska,NA,-0.4530013024529722,NA,NA,-0.4434881112800524,NA,NA,NA,NA,NA,NA,NA,NA
02066,Copper River Census Area,Alaska,NA,-0.8013689741398456,NA,NA,-0.818463348154618,NA,NA,NA,NA,NA,NA,NA,NA
02068,Denali Borough,Alaska,NA,5.736926988484634,NA,NA,5.757160679477775,NA,NA,NA,NA,NA,NA,NA,NA
02070,Dillingham Census Area,Alaska,NA,3.9745320922994147,NA,NA,3.978307514606552,NA,NA,NA,NA,NA,NA,NA,NA
02090,Fairbanks North Star Borough,Alaska,NA,-0.05941186288562764,NA,NA,-0.10795655577236814,NA,NA,8.50348649999e-4,0.00167761396964669,-0.905890206932292,0.09335911325891115,-0.9992493201912032,-0.6531726486318228
02100,Haines Borough,Alaska,NA,-0.4877479462379557,NA,NA,-0.529654074093144,NA,NA,NA,NA,NA,NA,NA,NA
02105,Hoonah-Angoon Census Area,Alaska,NA,-0.688569047925592,NA,NA,-0.9507580553781869,NA,NA,NA,NA,NA,NA,NA,NA
02110,Juneau City and Borough,Alaska,NA,0.1422294403914489,NA,NA,0.12077113691997014,NA,NA,7.9876705303347e-4,0.00195143617679222,-1.2758511164505375,1.2607194569719078,-2.5365705734224453,-1.6580631944456574
02122,Kenai Peninsula Borough,Alaska,NA,-0.08494316413584525,NA,NA,-0.039751827524909585,NA,NA,8.9466363626201e-4,0.00201020669810434,-0.5880479223262575,1.5112702675664842,-2.0993181898927418,-1.3722473407846068
02130,Ketchikan Gateway Borough,Alaska,NA,0.3789182401790028,NA,NA,0.34465157085570475,NA,NA,8.2520190032132e-4,0.00187398698799632,-1.0862513227077337,0.9305376481421248,-2.0167889708498583,-1.3183010157759079
02150,Kodiak Island Borough,Alaska,NA,1.1310953907460062,NA,NA,1.1137571319130906,NA,NA,6.5180362797269e-4,0.00156720488332457,-2.329923219680234,-0.37733751248820246,-1.9525857071920316,-1.2763336959821194
02158,Kusilvak Census Area,Alaska,NA,5.431994996761799,NA,NA,5.455166113156562,NA,NA,NA,NA,NA,NA,NA,NA
02164,Lake and Peninsula Borough,Alaska,NA,0.8077675175251446,NA,NA,0.8587961189743338,NA,NA,NA,NA,NA,NA,NA,NA
02170,Matanuska-Susitna Borough,Alaska,NA,-0.24170146569100118,NA,NA,-0.28627211089979415,NA,NA,9.5802180680342e-4,0.00181736229966364,-0.13362138693658634,0.6891349645403986,-0.8227563514769849,-0.5378056651267445
02180,Nome Census Area,Alaska,NA,3.0097992993003637,NA,NA,3.002713591871012,NA,NA,NA,NA,NA,NA,NA,NA
02185,North Slope Borough,Alaska,NA,6.469356965741842,NA,NA,6.037963695940768,NA,NA,8.1344254957557e-4,0.00179662083216288,-1.170593420532836,0.6007098258958523,-1.7713032464286884,-1.1578359971048964
02188,Northwest Arctic Borough,Alaska,NA,6.867123985933631,NA,NA,6.573528839062026,NA,NA,NA,NA,NA,NA,NA,NA
02195,Petersburg Borough,Alaska,NA,0.020618435273776454,NA,NA,0.019289345701948735,NA,NA,NA,NA,NA,NA,NA,NA
02198,Prince of Wales-Hyder Census Area,Alaska,NA,0.8152109878666384,NA,NA,0.7819757659735579,NA,NA,NA,NA,NA,NA,NA,NA
02220,Sitka City and Borough,Alaska,NA,-0.29907679985662766,NA,NA,-0.3822782339609882,NA,NA,0.00105765899457239,0.00173424460503538,0.5810107062396255,0.33478715038261886,0.24622355585700662,0.1609473120320875
02230,Skagway Municipality,Alaska,NA,-1.2722452678600726,NA,NA,-1.4581576011148172,NA,NA,NA,NA,NA,NA,NA,NA
02240,Southeast Fairbanks Census Area,Alaska,NA,0.07006174079424925,NA,NA,0.05298764736224767,NA,NA,NA,NA,NA,NA,NA,NA
02275,Wrangell City and Borough,Alaska,NA,-0.11593638077978441,NA,NA,-0.10193044886299392,NA,NA,NA,NA,NA,NA,NA,NA
02282,Yakutat City and Borough,Alaska,NA,1.4344177124966062,NA,NA,1.4790474268465656,NA,NA,NA,NA,NA,NA,NA,NA
02290,Yukon-Koyukuk Census Area,Alaska,NA,2.0808373882250017,NA,NA,2.0951084408761873,NA,NA,NA,NA,NA,NA,NA,NA
04001,Apache,Arizona,4,0.3775590815236714,-0.11545334718043625,0.8029934625941547,0.40199933645226066,-0.08640603737738224,0.7997908098294093,8.2437895220044e-4,0.00141133829974033,-1.0921537889592257,-1.0418287912746798,-0.0503249976845459,-0.032895606097301855
04003,Cochise,Arizona,4,-0.0891419916513676,0.6563483060982069,-1.3387054458719532,-0.03693044472893405,0.6832918478944715,-1.3103246285313328,0.00107135393880551,0.00168568540107139,0.6792355445995645,0.1277692842250149,0.5514662603745496,0.36047327793128264
04005,Coconino,Arizona,4,0.40230865660243104,-0.268179238092999,1.115478644659356,0.37876535031896247,-0.24154466034460267,1.0402766334211622,8.5395172706292e-4,0.0019983897998645,-0.880047702123397,1.460892401816721,-2.340940103940118,-1.5301867282596129
04007,Gila,Arizona,4,0.17699621559217515,0.7115685563446462,-0.998710039311216,0.15958477292837883,0.7311450962275691,-1.0712083648270065,0.00115695571081127,0.00220162001712045,1.293200820796574,2.3273045848968326,-1.0341037641002586,-0.6759557208688003
04009,Graham,Arizona,4,0.42401998903263277,-0.43577145280678353,1.4494110584546929,0.4768620950202737,-0.41917270134686035,1.5219501454989328,0.00100677919277943,0.00157769665470041,0.21608331246368914,-0.3326089348935101,0.5486922473571992,0.3586600073157618
04011,Greenlee,Arizona,4,0.3017514737011144,0.004752369535897483,0.46429226603707885,0.23821469662082273,0.034733652327482024,0.310992623972167,0.00126163558989381,0.00175584623646031,2.044000826068155,0.4268793446127439,1.617121481455411,1.0570530295677683
04012,La Paz,Arizona,4,-0.0797459433543165,0.6305240080488506,-1.2772864786917588,-0.12353920860346435,0.6602937137140168,-1.412277998795874,0.001116733191416,0.00170301824348268,1.0047111125672301,0.2016627535885604,0.8030483589786697,0.5249232729156793
04013,Maricopa,Arizona,4,0.17416350265396577,-0.24296783299203853,0.6949411204772371,0.22996416160099745,-0.21299337361059684,0.7427376298052071,9.527787112326e-4,0.00195074022019544,-0.17122666711757598,1.2577524509701101,-1.428979118087686,-0.9340712638386405
04015,Mohave,Arizona,4,-0.36528865560665563,0.4718774137935228,-1.4652181810245606,-0.4816193330996083,0.48760218839476305,-1.6942680763023552,9.1472263460884e-4,0.0018262915546298,-0.44417790454884326,0.7272022135596052,-1.1713801181084484,-0.7656882410019056
04017,Navajo,Arizona,4,0.7780232627721357,-0.3306626085020469,1.8453297823525698,0.8295626969145675,-0.30235768900705595,1.8955014510516495,7.5476918163316e-4,0.00179226000050263,-1.5914189444687963,0.5821187043106031,-2.1735376487793996,-1.420761880210806
04019,Pima,Arizona,4,-0.07937138789033436,0.1704603165204146,-0.4581221806396939,-0.05290139755938047,0.19347480394094235,-0.4560924433537085,8.9211052754531e-4,0.00182989412869705,-0.6063596939365956,0.7425607271923633,-1.348920421128959,-0.8817398285482585
04021,Pinal,Arizona,4,0.18573467061591942,-0.49236774010060536,1.1577286020387532,0.21891864426934982,-0.46337419435933114,1.1746294133664579,9.4986443126814e-4,0.00169837887446757,-0.1921288828237493,0.18188417001585602,-0.3740130528396053,-0.24447862151097047
04023,Santa Cruz,Arizona,4,1.4586530971739167,-0.4383914886278385,3.1577786990647567,1.3612469828958969,-0.40838369419710113,2.9658512616224284,8.1139193155242e-4,0.00166090076929423,-1.185301156499717,0.022107305338077497,-1.2074084618377945,-0.7892386485168307
04025,Yavapai,Arizona,4,-0.2107621666790046,0.7638949905361889,-1.730322110860354,-0.17094464952771116,0.7861378914662445,-1.7169740662230342,0.00109282501350618,0.00199349952599768,0.8332334584272886,1.440044159296393,-0.6068107008691045,-0.3966499097832416
04027,Yuma,Arizona,4,0.34313101355377423,-0.6459649486538205,1.6901903565524243,0.34347189707632747,-0.6378516485270651,1.694413197199915,7.4435237203673e-4,0.00157257322126443,-1.6661318765858262,-0.3544511845750251,-1.311680692010801,-0.8573975828134458
05001,Arkansas,Arkansas,4,0.3172473955176243,0.04714519526834872,0.4143835180102168,0.34091698511244317,0.06653365718349592,0.4237490999415003,0.00111755091342885,0.00149266495348991,1.0105760953790122,-0.6951165524690065,1.7056926478480188,1.1149487540642329
05003,Ashley,Arkansas,4,0.32471748781869453,0.06183609287863856,0.4005462282246097,0.23268169030929417,0.08382867064384625,0.2135682426758308,0.00116515399615487,0.00134598403919344,1.3520017358639227,-1.3204474352861892,2.672449171150112,1.7468820525392237
05005,Baxter,Arkansas,4,0.010319951937991756,0.5848860367338464,-1.0477777849784398,0.06821552563541607,0.6144043440019129,-1.012495572706974,9.2170395736368e-4,0.00167403891922767,-0.3941054626710344,0.07811793859508792,-0.47222340126612233,-0.3086751259354394
05007,Benton,Arkansas,4,-0.10238890124881365,-0.7800459174918871,1.195120670275303,-0.04459276410843143,-0.7913125206648243,1.3282354451651281,9.2582673527615e-4,0.00185174378690549,-0.36453548508274064,0.8357103105738893,-1.20024579565663,-0.7845566762139407
05009,Boone,Arkansas,4,0.585226095434338,-0.125526224730459,1.162875573298733,0.6154172378609019,-0.09631321027345588,1.1707234724663287,0.00123385855406678,0.00189745821077911,1.8447743956581737,1.0306002945604262,0.8141741010977475,0.5321957626748138
05011,Bradley,Arkansas,4,0.9468414854684258,0.41337811326877355,0.7995179676770743,0.9209563386878227,0.3629481728337574,0.8505463579993486,NA,NA,NA,NA,NA,NA
05013,Calhoun,Arkansas,4,0.9984804691595262,0.06079023514574748,1.5118767140639175,0.8792262554472662,0.06388143363476968,1.3192015670197341,NA,NA,NA,NA,NA,NA
05015,Carroll,Arkansas,4,-0.12298777414742967,-0.13850869154713566,0.01977488053925261,-0.07502409527664432,-0.11963973529372914,0.0702620388244545,0.00102166124878916,0.00250467959216326,0.3228225237475212,3.619309836682214,-3.2964873129346928,-2.1547929088996
05017,Chicot,Arkansas,4,-0.007360699733462761,0.613695579268301,-1.12815017543209,0.04894988272526357,0.5602516230693417,-0.9470095136265286,0.00171577018194024,0.00104418442888182,5.301209920029917,-2.6070811984804863,7.9082911185104035,5.169359990197992
05019,Clark,Arkansas,4,0.6201794127290398,-0.3713490937060036,1.6578016080760953,0.5857549813017348,-0.34186296708519104,1.5631261645784258,9.7928676516812e-4,0.00141506026087455,0.018898189817298,-1.025961306039561,1.0448594958568589,0.6829863484183744
05021,Clay,Arkansas,4,0.25870349212361016,0.5090497592830757,-0.5038421694232436,0.3177497929107865,0.53064381043811,-0.4490216365583738,NA,NA,NA,NA,NA,NA
05023,Cleburne,Arkansas,4,0.49407537891966213,0.24281177611621815,0.35743108977490723,0.532465348782632,0.27232881140353876,0.3706784530087911,0.00130317081593854,0.00157980633117544,2.3419057167372643,-0.3236149505096747,2.665520667246939,1.7423531435331856
05025,Cleveland,Arkansas,4,0.01657514233747437,0.08746134748092924,-0.15245711704526038,0.051395258915776676,0.11307441580309958,-0.13896927735494305,NA,NA,NA,NA,NA,NA
05027,Columbia,Arkansas,4,0.3445052143724765,-0.1896072356914777,0.8804993892725347,0.2850709960356291,-0.159647146897473,0.7380042568099616,0.00111704484109839,0.00131112043720445,1.0069463710068844,-1.469078135568692,2.4760245065755764,1.6184864501361949
05029,Conway,Arkansas,4,0.4419797499518147,0.019851338343003632,0.6683387202063504,0.5010447691680521,0.03077946652996999,0.7529793642816384,0.00110666881307234,0.00131297979252313,0.9325259383035407,-1.461151321719203,2.3936772600227436,1.5646590738732225
05031,Craighead,Arkansas,4,0.2617519726042407,-0.2536401778225158,0.8581592856846907,0.30881027098347313,-0.2240356028223914,0.8930492013726933,0.00100053022290541,0.00157864776202746,0.17126355669518328,-0.3285541688911927,0.499817725586376,0.3267125241495448
05033,Crawford,Arkansas,4,-0.09514068484485784,-0.3378345178173622,0.4202714950642008,-0.03632011101742407,-0.30793313329148636,0.47284015756193803,0.00110110091528707,0.0017208740630645,0.892591065210726,0.2777857821098836,0.6148052831008424,0.40187567511076483
05035,Crittenden,Arkansas,4,0.9538090384998291,-0.2085118787138764,1.917460929972148,0.9834426903421335,-0.25615258587192297,2.0670369288828665,0.00126662879785005,0.00130355774489557,2.079813826548516,-1.501319447130386,3.581133273678902,2.3408555384604246
05037,Cross,Arkansas,4,1.2204621794760004,-0.2406078782373792,2.4136577561722667,1.2729201742125393,-0.22839634520428845,2.496101164158679,0.00112712170174646,0.00156390877527561,1.0792210726401035,-0.39138949850153626,1.4706105711416397,0.961284218511891
05039,Dallas,Arkansas,4,0.556175490069977,0.4843805547682507,0.02988955605236643,0.5810344030941481,0.49443496743568505,0.05170885396941449,NA,NA,NA,NA,NA,NA
05041,Desha,Arkansas,4,0.8574088556768394,0.13927300638782752,1.1399404755661249,0.8839271930132173,0.15808481855128828,1.1576084529339208,0.00125342471896885,0.0011299340234307,1.9851096428935604,-2.2415130540654142,4.226622696958975,2.762788311141218
05043,Drew,Arkansas,4,0.5979286766484989,-0.0048923291936922905,0.9691602102235238,0.5536415519640973,0.011668238935493003,0.8743664342549256,0.00114611321472878,0.00136026756302331,1.2154347191613992,-1.2595538377168447,2.4749885568782437,1.617809287796443
05045,Faulkner,Arkansas,4,-0.02659780662683762,-0.6395908696389503,1.0700257925237113,0.030357464518950383,-0.6113661042576579,1.128716348503584,9.7786142715826e-4,0.00158099769638434,0.00867517662034016,-0.31853591578036194,0.3272110924007021,0.2138858957083716
05047,Franklin,Arkansas,4,0.00407843710278169,0.204298296014152,-0.38091200746709947,0.06013016531474872,0.22992598765185424,-0.3346077017274229,NA,NA,NA,NA,NA,NA
05049,Fulton,Arkansas,4,0.3793782173972334,0.6172962391080741,-0.49772258712472606,0.4227887250133646,0.6074328854801999,-0.413286241896484,NA,NA,NA,NA,NA,NA
05051,Garland,Arkansas,4,0.27251427426667435,0.25141059147028483,-0.022707435585708313,0.331557612903891,0.2527804387241369,0.07340411311970146,9.9164291726291e-4,0.00182599358134865,0.10752075166215676,0.7259318922239956,-0.6184111405618388,-0.4042326919441012
05053,Grant,Arkansas,4,0.027780262176626533,-0.5790295082150301,1.051817817690013,0.08652511173373635,-0.5624818282257776,1.133760474365208,9.5949406758633e-4,0.00160089328702233,-0.12306182751353444,-0.2337169240424363,0.11065509652890186,0.07233118004079442
05055,Greene,Arkansas,4,-0.07051386689889845,0.13141733090082214,-0.37407124141682413,-0.015551473237101177,0.1323570975014464,-0.2844079678469254,8.841930388783e-4,0.00157230991852314,-0.6631466389066175,-0.35557369827388513,-0.3075729406327324,-0.20104915582241265
05057,Hempstead,Arkansas,4,0.6421566705046907,-0.10561761867189963,1.221200327947334,0.6812362509111306,-0.08252765482685025,1.2548418086384523,0.00134445612845819,0.00142471029773469,2.6380181418667483,-0.9848212156746143,3.6228393575413627,2.368117276557271
05059,Hot Spring,Arkansas,4,0.32276232950799666,-0.22238852240288068,0.9030205135188831,0.3816960456438771,-0.2022835053268745,0.9745368681675106,0.00115402102642095,0.00141180186562277,1.2721522575479924,-1.0398525146479596,2.312004772195952,1.5112727626531477
05061,Howard,Arkansas,4,0.7102586213623666,-0.06557528132886528,1.262098693696171,0.7560835010349787,-0.037330021526682494,1.297421448600432,9.6644714696149e-4,0.00123264869483223,-0.07319195684423763,-1.8036193004447267,1.730427343600489,1.1311169179161251
05063,Independence,Arkansas,4,0.6662533076507772,-0.30647484230168776,1.6182458304413692,0.6634300251581468,-0.27647420541622403,1.5740823864540512,9.8014279305562e-4,0.0020196354949487,0.025037915503652072,1.5514671662759538,-1.5264292507723018,-0.997770843101755
05065,Izard,Arkansas,4,0.7573637981909854,0.6171205181077349,0.12501004254541126,0.8157315561593116,0.6260830176549037,0.20334342544510964,NA,NA,NA,NA,NA,NA
05067,Jackson,Arkansas,4,0.29179823159024365,0.7523016419724906,-0.8821407548278668,0.350520220647002,0.533815458250138,-0.40050224971246795,0.00124403940393699,0.00151824246020986,1.917794943668127,-0.5860743847530279,2.503869328421155,1.6366875893994948
05069,Jefferson,Arkansas,4,0.23961176249137772,-0.010896989034808579,0.3898116755891126,0.25408535921356007,-0.014379520042910321,0.42555428177318977,0.00126503032525288,0.0012364069329682,2.0683490326941465,-1.787597158895668,3.8559461915898146,2.5204906683955275
05071,Johnson,Arkansas,4,0.1597677329452186,-0.28023110982926697,0.7375349451687363,0.21791733885542816,-0.25324474099008837,0.7951742284394191,9.5224946456383e-4,0.00155877344208305,-0.17502260579447476,-0.41328247929093404,0.23825987349645927,0.15574174481758501
05073,Lafayette,Arkansas,4,0.3826700857798427,-0.0687219444779125,0.7282648975625315,0.4398116621095856,-0.0394832802751088,0.777990985522461,NA,NA,NA,NA,NA,NA
05075,Lawrence,Arkansas,4,0.217680775820891,0.11472615554997187,0.13018913316117758,0.27337579696930897,0.12825296208455522,0.20102867036957878,0.00109703155165088,0.0015958366087286,0.8634041931367307,-0.2552745828333372,1.1186787759700678,0.7312393056507225
05077,Lee,Arkansas,4,0.5051230463093934,1.3044798070486063,-1.5133018278048533,0.4877877906342809,0.9642303017431697,-0.9472365247793729,NA,NA,NA,NA,NA,NA
05079,Lincoln,Arkansas,4,-0.6298316145689978,0.27025083095598107,-1.5420998805876673,-0.5965764075440964,0.1810203689065612,-1.3332622955467794,NA,NA,NA,NA,NA,NA
05081,Little River,Arkansas,4,0.017002266242818198,-0.2132647930316029,0.3832996093008379,0.04218507059580715,-0.20069399885172837,0.40992580467752443,NA,NA,NA,NA,NA,NA
05083,Logan,Arkansas,4,1.1885852338375744,-0.25549280646462597,2.3876500735065633,1.1986643754697037,-0.22571963570519954,2.368425332723234,0.00106683759110737,0.00165101595845254,0.6468427494865886,-0.020033674759860155,0.6668764242464488,0.4359126711758201
05085,Lonoke,Arkansas,4,0.07712705506045113,-0.5662131833237712,1.1102731568405928,0.11829737600414673,-0.5368615681080005,1.1402672304059867,0.00110353985370982,0.00171053930540428,0.9100839683044903,0.23372658625359924,0.6763573820508911,0.44211002572544267
05087,Madison,Arkansas,4,-0.22323783601449756,-0.167620686786144,-0.09350834230773536,-0.2485274969281598,-0.15708278357654706,-0.14949581381023108,NA,NA,NA,NA,NA,NA
05089,Marion,Arkansas,4,0.05485207403370455,0.3765580557690675,-0.6037896416812125,0.04199830359896343,0.3958904285735586,-0.6630013423179959,NA,NA,NA,NA,NA,NA
05091,Miller,Arkansas,4,0.8223269786450785,-0.023787067074799762,1.3722892366094104,0.8630024836565585,-0.07821415473188154,1.5478359709209206,0.00106195493802759,0.00128179037127819,0.6118226865082239,-1.5941182343894815,2.2059409208977057,1.4419427113068919
05093,Mississippi,Arkansas,4,1.1896158507084245,-0.168696772157984,2.234919245624968,1.185336548715688,-0.15234454229336036,2.2144497592005115,0.00110403830965297,0.00132092603347097,0.9136590653338783,-1.4272748634845107,2.340933928818389,1.5301826918089125
05095,Monroe,Arkansas,4,0.9007324993481104,0.9997298031219692,-0.31964835640173783,0.9131899949614596,1.0190598123280288,-0.341947789002514,NA,NA,NA,NA,NA,NA
05097,Montgomery,Arkansas,4,0.13719038392779362,0.1506331306281914,-0.06623836863215807,0.18673752495107032,0.17071261922650577,-0.018662169576041887,NA,NA,NA,NA,NA,NA
05099,Nevada,Arkansas,4,1.322846723607261,0.33722200709957867,1.554174279250535,1.3621279808416826,0.20733387260049724,1.8602907533814317,NA,NA,NA,NA,NA,NA
05101,Newton,Arkansas,4,-0.9691390297767173,0.24820571298580818,-2.061606659351334,-1.0829588544208195,0.27132486672177614,-2.300389700997364,NA,NA,NA,NA,NA,NA
05103,Ouachita,Arkansas,4,1.1161187294970145,-0.06532105708860192,1.929966692796462,0.8549631027901515,-0.05683673897961421,1.4960989137693292,0.00111666231493367,0.00120663421364827,1.0042027621203888,-1.9145243801057161,2.918727142226105,1.9078649338051294
05105,Perry,Arkansas,4,-0.16883338276261764,-0.44666514014773134,0.4925554238719025,-0.11258917929895945,-0.41777914432464447,0.544141359263226,NA,NA,NA,NA,NA,NA
05107,Phillips,Arkansas,4,0.8196108575516634,0.147216295850046,1.0635666603212857,0.8762687999532318,0.14892637457065472,1.1614031701425618,0.00110510683590158,0.00106315588649303,0.9213229021678564,-2.5262019757591956,3.447524877927052,2.2535206281739852
05109,Pike,Arkansas,4,0.501380494137614,-0.029014333915456825,0.8530945701840028,0.555723750344148,-0.020717933906283716,0.9360397603210764,NA,NA,NA,NA,NA,NA
05111,Poinsett,Arkansas,4,0.4945866872481209,0.07878471947656167,0.6501107750216114,0.48492961660178907,0.02714690615411754,0.7328464056188614,0.00110197047475,0.00159494588367227,0.8988278439983389,-0.2590719268060945,1.1578997708044334,0.7568766321520161
05113,Polk,Arkansas,4,0.12742948663899265,0.1457780371728221,-0.07367320358682508,0.18558115728807997,0.17142744400333426,-0.02186069620261971,0.00122250564355052,0.00268584288595492,1.7633474265962885,4.391646189943778,-2.6282987633474892,-1.7180225494903818
05115,Pope,Arkansas,4,0.23383426290349105,-0.2927873909183426,0.8818387575256972,0.29272075901751166,-0.2628322062170983,0.9361812192603272,9.6523838329414e-4,0.00178309021963687,-0.08186162455662466,0.5430260439496514,-0.6248876685062761,-0.408466160835125
05117,Prairie,Arkansas,4,-0.07862881891573943,0.946583856993455,-1.8377821351078423,-0.021175652324109753,0.9240549667121408,-1.7171324957262202,NA,NA,NA,NA,NA,NA
05119,Pulaski,Arkansas,4,0.10770134407800021,0.15705407514317124,-0.12622145383320607,0.14967919166949387,0.15258974164933742,-0.04739501278766939,0.00112363194936097,0.00154170519664177,1.0541913713031685,-0.48604791739260295,1.5402392886957714,1.0067979586232847
05121,Randolph,Arkansas,4,0.48560930187135165,0.454661065312801,-0.03343307196793821,0.5396382201897442,0.47790050745334867,0.01294275893991903,0.00100190459752692,0.00163122260570673,0.18112104298690113,-0.10441680535197097,0.2855378483388721,0.18664562378530697
05123,St Francis,Arkansas,4,-0.07247091655583006,0.1873048146076021,-0.47672914820094736,-0.019901346448633356,0.13873347211987377,-0.3030695341053835,0.00128996032822881,0.00123929027366049,2.247155566765417,-1.775304884953824,4.022460451719241,2.6293349359131626
05125,Saline,Arkansas,4,-0.17397613570692952,-0.7071524891050083,0.9475473137993986,-0.1611082559852986,-0.6843691552874929,0.943172589137057,0.00105547200851804,0.0016337272158734,0.565324891969242,-0.09373913747576032,0.6590640294450023,0.4308059950925761
05127,Scott,Arkansas,4,0.16320911576616168,-0.23443944593317764,0.6617290414905681,0.21970027186316066,-0.20482343938503772,0.7110660621408014,NA,NA,NA,NA,NA,NA
05129,Searcy,Arkansas,4,-0.02670307886891793,0.1610536988919228,-0.3546582128997648,-5.4585659189162104e-5,0.1903115393607365,-0.36296502652731283,NA,NA,NA,NA,NA,NA
05131,Sebastian,Arkansas,4,0.38395131547620803,-0.061598607522795966,0.7177007931650752,0.4245816596481642,-0.03373935060387166,0.7424643022179098,9.4662329351544e-4,0.00171568739108411,-0.2153754347221743,0.25567393351706,-0.4710493682392343,-0.3079077035852226
05133,Sevier,Arkansas,4,1.4557394174678286,-0.4307654615402011,3.139412547098086,1.4644883534145752,-0.4041910693675361,3.1291358870572603,9.8450988578612e-4,0.00141648354765209,0.056360202783861724,-1.0198935419997062,1.0762537447835678,0.7035076180443987
05135,Sharp,Arkansas,4,0.767223254054806,0.15496986486663325,0.9635060357996237,0.7980999356047936,0.16851668796627442,0.9968432924536599,0.00102069715731392,0.00177118969886486,0.3159077289365559,0.4922916781595382,-0.17638394922298234,-0.1152957214602583
05137,Stone,Arkansas,4,0.907234680105432,1.0929939430246827,-0.47487737292458987,0.966309985626396,1.0099831826550143,-0.23773654465341099,NA,NA,NA,NA,NA,NA
05139,Union,Arkansas,4,0.27179904157366414,-0.12338909764565842,0.642960211876622,0.21552002003001705,-0.10211416896833685,0.5194851722876627,0.00113662424057813,0.00132570511022377,1.147376541173705,-1.406900677113957,2.5542772182876616,1.6696373790773573
05141,Van Buren,Arkansas,4,0.23634338094547547,0.559667404668445,-0.6307211972181094,0.29506509703465267,0.569596832024231,-0.5565905029606261,NA,NA,NA,NA,NA,NA
05143,Washington,Arkansas,4,0.27429610733392623,-0.24040059012963133,0.8552594800632984,0.324159905968785,-0.21308688464260217,0.8987615854097282,9.4183664452573e-4,0.00181129573033394,-0.24970692343046488,0.6632719327151037,-0.9129788561455685,-0.5967808089169844
05145,White,Arkansas,4,0.363139412908438,-0.17518009729040654,0.8855150528952277,0.3900104705289709,-0.15357692671036388,0.9007227685466281,9.4379574949224e-4,0.00175676176066523,-0.23565555050116072,0.4307824124525443,-0.6664379629537049,-0.43562606510252655
05147,Woodruff,Arkansas,4,-0.6072208641252183,0.20431260188225275,-1.3875496750222198,-0.5617557196601541,0.22847288630799337,-1.3609645423348835,NA,NA,NA,NA,NA,NA
05149,Yell,Arkansas,4,0.3945308561823073,-0.27029136882675187,1.1064290363535667,0.44145440207851205,-0.24233892904826848,1.1454296802940998,NA,NA,NA,NA,NA,NA
06001,Alameda,California,4,0.163716830069757,-0.8019946406728993,1.6723620071045873,0.201325934359749,-0.8213029122522766,1.7890520293886716,0.0010470264620004,0.0018708024068932,0.5047505349338678,0.9169611244194008,-0.412210589485533,-0.2694469509139443
06003,Alpine,California,4,-0.19438140712194021,0.3880101865281533,-1.0345722525170382,NA,0.40943028599113873,NA,NA,NA,NA,NA,NA,NA
06005,Amador,California,4,-0.3348453371458149,0.6032114934571797,-1.6487581072975364,-0.42252987291641886,0.6169693180205711,-1.8290922157936957,0.00111019540881269,0.00175092860775935,0.9578198928213694,0.4059144828126391,0.5519054100087303,0.360760333948142
06007,Butte,California,4,-0.3732014861266519,0.14752266960752788,-0.9011545369491691,-0.4380784912425459,0.1711555488991758,-1.0532761258053283,9.2543338969385e-4,0.0018086531209536,-0.3673566945439353,0.6520059458300687,-1.019362640374004,-0.6663199886911244
06009,Calaveras,California,4,-0.42685828600305215,0.05544362485414265,-0.8256824521651587,-0.7508700189250348,0.08446528396442696,-1.4149563094258992,0.00119462638606415,0.00234227621052416,1.563387827376368,2.9269508443758903,-1.3635630169995223,-0.8913111566786506
06011,Colusa,California,4,0.6606423410898387,-0.14593968909372232,1.3233814689849002,0.7173462970138204,-0.15857291374548815,1.4513135091022464,9.3474087864981e-4,0.0016783544245509,-0.30060019063462284,0.09651582469036601,-0.39711601532498886,-0.25958018114468845
06013,Contra Costa,California,4,0.25156087969839563,-0.6256324256581559,1.503228243506629,0.29141428216862786,-0.6247911307629395,1.5847969955574275,9.7648427869296e-4,0.0017364324826763,-0.001202204630661009,0.3441145224081784,-0.3453167270388394,-0.22572088532787116
06015,Del Norte,California,4,-0.011324399323627388,0.4345575487829221,-0.8159538635776279,-0.4632685886847863,0.4171341752105776,-1.5372083392205842,0.00112091164707541,0.00183773170390223,1.0346804300579242,0.7759739210336231,0.25870650902430115,0.16910696089876734
06017,El Dorado,California,4,-0.5052301010081471,-0.08969604016509913,-0.6965022927798953,-0.553956010219507,-0.08246913139413506,-0.7890066336429598,0.0010810496684892,0.00215447036625972,0.7487766442017743,2.1262959333031475,-1.3775192891013732,-0.9004338601217193
06019,Fresno,California,4,0.5357361146107245,-0.7170408527155532,2.1338072461363624,0.5806930983200819,-0.6980764040166415,2.19519826882598,8.9983174601283e-4,0.0016112289417311,-0.550980466171668,-0.1896539038838269,-0.36132656228784105,-0.23618592771764085
06021,Glenn,California,4,0.3873933313046109,-0.4947945689632226,1.4941130119918204,0.44244644054887766,-0.5045765676766389,1.6185564963507986,7.616218488538e-4,0.00158662515157263,-1.5422692642200815,-0.29454491778456976,-1.2477243464355117,-0.8155916643183195
06023,Humboldt,California,4,-0.5675225852006232,0.6565675645891771,-2.1268336492734474,-0.8305464036849374,0.6354755272934638,-2.5374673230698974,9.4941682844369e-4,0.00190463649852162,-0.19533924383965862,1.0612028104546674,-1.256542054294326,-0.8213554766928941
06025,Imperial,California,4,1.4455766793881812,-0.8403720524954947,3.851451815817776,1.3621487183170318,-0.8179197633147546,3.703661197361583,7.7389518190938e-4,0.00162823171515898,-1.4542407089371376,-0.11716758643078226,-1.3370731225063555,-0.8739956837546675
06027,Inyo,California,4,0.014486942027671756,0.5569619123795838,-0.9912333642102973,-0.02705422157256976,0.5848145470000823,-1.1169280043570344,0.00114873074372517,0.00192510183827565,1.234208535118318,1.148450759766429,0.085757775351889,0.056056713910644936
06029,Kern,California,4,0.4819263374764246,-0.7698742064083285,2.1392013051085152,0.5345079705278563,-0.7526460308594078,2.2168930450761115,8.7444483572141e-4,0.00164085065921434,-0.7330640962606759,-0.06337043453677607,-0.6696936617238999,-0.43775419603632465
06031,Kings,California,4,0.6205979332464359,-1.0015830841234907,2.7798061142427244,0.6723810673402649,-0.9851656086329037,2.8630715599609182,9.3203529509043e-4,0.00153823839925553,-0.32000556412615627,-0.5008275871300301,0.1808220230038738,0.11819672759327317
06033,Lake,California,4,-0.03713407844214511,0.7836358934423735,-1.4795359214697987,-0.08385521476980458,0.7765765184067656,-1.5556856062168072,0.00109068544550482,0.00196369944180462,0.8178877427006451,1.3130002760082924,-0.49511253330764726,-0.32363691244692344
06035,Lassen,California,4,-0.5213446671850829,0.055379485808917814,-0.9811568423283676,-0.6350080659450693,0.08538168265802396,-1.224899297266438,8.240221834206e-4,0.00178707643031834,-1.0947126570447858,0.5600200793120209,-1.6547327363568067,-1.0816381280871379
06037,Los Angeles,California,4,0.4533926381886586,-0.5326319203603342,1.670112918955196,0.5124315335179981,-0.5201084163324585,1.762278702085776,8.9536783285641e-4,0.0018013682831124,-0.5829971827627267,0.6209491849674379,-1.2039463677301647,-0.7869756045173006
06039,Madera,California,4,0.760543734442309,-0.7973812757971522,2.646934744388378,0.8102144876846834,-0.7681110771497698,2.700880831506218,8.5454549887274e-4,0.00152141458019467,-0.8757889669982692,-0.5725509853386087,-0.30323798165966054,-0.1982155520591298
06041,Marin,California,4,-0.47510702986276243,0.46641675590171694,-1.6363378921872003,-0.45973994006336816,0.4962935420155148,-1.6736929981913267,0.00114802651980403,0.00247091983554325,1.2291575995580342,3.4753850560647797,-2.2462274565067455,-1.4682765427504045
06043,Mariposa,California,4,0.3927496236115826,0.36023924136085284,-0.018347163091196106,0.325523836553437,0.3853672752204905,-0.17496143620512827,NA,NA,NA,NA,NA,NA
06045,Mendocino,California,4,-0.08203578874043112,0.9842344512548605,-1.9103804302457594,-0.04946471727445184,0.9783271466765046,-1.8615171267036874,0.00102407111068047,0.00200806736881532,0.34010687998252215,1.5021498671425022,-1.16204298715998,-0.7595849007954131
06047,Merced,California,4,0.5613016061885043,-0.9831133773925143,2.649302853139927,0.6128582391978222,-0.9761639222088541,2.7484009541265184,7.9961625492219e-4,0.00158155260535204,-1.2697603491692258,-0.3161702248087768,-0.953590124360449,-0.6233269061603982
06049,Modoc,California,4,-0.6694543991887617,0.10532273462233696,-1.3139049302610397,-0.686320208475886,0.12909710458102364,-1.3883974713861562,NA,NA,NA,NA,NA,NA
06051,Mono,California,4,-0.8214272989154981,-0.16188443520323598,-1.0887388599846441,-1.179014603278137,-0.2065258974592746,-1.6001799923012214,9.6866500132991e-4,0.0018935066514548,-0.05728474443536262,1.0137539850550135,-1.071038729490376,-0.7000987537270779
06053,Monterey,California,4,0.7297144624711319,-0.7425003788991316,2.4985245507170983,0.7785863527129435,-0.7432021398277452,2.6037644993830247,8.2489707499302e-4,0.0016609831822529,-1.088437634538626,0.022458648718011502,-1.1108962832566374,-0.7261521754662216
06055,Napa,California,4,0.02425294874993424,-0.11452734979935102,0.21956500551191413,0.0829839308697769,-0.09168001243439783,0.2814316895935,8.1397688408593e-4,0.00176691401604135,-1.1667609901105698,0.47406356356469964,-1.6408245536752695,-1.0725468589351943
06057,Nevada,California,4,-0.6834016681753249,0.710820967299002,-2.414176930262905,-0.7538181559132745,0.7359571415296373,-2.5911722216356137,0.00111005766141674,0.0023165166300116,0.9568319212406613,2.8171324586630653,-1.860300537422404,-1.2160102636315917
06059,Orange,California,4,0.2085350547768389,-0.5720611607979234,1.3370643759006189,0.26691092555788176,-0.5675091348514658,1.4412647356811992,8.8894940166961e-4,0.00203239339455567,-0.6290323732035277,1.6058567142439648,-2.2348890874474927,-1.4608650665552743
06061,Placer,California,4,-0.47128177265944277,-0.18283777978610175,-0.47488214729843164,-0.4459598000424185,-0.16785269050977442,-0.4568028020952686,9.6199637208214e-4,0.00194861891539039,-0.10511444120480669,1.2487088926255998,-1.3538233338304064,-0.8849446828428826
06063,Plumas,California,4,-0.2795053363099913,0.610969754468615,-1.5714345617373229,-0.25546295024340265,0.6174377059972361,-1.5535062123994612,9.7479768452334e-4,0.00173511081310977,-0.013299036634481037,0.3384799734227509,-0.3517790100572319,-0.22994504283295125
06065,Riverside,California,4,0.5949160876175849,-0.788439923948616,2.358291088916479,0.6439721281034044,-0.7779196078361681,2.4434520860160838,8.2776410261421e-4,0.00164955820547169,-1.0678743288492305,-0.026248375307757386,-1.0416259535414731,-0.6808727003468432
06067,Sacramento,California,4,0.11514512021539063,-0.2864710797455011,0.6751581203086783,0.1438497131629589,-0.2566028546098159,0.678659947726615,9.6355670365262e-4,0.0017225367348161,-0.09392320787888662,0.28487409349142956,-0.3787973013703162,-0.24760590938735288
06069,San Benito,California,4,1.046785618549215,-1.0297135897994614,3.5316493052511997,1.0409472727932965,-1.0242204447311472,3.5431173771721847,9.2730640836672e-4,0.00143269439990713,-0.3539227620462131,-0.9507833472583919,0.5968605852121788,0.3901458839445387
06071,San Bernardino,California,4,0.5521010746620166,-0.9726681135870789,2.615568290319952,0.5953128566600123,-0.9556885238290669,2.682557077703337,8.2993078571916e-4,0.00156991614220078,-1.0523341342972712,-0.36577885869375204,-0.6865552756035191,-0.44877601489115315
06073,San Diego,California,4,-0.04991355017914121,-0.47299604049893346,0.7352259857791231,-0.01069114732225194,-0.4539535575575231,0.7777804852214416,9.1987044187493e-4,0.00195989221623164,-0.4072560647799037,1.2967692909475939,-1.7040253557274976,-1.113858906327141
06075,San Francisco,California,4,0.1607104300052609,-0.10252724043647218,0.42291568563317705,0.1617721628270321,-0.08625232162706266,0.4020357042340742,0.00105288564146354,0.00246578939990473,0.5467745801502751,3.453512954554777,-2.906738374404502,-1.9000283157823448
06077,San Joaquin,California,4,0.5564874843259363,-0.8762567656962605,2.4512557556406747,0.5785347656961749,-0.8663363908444823,2.49414708570401,9.0449747397472e-4,0.00167952213603271,-0.5175162645592389,0.1014940187198911,-0.61901028327913,-0.40462432957412403
06079,San Luis Obispo,California,4,-0.1984398625065179,0.10014362753633228,-0.5290816534424753,-0.1732955512304262,0.12523383331869153,-0.5326034232562931,9.5461657662335e-4,0.00198303669060409,-0.15804486601924309,1.3954389417408195,-1.5534838077600626,-1.0154554151982114
06081,San Mateo,California,4,-0.035217790744639745,-0.7721117226180676,1.291613204123992,-0.04716248009540617,-0.8042340937877851,1.3472157127905402,0.00103557113916725,0.00217140976522427,0.4225890296006897,2.198512072394594,-1.7759230427939041,-1.1608557886294282
06083,Santa Barbara,California,4,0.5586510310012982,-0.32220027284839753,1.4690384479400707,0.612931185862855,-0.30313266953098755,1.538457348735185,7.302780762539e-4,0.00169889713894967,-1.7670775544042967,0.18409363801432602,-1.9511711924186228,-1.2754090795301418
06085,Santa Clara,California,4,0.18081412411165007,-1.0062962091572483,2.064010050440399,0.23330604683621933,-1.0661861591195028,2.282249551725098,0.00100074968406974,0.00224511358788689,0.17283760745622817,2.512726615668181,-2.339889008211953,-1.5294996655147517
06087,Santa Cruz,California,4,-0.1667929286184464,-0.14336856537934323,-0.043711328560044865,-0.13679531764992345,-0.11410421005690626,-0.041896827896180516,8.019024894603e-4,0.00187454945126937,-1.2533626907241713,0.9329355446699428,-2.186298235394114,-1.4291030078841616
06089,Shasta,California,4,-0.283564270751055,0.1835207411632261,-0.8175989793841205,-0.25896224947276375,0.20391681157140215,-0.8158137633878089,8.893519271864e-4,0.00193102245703739,-0.6261453221028137,1.1736915743254361,-1.7998368964282498,-1.1764873980803612
06091,Sierra,California,4,-1.049190122220406,0.4621616424693439,-2.5740963306221016,-1.3137057883336503,0.4701646949704738,-3.0396829303326793,NA,NA,NA,NA,NA,NA
06093,Siskiyou,California,4,-0.23354834153005233,0.8251107849892682,-1.8767590053556167,-0.17756241434612033,0.8344758005444923,-1.8148320529809014,9.9569264010849e-4,0.00197496702240473,0.13656675324773757,1.3610362877667102,-1.2244695345189727,-0.8003908462781789
06095,Solano,California,4,0.192850983909474,-0.5672896768998024,1.3027483374134121,0.16781263472195018,-0.5407091746584115,1.229112675435911,9.126133735765e-4,0.00150393955486267,-0.45930624829627253,-0.6470506097139063,0.18774436141763373,0.12272160644490572
06097,Sonoma,California,4,-0.3640187118951596,0.166095333302038,-0.9190780504233864,-0.35311274372409684,0.1950134776596503,-0.9555871345943175,9.0519668134004e-4,0.00201580355054886,-0.512501309458324,1.5351307997762524,-2.047632109234576,-1.3384620446440678
06099,Stanislaus,California,4,0.31923057808020316,-0.727471083885222,1.7958501770035287,0.3450303039613402,-0.7042299170322807,1.8163353306559218,8.8236420871331e-4,0.001716607393499,-0.6762636362660873,0.25959609288630386,-0.9358597291523911,-0.6117371968002556
06101,Sutter,California,4,0.5627197069891435,-0.48835982186081484,1.771370107690441,0.575773976630689,-0.46522787717710284,1.7684133387541978,8.729111255579e-4,0.00156599962908093,-0.7440643917228097,-0.382475759027021,-0.36158863269578867,-0.23635723353594695
06103,Tehama,California,4,0.056055378717936165,-0.10314279665187787,0.2516778691008964,0.010338472454545888,-0.07329589451890442,0.12817947023540122,8.4818818832887e-4,0.00167170220433716,-0.9213857792193367,0.06815604278619443,-0.9895418220055312,-0.6468272129398468
06105,Trinity,California,4,-1.2530063391513397,2.8600981974758133,-7.176135931044427,-1.6254961335692943,2.367941851761168,-6.967643678307326,NA,NA,NA,NA,NA,NA
06107,Tulare,California,4,1.1158567608230923,-1.01248459651211,3.614733226914898,1.1743217671793582,-0.997067035487173,3.7149782007405716,8.2436230477377e-4,0.0015469403115602701,-1.0922731900145304,-0.46372954659885124,-0.6285436434156791,-0.4108559376072016
06109,Tuolumne,California,4,-0.7264234898796745,0.9365047628325639,-2.886557645863098,-0.8733560942675366,0.9278314649419673,-3.133936074827775,0.00101700460303023,0.00201699422277783,0.28942346281055104,1.540206880189705,-1.250783417379154,-0.8175912668501774
06111,Ventura,California,4,0.31671065504916235,-0.5200787722693936,1.422707283434156,0.3757510127002901,-0.5039019289784776,1.506989605311771,8.5142221215997e-4,0.00177658211323635,-0.8981902508071978,0.5152806488488295,-1.4134708996560272,-0.9239341099733477
06113,Yolo,California,4,-0.2913558848619619,-0.7049473019811362,0.7503373558110634,-0.29303385433090207,-0.7043879747905315,0.7608815961514119,8.6676231845617e-4,0.00186713447696931,-0.7881657457256419,0.9013239853381584,-1.6894897310638002,-1.1043575013531663
06115,Yuba,California,4,0.10625696438383159,-0.3794914786692165,0.8260245425476763,0.10254043572359794,-0.350342212251305,0.7788467879452099,6.1561075080934e-4,0.00126624911444352,-2.589510951374216,-1.6603738062416578,-0.9291371451325583,-0.6073428900730377
08001,Adams,Colorado,4,0.06476319119876162,-0.5279028313336674,1.0217519103608526,-0.030766905307627306,-0.5005656894050798,0.8283686667340981,9.865978868418e-4,0.00181148345289737,0.07133606268503231,0.6640722325828642,-0.5927361698978318,-0.38744990485254255
08003,Alamosa,Colorado,4,-0.15428177725292763,0.20998251993649514,-0.6517934548040474,-0.12974275067137778,0.21898194448800753,-0.6290938790729484,0.00101523359963598,0.00207642190958276,0.2767212188894382,1.7935593223376904,-1.5168381034482523,-0.9915014617026576
08005,Arapahoe,Colorado,4,-0.326999377079016,-0.1863133784077935,-0.23111191051354862,-0.3298863486993208,-0.15724398495738906,-0.2838219526287579,0.00106041012310843,0.00213689426684592,0.6007427439288637,2.051365409344866,-1.4506226654160024,-0.9482188572856087
08007,Archuleta,Colorado,4,0.05417997239035214,0.5314883676280538,-0.8805491295660567,0.06570788550514968,0.5231554300300792,-0.8525853764620832,NA,NA,NA,NA,NA,NA
08009,Baca,Colorado,4,-0.7142002375366783,0.9218640885823012,-2.8403811452222727,-0.8348408251372349,0.9295611217631613,-3.0733186993432913,NA,NA,NA,NA,NA,NA
08011,Bent,Colorado,4,-0.6088311050575075,0.6874524197301819,-2.24980590195519,-1.091076287025127,0.679419291117126,-3.0475467159495997,NA,NA,NA,NA,NA,NA
08013,Boulder,Colorado,4,-0.6673683461290891,0.10002107035322087,-1.301037129145787,-0.6565980261127766,0.13003555128292435,-1.3409065534606524,0.00104201890244427,0.00251083886504294,0.46883459985549775,3.645568082793072,-3.176733482937574,-2.0765142203456204
08014,Broomfield,Colorado,3,-0.6872392567154865,-0.6640365788787504,0.025656942496713464,-0.7702366135967633,-0.6488652630636381,-0.12852186214407113,0.0010360495809048,0.00207376136517867,0.4260205778812468,1.7822168747604885,-1.3561962968792418,-0.8864958017962753
08015,Chaffee,Colorado,4,-0.6023275869665886,0.5801468085193482,-2.0481780532406813,-0.5822608730114963,0.6096778602137674,-2.0802728223633826,0.00140677172283407,0.00226836974205022,3.084966963320977,2.611872380361833,0.47309458295914375,0.3092445854710824
08017,Cheyenne,Colorado,4,0.11733783778482915,0.12017429615224588,-0.04473658612751144,0.1759220547785175,0.07991301192389444,0.12669410796853284,NA,NA,NA,NA,NA,NA
08019,Clear Creek,Colorado,4,-1.1553439282495888,1.0582976762759835,-3.8095454023097055,-2.2010765449658334,1.0809586242107432,-5.606088188495794,NA,NA,NA,NA,NA,NA
08021,Conejos,Colorado,4,1.513516183676531,0.7371196644581561,1.1566453750496102,1.5055473108178958,0.7668404954457749,1.0916369337089384,NA,NA,NA,NA,NA,NA
08023,Costilla,Colorado,4,1.094541500678495,0.4452734086765486,0.9859838542173367,1.1032828138508208,0.47289448715796834,0.9545468971579834,NA,NA,NA,NA,NA,NA
08025,Crowley,Colorado,4,-0.3085293934657625,1.1908805801272107,-2.6510079177434855,-0.30512734431880667,1.0917739675382385,-2.4885049381251605,NA,NA,NA,NA,NA,NA
08027,Custer,Colorado,4,-0.4690293705894442,0.14765036007013482,-1.0591792530651978,-0.44453987296246017,0.09508680468862982,-0.9272006817196763,NA,NA,NA,NA,NA,NA
08029,Delta,Colorado,4,-0.30600176908243304,0.8188062410890984,-1.9848492895597618,-0.3640335965050636,0.7946933353941457,-2.0518402213452753,9.6617220985605e-4,0.00168325203677092,-0.07516390008703536,0.11739535211852978,-0.19255925220556513,-0.12586892404150615
08031,Denver,Colorado,4,-0.3285126602336374,0.3432816139246556,-1.1758617485836667,-0.28395485554752586,0.3618332871936916,-1.14108946598765,0.00104642744284553,0.0021586032993508,0.5004541640498364,2.143915476451384,-1.6434613124015476,-1.0742704114523145
08033,Dolores,Colorado,4,-1.2425132293675112,-0.0504211717319085,-1.9804471533189596,-1.5313946610448337,-0.0572827242229416,-2.451555403920761,NA,NA,NA,NA,NA,NA
08035,Douglas,Colorado,4,-0.6153713457384153,-0.7972052982070392,0.3809345691235446,-0.5993654447802846,-0.8390650307755335,0.49616697224536277,0.00102312729531344,0.00204583836039638,0.3333375123757549,1.6631753667690288,-1.3298378543932738,-0.8692662542304337
08037,Eagle,Colorado,4,-0.6273060289516054,-0.2651365053183842,-0.5853773416863464,-0.6535048177652606,-0.24917028110111214,-0.65400231469599035,0.00101520679467447,0.00239073363762027,0.2765289645095194,3.133534814829017,-2.857005850319498,-1.867519987957281
08039,Elbert,Colorado,4,-0.5324489304775358,-1.0059938757031088,0.8889586028605754,-0.6508227864581656,-1.11360730488272,0.9046341898043735,NA,NA,NA,NA,NA,NA
08041,El Paso,Colorado,4,-0.09615665558943935,-0.18987158192556056,0.1553421547348796,-0.05008705638424361,-0.1636386517209341,0.19062979611042458,0.00104900216818981,0.00207425955079607,0.518920977529188,1.7843407424322275,-1.2654197649030396,-0.8271585106654074
08043,Fremont,Colorado,4,-0.5070654977845308,0.5617274379364996,-1.858540373942505,-0.6065009076007193,0.5542317016542637,-2.0206918553562367,0.00110826890683972,0.00224871554543938,0.944002359746831,2.5280825009718133,-1.5840801412249823,-1.0354551167380432
08045,Garfield,Colorado,4,0.5752340459796986,-0.27100669195740174,1.4052614449279042,0.5957881233457468,-0.2539528465539388,1.4216705508446865,9.2625410700477e-4,0.00187195243774809,-0.36147022842679993,0.9218639423027267,-1.2833341707295267,-0.8388685010210805
08047,Gilpin,Colorado,4,-0.8641535197625329,0.5120215591225583,-2.3581119022824675,-2.8419266932515588,0.487025262997382,-5.5985840988975735,NA,NA,NA,NA,NA,NA
08049,Grand,Colorado,4,-1.0212184757396532,0.26814948778890046,-2.182848720690778,-1.1197215304963664,0.28953522836000994,-2.393958037983568,0.00138969580677277,0.00206673558937435,2.9624926351004395,1.7522645486022872,1.2102280864981523,0.791081733791283
08051,Gunnison,Colorado,4,-0.0234360827721453,-0.0018579985150601885,-0.059425253766239756,-0.04546580105455648,-0.06807611308456689,0.026461174460477105,8.4353997726517e-4,0.00215060017808067,-0.9547243436284306,2.109796525712993,-3.0645208693414236,-2.003164948495756
08053,Hinsdale,Colorado,4,-0.7552746427674206,0.5070176066297483,-2.169920554230218,-0.8714902445392173,0.4997037258437748,-2.3611043651792367,NA,NA,NA,NA,NA,NA
08055,Huerfano,Colorado,4,-0.36574402702290715,1.2038379354214537,-2.7682757008952987,-0.41954227021129403,1.2295981113393846,-2.925613741741208,NA,NA,NA,NA,NA,NA
08057,Jackson,Colorado,4,-0.5665361252981465,0.49776579866700466,-1.842668405383992,-0.8314971877853781,0.5137964991739926,-2.3202698898655574,NA,NA,NA,NA,NA,NA
08059,Jefferson,Colorado,4,-0.672264975069583,0.008726403894713918,-1.1466683847195083,-0.7099662681978343,0.03698376092836494,-1.2619086177025627,9.3585833074786e-4,0.00184975774981138,-0.2925854408234854,0.827243426280699,-1.1198288671041845,-0.731991078063335
08061,Kiowa,Colorado,4,1.5140662118590882,-0.08446626226844418,2.6193207145767814,0.7874863789373802,-0.0759588800966918,1.4188325543813127,NA,NA,NA,NA,NA,NA
08063,Kit Carson,Colorado,4,-0.11535087785073883,-0.08768192781520287,-0.058080843326447223,-0.0710207040609252,-0.06305281461994276,-0.02485339424284523,NA,NA,NA,NA,NA,NA
08065,Lake,Colorado,4,0.35905453941307997,0.8234213883311489,-0.8979279647833629,0.31980591276975323,0.8164227817660171,-0.959430695448701,NA,NA,NA,NA,NA,NA
08067,La Plata,Colorado,4,-0.6326722865907809,0.4878821601976229,-1.9339882532578785,-0.6951611726695216,0.517631301684729,-2.101583683270613,7.7436274815529e-4,0.00167568235623131,-1.4508871634136729,0.0851242482930456,-1.5360114117067185,-1.0040343504273859
08069,Larimer,Colorado,4,-0.7252773989435887,-0.18395331602770837,-0.8911460173679662,-0.7267527913491253,-0.17571758379279906,-0.9072610037491933,9.6720330273477e-4,0.00213945572134014,-0.06776854822416167,2.062285416271803,-2.1300539644959646,-1.3923381898847054
08071,Las Animas,Colorado,4,0.07352027233601421,0.7470245027729002,-1.2321848368144426,-0.02935826872695298,0.7375129097312343,-1.3952815144448116,NA,NA,NA,NA,NA,NA
08073,Lincoln,Colorado,4,-0.3857859225104405,0.7387036398923991,-1.9737090505737225,-0.327974684081519,0.7620570379695483,-1.9334994794083427,NA,NA,NA,NA,NA,NA
08075,Logan,Colorado,4,0.3875849930547166,0.310184962857211,0.06220517333080389,0.4085816864240397,0.3202177402936063,0.07960010751906599,0.00104842365549351,0.00214253709955817,0.5147716860011651,2.0754219648856176,-1.5606502788844525,-1.0201398746530004
08077,Mesa,Colorado,4,-0.3600053793577575,0.44893018988010347,-1.4156905231657437,-0.3390599394243788,0.4664587104315788,-1.42037545205791,9.6181849672581e-4,0.00185497988998714,-0.10639022428404475,0.8495064830796417,-0.9558967073636865,-0.6248346349114425
08079,Mineral,Colorado,4,-0.38645629204462856,0.4477175600815174,-1.4570891036326885,-0.34500308100854177,0.19708099058858916,-0.9458861726387671,NA,NA,NA,NA,NA,NA
08081,Moffat,Colorado,4,0.5124848507520978,0.10690361248461636,0.6295539915688511,0.4791541548863048,0.11622789728862368,0.5631288060301904,NA,NA,NA,NA,NA,NA
08083,Montezuma,Colorado,4,-0.5007593168084187,-0.041368379114964084,-0.7751251636624261,-0.5086106811819741,-0.011579125099764498,-0.8414338663763615,NA,NA,NA,NA,NA,NA
08085,Montrose,Colorado,4,-0.41797698014286705,0.18119824422365355,-1.034801036096494,-0.44079404986984355,0.20962222818908768,-1.1269297427169802,8.9650127178417e-4,0.00177362719565365,-0.5748677699243129,0.5026832279130213,-1.077550997837334,-0.7043555848090043
08087,Morgan,Colorado,4,0.37204622087414824,-0.2422071272804575,1.0194364977729573,0.39309262745208606,-0.2145994177582347,1.015536768852692,9.8042382866443e-4,0.00180992611361478,0.02705359930483213,0.6574329751641415,-0.6303793758593094,-0.4120558886085752
08089,Otero,Colorado,4,0.19320591536119092,0.32858532574312904,-0.29061230646872893,0.21025439956678837,0.3537513008631576,-0.30884233039480313,0.00110886235815522,0.00170965668251818,0.9482587961767447,0.2299637834976518,0.7182950126790929,0.469523117454666
08091,Ouray,Colorado,4,-0.1415826169659752,0.5064081561773511,-1.1582839591694607,-0.23830008628087276,0.5135601789705673,-1.338343908739117,NA,NA,NA,NA,NA,NA
08093,Park,Colorado,4,-0.5692885626857656,-0.43158347210071935,-0.1936980998814074,-0.778692595933966,-0.4731202188417128,-0.4584906967431672,NA,NA,NA,NA,NA,NA
08095,Phillips,Colorado,4,-0.11092159857192951,0.3376304672653757,-0.8075051061334443,-0.06307858027290614,0.3631119986208613,-0.7779276708610711,NA,NA,NA,NA,NA,NA
08097,Pitkin,Colorado,4,-1.0176392381003336,0.8204197309496342,-3.159556739291954,-1.0745936276561072,0.8398214457344537,-3.308666723609501,9.8880221387814e-4,0.00208126810401841,0.08714625242741293,1.8142196451839443,-1.7270733927565314,-1.1289245632035825
08099,Prowers,Colorado,4,-0.0729812206050831,0.12252533989508199,-0.3623135018235134,-0.02363295674437013,0.14358307019720937,-0.3179630853739085,0.00119146380424549,0.00169027340526955,1.5407047055870366,0.1473288890268063,1.3933758165602304,0.9107986908292554
08101,Pueblo,Colorado,4,0.016639004072370955,0.40027276603299117,-0.7089075335061036,0.017238361878199493,0.4005568891783292,-0.7123590017300634,9.1202912674039e-4,0.00181113798167309,-0.46349666704222303,0.6625994177541381,-1.126096084796361,-0.7360877285156644
08103,Rio Blanco,Colorado,4,-0.5251908415942083,0.08195787258503248,-1.0347786406906705,-0.5534016901474893,0.11156394565831099,-1.1369477009560456,NA,NA,NA,NA,NA,NA
08105,Rio Grande,Colorado,4,-0.22734666809512585,0.2374556536473574,-0.820988027256701,-0.17832694248341738,0.2504264245355725,-0.7660160821361266,NA,NA,NA,NA,NA,NA
08107,Routt,Colorado,4,-0.8469867661173113,-0.21014340835417294,-1.044964438370942,-0.8838644959018461,-0.19417199574821714,-1.1340375059849501,7.4997439063337e-4,0.0015740248109808,-1.6258088304666576,-0.34826275929025186,-1.2775460711764057,-0.8350850325320218
08109,Saguache,Colorado,4,1.131967648561955,0.8720029573730524,0.28837335412198106,1.1298204304519517,0.8885671944418032,0.25110472533448025,NA,NA,NA,NA,NA,NA
08111,San Juan,Colorado,4,-0.06186571818814227,0.23279776384223222,-0.5402070903672649,-0.014101085254059472,0.262753527655235,-0.5164520533246525,NA,NA,NA,NA,NA,NA
08113,San Miguel,Colorado,4,-1.1772794728009413,0.4160695964919883,-2.7030108692051398,-1.3995699436229205,0.4427677466193435,-3.132495506833475,8.1821572160485e-4,0.00243673507218072,-1.1363585932082851,3.329648384358597,-4.466006977566883,-2.919265039667362
08115,Sedgwick,Colorado,4,0.2751065800026871,0.6217841632159067,-0.6774091816635961,0.2899421852702076,0.6516063382580295,-0.7125143488222623,NA,NA,NA,NA,NA,NA
08117,Summit,Colorado,4,-0.8464924639042204,-0.05411697762102743,-1.3217534563541127,-0.8827825371725911,-0.025091670481006682,-1.4362421985531253,8.4454619860811e-4,0.00193832383157776,-0.94750737895284,1.204818834535174,-2.152326213488014,-1.4068967425613694
08119,Teller,Colorado,4,-0.8136986452109962,0.3664355551112187,-2.0160017277964766,-0.8513053982353385,0.39616002648375453,-2.1415421033403303,0.0012902115404799,0.00228323339208568,2.2489573472135396,2.6752391751704163,-0.42628182795687675,-0.27864480365814126
08121,Washington,Colorado,4,-0.34991031872326883,0.06934118872062597,-0.7237006524004486,-0.47309243426777686,0.06754570462183347,-0.9249265933398051,NA,NA,NA,NA,NA,NA
08123,Weld,Colorado,4,-0.15195802272046252,-0.534068922925919,0.6758529127468932,-0.23176694390372563,-0.5234970151692687,0.5370239221937189,9.0179820640964e-4,0.00177775774222907,-0.5368763375728264,0.5202925968545331,-1.0571689344273594,-0.6910325771540904
08125,Yuma,Colorado,4,-0.14495358656892937,-0.3067674311796719,0.28297104917407667,-0.08587886607217887,-0.3531546775612312,0.4721457311618529,NA,NA,NA,NA,NA,NA
09001,NA,NA,NA,NA,NA,NA,NA,NA,NA,9.5498887892441e-4,0.00195283746868882,-0.15537458619041347,1.266693452314031,-1.4220680385044444,-0.9295537444717746
09003,NA,NA,NA,NA,NA,NA,NA,NA,NA,0.00106471332201176,0.00178025057203298,0.6316067627605755,0.5309200426232534,0.10068672013732205,0.06581521782928025
09005,NA,NA,NA,NA,NA,NA,NA,NA,NA,9.6359194941961e-4,0.00207845585568049,-0.09367041314628073,1.8022304525593449,-1.8959008657056255,-1.239280893140216
09007,NA,NA,NA,NA,NA,NA,NA,NA,NA,9.2440191277187e-4,0.00188030975754201,-0.37475480089682395,0.9574929141412479,-1.3322477150380718,-0.8708414917896596
09009,NA,NA,NA,NA,NA,NA,NA,NA,NA,9.7339399739845e-4,0.00179747540765907,-0.02336676225667165,0.6043530568644452,-0.6277198191211169,-0.4103174338668303
09011,NA,NA,NA,NA,NA,NA,NA,NA,NA,9.6565808329637e-4,0.00186223107970736,-0.07885139215428975,0.880419795087332,-0.9592711872416217,-0.6270404087009148
09013,NA,NA,NA,NA,NA,NA,NA,NA,NA,8.1828330899352e-4,0.00180121916728953,-1.1358738332695615,0.6203134735689606,-1.756187306838522,-1.1479552615375423
09015,NA,NA,NA,NA,NA,NA,NA,NA,NA,9.4657366744431e-4,0.00170479779732355,-0.2157313699295182,0.20924935733772135,-0.42498072726723957,-0.2777943218350219
09110,Capitol Planning Region,Connecticut,NA,NA,NA,NA,NA,NA,NA,NA,NA,NA,NA,NA,NA
09120,Greater Bridgeport Planning Region,Connecticut,NA,NA,NA,NA,NA,NA,NA,NA,NA,NA,NA,NA,NA
09130,Lower Connecticut River Valley Planning Region,Connecticut,NA,NA,NA,NA,NA,NA,NA,NA,NA,NA,NA,NA,NA
09140,Naugatuck Valley Planning Region,Connecticut,NA,NA,NA,NA,NA,NA,NA,NA,NA,NA,NA,NA,NA
09150,Northeastern Connecticut Planning Region,Connecticut,NA,NA,NA,NA,NA,NA,NA,NA,NA,NA,NA,NA,NA
09160,Northwest Hills Planning Region,Connecticut,NA,NA,NA,NA,NA,NA,NA,NA,NA,NA,NA,NA,NA
09170,South Central Connecticut Planning Region,Connecticut,NA,NA,NA,NA,NA,NA,NA,NA,NA,NA,NA,NA,NA
09180,Southeastern Connecticut Planning Region,Connecticut,NA,NA,NA,NA,NA,NA,NA,NA,NA,NA,NA,NA,NA
09190,Western Connecticut Planning Region,Connecticut,NA,NA,NA,NA,NA,NA,NA,NA,NA,NA,NA,NA,NA
10001,Kent,Delaware,4,-0.14004017391130555,-0.4300315557672846,0.5103739721196741,-0.17401799539260399,-0.4004036220487709,0.4112615289568342,9.5009488389173e-4,0.00150289958285684,-0.19047599754605685,-0.6514842241049127,0.46100822655885587,0.30134417737195696
10003,New Castle,Delaware,4,-0.07646575505620375,-0.23963439603020636,0.2763049360826131,-0.020700945806699855,-0.20996634411472687,0.32254594657992663,0.00104930494263385,0.00171519210648218,0.521092579714571,0.25356243347047147,0.26753014624409954,0.1748746490792499
10005,Sussex,Delaware,4,-0.4949191738427932,-0.20128977465003586,-0.4809754233933445,-0.4961853365428783,-0.17771982217163557,-0.5221653051701378,0.00103653433140016,0.00171938708817423,0.42949737473716065,0.27144650255657954,0.15805087218058111,0.10331206107901549
11001,Washington,District of Columbia,4,0.11169015913384302,0.14524643718866762,-0.09864495960672875,0.1669056015615622,0.17153057316525827,-0.0529466007925638,0.00130649588614532,0.00233138278056958,2.3657542609910305,2.8805099137130465,-0.5147556527220161,-0.3364768995012248
12001,Alachua,Florida,4,-0.1160625226907192,-0.03802079346539834,-0.14761002058686204,-0.06157585731803671,-0.009221815576719949,-0.10601046177760003,9.8927010963073e-4,0.00181145117742195,0.0905021612858302,0.6639346355980444,-0.5734324743122142,-0.37483178671198913
12003,Baker,Florida,4,0.007866272573627412,-0.9095372405758185,1.607066860793857,-0.007908283229354737,-0.8796487738167181,1.5477559722555143,0.00100924697321711,0.00140117604274075,0.23378308038335205,-1.0851525813631318,1.3189356617464838,0.8621398905661198
12005,Bay,Florida,4,0.07999780357633486,-0.18110741998734473,0.42981833002275366,0.09399341806253814,-0.1549055912355512,0.4133232143017138,0.0010264721937504,0.00162947606775985,0.3573282714988359,-0.11186265555978189,0.46919092705861776,0.30669290871496924
12007,Bradford,Florida,4,0.27797757013568,0.10504684656936662,0.24669992238392408,0.31380220063106506,0.08902130785630451,0.33845384430587694,0.00104525864665028,0.00149277503608786,0.49207115675897894,-0.6946472477302883,1.1867184044892674,0.7757143165151852
12009,Brevard,Florida,4,-0.37192035289019004,0.07327317585483353,-0.7669398695385325,-0.32981586072112995,0.09890480157812849,-0.7442433765910106,9.6817145702836e-4,0.00194927873656658,-0.060824613486159806,1.2515218459030404,-1.3123464593892002,-0.8578327705420083
12011,Broward,Florida,4,0.002502443419921637,-0.16107979026187033,0.2665752841147188,0.052115263249850684,-0.14374304999659443,0.32396233113909256,0.00105037409026747,0.00183149556671899,0.5287608733350196,0.7493879865998999,-0.22062711326488027,-0.14421585586232025
12013,Calhoun,Florida,4,-0.28543511998221177,0.6516522466981811,-1.6535814826426634,-0.4053618954495009,0.5860153739365769,-1.7450330812891073,NA,NA,NA,NA,NA,NA
12015,Charlotte,Florida,4,-0.3464135802874671,0.11840203511309211,-0.80523194846264,-0.2895852084469181,0.1450231753846551,-0.7605956228975274,9.3772021241603e-4,0.00183937604431117,-0.2792313867442399,0.7829840821340384,-1.0622154688782783,-0.694331311721243
12017,Citrus,Florida,4,-0.4601544071954537,0.3054772365600633,-1.3253713946688195,-0.44375006477575357,0.3325049953618871,-1.3527555876572246,0.00105544359144961,0.00210699974483775,0.5651210750054282,1.9239189182425378,-1.3587978432371095,-0.8881963372790332
12019,Clay,Florida,4,-0.06712272205668789,-0.9269740831245731,1.514607956926772,-0.03493806530173902,-0.9010954008620207,1.5415921969384518,9.9038492158512e-4,0.00164710292468302,0.0984979750808848,-0.03671574190761268,0.1352137169884975,0.0883842499285661
12021,Collier,Florida,4,0.2218540392838448,0.01833171661945383,0.3085665962125742,0.26562540498351866,0.037134560763638545,0.3520295815643168,0.00113707499803853,0.00213720595323102,1.1506095283209061,2.052694192460867,-0.9020846641399609,-0.5896596749785147
12023,Columbia,Florida,4,0.704153488239252,-0.08659238274304804,1.2894392418771121,0.7586246076174037,-0.08339981812267971,1.3844563044992333,0.00108986274179056,0.0016736447185982,0.8119870294172806,0.07643738029739884,0.7355496491198817,0.4808018407497218
12027,DeSoto,Florida,4,0.47121315144754367,-0.09534753327639688,0.9214390613142481,0.4606234561628741,-0.10727321153577334,0.9343077548952082,0.00125329537566617,0.00190115745783481,1.9841819483529761,1.0463709450107248,0.9378110033422513,0.6130126732054347
12029,Dixie,Florida,4,-0.2271788218395362,0.023010466382494932,-0.4391697331400386,-0.4498153935960117,0.038066767303904195,-0.8334113936019417,NA,NA,NA,NA,NA,NA
12031,Duval,Florida,4,0.29428671884488294,-0.15212207240686942,0.7311119888336186,0.32227363603164233,-0.14535931134680122,0.773871013299211,0.00106406719036778,0.00175121544293711,0.6269724849417809,0.40713732012444614,0.21983516481733478,0.14369818819458857
12033,Escambia,Florida,4,0.14022626226007462,0.008350381467720635,0.19191089064871034,0.19871096436695343,0.013865296575581564,0.2831498178514881,8.7250291843296e-4,0.00167119431921386,-0.7469921932663628,0.06599082412740563,-0.8129830173937684,-0.5314171949220546
12035,Flagler,Florida,4,0.19730366566097843,-0.5141711130996564,1.2155716605049665,0.2479160400648808,-0.49238493743073175,1.2747677040634726,9.6259088897003e-4,0.00206536606051773,-0.10085036212414654,1.7464259656273888,-1.8472763277515354,-1.2074968152307164
12037,Franklin,Florida,4,-0.037725144510973065,0.7515036911794775,-1.4233394477282664,0.015803891981009132,0.723422811892938,-1.2952233836444338,NA,NA,NA,NA,NA,NA
12039,Gadsden,Florida,4,0.16338762412545138,-0.01629659487566799,0.27390218023733626,0.21554991757754616,-0.03702029418103103,0.4025002920967861,0.00110912449510102,0.00107815667618866,0.9501389322832576,-2.4622505263950094,3.412389458678267,2.230553892657841
12041,Gilchrist,Florida,4,-0.10729976192177004,-0.5220728264875604,0.7280471105318057,-0.2072503501946277,-0.4922135512887558,0.5213434261190126,NA,NA,NA,NA,NA,NA
12043,Glades,Florida,4,0.37731095312058294,-0.366644949585449,1.2495061790489546,0.4272132850529477,-0.33663644419129823,1.2914068986992735,NA,NA,NA,NA,NA,NA
12045,Gulf,Florida,4,1.3746634226600845,-0.03740309099853012,2.3060343928198632,1.3586405496184264,-0.03531461093072732,2.29078589505353,NA,NA,NA,NA,NA,NA
12047,Hamilton,Florida,4,0.4690468778228585,-0.6223513269087191,1.8555195864267056,0.443856327079579,-0.6004404591780684,1.7932460284474105,NA,NA,NA,NA,NA,NA
12049,Hardee,Florida,4,1.745234256827055,-1.0171177064909487,4.659357632006683,1.7811643357024511,-0.9902176099009798,4.706742218684318,9.8683710771376e-4,0.00156338313018055,0.07305183684815521,-0.39363043156988353,0.4666822684180387,0.3050530905277859
12051,Hendry,Florida,4,0.626568775819606,-0.9112081190608212,2.6288425893319207,0.6643305090451045,-0.8832400116087463,2.666495870830259,0.00119276929813463,0.00143206645076051,1.550068155635308,-0.953460423523587,2.503528579158895,1.6364648540984517
12053,Hernando,Florida,4,-0.14349711762407077,-0.2611480573017249,0.20420317362101725,-0.1306785353453749,-0.23238321004239965,0.1808815481980287,8.9289529847181e-4,0.00195397075722421,-0.6007310476206343,1.2715248942485267,-1.8722559418691609,-1.2238250732393265
12055,Highlands,Florida,4,0.12097026348507756,0.06843511254493562,0.053299447640945186,0.18004675503745818,0.0982142273503337,0.10061447984132724,0.00115268782447112,0.00169462651032839,1.2625900757826587,0.1658870705223104,1.0967030052603484,0.7168745499584729
12057,Hillsborough,Florida,4,0.28438372403506057,-0.3959342887248626,1.148596824222698,0.3322283466446649,-0.36867158637633024,1.1918422742370067,0.00100850499424724,0.00189574666328381,0.2284613526609633,1.023303615838775,-0.7948422631778116,-0.5195592489220032
12059,Holmes,Florida,4,0.03849263013904303,0.2387118736427129,-0.38547176572191083,0.0689231945695757,0.23034743509852645,-0.32081653125452,NA,NA,NA,NA,NA,NA
12061,Indian River,Florida,4,-0.11141561760304448,0.3436169904251748,-0.8189698463955699,-0.052548695572701164,0.3736240888551847,-0.7794049953716814,8.9824157760193e-4,0.0017840582748233,-0.5623856995531953,0.5471530621595491,-1.1095387617127443,-0.7252648133990353
12063,Jackson,Florida,4,-0.3246596541235412,0.24413118572289,-0.9931081764713259,-0.2658217482954139,0.22183541713568894,-0.8593798884562706,0.00118559062304439,0.00153183365892905,1.4985802351024098,-0.5281323114139103,2.02671254651632,1.3247876933957816
12065,Jefferson,Florida,4,0.4156264247163713,-0.35715263469756564,1.2957105948366796,0.4272937274413895,-0.32835930107976397,1.2766582593425266,NA,NA,NA,NA,NA,NA
12067,Lafayette,Florida,4,-0.2655936909264696,-0.17968690407047702,-0.1417864630021604,-0.21115991543924226,-0.16120344491390348,-0.08025892366751636,NA,NA,NA,NA,NA,NA
12069,Lake,Florida,4,-0.17362468697393937,-0.423404483732183,0.44328022421170926,-0.13743849255145282,-0.39970493424801534,0.4705296067799655,0.00102668897922787,0.00186756350870342,0.35888313131577376,0.9031530357932519,-0.5442699044774781,-0.35576928389615514
12071,Lee,Florida,4,-0.21494259521361067,-0.09159296054939592,-0.21511765907552446,-0.1747285472329834,-0.061857376965536524,-0.19859721207250813,9.9104507509316e-4,0.00188631675588102,0.10323282251919426,0.9831019825904816,-0.8798691600712873,-0.5751382143780212
12073,Leon,Florida,4,-0.30909071812217087,-0.2040293206168473,-0.17010185271557787,-0.25123464112669397,-0.1816868751682617,-0.10973856259767734,0.0010293495091736,0.00160328958251026,0.37796536483368,-0.22350102390201765,0.6014663887356977,0.3931565288614239
12075,Levy,Florida,4,0.01690076913040467,0.2238345247479881,-0.3945567260639394,0.06314800008971899,0.24360877928596203,-0.3542151331249585,9.6423994825887e-4,0.00179469203066496,-0.0890227431623599,0.5924869487120115,-0.6815096918743714,-0.4454779017759694
12077,Liberty,Florida,4,0.2746652114282258,0.013323029417674803,0.40444099439766573,0.3325526187949894,-0.10206526728982582,0.7130388298608957,NA,NA,NA,NA,NA,NA
12079,Madison,Florida,4,0.40840297878055426,0.1339267433410481,0.41008513137663716,0.4674724420709678,0.12888488981883545,0.5210438901795589,NA,NA,NA,NA,NA,NA
12081,Manatee,Florida,4,-0.2245246457761213,-0.05579441168895325,-0.2945891466994809,-0.25542978608740047,-0.02645209745387158,-0.3957813752896606,0.00108646139827856,0.001791347425766,0.7875914268514195,0.5782282106602831,0.2093632161911364,0.13685305927400893
12083,Marion,Florida,4,-0.15929567625704152,0.032704487996916165,-0.3446358000133312,-0.13559626358095864,0.062362939807615425,-0.35718878203941884,0.00100322780607918,0.00173206768610771,0.19061154867643162,0.3255064976038264,-0.13489494892739476,-0.08817588293290261
12085,Martin,Florida,4,-0.2798855793402115,0.40848707662564304,-1.2118025475197536,-0.22144806342444512,0.43629948351465525,-1.171551169621449,9.5383638050393e-4,0.00201994453345909,-0.16364070024934876,1.5527846609578857,-1.7164253612072344,-1.1219643353312847
12086,Miami-Dade,Florida,3,0.2993096729648335,-0.46999438496062956,1.3049431124736683,0.3583824273220726,-0.45138519223494955,1.3838301149422296,9.9093842704496e-4,0.00177820660071347,0.10246790612979235,0.522206172820814,-0.4197382666910217,-0.27436751754231453
12087,Monroe,Florida,4,-0.3273046879546375,0.2457510227058421,-1.0003457133407556,-0.26830102266439854,0.26461107902685577,-0.9403898074765709,9.3516675566761e-4,0.00189887493004765,-0.29754565455747284,1.0366400599596908,-1.3341857145171636,-0.8721082910030564
12089,Nassau,Florida,4,-0.41492531676594996,-0.7042313729761208,0.5455846876754104,-0.3780647114643683,-0.6824078014747628,0.58067109275758,9.2696679585041e-4,0.00169187865351925,-0.3563585795239428,0.15417239221834406,-0.5105309717422868,-0.33371538041945426
12091,Okaloosa,Florida,4,0.12400883674120751,-0.13992326548439044,0.42901522036123807,0.1828432373845572,-0.11145528010980765,0.482213004571944,9.5959799166694e-4,0.00170971749926994,-0.12231644835419875,0.23022305780917757,-0.3525395061633763,-0.23044215125813336
12093,Okeechobee,Florida,4,0.4795589437608491,-0.1639847126120752,1.0573014803198024,0.5000489328233193,-0.1345407014876699,1.0485660481827572,9.9774923635564e-4,0.00194923250507489,0.15131736708809398,1.2513247515526882,-1.1000073844645941,-0.7190345015074124
12095,Orange,Florida,4,0.17986481768045212,-0.7241159710944187,1.5603904169642726,0.23795308396141732,-0.6943431871791235,1.621390207235537,9.7672740749757e-4,0.00192614477682745,5.415985661201258e-4,1.1528970211525762,-1.152355422586456,-0.7532524949749422
12097,Osceola,Florida,4,0.5807442429316293,-0.8752284931019727,2.4893692832925454,0.6368672889179782,-0.8471297678079578,2.556131601631713,0.00100658181213665,0.00181757979827349,0.21466763077835854,0.6900622058134804,-0.4753945750351219,-0.31074800597460006
12099,Palm Beach,Florida,4,-0.16131477113908574,0.15799528707648192,-0.5708785867720888,-0.13155778951789468,0.1848060950028107,-0.5706511865467203,0.00108708380646105,0.0019962102217211,0.7920555518656078,1.451600412254762,-0.6595448603891543,-0.4311202966537506
12101,Pasco,Florida,4,-0.42975502856793435,-0.09810319707423376,-0.5572612082104877,-0.4879629744807969,-0.06834257409708214,-0.7052134584372388,9.632316284551e-4,0.00183028725633493,-0.09625475871894089,0.7442367111063876,-0.8404914698253284,-0.549398461830544
12103,Pinellas,Florida,4,-0.2678903536547557,0.6400120573029082,-1.6039806468429583,-0.20962322576921308,0.6335199830020023,-1.5065748605302314,0.00100516936388068,0.0020051050338241,0.2045370673183842,1.4895208242697822,-1.284983756951398,-0.8399467750613171
12105,Polk,Florida,4,-0.03650310543867328,-0.4514034231138829,0.7188909620354287,0.003475985672608798,-0.4237331898693858,0.7468871953029467,0.0010219366964548,0.00169037867535283,0.32479812890323195,0.14777767702644107,0.17702045187679089,0.11571177991118331
12107,Putnam,Florida,4,0.26934062738385345,0.3944521012412785,-0.28243354562298845,0.31811973602977944,0.354378861207372,-0.1314971701076959,0.00103205691068753,0.00151437306393218,0.3973837773189321,-0.6025704163048943,0.9999541936238263,0.6536333985544205
12109,St Johns,Florida,4,-0.4488043258371193,-0.675589375545522,0.43883693925716805,-0.4379013023073499,-0.6630754511736864,0.44690750738744733,9.084612791043e-4,0.00197310777191224,-0.48908649430857276,1.3531099208128108,-1.8421964151213834,-1.2041762625714265
12111,St Lucie,Florida,4,-0.25806646997178545,-0.30352029665163627,0.09093340107440295,-0.24960395965607396,-0.2783990890869815,0.06684152161750734,0.00105965507722363,0.00164960590831858,0.5953272958097342,-0.02604500826780049,0.6213723040775347,0.40616829597954474
12113,Santa Rosa,Florida,4,-0.11558846228564346,-0.6061737525481884,0.8640310731281616,-0.06205726466674343,-0.5796896789401333,0.9188553256732994,8.8623365230174e-4,0.00174302880562525,-0.6485106593611314,0.37223600278480773,-1.0207466621459391,-0.6672246729858968
12115,Sarasota,Florida,4,-0.24655299756536805,0.34094612387247497,-1.03674538024477,-0.1888958096737902,0.37095747549391217,-1.0002098907339785,8.5386808442813e-4,0.00162814625603278,-0.8806476157953621,-0.11753191624892985,-0.7631156995464322,-0.4988207573560256
12117,Seminole,Florida,4,-0.03282068019068323,-0.48924292023213817,0.7922789400238656,0.025728878699181834,-0.45928521731833394,0.8476268472043232,9.1304045358382e-4,0.00179852883580444,-0.4562430839655762,0.6088440375437535,-1.0650871215093298,-0.6962084057728212
12119,Sumter,Florida,4,-0.8976997753687316,0.19864921397876906,-1.855798154824228,-0.9453463277707104,0.21838925669216064,-1.9775220535748717,0.00146796831471542,0.00213712770244216,3.5238899149886196,2.0523605932662234,1.4715293217223961,0.9618847720855975
12121,Suwannee,Florida,4,-0.015951298493356678,-0.29498705374037704,0.4744363857232214,0.04292647015395399,-0.2824392578722053,0.5581249228782335,0.00118469194986239,0.00200916345775098,1.4921346427335938,1.5068227195382613,-0.01468807680466755,-0.009601057349709199
12123,Taylor,Florida,4,0.3066241791358811,0.03225196064695042,0.42338863134442833,0.35554281697942863,0.03699594534313238,0.5010557234569455,NA,NA,NA,NA,NA,NA
12125,Union,Florida,4,-0.7335023551949026,-0.45461978807286113,-0.4231187746832531,-0.8707918920159265,-0.5449027874328063,-0.4818175886281474,NA,NA,NA,NA,NA,NA
12127,Volusia,Florida,4,-0.3650916917713894,0.19474305895859295,-0.971815072084888,-0.3342739002346302,0.19972832452330855,-0.9328934472378412,9.9114940843378e-4,0.00180235588155833,0.10398113703172554,0.6251595201090231,-0.5211783830772976,-0.34067520288041
12129,Wakulla,Florida,4,-0.5447191040040901,-0.24699550551655208,-0.48165994422186453,-0.7795629661908131,-0.22401087867182895,-0.9078124156611551,0.00104620217916058,0.00201506446396579,0.4988384956202374,1.5319799217790273,-1.03314142615879,-0.6753266758352868
12131,Walton,Florida,4,-0.2742374704975084,-0.1828437983583377,-0.1504032105285712,-0.2634230905912783,-0.15305079887181933,-0.181391225589705,0.00101954891436418,0.00196195553399376,0.3076721365736901,1.3055656386108678,-0.9978935020371777,-0.6522864000081475
12133,Washington,Florida,4,-0.38048280940614676,-0.1939607548172911,-0.3055755746925803,-0.37641117820838904,-0.17851016323547292,-0.32256657498731867,0.00111672420043715,0.00168522096567774,1.0046466261823865,0.12578930069330865,0.8788573254890779,0.5744768152049746
13001,Appling,Georgia,4,0.9173851580237296,-0.8656288772470682,3.0266282959384485,0.9265272850844449,-0.8880958186262159,3.1090558152374292,0.00124663288607263,0.00143347575037875,1.9363962872899996,-0.947452289618403,2.8838485769084024,1.8850660942875976
13003,Atkinson,Georgia,4,0.4694396564522094,-0.8140143588132778,2.1971741513283347,0.4491511000040866,-0.827853224345447,2.2108793804037346,NA,NA,NA,NA,NA,NA
13005,Bacon,Georgia,4,-0.1982037540699395,0.025330549897687838,-0.3955850726943491,-0.14436072270725162,0.030440257886603983,-0.3142956087979013,NA,NA,NA,NA,NA,NA
13007,Baker,Georgia,4,-0.6414319719794608,0.015720564834681185,-1.1083404467503961,-0.6784943442770541,0.04261515628601316,-1.2199601874459254,NA,NA,NA,NA,NA,NA
13009,Baldwin,Georgia,4,-0.2490349083679788,-0.025922725361243914,-0.3880974685218574,-0.2494435147766559,-0.04558397690588789,-0.35147870457079544,9.8697384121751e-4,0.00163204353422934,0.07403253644616908,-0.100917018346718,0.1749495547928871,0.11435811040548023
13011,Banks,Georgia,4,0.7497742867761867,-0.4929338115100538,2.0875265590934333,0.7187457928879525,-0.4635910248551049,2.0020308748279128,NA,NA,NA,NA,NA,NA
13013,Barrow,Georgia,4,0.4070651671670796,-0.652357955632768,1.8068436956952632,0.4247246740031538,-0.6257376344039283,1.8070734827627928,9.0887621468142e-4,0.0015537005939068,-0.48611043399765635,-0.4349090736141758,-0.051201360383480554,-0.033468452266579955
13015,Bartow,Georgia,4,0.7234010533580658,-0.6959924285835608,2.405381239835953,0.7800690940213082,-0.6724177756114917,2.47895237555113,9.7569191650929e-4,0.00162745845279921,-0.00688529804737531,-0.1204641627877231,0.11357886474034778,0.07424234013674548
13017,Ben Hill,Georgia,4,0.504237534885346,-0.2790235287528473,1.3026167505981174,0.5444988800581129,-0.24909782039216583,1.3280786076389783,0.00120517507854742,0.00129898783317053,1.6390466688028338,-1.520801920000987,3.159848588803821,2.0654771840421042
13019,Berrien,Georgia,4,-0.06736776611174118,-0.25081857798950996,0.31118533116214264,-0.011015289517242724,-0.22816579956724517,0.3712931672566982,0.00102712786043943,0.0022474775037529,0.3620309379319151,2.522804474825847,-2.160773536893932,-1.4124184481971933
13021,Bibb,Georgia,4,0.06178106058239099,0.12411137868725301,-0.1432255035705385,0.11392839980680847,0.1197468534994182,-0.0474988288610374,0.00118651077648996,0.00139258792898929,1.5051798912907772,-1.1217654752743345,2.6269453665651117,1.7171378836285836
13023,Bleckley,Georgia,4,0.0982729420071148,-0.6965054181081312,1.3769101616518804,0.13725758534674865,-0.6731557786890281,1.4166863998988781,9.7776080135347e-4,0.00133047023914359,0.00795345382672468,-1.3865859532218898,1.3945394070486146,0.9115592872748705
13025,Brantley,Georgia,4,0.558536352051818,0.40279140124115875,0.17894094532136984,0.5469805937723585,0.4310208637724289,0.1093778181467755,NA,NA,NA,NA,NA,NA
13027,Brooks,Georgia,4,-0.21620607409285433,0.4049432220031835,-1.1006377574022428,-0.17675215754985577,0.40866203993884354,-1.0479072979147521,NA,NA,NA,NA,NA,NA
13029,Bryan,Georgia,4,-0.6183701295412641,-1.0718449689161207,0.8646367614586394,-0.6553666823828972,-1.067370832777409,0.8139858570155576,9.4874840191652e-4,0.00183868190874255,-0.2001334282093896,0.7800248395495353,-0.9801582677589249,-0.6406935275252164
13031,Bulloch,Georgia,4,0.08319512111080463,-0.1521239760154151,0.3835157952632102,0.07821271972990669,-0.1323127757452674,0.3465922043521782,8.9276300007175e-4,0.00141772961437738,-0.6016799371334332,-1.014581303464024,0.41290136633059094,0.26989848641402453
13033,Burke,Georgia,4,0.0903009729161615,0.09033041884385425,-0.036159187421867384,0.12534589155851963,0.11987501157776012,-0.028837920977556164,0.00138060410313819,0.00138426485289071,2.8972838175454636,-1.1572484592020187,4.054532276747482,2.650299112197159
13035,Butts,Georgia,4,-0.26858882037235926,-0.5725352947763135,0.552239268405031,-0.22009795919482913,-0.5441199933717492,0.5934100772690225,0.00105475158544295,0.0015541169533827,0.5601577705193896,-0.43313404760017354,0.9932918181195631,0.6492784479266165
13037,Calhoun,Georgia,4,-0.20692715417879995,0.31630230343771604,-0.9276480303010968,-0.16293792502213297,0.16867356424586705,-0.5935674186850324,NA,NA,NA,NA,NA,NA
13039,Camden,Georgia,4,-0.08140894527712157,-0.42885697774305537,0.6048308256080974,-0.0869071271198063,-0.39959510600954057,0.5539410992118127,0.00105845878008897,0.0015575651423267,0.5867470423466896,-0.4184337094763342,1.0051807518230238,0.6570498080462428
13043,Candler,Georgia,4,0.004352657568805911,-0.002144717193912482,-0.013156055893304014,0.05924542473740782,0.02398864157852555,0.0341897174174376,0.00118800472751518,0.0011809183560641,1.5158950205729402,-2.0241563659890827,3.540051386562023,2.3140018148934267
13045,Carroll,Georgia,4,0.5281897095226914,-0.4299589736788458,1.6106033019823807,0.5872409697478559,-0.4016629033647421,1.6731010820238925,9.9784133991651e-4,0.0015339752030702,0.15197796542459258,-0.519002468620113,0.6709804340447056,0.43859531193000695
13047,Catoosa,Georgia,4,-0.3099021194197863,-0.29605103042331715,-0.007712500782890985,-0.3012208305223736,-0.26783133639060147,-0.037563605411220835,9.5813908312226e-4,0.00173572144320995,-0.13278024094391713,0.34108321503364325,-0.4738634559775604,-0.30974716957672616
13049,Charlton,Georgia,4,-0.5819445538187867,-0.1407134857375401,-0.7320556981957282,-0.5847330511697569,-0.17819174368848206,-0.6678274485471996,NA,NA,NA,NA,NA,NA
13051,Chatham,Georgia,4,-0.10615263473595138,-0.06298217710875419,-0.086880227149703,-0.0660052907226204,-0.03645225846109754,-0.06438090151688414,0.00101994524688579,0.00154132838640896,0.31051476938834466,-0.4876543368553378,0.7981691062436824,0.5217338842737678
13053,Chattahoochee,Georgia,4,0.12354301928267748,-1.202186031227361,2.318231176934583,-0.13205579213928628,-1.2048558788424746,1.927042297456543,NA,NA,NA,NA,NA,NA
13055,Chattooga,Georgia,4,0.1848080868761076,0.7319745228024461,-1.0221528075680248,0.24383348957574227,0.6747701732215148,-0.830452572565283,0.00115201721742805,0.00147620561231024,1.2577802520048231,-0.765286106564293,2.023066358569116,1.3224043140021093
13057,Cherokee,Georgia,4,-0.09030193514910202,-0.6491061668679704,0.9820553614409703,-0.039818252987416876,-0.6685405676500377,1.1153997280006749,9.9287532609576e-4,0.00192352523917834,0.11636001061344929,1.1417293937993682,-1.025369383185919,-0.6702463762631049
13059,Clarke,Georgia,4,-0.336112195996855,0.21993971616495225,-0.9689252297710691,-0.2951559834162936,0.24141238931645131,-0.9431142350611237,8.6468716988935e-4,0.0016882196071992,-0.8030494231674098,0.13857312576598782,-0.9416225489333976,-0.6155041408290267
13061,Clay,Georgia,4,-0.10773046671404767,0.16742419794158497,-0.4994185335238799,-0.23995107682302574,0.18403709457014097,-0.748615592142798,NA,NA,NA,NA,NA,NA
13063,Clayton,Georgia,4,0.7577103465384111,-0.46338942654579157,2.048029171056517,0.810676864718194,-0.4737728944225258,2.172445894844128,0.00110032483586469,0.00127542034001356,0.8870247573441051,-1.6212749868094516,2.5082997441535566,1.6395835897469546
13065,Clinch,Georgia,4,-0.41458098006480215,-0.9033607423569269,0.9004436278357068,-0.3604309533326804,-0.8812635839872872,0.9673769630637225,NA,NA,NA,NA,NA,NA
13067,Cobb,Georgia,4,0.009536129928992443,-0.35622422685632166,0.6253594081058013,0.06640711234869856,-0.33146671086901885,0.6851238990261754,9.545535942578e-4,0.00162525531552689,-0.1584965971523072,-0.12985658975802966,-0.02864000739427755,-0.018720922905383682
13069,Coffee,Georgia,4,0.19779544187434497,-0.40596828800377366,1.0238664715214685,0.24943161923140814,-0.3889792775890812,1.0913590482991595,0.00116045754777335,0.0013447818837467,1.3183171968626646,-1.3255724710169736,2.6438896678796384,1.7282137522283314
13071,Colquitt,Georgia,4,0.336378612244113,-0.15091733556172443,0.7982802483864915,0.3950807685627953,-0.15433377869660686,0.9104728277451384,0.00114540155127549,0.00155463986327438,1.2103304247242574,-0.4309047752659612,1.6412351999902186,1.0728152833771867
13073,Columbia,Georgia,4,-0.008961973292862949,-0.6521860660611789,1.1214757393084775,0.02180873531133169,-0.6283436236306131,1.1450960841932682,9.909057630882e-4,0.00153674964679595,0.10223362902589771,-0.5071744448266207,0.6094080738525184,0.39834771728411017
13075,Cook,Georgia,4,0.27239812999682084,-0.05694049475211138,0.5257210437797135,0.30722029193404177,-0.0386303598291431,0.5570724443268074,0.00149726865293242,0.00128611986044469,3.7340419927383164,-1.57566073229645,5.309702725034766,3.4707580203256345
13077,Coweta,Georgia,4,-0.19607611670773353,-0.809179168872132,1.092682151632249,-0.15311349523756512,-0.806965593563714,1.1768207190700437,0.001019307484368,0.00164720563951046,0.3059405178137784,-0.036277847488767216,0.3422183653025456,0.2236955998452351
13079,Crawford,Georgia,4,-0.4298406511452237,-0.37605948899426933,-0.06286103328145498,-0.7452252537804941,-0.37078078805526093,-0.5871151107957802,NA,NA,NA,NA,NA,NA
13081,Crisp,Georgia,4,0.31494022274359335,0.04079818766062834,0.4218769771185858,0.37004963432819454,0.05569298936463616,0.4914426238999786,0.00129820768478291,0.00112654630467373,2.3063084373893172,-2.255955595354396,4.562264032743713,2.982184747901256
13083,Dade,Georgia,4,-0.3077461585841965,-0.23898044052257356,-0.10570259791982162,-0.27415739181080934,-0.2669627328440134,0.0056537411865996146,9.0706710968595e-4,0.00179106217792566,-0.4990859556742213,0.5770121404941202,-1.0760980961683415,-0.7034058762506278
13085,Dawson,Georgia,4,0.13388662890624528,-0.4280062423400023,0.957839362946724,0.1900539863130036,-0.4000120016654666,1.0129491858503865,0.00106477233076692,0.0018519319861392,0.6320299937966969,0.8365126425850159,-0.204482648788319,-0.13366281128193455
13087,Decatur,Georgia,4,0.7204341482095645,-0.30443984123063644,1.7038434655081915,0.7782164666294894,-0.279228549132217,1.7689596069713724,9.698920570392e-4,0.00129936178283527,-0.04848387992273664,-1.519207695727824,1.4707238158050873,0.9613582423968943
13089,De Kalb,Georgia,4,0.3310055158757505,0.05500640943624875,0.42305198200506594,0.39002324522236337,0.06567698668908425,0.5065403187307085,0.00109283977260918,0.0014000924342636,0.8333393157774042,-1.0897722269993377,1.9231115427767418,1.2570675152118753
13091,Dodge,Georgia,4,0.6368620027702877,0.04377129594654052,0.9466882495002544,0.6669591493465687,-0.008342224988549862,1.0978386399008866,0.00112564820329485,0.00154933508159517,1.0686526362325288,-0.4535201497782032,1.522172786010732,0.9949885481269701
13093,Dooly,Georgia,4,-0.12687898046822849,-0.22986932450303404,0.1759165987085006,-0.06780274014759537,-0.25974053811085884,0.3341021494446163,0.00124366445334225,0.00134214988693638,1.9151056693684756,-1.3367932143349677,3.2518988837034435,2.1256470873005044
13095,Dougherty,Georgia,4,0.22610774468324935,0.5650561499812098,-0.6571636607640838,0.28297850026512,0.42078663230655955,-0.30903833562879607,0.00114291168840513,0.00123863972739307,1.192472274021601,-1.7780782973890434,2.9705505714106444,1.941740009642231
13097,Douglas,Georgia,4,0.6106875253393423,-0.6048319553289203,2.057585366995378,0.6689337106856393,-0.5770447421021607,2.1235940892337037,0.00101150059033397,0.00149918729749576,0.2499467954931534,-0.6673104595306174,0.9172572550237708,0.5995774414197128
13099,Early,Georgia,4,0.2048238991467953,-0.47422786063616157,1.156887826170604,0.263887229543289,-0.4443942481301354,1.2149095707799877,0.00133415748684995,0.00127372191749753,2.56415275110087,-1.6285157110470916,4.192668462147962,2.7405936725904185
13101,Echols,Georgia,4,1.22127160859203,-0.6296092766269419,3.1071037777063264,0.8454550672924449,-0.5995928492788188,2.4562054428371294,NA,NA,NA,NA,NA,NA
13103,Effingham,Georgia,4,-0.5923733213280608,-0.9550975151960543,0.699727465937342,-0.6004644852842447,-0.9391908617721011,0.674367922260313,7.5481188184929e-4,0.00142351647422646,-1.5911126838695628,-0.9899107306391888,-0.6012019532303741,-0.3929836770656691
13105,Elbert,Georgia,4,0.2946789884479744,-0.10007964210550815,0.6391637884046567,0.3345463200473647,-0.07041364277892545,0.6594301356917962,0.00110110094202627,0.00130830035727558,0.8925912569934421,-1.481100715875022,2.373691972868464,1.5515954243110386
13107,Emanuel,Georgia,4,0.22834416144279376,0.19009191154109664,0.013657165534610105,0.19393836699386857,0.12484723910399273,0.07571513549856371,0.00127036965865246,0.00131978678992025,2.1066445635992825,-1.432131692873204,3.5387762564724863,2.313168309099524
13109,Evans,Georgia,4,0.004913838001690744,0.06928271387029597,-0.13931600114713863,0.06147533131113179,0.07512303287943563,-0.054056838836600604,NA,NA,NA,NA,NA,NA
13111,Fannin,Georgia,4,0.5492409732673756,0.19334715545303807,0.5362786697710178,0.5158222437949459,0.22179929367605133,0.433989478501882,7.6046423273394e-4,0.00183429809767269,-1.5505720841746988,0.7613357520184986,-2.3119078361931975,-1.511209399141775
13113,Fayette,Georgia,4,0.27260420440516436,-0.7650595001832656,1.7859491121601887,0.2660928945819793,-0.7960184140410095,1.8507553289207006,9.8252552499839e-4,0.00185070420924382,0.04212768644026095,0.8312783773530805,-0.7891506909128195,-0.5158388767825526
13115,Floyd,Georgia,4,0.4368576751058906,-0.16186134180028716,0.983208391728733,0.47816060580388564,-0.13377107168216879,1.010965984829639,0.00103418948352418,0.00160996481482036,0.4126793213244445,-0.19504313670172574,0.6077224580261702,0.3972458920122542
13117,Forsyth,Georgia,4,-0.39118553656619737,-1.019476365851491,1.1455618298370722,-0.34947761540317895,-1.0747558667573915,1.3333862351472099,9.1890018554449e-4,0.00185713689838751,-0.4142150760473391,0.8587022531886355,-1.2729173292359746,-0.8320593936129119
13119,Franklin,Georgia,4,0.6793932454991665,-0.42739440749258656,1.8550237280508948,0.7269076937099715,-0.4040460528106283,1.9084777172377014,0.00122177169230817,0.00176723620259985,1.7580832764897434,0.47543711107785097,1.2826461654118924,0.838418777166869
13121,Fulton,Georgia,4,0.025033598381591176,0.21844736216176658,-0.3715797214728979,0.049428500885751826,0.24387596176504353,-0.3773957269206449,0.00108197085450314,0.00166783029589743,0.7553837063247341,0.051649301371221173,0.7037344049535129,0.4600053819690054
13123,Gilmer,Georgia,4,0.43290303985152523,-0.0920551316616984,0.8524968427975268,0.4543969392075839,-0.06538552014400681,0.8486941765856721,7.4890581922272e-4,0.00181777335294049,-1.6334729912182813,0.6908873691373456,-2.3243603603556267,-1.5193491576834863
13125,Glascock,Georgia,4,-0.31964319902650884,-0.4607910618621813,0.269353346017171,-0.30588379238228897,-0.43212726046630545,0.2501139493404527,NA,NA,NA,NA,NA,NA
13127,Glynn,Georgia,4,-0.11238789599897649,-0.03902749564110285,-0.13976796970394562,-0.055395732572455614,-0.013980617561659598,-0.08722885536757635,0.00104077555661531,0.00141279250710665,0.4599168970159528,-1.0356292064102022,1.495546103426155,0.9775836618422149
13129,Gordon,Georgia,4,0.2881343669579071,-0.4586360822964285,1.266332251740822,0.34277366864057845,-0.43032360090788613,1.3201366321600347,9.5848438441389e-4,0.00162075900066059,-0.13030362161794648,-0.14902530409454154,0.01872168247659506,0.012237677507491641
13131,Grady,Georgia,4,0.7751144771193997,0.04635396780229081,1.1697502526046613,0.8320855752441588,0.04128929713874096,1.2818219435087597,9.7364315856237e-4,0.00132536061050021,-0.021579692909398988,-1.4083693502354548,1.3867896573260559,0.9064935599831583
13133,Greene,Georgia,4,0.29186926202339536,-0.2538139774151717,0.9080619445029003,0.33420860066831143,-0.25651812096020354,0.9934745093082382,0.00137662427056056,0.001735116698656,2.868739092938851,0.33850506471589853,2.5302340282229525,1.6539212271433041
13135,Gwinnett,Georgia,4,0.4821743424369714,-0.8792523783689464,2.3342158571697857,0.5405785690445883,-0.8882376350554475,2.470721887629597,0.00100391698287112,0.00170562765482418,0.1955545610638811,0.21278721041131635,-0.017232649347435236,-0.011264351138167672
13137,Habersham,Georgia,4,0.33718595349854086,-0.14421401685085097,0.7876831014865353,0.39619461636589676,-0.11480353778733073,0.8412431171658336,0.00114829652949528,0.00195846072789039,1.2310942016958142,1.2906665619560955,-0.05957236026028134,-0.038940268009402174
13139,Hall,Georgia,4,1.1259041417495346,-0.6440332368221824,2.975727587119227,1.083330811121264,-0.6301105853803476,2.904662322174037,0.00103226646480973,0.00184686381318142,0.3988867713750132,0.8149059796789404,-0.4160192083039272,-0.2719365054134795
13141,Hancock,Georgia,4,-0.7626897937160795,0.18696157557356408,-1.6126856838998294,-0.7992820260602681,0.21279280308000192,-1.725782714950644,NA,NA,NA,NA,NA,NA
13143,Haralson,Georgia,4,0.5830589043881028,-0.5730187178951465,1.955487700599221,0.6411256888415022,-0.5737933972758256,2.0717373726763064,9.8110938451635e-4,0.00154158852017472,0.031970641068221624,-0.48654533315043563,0.5185159742186572,0.3389348838120828
13145,Harris,Georgia,4,-0.22829242810520425,-1.0545418737160674,1.476182808825517,-0.23286339226865924,-1.1017556869759269,1.5748794080893282,0.00105008596946256,0.00160419131211376,0.5266943720766963,-0.21965676528307193,0.7463511373597682,0.487862377635013
13147,Hart,Georgia,4,0.6421618349141304,0.021327582740472646,0.9953473208974969,0.6401292179329934,0.051236933246714855,0.9463266992286243,0.00104168587636329,0.00163537276500739,0.4664460225515616,-0.08672382333204567,0.5531698458836073,0.3615868493259663
13149,Heard,Georgia,4,0.6693749088015015,-0.03497115861727658,1.1403254417049529,0.7234712781540568,-0.0673118605018735,1.2973667224481547,NA,NA,NA,NA,NA,NA
13151,Henry,Georgia,4,-0.019135543948571383,-0.6904350247763753,1.1727758900262766,-0.0032070301458106223,-0.661373314970257,1.1630902509829986,0.0010046659630831,0.00149523513257973,0.20092650409659615,-0.6841593507979901,0.8850858548945862,0.5785481765426022
13153,Houston,Georgia,4,-0.023569731557230817,-0.5146763164049789,0.8527634804995446,0.025154429355888307,-0.48503426795778026,0.8929714034478495,0.00115120005250752,0.00137498673678206,1.251919264850283,-1.19680297496796,2.448722239818243,1.6006399592442846
13155,Irwin,Georgia,4,-0.07916565029267598,0.1776421659488042,-0.47056137831148703,-0.03656157163407523,0.20207368548373267,-0.44451684805947067,NA,NA,NA,NA,NA,NA
13157,Jackson,Georgia,4,-0.1360575363874166,-1.0005156473654233,1.5319401195944664,-0.11978094140473322,-1.0054705793611711,1.588871033256226,9.7284553999959e-4,0.00170871459831104,-0.027300486880394235,0.22594748490990124,-0.25324797179029546,-0.1655389152161283
13159,Jasper,Georgia,4,-0.09042394742892818,-1.01516480973355,1.6331477396277867,-0.04784895014718421,-0.9901324432165858,1.6803124397657248,NA,NA,NA,NA,NA,NA
13161,Jeff Davis,Georgia,4,1.0976730739648166,-0.16307530356017663,2.073517488816142,1.1087347364367817,-0.18478056624702113,2.146022525597182,NA,NA,NA,NA,NA,NA
13163,Jefferson,Georgia,4,1.0324768675375586,-0.2771097696430152,2.169051094542431,1.0883642199071397,-0.26597643907846186,2.258302209272765,0.00172718301450721,0.0012204151331996,5.383066670596933,-1.8557734878686525,7.238840158465585,4.731764439351963
13165,Jenkins,Georgia,4,0.6167239809851864,1.1296097898256892,-1.018401614227916,0.6571243062093628,1.0648873344325245,-0.8480276157665791,NA,NA,NA,NA,NA,NA
13167,Johnson,Georgia,4,0.4961801322486898,0.7129843797149891,-0.475636413503818,0.5157547249633104,0.6600882557699713,-0.3541359075434949,NA,NA,NA,NA,NA,NA
13169,Jones,Georgia,4,0.09046796020648658,-0.5704245389011924,1.1397341763251096,0.12627801432331634,-0.5431462670443987,1.1647714166606424,NA,NA,NA,NA,NA,NA
13171,Lamar,Georgia,4,-0.09066860530225795,-0.07912644449180267,-0.03265908127869452,-0.0743443221422024,-0.049110348194341194,-0.05542024084552906,0.00112317729224712,0.00123723067432716,1.0509304145035696,-1.7840853801909735,2.8350157946945433,1.853145894739617
13173,Lanier,Georgia,4,-0.346062502091176,-0.2816106839940108,-0.09294928800320718,-0.3797847199014317,-0.26946358065772824,-0.16462037798437473,NA,NA,NA,NA,NA,NA
13175,Laurens,Georgia,4,-0.023015726959547306,-0.31776550557622757,0.5033310878910805,0.02635590273693733,-0.29429121604399955,0.5520163537852174,0.00115767520017566,0.00130685873451877,1.2983612453529587,-1.4872466499628294,2.7856078953157883,1.8208497621844497
13177,Lee,Georgia,4,0.03796278495033482,-1.3345709958001435,2.4128481771637436,0.010526216376480954,-1.3858166480449812,2.488312932832126,9.5375489430663e-4,0.00145137378345113,-0.16422514721182763,-0.871149296311305,0.7069241490994773,0.46209040078280733
13179,Liberty,Georgia,4,0.09131238183623099,-0.6501779446609126,1.283022307619686,0.09612705566638417,-0.6202227209815104,1.253461993167979,0.00114796524482756,0.00142446727641121,1.2287181144052057,-0.985857265521209,2.2145753799264147,1.4475867406390368
13181,Lincoln,Georgia,4,-0.2927724092172044,-0.07479665392171966,-0.3731622567328559,-0.23369553633808168,-0.04478332540536332,-0.3268616913996113,NA,NA,NA,NA,NA,NA
13183,Long,Georgia,4,-0.036935622543020186,-0.4158765170558409,0.6549691046294166,-0.11995693018201374,-0.3873143728640047,0.4771771319225088,NA,NA,NA,NA,NA,NA
13185,Lowndes,Georgia,4,-0.1783838478582921,-0.2998138640431551,0.21555040239120482,-0.11950671754579123,-0.2702066652584048,0.26737037815679066,9.9981183071849e-4,0.00137868017472145,0.166111001472023,-1.181057089974354,1.347168091446377,0.8805943948742764
13187,Lumpkin,Georgia,4,-0.5990962713358902,-0.28835277896131234,-0.49761849038817135,-0.7098441599902494,-0.2905333626235868,-0.6728531212077008,8.8190299312491e-4,0.0018376979291532,-0.6795716326951726,0.7758299323372813,-1.4554015650324539,-0.9513426487728283
13189,Mcduffie,Georgia,4,0.26879590296132594,-0.7071725391242067,1.6766853128059869,0.2721919309286231,-0.6786282355857393,1.6497872285832043,0.00117011430286022,0.00119332585951014,1.38757875728548,-1.9712606288668868,3.3588393861523667,2.1955501733663674
13191,Mcintosh,Georgia,4,-0.11212582774128027,0.09511169811943623,-0.37799752490249416,-0.07928824347790446,0.11370139946006504,-0.35632485068131675,NA,NA,NA,NA,NA,NA
13193,Macon,Georgia,4,0.36285904562678223,0.47054074156487113,-0.2638162345929863,0.41980980493111447,0.4587473582076534,-0.15088870873387128,8.7587123293575e-4,0.00107871919708769,-0.7228334860858074,-2.4598523841957958,1.7370188981099883,1.135425575455914
13195,Madison,Georgia,4,-0.09043478720174107,-0.5468920253886079,0.7999767063607433,-0.09332513481030946,-0.517330792427997,0.7550026308456548,0.00105895654164964,0.00173155779600946,0.5903171590267102,0.3233327313247729,0.2669844277019373,0.17451793287400555
13197,Marion,Georgia,4,0.7685682322772062,-0.38985005136829465,1.935066987710901,0.7517077888719864,-0.36335879338756477,1.8763589181136602,NA,NA,NA,NA,NA,NA
13199,Meriwether,Georgia,4,0.8035302379680966,-0.594162633229406,2.35615202755572,0.8486521417555265,-0.5641607702872578,2.3977908448490863,0.00113669679303757,0.00106959732579502,1.1478969123033569,-2.498740796200516,3.6466377085038726,2.3836733861458947
13201,Miller,Georgia,4,0.09950055016957678,0.2583037040007094,-0.3198693339613552,0.14014623927893596,0.28391314571631604,-0.2992787167283869,NA,NA,NA,NA,NA,NA
13205,Mitchell,Georgia,4,0.16109976611464955,-0.04794911444517783,0.32645113275665477,0.22017530214778572,-0.1538255977172201,0.6201614028826403,0.00116649080759491,0.00117221361732655,1.3615898061313507,-2.061266456184206,3.4228562623155563,2.237395658487783
13207,Monroe,Georgia,4,0.08048745392953223,-0.30405305501410074,0.6493700892362576,-0.014124726765080661,-0.2882060726843613,0.47409662452443063,0.00102875842384085,0.00161156649011426,0.37372589804374784,-0.18821486575506013,0.561940763798808,0.36732007682969653
13209,Montgomery,Georgia,4,-0.20012295554501702,-0.18154405481099958,-0.030673087892027606,-0.18082549775680326,-0.15763990875237166,-0.03647473596439871,NA,NA,NA,NA,NA,NA
13211,Morgan,Georgia,4,-0.044703005317660915,-0.637211076696045,1.0359782476818695,-0.0018889268110926505,-0.6410403140756207,1.1287138292402839,0.00118167649740144,0.00156955481387405,1.470506783173378,-0.36731927560909916,1.8378260587824773,1.2013195208477447
13213,Murray,Georgia,4,0.1243609739980213,-0.747423296854246,1.5104620458044675,0.13302641276497076,-0.7295185576380165,1.5110219554664426,8.6568933172265e-4,0.00184605142844057,-0.7958615746876527,0.8114426165712072,-1.60730419125886,-1.0506358268632032
13215,Muscogee,Georgia,4,0.14390500679549534,0.16539597450307478,-0.08144767934473535,0.19606038084583285,0.14441124342869935,0.044051463661310186,0.00110056887495913,0.00140614507488247,0.888775089451841,-1.0639685761308746,1.9527436655827155,1.2764369475914317
13217,Newton,Georgia,4,-0.050665766217048026,-0.7726921924623649,1.2672081601490288,-0.05298146874835182,-0.7448339665624555,1.2307902632982546,0.00100910624238654,0.00146270014405814,0.23277371058602336,-0.8228626933032839,1.0556364038893071,0.6900308181231611
13219,Oconee,Georgia,4,-0.408059660347257,-0.7872006474584974,0.7045095340558394,-0.4421630070816149,-0.9222982231124515,0.905920980198218,9.8547019246537e-4,0.00176708232415364,0.06324785173953909,0.4747810956372835,-0.41153324389774437,-0.26900419493435523
13221,Oglethorpe,Georgia,4,0.10124780182477311,-0.02268327760770658,0.1829412095840619,0.04249125632953743,0.007042371949873276,0.03693658765180778,NA,NA,NA,NA,NA,NA
13223,Paulding,Georgia,4,-0.08054350548083271,-0.9515681425806892,1.5362661363299386,-0.2794529116295481,-0.9275136005240933,1.1845172206910783,8.8884029772453e-4,0.00167834949775013,-0.6298149041278955,0.0964948207261502,-0.7263097248540458,-0.4747620409881208
13225,Peach,Georgia,4,0.015513298232110997,0.026468701005625907,-0.04568722169637268,0.06810562932950492,0.04996843848108947,0.0021398662224037523,0.00109656836190804,0.00113819942090087,0.8600820373947301,-2.2062759659844824,3.0663580033792126,2.0043658156678466
13227,Pickens,Georgia,4,0.12851939139507162,-0.40555800909180284,0.9090612546322048,0.10919832497550237,-0.3898384767879532,0.86087449036897,9.6503061004585e-4,0.00188127596234427,-0.08335184557406074,0.9616120437831471,-1.044963889357208,-0.6830545866225419
13229,Pierce,Georgia,4,0.4960005040585045,-0.6484869068442098,1.9464040394141497,0.5378336396909942,-0.6209092092532104,1.9855418584517845,0.00113438030370974,0.00162442214285559,1.13128225612693,-0.13340857608550863,1.2646908322124386,0.8266820340878644
13231,Pike,Georgia,4,-0.05820599462326831,-0.740054564474883,1.196722818732554,7.569072089845068e-5,-0.7196038468163435,1.2732163511542043,0.00108513310314891,0.00163099501969889,0.7780644384837977,-0.1053870512757989,0.8834514897595966,0.5774798519688628
13233,Polk,Georgia,4,0.8367645008122077,-0.23288455906593614,1.768090426117431,0.8746861864419399,-0.2032906881999112,1.7920468487993546,0.00104310376289503,0.00165667305643429,0.47661559119106606,0.004083696556498835,0.47253189463456724,0.30887677674117753
13235,Pulaski,Georgia,4,0.14562918447744463,0.2618142227941289,-0.25015632618155903,0.20457582416389195,0.16931906633340765,0.013358508264452007,NA,NA,NA,NA,NA,NA
13237,Putnam,Georgia,4,-0.048831062295203065,-0.15605637829244384,0.17310792618631332,-0.06442571354095539,-0.17575832972352354,0.18869547708547108,0.00108391911075733,0.0012121675768229,0.7693572685674159,-1.890934515701504,2.66029178426892,1.738935214418673
13239,Quitman,Georgia,4,0.29929240922215083,0.0905080726601076,0.3076660239952041,0.3217854271597174,0.07890709634485607,0.36984751549943173,NA,NA,NA,NA,NA,NA
13241,Rabun,Georgia,4,0.25889336639609334,0.3295944147430401,-0.18424169826974862,0.28648913666609627,0.35955311758398345,-0.1931359690445364,NA,NA,NA,NA,NA,NA
13243,Randolph,Georgia,4,1.1554584347917711,0.9726143732391656,0.14804676694294572,1.2145205085978323,0.7783808070144885,0.589356682145822,NA,NA,NA,NA,NA,NA
13245,Richmond,Georgia,4,0.12350674337502077,0.4043371499868784,-0.5401623063946043,0.18229867354510296,0.3010192765104846,-0.26028915694549926,0.00112146021446821,0.00142452562106936,1.0386149435959204,-0.9856085302527953,2.024223473848716,1.32316067784112
13247,Rockdale,Georgia,4,0.6237785846659619,-0.5492439518640481,1.9802396648358225,0.6822688379267694,-0.5210944360569354,2.0450634917600454,9.8405068588033e-4,0.00136858854948705,0.05306666352197543,-1.224079762331935,1.2771464258539105,0.8348237990355005
13249,Schley,Georgia,4,0.48771083598999815,-0.8603434908118828,2.3096898877578083,0.37275557960929157,-0.8405921563330503,2.107379448031892,NA,NA,NA,NA,NA,NA
13251,Screven,Georgia,4,0.07084376627496715,-0.16267745531288957,0.3819539100727411,0.1299130279374833,-0.1378356786744463,0.4420650905024194,0.00139573853241116,0.00139971324890036,3.0058331364548656,-1.0913887721312212,4.097221908586087,2.678203759549637
13253,Seminole,Georgia,4,0.7520025444765562,0.14236650517212973,0.9608664085208476,0.8104086656259376,0.1365068202918191,1.0747608179409087,NA,NA,NA,NA,NA,NA
13255,Spalding,Georgia,4,0.417961273911893,-0.22106699903528476,1.0574311206018412,0.463364369275604,-0.20203343059924306,1.1092152694319635,0.00105358219087248,0.00139838697433782,0.5517704714761696,-1.0970429531610373,1.6488134246372068,1.0777688910150214
13257,Stephens,Georgia,4,0.20048047490020546,0.1268785141571517,0.08024426654541586,0.25328463098071136,0.1402642277496184,0.14619048630247805,9.7131599984978e-4,0.00170678495104207,-0.038270873573667076,0.21772100203025452,-0.2559918756039216,-0.16733250454896287
13259,Stewart,Georgia,4,0.23580355420834032,-0.18019838538208793,0.6847626446968147,0.24029870781263593,-0.1680299531560126,0.6789959564445515,NA,NA,NA,NA,NA,NA
13261,Sumter,Georgia,4,0.2440901251778735,-0.0642886692361293,0.4921808238071031,0.3031373638390729,-0.0550140100441856,0.5797735369736727,0.00117490014306179,0.00140435354092633,1.42190444508776,-1.0716062535735278,2.4935106986612876,1.629916532867623
13263,Talbot,Georgia,4,0.23958264192120352,0.1781531416488683,0.0534048242631196,0.24088664420793096,0.18400747760885416,0.04702945587634316,NA,NA,NA,NA,NA,NA
13265,Taliaferro,Georgia,4,-0.32923590422197274,0.010706152523555989,-0.5853328415842123,-0.3842590529022009,0.04071773621371518,-0.7297084464607854,NA,NA,NA,NA,NA,NA
13267,Tattnall,Georgia,4,0.22702401793529292,0.19336555718948242,0.00565883016201868,0.2722000326509205,0.16844617129556316,0.12681860669677292,0.00117483295117989,0.00135938552906403,1.4214225218592766,-1.2633141297567239,2.6847366516160003,1.754913928066925
13269,Taylor,Georgia,4,-0.1235534358043283,-0.26816788649073303,0.24953368023104852,-0.07769898216979801,-0.2514300723010134,0.30278622372955466,NA,NA,NA,NA,NA,NA
13271,Telfair,Georgia,4,-0.4114737099683537,0.22651793002984394,-1.1047252560391925,-0.3906580332659712,0.200187951802251,-1.0270127432045002,NA,NA,NA,NA,NA,NA
13273,Terrell,Georgia,4,0.693528659242431,-0.19806605485459888,1.4702780773226496,0.7506215116149245,-0.17304443486926507,1.5323893286571653,NA,NA,NA,NA,NA,NA
13275,Thomas,Georgia,4,0.7202717225923726,-0.2828799264895721,1.6652164993506797,0.7613396345107418,-0.2545506030544988,1.6966660166654757,0.00100261679328699,0.00132498280558214,0.18622915531088763,-1.4099800102458768,1.5962091655567645,1.0433834152997992
13277,Tift,Georgia,4,0.24450630720262137,-0.21143117817348123,0.7546627985542186,0.3004945787454217,-0.18783821244447974,0.814209656846973,9.7026838938382e-4,0.00148476067480183,-0.045784695238908685,-0.7288141169664556,0.6830294217275469,0.44647129346845593
13279,Toombs,Georgia,4,1.0570932021991097,0.258130530019982,1.257284127091959,1.0987950121938836,0.2789588815640765,1.2958043975740434,0.00107985118847697,0.00132351146836813,0.7401807343919192,-1.4162526231715027,2.156433357563422,1.4095814320776259
13281,Towns,Georgia,4,0.756500368440304,0.14774708297304312,0.9586997198675308,0.8147651451845448,0.1673863665875346,1.0264497094703253,9.4237264605315e-4,0.00193082672155098,-0.2458625365899414,1.1728571137202342,-1.4187196503101756,-0.927365025859407
13283,Treutlen,Georgia,4,0.0029673280170966487,-0.0856579273011516,0.13314985838098972,0.029063361192379344,-0.056124294157504286,0.12828821516143485,NA,NA,NA,NA,NA,NA
13285,Troup,Georgia,4,0.48773710286048994,-0.3735879734884763,1.4436953899740437,0.5356524812154032,-0.3450107546311084,1.4858863143961272,9.6007788876099e-4,0.00160232700894892,-0.11887446175753481,-0.22760467281759963,0.10873021106006482,0.07107295297514815
13287,Turner,Georgia,4,0.9073044731297646,0.26551724385882797,0.9974880652119266,0.9459887284065287,0.28607927971956604,1.030169859196121,NA,NA,NA,NA,NA,NA
13289,Twiggs,Georgia,4,0.2936338497893896,0.5178703750022648,-0.46201685092614275,0.3381106786912882,0.5201651769952951,-0.3964927436458062,NA,NA,NA,NA,NA,NA
13291,Union,Georgia,4,0.11257588724265792,0.4885618607937527,-0.7080149000783307,0.1576726501796802,0.5113767034416297,-0.6792435683821961,NA,NA,NA,NA,NA,NA
13293,Upson,Georgia,4,0.10133579764498561,-0.14902219699949348,0.4078689215192979,0.15099713213910504,-0.13707111056907884,0.4755761073822543,0.00136646177836281,0.00137593911190065,2.7958502124537405,-1.1927428041097574,3.988593016563498,2.6071970351149805
13295,Walker,Georgia,4,0.4730886474604545,0.258027187867733,0.2958013980000282,0.5309469852536767,0.26741607071390605,0.3769989487505785,9.8181875387249e-4,0.00160821121718403,0.03705848145356934,-0.20251908381653522,0.23957756527010454,0.15660307162409967
13297,Walton,Georgia,4,0.05555466763779251,-0.7450175177557921,1.3928799420310554,0.09227845214448309,-0.7262566420618428,1.4377358724694211,9.9395340806729e-4,0.0015635793559106,0.12409238437048815,-0.392793880955291,0.5168862653257792,0.33786960285311624
13299,Ware,Georgia,4,0.2089023136787617,0.21639725461907044,-0.06515986151347242,0.25446628066207194,0.190124865385736,0.05849961143657617,0.00110924075940823,0.00149537016480021,0.9509728197813245,-0.683583680690898,1.6345565004722227,1.068449662340036
13301,Warren,Georgia,4,-0.1856511192120077,-0.24331626425088007,0.10306275668415882,-0.20142119989513252,-0.21923540418807086,0.04019221454509969,NA,NA,NA,NA,NA,NA
13303,Washington,Georgia,4,0.39445566393645914,-0.20680481612013407,0.9933496399998858,0.45208932267894353,-0.19026650277096785,1.0694034972124444,0.00105839381024589,0.00132187749252378,0.5862810563429379,-1.4232185980029939,2.009499654345932,1.3135362567999629
13305,Wayne,Georgia,4,1.280462124569618,0.09040179774574672,1.9235242548113443,1.3104236080557452,0.08191087391783364,2.0002429447293113,0.0012805621397265,0.00180369871089833,2.179748534593419,0.6308842775574106,1.5488642570360083,1.012435784240299
13307,Webster,Georgia,4,-0.6754469664475237,0.040418468481471126,-1.2082947685552552,-0.6281462984815017,0.05980122300259418,-1.1675539272727542,NA,NA,NA,NA,NA,NA
13309,Wheeler,Georgia,4,-0.8075465052133959,0.41431909290698166,-2.0910657633174905,-0.8725821374470728,0.42457469832439704,-2.2278341370648556,NA,NA,NA,NA,NA,NA
13311,White,Georgia,4,-0.3454696003139562,-0.35747505269325563,0.0430052780632274,-0.29819769465611795,-0.3314954829143633,0.08190225536377149,0.00102906021579739,0.00211313851182429,0.3758904534917192,1.950089743516664,-1.5741992900249449,-1.0289963665356108
13313,Whitfield,Georgia,4,0.47143188901080785,-0.5212544401799928,1.6795748626706843,0.4839295268298831,-0.49380142719734793,1.6678212450676477,9.9451480557704e-4,0.00179376443787025,0.1281189199088737,0.5885324299936562,-0.4604135100847825,-0.3009554330148645
13315,Wilcox,Georgia,4,-0.41625526206407043,-0.11848566861053636,-0.49876686838778594,-0.35895024509759876,-0.1564634109898079,-0.3333143556927244,NA,NA,NA,NA,NA,NA
13317,Wilkes,Georgia,4,0.39052332893548,0.4022681945643697,-0.09679126539555183,0.4202310317699715,0.431668150215217,-0.1015051792048477,NA,NA,NA,NA,NA,NA
13319,Wilkinson,Georgia,4,-0.2773666778478255,0.12406980148331659,-0.7016181515884236,-0.21899458895689908,0.09181427001651325,-0.5481307368605979,0.00103230981794879,0.00132142269966801,0.39919771496149875,-1.425157473414029,1.8243551883755278,1.1925141066980511
13321,Worth,Georgia,4,0.04784727593747992,0.059144785419818637,-0.05058106546216033,0.10418496935006212,0.0428574378085372,0.07462166441130431,0.00128386633564213,0.00130638095404853,2.203447361269721,-1.4892835262986561,3.692730887568377,2.413802807547615
15001,Hawaii,Hawaii,4,0.8018598122825674,0.10410049213297523,1.1110482753753796,0.8428163930379453,0.13223350700815223,1.1360656149866477,0.001010895737572,0.00197438178645582,0.24560858397766575,1.3585413066415677,-1.1129327226639019,-0.7274833212519066
15003,Honolulu,Hawaii,4,0.7859676559378328,-0.6448176228184176,2.417357736262771,0.8104409825684806,-0.6446744348740902,2.4793249224078697,9.5165643028749e-4,0.00188643910210675,-0.1792760510764583,0.9836235696947898,-1.162899620771248,-0.760144850783342
15005,Kalawao,Hawaii,NA,-0.5314395882730095,NA,NA,-0.48324140881774885,NA,NA,NA,NA,NA,NA,NA,NA
15007,Kauai,Hawaii,4,0.727289229870602,-0.31271084887189743,1.7298473840787452,0.7827039718283451,-0.2856635683468619,1.7879543374446967,9.3697584223402e-4,0.0014437923237242,-0.2845702650604489,-0.9034706172331384,0.6189003521726895,0.40455247163986013
15009,Maui,Hawaii,4,0.8418420970200527,-0.41063042211798945,2.092697876624013,0.8964856041874674,-0.3940478024268502,2.1710843462439255,9.6240410487248e-4,0.00205691258732167,-0.10219004175173405,1.7103870720745504,-1.8125771138262845,-1.1848152111434986
16001,Ada,Idaho,4,-0.4227998011749146,-0.10101348669908942,-0.5406301972170446,-0.36656483655079897,-0.0732679134014832,-0.4954932544677362,9.5596120759532e-4,0.00199186460896906,-0.14840071138616998,1.4330741720029307,-1.5814748833891008,-1.0337521551981685
16003,Adams,Idaho,4,-0.014379927101069242,0.8118393972469479,-1.4922470036375353,-0.04358661085371559,0.8353762615514022,-1.5947752953257928,NA,NA,NA,NA,NA,NA
16005,Bannock,Idaho,4,-0.20090787339529736,-0.03132176359556318,-0.29924181466954286,-0.14184205028465008,-0.0024082327209852704,-0.2510688790433021,8.8293395070184e-4,0.0017735841833185,-0.6721772512631544,0.5024998574885844,-1.1746771087517387,-0.7678433629194068
16007,Bear Lake,Idaho,4,0.5331074494152376,-0.3997852119241904,1.5650159272405801,0.42244753339508057,-0.43093430785001335,1.4530626380344493,NA,NA,NA,NA,NA,NA
16009,Benewah,Idaho,4,-0.1547131159814979,-0.0020823971101982973,-0.27519681272779123,-0.1396051090845092,0.02413020829484529,-0.29508195426684747,NA,NA,NA,NA,NA,NA
16011,Bingham,Idaho,4,0.5696737443144279,-0.6113316591535757,2.0016132404338904,0.6276378181060848,-0.6001331915413728,2.0967775602657506,0.00110694975295844,0.00204720816144133,0.9345409355486041,1.669015110138715,-0.7344741745901109,-0.48009884247596835
16013,Blaine,Idaho,4,-0.4174876553502133,0.21190380633723782,-1.0886267598144335,-0.408812483688443,0.23797832536154426,-1.1249955252180193,0.00102729122022382,0.00211471034990494,0.3632026103493465,1.956790812291242,-1.5935882019418957,-1.041670187467969
16015,Boise,Idaho,4,-0.43312637063481646,0.3238969201385878,-1.3136373504693544,-0.4558603327247253,0.34014310883684085,-1.386525986451057,NA,NA,NA,NA,NA,NA
16017,Bonner,Idaho,4,-0.7309608006544476,0.26019790547654054,-1.6907407249758548,-0.8490267921932201,0.27342376467027635,-1.9171005025204275,0.00114154148759199,0.00191776754452643,1.1826447237154207,1.117183158203962,0.06546156551145876,0.0427898255867936
16019,Bonneville,Idaho,4,0.46239332693354696,-0.26410637649625146,1.2071722064514976,0.4939578086609677,-0.23452532159788145,1.2182532328525095,8.6801143262473e-4,0.00205767984661706,-0.7792066703755439,1.7136580561343178,-2.4928647265098616,-1.6294942845532527
16021,Boundary,Idaho,4,-0.6277388105697111,0.3791616139795947,-1.7324282968263336,-0.6176671104937612,0.4091178002545911,-1.7782625010570219,NA,NA,NA,NA,NA,NA
16023,Butte,Idaho,4,0.481334944965272,0.4923058585313158,-0.10744935181520232,0.38505824887058554,0.47950129624442484,-0.24570263307422546,NA,NA,NA,NA,NA,NA
16025,Camas,Idaho,4,2.3686906733524835,1.1082664546990815,1.9044949903820683,2.385547356768969,0.8477359512515626,2.402236296737,NA,NA,NA,NA,NA,NA
16027,Canyon,Idaho,4,0.13197548162577152,-0.5742635718156284,1.2149140635969278,0.177511700212055,-0.547916107481617,1.258118276734772,8.6191271774049e-4,0.00173695435193771,-0.8229487458094177,0.3463393583216848,-1.1692881041311025,-0.7643207681570942
16029,Caribou,Idaho,4,0.7142344991328192,-0.41941841854544376,1.8982050850327408,0.7041742119123026,-0.49317462462463657,2.0311101017468514,NA,NA,NA,NA,NA,NA
16031,Cassia,Idaho,4,-0.004517637875397051,-0.9762140432809405,1.7053062532044316,0.048396282979376794,-1.0191779332124202,1.8917811538164,NA,NA,NA,NA,NA,NA
16033,Clark,Idaho,4,1.304447077690939,0.49258981617088865,1.247444863070419,1.2400723383496384,0.49840525577931105,1.1350115690932714,NA,NA,NA,NA,NA,NA
16035,Clearwater,Idaho,4,-0.7531583365391126,0.6191602639058773,-2.3659604360694866,-0.7766577037131451,0.6086928740816863,-2.4001499529082317,NA,NA,NA,NA,NA,NA
16037,Custer,Idaho,4,0.25322205871941605,1.188950561217716,-1.7225510846788112,0.2646073025309961,1.187912083805307,-1.718674488125771,NA,NA,NA,NA,NA,NA
16039,Elmore,Idaho,4,-0.012661349222654236,0.23539227591428363,-0.46379957895076274,0.0017987665114763314,0.2556782064300071,-0.47742328932296507,NA,NA,NA,NA,NA,NA
16041,Franklin,Idaho,4,0.9637501893947334,-1.181255590714397,3.6645410673839685,0.6017161797356797,-1.249842220405006,3.222020275483013,NA,NA,NA,NA,NA,NA
16043,Fremont,Idaho,4,0.8143243066500419,-0.956501143827645,3.018600782932593,0.7888767456756213,-0.9757177210461224,3.038838095747388,NA,NA,NA,NA,NA,NA
16045,Gem,Idaho,4,-0.197323586374644,0.1082414932992611,-0.5416512693322963,-0.19329354521817635,0.13184713758958225,-0.5775822788413185,8.499321945006e-4,0.00160353259754697,-0.9088771686400666,-0.22246500085721613,-0.6864121677828505,-0.4486824705550428
16047,Gooding,Idaho,4,-0.5708827348389319,0.06849765223501417,-1.0860699204837523,-0.6773446509691609,0.09745889774185353,-1.316663218076588,NA,NA,NA,NA,NA,NA
16049,Idaho,Idaho,4,-0.11238365196870952,0.18774052147092,-0.5432277247475645,-0.06658969699260368,0.18271215346726974,-0.4593905265626922,NA,NA,NA,NA,NA,NA
16051,Jefferson,Idaho,4,1.0329234453585867,-1.015465016569459,3.4834716601254554,0.9351632580129999,-1.0818033100805426,3.471617716788942,NA,NA,NA,NA,NA,NA
16053,Jerome,Idaho,4,-0.04303542710177862,-0.752541074662033,1.2439198950835253,-0.0770124790446115,-0.7311424952903486,1.166412336521029,NA,NA,NA,NA,NA,NA
16055,Kootenai,Idaho,4,-0.034348894947122934,-0.1346252331731877,0.15882497514105812,0.0031586011207141254,-0.10533379925392956,0.17390165764022805,9.4929956008728e-4,0.00183675829469595,-0.19618033272304758,0.7718240775367715,-0.9680044102598191,-0.6327489964323498
16057,Latah,Idaho,4,-0.5298286820400059,0.07657969891180598,-1.0328467913282067,-0.5823793238645424,0.087060853212569,-1.1408390659205025,8.9398966284258e-4,0.00196273843255545,-0.5928818909102482,1.3089032960769822,-1.9017851869872304,-1.2431272582457442
16059,Lemhi,Idaho,4,0.4355340372957947,1.7396150461239859,-2.402087120162421,0.49163397151962845,1.6962612925195049,-2.25701446111924,NA,NA,NA,NA,NA,NA
16061,Lewis,Idaho,4,0.10658711109047607,0.4653827117453516,-0.6766360240841716,0.16543036147753637,0.4849038910892191,-0.6188113846902719,NA,NA,NA,NA,NA,NA
16063,Lincoln,Idaho,4,0.2156579967106628,-0.35369432335020423,0.9602742327957318,0.20180606571166093,-0.33525680806947455,0.9159686975035984,NA,NA,NA,NA,NA,NA
16065,Madison,Idaho,4,0.9820443384508989,-1.7456400171562887,4.698821091563757,1.0404315621683589,-2.290073393263773,5.8181813758349366,7.6917970269681e-4,0.0019893721496893,-1.4880617435875885,1.4224483058548112,-2.9105100494424,-1.9024937214869102
16067,Minidoka,Idaho,4,-0.025212472369043882,-0.4918832367766773,0.8095048611669278,0.0325664642860998,-0.48585055434550667,0.9067029483421658,NA,NA,NA,NA,NA,NA
16069,Nez Perce,Idaho,4,-0.1852652299033264,0.35474043398954413,-0.960367154139726,-0.13394969822037636,0.3778103489855058,-0.9216173162006791,9.5608726435696e-4,0.00169088006286832,-0.14749658904543614,0.1499151950477777,-0.29741178409321384,-0.19440718029541412
16071,Oneida,Idaho,4,0.3316211461245719,0.018078699467471183,0.48976768456513325,0.31344717233554087,-0.05713110340743248,0.6006384864312686,NA,NA,NA,NA,NA,NA
16073,Owyhee,Idaho,4,0.17246522538602038,-0.4573221597137153,1.0735248532642556,0.1743657911035095,-0.46074112749009355,1.096178400418073,NA,NA,NA,NA,NA,NA
16075,Payette,Idaho,4,0.09971313953501733,-0.3210310798070122,0.7112359577052542,0.15687082092007343,-0.30645385194302033,0.7898333046697521,0.00101943247078186,0.0015509237560171,0.3068369632530292,-0.4467473042206243,0.7535842674736535,0.49259040962755013
16077,Power,Idaho,4,1.02400068063192,-0.314424664554255,2.2214843964507747,1.0001675369093435,-0.3330368724622166,2.232942485243803,NA,NA,NA,NA,NA,NA
16079,Shoshone,Idaho,4,-0.5839747465097038,1.1272784697767182,-2.9914161371955976,-0.8925811593934364,0.9968461173293196,-3.2898294151687066,NA,NA,NA,NA,NA,NA
16081,Teton,Idaho,4,-0.3308840732516986,-0.047756902907865315,-0.4840290942462658,-0.3824218282663354,-0.037018446397792636,-0.5869042273454835,NA,NA,NA,NA,NA,NA
16083,Twin Falls,Idaho,4,-0.22273658565335405,-0.1993918433252253,-0.036155551016767595,-0.1663509607036728,-0.17414840306022356,0.01715591112999676,8.8722757949567e-4,0.00173100906153345,-0.6413818725399911,0.3209933634802141,-0.9623752360202052,-0.6290694115946088
16085,Valley,Idaho,4,-0.5117342135735806,0.20632517113335008,-1.2338948211272047,-0.4579198803948253,0.23633306244813984,-1.2032903189379796,NA,NA,NA,NA,NA,NA
16087,Washington,Idaho,4,0.16548288892414317,0.41114409715497563,-0.4831521255842429,0.2223211994814013,0.42734877289984424,-0.4211998974153365,NA,NA,NA,NA,NA,NA
17001,Adams,Illinois,4,0.17150046617970435,0.1074312468318265,0.0671242375260249,0.16084865941692963,0.1364351191691442,1.3084498688975543e-4,9.3685117816539e-4,0.00166920277766007,-0.2854643985291238,0.05750047319134994,-0.34296487172047374,-0.22418356372408782
17003,Alexander,Illinois,4,-0.14491801984597766,1.155371763618523,-2.318415451507343,-0.09925675753654817,0.97532649021841,-1.9385078232062403,NA,NA,NA,NA,NA,NA
17005,Bond,Illinois,4,-0.49864909285698217,0.6841646147656207,-2.0625220896523917,-0.4516339092348754,0.686052547254439,-2.001454551223281,8.0113059668529e-4,0.00172715108966176,-1.2588989705195432,0.30454603651897333,-1.5634450070385166,-1.0219666859939844
17007,Boone,Illinois,4,-0.08691760233686426,-0.33600615244413934,0.4305592156253737,-0.031727040420848854,-0.3126337135314879,0.48889115302254027,9.7852754281548e-4,0.00158824114643852,0.013452786638000836,-0.2876555995596199,0.3011083861976207,0.1968235135754895
17009,Brown,Illinois,4,-0.8978554942143296,0.6708169360374475,-2.6961376489204465,-0.9880195621862476,0.6325211321509256,-2.792709858666209,NA,NA,NA,NA,NA,NA
17011,Bureau,Illinois,4,-0.45056891801165083,0.16757379130830002,-1.0642287234097647,-0.42854929604840875,0.19759005983107605,-1.0850366131632254,0.00114263765874539,0.00163398500891007,1.1905068392906812,-0.09264011278002418,1.2831469520707055,0.8387461230471482
17013,Calhoun,Illinois,4,-0.2943240406248297,-0.2446196929300161,-0.07356732631340701,-0.268550764004112,-0.21581316036396317,-0.0770330029534852,NA,NA,NA,NA,NA,NA
17015,Carroll,Illinois,4,-0.4908947326016156,0.5177123751778325,-1.7536005436321478,-0.43222134206572566,0.5477287967639083,-1.720637938253287,0.00114878461425213,0.00167766393635613,1.2345949130190195,0.09357213161017663,1.141022781408843,0.7458447628860558
17017,Cass,Illinois,4,0.23480634957687763,-0.15698431985709552,0.6418179945177537,0.2869447893479728,-0.1559476530931407,0.7344531886679015,NA,NA,NA,NA,NA,NA
17019,Champaign,Illinois,4,-0.37953425081522923,0.07874971943318052,-0.7892213891819782,-0.34851138080992317,0.10681587003176818,-0.7894004565923042,8.7987710834664e-4,0.00172834924288904,-0.6941019733445478,0.30965400996568176,-1.0037559833102296,-0.6561184891007285
17021,Christian,Illinois,4,-0.7588366328965984,0.8572185551701625,-2.7988652069402704,-0.7834427293999172,0.8409737220553705,-2.829001550935906,8.5701628062481e-4,0.00174138257553013,-0.8580676726221418,0.3652177855638473,-1.223285458185989,-0.79961685898695
17023,Clark,Illinois,4,0.4531037413178709,-0.32896963860288475,1.3072802908229506,0.47010526727072155,-0.30280991792800105,1.3015579799977992,9.3497103722448e-4,0.0016499355020801,-0.29894941437666295,-0.024639882325881393,-0.27430953205078157,-0.17930608505220894
17025,Clay,Illinois,4,-0.3082502373860923,0.6367319060536765,-1.664604259458219,-0.3011189057576549,0.6396640142935831,-1.669009725377165,NA,NA,NA,NA,NA,NA
17027,Clinton,Illinois,4,-0.3233194770122388,-0.10866742116096875,-0.3632003649377842,-0.27070212908584895,-0.11215860916469297,-0.26695645686362496,0.00106732495168732,0.00170182626691918,0.6503382667646234,0.1965811125289452,0.4537571542356782,0.29660441721495767
17029,Coles,Illinois,4,-0.15045507878074024,0.251692817568766,-0.7197032818110274,-0.09247307020110519,0.26488451946768754,-0.6499573436202892,8.4133058298962e-4,0.00172998827870373,-0.970570877348841,0.31664155649063414,-1.287212433839475,-0.84140357944088
17031,Cook,Illinois,4,0.218979479937622,-0.24886455662006224,0.7792300175701358,0.27682766144632087,-0.2291580827737941,0.8493407979313858,9.759036258406e-4,0.00182953516945957,-0.005366846092169402,0.7410304101913724,-0.7463972562835418,-0.48789252388479
17033,Crawford,Illinois,4,-0.591081782758439,-0.09962166130147472,-0.8202125297814253,-0.5550393201496696,-0.07293532419488016,-0.8079402083786336,0.00106149866480408,0.0016558065558423,0.6085501384157056,3.8962645372123773e-4,0.6081605119619844,0.39753223181125913
17035,Cumberland,Illinois,4,-0.611566236640233,0.01186793177185349,-1.0523066179793705,-0.667263025511189,-0.006197935221356532,-1.1136142907337965,NA,NA,NA,NA,NA,NA
17037,De Kalb,Illinois,4,-0.12765524685271848,-0.20457337559923455,0.12963166546420607,-0.06905735921902202,-0.18062009900870032,0.18977310792959476,9.5976326477718e-4,0.00155188858923046,-0.12113105290736652,-0.44263402194408813,0.3215029690367216,0.21015470472226722
17039,De Witt,Illinois,4,-0.7001762461837281,0.5418407437703263,-2.141148810130231,-0.695605039649832,0.5716774850242732,-2.199489456037253,9.8410251154384e-4,0.00162096083115296,0.053438374960482773,-0.14816485922631423,0.201603234186797,0.13178064351480703
17041,Douglas,Illinois,4,0.13984928617251288,-0.0053946783731407075,0.21574540935946096,0.17902095215497069,-0.0013494593416096962,0.27792591134461836,0.00102386511954962,0.00171846930642601,0.3386294409227566,0.2675338103457312,0.07109563057702539,0.04647260737816476
17043,Du Page,Illinois,4,-0.005612064066946994,-0.5523999823938063,0.9494520776022869,0.032190573877485064,-0.5914758838410504,1.0959881423794673,9.8177056227224e-4,0.00196203130506901,0.03671283476349926,1.305888666276774,-1.2691758315132746,-0.8296137137130065
17045,Edgar,Illinois,4,-0.4406701616896473,-0.09132811678507509,-0.5872891571284381,-0.38925263103131075,-0.06509118243919934,-0.5477335757038201,0.00105161379395761,0.00169693084766063,0.5376524535054408,0.17571093414621503,0.36194151935922575,0.2365879026111856
17047,Edwards,Illinois,4,0.23882722916476173,-0.26738792394075794,0.8448697044441157,0.293521898361478,-0.23928265937730714,0.8951663010717965,NA,NA,NA,NA,NA,NA
17049,Effingham,Illinois,4,-0.19874307729075302,-0.33852375558845027,0.2508981617214783,-0.1453460427612618,-0.3248987243277572,0.32294934705924455,8.9811696088794e-4,0.00172135225158438,-0.5632794933781464,0.27982439804518655,-0.843103891423333,-0.5511061060590985
17051,Fayette,Illinois,4,-0.04687349641903,0.19550673122536563,-0.4491713665161897,0.012203368954901003,0.22541858987088043,-0.40580315640651005,NA,NA,NA,NA,NA,NA
17053,Ford,Illinois,4,-0.13602725161019266,0.4812143168622455,-1.1043110696661367,-0.0815178101795709,0.5098514330933874,-1.072264630628831,0.00108927384414725,0.00162180422221396,0.8077632534865403,-0.14456930980350907,0.9523325632900494,0.6225048845902311
17055,Franklin,Illinois,4,-0.10917467642828078,0.383112805574177,-0.8855508848780521,-0.052835277742985,0.3928445196349686,-0.81443619688626,7.7166349322698e-4,0.00156236456724446,-1.4702471457920105,-0.3979727746966966,-1.072274371095314,-0.7009064473462264
17057,Fulton,Illinois,4,-0.49338210820304584,0.24461918028850613,-1.2718077246077206,-0.5430716879497611,0.2711306028690051,-1.4067456984422595,0.00114767297059882,0.00188706926000045,1.226621823366259,0.9863100623027182,0.24031176106354069,0.1570829884990206
17059,Gallatin,Illinois,4,0.0560850125877345,0.2608634705273402,-0.3959150297819084,0.0987463898506572,0.27539255999623263,-0.35245927787921505,NA,NA,NA,NA,NA,NA
17061,Greene,Illinois,4,-0.02091477442845623,0.19696185845768516,-0.40901471751609014,0.03726369958899093,0.22672453330109227,-0.36668645016651913,NA,NA,NA,NA,NA,NA
17063,Grundy,Illinois,4,-0.7749272692229914,-0.3600930755178393,-0.6595145888425307,-0.7660215754737205,-0.33967247861394145,-0.6774552247306574,7.3390861012535e-4,0.00171203948815535,-1.741038119952199,0.24012217363191043,-1.9811602935841093,-1.2950118555766648
17065,Hamilton,Illinois,4,-0.5269165497691404,0.2484407725365499,-1.3338274978655562,-0.4680422837417481,0.27578672225805495,-1.2909737894575657,NA,NA,NA,NA,NA,NA
17067,Hancock,Illinois,4,-0.6774225074264519,0.5262824991567365,-2.0759994590301205,-0.6294588163403545,0.5538270343114916,-2.057950337314996,0.00117653948547634,0.00196914920762529,1.433662371293574,1.336233747712038,0.09742862358153603,0.0636855195509429
17069,Hardin,Illinois,4,-0.2060975303680382,0.19699293018078246,-0.7140060991526875,-0.18174264938177376,0.15517355651687045,-0.6004095324604635,NA,NA,NA,NA,NA,NA
17071,Henderson,Illinois,4,-0.7141350672794983,-0.010197359536157639,-1.1819456323798303,-0.8282363865111438,-0.00848337962678605,-1.3758509724958221,NA,NA,NA,NA,NA,NA
17073,Henry,Illinois,4,-0.6079234677147977,0.1543082871868895,-1.2997387193471277,-0.5607610548356133,0.1777373644863529,-1.2680997657597364,0.00104839024436482,0.0016137814723443,0.5145320499238548,-0.17877194129567342,0.6933039912195282,0.4531874028848176
17075,Iroquois,Illinois,4,-0.33079469576130827,0.2819958722533185,-1.070579637438267,-0.2850344095976795,0.3117907070998089,-1.0529025440439732,0.00111098374725492,0.00162742369991227,0.963474126584051,-0.12061232148699795,1.0840864480710488,0.7086275690404645
17077,Jackson,Illinois,4,-0.12290748877726655,0.41401813444186253,-0.9631512940551541,-0.06930414272042014,0.43210729399713194,-0.9122772935156646,9.2486044439564e-4,0.00157582585396759,-0.3714660547828524,-0.34058454289568507,-0.030881511887167312,-0.02018611221995913
17079,Jasper,Illinois,4,-0.8371127211806776,-0.3012541017083228,-0.866600497711746,-0.7890848866165059,-0.29871161608878644,-0.7892605072529066,NA,NA,NA,NA,NA,NA
17081,Jefferson,Illinois,4,-0.06970066075976432,-0.018578933110746865,-0.10585808166298188,-0.014590130489227993,0.010585116477437494,-0.0638796156992174,9.1642420621936e-4,0.00180088887806814,-0.43197364920058173,0.618905382738688,-1.0508790319392698,-0.6869210984822858
17083,Jersey,Illinois,4,-0.5641379293477689,-0.08277241344952538,-0.805822981223276,-0.538215569162369,-0.053962826992046055,-0.8142149666319253,9.4627481915348e-4,0.00175597028675082,-0.21787481239713613,0.4274081964954202,-0.6452830088925563,-0.42179784716272256
17085,Jo Daviess,Illinois,4,-0.7240140652336521,0.35659961621017694,-1.8508200848360177,-0.6800648490065115,0.3559048175912264,-1.7858321868748823,9.5597642632185e-4,0.00167790047694812,-0.1482915574584136,0.09458055276653965,-0.24287211022495325,-0.15875659488472701
17087,Johnson,Illinois,4,-0.6028893107746098,0.14448203490848638,-1.2739661760671828,-0.6762967516329158,0.10400943694404445,-1.3267067916811768,NA,NA,NA,NA,NA,NA
17089,Kane,Illinois,4,0.26583664327517503,-0.5951234952560073,1.4724541731037553,0.32105541331990184,-0.5911226796427693,1.57330749024133,9.8510663651179e-4,0.00181416840307852,0.06064030371544208,0.675518727003434,-0.6148784232879919,-0.4019234841698248
17091,Kankakee,Illinois,4,-0.31749517232218155,-0.12129496508910649,-0.33114263236210917,-0.2609188363098029,-0.09189420361361661,-0.2872030868005193,9.862055752951e-4,0.00158147437934576,0.06852226968190696,-0.3165037183501893,0.38502598803209626,0.25167737351763764
17093,Kendall,Illinois,4,-0.6499690564291759,-1.0355236025484453,0.7479804008249324,-0.7407908701359597,-1.059811194181541,0.6590516888373041,7.8839168286261e-4,0.00167675746690065,-1.3502668307907688,0.08970766602812773,-1.4399744968188966,-0.9412585398301823
17095,Knox,Illinois,4,-0.7569081473089909,0.7848305557368923,-2.666896539224422,-0.8916618173342004,0.8039081976590637,-2.941419051826676,9.1905936579141e-4,0.00166745136911387,-0.41307338070651367,0.05003385861765558,-0.46310723932416925,-0.3027162250678934
17097,Lake,Illinois,4,-0.009247472507488941,-0.61741713377419,1.0591445633801018,0.04979948637728895,-0.6335469724252063,1.2007647136893316,0.00104691963655687,0.00177116809933638,0.5039843462043019,0.4921995949305953,0.011784751273706595,0.007703259884570079
17099,La Salle,Illinois,4,-0.5410036311106218,0.07147190588846711,-1.0421605078863874,-0.5118736333227315,0.10145773172589063,-1.0500652927265581,8.9029529366589e-4,0.00175315109270737,-0.6193791740714837,0.41538939290069826,-1.034768566972182,-0.676390278134838
17101,Lawrence,Illinois,4,-0.33682057783221503,0.25715275882013316,-1.0363013294762249,-0.44105833071866046,0.27031580952906326,-1.2364899414883994,9.3031705522908e-4,0.00162815028723753,-0.3323293698877406,-0.11751473039460636,-0.21481463949313423,-0.14041645484009296
17103,Lee,Illinois,4,-0.5363948840077682,0.3680068321206828,-1.5621677550679043,-0.4832042154678547,0.398006748362676,-1.5358039228714642,0.00129096083354122,0.00164568448335442,2.25433153410905,-0.042762848802822,2.297094382911872,1.5015263877855114
17105,Livingston,Illinois,4,-0.49367348967460795,0.01178378274875851,-0.8580256796954806,-0.4530707661843387,0.040506666127812396,-0.8431844892767119,9.6784886276142e-4,0.00182774693478807,-0.06313837024096224,0.733406798277192,-0.7965451685181543,-0.5206723757153324
17107,Logan,Illinois,4,-0.31161235362158585,0.1198180690108714,-0.7504449994650266,-0.25565796252990675,0.14930572188855526,-0.7121594903126875,9.9614244362933e-4,0.00158082571702152,0.13979289841314882,-0.319269099148453,0.4590619975616018,0.30007199882422747
17109,Mcdonough,Illinois,4,-0.6040537652028446,0.7109762952320363,-2.2837929606319545,-0.6161537654990866,0.7387186598548771,-2.3683583998257287,8.2475106356251e-4,0.00162727229601472,-1.0894848786103368,-0.12125778741807046,-0.9682270911922664,-0.6328945547945197
17111,Mchenry,Illinois,4,-0.4891672944756167,-0.5858804289101786,0.21276159788067472,-0.46576420357100456,-0.5923395433404949,0.2736273446611085,9.0635781784146e-4,0.00190563182712187,-0.5041732401194227,1.065446100832784,-1.5696193409522068,-1.02600262172539
17113,Mclean,Illinois,4,-0.4551267930631666,-0.1401191238190465,-0.5242853590609438,-0.40589955522164817,-0.12315476182270882,-0.47088314028741995,8.9459326623419e-4,0.00173980709914642,-0.5885526403076042,0.35850120595559826,-0.9470538462632025,-0.6190543807848936
17115,Macon,Illinois,4,-0.4340447539477999,0.08082076753848795,-0.8826673742596646,-0.3799615802676073,0.11083696101091225,-0.8486674539478825,9.8932020298641e-4,0.00155855559958471,0.0908614480182773,-0.41421118663132195,0.5050726346495993,0.33014746556185237
17117,Macoupin,Illinois,4,-0.6052943628920896,0.15199024110791345,-1.2912851554298737,-0.5655281332451169,0.16979479212385046,-1.2617071473941177,9.5218532095059e-4,0.00158317675909818,-0.17548266579435978,-0.3092461236005456,0.13376345780618581,0.08743626866686068
17119,Madison,Illinois,4,-0.44208855075706094,-0.03772054539809448,-0.6850036332266166,-0.3854982156327372,-0.00850819861915426,-0.6432538847755008,8.5832469652303e-4,0.00162489745260497,-0.8486832649222967,-0.13138223294047843,-0.7173010319818183,-0.46887338871169243
17121,Marion,Illinois,4,0.17295677065620976,0.24665176165065103,-0.1781795077112472,0.23202547020917166,0.266124221329438,-0.11527250652923693,9.7178347170457e-4,0.00160809678323458,-0.03491800505569788,-0.20300693926096744,0.16808893420526955,0.10987357423425252
17123,Marshall,Illinois,4,-0.5318410572063169,-0.0236521422271465,-0.8578275498416347,-0.5386691956809514,-0.03571938764984498,-0.8477659949381486,NA,NA,NA,NA,NA,NA
17125,Mason,Illinois,4,-0.7392847293577924,0.6227913864937572,-2.3495756034069046,-0.7729585151201531,0.6498727250219738,-2.468067857312734,NA,NA,NA,NA,NA,NA
17127,Massac,Illinois,4,0.3363160844868776,-0.3021102473899143,1.0671804392175548,0.3718454046307769,-0.27236574085741355,1.0842411255749158,8.8362812030217e-4,0.00159315523353419,-0.6671984287410513,-0.26670583635072076,-0.4004925923903305,-0.26178732578868646
17129,Menard,Illinois,4,-0.36799515813202827,-0.4043139034305934,0.0892488784559835,-0.3231851862745434,-0.4032063389334052,0.16948930058313527,NA,NA,NA,NA,NA,NA
17131,Mercer,Illinois,4,-0.7667546262174767,-0.25304177075263734,-0.8365230842249807,-0.7547393120124415,-0.32785975150165053,-0.6800261233578487,7.8320963909135e-4,0.00162676191637699,-1.3874342265202937,-0.12343364070453561,-1.2640005858157581,-0.8262308453224426
17133,Monroe,Illinois,4,-0.43388686509953,-0.5895736043414003,0.3103614991540764,-0.3800044825403508,-0.6035548127206594,0.43568925949531423,8.5410231017676e-4,0.00175262685013906,-0.8789676683704376,0.4131544390921265,-1.2921221074625642,-0.8446128531021293
17135,Montgomery,Illinois,4,-0.646547534753057,0.6303120093126906,-2.2102481694241183,-0.6128629103981029,0.6424081886955817,-2.189753706332972,8.9142393887556e-4,0.00175840965203316,-0.6112841434237908,0.43780771202091007,-1.0490918554447008,-0.6857528867247769
17137,Morgan,Illinois,4,-0.5800400220174708,0.7453232440815196,-2.3053603493543444,-0.5416889404532471,0.7226641454680185,-2.2162843334259734,0.00105224025363843,0.00155012747414286,0.5421456372555978,-0.45014201749861277,0.9922876547542105,0.6486220631468091
17139,Moultrie,Illinois,4,-0.1177293652539811,-0.2516681873934744,0.22976769677399672,-0.10190334299086741,-0.24256280953722556,0.24679506996704698,0.00104883950700595,0.00159378205403643,0.5177543157144254,-0.26403357172847125,0.7817878874428967,0.5110260820709309
17141,Ogle,Illinois,4,-0.5586936660428726,0.09111364449318274,-1.106236948816296,-0.5026553153985815,0.11923457122466923,-1.0667742532067088,9.5395943061633e-4,0.00166701909464362,-0.16275814262845448,0.04819098371196471,-0.21094912634041918,-0.13788971059992985
17143,Peoria,Illinois,4,-0.4203991539007368,0.32614404878397546,-1.2966778433949693,-0.3745986589048235,0.3515599441043468,-1.2725975000851175,9.9244651176671e-4,0.00172883587489203,0.11328440713231253,0.31172862220474834,-0.19844421507243581,-0.12971570852780265
17145,Perry,Illinois,4,-0.6591356746509797,0.1545689408131929,-1.3845324149371567,-0.6106282578663863,0.17145128557457093,-1.3393078606610043,9.324045594195e-4,0.00162403334501068,-0.317357073674674,-0.1350661012022635,-0.18229097247241047,-0.11915692600991007
17147,Piatt,Illinois,4,-0.8640606470163763,0.10437580813616099,-1.6326736957522467,-0.8522265591995373,0.12460076724825604,-1.654821219668993,8.6034876997399e-4,0.00155857963885824,-0.8341659157338006,-0.4141087022678256,-0.420057213465975,-0.27457600135667326
17149,Pike,Illinois,4,-0.3259038750127524,0.6390325160959198,-1.697767346695501,-0.280061091612877,0.6553636648250796,-1.662394467773852,NA,NA,NA,NA,NA,NA
17151,Pope,Illinois,4,-0.07541604826476038,0.5993663630893495,-1.2147207107147893,-0.08062385941345385,0.6242386407585006,-1.2764459040028575,NA,NA,NA,NA,NA,NA
17153,Pulaski,Illinois,4,0.5252860567084027,0.52854270214151855,-0.09954885340888342,0.5644842210543103,0.557608107583712,-0.08925599687065744,NA,NA,NA,NA,NA,NA
17155,Putnam,Illinois,4,-0.9161201234231169,-0.1615709875117361,-1.245224999660493,-0.8828294430250877,-0.14038206839080436,-1.2290355342298307,NA,NA,NA,NA,NA,NA
17157,Randolph,Illinois,4,-0.40406269373744247,0.04041417669395657,-0.7614050190609349,-0.34504657626457513,0.06891057167427714,-0.7155164655994178,0.00108089139341333,0.00178678149501171,0.7476414410582568,0.5587627094861409,0.18887873157211588,0.12346310262945175
17159,Richland,Illinois,4,-0.3810307725624966,0.29150451303244174,-1.170220025535183,-0.3286918459909174,0.30142046928958754,-1.1064929494721438,NA,NA,NA,NA,NA,NA
17161,Rock Island,Illinois,4,-0.45069385532800715,0.12570826653053352,-0.9899471122918806,-0.4831543424652274,0.1557187625031645,-1.100104124740329,9.1904420139907e-4,0.0016493485162248,-0.4131821449308195,-0.027142323661596666,-0.3860398212692228,-0.2523400791381337
17163,St Clair,Illinois,4,-0.258288582558335,-0.13714284055527376,-0.20545191431592172,-0.20392069708985497,-0.10754866208130971,-0.16474858868562672,0.00100426070150275,0.00141603627267664,0.19801982900936901,-1.0218003671418978,1.219820196151267,0.7973517442296116
17165,Saline,Illinois,4,-0.02712704055822096,0.4859661648608894,-0.9334421583447309,0.02487780453613649,0.5075881055444376,-0.8921536456108632,0.00102158183929936,0.00152996172029752,0.3222529716436883,-0.5361127705121422,0.8583657421558306,0.5610822183911627
17167,Sangamon,Illinois,4,-0.46299199039999994,0.3111776194401205,-1.3401861249028868,-0.4073767203467782,0.33386057135371877,-1.2950096587376543,0.00104054805121374,0.00176206170361775,0.4582851502256897,0.4533771584784756,0.004907991747214124,0.0032081742806452027
17169,Schuyler,Illinois,4,-0.6293114841762016,0.4150782965737867,-1.7989211154717561,-0.6359640099562652,0.37964320406436103,-1.7555431493331703,NA,NA,NA,NA,NA,NA
17171,Scott,Illinois,4,-0.0159784914314213,-0.3891859675768844,0.6419907670109865,0.042958074927290125,-0.39123070272529076,0.7537768160346885,NA,NA,NA,NA,NA,NA
17173,Shelby,Illinois,4,-0.5452819732142914,-0.22687204201357533,-0.5183905705153175,-0.49019567415881693,-0.20083448494056394,-0.47069625075439403,0.00117934495025595,0.00168831706541474,1.453784127162814,0.13898861016798902,1.3147955169948249,0.8594336297175833
17175,Stark,Illinois,4,-0.6413502574061533,0.5145675565796234,-1.995756849382642,-0.6708985318332936,0.5366898128182204,-2.0957047370595636,NA,NA,NA,NA,NA,NA
17177,Stephenson,Illinois,4,-0.1750237330487179,0.32333482532077307,-0.8876257120381001,-0.12725739547584605,0.35299391029789934,-0.8659259993288744,0.0010562682129979,0.00182446150966531,0.5710355436524068,0.7194003557737542,-0.14836481212134733,-0.09698063870438393
17179,Tazewell,Illinois,4,-0.6480094278728528,-0.05670723500846726,-0.9903075001894084,-0.6036772636301666,-0.03583867989183605,-0.9551135546421748,9.0226500865503e-4,0.00174101927676063,-0.533528271723197,0.3636689682460152,-0.8971972399692121,-0.5864649449686066
17181,Union,Illinois,4,-0.11910492022842088,0.6541374185830866,-1.384111075574999,-0.06880165632873421,0.6755724908960472,-1.3491797056110504,NA,NA,NA,NA,NA,NA
17183,Vermilion,Illinois,4,-0.48017272095275193,0.5838345141869501,-1.853589685490558,-0.4834643568276993,0.5879683535255953,-1.8777723653336365,9.9883894914032e-4,0.00150212827388962,0.15913316102722574,-0.654772472747962,0.8139056337751878,0.5320202754279335
17185,Wabash,Illinois,4,-0.2318263563449683,0.22611092901205013,-0.8081800362980286,-0.17559306632634464,0.23927441328863158,-0.7414420678549283,NA,NA,NA,NA,NA,NA
17187,Warren,Illinois,4,-0.5602790812969983,0.017458198175799772,-0.9777994915840913,-0.5684188563751791,0.04626389603158353,-1.0443899957031408,7.7430638156327e-4,0.00170165975705389,-1.4512914439493083,0.19587124675289,-1.6471626907021983,-1.0766898667567841
17189,Washington,Illinois,4,-0.14950932514893492,0.12790315716247028,-0.4978987740285443,-0.09680962567429807,0.14296643170073126,-0.43793217862675937,NA,NA,NA,NA,NA,NA
17191,Wayne,Illinois,4,-0.20040254950398415,0.1801112282018939,-0.6745923026804046,-0.14282194904004325,0.20151041109771145,-0.6193220325189996,NA,NA,NA,NA,NA,NA
17193,White,Illinois,4,-0.20310704622767017,0.45841522266717505,-1.1742055356249987,-0.17664696594904697,0.47521016614375655,-1.1673822418170674,NA,NA,NA,NA,NA,NA
17195,Whiteside,Illinois,4,0.07890964830977952,0.31744434163548885,-0.458999194973312,0.11905139931421699,0.3444775454386555,-0.44307279947266154,9.2332304697733e-4,0.00160343606851737,-0.38249279650139695,-0.2228765239485932,-0.15961627255280375,-0.1043353059155503
17197,Will,Illinois,4,-0.18465681148297833,-0.9354245236072618,1.3361023941757997,-0.13879006542164682,-0.9590422791595816,1.4739437092541186,8.7865092704743e-4,0.00155998252141275,-0.7028965662880962,-0.4081279256241282,-0.29476864066396796,-0.19267945433202394
17199,Williamson,Illinois,4,-0.5018527493057686,0.1770610219042526,-1.1655563311428376,-0.48980143607317217,0.19921174452170137,-1.1892997902648044,9.6673249715702e-4,0.00155340890932692,-0.07114532734689932,-0.43615258492384623,0.3650072575769469,0.23859186329568982
17201,Winnebago,Illinois,4,0.10651956812399767,-2.2591548902159975e-4,0.15166585705742955,0.16081249065257497,0.028098711428373745,0.1948524746694289,0.00100804409951491,0.00170711009080959,0.2251556575216888,0.2191071396803877,0.006048517841301115,0.0039536943772372725
17203,Woodford,Illinois,4,-0.7541981299436391,-0.529464254092761,-0.3240343884270377,-0.74660301325475,-0.5682129313022727,-0.23442521313119635,9.7371365430398e-4,0.00187994558037119,-0.021074073265621246,0.9559403520180637,-0.977014425283685,-0.6386385129508348
18001,Adams,Indiana,4,0.921882399057897,-0.05264134452494864,1.5875624800397268,0.8640927052570291,-0.03641499626349493,1.4744878094712568,9.3184603410959e-4,0.00126101871991368,-0.3213630088104428,-1.6826720530484398,1.3613090442379971,0.889837817313946
18003,Allen,Indiana,4,-0.06394031102720361,-0.07349656140358962,0.0013370587030904352,-0.0063325550039518745,-0.04452117277757066,0.048860680028179046,9.0576032849687e-4,0.00171089202045789,-0.5084586386792945,0.23523028301547677,-0.7436889216947713,-0.4861221848502937
18005,Bartholomew,Indiana,4,-0.04676860082878973,0.13231831721935458,-0.33657350816826664,0.009802080419763617,0.16082806639498687,-0.2936469597654518,9.5400499276534e-4,0.00173404319684899,-0.16243135526476318,0.33392850589157513,-0.49635986115633834,-0.32445224493520164
18007,Benton,Indiana,4,-0.1567403116351218,0.722759242936572,-1.5681766704353217,-0.11326612539797352,0.6979346286300468,-1.46295600286996,NA,NA,NA,NA,NA,NA
18009,Blackford,Indiana,4,-0.09426401493647656,0.6440646960517308,-1.3252847035164235,-0.17733173117855508,0.6730859117404052,-1.5242823497927074,9.3383376545406e-4,0.00153972333499501,-0.3071063176775672,-0.49449700089562076,0.18739068321805358,0.12249041997150496
18011,Boone,Indiana,4,-0.5694558459987145,-0.5524219331914372,0.021022808107096336,-0.525989122812852,-0.5986821716964238,0.18538309398708297,8.533665614006e-4,0.00182700358478889,-0.884244711006147,0.730237744460894,-1.614482455467041,-1.055327995024538
18013,Brown,Indiana,4,-0.26823031845548473,-0.3440368290125494,0.14628403897008552,-0.32657862845985125,-0.33678743958758356,0.044457874994684565,7.5882946291339e-4,0.00162888427443734,-1.5622972141676268,-0.11438559211622105,-1.4479116220514057,-0.9464467476236571
18015,Carroll,Indiana,4,-0.517383777636747,0.28993939821186354,-1.3919646595149398,-0.5667543747439233,0.31650256290945433,-1.5275066495295424,9.5264413144238e-4,0.00162538364241521,-0.17219191954327814,-0.12930950585998288,-0.04288241368329526,-0.028030661777068033
18017,Cass,Indiana,4,-0.19879951857906838,0.3154905293085849,-0.9128201310597139,-0.1849337572843487,0.3394697901458222,-0.9370415864457349,8.8406576613882e-4,0.00160173815122503,-0.664059482657585,-0.23011509431381094,-0.433944388343774,-0.2836535384774487
18019,Clark,Indiana,4,-0.5408339307424491,-0.013427557521905298,-0.8908275338084194,-0.5333909326422946,0.006835849475810863,-0.9155440208823861,9.3474685297904e-4,0.00152518036251533,-0.30055734069577406,-0.5564966813797723,0.2559393406839982,0.16729816439770998
18021,Clay,Indiana,4,-0.22649726823002317,-0.20348753653351787,-0.03506110176851568,-0.2590713336684256,-0.17507283381942948,-0.13459671205766116,NA,NA,NA,NA,NA,NA
18023,Clinton,Indiana,4,-0.27911495975937023,0.3939030265569256,-1.1845855745144416,-0.23565815866282344,0.40597608260034257,-1.1405437181105866,0.00100113072758411,0.0016196769516187,0.17557058226576178,-0.15363830153774555,0.3292088838035073,0.215191778710358
18025,Crawford,Indiana,4,0.021925248596953884,0.567243950742135,-0.9972787312967939,-0.006575216187671096,0.5817141209332211,-1.0774691850996192,NA,NA,NA,NA,NA,NA
18027,Daviess,Indiana,4,1.1807025310219745,-0.2818024757507545,2.4214801015276914,1.2350739361233094,-0.27173235997795436,2.511396158967927,7.8888652904682e-4,0.00167711657029441,-1.346717624190898,0.09123859759696658,-1.4379562217878645,-0.9399392674313436
18029,Dearborn,Indiana,4,-0.4544350989841747,-0.37203943266056116,-0.11051263690912727,-0.4772759581558061,-0.3506920901852223,-0.17988559391337489,8.8910224441444e-4,0.00159260286819219,-0.627936132601897,-0.26906068332319255,-0.3588754492787044,-0.23458372500013752
18031,Decatur,Indiana,4,-0.4247494223658166,-0.12975210616413346,-0.4927087031039779,-0.38084395067542626,-0.0998350872327786,-0.4713534414587508,8.0794512397989e-4,0.00170766667651651,-1.21002284290504,0.2214799789358628,-1.4315028218409027,-0.9357209164644087
18033,De Kalb,Indiana,4,-0.40662672757631985,-0.12776818879421686,-0.46639628216324247,-0.4053800772562249,-0.09886389742937289,-0.5136969324643935,8.459295260866e-4,0.00159171611052938,-0.9375856796994081,-0.2728411134820138,-0.6647445662173943,-0.4345191537350724
18035,Delaware,Indiana,4,-0.34241313353940184,0.2727405472147263,-1.0732443275916395,-0.38060074550093165,0.2818408715458637,-1.1571783851659871,8.4580877339692e-4,0.00166478183283363,-0.9384517594163782,0.03865307682445656,-0.9771048362408347,-0.6386976112791034
18037,Dubois,Indiana,4,-0.28767985669201485,0.1546674547688785,-0.7730401126475615,-0.25782470062942775,0.18142884558540873,-0.7734997509683403,7.4944168627207e-4,0.00167031086841329,-1.6296295689006108,0.0622244918019242,-1.691854060702535,-1.1059029769628728
18039,Elkhart,Indiana,4,0.593831457150236,-0.2714238016318708,1.4366274890258401,0.6470596887437244,-0.241453495874815,1.4840312580231485,9.5315121603114e-4,0.0016675196202305,-0.1685549349073487,0.050324827154497966,-0.21887976206184667,-0.14307367643791286
18041,Fayette,Indiana,4,0.11405825078676073,0.5549032515718407,-0.8236088474506544,0.17227263033853898,0.5263685354536766,-0.6820408026399729,9.1970625203873e-4,0.00154033178561548,-0.40843369061368323,-0.4919030508546485,0.0834693602409653,0.054560860844780346
18043,Floyd,Indiana,4,-0.25324993055335104,0.005751879224978796,-0.4513938550302514,-0.19455321410914958,0.026498450047310395,-0.390256763833215,9.0662141080412e-4,0.00175792367481082,-0.5022826609604744,0.43573589124632306,-0.9380185522067974,-0.6131483402895543
18045,Fountain,Indiana,4,-0.45063807636812747,0.27282062910052707,-1.25159828339934,-0.49920322926232363,0.2963467463416645,-1.379498062666268,8.9006005660166e-4,0.00163145491906897,-0.6210663749988435,-0.10342640574479281,-0.5176399692540508,-0.3383622714806234
18047,Franklin,Indiana,4,-0.5294865933706941,-0.016785217729926794,-0.8661681744918549,-0.512635914176955,0.0017370198025357998,-0.8720355182732573,NA,NA,NA,NA,NA,NA
18049,Fulton,Indiana,4,-0.2568119140489155,0.23391859311110913,-0.8632146012634143,-0.28526773185336257,0.24200611621051302,-0.9278206616832128,9.3477656386018e-4,0.00156490156225658,-0.30034424406333576,-0.3871570435687513,0.08681279950541554,0.05674634452315075
18051,Gibson,Indiana,4,-0.33634661745719646,-0.10777005887947952,-0.3862484426863872,-0.29052422151438745,-0.07779709245560862,-0.3615336605579388,9.640408963594e-4,0.00182602649096463,-0.09045041167402794,0.726072192680348,-0.8165226043543758,-0.5337308931587271
18053,Grant,Indiana,4,0.008874065630835518,0.472552187567293,-0.8502937688588222,0.03565507926557426,0.4638165742715682,-0.7956233895444976,9.5629713152528e-4,0.00162193044157357,-0.1459913497151853,-0.14403121073348302,-0.001960138981702275,-0.001281270994631573
18055,Greene,Indiana,4,-0.10996873746016689,0.27044087561659147,-0.6863920084086967,-0.1522885496390227,0.2961801387221377,-0.805195140039304,0.00101608162853125,0.00167305450432486,0.28280357305930803,0.0739211755520904,0.20888239750721763,0.13653876572690218
18057,Hamilton,Indiana,4,-0.6122878283097303,-0.7146451633525333,0.23912073703677983,-0.5795486239729292,-0.7863599313411027,0.4341956142330581,9.5213656562439e-4,0.00176794600678074,-0.17583235572034003,0.47846315217660074,-0.6542955078969408,-0.4276889873682111
18059,Hancock,Indiana,4,-0.6488795902179497,-0.16940151126880315,-0.7912341793176891,-0.6675267826336956,-0.14713257757257284,-0.8606598244993038,9.0555784663246e-4,0.00179646693163106,-0.50991090807623,0.6000537162997912,-1.1099646243760213,-0.7255431842101085
18061,Harrison,Indiana,4,-0.1261819774271792,-0.10148163911476345,-0.051363648309299265,-0.16771080950835474,-0.0735779194105656,-0.16591296055385252,8.5709557242013e-4,0.00192930716788149,-0.8574989646634971,1.1663789441356782,-2.023877908799175,-1.322934794636479
18063,Hendricks,Indiana,4,-0.4497831649864075,-0.6569863087908537,0.40412644221240623,-0.4236840327890616,-0.6569881949822245,0.459486862109046,9.1271850767211e-4,0.00170699905265815,-0.45855219049423757,0.21863376122076042,-0.677185951714998,-0.44265163133992513
18065,Henry,Indiana,4,-0.4279226279483675,0.5341690580387273,-1.6791856656827289,-0.4884938635453288,0.5364328093621135,-1.7934367686236472,0.00104647613958337,0.00180681111616752,0.5008034337599991,0.6441531008668535,-0.14334966710685437,-0.09370242226110206
18067,Howard,Indiana,4,-0.033749236083667665,0.5129170274191923,-0.9922978762347326,0.02224439018313613,0.5304286411420093,-0.9375766060867456,8.8214129688736e-4,0.00175716590790673,-0.6778624363560878,0.4325053752014986,-1.1103678115575863,-0.7258067328900585
18069,Huntington,Indiana,4,-0.28370090824779987,0.1423221184110169,-0.7445231899609506,-0.2558877618318599,0.17227045377649364,-0.7538287372566731,8.9622311173079e-4,0.00177612135474833,-0.576862829255432,0.5133163407214834,-1.0901791699769152,-0.7126101579942133
18071,Jackson,Indiana,4,0.12315451655448491,0.06485252529078492,0.06327036233840752,0.18064096556077236,0.09325264255867123,0.11051824889423706,8.3056094401919e-4,0.0017060723207706,-1.0478144227812554,0.21468291272655793,-1.2624973355078133,-0.8252482257045387
18073,Jasper,Indiana,4,-0.15120014384937006,0.1754984590324223,-0.5853647948519671,-0.09422347523035375,0.20527651515252515,-0.5456824279610021,9.0246934630545e-4,0.00162160905543978,-0.5320626919923347,-0.145401345871596,-0.38666134612073866,-0.25274634714878136
18075,Jay,Indiana,4,0.544713381138977,0.6447927689419451,-0.27439101052167914,0.5627231260767845,0.6194610044646044,-0.20337718745311284,9.2190939180633e-4,0.00167155909764756,-0.39263201637002276,0.06754594955781591,-0.46017796592783866,-0.30080146643440053
18077,Jefferson,Indiana,4,-0.20679064212268905,0.5884684928682613,-1.4116626286018328,-0.17571600491814765,0.5502130679252758,-1.3006919815701627,9.2599688021263e-4,0.00172323517855063,-0.36331514722673885,0.2878517026726007,-0.6511668498993395,-0.42564389833020666
18079,Jennings,Indiana,4,0.19856923371351265,0.2449166273617605,-0.13291690657267935,0.1749646615533921,0.23205982855930793,-0.1484395926801793,8.6764038586928e-4,0.00147351373136254,-0.7818679450005193,-0.7767621482670443,-0.005105796733474999,-0.0033374721487353935
18081,Johnson,Indiana,4,-0.5942478190221477,-0.27736742132817477,-0.5091798587225689,-0.5929808140719025,-0.2601728477746111,-0.5340777223112709,8.4893824853263e-4,0.00173174071000928,-0.9160060901150637,0.3241125312976296,-1.2401186214126934,-0.8106200806929547
18083,Knox,Indiana,4,-0.32932830333250557,0.07788700826939872,-0.7050134937628629,-0.2797720682958323,0.10038882366156185,-0.6641093269645522,9.2854088313096e-4,0.00161558849878491,-0.34506868552623354,-0.17106821620778218,-0.17400046931845137,-0.11373772802384012
18085,Kosciusko,Indiana,4,-0.20789777909929175,0.15647789884195448,-0.6448859884319007,-0.22035003091428143,0.18639052143184953,-0.7204150961471869,9.3547823700429e-4,0.0017201527522854,-0.2953116035510048,0.27471068601818244,-0.5700222895691872,-0.3726026739611288
18087,Lagrange,Indiana,4,2.6113519010625503,-0.5121614802561337,5.18715269290967,2.65740268136179,-0.5525362424955629,5.369640748265336,8.2878065858003e-4,0.0017326389136898,-1.0605832407128495,0.32794175818228044,-1.38852499889513,-0.9076278891501162
18089,Lake,Indiana,4,-0.07276758416921299,-0.0765916634757784,-0.00769178438721739,-0.013844582719213802,-0.04806762430465441,0.042807592852350945,0.00100179131445247,0.00143689361825793,0.18030853791295953,-0.9328812164253345,1.113189754338294,0.7276513334348024
18091,La Porte,Indiana,4,-0.47261186735726285,0.4192481625528105,-1.548306579141907,-0.4642354027912221,0.425746375385617,-1.5542921739311986,9.6229873548636e-4,0.0015970725501278,-0.10294578713802742,-0.2500055106436869,0.1470597235056595,0.09612755012019793
18093,Lawrence,Indiana,4,-0.1330650564278176,0.3248279988088129,-0.821190005286351,-0.1011887671600566,0.3458102268096225,-0.8098771982103778,8.599955164433e-4,0.00169488294158244,-0.8366995712464813,0.1669802896588701,-1.0036798609053514,-0.6560687306752686
18095,Madison,Indiana,4,-0.19504223232452736,0.5781857461013853,-1.3740216855152174,-0.24096689283446235,0.557428254281186,-1.421628202460646,9.7797007167062e-4,0.00171452142021956,0.009454412335623934,0.25070316009663746,-0.24124874776101352,-0.15769546235370052
18097,Marion,Indiana,4,0.06586718558005332,0.3841174890286106,-0.5991010958893969,0.12483130306469425,0.3923934018338825,-0.5196588410290275,9.8519680506782e-4,0.00172366498290079,0.061287023533385505,0.2896840469487003,-0.22839702341531481,-0.1492947612866637
18099,Marshall,Indiana,4,-0.08852893996345186,0.037868001084310855,-0.2372928232305835,-0.06491630439694802,0.0678355026879686,-0.25008135376590407,8.5294055748784e-4,0.00157624716576408,-0.8873001572174833,-0.3387884041212306,-0.5485117530962527,-0.35854202483421255
18101,Martin,Indiana,4,-0.4050737426199374,0.6301522653958811,-1.812334725237844,-0.3634449383644709,0.6486053731863833,-1.7882100351540668,NA,NA,NA,NA,NA,NA
18103,Miami,Indiana,4,-0.7544487532639531,0.4207960035950108,-2.0151546917409586,-0.9401975102509222,0.41292181401435,-2.3187591188036523,8.2236651389798e-4,0.00161468651327808,-1.1065876868710136,-0.1749135657952157,-0.931674121075798,-0.6090012182428721
18105,Monroe,Indiana,4,-0.36404642688054795,0.2030825259035431,-0.9849314785006891,-0.4399562133344858,0.22738110306721954,-1.1574727085497676,8.2910929161193e-4,0.0019025999169026,-1.0582261718640371,1.0525204444641132,-2.11074661632815,-1.3797176841850718
18107,Montgomery,Indiana,4,0.04054422344958878,0.2829698776304693,-0.46083750810973734,0.0279178612109446,0.3126589521020424,-0.5366542554328528,0.00103427513518155,0.00153405147088805,0.413293644395589,-0.5186773232384152,0.9319709676340042,0.6091952559557234
18109,Morgan,Indiana,4,-0.15168966381198437,-0.20706285606992644,0.0944840506454187,-0.11003137660446151,-0.18039101615729353,0.12156581893754942,7.9136960455072e-4,0.00158177962390042,-1.3289081548090325,-0.3152023980812488,-1.0137057567277836,-0.6626222912300976
18111,Newton,Indiana,4,0.2721179623999641,0.17259146866271052,0.11687532826637609,0.1717966425037826,0.1935407621955329,-0.08442672693044279,NA,NA,NA,NA,NA,NA
18113,Noble,Indiana,4,0.017684117738556566,-0.034929084458335445,0.06712665019548661,-0.053297694362549684,-0.005002350108700049,-0.09989976406642626,8.7589046790553e-4,0.00169212194022875,-0.7226955262836102,0.15520957346008296,-0.8779050997436932,-0.573854380143336
18115,Ohio,Indiana,4,-0.6222878693018712,1.04574255097533,-2.909436359671066,-0.5959328965889836,1.0668228964079631,-2.924810092599424,NA,NA,NA,NA,NA,NA
18117,Orange,Indiana,4,-0.26251548718440226,0.3851642142254595,-1.141703475741009,-0.24314386333562635,0.3999391807832214,-1.1420755914924459,9.5337612312546e-4,0.00161032323492557,-0.16694182406808247,-0.19351511813240216,0.026573294064319686,0.017369988166258045
18119,Owen,Indiana,4,-0.30125409260859,0.6322817269628436,-1.645166092044993,-0.443087218989924,0.6452793546508857,-1.9140058180907682,NA,NA,NA,NA,NA,NA
18121,Parke,Indiana,4,-0.05983463623948804,0.3794362598689559,-0.7977624707695082,-0.0853299113270141,0.4093212533196497,-0.8978257062769437,0.00108846979157681,0.00170178296834199,0.8019963126052955,0.1963965217958643,0.6055997908094312,0.3958583822685837
18123,Perry,Indiana,4,-0.45551666578742595,0.45994694798461955,-1.5925677861006697,-0.4304861430521858,0.47795799110472836,-1.5923237348977395,7.3847565727857e-4,0.00160371366661027,-1.7082816909539436,-0.22169306622790666,-1.486588624726037,-0.9717284863926112
18125,Pike,Indiana,4,-0.6325402618813066,0.231132669428265,-1.4769609259607728,-0.8041117009058728,0.22987026828256485,-1.7644779899342913,NA,NA,NA,NA,NA,NA
18127,Porter,Indiana,4,-0.4964448314035936,-0.22948462577811218,-0.4333232735523455,-0.47375694487208203,-0.20688170056268312,-0.43262432635197123,8.7338404871415e-4,0.00172660970615664,-0.7406724246005937,0.30223800737405626,-1.0429104319746498,-0.6817123168102779
18129,Posey,Indiana,4,-0.5483323788839194,-0.5439323194150856,0.04070156417269877,-0.4963099561691631,-0.5521489527875065,0.15082654669774465,NA,NA,NA,NA,NA,NA
18131,Pulaski,Indiana,4,0.3447548892984051,0.9544252022729129,-1.154557477107765,0.37393715473034006,0.9432132901773391,-1.097826089891151,NA,NA,NA,NA,NA,NA
18133,Putnam,Indiana,4,-0.5671168434686522,-0.20382813205996336,-0.5953453740870063,-0.6327811032178615,-0.18124260580754842,-0.7418422841176736,0.00107448511750039,0.00194818850696382,0.7016934324116867,1.2468739730476173,-0.5451805406359306,-0.35636453336947227
18135,Randolph,Indiana,4,-0.3106983618813482,0.4818722435380208,-1.3931084743865774,-0.3948664659341641,0.48765693517515557,-1.5508256272386236,9.2515003981991e-4,0.00164503394115098,-0.3693889770485812,-0.04553624391245921,-0.323852733136122,-0.21169065937287868
18137,Ripley,Indiana,4,-0.024200794751893035,0.07515955108101002,-0.19771448064355354,0.0301759114789224,0.1026907908669461,-0.1554096587269759,0.00102009489206113,0.00172474589964032,0.31158807592460475,0.29429221715423937,0.01729585877036538,0.011305668820708771
18139,Rush,Indiana,4,-0.6348566938963085,0.2886779724884882,-1.5831602193848884,-0.6811313812771856,0.3159913433481082,-1.7158351608373998,8.2232396380893e-4,0.00175025231547089,-1.106892870707325,0.40303130979852536,-1.5099241805058503,-0.9869820837361448
18141,St Joseph,Indiana,4,-0.33899343218365946,0.2459500727187222,-1.019947444910292,-0.3074413598555879,0.2679409544358651,-1.01113811156447,9.2993447342603e-4,0.00173699347903346,-0.3350733778314283,0.34650616517208366,-0.681579543003512,-0.44552356089838135
18143,Scott,Indiana,4,-0.16741640895914903,0.5905979717776584,-1.350614781901657,-0.1923539086476841,0.5467998802235945,-1.3220842989237451,8.6743045533838e-4,0.00166280918861529,-0.783373638788932,0.030243289113115416,-0.8136169279020474,-0.5318315589824765
18145,Shelby,Indiana,4,-0.37249100206850594,0.33735783873453046,-1.23774024285267,-0.33019244047778806,0.367237065760616,-1.2273095787894301,9.826612532269e-4,0.00188655426664706,0.04310117585937408,0.9841145397982055,-0.9410133639388314,-0.615105938930494
18147,Spencer,Indiana,4,-0.3547563980040776,0.02369355882338009,-0.6504640954014178,-0.300206523653095,0.048699679064880465,-0.6049865216580534,9.6287468879217e-4,0.00173216154845115,-0.0988148524366474,0.3259066520640582,-0.4247215045007056,-0.2776248774155148
18149,Starke,Indiana,4,0.12169683058386387,0.2255372657093962,-0.2250210357141028,0.030647827049445315,0.24574038839337947,-0.4118222521863788,0.00110794530942096,0.00143289110958389,0.941681408043024,-0.9499447334795162,1.8916261415225404,1.2364866626509676
18151,Steuben,Indiana,4,-0.4721556059607505,-0.03199605119210334,-0.7446993950173092,-0.44219609448874503,-0.008211125370761917,-0.7376000420231079,9.6423814965187e-4,0.00170217959901701,-0.08903564338881134,0.19808743987714542,-0.28712308326595676,-0.1876818337432303
18153,Sullivan,Indiana,4,-0.3723760880600889,0.07729158959044576,-0.7748398989385189,-0.37718655034836246,0.08474503006606601,-0.7971643898894223,8.759998091589e-4,0.001481634935724,-0.7219112933027733,-0.7421397850424329,0.020228491739659682,0.01322262348388776
18155,Switzerland,Indiana,4,-0.44880180148353355,0.9741638052135893,-2.4964076751066893,-0.5650233567084901,0.9140029778515528,-2.5989075216618662,NA,NA,NA,NA,NA,NA
18157,Tippecanoe,Indiana,4,-0.66218311228033,0.15233777755045033,-1.385580862592382,-0.7248113507446744,0.18179849183426344,-1.5468382326199113,8.583237265949e-4,0.00189432574960466,-0.8486902215795981,1.0172459688050641,-1.8659361903846623,-1.2196940833728187
18159,Tipton,Indiana,4,-0.5175189327681439,-0.6244968561473228,0.23478215294690663,-0.5224207806433624,-0.7307702378150661,0.4287725925495751,7.4205930452508e-4,0.00151408305590191,-1.6825785434612952,-0.6038067801390203,-1.0787717633222749,-0.7051535544538617
18161,Union,Indiana,4,-0.6522551060243632,-0.4192867809868489,-0.35219549169379016,-0.7821857444681627,-0.44285693724086383,-0.5186817604968149,NA,NA,NA,NA,NA,NA
18163,Vanderburgh,Indiana,4,-0.3037187219483791,0.307082481022782,-1.0706284813635762,-0.25086062027568684,0.3189055303326328,-1.0091507223613867,8.4983088460129e-4,0.00164612650964382,-0.909603797994272,-0.040878399887946955,-0.8687253981063251,-0.5678539457062305
18165,Vermillion,Indiana,4,-0.5367633502590973,-0.17077593174881406,-0.6041696224053446,-0.688468496378195,-0.14133226864038242,-0.9057384441045738,8.3222637972026e-4,0.00142943530906212,-1.0358693465727042,-0.9646775213236847,-0.07119182524901957,-0.0465354863088018
18167,Vigo,Indiana,4,-0.11972415847246108,0.49342742570359255,-1.0991947705898297,-0.09845829809733407,0.48436741439828135,-1.0544757530797562,8.7089390703694e-4,0.00158784902783959,-0.7585325750016277,-0.2893272817332281,-0.46920529326839966,-0.3067022993796483
18169,Wabash,Indiana,4,-0.6585384416993866,-0.009953294957124293,-1.0908302145457869,-0.6559033888293887,0.019674993339333934,-1.1413364515280555,9.1391941646842e-4,0.00169973989420663,-0.4499388606117179,0.18768647687384188,-0.6376253374855598,-0.41679230809034873
18171,Warren,Indiana,4,-0.14512428524188006,-0.24743244716033716,0.17712087554672504,-0.31071844510133223,-0.25872950257251925,-0.06964278978133281,NA,NA,NA,NA,NA,NA
18173,Warrick,Indiana,4,-0.6946778717383189,-0.5547717822962712,-0.1809965004016144,-0.6680315528006884,-0.5495568193419531,-0.13796366685659045,9.0835416822436e-4,0.00177980469892206,-0.48985473028599635,0.5290191939176582,-1.0188739242036546,-0.666000532846656
18175,Washington,Indiana,4,0.11338785287606275,0.22060172818398144,-0.2299219022904903,0.09334121587446849,0.23678436720173268,-0.29198775475019534,9.6031771516554e-4,0.00165582499798099,-0.11715434450693658,4.6824908109774734e-4,-0.11762259358803433,-0.07688557744341648
18177,Wayne,Indiana,4,-0.20766725326468635,0.31391681168086955,-0.9246224557243272,-0.19634009117929177,0.31993919021341155,-0.9207997650681159,9.679793222814e-4,0.00173702744033748,-0.062202669806961194,0.3466509491906878,-0.408853618997649,-0.2672526223708631
18179,Wells,Indiana,4,-0.2993558286389007,-0.03515426301493474,-0.45453495102688707,-0.24151009913289548,-0.01448186027132703,-0.3942715979570021,8.5079998353758e-4,0.00149084492214612,-0.9026530879547475,-0.7028757201318614,-0.19977736782288613,-0.13058714160806315
18181,White,Indiana,4,0.08847652515515447,0.21277411029294085,-0.25701586578361413,0.06885966591606862,0.24276750327499258,-0.34325208119731293,8.764874302219e-4,0.00166766386201685,-0.7184139077509396,0.050939759533600984,-0.7693536672845406,-0.5028982881856693
18183,Whitley,Indiana,4,-0.6462083529850945,-0.2353658276237928,-0.669471487636967,-0.6263557570177448,-0.2122441042880145,-0.6754723564827035,7.9214131287928e-4,0.00173237922703258,-1.3233731979268784,0.3268346605929723,-1.6502078585198507,-1.078680381324864
19001,Adair,Iowa,4,-0.7092640438508139,0.33839587587619113,-1.7941433886467948,-0.7194098078973665,0.36795719757742723,-1.87260152554832,NA,NA,NA,NA,NA,NA
19003,Adams,Iowa,4,-0.5175553822161257,0.9318779148231577,-2.534387324137652,-0.489977842641742,0.9585421444186657,-2.554815956836671,NA,NA,NA,NA,NA,NA
19005,Allamakee,Iowa,4,-0.27342061615054886,0.16318006756846493,-0.7647054373756716,-0.2350152453915969,0.17160655150484777,-0.7180995201375595,NA,NA,NA,NA,NA,NA
19007,Appanoose,Iowa,4,-0.6235557536967088,0.28231484291426295,-1.5532299156928508,-0.6494531074382658,0.3118829151875025,-1.6560337664016598,NA,NA,NA,NA,NA,NA
19009,Audubon,Iowa,4,-0.5982544522904852,0.20058019828876694,-1.3661441846876667,-0.5394822271440121,0.22145303128370442,-1.3114897072085716,NA,NA,NA,NA,NA,NA
19011,Benton,Iowa,4,-0.5014335039714962,-0.3482805699007452,-0.23017569009569017,-0.4504244769758199,-0.33788751791622557,-0.158479009160993,0.00105707384272009,0.00151149014676269,0.5768137964070765,-0.6148608846820016,1.1916746810890781,0.7789540528338758
19013,Black Hawk,Iowa,4,-0.32435873098514467,-0.18038123255853375,-0.2373181229012108,-0.26641828290310854,-0.15475505848337429,-0.18328291391735718,8.0114267927966e-4,0.00160221525543656,-1.2588123100075497,-0.22808110100784565,-1.030731208999704,-0.6737512052357404
19015,Boone,Iowa,4,-0.4854273697150637,0.04663173575162417,-0.9064486325707346,-0.4314243659833112,0.07664618386332411,-0.8723448475616646,7.9094885683043e-4,0.00138288200459651,-1.3319259018047338,-1.1631438256766677,-0.16878207612806606,-0.11032665569895324
19017,Bremer,Iowa,4,-0.40705897236611843,-0.4197021957369116,0.052302335705532665,-0.3605392090370949,-0.48274747502455667,0.2506930520550754,0.0010711952180741,0.0017037956048684,0.6780971450616231,0.2049768049355397,0.4731203401260834,0.30926142198686607
19019,Buchanan,Iowa,4,-0.5107024760441855,-0.09987412516083208,-0.6874046266992533,-0.45162812300256333,-0.0923087151814679,-0.6020044989940473,7.5672596930075e-4,0.00151838743993937,-1.5773841920023408,-0.5854563063705746,-0.9919278856317663,-0.648386895260425
19021,Buena Vista,Iowa,4,0.8719898319999321,-0.22266052104382025,1.8079044948992682,0.9307457744509874,-0.20329058644095896,1.8848025926566643,9.315812583519e-4,0.00181170226125439,-0.32326207138112734,0.6650050575773042,-0.9882671289584315,-0.6459939928245633
19023,Butler,Iowa,4,-0.541371356616683,-0.5000900570532909,-0.025840247262841176,-0.48867676776525776,-0.5940786799994267,0.2388431744122439,0.0013256267809509,0.00161270922519317,2.502967601766423,-0.18334315126413006,2.6863107530305528,1.7559428604558525
19025,Calhoun,Iowa,4,-0.43344579326136184,0.43824984172144515,-1.5176206027113144,-0.38079009306022354,0.4658722919102248,-1.4883676246173492,NA,NA,NA,NA,NA,NA
19027,Carroll,Iowa,4,0.06553634169295042,0.07534563640082423,-0.050277527739126165,0.010792507866115963,0.07344076348544767,-0.13489179099178325,9.3141974159351e-4,0.00159303087646067,-0.3244205249838017,-0.2672359961124174,-0.05718452887138431,-0.03737943016717713
19029,Cass,Iowa,4,-0.49405508774364443,0.4231154179139608,-1.5904972662474512,-0.4356461069130393,0.4515525602182118,-1.553386222163835,9.6501167512983e-4,0.00167375025689232,-0.08348765328775151,0.07688731173496613,-0.16037496502271764,-0.10483123536984891
19031,Cedar,Iowa,4,-0.8363253699724718,-0.08231181229954856,-1.2548471562814179,-0.8363094279375033,-0.05876035997462294,-1.2988140057187378,0.00116643175473666,0.00171698684615137,1.3611662587727367,0.26121377752668096,1.0999524812460557,0.7189986132861755
19033,Cerro Gordo,Iowa,4,-0.28190448048730216,0.10919762393059806,-0.6826297950836852,-0.22879748224344065,0.1348531208303288,-0.6417314765325701,8.6263000566995e-4,0.00168594932171142,-0.8178041106995969,0.12889443215319116,-0.9466985428527881,-0.6188221319707499
19035,Cherokee,Iowa,4,-0.25172009821855384,0.39069152371526794,-1.1337611776096075,-0.20292197079198682,0.4026106193781464,-1.0803277044670303,0.0011814926888717,0.00161038108791215,1.469188445338952,-0.19326847896093827,1.6624569242998903,1.0866871465806867
19037,Chickasaw,Iowa,4,-0.38244649697367344,-0.24665911617447298,-0.2150479556702553,-0.3886625891790964,-0.29287367280022253,-0.1372199086405732,NA,NA,NA,NA,NA,NA
19039,Clarke,Iowa,4,-0.20188710138317636,-0.19739199072700636,-0.0053813418600867635,-0.15745441403375557,-0.16782046010931326,0.020498884833674458,NA,NA,NA,NA,NA,NA
19041,Clay,Iowa,4,-0.19865188304366613,0.2832879832919026,-0.8552820987768904,-0.16411924904188188,0.3132293999011061,-0.855423567936318,0.00113258341815302,0.00162258740417084,1.1183943764571982,-0.14123044416545902,1.2596248206226572,0.8233705680290596
19043,Clayton,Iowa,4,-0.40617008346312405,0.1488126454241221,-0.9577382836962156,-0.35880416744160054,0.17222018446001108,-0.9240233500755062,0.00104138132781538,0.00151377996703978,0.464261695884581,-0.6050989102476774,1.0693606061322583,0.6990018260070313
19045,Clinton,Iowa,4,-0.39777379713625455,0.15746841831929984,-0.9593127086771391,-0.3404382005717927,0.18306958654709854,-0.9131415941328609,8.8425658533846e-4,0.00161512527245082,-0.6626908618934867,-0.17304304527010422,-0.48964781662338247,-0.32006482748418286
19047,Crawford,Iowa,4,-0.11571000335136992,-0.23529151993964637,0.20395548735864508,-0.057714114519708266,-0.20714263091755378,0.2562272904504404,0.00110411463539322,0.00169139055444575,0.9142064997279978,0.1520915255561889,0.762114974171809,0.4981666198647202
19049,Dallas,Iowa,4,-0.6136941536987761,-0.5896417180950732,0.01439824472118989,-0.5584125099727731,-0.6131262984443223,0.15770506735076262,8.6730389741239e-4,0.00162902305176037,-0.7842813556523186,-0.11379395586728194,-0.6704873997850367,-0.43827303350885194
19051,Davis,Iowa,4,-0.19723576987831545,-0.3435498416464412,0.26232264588550325,-0.15970447369903992,-0.4358795505704773,0.49872791425346263,NA,NA,NA,NA,NA,NA
19053,Decatur,Iowa,4,-0.29260505981070173,-0.21376386751359888,-0.1256355535051265,-0.33409861629527277,-0.21758042869556551,-0.1823107386098205,9.7691391273629e-4,0.00152054911545163,0.0018792781225115223,-0.5762406394044305,0.578119917526942,0.37789579650214483
19055,Delaware,Iowa,4,-0.6034649381031502,-0.14166366800220148,-0.7658022411538387,-0.5448824589724593,-0.18275759576840697,-0.5936817581344898,7.1572312564632e-4,0.00145341678730496,-1.8714706535239667,-0.8624395510138887,-1.009031102510078,-0.6595666411384544
19057,Des Moines,Iowa,4,-0.46838004243448933,0.2917260024357785,-1.3144500934902448,-0.46131521677448206,0.30671072876103034,-1.3354424717350155,8.3530060502049e-4,0.00171854707934314,-1.013819948045995,0.26786537227498064,-1.2816853203209757,-0.8377907079550369
19059,Dickinson,Iowa,4,-0.30583648695012366,0.6281355454941249,-1.6453349073224417,-0.28236806529358144,0.6540729771797518,-1.6638910070349404,9.9099396066835e-4,0.00178690647203104,0.10286621232864687,0.5592955122042328,-0.4564292998755859,-0.29835110086025374
19061,Dubuque,Iowa,4,-0.4571341249845687,-0.3827769252459171,-0.095852861385051,-0.40055614348363155,-0.4038103405014928,0.04255763762240061,8.8163742433421e-4,0.00170968508476861,-0.6814763831706699,0.23008486812833187,-0.9115612512990018,-0.595854172597464
19063,Emmet,Iowa,4,-0.26767864216004417,0.43861194103409973,-1.2452999737446255,-0.21578684684370608,0.4600578768952016,-1.2049001190458373,NA,NA,NA,NA,NA,NA
19065,Fayette,Iowa,4,-0.35036921305943364,0.364318846273134,-1.2492819659181746,-0.2933744537342277,0.39256252933760444,-1.2119241703418684,7.8673008861858e-4,0.0016005108064526,-1.3621843547515422,-0.2353475173168023,-1.12683683743474,-0.7365719313597537
19067,Floyd,Iowa,4,-0.3576605887798659,0.20216785352412003,-0.9727886792672924,-0.3001848579544025,0.23028396474124638,-0.9314268382652053,7.5872169940655e-4,0.00163007951717772,-1.5630701310090738,-0.10929002667331733,-1.4537801043357566,-0.9502827593573303
19069,Franklin,Iowa,4,-0.36903653204739806,-0.1747188503690773,-0.3209625470414277,-0.3129668147981453,-0.17969648553270923,-0.21545890743176177,NA,NA,NA,NA,NA,NA
19071,Fremont,Iowa,4,-0.335935293688623,-0.22206684389352746,-0.1822137374428639,-0.3697808530044449,-0.21749886032635918,-0.24149705156546736,NA,NA,NA,NA,NA,NA
19073,Greene,Iowa,4,0.022328211672019274,0.5935451011159726,-1.0434103143383,0.08140060329095457,0.6223443218875145,-1.0049551449967942,NA,NA,NA,NA,NA,NA
19075,Grundy,Iowa,4,-0.573852241024236,-0.4096943241850831,-0.24015827885770313,-0.5157911622129149,-0.47475571131265515,-0.02055473508023853,8.4668772942419e-4,0.00160166498691846,-0.9321475852456432,-0.23042700878910305,-0.7017205764565402,-0.4586890161064763
19077,Guthrie,Iowa,4,-0.8959963786382228,-0.30675906762995864,-0.9537683729051534,-0.8669784201557565,-0.3385957964186634,-0.8464337393676926,9.4133727597828e-4,0.00172502708205143,-0.2532885659709791,0.29549095556008675,-0.5487795215310658,-0.3587170552437938
19079,Hamilton,Iowa,4,-0.6074214461843063,0.32494934649283624,-1.6025174433576148,-0.5489091110500246,0.3546644770328686,-1.5665924809519196,0.00102566278894366,0.00155242061608183,0.35152294254265765,-0.44036588213704264,0.7918888246797002,0.5176286944473539
19081,Hancock,Iowa,4,-0.37325194076776774,-0.4746836909057496,0.2057949212041913,-0.33682511836075846,-0.5431501044469021,0.39853008255887257,0.00113322589027152,0.00169196621575398,1.1230024069037783,0.15454568802037688,0.9684567188834015,0.6330446539981764
19083,Hardin,Iowa,4,-0.5757795372134432,0.11340920670962143,-1.1740402231545375,-0.5174111286239339,0.11658225976044156,-1.0864204761887148,0.00101625139044703,0.00153555059660693,0.2840211637594481,-0.5122862422055656,0.7963074059650137,0.5205169590505972
19085,Harrison,Iowa,4,-0.8642302870600181,-0.5551103549483851,-0.45959209388166045,-0.830315064078503,-0.5814991718215087,-0.34904701841516794,NA,NA,NA,NA,NA,NA
19087,Henry,Iowa,4,-0.4305190866029827,-0.07143041217603728,-0.605975711456555,-0.4452619060451635,-0.04147566342332528,-0.6828653478735544,9.3802015270297e-4,0.00168597053911093,-0.27708011210589134,0.12898488628780178,-0.40606499839369314,-0.265429803311485
19089,Howard,Iowa,4,0.0392163002253747,-0.21581770179494705,0.4244210852969581,0.03140221365277903,-0.19596435473730747,0.38358096340016185,NA,NA,NA,NA,NA,NA
19091,Humboldt,Iowa,4,-0.4044694314960422,0.22470478402567412,-1.0899655169761686,-0.3487272546365026,0.25456868003327154,-1.0554071184541758,NA,NA,NA,NA,NA,NA
19093,Ida,Iowa,4,-0.3929394802038457,0.04106078397666614,-0.744239131132672,-0.36404098597166695,0.0691468990486275,-0.7473694257681068,NA,NA,NA,NA,NA,NA
19095,Iowa,Iowa,4,-0.4216245844566929,-0.22083948666586828,-0.32550000161784354,-0.36276322630831004,-0.20557332404968603,-0.251327021019966,8.1991601561369e-4,0.001684491819309,-1.1241635012575801,0.12268079987263857,-1.2468443011302186,-0.8150164109642674
19097,Jackson,Iowa,4,-0.5252873059890673,-0.39533124751054755,-0.18574239487008382,-0.46634012697302657,-0.42514026151560047,-0.027938483917448242,0.00124624142496323,0.00154625763487921,1.9335885939149475,-0.4666399375907095,2.400228531505657,1.5689413998752875
19099,Jasper,Iowa,4,-0.7535494487896334,-0.09931549350436772,-1.0882889581559705,-0.7704089476323328,-0.07056856480429831,-1.1685450383142792,9.6678467774182e-4,0.00177693071061683,-0.07077107029113773,0.5167667911239091,-0.5875378614150468,-0.3840519611647187
19101,Jefferson,Iowa,4,-0.6537030233042301,1.172342541767286,-3.1864142673440274,-0.7055492170363039,1.122996394433724,-3.207176852677993,0.00131904456556376,0.00357629963648712,2.455757694851392,8.18784631994407,-5.732088625092677,-3.7468561987389792
19103,Johnson,Iowa,4,-0.7033621840868202,-0.5772013018467098,-0.1553900450059329,-0.7559322160258347,-0.5908951974088588,-0.2090800996186568,7.7405184947181e-4,0.00176086633066372,-1.4531170354315,0.4482810379080202,-1.9013980733395202,-1.2428742162456277
19105,Jones,Iowa,4,-0.48368826758965583,-0.05225517866245673,-0.727644821539593,-0.42990349536776634,-0.022238814592988976,-0.6920399374130513,9.1994014175053e-4,0.00166771842675923,-0.4067561533601874,0.05117238024425609,-0.45792853360444347,-0.299331094987654
19107,Keokuk,Iowa,4,-0.6851952655660872,0.17026739554787446,-1.4553748977297898,-0.6350501843047451,0.1988065583716831,-1.4288991789158185,NA,NA,NA,NA,NA,NA
19109,Kossuth,Iowa,4,-0.04905411026332914,0.4236290774700203,-0.8586385046395594,-0.0824812273421512,0.43334566357940807,-0.9363065389243667,9.9995725860531e-4,0.00139299501801734,0.16715406016819287,-1.120029971084736,1.2871840312529288,0.8413850137112766
19111,Lee,Iowa,4,-0.6290320877722836,0.16813944464754768,-1.3591062503435813,-0.5863810123558535,0.19280851996383316,-1.3375873351609469,0.00107130790252448,0.00178024648420396,0.6789053565983647,0.5309026153680301,0.14800274123033463,0.09674396623626288
19113,Linn,Iowa,4,-0.4848158395206305,-0.1344729818027434,-0.583219258127982,-0.4338454141675212,-0.10575004078662635,-0.5484147268520537,9.5460617719826e-4,0.00177523514089664,-0.15811945426371632,0.5095382289412285,-0.6676576832049448,-0.4364233515164315
19115,Louisa,Iowa,4,-0.24727107687515226,-0.7539683519818875,0.9101492618802731,-0.24953023609695735,-0.7475354302609927,0.9104386582748282,NA,NA,NA,NA,NA,NA
19117,Lucas,Iowa,4,-0.5199811790275293,-0.5002192034571837,0.009612234129096842,-0.575771632421766,-0.5119067713109611,-0.053003062088707864,NA,NA,NA,NA,NA,NA
19119,Lyon,Iowa,4,-0.34225406602321423,-0.45053386887677815,0.21387091497240207,-0.3116916828292844,-0.5777786317043658,0.5023754759667146,NA,NA,NA,NA,NA,NA
19121,Madison,Iowa,4,-0.8504316981141349,0.01610695361446326,-1.453182856125756,-0.8483040729120495,0.0018432785594158397,-1.4276214979648427,8.0165266483459e-4,0.00150323084505794,-1.2551545186470159,-0.6500719852621748,-0.6050825333848411,-0.3955202700525288
19123,Mahaska,Iowa,4,-0.5142108121628975,-0.17227339837554762,-0.5643685873398676,-0.46760948551659903,-0.1425256820307666,-0.5381605027299042,9.0000866524066e-4,0.00152344294768608,-0.5497115407740502,-0.5639036378621851,0.014192097088134958,0.00927685359137593
19125,Marion,Iowa,4,-0.3991437156624969,-0.473830134305376,0.1616408910686239,-0.3412894651202054,-0.47457632568372243,0.2678524171073349,8.9752181806886e-4,0.00176265546002553,-0.5675480618520387,0.45590846407086427,-1.023456525922903,-0.6689960115946558
19127,Marshall,Iowa,4,0.3297931077694816,-0.4641523962695152,1.3447453749409068,0.38838133134891417,-0.4502063875423964,1.431346747933365,9.3874256214955e-4,0.00166556479024524,-0.2718987437182487,0.04199098517987326,-0.31388972889812194,-0.20517820874121914
19129,Mills,Iowa,4,-0.7623996729638872,-0.10192351395074647,-1.098222212137109,-0.7960928281397246,-0.0744130651475991,-1.2041293149574746,0.00116771409786458,0.00176081064185281,1.370363663619213,0.44804362506220896,0.922320038557004,0.6028867974162911
19131,Mitchell,Iowa,4,0.016206667654658797,0.08799989305525902,-0.1540220585273931,0.05636540931294998,0.04036601868767069,-2.0949734010844434e-5,NA,NA,NA,NA,NA,NA
19133,Monona,Iowa,4,-0.49419492020700573,0.5333617628961128,-1.7868783507995312,-0.43764817273745665,0.5530795720692442,-1.7392374755504867,0.00120056166020186,0.00154936218727831,1.605957649704566,-0.45340459268034555,2.0593622423849114,1.3461296026636613
19135,Monroe,Iowa,4,-0.37731459938192896,0.22331555998547362,-1.042778578078627,-0.3185774612273236,0.24626390177815946,-0.9905899890963319,NA,NA,NA,NA,NA,NA
19137,Montgomery,Iowa,4,-0.24172523194709952,0.07390142674752878,-0.5536684060621346,-0.18266270600604004,0.10340900369389978,-0.5088627172804738,NA,NA,NA,NA,NA,NA
19139,Muscatine,Iowa,4,-0.49315419150837503,-0.2574321114313164,-0.3781803535497361,-0.5205169998313178,-0.2274214121127415,-0.4730642892617685,9.6722213248841e-4,0.00176807166735489,-0.06763349477113825,0.478998869029372,-0.5466323638005103,-0.3573135369490515
19141,O'Brien,Iowa,4,-0.1544202652603571,0.06650740736447336,-0.39674989138438244,-0.12197790357203697,0.04934898383081761,-0.31125770304573736,9.828328793087e-4,0.00155889699144919,0.044332136997746144,-0.4127557629517943,0.4570878999495404,0.2987816035846479
19143,Osceola,Iowa,4,-0.5930335205825272,0.2816804265288263,-1.5018409139877535,-0.5344528633667376,0.2890526267382883,-1.4247076093429267,NA,NA,NA,NA,NA,NA
19145,Page,Iowa,4,-0.14477523140978912,0.34440834131415177,-0.875310314926018,-0.0898631445029469,0.3650501733864982,-0.8257299891015272,9.9032194231411e-4,0.00182547402513514,0.09804626614292267,0.7237169173090542,-0.6256706511661315,-0.4089779678961223
19147,Palo Alto,Iowa,4,-0.18876238332347062,0.4262535611629169,-1.0933623334442488,-0.13432101765940954,0.4562670544953134,-1.063291506615622,NA,NA,NA,NA,NA,NA
19149,Plymouth,Iowa,4,-0.35620334898331024,-0.5286365449876504,0.3298616139624375,-0.3110003634683193,-0.6062840684649654,0.5547701613736734,7.6819821631504e-4,0.00152476273399818,-1.495101300635852,-0.5582771175774304,-0.9368241830584216,-0.612367624962233
19151,Pocahontas,Iowa,4,-0.23620783066682213,0.4732545172712402,-1.2551139647391276,-0.18119785746926698,0.5015672113334839,-1.2223002953422344,NA,NA,NA,NA,NA,NA
19153,Polk,Iowa,4,-0.42871966593594024,-0.2638713006921237,-0.26062089590623866,-0.4029148167797039,-0.23470655760330833,-0.2653820834978361,9.0918288422146e-4,0.00182132197809561,-0.4839108948474715,0.7060158874703671,-1.1899267823178388,-0.7778115154842085
19155,Pottawattamie,Iowa,4,-0.5079033598785214,-0.1013513664752976,-0.6801670729624483,-0.5240876040557955,-0.07558961522425386,-0.7519554123344311,9.273326887609e-4,0.00167724832531067,-0.3537342700431482,0.09180029630895403,-0.44553456635210226,-0.29122961295140026
19157,Poweshiek,Iowa,4,-0.9009113033546324,0.4259697275949728,-2.2655362506149785,-0.9059978463362875,0.4556013456050099,-2.3389074058397226,8.987459727997e-4,0.00175299051406196,-0.5587680041520944,0.41470481313394714,-0.9734728172860415,-0.6363234936363421
19159,Ringgold,Iowa,4,-0.9595334585134041,0.3577040113660989,-2.240609288172342,-0.9850324441828485,0.3849510803046522,-2.342653314479109,NA,NA,NA,NA,NA,NA
19161,Sac,Iowa,4,-0.4766146850675546,0.01932852727993164,-0.8433589921069,-0.46371491032515805,0.020771502867311775,-0.8253137614529256,NA,NA,NA,NA,NA,NA
19163,Scott,Iowa,4,-0.6244438513807199,-0.11530478436988525,-0.8472455775250991,-0.5944131923499661,-0.08537230813168145,-0.8507271803162819,8.6625412104077e-4,0.00167567422039114,-0.791810711936011,0.08508956353436144,-0.8769002754703725,-0.5731975633522184
19165,Shelby,Iowa,4,-0.3857180612495646,0.12301053584023196,-0.8781531815331104,-0.3426713151630734,0.11764254066615923,-0.7992031274396639,0.00112978171051098,0.00182992336981203,1.0982995680675705,0.7426853880750189,0.3556141799925515,0.23245195282426737
19167,Sioux,Iowa,4,0.03216634610853072,-0.6294699406772295,1.148784138517091,0.02125083529366482,-0.8582117246239761,1.5574601578288183,0.00103158980797364,0.00167157739110978,0.39403355640613896,0.06762393834684642,0.32640961805929253,0.21336200131303815
19169,Story,Iowa,4,-0.7738813458068016,-0.12823431230239965,-1.0703165147671632,-0.7789429800289623,-0.13918396362818355,-1.0592995989569935,7.3266284098932e-4,0.00168272277903152,-1.749973203581413,0.11513901760490772,-1.8651122211863207,-1.2191554849141588
19171,Tama,Iowa,4,-0.31440726541213876,-0.4832476888669922,0.3179301734980401,-0.2707878067299124,-0.47969237879314175,0.39370243931763205,8.3878440262057e-4,0.00151571976689044,-0.988832956472927,-0.596829144825776,-0.39200381164715103,-0.25623852101129974
19173,Taylor,Iowa,4,0.17651170461476182,0.28208959025223224,-0.235376835984405,0.2326756571861587,0.3121032468129079,-0.1968638630617247,NA,NA,NA,NA,NA,NA
19175,Union,Iowa,4,-0.6472721617518697,0.46014781195741306,-1.9086844396842049,-0.6472643265589617,0.4827375670241514,-1.9595972345137393,8.639323493981e-4,0.00142501817338464,-0.8084632546866725,-0.9835086785057222,0.17504542381904975,0.11442077647337251
19177,Van Buren,Iowa,4,0.013141255752051717,0.32339716149967784,-0.5778897493177448,0.036217494138018856,0.35330574852137253,-0.5960018909116345,NA,NA,NA,NA,NA,NA
19179,Wapello,Iowa,4,-0.17144525896143967,-0.20820260947941144,0.06398083043296326,-0.2317570736112722,-0.17843607816235288,-0.08335578369575047,9.6802600901188e-4,0.00165358535008172,-0.06186781655915772,-0.009079830195387679,-0.05278798636377004,-0.03450557150498528
19181,Warren,Iowa,4,-0.8138608795293024,-0.34334823445240403,-0.7534181528408597,-0.8353798515820726,-0.32685043928770263,-0.8152682498689441,8.3252506477608e-4,0.00160652838666031,-1.03372707488258,-0.20969333618656522,-0.8240337386960148,-0.5386406463234519
19183,Washington,Iowa,4,-0.4535389723214432,-0.021218315657800857,-0.7332196200152516,-0.4144049239357395,-0.011604660930069488,-0.6855155582888026,0.00108036106015016,0.00169417347981464,0.743837708953544,0.16395570833749445,0.5798820006160494,0.3790476056204151
19185,Wayne,Iowa,4,-0.10509161501603231,0.34636635583090747,-0.8134479438509767,-0.052585777168266894,0.374386628323261,-0.780837344373643,NA,NA,NA,NA,NA,NA
19187,Webster,Iowa,4,-0.5332758710441049,0.46857093143190187,-1.7359558773956674,-0.4747306770563795,0.48021199662124064,-1.6695830779660925,9.0652108705001e-4,0.00162293605118072,-0.5030022173429889,-0.1397440903100477,-0.3632581270329412,-0.2374485207813214
19189,Winnebago,Iowa,4,-0.10519989639363025,0.3002325835688296,-0.7315448193956745,-0.09673135500307899,0.3290962223328474,-0.7724513448978507,9.3377534365384e-4,0.00163323534091098,-0.30752533887149286,-0.095836101528384815,-0.21168923734310804,-0.1383734940302907
19191,Winneshiek,Iowa,4,-0.3481903449304149,-0.037370051885034575,-0.5310072608613857,-0.33310746757549575,-0.07568451476113955,-0.4357899669420752,8.467863177184e-4,0.0017749116856292,-0.931440476176916,0.5081592726611268,-1.439599748838043,-0.9410135808131707
19193,Woodbury,Iowa,4,-0.17495039715661032,-0.4258871259105622,0.44551433723335515,-0.1175363302648531,-0.3971435517906499,0.49885443851567823,8.317156895977e-4,0.00165874231971023,-1.0395321913339965,0.012905391167083296,-1.0524375825010799,-0.6879398658488618
19195,Worth,Iowa,4,-0.5324801705400661,0.02392223721756894,-0.9435245268378988,-0.4742055250367015,0.023108963559669515,-0.8468740774435037,NA,NA,NA,NA,NA,NA
19197,Wright,Iowa,4,-0.5616244931563105,-0.14721570607839304,-0.6870263495225394,-0.503996106960225,-0.16209239595866115,-0.5631860154271632,0.00112494117355746,0.00159621493737269,1.0635815763955085,-0.25366169007125916,1.3172432664667677,0.8610336338141287
20001,Allen,Kansas,4,-0.01345683244445428,0.3675525961852226,-0.7002497581508718,0.02963946918619269,0.39241667989272044,-0.6772046474877913,8.7860875258829e-4,0.00140676339424551,-0.7031990559778258,-1.0613325536121485,0.3581334976343227,0.23409873840977635
20003,Anderson,Kansas,4,0.11340964743263342,0.3953726956154258,-0.5408393571331114,0.16106947271960134,0.3920278424245965,-0.4590420875476641,NA,NA,NA,NA,NA,NA
20005,Atchison,Kansas,4,0.18751096413061377,0.2553358860034859,-0.16966429454418197,0.24374370239652607,0.2815411605852092,-0.12360218106831222,9.3088082355607e-4,0.00161188990898591,-0.3282858300347542,-0.18683606463769134,-0.14144976539706286,-0.09246052616285183
20007,Barber,Kansas,4,-0.05844435736719722,0.6396381840636827,-1.2584256425888702,-0.039442126687089386,0.6496340609082767,-1.2539660394231789,NA,NA,NA,NA,NA,NA
20009,Barton,Kansas,4,-0.3580486627412754,0.28634573598146806,-1.1231974037246468,-0.3068538296165556,0.31535470134291765,-1.0954126709316654,7.7303449155131e-4,0.00156041951733316,-1.4604138754619729,-0.40626492220607463,-1.0541489532558983,-0.6890585261732961
20011,Bourbon,Kansas,4,0.34757157145152157,0.06593495217172526,0.43088680133351187,0.406345431721353,0.08530964122854219,0.49824875638911703,9.8709497449629e-4,0.0016085780519299,0.07490134587873327,-0.20095519190474054,0.2758565377834738,0.1803173059872156
20013,Brown,Kansas,4,-0.21066032714137906,0.7391316336672805,-1.6860953307812878,-0.16846901652883806,0.7623147858597904,-1.6700455761420125,NA,NA,NA,NA,NA,NA
20015,Butler,Kansas,4,-0.43047810118388496,-0.36617830517201944,-0.08149135694673115,-0.4532421489685216,-0.36571426414985825,-0.11311052339539962,8.8491573952342e-4,0.00165257582534231,-0.6579631819431445,-0.013383641632267183,-0.6445795403108774,-0.4213380155396832
20017,Chase,Kansas,4,-0.485080860689785,0.3654046586255224,-1.4730403574509796,-0.5365877662850401,0.3457167502982343,-1.530118240118826,NA,NA,NA,NA,NA,NA
20019,Chautauqua,Kansas,4,-0.7063753699393255,0.09984431756137628,-1.3649546004941804,-0.7737707591505768,0.12949388676572696,-1.5338061225474147,NA,NA,NA,NA,NA,NA
20021,Cherokee,Kansas,4,-0.4327002423213353,-0.04725858318475926,-0.652574003460109,-0.4437153651595939,-0.01724610880224775,-0.7238695358536259,0.00109233301728693,0.00147736664289511,0.8297046927538458,-0.7603363945714499,1.5900410873252957,1.0393515686785315
20023,Cheyenne,Kansas,4,-0.4881996828335183,1.7444060020191667,-3.931701852323033,-0.4739476215242298,1.7739625533380212,-3.9943627263757757,NA,NA,NA,NA,NA,NA
20025,Clark,Kansas,4,-0.3269477030312339,1.0190738478881454,-2.3756575539407647,-0.28120996625297373,0.9772708070804151,-2.243062483246014,NA,NA,NA,NA,NA,NA
20027,Clay,Kansas,4,-0.3807405527184262,0.603161460849009,-1.7242436635401566,-0.3218728142126627,0.6331761375805518,-1.6916842833097152,NA,NA,NA,NA,NA,NA
20029,Cloud,Kansas,4,-0.8683300783422153,1.0598080561100038,-3.3396137058238926,-0.8477615187996738,1.0856932369658545,-3.375412114900563,0.00102718608332456,0.00177192954076631,0.3624485324385726,0.49544577623424624,-0.13299724379567363,-0.08693542265721155
20031,Coffey,Kansas,4,-0.2857009857326999,0.15251902706283463,-0.7659590593972494,-0.22861733806596565,0.18223511832275324,-0.7266230116505306,NA,NA,NA,NA,NA,NA
20033,Comanche,Kansas,4,-0.8192992248258348,1.8262945675534206,-4.622612227010462,-0.7958367780271596,1.8551131062319854,-4.6728621496887,NA,NA,NA,NA,NA,NA
20035,Cowley,Kansas,4,-0.07101342183353916,0.593006982499076,-1.1961563686384442,-0.04199985635470216,0.6020963486048581,-1.1727284812988021,0.00103280045874388,0.00160001622754016,0.4027167590678606,-0.23745600886406537,0.640172767931926,0.41845746998561745
20037,Crawford,Kansas,4,-0.2980199655806219,0.3114480729158291,-1.0690117550134957,-0.25549583662286607,0.33619629115086264,-1.04790773821516,8.1613961441778e-4,0.00156822187456554,-1.1512491462033596,-0.3730018698206922,-0.7782472763826673,-0.5087117144178812
20039,Decatur,Kansas,4,-0.5940638356252566,1.6470081547348776,-3.932735151507597,-0.5438745478044857,1.6738606500509157,-3.930087088121475,NA,NA,NA,NA,NA,NA
20041,Dickinson,Kansas,4,-0.13990827996198896,0.5191156358834049,-1.1781360765512945,-0.09526787152179596,0.5489081542068566,-1.1652367380453927,0.00106254191378853,0.00164813185664377,0.6160326780392668,-0.03232919349768013,0.6483618715369469,0.42381038680380295
20043,Doniphan,Kansas,4,-0.5153453563981215,-0.026028309007793356,-0.8264367790796645,-0.4939343943920153,0.0021350891767398738,-0.8418077744705631,0.00119377341862851,0.00155721866477421,1.5572700523007024,-0.4199108144890353,1.9771808667897377,1.2924106501649648
20045,Douglas,Kansas,4,-0.6875288167003587,-0.1552542641134612,-0.8800478036041135,-0.7508437339245005,-0.1391737295385514,-1.0128251206327272,7.7488832495988e-4,0.00175844864510977,-1.4471175462616923,0.43797394752017227,-1.8850914937818646,-1.232215202979788
20047,Edwards,Kansas,4,-0.07159196792812544,1.1330886569901621,-2.158024952315579,-0.016862078390111297,1.1466834696865453,-2.1102661456052907,NA,NA,NA,NA,NA,NA
20049,Elk,Kansas,4,0.1976761381581372,0.6559058942697706,-0.8656216207873841,0.2476025650056882,0.6784407120508604,-0.8308156568887513,NA,NA,NA,NA,NA,NA
20051,Ellis,Kansas,4,-0.034444207994484444,0.03978030328845771,-0.15163514151087795,-0.02030262257002735,0.03280491337010678,-0.11328115762349075,7.8983326779636e-4,0.00154690768269333,-1.3399272890818459,-0.4638686501643483,-0.8760586389174976,-0.5726474163915766
20053,Ellsworth,Kansas,4,-0.6276647024116826,0.6688623529641661,-2.247743208821066,-0.5811024656850273,0.6970445323376036,-2.2354354466298023,NA,NA,NA,NA,NA,NA
20055,Finney,Kansas,4,0.6840330394916329,-0.561841640583137,2.101873129842174,0.7260591499246877,-0.565753194970565,2.197812136561928,0.00102046139946307,0.00136516791085152,0.31421679274889064,-1.2386626478287563,1.552879440577647,1.0150603625268604
20057,Ford,Kansas,4,0.5936543276937237,-0.27887205754357086,1.449587786745084,0.643722711746773,-0.24909092914219438,1.4922414960742378,9.3467258870292e-4,0.00144066918612594,-0.30108998956192784,-0.9167851946670642,0.6156952051051363,0.40245738450087903
20059,Franklin,Kansas,4,-0.46770558731565776,-0.3128576016683902,-0.23766143616501922,-0.47061881335610467,-0.30737428814979406,-0.24675316838889727,9.9931714012432e-4,0.00187411496197954,0.16256291081729568,0.9310832275332025,-0.7685203167159068,-0.5023535574691658
20061,Geary,Kansas,4,-0.08302229587909456,-0.7455953574996916,1.1657166033203303,-0.06357963621085638,-0.7565309248171839,1.2342849193882732,9.4226840347925e-4,0.00137407446866189,-0.24661020009241763,-1.2006921614492962,0.9540819613568786,0.6236484019744647
20063,Gove,Kansas,4,-0.27903917635241543,0.6778713961145201,-1.6896986687400795,-0.24040798298518706,0.6842958983414145,-1.648802806613775,NA,NA,NA,NA,NA,NA
20065,Graham,Kansas,4,-0.5975736288573515,0.9300953108066841,-2.662979875545725,-0.546955677761998,0.9337747926526534,-2.604561201190993,NA,NA,NA,NA,NA,NA
20067,Grant,Kansas,4,1.0506625401947918,-0.9963931829206153,3.4787495134303557,1.0446464077638404,-1.1536450954720787,3.7819346456314076,NA,NA,NA,NA,NA,NA
20069,Gray,Kansas,4,-0.09974056018751927,-0.29380992854639276,0.3343682279130811,-0.08383219157284927,-0.4282430871239207,0.61053598961480815,NA,NA,NA,NA,NA,NA
20071,Greeley,Kansas,4,-0.7454449956534649,-0.008827984022211544,-1.2359393561912237,-0.7530677423800523,-0.20271015025243053,-0.9022708021114771,NA,NA,NA,NA,NA,NA
20073,Greenwood,Kansas,4,-0.4544328295335717,1.0156910629322153,-2.5795656529491238,-0.4074316730150191,0.9989849533082694,-2.490948871314201,NA,NA,NA,NA,NA,NA
20075,Hamilton,Kansas,4,0.7304028669164615,0.4880566125932491,0.31024522934625065,0.7894001409111079,0.4425302243837203,0.4897909984287545,NA,NA,NA,NA,NA,NA
20077,Harper,Kansas,4,-0.14767546207889662,0.7626099436981251,-1.6241523533007904,-0.08871728914402828,0.7771580042095154,-1.5647758431009335,NA,NA,NA,NA,NA,NA
20079,Harvey,Kansas,4,-0.38993205690626015,0.17476861520502454,-0.9771804923239695,-0.3362312734196557,0.20456373654538132,-0.9448258486892349,8.7698801247219e-4,0.00165841427761477,-0.7148235601172719,0.011506880296468928,-0.7263304404137408,-0.4747755819900715
20081,Haskell,Kansas,4,0.33706708075874275,-0.14823321077633586,0.7946383256430269,0.37452108333501927,-0.24752464007815417,1.0440056853465982,NA,NA,NA,NA,NA,NA
20083,Hodgeman,Kansas,4,-0.6472226319444876,0.7871579470216845,-2.490420880707056,-0.5967915727841019,0.7369153510754554,-2.3330795819233536,NA,NA,NA,NA,NA,NA
20085,Jackson,Kansas,4,-0.1840069192785172,0.05124031074026151,-0.4183062487386415,-0.2754014209616835,0.06027547598760704,-0.5847566106976779,9.8619126719778e-4,0.00149065425718401,0.06841964709925359,-0.7036885640499015,0.7721082111491552,0.5046988325297733
20087,Jefferson,Kansas,4,-0.41129666284539756,-0.09451853862185147,-0.5332440920320424,-0.39874932479787156,-0.08326268732227915,-0.5307756331129084,0.00102580747241508,0.0017551324940056,0.35256066203619246,0.4238365138433244,-0.07127585180713192,-0.04659041138946851
20089,Jewell,Kansas,4,-0.15614108867573795,0.8898666623826678,-1.86450826614838,-0.09819157494052644,0.8512283327468303,-1.7136253514957334,NA,NA,NA,NA,NA,NA
20091,Johnson,Kansas,4,-0.5819465274280629,-0.28902854854576715,-0.46817607704821296,-0.5271918331989934,-0.2941636599568451,-0.3641104258063548,9.4063881946454e-4,0.00194500654334497,-0.25829813570676863,1.233308608198268,-1.4916067439050367,-0.9750086469381998
20093,Kearny,Kansas,4,1.054603910217921,-0.5595514395779922,2.708008750180656,1.1111198809779987,-0.5579526900348399,2.8209070087109076,NA,NA,NA,NA,NA,NA
20095,Kingman,Kansas,4,-0.38572590901009063,0.523980026569582,-1.5915729451470937,-0.33878949542205367,0.5175817162169507,-1.5118436553517314,NA,NA,NA,NA,NA,NA
20097,Kiowa,Kansas,4,-0.18985321520451892,0.4428811284973098,-1.1247424282496294,-0.1862547965869732,0.37972452618551067,-1.011602642457075,NA,NA,NA,NA,NA,NA
20099,Labette,Kansas,4,0.2107600873848007,0.5176976971284415,-0.5981759014477115,0.2694296511083294,0.5472910671115103,-0.5589025450374787,9.3330173036677e-4,0.0015729624980307,-0.3109222558487129,-0.3527916177180867,0.04186936186937379,0.027368466944274507
20101,Lane,Kansas,4,0.29354178130857583,0.8085734138349796,-0.9793886987892155,0.32362210103400996,0.7772545493053302,-0.8826946372251477,NA,NA,NA,NA,NA,NA
20103,Leavenworth,Kansas,4,-0.15278493929991754,-0.12993884879183257,-0.04453891742217886,-0.13243515093801161,-0.09994177242359514,-0.06014561407879013,9.5505624736027e-4,0.00173697682715085,-0.15489139665635832,0.3464351747743007,-0.501326571430659,-0.3276988013644261
20105,Lincoln,Kansas,4,-0.08906254053000191,1.1832540771713338,-2.276047890423499,-0.06312820704832829,1.201820119624235,-2.2859497984796544,NA,NA,NA,NA,NA,NA
20107,Linn,Kansas,4,-0.5149760693057651,0.07535555398675749,-1.0062113379510451,-0.5255748966599003,0.09735622598423543,-1.065361109996232,NA,NA,NA,NA,NA,NA
20109,Logan,Kansas,4,0.2081669411478728,-0.2709483467353948,0.8007168489573095,0.24274869721729617,-0.28382550921266925,0.8912422116501109,NA,NA,NA,NA,NA,NA
20111,Lyon,Kansas,4,0.07369844832865656,-0.05142546264911822,0.1887145691280753,0.12492124112438126,-0.02499403851625779,0.23092412881058835,8.2471273898356e-4,0.00170837279089959,-1.0897597556385672,0.22449028966823883,-1.314250045306806,-0.8590770748718456
20113,Mcpherson,Kansas,4,-0.5894250903600416,-0.19839275418562755,-0.6417504911354215,-0.5304586890050469,-0.20870934552048243,-0.5231567806046724,8.7798350926097e-4,0.00159982618576124,-0.7076835156233867,-0.23826619602409316,-0.46941731959929356,-0.3068408932193751
20115,Marion,Kansas,4,-0.13492334620683147,0.6274535545590387,-1.3626828475928516,-0.07587205182110614,0.657460800879621,-1.3283147645253957,9.2207743871609e-4,0.00145345543611998,-0.3914267262814255,-0.8622747831725364,0.47084805689111087,0.3077761137369243
20117,Marshall,Kansas,4,0.5864006981992244,0.5406974916359908,-0.02053866715277952,0.5144297891051629,0.5094473385747426,-0.08548604222082978,NA,NA,NA,NA,NA,NA
20119,Meade,Kansas,4,1.026712044487708,0.39352615884856323,0.9663596354701662,0.9306777734645548,0.4138007790051411,0.7752018790114645,NA,NA,NA,NA,NA,NA
20121,Miami,Kansas,4,-0.3976558832750663,-0.339227660187784,-0.07539449773455287,-0.3631556540061988,-0.3108459602831485,-0.06270330793989665,6.7272199731317e-4,0.00149154726586094,-2.1798894983122383,-0.699881484533208,-1.4800080137790304,-0.9674269822584384
20123,Mitchell,Kansas,4,-0.590105565320919,-0.3470780890915323,-0.3783293523498139,-0.556654332199388,-0.33289333780964425,-0.3432256160134012,NA,NA,NA,NA,NA,NA
20125,Montgomery,Kansas,4,0.09219144046630323,0.5369770267656013,-0.8277219857287659,0.15126730548761128,0.5632323662073908,-0.783074767089557,0.00106020089804688,0.00145897362252659,0.5992421100086538,-0.8387496204494517,1.4379917304581054,0.9399624781473473
20127,Morris,Kansas,4,-0.7263371155853835,0.6743107637545361,-2.4199185947396624,-0.6771341796115028,0.6749785977620238,-2.3546560164143844,NA,NA,NA,NA,NA,NA
20129,Morton,Kansas,4,-0.1114343408743545,0.5728316645238847,-1.2268205250002284,-0.06130765521751802,0.6024883951474665,-1.2053799461161412,NA,NA,NA,NA,NA,NA
20131,Nemaha,Kansas,4,-0.3101260875725578,-0.22120877511773526,-0.14124100345550455,-0.33111036507298613,-0.3003628067452097,-0.02852932106732531,NA,NA,NA,NA,NA,NA
20133,Neosho,Kansas,4,0.7541625298651483,0.4345245379099992,0.444614232783505,0.8096205950581973,0.43963465579240674,0.5284537002687463,9.0423602250936e-4,0.00160580502205628,-0.5193914841648688,-0.21277718815603452,-0.3066142960088343,-0.20042252497519988
20135,Ness,Kansas,4,0.15554551403664355,-0.22417587272933318,0.6308485696911345,0.15240862375879935,-0.3256736388028625,0.8170060408385506,NA,NA,NA,NA,NA,NA
20137,Norton,Kansas,4,-0.31768298247487403,0.781183061390448,-1.9371451277853313,-0.2866010657339551,0.7300040001574358,-1.8074137114248843,NA,NA,NA,NA,NA,NA
20139,Osage,Kansas,4,-0.44046558625016985,0.49284086539330374,-1.626308542225156,-0.45340835818666286,0.5021498334601392,-1.6737460057455364,9.8907852990743e-4,0.0015778179646261,0.08912808578512978,-0.33209176574924854,0.4212198515343783,0.2753359752402593
20141,Osborne,Kansas,4,-0.5350499879785392,0.8669591601341802,-2.4476915212328896,-0.47597782182946885,0.8939962368496379,-2.415602448372111,NA,NA,NA,NA,NA,NA
20143,Ottawa,Kansas,4,-0.6417487402819871,-0.11649950877531334,-0.8736154726077099,-0.6200886307253253,-0.11480674185656485,-0.8402885332427803,NA,NA,NA,NA,NA,NA
20145,Pawnee,Kansas,4,-0.10313107905492547,1.6946116949734917,-3.209024148660473,-0.04429081724176923,1.6671767021628578,-3.091460948894007,NA,NA,NA,NA,NA,NA
20147,Phillips,Kansas,4,0.10428697332497998,0.9989222775353106,-1.6296997611907038,0.025193346871981975,1.0027169576574007,-1.7818394671801576,NA,NA,NA,NA,NA,NA
20149,Pottawatomie,Kansas,4,-0.09993379464270213,-0.3001050093321786,0.3452502711944675,-0.04127262548264383,-0.3761307824466596,0.5872604739774892,7.8284272344133e-4,0.00156103321810688,-1.3900658714398684,-0.40364858968281053,-0.9864172817570578,-0.6447848155234926
20151,Pratt,Kansas,4,-0.560785592604231,0.6246971257131013,-2.0590359639624873,-0.5021258938811212,0.6094483874594314,-1.9472692919187224,0.00113409261664862,0.00135683464042037,1.1292188658278715,-1.2741890922912777,2.403407958119149,1.5710196744963476
20153,Rawlins,Kansas,4,0.9137058180296459,0.6860685359056568,0.2597821339374773,0.9724058770453495,0.7159379959835379,0.30102288476445316,NA,NA,NA,NA,NA,NA
20155,Reno,Kansas,4,-0.4375884859019896,0.7229762254514178,-2.0310288249038893,-0.3832900398483132,0.7385977843059877,-1.9828458645548148,8.7448127368239e-4,0.00171499978400246,-0.732802750703768,0.252742523214214,-0.985545273917982,-0.6442148159664574
20157,Republic,Kansas,4,-0.05223190804213081,0.9758025393618344,-1.846300981204284,-0.018970644727366537,0.9688450022896312,-1.7940135306993052,NA,NA,NA,NA,NA,NA
20159,Rice,Kansas,4,-0.03320001879567434,0.292238104492918,-0.5987604950035461,0.02461087567088942,0.30046318408654604,-0.5201988185870311,0.00106376078182309,0.00170887791370704,0.6247748177397852,0.22664373200686086,0.39813108573292433,0.2602436954583829
20161,Riley,Kansas,4,-0.39844951490779357,-0.003124000828246154,-0.6746985949522911,-0.3736144406828989,0.006594539970784896,-0.6507447416758908,8.0348776848547e-4,0.00165266444428355,-1.2419925256944997,-0.013005840873213556,-1.228986684821286,-0.8033435418343445
20163,Rooks,Kansas,4,0.3451158173617905,0.36219060098282607,-0.10025650245811368,0.32973049038463603,0.35395113820204127,-0.11151705455681782,NA,NA,NA,NA,NA,NA
20165,Rush,Kansas,4,-0.427471367871522,1.4136145007639265,-3.243156135679176,-0.37390314396560287,1.4283817932976661,-3.207498967603512,NA,NA,NA,NA,NA,NA
20167,Russell,Kansas,4,-0.08982984749827354,0.9868012294649745,-1.9277815480069724,-0.0380557556379871,1.002778999560795,-1.8866026774912716,NA,NA,NA,NA,NA,NA
20169,Saline,Kansas,4,-0.1956976871729058,0.6757547383993877,-1.5486962266548439,-0.14893456881994674,0.6985835572482826,-1.5231395685614957,9.3049162800792e-4,0.00169925696981378,-0.3310772740272751,0.1856276709387733,-0.5167049449660484,-0.33775108038107604
20171,Scott,Kansas,4,-0.16328944470947174,-0.7137257171557022,0.9768399559612695,-0.13937798887529187,-0.9865772960843566,1.5224770169062949,NA,NA,NA,NA,NA,NA
20173,Sedgwick,Kansas,4,-0.08834398883366072,0.1324015114447745,-0.4051827435461054,-0.03479411657842341,0.1619162679641479,-0.3693921267370073,9.2726551178752e-4,0.00169769366644365,-0.354216086342612,0.1789629873891562,-0.5331790737317682,-0.34851961442195784
20175,Seward,Kansas,4,0.8282925587817073,-0.33368330690101844,1.9334814935425086,0.8771427509707741,-0.30535516073195906,1.9796164312319848,8.0542851489703e-4,0.0017987518412718,-1.2280728266195597,0.6097947556821436,-1.8378675823017034,-1.2013466632500343
20177,Shawnee,Kansas,4,-0.2887182362410737,0.37793043387919373,-1.1719805510506491,-0.24454584399022392,0.4009315271899899,-1.1461794731711115,9.4835393340138e-4,0.00175641636737379,-0.20296269173015719,0.4293099298675319,-0.632272621597689,-0.4132934339423181
20179,Sheridan,Kansas,4,-0.04963685338465673,1.672119845831262,-3.08091885669206,-0.041363089719262204,1.625496507266768,-3.0116785963900536,NA,NA,NA,NA,NA,NA
20181,Sherman,Kansas,4,-0.5172180215947474,0.5916132786586974,-1.9284313278006802,-0.4582013586878055,0.621611009125547,-1.8964595300521383,NA,NA,NA,NA,NA,NA
20183,Smith,Kansas,4,-0.3425090700788805,0.5597845439424685,-1.5841123596348021,-0.29807828849109713,0.5818946257303838,-1.560113312847697,NA,NA,NA,NA,NA,NA
20185,Stafford,Kansas,4,-0.41035501836848653,0.17632273361314071,-1.0135755986403936,-0.44521335507856713,0.14976443174375853,-1.026621667340812,NA,NA,NA,NA,NA,NA
20187,Stanton,Kansas,4,-0.6325503669255373,0.10008213393328677,-1.2438118244500138,-0.5855936463421103,0.10379443931418889,-1.1762433154076153,NA,NA,NA,NA,NA,NA
20189,Stevens,Kansas,4,0.6070275494858473,-0.4516546419018949,1.7790247599798645,0.6660199276189922,-0.42299721285297265,1.8418060036067037,NA,NA,NA,NA,NA,NA
20191,Sumner,Kansas,4,-0.2797781153545111,0.31312657176279934,-1.0419597215106438,-0.2261275040689643,0.3388976460727478,-1.0041718872734957,8.9378640130496e-4,0.0016142096102014,-0.5943397523909272,-0.17694670162197873,-0.41739305076894845,-0.2728345358684906
20193,Thomas,Kansas,4,-0.3706639615823342,-0.31206149586903187,-0.0792817035203186,-0.31448931331239854,-0.40818239152294505,0.19282405376169787,NA,NA,NA,NA,NA,NA
20195,Trego,Kansas,4,-0.14061832381654682,-0.11141203779341406,-0.0574674281894306,-0.09577847167435798,-0.311970886465919,0.38172024264306914,NA,NA,NA,NA,NA,NA
20197,Wabaunsee,Kansas,4,-0.11475717182622185,0.5934141729011333,-1.2689126503697936,-0.1239266328459921,0.6208546678202471,-1.3420103136794859,NA,NA,NA,NA,NA,NA
20199,Wallace,Kansas,4,-0.29911684538396033,0.6703116370537299,-1.7093097356122176,-0.24811713352148243,0.6744791675301008,-1.6439085176460588,NA,NA,NA,NA,NA,NA
20201,Washington,Kansas,4,0.21987918037940937,0.7859743723573833,-1.0604788521827115,0.16901194074132156,0.7734166432404159,-1.1316115772497706,NA,NA,NA,NA,NA,NA
20203,Wichita,Kansas,4,0.8825964375890126,-0.7086113639933724,2.6899762137444916,0.8911993029558087,-0.9126413900919381,3.0947335684754975,NA,NA,NA,NA,NA,NA
20205,Wilson,Kansas,4,-0.07461890953182015,0.3858550341765246,-0.8335277007013304,-0.04414041782120015,0.41012940961935895,-0.8311267767953096,NA,NA,NA,NA,NA,NA
20207,Woodson,Kansas,4,-0.6640058490486122,0.8851703793623603,-2.6924416001471894,-0.8942638175520813,0.9085273492442617,-3.13382241020666,NA,NA,NA,NA,NA,NA
20209,Wyandotte,Kansas,4,0.41461420554055367,-0.12646499785462653,0.8836032474609752,0.4732525637039704,-0.10054262792313398,0.9431026855489109,9.9570550125519e-4,0.00158948937631524,0.13665899780414034,-0.2823341390648315,0.4189931368689719,0.27388045349372214
21001,Adair,Kentucky,4,-0.1667677650062829,0.08971733324519321,-0.45837744090566535,-0.19057190469850882,0.1163964655771077,-0.5452998106292865,0.00101406099849457,0.00155804401136641,0.26831092121935946,-0.4163921923451389,0.6847031135644983,0.4475653244655707
21003,Allen,Kentucky,4,0.015866541980244436,-0.37155033640310936,0.6630518366873491,0.009698958840000419,-0.3528742682062094,0.6297841872794493,9.9732959837681e-4,0.00162108592056369,0.14830757953886287,-0.1476315773605859,0.2959391568994488,0.19344457788461897
21005,Anderson,Kentucky,4,-0.024889618770072296,-0.3840581920935604,0.6181936600004375,0.0330658429027611,-0.3569122191619052,0.6757068826430567,0.00101749813434039,0.00192072709935178,0.2929632386826424,1.1298003486582113,-0.8368371099755689,-0.5470097407637491
21007,Ballard,Kentucky,4,0.15193832410349772,-0.234921457408538,0.6440272904704512,0.04586729270333345,-0.2129384646294882,0.43803310640188553,NA,NA,NA,NA,NA,NA
21009,Barren,Kentucky,4,0.1951152132307934,-0.14607834064407124,0.5570555611760086,0.2403471817862408,-0.13764564543245017,0.6244472476756556,0.00104999190299303,0.00170959094593035,0.526019695085875,0.22968353491385898,0.29633616017201603,0.19370408436995604
21011,Bath,Kentucky,4,0.4880428082939962,-0.7415467928405348,2.0988728840001976,0.5101475461226578,-0.7241714725347855,2.1253910887303835,NA,NA,NA,NA,NA,NA
21013,Bell,Kentucky,4,1.4638058276618249,-0.29167660480514324,2.905227754526068,1.3915837243837725,-0.27189742701824404,2.770653287069215,9.1475027397992e-4,0.00147482946909336,-0.4439796654972272,-0.771152887916331,0.32717322241910374,0.2138611414896952
21015,Boone,Kentucky,4,-0.3242800819687137,-0.623236836845312,0.5507422015998812,-0.2806418028991337,-0.5954618716241924,0.5855437188026158,8.9280078300284e-4,0.00168310296098554,-0.601408944989478,0.11675981140810089,-0.7181687563975788,-0.46944058835193475
21017,Bourbon,Kentucky,4,-0.20304740920680173,0.2068183518973603,-0.7264649736503838,-0.15214472908091056,0.20040116696998464,-0.6327531145785483,0.00101189863935178,0.00154444689658884,0.2528017396074318,-0.47435948705697073,0.7271612266644025,0.4753186365059205
21019,Boyd,Kentucky,4,0.18747303060938725,0.05323856170452512,0.18984576983555979,0.2464463072193953,0.039038353118029986,0.31687304907747893,9.3980794982196e-4,0.00158899150805711,-0.2642574178295268,-0.2844566537687816,0.020199235939254823,0.013203500039666024
21021,Boyle,Kentucky,4,0.5324450985890562,0.10821488151702315,0.6600890471405415,0.5262076852309138,0.10207560269703438,0.6664282135276904,0.00104825409430632,0.0017309171270177,0.5135555349953363,0.32060142774562295,0.1929541072497134,0.126127026308676
21023,Bracken,Kentucky,4,0.5971847585465202,-0.5293866270585337,1.9011179878933622,0.6419283467557072,-0.5056483828518158,1.950545357071659,8.6895018276227e-4,0.00148789879975812,-0.772473632332407,-0.7154356453451157,-0.057037986987291234,-0.0372836411096972
21025,Breathitt,Kentucky,4,0.04182736660452124,-0.20215415437228482,0.4044104179292241,-0.26809103989179106,-0.1736691205766784,-0.15204445563453045,NA,NA,NA,NA,NA,NA
21027,Breckinridge,Kentucky,4,0.2995388217071268,-0.1570843103668509,0.748589340946693,0.35824444460820176,-0.1458816099395492,0.8343271987809588,NA,NA,NA,NA,NA,NA
21029,Bullitt,Kentucky,4,-0.2855234300074559,-0.8934821318880564,1.0953835959077995,-0.3392804241694103,-0.864945622234052,0.9730339450762349,8.5060906361129e-4,0.00159902911212633,-0.904022431164936,-0.2416642847405379,-0.662358146424398,-0.4329592386013393
21031,Butler,Kentucky,4,0.7784811533913468,-0.2849255253471731,1.764708142393441,0.7564475050147005,-0.2656822668338194,1.7085854950236141,NA,NA,NA,NA,NA,NA
21033,Caldwell,Kentucky,4,0.6788334679389773,-0.04764974354364528,1.1784584281860386,0.5103221055910799,-0.026381139495546213,0.871100473073095,0.00108973660244765,0.00165724342194713,0.8110823147753468,0.006515281956572785,0.804567032818774,0.5259159743311369
21035,Calloway,Kentucky,4,0.06401530778730952,0.052810354496493406,-0.01268729693894774,0.10860758256660702,0.07503187911237814,0.024091847441609804,8.6500894413588e-4,0.00166856957094404,-0.8007415478803126,0.054800982827249066,-0.8555425307075617,-0.5592367885649429
21037,Campbell,Kentucky,4,0.007335468666204312,-0.043927767315497634,0.06609627230678072,0.06618386975736122,-0.013911355012896087,0.11381164515008638,8.9334668335822e-4,0.00173567282804141,-0.5974935603588376,0.34087595857899594,-0.9383695189378336,-0.6133777543753689
21039,Carlisle,Kentucky,4,0.5106770732422391,-0.3587576607864822,1.4550839374055107,0.5418711603129963,-0.33693623542673634,1.4816582761771646,NA,NA,NA,NA,NA,NA
21041,Carroll,Kentucky,4,0.9351503013061988,0.11312504306273316,1.3144780715403594,0.9760322599553511,0.07620044988941829,1.4572275688665435,NA,NA,NA,NA,NA,NA
21043,Carter,Kentucky,4,0.24758414567049317,-0.2614828154015372,0.8487831159299821,0.20660371038620565,-0.23307604897951367,0.7401928197007417,8.8559024761829e-4,0.00170696433147073,-0.6531253784834673,0.2184857376630539,-0.8716111161465212,-0.5697402338001357
21045,Casey,Kentucky,4,0.8951717741351746,-0.07788654999062508,1.5884951114117107,0.9542310357990158,-0.06376253114341415,1.6727992641209362,NA,NA,NA,NA,NA,NA
21047,Christian,Kentucky,4,0.17892551229331866,-0.23760582651143708,0.6932425023586803,0.23759397426489995,-0.22426957280585974,0.7756357187315277,0.00111674235463713,0.00139674815677099,1.0047768343327976,-1.1040295692505087,2.1088064035833063,1.3784494382409873
21049,Clark,Kentucky,4,-0.0787243168352769,-0.0869351867432683,9.026499165996904e-4,-0.03838775826050023,-0.07697624823459144,0.05417430644845525,8.7960116647791e-4,0.00164471524264228,-0.6960811230943648,-0.04689492115246576,-0.649186201941899,-0.42434922136998515
21051,Clay,Kentucky,4,1.4222064268119452,-0.598784264466085,3.3831344182324123,1.469495048416026,-0.574952863649617,3.444438003674305,7.7222571736905e-4,0.00170467773303722,-1.4662146813630337,0.20873749861004984,-1.6749521799730835,-1.0948548371444713
21053,Clinton,Kentucky,4,-0.07380209621122757,0.36500162567272804,-0.7950801889542314,-0.02644720386031374,0.3379623034611655,-0.6721001331480716,NA,NA,NA,NA,NA,NA
21055,Crittenden,Kentucky,4,0.9339676634000472,0.42381829685252,0.7597437222745776,0.968829888942551,0.41682923788503173,0.832883224651264,NA,NA,NA,NA,NA,NA
21057,Cumberland,Kentucky,4,0.48028898725725505,0.9944494638677966,-1.0025880166430639,0.530509472702775,0.9725708234844135,-0.891545122893068,NA,NA,NA,NA,NA,NA
21059,Daviess,Kentucky,4,0.061533709505564395,-0.12713966290250361,0.3033942473717329,0.09835098171213556,-0.10293378298173161,0.3270914507094022,9.3986581667957e-4,0.00165848316310133,-0.2638423768743839,0.01180055328269591,-0.2756429301570798,-0.1801776785125926
21061,Edmonson,Kentucky,4,1.5188385464954948,-0.5170180014947177,3.396777334914187,1.0398394304782823,-0.4870017977123336,2.5754018487463655,NA,NA,NA,NA,NA,NA
21063,Elliott,Kentucky,4,0.28162011545960625,0.5337229049597919,-0.5100044826574233,-0.47213486223783024,0.5004350604193235,-1.7016477449809897,NA,NA,NA,NA,NA,NA
21065,Estill,Kentucky,4,0.796647635725932,-0.3868538935265381,1.9759739040530475,0.8173798641807452,-0.36752536681534914,1.9925108354745982,NA,NA,NA,NA,NA,NA
21067,Fayette,Kentucky,4,-0.27510660621665967,0.0875303211286688,-0.632885325984118,-0.2177013114161622,0.11379268860121587,-0.5855065840597435,8.9820427897018e-4,0.00170808696958219,-0.5626532181361357,0.2232717746515104,-0.785924992787646,-0.5137303561705965
21069,Fleming,Kentucky,4,-0.09134645352056318,-0.193140309665743,0.1690787376763603,-0.12528265078556255,-0.1712751161678337,0.0799413668281618,0.00104808332388602,0.00163726599554651,0.5123307109547938,-0.0786525924559453,0.590983303410739,0.3863041202891304
21071,Floyd,Kentucky,4,-0.11508869257802294,-0.46552984915597173,0.6146197247570411,-0.13025037330343714,-0.4416538971203822,0.5578444095988498,8.4010983349662e-4,0.00183616244647873,-0.9793265115147625,0.769283854130841,-1.7486103656456033,-1.143002492846582
21073,Franklin,Kentucky,4,0.08438198938852966,0.17909544789704668,-0.2038370040952648,0.13588115124828437,0.178547451329438,-0.11689537674043368,0.00105938372155781,0.00170585884858023,0.5933810398805747,0.21377283690720994,0.37960820297336473,0.24813596603801838
21075,Fulton,Kentucky,4,0.6051366907786933,0.02084416149753765,0.9352389902814059,0.5961142417432822,0.030842126518635115,0.9101682015620548,NA,NA,NA,NA,NA,NA
21077,Gallatin,Kentucky,4,0.33764149917235803,-0.5827075673318595,1.5686030658180943,0.28828166334352767,-0.5541048678913632,1.4525246984012365,NA,NA,NA,NA,NA,NA
21079,Garrard,Kentucky,4,0.2617337750205014,-0.7169437974588562,1.6824413421372357,0.32057251354371213,-0.6932774084084343,1.7561757236155358,0.00118217217733044,0.00204647810323733,1.4740619696769168,1.665902721976937,-0.19184075230002007,-0.12539926699309628
21081,Grant,Kentucky,4,0.20350047105241245,-0.7622761131836244,1.6672054005489185,0.2623390574537896,-0.7348400122235109,1.734549652819237,0.00117195998712762,0.00181944047671551,1.4008166380495661,0.6979946604096902,0.702821977639876,0.45940896168320705
21083,Graves,Kentucky,4,0.09988706040291424,-0.18543436876071642,0.4702680305235668,0.09701697875189623,-0.15615225543708888,0.4205674006226728,0.00102583492210754,0.00153418272837057,0.3527575406476727,-0.5181177456150117,0.8708752862626843,0.5692592487802219
21085,Grayson,Kentucky,4,0.19587376328395031,0.16738411741411383,5.907390556034731e-4,0.23980891910750002,0.1630846981513474,0.08286398794125799,7.2867832820621e-4,0.00178494754098222,-1.7785514962273645,0.5509441865528217,-2.3294956827801863,-1.5227059296940855
21087,Green,Kentucky,4,0.8438784569253245,-0.3523103895749472,1.9922878211003985,0.738493188542125,-0.34288565901860796,1.8176848038031002,8.5527408307268e-4,0.00136956487011337,-0.8705633111611581,-1.2199175068531118,0.3493541956919537,0.22836003057484044
21089,Greenup,Kentucky,4,-0.2209823119376851,-0.13046991911994643,-0.15589304773974186,-0.2137628362830056,-0.10148477802909386,-0.19193579529780866,0.00100538026595933,0.00165501496329877,0.2060497293805694,-0.0029850952437223363,0.20903482462429174,0.13663840174543213
21091,Hancock,Kentucky,4,0.9444075331931906,-0.9616121798216308,3.241899359279819,0.8499724624093687,-0.9365068356457561,3.0694282787076705,NA,NA,NA,NA,NA,NA
21093,Hardin,Kentucky,4,0.13505702087969187,-0.31609744721935357,0.7606579549695448,0.183263709411894,-0.2877692673748535,0.7999092429553459,9.5831708872434e-4,0.00159246542862328,-0.13150352369747628,-0.2696466164513895,0.1381430927539132,0.0902990754769771
21095,Harlan,Kentucky,4,1.3167681994199498,-0.551221816602059,3.124888428074617,1.37583771162806,-0.5238535444736694,3.1975999294009405,8.7996292013782e-4,0.00161339499731914,-0.693486501738782,-0.18041956375445944,-0.5130669379843226,-0.3353730485846269
21097,Harrison,Kentucky,4,-0.02116189836601991,-0.25650258518270075,0.39738446216252565,0.034574039186215356,-0.23176582954600272,0.45319766142359436,0.00100823133808923,0.00158530707745283,0.22649859681258808,-0.3001641386416687,0.5266627354542568,0.3442601229756275
21099,Hart,Kentucky,4,0.24038738910692325,0.09393015567432121,0.2045799231353356,0.29597890357290774,0.09237047384138049,0.30294192996034275,NA,NA,NA,NA,NA,NA
21101,Henderson,Kentucky,4,0.33235806025673,-0.31358011174281397,1.0810700912616986,0.3853908009622291,-0.28766317048770523,1.1341570091494666,0.00111391674130473,0.0017658348277978,0.9845105661305907,0.46946276229275585,0.5150478038378349,0.3366678679755199
21103,Henry,Kentucky,4,0.7203492673699373,-0.21072752820595494,1.536970297458702,0.7398760655509768,-0.18701120197847665,1.539721259832559,0.00108171612352435,0.00182182163381764,0.7535566883543795,0.7081460225002739,0.04541066585410558,0.029683287536671894
21105,Hickman,Kentucky,4,0.620055670351244,-0.0869415605012583,1.1515785973556432,0.32985558390359054,-0.06205294431500248,0.636636900276409,NA,NA,NA,NA,NA,NA
21107,Hopkins,Kentucky,4,0.2138138418815726,-0.3323959287128083,0.9193433004313663,0.25568054784666067,-0.3156586713983868,0.9698730451019686,0.00107931957203892,0.00158620604212091,0.7363677989167475,-0.2963316675106547,1.0326994664274023,0.6750377829608974
21109,Jackson,Kentucky,4,0.19609236929356358,-0.4505140224785256,1.1003180462789273,0.1896123978720644,-0.4317952589123184,1.0693626651549122,NA,NA,NA,NA,NA,NA
21111,Jefferson,Kentucky,4,-0.15573127731428357,0.069184989013041,-0.40367267027954945,-0.09668842981610658,0.08761385677146627,-0.33821149295525943,9.6317439544853e-4,0.00157849151022208,-0.09666525347696973,-0.3292203024496635,0.23255504897269375,0.15201271016239537
21113,Jessamine,Kentucky,4,0.5923731864149416,-0.374336629565593,1.6173291858391008,0.6488910282529482,-0.3503444912083576,1.6828399686617237,9.1887684406872e-4,0.00187958668851972,-0.41438248911931397,0.9544103222974822,-1.3687928114167962,-0.8947296815675913
21115,Johnson,Kentucky,4,-0.306448838587248,-0.7125163394681641,0.7389510108820827,-0.3596577231953433,-0.6856865456144918,0.6170221661190247,8.1401831279468e-4,0.00158632726197984,-1.1664638491984811,-0.2958148823395013,-0.8706489668589799,-0.5691113120827785
21117,Kenton,Kentucky,4,-0.24558948039949477,-0.2110938802025759,-0.05296655639232223,-0.19953545778668644,-0.18255965419701337,-0.02262814335854968,9.1647367035645e-4,0.00172980518885452,-0.4316188754397271,0.3158610068356873,-0.7474798822754144,-0.4886001968071531
21119,Knott,Kentucky,4,-0.21730050733021322,-0.20618539333956415,-0.015116971639640486,-0.31979569218436255,-0.19787025563643929,-0.19408273587602065,NA,NA,NA,NA,NA,NA
21121,Knox,Kentucky,4,0.5308378658061087,-0.05113253656976595,0.9409541450970582,0.576422467767523,-0.045267331497814436,1.0144259024013627,8.8061904339371e-4,0.00142670659047734,-0.6887805606515498,-0.9763106094440062,0.28753004879245636,0.18794785218874904
21123,Larue,Kentucky,4,-0.3704881505343056,-0.47511639587380705,0.21111586048044573,-0.31391344100951624,-0.44871445038101676,0.26665076752964867,NA,NA,NA,NA,NA,NA
21125,Laurel,Kentucky,4,0.3706954720574838,-0.7218541762169745,1.8706025811714364,0.4162813261195158,-0.6931609900278262,1.9143257558868088,8.6329656777282e-4,0.00177284533809257,-0.8130232986205727,0.49935000844645056,-1.3123733070670232,-0.8578503198847789
21127,Lawrence,Kentucky,4,0.027550418162939867,-0.45016770323347277,0.8221677975225421,0.034414481920895024,-0.42195561865082254,0.7948819317124247,7.9863460831809e-4,0.00172978705845788,-1.2768010553870075,0.3157837132287374,-1.5925847686157448,-1.0410142798880249
21129,Lee,Kentucky,4,-0.16062209792744628,0.44137949636101387,-1.0739365222730148,-0.20069712405695075,0.34492232517693006,-0.9729268640998365,NA,NA,NA,NA,NA,NA
21131,Leslie,Kentucky,4,-0.06691693519221169,-0.12039232896278632,0.07987269608639097,-0.10768584094286597,-0.09459416958893567,-0.028810149138012248,NA,NA,NA,NA,NA,NA
21133,Letcher,Kentucky,4,0.23445438602846472,-0.09747426756131815,0.5353578539565227,0.19561051616706915,-0.07233869552352623,0.43300873114713584,0.00103313106888528,0.0017395872225117,0.40508800842429254,0.35756382667377556,0.04752418175051698,0.03106481539772697
21135,Lewis,Kentucky,4,0.3140977177050692,0.34445660122595567,-0.11978086187036441,0.1609043556723541,0.3725427371906284,-0.42428239878082474,NA,NA,NA,NA,NA,NA
21137,Lincoln,Kentucky,4,0.22827727956446434,-0.10873055785051962,0.5452134033611173,0.28693784190489086,-0.07877492369852905,0.5956903879276975,0.00115439533590219,0.00179416776589591,1.2748369335616772,0.5902519002571227,0.6845850333045544,0.4474881397284083
21139,Livingston,Kentucky,4,0.49621384682945574,-0.24870334182437306,1.235458509767733,0.5060931369518481,-0.2212320062612053,1.2144318145461441,NA,NA,NA,NA,NA,NA
21141,Logan,Kentucky,4,0.34657009161909363,-0.38976547297961867,1.240022069889594,0.3580387351485083,-0.35974904557733745,1.2185058999073966,0.00106607557003042,0.00153467694459794,0.641377272896384,-0.5160108002687399,1.1573880731651238,0.7565421541637772
21143,Lyon,Kentucky,4,-0.3148455340093668,0.3536497272217861,-1.171803409447167,-0.2839616983610596,0.37004083454352493,-1.1558573985888296,NA,NA,NA,NA,NA,NA
21145,Mccracken,Kentucky,4,0.07855832106644445,0.0051930311941226215,0.09598131174375849,0.0533854702495001,0.03068160264290971,0.012460377041124543,9.505622654992e-4,0.00163850014425087,-0.18712377631282806,-0.07339116289282419,-0.11373261342000388,-0.07434284001229015
21147,Mccreary,Kentucky,4,-0.3365394088562043,-0.07403984353254889,-0.44657886866900964,-0.4261745749428611,-0.08766641811583206,-0.5682357134297672,NA,NA,NA,NA,NA,NA
21149,Mclean,Kentucky,4,0.1351712647707967,-0.6696595995662205,1.3899055547869554,0.10467194037566951,-0.7223057532008584,1.4511386501710557,NA,NA,NA,NA,NA,NA
21151,Madison,Kentucky,4,-0.21965740304654033,-0.32418531099512,0.1909480028929733,-0.20262720245829877,-0.2973995816465643,0.17873063001127942,9.0163818225961e-4,0.00166168573442649,-0.5380240856762738,0.02545377301924289,-0.5634778586955167,-0.3683248194145524
21153,Magoffin,Kentucky,4,0.2078187385134971,-0.0826285200049719,0.46508393297987594,0.17022118909447634,-0.08706522720416436,0.41747697157964253,NA,NA,NA,NA,NA,NA
21155,Marion,Kentucky,4,0.008640148944144407,0.37581540313166456,-0.6785644031757325,0.06770384962752972,0.34873278261977286,-0.5356828364765911,NA,NA,NA,NA,NA,NA
21157,Marshall,Kentucky,4,0.15000564773801575,-0.3773414532736631,0.8942391373185383,0.17009238736482335,-0.3473347436125622,0.8852107012320722,9.4526027844198e-4,0.00157993622007883,-0.22515144643816087,-0.3230612074203664,0.09790976098220555,0.0640000214315056
21159,Martin,Kentucky,4,-0.2713620228860928,-0.626877484476265,0.6443585854326351,-0.38919704213303286,-0.5981461402967561,0.4107548700233776,NA,NA,NA,NA,NA,NA
21161,Mason,Kentucky,4,-0.2185664327152649,-0.16299116672130576,-0.09405291641657243,-0.1676358806921634,-0.1329768505905407,-0.05899375546578231,9.4258625917385e-4,0.00150385862452764,-0.24433043000409863,-0.6473956323645612,0.4030652023604626,0.26346894661557235
21163,Meade,Kentucky,4,0.6339012809532604,-0.5073118599022258,1.922302692153277,0.6916967444944168,-0.4784698152511674,1.984026699071474,7.9512611425438e-4,0.00148224628542393,-1.3019651784698376,-0.7395334756299176,-0.5624317028399201,-0.36764098568329606
21165,Menifee,Kentucky,4,-0.7852343037607931,-0.03830634323139469,-1.2490114380709085,-1.0546955387865518,-0.02159851381666212,-1.7269690881903912,NA,NA,NA,NA,NA,NA
21167,Mercer,Kentucky,4,0.2835829477345804,-0.08783822951035324,0.5991122185462119,0.327786623285415,-0.06027838802702248,0.6300230767002196,0.00102264890895851,0.00164290884553217,0.32990636131834805,-0.05459596327509831,0.38450232459344635,0.2513350739250303
21169,Metcalfe,Kentucky,4,0.551933037665392,-0.48383394249840334,1.7455554861697165,0.5824756660013425,-0.45483716885615255,1.760820136922792,NA,NA,NA,NA,NA,NA
21171,Monroe,Kentucky,4,0.5777634722465642,0.2617692341135367,0.46150910903252235,0.6305111893914872,0.2907746377697088,0.49974029491933847,NA,NA,NA,NA,NA,NA
21173,Montgomery,Kentucky,4,-0.11862733469971692,-0.4984504986908064,0.6673653033481048,-0.07619192204115664,-0.4904248002243824,0.7349760235030683,8.4762697555574e-4,0.00148972744637412,-0.9254109897633062,-0.7076397490062603,-0.2177712407570459,-0.14234907669879773
21175,Morgan,Kentucky,4,-0.2743785000435594,-0.0820958039793315,-0.32988675534294554,-0.41663636370598195,-0.09168913688010046,-0.5452212605773931,NA,NA,NA,NA,NA,NA
21177,Muhlenberg,Kentucky,4,0.28296725662398753,-0.44686745323720667,1.2368848911435648,0.27503534373643723,-0.41780879794357784,1.1855563605843622,8.0780208937231e-4,0.00166489034208935,-1.2110487361814386,0.039115674081902696,-1.2501644102633414,-0.8171866445910599
21179,Nelson,Kentucky,4,-0.24662857171044936,-0.46899780494344245,0.4041862960941252,-0.19622584105658147,-0.4396112547670679,0.4450091838017173,7.86193494513e-4,0.00146172136507748,-1.3660329917659244,-0.8270354292518878,-0.5389975625140366,-0.3523229472360563
21181,Nicholas,Kentucky,4,1.061533502111823,-0.2840546224628571,2.2292542882917465,1.101096511471349,-0.2573479996072274,2.2638556522876967,NA,NA,NA,NA,NA,NA
21183,Ohio,Kentucky,4,0.3056843613474815,-0.5454158060485055,1.4496303163524886,0.32569371480179243,-0.5179720464736193,1.4494621509782744,0.001024398191506,0.00166711861883923,0.34245281587473364,0.04861527581159465,0.293837540063139,0.1920708280029388
21185,Oldham,Kentucky,4,-0.5965690272756999,-1.1244767442063375,0.994178831981115,-0.5841830026975581,-1.1432470159403063,1.0681862375591782,9.5804749456474e-4,0.00168610017367383,-0.13343714549970692,0.12953754507133,-0.26297469057103695,-0.17189691470648383
21187,Owen,Kentucky,4,0.3746503661488995,0.06510917944711751,0.4769460359182971,0.4332364423974057,0.09511933732243054,0.5251053296183531,NA,NA,NA,NA,NA,NA
21189,Owsley,Kentucky,4,0.3226118886759081,0.3557682250664285,-0.1258864717132665,0.23764203782858476,0.36003514033156436,-0.2748247897251354,NA,NA,NA,NA,NA,NA
21191,Pendleton,Kentucky,4,0.4992201170803717,-0.43016734303338466,1.563270485667556,0.5563265558899868,-0.40975946896588933,1.6365073132705392,NA,NA,NA,NA,NA,NA
21193,Perry,Kentucky,4,0.6702988028315521,-0.7265765181808634,2.372354368887657,0.6706176186182917,-0.6987892666371113,2.3452686293929457,9.3101302262424e-4,0.00177931426026183,-0.3273376529643486,0.5269283531164518,-0.8542660060808004,-0.5584023712131794
21195,Pike,Kentucky,4,-0.32869160217941656,-0.529982984857928,0.3775601541039113,-0.34334135144389294,-0.500161443298728,0.31045767277278424,9.3677724051495e-4,0.00159917644403914,-0.2859947047238448,-0.2410361785172674,-0.04495852620657739,-0.029387740424297343
21197,Powell,Kentucky,4,0.18643480376824775,-0.2555103633156331,0.7374637141655297,0.1924312101032013,-0.2296241124870289,0.7105367219133415,0.00102042807377007,0.00186316438968231,0.3139777694456609,0.8843986873200178,-0.5704209178743569,-0.37286324267070514
21199,Pulaski,Kentucky,4,0.1687603797564887,-0.18240251887199496,0.5782858274486065,0.2260607815275011,-0.16540459393973558,0.6507177346898033,8.6354088911128e-4,0.0016683619261038,-0.8112709421618964,0.05391575019911485,-0.8651866923610113,-0.5655408234876905
21201,Robertson,Kentucky,4,-0.5914649364007382,-0.07463355475296131,-0.8653024189031125,-0.7507052451898643,-0.21050300157785432,-0.8843508101958715,NA,NA,NA,NA,NA,NA
21203,Rockcastle,Kentucky,4,1.0427655132617408,-0.35172745677459194,2.3187533128203865,1.0958783355345456,-0.32351918046844824,2.374192954679512,NA,NA,NA,NA,NA,NA
21205,Rowan,Kentucky,4,0.11208398846626773,-0.35642915788983015,0.7945871746324871,-0.017020874394644354,-0.3276690872738152,0.5402564819763969,NA,NA,NA,NA,NA,NA
21207,Russell,Kentucky,4,-0.10852056649011656,0.22143606659378,-0.5968177480227512,-0.055052015981683834,0.17253535673425496,-0.42200314798294064,9.5907397629853e-4,0.00183188353384493,-0.12607486635021498,0.7510419701909604,-0.8771168365411754,-0.5733391213851824
21209,Scott,Kentucky,4,-0.2601889153625485,-0.7402059829617424,0.8643916874123687,-0.28756944415523694,-0.715532638474195,0.7899603285723409,9.6421384734202e-4,0.00162854542226828,-0.0892099478924406,-0.11583018855222742,0.026620240659786812,0.017400675434676344
21211,Shelby,Kentucky,4,0.18709252791260977,-0.6849073424361395,1.5025319376498838,0.24543792719502636,-0.6668970619253365,1.584428331303842,9.9249660506969e-4,0.00173282587822791,0.11364369348677691,0.3287388264323159,-0.21509513294553897,-0.14059980312718115
21213,Simpson,Kentucky,4,0.6812961580073855,-0.37391725687859095,1.763010406583894,0.7346909240050298,-0.34421835830092795,1.8137896974851062,0.00128225404107406,0.00150064347340622,2.191883431498157,-0.6611024823579053,2.8529859138560623,1.8648923028599778
21215,Spencer,Kentucky,4,-0.23770744822799994,-1.2961998971570927,1.8906384303829682,-0.23964079579815747,-1.2802631706037233,1.8846098328230898,0.0010357707887884,0.00181058233359421,0.424020985177306,0.6602305757996939,-0.2362095906223879,-0.1544015500651455
21217,Taylor,Kentucky,4,0.2877717364825954,-0.27323693989112774,0.9358720733346748,0.3107112047095179,-0.24410355884705073,0.9322752938709544,9.806245161214e-4,0.00160280608733358,0.028492998596000206,-0.225562263205858,0.2540552618018582,0.16606661110183865
21219,Todd,Kentucky,4,0.8459605025722211,-0.48369838612736016,2.2294824303912946,0.8204936654659586,-0.4835889041472038,2.2063372427109913,NA,NA,NA,NA,NA,NA
21221,Trigg,Kentucky,4,0.7829767848551131,-0.2048806150038672,1.6296947048642925,0.7246665335101451,-0.18395647350198385,1.5090634471768622,9.1609863339106e-4,0.00146109243451387,-0.4343087692193122,-0.8297166894994075,0.39540792028009525,0.2584636620317435
21223,Trimble,Kentucky,4,0.7618297815252394,-0.15802775145692885,1.511511591198402,0.7869806652868535,-0.13315577623239808,1.5208319223478444,NA,NA,NA,NA,NA,NA
21225,Union,Kentucky,4,0.1409505034101118,-0.33842524459444107,0.8100883385252761,0.1343293024584745,-0.30935128150797586,0.7577455965879761,8.9629805169766e-4,0.00145141138821767,-0.576325334103411,-0.8709889794631911,0.29466364535978007,0.19261082275074864
21227,Warren,Kentucky,4,0.017906909541349953,-0.3817547917540304,0.6845674779699197,0.05980711091858968,-0.35244705356373196,0.711924793802993,9.4330090039078e-4,0.00168139182218364,-0.23920477802454923,0.10946487503040585,-0.34866965305495506,-0.22791257014802568
21229,Washington,Kentucky,4,0.687762049881136,-0.0570382702619312,1.2098650263137136,0.6907827581670446,-0.02721637985706977,1.171191512918091,NA,NA,NA,NA,NA,NA
21231,Wayne,Kentucky,4,0.5904268242672314,-0.07076341924102696,1.074005245266323,0.6157004903719837,-0.04374318071339171,1.0766748119864253,0.00104589905001623,0.00165939440835335,0.4966643494025432,0.015685379066893726,0.4809789703356495,0.3143983204614311
21233,Webster,Kentucky,4,0.47307493641847814,-0.5753991607029822,1.7786149767047634,0.5235590023237605,-0.5455215413256396,1.8263812248518183,NA,NA,NA,NA,NA,NA
21235,Whitley,Kentucky,4,1.0054520978709391,-0.5293351675639932,2.5733106781133985,1.0582764211734688,-0.5024763157286097,2.6337297338567653,7.6198137778038e-4,0.00170035258771492,-1.5396905994151797,0.19029851521756888,-1.7299891146327486,-1.1308304637051692
21237,Wolfe,Kentucky,4,0.2454847757538764,0.41804528867846164,-0.363693528934252,0.21088331479409472,0.3567350474109833,-0.313166303111073,NA,NA,NA,NA,NA,NA
21239,Woodford,Kentucky,4,-0.13632970452261217,-0.28958006956392673,0.26659195715580863,-0.09564207337219881,-0.2598438978522791,0.28822515530337284,0.00102397346202498,0.00161125188538263,0.339406510325055,-0.18955609038208282,0.5289626007071377,0.3457634605795331
22001,Acadia,Louisiana,4,0.1086610163525773,-0.4726205212455142,0.9956788776944125,0.15758580364812902,-0.4496715870948078,1.0485120343764582,0.00102401492100009,0.00130416235904728,0.33970386831786065,-1.498741852744191,1.8384457210620515,1.201724571363395
22003,Allen,Louisiana,4,0.25952189206857623,-0.24384774525637926,0.8370643214134322,0.3140268007569575,-0.26092578373279224,0.9680064766136522,0.00109455038732646,0.00127510088087396,0.8456084313897645,-1.6226369067753055,2.4682453381650697,1.6134014929266454
22005,Ascension,Louisiana,4,-0.10702698851990172,-1.0521567822019378,1.67162419629618,-0.04853590220200546,-1.073344862751848,1.8287860687727093,0.00109720561639411,0.00144735988648245,0.8646526451915104,-0.8882613640060067,1.752914009197517,1.1458156268670587
22007,Assumption,Louisiana,4,0.49865517285365213,-0.35985530913912045,1.4372406973566005,0.5414930187346182,-0.3391337537115776,1.4849835929673598,0.00103854886648761,0.00146259871677679,0.443946311510241,-0.8232950986485366,1.2672414101587774,0.8283492533884823
22009,Avoyelles,Louisiana,4,0.04290033593428808,0.22765305510649467,-0.3585377970448471,0.09253195855170065,0.20015660701490168,-0.2274725326528445,0.00124935128889484,0.00133012614391263,1.9558936049324491,-1.3880529019083054,3.3439465068407546,2.185815244125827
22011,Beauregard,Louisiana,4,0.9577340361401486,-0.7255656146893459,2.8438686182360033,0.9658316618679104,-0.6956107954533959,2.828013702174058,9.9174282393532e-4,0.0014818812675298,0.10823731659163074,-0.7410896219293537,0.8493269385209844,0.5551738838130559
22013,Bienville,Louisiana,4,0.9195126319078725,0.5112024253056041,0.58046670069651,0.884620212301825,0.5365842737893673,0.4782389062938235,0.00134786451542646,0.00125082088541379,2.6624642625173744,-1.7261475173324334,4.388611779849808,2.868674636188704
22015,Bossier,Louisiana,4,0.061047243551867914,-0.4081925845007747,0.802643901293545,0.11184185099943544,-0.3784181391688358,0.8447154675547119,0.00106096041007331,0.00151340946703089,0.6046895908277508,-0.6066784279289946,1.2113680187567453,0.7918268657193823
22017,Caddo,Louisiana,4,0.6851756432159867,0.19721850420040368,0.7532311786532355,0.6378625978018089,0.1893357630579097,0.6942840804556452,0.00104630227677177,0.00135349327118555,0.49955643002814676,-1.2884340360417985,1.7879904660699453,1.1687438208393097
22019,Calcasieu,Louisiana,4,0.42342949332358426,-0.4138456580033239,1.4094282237603657,0.4699055616618954,-0.38508233669923675,1.4491477473682224,9.8943347367398e-4,0.00145140839226346,0.09167386424926798,-0.8710017518317026,0.9626756160809705,0.6292657590285465
22021,Caldwell,Louisiana,4,-0.4674436750914,-0.7212208823476036,0.48933175597769907,-0.4084848968116899,-0.7510130247413125,0.6536855129213607,NA,NA,NA,NA,NA,NA
22023,Cameron,Louisiana,4,0.9706245284989933,-1.2692209401477446,3.832369251852111,0.9838146932043857,-1.4269562010819659,4.172677513540879,NA,NA,NA,NA,NA,NA
22025,Catahoula,Louisiana,4,1.068293121662964,-0.6546214046218737,2.8996993911803495,1.0329493831341992,-0.6308701121382443,2.82266702916163,NA,NA,NA,NA,NA,NA
22027,Claiborne,Louisiana,4,0.04606627530760384,0.4036786743394213,-0.6665101449010395,0.09473136138970861,0.3707842731296825,-0.5306103208715325,0.00132137194360815,0.00109138011229768,2.4724504486385754,-2.405876300643888,4.878326749282463,3.188783359002519
22029,Concordia,Louisiana,4,-0.02287075409348203,0.23194793648905657,-0.474482981152182,0.03443795672907019,0.24318506927636005,-0.4009568321628784,0.00116682774227704,0.00122398081234629,1.364006417263657,-1.8405722648647125,3.2045786821283695,2.0947156062656527
22031,De Soto,Louisiana,4,0.1569266074026172,-0.35423337186076703,0.864521709917434,0.21124864455354397,-0.33061335663157976,0.9232437343190799,0.00130060059740672,0.00111114947441046,2.323471227663027,-2.3215954470508255,4.645066674713853,3.036309799453955
22033,East Baton Rouge,Louisiana,4,0.1516476681648213,-0.09780712220683942,0.3995941913876381,0.19024293605380826,-0.0764569434922062,0.43153188775546825,0.00105580233665625,0.00142343321797901,0.5676941187020492,-0.9902656691325005,1.5579597878345497,1.0183811992857241
22035,East Carroll,Louisiana,4,0.22217904361218674,-0.35671526144758386,0.9763871552553438,0.11472035179669142,-0.3284188900677097,0.7595829804850349,NA,NA,NA,NA,NA,NA
22037,East Feliciana,Louisiana,4,-0.4067976238357274,0.17456716493086283,-1.0045942043227485,-0.3492959372849838,0.19197802992518684,-0.9438143368146168,0.00132724137045332,0.00123641718836544,2.5145479915944677,-1.787553438029593,4.302101429624061,2.812125991672033
22039,Evangeline,Louisiana,4,-0.20454077924421307,-0.28502757657090144,0.14617056369740938,-0.14604504386374714,-0.2630274921499929,0.21055252632069144,0.00107768330333902,0.00138879121603399,0.7246319184469016,-1.1379516428853602,1.8625835613322619,1.2175025926669556
22041,Franklin,Louisiana,4,0.4327944696253736,-0.41683725396568355,1.4301719723599495,0.42053675377376254,-0.39469618668672907,1.3847474001862974,NA,NA,NA,NA,NA,NA
22043,Grant,Louisiana,4,-0.32230313911642194,-0.1521337456467478,-0.28419129219168526,-0.277756665579512,-0.14425013127778025,-0.22093049064040368,NA,NA,NA,NA,NA,NA
22045,Iberia,Louisiana,4,0.5493211083928298,-0.6299413521211585,2.00120948743699,0.5460591841259707,-0.6000978216275925,1.9617343490682686,0.00116784300707629,0.00137575195343115,1.3712882447104384,-1.1935406991291644,2.564828943839603,1.6765346552497131
22047,Iberville,Louisiana,4,0.18461886315081708,-0.5225003664136911,1.2095033413171579,0.23896414071992325,-0.5079146623439466,1.287877320645056,0.00111151857264203,0.00112441688398331,0.9673100777427743,-2.2650337533861777,3.232343831128952,2.1128646663109447
22049,Jackson,Louisiana,4,0.8155983079849017,-0.056249907359996,1.418967333651333,0.7234940907762946,-0.03123023193196215,1.2325321601120678,0.00107471073499364,0.00128607915880569,0.7033116384757937,-1.575834251748316,2.2791458902241097,1.48979411609823
22051,Jefferson,Louisiana,4,0.633264732335265,0.14505327668061613,0.7605633228348541,0.6414139482706317,0.16377384068197517,0.7461187215219771,0.00105824800934722,0.00147604156732227,0.5852353222778097,-0.7659854640617628,1.3512207863395727,0.8832434929562032
22053,Jefferson Davis,Louisiana,4,0.6807135932395131,-0.32088644835366154,1.667698441996408,0.6941073448721741,-0.294311929206267,1.6569119443995257,0.00112327575241071,0.00151844287910211,1.0516366045755343,-0.5852199578262184,1.6368565624017526,1.0699531285042567
22055,Lafayette,Louisiana,4,-0.1775784568447981,-0.2624245197258914,0.1503533201511319,-0.169397674702824,-0.2420661875558623,0.1342263783268976,9.5170797331404e-4,0.00150684504289822,-0.17890636680719268,-0.6346639170961266,0.4557575502889339,0.2979120027814584
22057,Lafourche,Louisiana,4,0.19555537783288804,-0.5854336369616157,1.339483420182856,0.25456249991070595,-0.5670559975901479,1.420018379630663,0.00100392898548416,0.00132223986691504,0.19564064792233624,-1.4216737214995727,1.617314369421909,1.0571791133602924
22059,LaSalle,Louisiana,4,1.4134665334439205,-0.8257397740152601,3.77254297194704,1.460643913964746,-0.7967922162241523,3.828644988962128,9.2620458985905e-4,0.00137430013073023,-0.36182538238373485,-1.1997301176749564,0.8379047352912216,0.5477076082939817
22061,Lincoln,Louisiana,4,-0.03227465411638671,-0.02795618872960101,-0.027545496599051887,0.025294088620768745,0.0020420578742124827,0.017472459791264466,0.00106434351134067,0.00127627506947644,0.628954353756693,-1.6176310994492171,2.24658545320591,1.4685105520686668
22063,Livingston,Louisiana,4,0.30803260194622134,-0.5584035249670349,1.4766049208291077,0.3661617246636877,-0.5379891359182247,1.552409688972729,9.5715554759006e-4,0.00157096359149436,-0.13983449520206664,-0.3613133670883698,0.22147887188630316,0.1447726192480993
22065,Madison,Louisiana,4,0.5326899154310268,0.2727640731708759,0.3677254703472969,0.5888155304812807,0.23403133946766524,0.5327714380336297,0.00126533238456683,0.00101984122389844,2.0705155057211853,-2.7108612842255813,4.7813767899467665,3.1254107247214895
22067,Morehouse,Louisiana,4,0.1839727943022134,0.0639801014073964,0.16497061389158948,0.23832482603006513,0.06732026828917274,0.2525863299421017,0.00128718349978785,0.00119295316314371,2.227239200541234,-1.9728495100717816,4.200088710613016,2.74544401698945
22069,Natchitoches,Louisiana,4,0.10923946480851726,0.10638655791879059,-0.03354077688116225,0.16830266851203166,0.13150785197374484,0.021323103324707188,0.00109485774645149,0.00134865472834549,0.8478129164800735,-1.3090617385635326,2.156874655043606,1.4098698920626789
22071,Orleans,Louisiana,4,0.08233368749441562,0.8972236904277162,-1.4849071078967062,0.13852332281383958,0.83207631518374,-1.2875239895103257,0.00104835240020582,0.00151307283406578,0.5142606186323243,-0.6081135634424811,1.1223741820748054,0.7336548571496615
22073,Ouachita,Louisiana,4,0.15382713287418537,-0.26341824437107597,0.6978391675798139,0.1983518130188546,-0.23823957549105512,0.7358229382930976,0.00113306024161953,0.00136017581593741,1.121814317942677,-1.2599449743994653,2.3817592923421422,1.5568687353071102
22075,Plaquemines,Louisiana,4,0.5035313943756847,-1.0395602756736246,2.6546045931246933,0.49381169331648095,-1.0501573285158659,2.684462206781429,7.9366647498216e-4,0.0014722377477519,-1.3124342120881631,-0.7822019286333504,-0.5302322834548128,-0.3465934056457605
22077,Pointe Coupee,Louisiana,4,-0.31717847641511393,-0.28183715354825184,-0.044983705002536845,-0.26190702734995647,-0.25269859840966813,2.771946345069276e-4,NA,NA,NA,NA,NA,NA
22079,Rapides,Louisiana,4,0.2491000322455357,-0.11293011568439593,0.5869736150094642,0.2443957894433786,-0.10771461541188729,0.577332103415447,0.00106988728206881,0.00141474629074235,0.6687161793185086,-1.0272998252387933,1.6960160045573018,1.1086234870859641
22081,Red River,Louisiana,4,-0.18047344829111797,-0.4326715337009109,0.4484905094124711,-0.12184394642140726,-0.41289991095409045,0.5200559368282238,NA,NA,NA,NA,NA,NA
22083,Richland,Louisiana,4,0.18921587264402787,-0.6128810090099346,1.3778788017337453,0.24735991177365754,-0.5828653589285369,1.4365251654152718,0.00111010837353999,0.00118833459114961,0.957195645986402,-1.9925394316698142,2.949735077656216,1.9281336844604862
22085,Sabine,Louisiana,4,1.0895614149726216,-0.10430668967881651,1.9555988106406272,1.0529110980412815,-0.07994808637841025,1.8651753489450216,0.0011847475104458,0.0011491955001084,1.4925331422989618,-2.1593974204603232,3.651930562759285,2.3871331309392847
22087,St Bernard,Louisiana,4,0.19682229922155284,-0.11025609514010011,0.49613146861984564,0.24635484039356467,-0.1428143806698608,0.6436805244735,0.00109252726971105,0.00158819032924956,0.8310979377817499,-0.2878722436798654,1.1189701814616153,0.7314297867377684
22089,St Charles,Louisiana,4,-0.19395580280889005,-0.8991493963590782,1.256249083001376,-0.1400760757035414,-0.8732497010651666,1.3175666770146859,0.00118945906990417,0.00147548088906377,1.526326063127541,-0.7683757507057062,2.2947018138332473,1.4999624530891928
22091,St Helena,Louisiana,4,0.36300883902122383,0.31535552804398415,0.012536702814265555,0.42196652431791176,0.31270577243553255,0.11525260244361679,NA,NA,NA,NA,NA,NA
22093,St James,Louisiana,4,1.2760658173680224,-0.9578049331361541,3.781259401522979,0.9215273937987986,-0.9398615574908465,3.193854287877011,0.00106413131348749,0.00145364152281028,0.6274323979550377,-0.8614814573681263,1.488913855323164,0.9732484043921672
22095,St John The Baptist,Louisiana,4,0.2975189762809099,-0.782983708862543,1.8588665203977923,0.3463939757185967,-0.753224295143422,1.9066802066671382,0.00110805084609406,0.00116057170807923,0.9424383532689296,-2.110898307895941,3.0533366611648702,1.9958542416181833
22097,St Landry,Louisiana,4,0.5612515321828176,-0.45466971278794094,1.7090108950544818,0.5790996122728779,-0.4262270569627062,1.7037951040907364,0.00116501363433679,0.00118533030868625,1.350995012750771,-2.005347305237114,3.3563423179878846,2.1939179314485076
22099,St Martin,Louisiana,4,0.07316668855978696,-0.2694698267619409,0.5757845111302907,0.12727735788541686,-0.24058133991315306,0.6224338167454155,9.182454027363e-4,0.00124266447019653,-0.4189114029838,-1.7609199916716898,1.3420085886878899,0.8772218170658277
22101,St Mary,Louisiana,4,0.38803056252272494,-0.41269677014437944,1.3490935282989884,0.4325154896163779,-0.38273547312522016,1.3830628118923782,0.0011767407945765,0.00132584759579292,1.435106229222968,-1.4062932318497066,2.8413994610726743,1.8573186634290046
22103,St Tammany,Louisiana,4,0.4357326297849549,-0.2940999364249795,1.2166353477505352,0.3870923425530939,-0.2661477961467584,1.0982891956777276,0.00105776615506335,0.00175892437196002,0.5817792980443048,0.4400020688519315,0.14177722919237334,0.09267457724118568
22105,Tangipahoa,Louisiana,4,0.15459392923147036,-0.39542304821805435,0.9339654132259539,0.21356799124736084,-0.3712705269140598,1.0001801343052423,0.00114399931751117,0.0013881008603418,1.2002731231026798,-1.1408947710798203,2.3411678941825,1.5303356263903796
22107,Tensas,Louisiana,4,0.03985546378360153,0.5216373515506365,-0.8866099866987762,0.07488510098973221,0.5515385433672316,-0.8884317020296638,NA,NA,NA,NA,NA,NA
22109,Terrebonne,Louisiana,4,0.5597703792307779,-0.6930572040543934,2.1307120829746875,0.6035944716378802,-0.665449898147199,2.1744305388767797,0.00102752227720522,0.00144681157065118,0.3648598302885906,-0.8905989470820002,1.2554587773705908,0.8206473782802326
22111,Union,Louisiana,4,0.3368658271962686,-0.25873165958827876,0.9909062961833557,0.35871381488060666,-0.2492459771349155,1.0209459010525523,0.00129771082564539,0.00125351576497014,2.3027447931977227,-1.7146586919447473,4.01740348514247,2.6260293822477765
22113,Vermilion,Louisiana,4,2.612007733369855e-4,-0.6269828114728797,1.0918215721765667,0.05805842579611344,-0.5970384200400995,1.148790027538981,0.00100597065847334,0.00174544958214903,0.21028422703681407,0.38255627061228215,-0.17227204357546808,-0.11260791947886978
22115,Vernon,Louisiana,4,0.13647727708217344,-0.7221687387555951,1.485480646884134,0.19262345456398178,-0.7042609259838638,1.564219436883215,9.7927842413953e-4,0.0014502073601688,0.01883836509869629,-0.876121998481703,0.8949603635803993,0.5850027808759996
22117,Washington,Louisiana,4,0.5703437971215302,-0.09723091665262376,1.0880260940655666,0.6286239647151012,-0.11868222686842708,1.2327932263358548,0.00135237685127253,0.00136604129467927,2.69482828325096,-1.2349392330773237,3.9297675163282833,2.568744962124453
22119,Webster,Louisiana,4,0.3764128949899779,-0.2656434040856247,1.0683249336587974,0.4018320124244414,-0.24544834400202276,1.0854611795193922,0.00121310426818651,0.00143826255334696,1.6959175371588615,-0.9270451648037007,2.622962701962562,1.7145345617803769
22121,West Baton Rouge,Louisiana,4,0.03361068960179565,-1.0643964760192464,1.9249858825725235,0.0870042018406375,-1.040558767942181,1.9941029151548362,0.00107629045420864,0.00127878667922934,0.7146419266395245,-1.6069235908983857,2.32156551753791,1.5175222713910732
22123,West Carroll,Louisiana,4,0.6896738676669418,-0.17626230809882917,1.4251371516973106,0.5775054606860338,-0.1464066388284388,1.1980593958509715,NA,NA,NA,NA,NA,NA
22125,West Feliciana,Louisiana,4,-0.662609791688157,0.12085894884570832,-1.3302761825618452,-0.7115596907232709,0.03516891563236681,-1.2612821189101602,NA,NA,NA,NA,NA,NA
22127,Winn,Louisiana,4,0.31681905666432764,-0.2250429594560309,0.8979566527282128,0.2883384141877044,-0.20291973488581821,0.8212116740133732,0.00120372000147159,0.00151163779353558,1.6286103568221675,-0.6142314361455012,2.2428417929676687,1.4660634586116286
23001,Androscoggin,Maine,4,-0.178986690494869,0.3679762694103198,-0.9735776924866019,-0.145948026051227,0.38342065962638466,-0.9515566481765363,0.0010661172142415,0.00198434437268077,0.6416759594651155,1.4010138591823726,-0.7593378997172572,-0.4963513480999343
23003,Aroostook,Maine,4,-0.06248981340581161,0.5338853810037439,-1.0769313057386578,-0.0034141552794118937,0.5628317143545385,-1.0382896292475692,9.7874035558419e-4,0.00172190435267438,0.014979152824795776,0.2821781184570743,-0.2671989656322785,-0.17465816845421972
23005,Cumberland,Maine,4,-0.6215364355583275,0.14667545871782545,-1.3085745090330332,-0.6398989701214662,0.1765424533805955,-1.3968926140642948,9.4085295317688e-4,0.00199426051993224,-0.2567622952590838,1.4432884328353146,-1.7000507280943984,-1.1112608379512325
23007,Franklin,Maine,4,-0.564318655940192,0.7921168333906778,-2.362727723268341,-0.6852891302542119,0.8044148052066259,-2.6008666343875997,7.9192745740072e-4,0.00191338213577266,-1.324907042786439,1.0984872594180681,-2.423394302204507,-1.5840840149356337
23009,Hancock,Maine,4,-0.6523746710610375,0.9512661675424677,-2.7908867556089367,-0.9581418635690563,0.9719585576320906,-3.3535597080419315,0.00115169594032947,0.00226427007830107,1.2554759424333797,2.594394671255604,-1.3389187288222242,-0.8752020889443523
23011,Kennebec,Maine,4,-0.5569370547580661,0.559988996797717,-1.9375696537055696,-0.5288824359243218,0.5573216508765939,-1.8978202205203614,0.00108743039292492,0.00211505379752137,0.7945413888877867,1.9582550000638208,-1.1637136111760342,-0.7606769264704721
23013,Knox,Maine,4,-0.5589276944350964,0.8656642959871986,-2.4847065516365934,-0.6027374401551832,0.8788330797611673,-2.5980759854126863,0.00112835829678032,0.00212106716299817,1.0880903564611981,1.983891212929997,-0.8958008564687989,-0.5855521802651028
23015,Lincoln,Maine,4,-0.5641372895340734,0.8627874575268987,-2.4881665848514753,-0.7998807942556674,0.8910808012000133,-2.946289006425685,0.00115155903444738,0.00162185529137347,1.2544940064787742,-0.14435159148102467,1.398845597959799,0.91437408641072
23017,Oxford,Maine,4,-0.8708530870332729,0.5818197987596749,-2.4933292851975843,-1.189751308825435,0.6028857019040825,-3.0732117610935212,0.0010356470733747,0.00175977353771556,0.4231336557872438,0.4436222369843498,-0.020488581197106004,-0.013392634427474515
23019,Penobscot,Maine,4,-0.7877564135765067,0.37969295020392035,-1.996870884657747,-0.8507105706993509,0.40092670823826354,-2.149128073322603,9.4700049577104e-4,0.00181734660580013,-0.2126700107383573,0.6890680583749267,-0.901738069113284,-0.5894331185155753
23021,Piscataquis,Maine,4,-0.8977708812970026,0.5273836414235784,-2.440801113155004,-1.2110097100178108,0.5396377809062106,-2.994670360784162,NA,NA,NA,NA,NA,NA
23023,Sagadahoc,Maine,4,-0.8283882769128716,0.13175791212560775,-1.6226512117344816,-0.9706288576258196,0.16056779057665255,-1.915395353231467,0.0010027586540443,0.00177643087268378,0.18724662933043812,0.5146358792909762,-0.3273892499605381,-0.2140023507740726
23025,Somerset,Maine,4,-0.6370014567556017,0.46202181369817924,-1.895106143665422,-0.9871962643721105,0.48120226913510145,-2.519286635799769,0.00128688788880585,0.00180821680626325,2.225118977163168,0.6501458466357649,1.574973130527403,1.0295021977034617
23027,Waldo,Maine,4,-1.010705876738477,0.4453834080556205,-2.480873311529793,-1.4271740594060838,0.468175213850905,-3.2238500387949474,0.00116937401123843,0.00206477537645317,1.3822691318023994,1.7439077580655593,-0.3616386262631599,-0.2363899124981985
23029,Washington,Maine,4,-0.5684418282117255,0.9643553738986984,-2.675964891593085,-0.8148781549724307,0.979531891082414,-3.1301325965942155,0.00145351610743897,0.00177056114825843,3.4202337262879348,0.48961203774756423,2.9306216885403704,1.9156399626826832
23031,York,Maine,4,-0.6154773198073168,0.14618225301499022,-1.2977195913581931,-0.6394477662647681,0.17619868055003166,-1.3955279742063986,9.03710085666e-4,0.0019606488282105,-0.5231636836384267,1.2999948833088066,-1.8231585669472334,-1.1917319191379172
24001,Allegany,Maryland,4,-0.5253300653311704,0.4056229675908418,-1.6108743864313828,-0.48849816356149,0.4182365199387534,-1.580935014079731,9.0809653732084e-4,0.00168829676573449,-0.4917025475113909,0.13890206845918893,-0.6306046159705798,-0.4122031198121236
24003,Anne Arundel,Maryland,4,-0.48965661877795846,-0.47297097127868276,0.01106679052100401,-0.4995657728287697,-0.4577463602607785,-0.024289936661857525,9.8742613970169e-4,0.00178522880630259,0.07727657634459864,0.5521432784178845,-0.47486670207328585,-0.31040295477100494
24005,Baltimore,Maryland,4,-0.3152196399436553,-0.15635813437454868,-0.2650110076424107,-0.3181258704237559,-0.12778847822812145,-0.3173221141086089,8.5174937788889e-4,0.00162495888875171,-0.8958437059587447,-0.13112031802085794,-0.7647233879378867,-0.49987164432047215
24009,Calvert,Maryland,4,-0.3657079642303458,-0.7991359136102028,0.7954843609966846,-0.3274627692895185,-0.8177459355096091,0.9077255619644943,9.4191569843307e-4,0.0016732432126926,-0.24913992168602436,0.07472567810622109,-0.32386559979224544,-0.21169906983430142
24011,Caroline,Maryland,4,-0.295445638292061,-0.31279338710889576,0.04588072876069277,-0.29109429636671447,-0.28466920176839483,0.009465043562984388,0.00109679008023999,0.00192663962705759,0.8616722773363108,1.1550066693829537,-0.2933343920466429,-0.19174193858971103
24013,Carroll,Maryland,4,-0.4613508671151993,-0.4781058758729982,0.06681325443720376,-0.4297549563367324,-0.5179523563143958,0.19946498302108184,9.0069142836598e-4,0.00183444603816989,-0.5448145294039348,0.7619664527620967,-1.3067809821660314,-0.8541948221088169
24015,Cecil,Maryland,4,-0.04635962691175566,-0.5338327923887689,0.8493191885522788,-0.09998155940843582,-0.5108028156159194,0.7322520852620145,9.245543232708e-4,0.00163143642298866,-0.3736616605110784,-0.10350525833638234,-0.27015640217469605,-0.17659133630386287
24017,Charles,Maryland,4,-0.13059275778363277,-0.9790212950033069,1.5026959874778214,-0.09863365937004909,-0.9539636361932328,1.5312552533144248,9.0174848164504e-4,0.00145706124136339,-0.5372329806435963,-0.8469024943717522,0.309669513728156,0.20241960879557386
24019,Dorchester,Maryland,4,-0.3221346500798813,0.18777835903923995,-0.8886870920701273,-0.3172115720097125,0.2080527896922782,-0.9196290211568997,0.00115267502462622,0.00143692833905866,1.2624982709037977,-0.9327331945161671,2.195231465419965,1.4349423328643407
24021,Frederick,Maryland,4,-0.33065362835955564,-0.6412489689061426,0.5722943040666502,-0.3179277419320494,-0.6393714970567542,0.6027970946106233,9.7140568388902e-4,0.00194381818247628,-0.037627628876363554,1.2282423815887085,-1.265870010465072,-0.8274528196835322
24023,Garrett,Maryland,4,-0.4722311899050533,0.05159684220216839,-0.8935527341498953,-0.45234886214954734,0.06049931260959879,-0.8779354455084217,NA,NA,NA,NA,NA,NA
24025,Harford,Maryland,4,-0.44189918073326145,-0.6576066563386476,0.41821253940736125,-0.4420848114777331,-0.6760016166106165,0.46322585717973397,8.1895318406722e-4,0.00172054852174719,-1.131069259427164,0.27639793257047124,-1.4074671919976354,-0.920009706369958
24027,Howard,Maryland,4,-0.39938441069871883,-0.8767601683958641,0.8781395932421344,-0.35376212093849557,-0.9252583078775001,1.057510695154864,0.00106758474923324,0.00203135391345044,0.65220162389262,1.6014251926631025,-0.9492235687704824,-0.6204726488469673
24029,Kent,Maryland,4,-0.40824691267766616,0.5033732498221105,-1.5919940773891637,-0.38118413204648044,0.5321724331181761,-1.6082227329507623,9.5287440988745e-4,0.00196618475316364,-0.1705402835336859,1.3235956691012918,-1.4941359526349776,-0.976661897965443
24031,Montgomery,Maryland,4,0.19401033592129613,-0.7036487520332054,1.5472681355992972,0.25248988532227606,-0.7247560658039258,1.700123011506749,0.00109665113130035,0.00203766056078471,0.860675687872046,1.6283117263615816,-0.7676360384895357,-0.5017755372097817
24033,Prince Georges,Maryland,4,0.5994415317260221,-0.626898199382086,2.0783272204581413,0.6581446704051442,-0.597690764373772,2.1428627349924976,9.9935246768063e-4,0.00142967234260067,0.16281629217096405,-0.9636669986348289,1.126483290805793,0.73634083088925
24035,Queen Annes,Maryland,4,-0.39476551217089323,-0.4992194409350206,0.21402315213712841,-0.3577839642401088,-0.5042794638289306,0.29396491468953445,9.1810396032711e-4,0.00161336609060912,-0.41992587646711105,-0.18054279900004577,-0.23938307746706528,-0.15647594207708057
24037,St Marys,Maryland,4,-0.2329924294188642,-0.6986764188348424,0.8352859029550956,-0.18356438669274425,-0.6962198829712729,0.9273235827750519,9.8112186346921e-4,0.00164885457999106,0.03206014439928367,-0.029248075337481454,0.06130821973676512,0.04007493571344214
24039,Somerset,Maryland,4,-0.16954760473083633,0.1210647631943775,-0.5187284354507522,-0.3461762469637395,0.12867375132094375,-0.824835735481332,0.00101821288857808,0.00137328391200536,0.29808970128585466,-1.204062466947568,1.5021521682334225,0.9819018042317145
24041,Talbot,Maryland,4,-0.3033037176044912,0.5312671791030713,-1.4688155934272789,-0.24482987837483264,0.5590580215406759,-1.4309500903113348,9.5080742123031e-4,0.00167549776548026,-0.18536543530381103,0.08433729998509712,-0.26970273528890815,-0.176294790891823
24043,Washington,Maryland,4,-0.19247760329246044,-0.3042541375889402,0.2002427020315547,-0.1712086534548335,-0.27423821975817597,0.18907306181905287,8.4715368882825e-4,0.00167428291465249,-0.9288055645431862,0.07915814123588755,-1.0079637057790738,-0.6588689230256239
24045,Wicomico,Maryland,4,-0.07352678879235197,-0.37975321195218337,0.530444532138749,-0.03912779794434953,-0.35000348725464414,0.5438342000864045,9.6647930525164e-4,0.00157638361176252,-0.07296130655474828,-0.3382067067881414,0.26524540023339316,0.17338119436969002
24047,Worcester,Maryland,4,-0.10801467467479031,0.1228845002638744,-0.4206412883901528,-0.07138373570883916,0.1464656582728748,-0.4021539932046407,8.3820868589095e-4,0.00169750639050678,-0.9929621943687107,0.17816459158221026,-1.171126785950921,-0.7655226470575592
24510,Baltimore City,Maryland,4,0.1574793370744321,0.4990071515702391,-0.6526577543952695,0.2165504324300586,0.4315160283852489,-0.43824062226548716,0.00102164726563966,0.00163038665798905,0.32272223180211385,-0.10798062227248317,0.430702854074597,0.2815346663586999
25001,Barnstable,Massachusetts,4,-0.6370938707623166,0.48715678003268764,-1.939978572287293,-0.6284494303438267,0.517002516442697,-1.9900722397632786,9.3790313788724e-4,0.00189691481494599,-0.2779193825085413,1.0282836864476812,-1.3062030689562225,-0.8538170614295723
25003,Berkshire,Massachusetts,4,-0.3895118980442062,0.49754496032408807,-1.550773847804643,-0.3448571608952362,0.5263073186740679,-1.5375712239643669,0.00100503105021059,0.00210940783426823,0.2035450342252742,1.9341850983838818,-1.7306400641586075,-1.1312559655467411
25005,Bristol,Massachusetts,4,-0.057181038991456136,-0.1673051359493057,0.17937205907279036,-0.015255692036565996,-0.1373005372609247,0.2009074713801326,8.8193208762146e-4,0.00183003188160353,-0.6793629569844765,0.7431479961430162,-1.4225109531274926,-0.9298432615238341
25007,Dukes,Massachusetts,4,0.3019915966998607,1.065307441826174,-1.4222569999261538,0.17497663770336414,1.079192609498997,-1.671506756533892,NA,NA,NA,NA,NA,NA
25009,Essex,Massachusetts,4,-0.13063196147004905,-0.21899350493609598,0.15038634262867034,-0.0725892731578174,-0.1939574489217413,0.2079088657347589,8.446330644717e-4,0.0017926036797999,-0.9468843471781295,0.5835838797862171,-1.5304682269643466,-1.0004109737716602
25011,Franklin,Massachusetts,4,-0.7578084590404538,0.6624945873822007,-2.4507183198254583,-0.9125095028247072,0.6839964934092452,-2.76032046453278,0.00115860696813445,0.00202003396580863,1.3050442048147264,1.5531659294436917,-0.2481217246289653,-0.16218807537240773
25013,Hampden,Massachusetts,4,-0.18863649851486,-0.034883343206612814,-0.2726980500912091,-0.13299663372384973,-0.004959005278981898,-0.23184717987229855,0.00100416524529222,0.00175036185537201,0.19733518431931604,0.403498300909125,-0.20616311658980893,-0.13476127147866465
25015,Hampshire,Massachusetts,4,-0.9490749274555667,0.06114036819071683,-1.6957400142917463,-1.0956113119786266,0.09113795172807358,-1.997360609537928,9.4625173830864e-4,0.00190960443413939,-0.21804035613466627,1.082382140979974,-1.3004224971146403,-0.8500385135295844
25017,Middlesex,Massachusetts,4,-0.15377732448916545,-0.5244872667487557,0.6558093825939015,-0.0957707127223041,-0.5521894555571917,0.8136296888181581,0.0010085446078417,0.002216749281794,0.22874547495065345,2.3918037494954647,-2.1630582745448113,-1.4139118974422407
25019,Nantucket,Massachusetts,4,-0.525588315369906,0.049969505300958963,-0.9785192949470386,-0.5476932901949014,0.027014013668540747,-0.9754875968383923,8.3092707447284e-4,0.00179920281764201,-1.045188409559424,0.6117173606308908,-1.6569057701903147,-1.0830585606417755
25021,Norfolk,Massachusetts,4,-0.23295102602921033,-0.446936776190128,0.38745770144892483,-0.1744703940904421,-0.47327637205448847,0.541533228011202,8.8431840596141e-4,0.00191099452991121,-0.6622474631769085,1.0883084049411846,-1.7505558681180933,-1.1442741964917071
25023,Plymouth,Massachusetts,4,-0.26092747787234605,-0.38778059034823953,0.23613856514523446,-0.21535568472403085,-0.3820674880997573,0.30989726682946706,8.9590281288355e-4,0.00175691285473408,-0.579160122472657,0.43142655752019404,-1.0105866799928511,-0.6605834651122555
25025,Suffolk,Massachusetts,4,0.4101642111610093,-0.2608594409483493,1.115390783826949,0.4609290016419396,-0.23111417797618378,1.1574709227190363,9.5857814804661e-4,0.00210177228867884,-0.12963111667662053,1.9016331983149106,-2.0312643149915313,-1.3277630175824886
25027,Worcester,Massachusetts,4,-0.23056594124950433,-0.17368516090398411,-0.09478541980103955,-0.17982261367354782,-0.14528789011009524,-0.057023456059075994,8.1322053031835e-4,0.00172401581602067,-1.172185818813691,0.29117972064032094,-1.4633655394540122,-0.9565484068969068
26001,Alcona,Michigan,4,-0.6569741556140396,0.35200056454103457,-1.7322443840484816,-0.9611314937531482,0.3815534754442653,-2.296998254071476,NA,NA,NA,NA,NA,NA
26003,Alger,Michigan,4,-0.6206732298319347,-0.14025204673007646,-0.7966502946684044,-0.6941610276903106,-0.12234189122277475,-0.9493006830136415,NA,NA,NA,NA,NA,NA
26005,Allegan,Michigan,4,-0.45550092570439826,-0.7041999987063229,0.47871396333883875,-0.44438930374721725,-0.6891601081206126,0.48307092580843525,9.7997185984783e-4,0.00171915302342627,0.02381192389538309,0.2704486364321403,-0.2466367125367572,-0.1612173774075272
26007,Alpena,Michigan,4,-0.6844330453617968,0.4297938921713291,-1.9158705550455748,-0.6820744578309058,0.40258031386142923,-1.8730766358348765,9.4119166967526e-4,0.0017785008303877,-0.25433290432934536,0.5234605343907548,-0.7777934387201002,-0.5084150573753214
26009,Antrim,Michigan,4,-0.5658227552098563,-0.22221643249602857,-0.5604978769953466,-0.7073839160744596,-0.2330170134279066,-0.7721928875443744,0.0012489179873738,0.00168159607892318,1.9527858177709394,0.11033566348894965,1.8424501542819898,1.2043421225587623
26011,Arenac,Michigan,4,-0.706345732293336,0.20530281785695123,-1.5525380663659132,-0.7831059935859453,0.2340099931752797,-1.7371649899339918,NA,NA,NA,NA,NA,NA
26013,Baraga,Michigan,4,-0.5508224966259062,0.16112371997318103,-1.2178379408945659,-0.5401108374497289,0.1900896178928053,-1.256140524015592,NA,NA,NA,NA,NA,NA
26015,Barry,Michigan,4,-0.6205678679611971,-0.20044352242295327,-0.689383835526891,-0.7559525937026631,-0.1713899562810389,-0.9633556365796303,8.6265024629467e-4,0.00160976033791483,-0.8176589379951614,-0.19591486377313164,-0.6217440742220298,-0.40641130849409757
26017,Bay,Michigan,4,-0.804954511853336,0.19437662949619994,-1.6954749029664444,-0.7739713588478457,0.2166167037383942,-1.6907789184154909,8.1175418952757e-4,0.00178555026227219,-1.182702918022217,0.5535137112804073,-1.7362166293026244,-1.1349011617473135
26019,Benzie,Michigan,4,-0.8997025178624863,-0.19264667129963178,-1.1629005082125252,-1.0874499901340473,-0.16384743109138944,-1.5254105928800814,NA,NA,NA,NA,NA,NA
26021,Berrien,Michigan,4,-0.28173822410859817,-0.06059300704584055,-0.38026371968441963,-0.2341849353353226,-0.03122538173862458,-0.3520477069279847,0.00112943876698211,0.00163936523412081,1.0958398594249912,-0.06970310698806989,1.165542966413061,0.7618727089256716
26023,Branch,Michigan,4,-0.1332536031255424,-0.030212348219999935,-0.1898109925589319,-0.1422988404971747,-0.022954054464543034,-0.2148846953431848,8.5236425824534e-4,0.00150293839832164,-0.8914335730954844,-0.6513187458012986,-0.24011482729418587,-0.15695426011348892
26025,Calhoun,Michigan,4,-0.5579661552537,0.10855006921956405,-1.1360619443671165,-0.5833122938408667,0.09784457064078586,-1.1617711422541988,0.00106720778122581,0.00166184780436377,0.6494978800170426,0.026144710469717922,0.6233531695473247,0.40746311511961525
26027,Cass,Michigan,4,-0.4287779814333281,-0.42063991858308925,0.018206554121350305,-0.5810165238508856,-0.3908503381787803,-0.2793324471231935,7.2927848734048e-4,0.00143213836168484,-1.7742469490199837,-0.9531538524743732,-0.8210930965456105,-0.5367184563521937
26029,Charlevoix,Michigan,4,-0.41299942614391344,-0.16066738255696472,-0.4183556520298197,-0.41051836451667106,-0.13989450841581502,-0.4484284771092183,0.00100081797371499,0.00174398684521803,0.17332740422006604,0.37632032246061775,-0.2029929182405517,-0.13268902903563118
26031,Cheboygan,Michigan,4,-0.37168882314810253,0.1106375180409189,-0.8330374317562125,-0.4640570599476967,0.13976189716365178,-1.0398164963324943,0.00108878192344039,0.00174115753461899,0.8042350294138659,0.3642583899103088,0.43997663950355714,0.28759659992130465
26033,Chippewa,Michigan,4,-0.44619333744862133,0.22660091342688507,-1.1620448963326657,-0.5345171675364521,0.2473882541503214,-1.34990430563064,7.9565659647176e-4,0.00194212365795129,-1.298160378014429,1.2210182752879695,-2.5191786533023985,-1.6466947338422213
26035,Clare,Michigan,4,-0.29614272176131357,0.42640105495212766,-1.270445438602947,-0.32427091759886295,0.4183849869776698,-1.3094723301873543,7.6851340920573e-4,0.00165318922052069,-1.492840629090702,-0.01076861192474221,-1.4820720171659598,-0.9687761456071489
26037,Clinton,Michigan,4,-0.7728376300447876,-0.5407880765686651,-0.3345802165897783,-0.785814772885784,-0.5342603523972966,-0.3603492253656516,8.7446546748357e-4,0.00178972499173468,-0.7329161181843322,0.5713114409497579,-1.3042275591340902,-0.8525257430800401
26039,Crawford,Michigan,4,-0.7843773710769288,0.11683413167854222,-1.5236270241178458,-1.286368267124675,0.14213518409522333,-2.4046757038821718,NA,NA,NA,NA,NA,NA
26041,Delta,Michigan,4,-0.04533996809428024,0.024204585127250367,-0.14186454153451994,0.008497441086574353,0.04632529465131667,-0.08993743340110093,6.9151432481742e-4,0.00165501315317544,-2.0451044783741565,-0.0029928121714856105,-2.042111666202671,-1.3348535334107745
26043,Dickinson,Michigan,4,-0.5250227379124816,-0.12673181992778462,-0.663200126541696,-0.4668005471879211,-0.09933814308964414,-0.614470287563987,9.1963399075638e-4,0.00163711768335898,-0.4089519733213515,-0.07928487779180818,-0.3296670955295433,-0.21549129491785915
26045,Eaton,Michigan,4,-0.6382800560492975,-0.2132025298373396,-0.6958491928327319,-0.7206244780058376,-0.1835049773843705,-0.8831199230298403,8.8281836889467e-4,0.00174641223421763,-0.6730062436367903,0.3866602542204477,-1.059666497857238,-0.6926651428087837
26047,Emmet,Michigan,4,-0.3107612954636685,-0.20361595499498453,-0.17358821531864305,-0.3263354634943943,-0.195755704042377,-0.2087052298672274,8.6096988606145e-4,0.00198464684830049,-0.8297110580684464,1.4023033749126053,-2.2320144329810514,-1.4589860103139474
26049,Genesee,Michigan,4,-0.2568011669200509,7.549734120774643e-4,-0.4483510738347503,-0.22171678077626109,0.007848728951190265,-0.40167054469572194,9.7924370485067e-4,0.00145735766599798,0.018589346447858018,-0.8456387752346991,0.8642281216825571,0.5649142409759009
26051,Gladwin,Michigan,4,-0.34715836239228876,0.0028490842807270544,-0.600865999383154,-0.4085616168199393,0.03270840779210725,-0.755519126354483,NA,NA,NA,NA,NA,NA
26053,Gogebic,Michigan,4,-0.8529903459549767,0.4609491430442823,-2.248861478308802,-0.8782087559097637,0.4903085434121378,-2.3553288846189897,9.1208289840369e-4,0.00158826647947446,-0.46311099822560814,-0.2875475996210812,-0.17556339860452697,-0.11475935760194671
26055,Grand Traverse,Michigan,4,-0.43228148727549015,0.15250374911990508,-1.007302549017181,-0.48056882125330563,0.17809051652657565,-1.1360490220272552,9.2603715712291e-4,0.00198791781911984,-0.36302626740842475,1.4162481957500277,-1.7792744631584525,-1.1630464892603496
26057,Gratiot,Michigan,4,-0.9092752430418353,-0.16875694089538754,-1.2211684130368132,-1.0546612994241313,-0.14391564516981906,-1.5069945737587986,8.6395890399982e-4,0.00150338176761315,-0.8082727959730573,-0.6494285713924215,-0.15884422458063585,-0.10383064645903424
26059,Hillsdale,Michigan,4,-0.6277433123965044,-0.06943606452409155,-0.9342885688827601,-0.7681616735937755,-0.04037469738019302,-1.2191132243144929,9.1389896529301e-4,0.00168953559654579,-0.4500855434579361,0.14418345880643987,-0.594269002264376,-0.3884518611776893
26061,Houghton,Michigan,4,-0.22389940563130098,0.2352385944021858,-0.8113668986098581,-0.21512861965108176,0.2649839334778073,-0.8530813700606226,8.8823419054891e-4,0.00176939064560537,-0.6341621127284315,0.48462194438137174,-1.1187840571098033,-0.7313081240722166
26063,Huron,Michigan,4,-0.5326015302117787,0.36049683190126774,-1.5425594999803516,-0.47367261289627693,0.39050165738485243,-1.506539336885998,0.00115786249891397,0.00178544746712167,1.299704616160634,0.5530754744277651,0.746629141732869,0.48804409890220857
26065,Ingham,Michigan,4,-0.29213494522898337,-0.02308206364649017,-0.46412340677483344,-0.261505390357919,0.0022310814527330526,-0.4574044410744871,9.2121526169927e-4,0.00184683326998342,-0.39761055563284387,0.8147757677487718,-1.2123863233816157,-0.7924924941221276
26067,Ionia,Michigan,4,-0.6793423253925805,-0.31913420037305046,-0.574991331938204,-0.7278212384894204,-0.2983499913429061,-0.6885441440377238,0.00102750401913904,0.00169378404807112,0.36472887717415864,0.16229548078068912,0.20243339639346952,0.13232329011598018
26069,Iosco,Michigan,4,-0.5765401020449749,0.810470736600886,-2.4155078443926694,-0.6121367107524467,0.8128302959307593,-2.494959468674076,0.00100452428918556,0.00160199212032477,0.1999103702994209,-0.22903237184708544,0.42894274214650635,0.28038414571612447
26071,Iron,Michigan,4,-0.7796016410775911,0.6868766487801535,-2.5299853218554382,-0.7750884616030641,0.6978975982131664,-2.5579375040867913,NA,NA,NA,NA,NA,NA
26073,Isabella,Michigan,4,-0.4989488596171097,-0.29723909792755043,-0.3168975162637826,-0.521649028493344,-0.2701139587464386,-0.3981790505698859,7.950154798662e-4,0.00176726775208538,-1.3027586862571676,0.47557161301856693,-1.7783302992757346,-1.1624293239427896
26075,Jackson,Michigan,4,-0.628027839038708,0.08146070808784138,-1.2032333537355455,-0.7057081010209281,0.09415925202985387,-1.357660709178366,0.00104876248519584,0.00161604622808503,0.5172018888684699,-0.16911682213099857,0.6863187109994684,0.4486213812818218
26077,Kalamazoo,Michigan,4,-0.6808505309437348,-0.2577609521612458,-0.6866704361821752,-0.6533730379283852,-0.22968350894487868,-0.6888201600646078,9.0780909966467e-4,0.00167521987000821,-0.49376414899258375,0.08315257447597744,-0.5769167234685612,-0.3771093126546726
26079,Kalkaska,Michigan,4,-0.7197823933704178,-0.05368362391747346,-1.1138739815923289,-0.9884192349546006,-0.030771159212237963,-1.6008168411323669,NA,NA,NA,NA,NA,NA
26081,Kent,Michigan,4,-0.35613020135690726,-0.4551135573327089,0.1991696122022396,-0.31111539527265597,-0.4347138815425001,0.24610833249213104,9.8477145582073e-4,0.00182286171590844,0.058236272808830945,0.7125801062061318,-0.6543438333973008,-0.42772057597620794
26083,Keweenaw,Michigan,4,-1.0320751547310363,0.25630756292045853,-2.179656949703441,-1.1452905073991173,0.23370012878989482,-2.335876643169233,NA,NA,NA,NA,NA,NA
26085,Lake,Michigan,4,-0.2547755053648,1.0154411569676118,-2.250349988540047,-0.28309181749395057,0.9559656663754665,-2.207870995003974,NA,NA,NA,NA,NA,NA
26087,Lapeer,Michigan,4,-0.45049016631150746,-0.6234819821180261,0.3433511810233092,-0.5530241772177681,-0.6159944588587063,0.17177733387843774,9.0028375436503e-4,0.00163336081204255,-0.5477385071993334,-0.09530119230826499,-0.45243731489106837,-0.295741686620035
26089,Leelanau,Michigan,4,-1.0239678304976434,0.20765801437588793,-2.0797492990501523,-1.0735856330333193,0.23029200099797298,-2.211106518815705,0.00104465180288596,0.00198310208921242,0.4877186650915848,1.3957177494485444,-0.9079990843569596,-0.5935257146546983
26091,Lenawee,Michigan,4,-0.6931485094543198,-0.1606503326737802,-0.8797009087282646,-0.7052251794792147,-0.130804516070322,-0.9523921533039779,8.9724548999089e-4,0.00168292647253924,-0.5695299816270226,0.11600740489044864,-0.6855373865174712,-0.4481106581109052
26093,Livingston,Michigan,4,-0.8805143703596222,-0.6999653454235453,-0.2286800179715882,-0.938641799595681,-0.6997131442372396,-0.3157432559404354,8.0339622551417e-4,0.0018338617957371,-1.2426491032902802,0.7594757072003568,-2.002124810490637,-1.3087155917298234
26095,Luce,Michigan,4,-0.43025688103239634,0.23246244941481425,-1.1462315804601848,-0.39794057478595407,0.2216515548390916,-1.0776524964461065,NA,NA,NA,NA,NA,NA
26097,Mackinac,Michigan,4,-0.39370934436090527,-0.13094920950482303,-0.43946584303980385,-0.3534300455246149,-0.10235539206421167,-0.4214631885673396,NA,NA,NA,NA,NA,NA
26099,Macomb,Michigan,4,-0.4222631769951591,-0.2917782452590254,-0.20033697746579415,-0.4069289723732632,-0.2624083616491155,-0.22221793132350276,8.609110160541e-4,0.0016021462753309,-0.8301332939576742,-0.22837517737474108,-0.6017581165829331,-0.3933472206605684
26101,Manistee,Michigan,4,-0.7599156031451063,0.20985659964684658,-1.6488524260182422,-0.921559841639063,0.2382705669967576,-1.9739102874740988,0.00102779962856754,0.00162654656201163,0.36684908940999017,-0.12435174062268113,0.4912008300326713,0.3210799754171423
26103,Marquette,Michigan,4,-0.35944570184238717,-0.11712454173056419,-0.4076416221454645,-0.3130278554409413,-0.09385898233998566,-0.3698898830152906,8.1164927101516e-4,0.00170694445745543,-1.1834554295875812,0.21840101065141593,-1.4018564402389972,-0.916342163632672
26105,Mason,Michigan,4,-0.2004557023028922,0.1668250056623029,-0.6510409172860465,-0.19398958005549885,0.19629826136392192,-0.6946126607959344,7.7610030742415e-4,0.00175805267368705,-1.4384247922335236,0.43628583996693293,-1.8747106322004565,-1.2254296143211825
26107,Mecosta,Michigan,4,-0.5533237847398228,-0.04408545241875363,-0.8568476096661957,-0.6134294285666138,-0.0232162695889633,-0.9939436732930556,8.2808148341351e-4,0.00161718513849447,-1.065597964872925,-0.16426141299204725,-0.9013365518808778,-0.589170661420171
26109,Menominee,Michigan,4,-0.24327345737212616,0.1695996130635381,-0.7264845045851851,-0.18519556748561142,0.19913586530340652,-0.6851639479663605,9.5220950328665e-4,0.00173723324898594,-0.1753092217839119,0.34752835375589836,-0.5228375755398103,-0.34175975616799387
26111,Midland,Michigan,4,-0.5287128225133387,-0.18950159523916027,-0.5575962169940664,-0.47931694253933094,-0.16464583205865496,-0.5177610837358948,9.3105129979303e-4,0.0019184298355991,-0.3270631159780507,1.1200066411576997,-1.4470697571357505,-0.9458964513906375
26113,Missaukee,Michigan,4,-0.2421719801842637,-0.31762434398928485,0.14220047308878997,-0.26114198446017656,-0.28785510327873687,0.06475202960545101,NA,NA,NA,NA,NA,NA
26115,Monroe,Michigan,4,-0.5172772293260829,-0.2751420790866566,-0.38639353446259256,-0.4645292425166188,-0.24534971238884826,-0.3481933516932106,9.5075493482826e-4,0.00171019186369259,-0.18574188578580622,0.2322453708320783,-0.4179872566178845,-0.27322294644865275
26117,Montcalm,Michigan,4,-0.5785512060548156,-0.2651460495310565,-0.5050769378016348,-0.676340915439611,-0.23591412551809637,-0.7156204768233461,9.8676749875281e-4,0.00173433538896842,0.0725525774994991,0.3351741809466548,-0.2626216034471557,-0.17166611459759892
26119,Montmorency,Michigan,4,-0.498295214429277,0.37327725547798885,-1.5088070857393017,-0.6253826249665535,0.39651798920470094,-1.7683749533198418,0.00121135251590307,0.00161166041185091,1.6833533688089524,-0.187814458089368,1.8711678268983203,1.2231138123726326
26121,Muskegon,Michigan,4,-0.3434874957448848,-0.23671544629338204,-0.16858690770557777,-0.4166044346737794,-0.21987563114346026,-0.3146978544891283,0.00101343736951028,0.00133805097464939,0.26383804019584195,-1.3542677198035726,1.6181057599994146,1.0576964163688274
26123,Newaygo,Michigan,4,-0.06508618299905496,-0.3195022401864643,0.4371446617104369,-0.06092562547662247,-0.29050133166852976,0.4007867999966545,8.6408540749527e-4,0.00187150437012832,-0.8073654695041782,0.9199537379548987,-1.7273192074590769,-1.1290852432631933
26125,Oakland,Michigan,4,-0.4582857487666387,-0.22145191261533523,-0.38477944940395875,-0.40105968709755074,-0.19854266976644613,-0.3273327993233333,9.6037644827433e-4,0.00174884780319413,-0.11673309050114662,0.39704358531394274,-0.5137766758150893,-0.33583697818596747
26127,Oceana,Michigan,4,-0.1731113871267805,-0.2568074469653211,0.14771521623664163,-0.2792715985397705,-0.22739505560176204,-0.07394818667638509,0.00102184104333918,0.00184089328469532,0.32411207194232217,0.7894523897077745,-0.46534031776545237,-0.3041759065814284
26129,Ogemaw,Michigan,4,-0.7263983155454472,-0.1187454057287223,-1.009010031163252,-0.806537355729275,-0.091093635948258,-1.1914202515100623,NA,NA,NA,NA,NA,NA
26131,Ontonagon,Michigan,4,-0.7821864728910631,0.2972550185026782,-1.841025030594218,-0.7592459826132268,0.3261360857655824,-1.8633227626196143,NA,NA,NA,NA,NA,NA
26133,Osceola,Michigan,4,-0.2982622948919807,-0.3221779376885706,0.057939643831868115,-0.3487327601746349,-0.29218331449607476,-0.07239342126784876,NA,NA,NA,NA,NA,NA
26135,Oscoda,Michigan,4,-0.6749596308758156,0.3021132945703351,-1.6731009741288427,-0.9680010056657379,0.3307178745069585,-2.2169655713728633,NA,NA,NA,NA,NA,NA
26137,Otsego,Michigan,4,-0.29549085622268245,-0.122763604331156,-0.29229563141501624,-0.3401489950635559,-0.09301855005108445,-0.41627543116912413,0.0010245418086665,0.00170827889390087,0.3434828874205314,0.22408998746542547,0.11939289995510594,0.07804276181702804
26139,Ottawa,Michigan,4,-0.3304382932440691,-0.7970561559146534,0.8498617856999995,-0.2813076586073812,-0.8295412253203283,1.0053007146887314,8.6890341369422e-4,0.00180771092878533,-0.7728090761335101,0.647989186981833,-1.4207982631153433,-0.928723738849246
26141,Presque Isle,Michigan,4,-0.6154416409194431,-0.13077984080596483,-0.8048885541788543,-0.5847897632870963,-0.12683786299996994,-0.7602520601294398,NA,NA,NA,NA,NA,NA
26143,Roscommon,Michigan,4,-0.527926105655249,0.7514857582858023,-2.230509961020771,-0.7345198702253022,0.7568463543418639,-2.5967987505582757,NA,NA,NA,NA,NA,NA
26145,Saginaw,Michigan,4,-0.21271653858349696,-0.04518624715371222,-0.2940191108924515,-0.15610163703384336,-0.017845658994186154,-0.24690728337487525,8.6423038113543e-4,0.00159006394526139,-0.8063256688208916,-0.2798846335646873,-0.5264410352562043,-0.34411520568358106
26147,St Clair,Michigan,4,-0.5862238486217825,-0.2874573758368076,-0.4780148795044874,-0.5933666690306539,-0.25758788455497833,-0.5393637437014889,8.7682052506547e-4,0.00165895593193551,-0.7160248372581175,0.01381606398403143,-0.729840901242149,-0.4770702415418747
26149,St Joseph,Michigan,4,0.4657386388684775,-0.08247815368354092,0.8895270480249935,0.4985286288697479,-0.05566825371119932,0.904243277224178,9.2383890342709e-4,0.00154672207125222,-0.37879289706901575,-0.4646599498837901,0.08586705281477436,0.0561281445820763
26151,Sanilac,Michigan,4,-0.4299334717472834,0.0339043664516028,-0.7924235365187691,-0.48236127088844755,0.06291196163620262,-0.9319316122403497,0.00107513275337936,0.001541283639911,0.7063384991198857,-0.4878451003722313,1.194183599492117,0.7805940408182563
26153,Schoolcraft,Michigan,4,-0.12339511448469591,0.3020731536369026,-0.7647812091465583,-0.06456160335529808,0.3306794673622077,-0.7220699939413895,NA,NA,NA,NA,NA,NA
26155,Shiawassee,Michigan,4,-0.6271200684035406,-0.07428092642916657,-0.9246422860880006,-0.7603409043285984,-0.04428489511418157,-1.1991427478935062,9.6626298568365e-4,0.0017757475629009,-0.07451282470905506,0.5117227892559477,-0.5862356139650028,-0.38320072974636105
26157,Tuscola,Michigan,4,-0.49827539241442537,-0.08494074573288513,-0.6935107799983292,-0.478752290174119,-0.05504422286833678,-0.7138830329145377,9.0925154920914e-4,0.00151400466094592,-0.48341840599895564,-0.6041409939477688,0.12072258794881313,0.0789119301128218
26159,Van Buren,Michigan,4,-0.1826378793845841,-0.3345598963528095,0.27036569582435976,-0.2540153903358989,-0.30844393649551954,0.11356097653880304,9.6024157835915e-4,0.00163420723118752,-0.11770042380259477,-0.09169273354117823,-0.02600769026141654,-0.017000273695053716
26161,Washtenaw,Michigan,4,-0.6978773869287149,-0.5560870919809056,-0.18392486168639455,-0.7285774390986713,-0.5475372976021597,-0.2417735638003875,9.4068848411986e-4,0.0019486358783852,-0.2579419237603763,1.2487812093586297,-1.506723133119006,-0.984889676408151
26163,Wayne,Michigan,4,0.021245900919205047,-0.025602259578082643,0.05639742342079393,0.07693603202560674,-0.014386416644965894,0.13245624995466992,0.00106493906844929,0.00150706057975069,0.6332258936572966,-0.6337450391979279,1.2669709328552246,0.8281724522907117
26165,Wexford,Michigan,4,-0.21666048693992482,-0.08507707043638287,-0.22953957400716118,-0.26753914206906404,-0.06753069481791121,-0.34196094074082484,0.00101525235066265,0.00160441292605739,0.27685570768562523,-0.21871197949632235,0.49556768718194755,0.3239344298488389
27001,Aitkin,Minnesota,4,-0.32281337710488117,0.517709903953891,-1.4768205229458795,-0.26581056262365027,0.5477044621144763,-1.4452517046318623,NA,NA,NA,NA,NA,NA
27003,Anoka,Minnesota,4,-0.3877729425113383,-0.629354267456741,0.45707415995992495,-0.3450416330626456,-0.613899113749656,0.512136971342419,7.9224202605348e-4,0.00163825463427977,-1.3226508484898807,-0.0744378223556772,-1.2482130261342035,-0.8159110963226025
27005,Becker,Minnesota,4,-0.28285627637743715,0.04411683472393111,-0.5684050427674722,-0.2241030637374506,0.06109706916533988,-0.5013557621358343,8.5612365087363e-4,0.00166389023573859,-0.864469919431799,0.03485201517146169,-0.8993219346032606,-0.5878537799606481
27007,Beltrami,Minnesota,4,-0.067134440300563,-0.21254625817458234,0.24347524833753656,-0.06800893163067405,-0.18291870927633305,0.19564057574794974,7.48950132767e-4,0.00167959466427364,-1.6331551592760714,0.10180322151663848,-1.7349583807927098,-1.1340786908231393
27009,Benton,Minnesota,4,-0.5879851862253999,-0.3277527453038331,-0.4092215181986909,-0.52901486857125,-0.2980193967523187,-0.36019445957397844,8.7633103182658e-4,0.00168492981356862,-0.7195356506977202,0.12454805941591797,-0.8440837101136381,-0.551746577617291
27011,Big Stone,Minnesota,4,-0.16242412122286623,0.4743503791979701,-1.1355658246135854,-0.20866976414213867,0.4504585608736241,-1.1758653122788265,NA,NA,NA,NA,NA,NA
27013,Blue Earth,Minnesota,4,-0.3722280551475774,-0.5016889059830522,0.255528737806504,-0.31337408289269236,-0.49240138051575294,0.3460893085444269,7.3324551192486e-4,0.00162710181820097,-1.745794087734994,-0.1219845693738849,-1.6238095183611092,-1.061424754112959
27015,Brown,Minnesota,4,-0.03256594435344288,0.09567151670401451,-0.24798416380304047,-0.1272990237646643,0.11183526539522373,-0.43240807683575166,8.9082445801853e-4,0.00160682599173115,-0.6155838257941098,-0.20842458460718039,-0.40715924118692937,-0.26614506971103347
27017,Carlton,Minnesota,4,-0.41127836176994165,-0.1822905218654434,-0.3770496225532239,-0.38505111363367917,-0.16638237262907424,-0.35866711150711866,8.6785457035044e-4,0.00181100226581698,-0.7803317404214407,0.6620208331678564,-1.442352573589297,-0.9428130014358955
27019,Carver,Minnesota,4,-0.542224683711238,-0.8348116068767885,0.5682927857515776,-0.48326947667474013,-0.8607296127671628,0.7272102483335406,8.2390444665707e-4,0.00174831089842787,-1.0955571055047353,0.39475464995323534,-1.4903117554579706,-0.9741621604639774
27021,Cass,Minnesota,4,-0.45021898624061635,-0.015286062340448514,-0.7383073703956395,-0.5987045417390989,0.014269154015162244,-1.0369761815605483,9.1592082831712e-4,0.00172119223924094,-0.43558404820913793,0.27914223254011794,-0.7147262807492558,-0.4671903682200507
27023,Chippewa,Minnesota,4,0.38189562401998606,0.4244884583269665,-0.15053270447203193,0.35440593029611467,0.452751052254954,-0.24832469835579907,3.9201029863456e-4,0.00157003123253478,-4.193250104905146,-0.3652882049470861,-3.82796189995806,-2.5021983628458995
27025,Chisago,Minnesota,4,-0.37464337194076486,-0.8074354155384686,0.7955371484334769,-0.37838537574617787,-0.8523438065336997,0.8856738734078936,8.6004672329577e-4,0.00163217500569915,-0.8363322981330487,-0.10035652845151999,-0.7359757696815287,-0.4810803801395078
27027,Clay,Minnesota,4,-0.3691613707113189,-0.16568221587481208,-0.33724613937026543,-0.3150633712958175,-0.15622237175682346,-0.2611327158269558,7.1751546402504e-4,0.00167034124887345,-1.85861538777485,0.062354009947235264,-1.9209693977220852,-1.2556672735196086
27029,Clearwater,Minnesota,4,-0.044683725575972506,-0.12621079638452753,0.12683584577463247,0.013440204204078765,-0.10107115944212815,0.18324961330057782,NA,NA,NA,NA,NA,NA
27031,Cook,Minnesota,4,-0.5249723942537564,0.3925359119463444,-1.5870008656952663,-0.5685805028767015,0.4064526859563866,-1.6922523405357812,NA,NA,NA,NA,NA,NA
27033,Cottonwood,Minnesota,4,-0.15809818326830746,0.11328050502805934,-0.48602515234077803,-0.11341302647370817,0.1417137423386536,-0.4631518363007665,NA,NA,NA,NA,NA,NA
27035,Crow Wing,Minnesota,4,-0.4407971906849933,-0.0609897789171985,-0.6414764490265095,-0.3937184672754066,-0.042359624349552066,-0.595992518567939,8.4437888114008e-4,0.0018381032577726,-0.9487074372351003,0.7775579315430137,-1.726265368778114,-1.1283963875506435
27037,Dakota,Minnesota,4,-0.25055243506642894,-0.5529600045974313,0.5471109106774218,-0.19165299428140783,-0.5456356961974124,0.643200110814652,8.9659360579757e-4,0.00179308709968881,-0.5742055187032087,0.5856447981228214,-1.1598503168260301,-0.7581516325803009
27039,Dodge,Minnesota,4,-0.1306822797495908,-0.7208924230819563,1.0432844468901723,-0.08113566901554121,-0.7471238725397418,1.1883235526962495,8.9253736745352e-4,0.00151570068923757,-0.6032982516790868,-0.5969104767807103,-0.006387774898376497,-0.004175454278457182
27041,Douglas,Minnesota,4,-0.45211031281632286,-0.2238783806043391,-0.370293320455345,-0.4013435148524734,-0.23342033298023868,-0.26509475899983004,8.9231741968928e-4,0.00171434064158476,-0.604875792501623,0.24993246362371113,-0.8548082561253342,-0.55875682018867745
27043,Faribault,Minnesota,4,-0.2272515033043212,0.19894570036107387,-0.7523142280543338,-0.2361619413704541,0.21483546791468844,-0.7977194820324253,NA,NA,NA,NA,NA,NA
27045,Fillmore,Minnesota,4,0.17985127697779613,-0.09724432064489304,0.44503507295149436,0.17399764821449726,-0.09390514380868657,0.4360231865035398,0.00100771259974167,0.00169694114007708,0.22277802742049324,0.17575481283279012,0.047023214587703116,0.030737351528599605
27047,Freeborn,Minnesota,4,-0.13644346486630632,0.1567213615633635,-0.5276570159842303,-0.08563972765515027,0.1857978889046952,-0.4964585583132627,8.1077702261511e-4,0.00153134112084992,-1.1897114943547105,-0.53023210246935,-0.6594793918853604,-0.43107750229286296
27049,Goodhue,Minnesota,4,-0.23485567829865217,0.053721247772041146,-0.5064518020571875,-0.2020073888747859,0.07832693381935987,-0.49577448579793104,8.480477384938e-4,0.00161928184502723,-0.9223931336205378,-0.15532272213763004,-0.7670704114829077,-0.5014058075711504
27051,Grant,Minnesota,4,0.07455593248035368,0.4635947731725823,-0.7261999053694156,0.022410560059929658,0.4879282877618043,-0.86088892465265765,NA,NA,NA,NA,NA,NA
27053,Hennepin,Minnesota,4,-0.36654184191135947,-0.16127004198891512,-0.3407827837035142,-0.30748659082066815,-0.13809206739020194,-0.2811932620689469,9.6868729262897e-4,0.00206122519093598,-0.057124863591035815,1.728772587588356,-1.7858974511793917,-1.16737569373423
27055,Houston,Minnesota,4,-0.2872122329994946,-0.1906111855793579,-0.15794867487798164,-0.24483712785480716,-0.18048867573999874,-0.1013075485402769,8.1938561454961e-4,0.00160283180741781,-1.1279677196536797,-0.22545261320091506,-0.9025151064527647,-0.589941039338596
27057,Hubbard,Minnesota,4,-0.5479249010230512,-0.1004590489564056,-0.7476572212223503,-0.5583680545323665,-0.08116089094959464,-0.7986589082281834,NA,NA,NA,NA,NA,NA
27059,Isanti,Minnesota,4,-0.7905225360437381,-0.2634479538566986,-0.8571464127092241,-1.0288536269760316,-0.23409708749134847,-1.302153237680737,8.6710526562164e-4,0.00158025019021021,-0.7857060110001206,-0.32172268822462935,-0.46398332277549126,-0.3032888887032442
27061,Itasca,Minnesota,4,-0.32704988938866736,0.008918914064766293,-0.5785533190183915,-0.2972237779221956,0.03876110949164256,-0.5821824143600144,0.00111882403354165,0.00153658888265256,1.0197073495969105,-0.5078598154093824,1.527567165006293,0.9985146559211493
27063,Jackson,Minnesota,4,-0.03509236600831075,0.2712776505586237,-0.5645836385896111,-0.02741752320215074,0.28401065997125385,-0.5767042425253688,NA,NA,NA,NA,NA,NA
27065,Kanabec,Minnesota,4,-0.4274522407541592,-0.020776029265400835,-0.6910501293692697,-0.529834323128724,0.009234937097850268,-0.9139726677186707,NA,NA,NA,NA,NA,NA
27067,Kandiyohi,Minnesota,4,0.11159702913427894,-0.4125944956582449,0.8937149484450609,0.1348551280107556,-0.4364931300756085,0.9872079997683999,9.3897863599959e-4,0.00170855807313623,-0.2702055410759836,0.225280185921368,-0.4954857269973516,-0.3238808554807903
27069,Kittson,Minnesota,4,0.07114840714877928,0.4807457990598801,-0.7623261848836338,0.03892547624889464,0.43707591444968646,-0.7421343232174108,NA,NA,NA,NA,NA,NA
27071,Koochiching,Minnesota,4,-0.18411646511053556,0.5284408126425352,-1.2675240568510293,-0.12583457787396723,0.5462189361321467,-1.210977233778925,7.8106400625729e-4,0.00192367248916547,-1.4028234413077214,1.1423571507566277,-2.545180592064349,-1.6636912479929198
27073,Lac qui Parle,Minnesota,4,0.3969434102235138,0.2544651994482658,0.17675232955678738,0.2288995121986633,0.24713820169937611,-0.08630913297793169,NA,NA,NA,NA,NA,NA
27075,Lake,Minnesota,4,-0.48231512795345166,0.06660768490256692,-0.9368650816250443,-0.4263328914426736,0.08586209550885596,-0.8804900988466533,NA,NA,NA,NA,NA,NA
27077,Lake of the Woods,Minnesota,4,-0.44294597404916675,0.44076800261188465,-1.5377446514148114,-0.3994582404223988,0.4703700601378091,-1.5273425327605796,NA,NA,NA,NA,NA,NA
27079,Le Sueur,Minnesota,4,-0.5864738909594975,-0.43860541742025355,-0.2095032978874921,-0.5304248667330335,-0.42466197898460745,-0.13483270790257817,0.00106140137397631,0.00162170052999681,0.6078523352214071,-0.14501137103555664,0.7528637062569637,0.49211940517561165
27081,Lincoln,Minnesota,4,0.17546593290987844,0.5287710229413477,-0.675995671795564,0.13944646177028833,0.5224099708452741,-0.7292375952555472,NA,NA,NA,NA,NA,NA
27083,Lyon,Minnesota,4,-0.18324892005321983,-0.05506908627299488,-0.22791188019290926,-0.14048359709946764,-0.04234535943465044,-0.1770169581128449,8.981222849769e-4,0.00153521216316231,-0.5632413071855914,-0.5137290535332295,-0.04951225365236189,-0.03236434511825034
27085,Mcleod,Minnesota,4,-0.11063538713067785,-0.02264179214013028,-0.16603567672729916,-0.09756497284334135,-0.00291665632896726,-0.17689412701060234,8.8266545731917e-4,0.00184042142861909,-0.6741029779155999,0.7874407702811653,-1.4615437481967652,-0.9553575687379952
27087,Mahnomen,Minnesota,4,0.37107105262336887,0.31853942643436584,0.02014775347810538,0.42144558368321877,0.2919129158064599,0.15177479504174762,NA,NA,NA,NA,NA,NA
27089,Marshall,Minnesota,4,-0.2312969446619286,0.32302138838379896,-0.979731820584026,-0.19262979103013164,0.3104447252723445,-0.897590319549362,NA,NA,NA,NA,NA,NA
27091,Martin,Minnesota,4,-0.14444521734259727,0.10795564147916543,-0.45406911097018887,-0.18687135530994547,0.13255218050593992,-0.5682237731559755,0.00130309586024928,0.00160651244121767,2.341368108818868,-0.2097613148855714,2.551129423704439,1.6675797811548698
27093,Meeker,Minnesota,4,-0.4154344102583616,-0.22257279716568695,-0.312222872671103,-0.35870825405538403,-0.22043632000555752,-0.21789502996439702,9.2618625825437e-4,0.00151870846736709,-0.36195686294151724,-0.5840877004701578,0.22213083752864055,0.14519878528776295
27095,Mille Lacs,Minnesota,4,0.29551700908816175,-0.025847507013793486,0.5084695665671624,0.3527509378962768,0.0025251036926525307,0.5584125165884926,8.0066304887565e-4,0.00171283387848496,-1.2622523838117539,0.2435088228664012,-1.5057612066781552,-0.9842609003575059
27097,Morrison,Minnesota,4,-0.05018606725565489,-0.18509458489869696,0.22254158777111477,-0.0031713889773665738,-0.17394576586888721,0.286787723989747,0.00100685147871406,0.00159710479391123,0.21660177198596708,-0.2498680487683345,0.46646982075430155,0.3049142212782253
27099,Mower,Minnesota,4,0.043008970403111135,-0.45365618819962067,0.8538297619255819,0.09843411342967485,-0.4503775254815715,0.951909159088745,7.892291608887e-4,0.00165084797485538,-1.3442601510743417,-0.020749823357751798,-1.3235103277165898,-0.8651301820058287
27101,Murray,Minnesota,4,0.05276761673550686,0.3562339503444826,-0.5710613227573857,0.07024312443184506,0.3453111372449366,-0.5253294794186333,NA,NA,NA,NA,NA,NA
27103,Nicollet,Minnesota,4,-0.5165443243109178,-0.047665472743337656,-0.7899141459198559,-0.45749785962121425,-0.021608278856235154,-0.7388311010936639,9.8922300225383e-4,0.00163963846204603,0.0901642910175904,-0.06853828019033945,0.15870257120792985,0.103738052842235
27105,Nobles,Minnesota,4,0.6384822709948584,-0.33622388215658067,1.625445550441048,0.6713429453863319,-0.31993638583880435,1.6653171034947025,9.6388709093054e-4,0.00163274744973559,-0.09155355697578979,-0.09791608187817094,0.00636252490238115,0.004158949281724468
27107,Norman,Minnesota,4,0.24401077752497388,0.31092920693826914,-0.17553928088505022,0.2469602235998641,0.3273113991353056,-0.20057190856563661,NA,NA,NA,NA,NA,NA
27109,Olmsted,Minnesota,4,-0.0341839220397097,-0.469553733508887,0.7550030262169396,0.02215122102403529,-0.4833874427592731,0.8850414298523821,8.6845102817464e-4,0.00187625892307998,-0.7760537402796889,0.9402233743211762,-1.716277114600865,-1.121867431959347
27111,Otter Tail,Minnesota,4,-0.19115532085138076,-0.08050772197081743,-0.1956706222212149,-0.13548742058931984,-0.07055650368853811,-0.11802859447002742,8.6483147176259e-4,0.00174407561895096,-0.8020144406269368,0.37669878312845834,-1.1787132237553952,-0.7704816233353524
27113,Pennington,Minnesota,4,-0.3377645354144501,0.17311117754559785,-0.8883285378222658,-0.29246170647889547,0.20169589436841795,-0.8672487473957031,9.4183378995451e-4,0.00167802133482508,-0.24972739739457173,0.09509579473416209,-0.3448231921287338,-0.22539827964987652
27115,Pine,Minnesota,4,0.016141753473954707,0.1792438343557583,-0.31647060913859554,0.07366994757088889,0.2031865778036312,-0.2641292068990958,9.997802917782e-4,0.00169614910805376,0.16588479337220835,0.17237821754268282,-0.0064934241704744655,-0.0042445133345784805
27117,Pipestone,Minnesota,4,-0.13803262006103623,0.11677666911853835,-0.4592040521858679,-0.13036196414342313,0.1327108080188603,-0.4750088056374643,NA,NA,NA,NA,NA,NA
27119,Polk,Minnesota,4,-0.2792985328043364,-0.08331021586601121,-0.33582777038294476,-0.2217682174895558,-0.06819468986238983,-0.2650347695262498,9.1326130543867e-4,0.00155169857112532,-0.454659058695019,-0.4434441081779267,-0.011214950517092315,-0.007330802018582988
27121,Pope,Minnesota,4,-0.23384227139990235,0.02212673780687895,-0.44856994504557535,-0.18121977369272768,0.00844172268725274,-0.33573055232509547,NA,NA,NA,NA,NA,NA
27123,Ramsey,Minnesota,4,-0.14725377643075552,-0.04594858184614523,-0.18486676707425898,-0.10388224229211311,-0.016042847260411497,-0.1637466545923265,0.00103386145997954,0.00207233982287873,0.4103266239273576,1.776156547787158,-1.3658299238598004,-0.8927929505895498
27125,Red Lake,Minnesota,4,0.20974693939038444,0.14641279695361956,0.060747646538315436,0.1845092430845313,0.15146206094951917,0.012262117089480551,NA,NA,NA,NA,NA,NA
27127,Redwood,Minnesota,4,-0.10039577299310887,0.033362455816374335,-0.24881737096295403,-0.14452506599345574,0.021238660809115052,-0.2980236862680796,0.00109454425589854,0.00163277143870054,0.8455644546852148,-0.09781381199049032,0.9433782666757051,0.6166517891534415
27129,Renville,Minnesota,4,-0.25756475113740857,0.18808206818305884,-0.7829017154542491,-0.26775994486274296,0.21293855349807958,-0.8465908650479413,0.00105270252107399,0.00169367593128084,0.5454611778933703,0.161834556684071,0.38362662120929936,0.2507626587256587
27131,Rice,Minnesota,4,-0.13766066715608907,-0.21065677351332573,0.12397958538317178,-0.0817699900606148,-0.1888915906505239,0.18361042759320706,9.0512868868663e-4,0.00196138747075651,-0.5129889760947973,1.303143868284788,-1.8161328443795854,-1.187139461854899
27133,Rock,Minnesota,4,-0.4255426926104089,-0.16384857486267856,-0.4333503619711085,-0.4179325814942978,-0.17849610154463394,-0.3912929726924721,NA,NA,NA,NA,NA,NA
27135,Roseau,Minnesota,4,-0.10908594101529408,-0.20581654642662378,0.1624211611345612,-0.05659512775425316,-0.1889416536280399,0.22535464445525716,9.1688645926357e-4,0.00144298527689969,-0.4286582117825085,-0.9069112237064906,0.47825301192398206,0.31261646137998755
27137,St Louis,Minnesota,4,-0.7101490060486118,0.17191612233681006,-1.499399059223842,-0.7083690645524742,0.19849230678618338,-1.5496472453845942,7.9601367924284e-4,0.00177975958735835,-1.2955992578759747,0.5288268740504459,-1.8244261319264208,-1.1925604798965177
27139,Scott,Minnesota,4,-0.23044700378634916,-0.9787832046160165,1.3378447322217801,-0.17165725474836005,-0.9996690961972003,1.4926060615802008,8.9247388022284e-4,0.00170071465511198,-0.6037536038780668,0.19184208294162347,-0.7955956868196903,-0.5200517343365678
27141,Sherburne,Minnesota,4,-0.5573487261498898,-0.8710780012271625,0.6079137227270065,-0.6147023656698714,-0.8685241142045264,0.5237559995044616,7.2117602772046e-4,0.00164175786611784,-1.8323605691229181,-0.059502825062261205,-1.772857744060657,-1.1588521152198132
27143,Sibley,Minnesota,4,-0.45028655114199023,-0.08404739783935691,-0.6160781300452737,-0.422383606929494,-0.10080132701083774,-0.5383475252373624,NA,NA,NA,NA,NA,NA
27145,Stearns,Minnesota,4,-0.47834926238238995,-0.4657707095156837,0.016875608697345945,-0.41963275858363686,-0.4604835391909067,0.11288810836696583,8.5602030266862e-4,0.00173150498643312,-0.8652111682137658,0.32310759324765914,-1.1883187614614248,-0.7767604111996059
27147,Steele,Minnesota,4,-0.5453609277011758,-0.1855041537057614,-0.5921225282871165,-0.5005025466112963,-0.1904705777633205,-0.5063835511874111,7.6335175909252e-4,0.00184626925672699,-1.5298617545082471,0.81237126332326,-2.342233017831507,-1.5310318586728415
27149,Stevens,Minnesota,4,0.06927293211603458,-0.33151366155010936,0.6797614421732362,0.045017920102683386,-0.4179440253723139,0.8052137587404784,7.6894184605321e-4,0.00169570256260881,-1.4897677330368877,0.17047450253894164,-1.6602422355758293,-1.0852394857511445
27151,Swift,Minnesota,4,-0.26049031393678274,0.3634563723703596,-1.099745974141276,-0.23981035719995267,0.3892467548488951,-1.117335735365869,NA,NA,NA,NA,NA,NA
27153,Todd,Minnesota,4,-0.19786754821169816,-0.24686391412737385,0.08925824539724142,-0.14080146592898174,-0.23705258634904455,0.17252741578357456,0.00124965418463045,0.00181054629762421,1.9580660770625842,0.6600769470536405,1.2979891300089437,0.8484479106586013
27155,Traverse,Minnesota,4,-0.03165144288240599,0.6487940948665754,-1.2305966194443196,0.0029115732352705073,0.6590246578921983,-1.2007714627283037,NA,NA,NA,NA,NA,NA
27157,Wabasha,Minnesota,4,5.5357962329101916e-5,-0.13326679653612544,0.21306071409190352,0.008690930361685778,-0.148255884518716,0.2602264059251501,9.6375206698419e-4,0.0015842376123842,-0.09252199504163247,-0.30472348802066673,0.21220149297903426,0.13870833676045918
27159,Wadena,Minnesota,4,-0.017908776125082664,-0.07265390756189438,0.07563685328675246,0.038847264092437994,-0.04313139614544799,0.12111626949013743,NA,NA,NA,NA,NA,NA
27161,Waseca,Minnesota,4,-0.13840874186431304,-0.2560850423496269,0.20357394209580076,-0.10222628102331181,-0.24019784816769474,0.24200869894882435,0.00106141495496969,0.00137846311651078,0.6079497427651556,-1.1819824537352217,1.7899321965003772,1.1700130588388227
27163,Washington,Minnesota,4,-0.5544051417207272,-0.6957437731770497,0.30080535471035674,-0.5053974719718458,-0.7232101879511447,0.4433468236615137,8.6673149179656e-4,0.00176648219477828,-0.7883868451040572,0.4722226207743586,-1.260609465878416,-0.8240141945361522
27165,Watonwan,Minnesota,4,0.17815378374656174,-0.06288452499439659,0.38110673747584567,0.1725038660183007,-0.07394168772608871,0.3976586487543478,NA,NA,NA,NA,NA,NA
27167,Wilkin,Minnesota,4,-0.6378748842996692,0.44304844769994933,-1.8627868925289848,-0.5800494599713378,0.4730537444391166,-1.830972984266114,NA,NA,NA,NA,NA,NA
27169,Winona,Minnesota,4,-0.5024137949830912,0.10975299880745067,-1.046725434401809,-0.44660713902867205,0.13969811452723538,-1.0108292636165812,7.871554890699e-4,0.00166150226131825,-1.359133236772682,0.024671589452285696,-1.3838048262249678,-0.9045424853147855
27171,Wright,Minnesota,4,-0.39529004249211513,-0.6829328423382316,0.5400231852024184,-0.3481603398217607,-0.6826002252437794,0.6304966881954113,8.1359579054268e-4,0.00169012663836966,-1.169494323744395,0.14670319156973222,-1.3161975153141272,-0.8603500646223611
27173,Yellow Medicine,Minnesota,4,0.12417234382443969,-0.060347795377608926,0.2877034055931647,0.1162302007316806,-0.07457556507838341,0.3056881789588109,NA,NA,NA,NA,NA,NA
28001,Adams,Mississippi,4,0.6318634822771977,0.27365985412272253,0.5294384778847224,0.5487112316242172,0.26152330324186257,0.4169863801517251,0.00111194192925177,0.00110443244675191,0.9703465365886409,-2.350231516411143,3.320578052999784,2.170540142525741
28003,Alcorn,Mississippi,4,0.10851549503991609,0.044574914290628896,0.07524265187160338,0.10742856355059331,0.025754262668561023,0.11073884264259143,0.00108885021629567,0.00164886425924954,0.8047248492011426,-0.029206810669345516,0.8339316598704881,0.5451105545423935
28005,Amite,Mississippi,4,0.046051810394836634,0.06663347828772781,-0.06686153470370364,0.10468053739455403,0.0907385342739937,-0.010645317804566568,NA,NA,NA,NA,NA,NA
28007,Attala,Mississippi,4,0.394209854208198,-0.02811219618773495,0.675014104523763,0.44879232806539865,-0.03581884786558347,0.7862619529407494,0.00130809295165018,0.00159333685407838,2.3772089626966215,-0.2659315506450393,2.643140513341661,1.7277240573704837
28009,Benton,Mississippi,4,0.1589061693102278,-0.19929603263050433,0.5921161510449271,0.14934030096487774,-0.16985684397711062,0.5317812356445422,NA,NA,NA,NA,NA,NA
28011,Bolivar,Mississippi,4,0.2193807580828819,-0.11120203778718625,0.5349609791607145,0.2779182635424199,-0.11361009410436762,0.6433978978100778,0.00134255433682736,0.00120967571561751,2.6243778398434077,-1.9015578321356719,4.525935671979079,2.9584382302488366
28013,Calhoun,Mississippi,4,0.9691720405345938,-0.3413125963404184,2.1790384986041955,0.9066251217879019,-0.3126311449198386,2.041479544767886,0.00142720349704088,0.00131691894053047,3.2315106574542587,-1.4443579242087488,4.675868581663007,3.056443876844211
28015,Carroll,Mississippi,4,0.2647155061265511,-0.3532470845458026,1.0402603529339174,0.3173351715152329,-0.32342000115737946,1.0858408329295952,NA,NA,NA,NA,NA,NA
28017,Chickasaw,Mississippi,4,0.7778028442535789,-0.020053943365790628,1.292330397710783,0.7545397493767393,0.009741414164790529,1.210235932601713,0.00132940040404616,0.00130866376178643,2.5300333212212585,-1.4795514477600837,4.009584768981342,2.6209185741234466
28019,Choctaw,Mississippi,4,0.26624568522151576,-0.5796846723432039,1.4456589051095787,0.31464634743855663,-0.592190557295875,1.5646230516255266,NA,NA,NA,NA,NA,NA
28021,Claiborne,Mississippi,4,-0.8277756074668442,-0.2808692599335295,-0.8874940999135013,-1.3330685185810593,-0.2509769164440864,-1.7751569641399159,NA,NA,NA,NA,NA,NA
28023,Clarke,Mississippi,4,0.17514739768407603,-0.36811418483137315,0.9192222667094136,0.2028429198601759,-0.33966535173637374,0.9256105323525774,0.00146164730273883,0.001209724843162,3.478553448545022,-1.9013483913170495,5.379901839862072,3.5166446082240252
28025,Clay,Mississippi,4,0.06868634368883504,-0.21165789058641482,0.46554755826752736,-0.031196901966441832,-0.18185149307908416,0.2546308024136846,0.00131822402245499,0.00113295822654125,2.4498724781718395,-2.228620254685146,4.678492732856986,3.0581591882796526
28027,Coahoma,Mississippi,4,0.49970531612671176,-0.03400037049630846,0.8592072740603236,0.5585168195320326,-0.06170783908447701,1.0143582139408167,0.00142404835751986,0.00109890067832405,3.208880914376829,-2.373814582082129,5.582695496458959,3.649203387228023
28029,Copiah,Mississippi,4,-0.03522270554975739,-0.5975114994958615,0.9809555566961039,0.02158212583161066,-0.5674973525863931,1.035323690612102,0.00126870150257509,0.00147629343273967,2.094679975918629,-0.7649117100251911,2.8595916859438204,1.869210253909465
28031,Covington,Mississippi,4,0.14008104545824204,-0.6108240746679918,1.2933099273666329,0.18905306683537523,-0.5826747986768372,1.3397083236712553,0.00119275086876904,0.00105147195536864,1.5499359739027398,-2.576012975369018,4.125948949271757,2.6969815729270064
28033,DeSoto,Mississippi,4,0.29001318638292883,-0.9790938087283303,2.195426942498564,0.34908611634439324,-0.951244285810213,2.267161051195586,0.00103273776959765,0.00149369190275266,0.40226713100435435,-0.6907384567081224,1.0930055877124767,0.7144576836528956
28035,Forrest,Mississippi,4,0.29929948014380897,-0.3555489417638889,1.1013044467968838,0.30512884006940033,-0.331308983958729,1.07982814834313,0.00102090205095581,0.00144527930705815,0.3173772964289855,-0.8971313016826912,1.2145085981116766,0.7938797473116423
28037,Franklin,Mississippi,4,0.6670886428517355,-0.6484729439530301,2.2281060199406673,0.6881501758060926,-0.6267798096840537,2.2448098211186855,NA,NA,NA,NA,NA,NA
28039,George,Mississippi,4,0.27869152800799657,-0.6987901928649229,1.678066295693133,0.33507488508361954,-0.6689761663134659,1.736479302022972,8.2729593465057e-4,0.0018145894102704,-1.071232190098686,0.6773135671858361,-1.7485457572845222,-1.1429602607294533
28041,Greene,Mississippi,4,0.49611314601925,-0.10317947249718222,0.9763759218906061,0.4711540845666706,-0.1712774986415515,1.0668070265727834,NA,NA,NA,NA,NA,NA
28043,Grenada,Mississippi,4,0.3415318260157418,-0.33017380228505716,1.1256998898574553,0.372501069655155,-0.326382282545956,1.182444044707181,NA,NA,NA,NA,NA,NA
28045,Hancock,Mississippi,4,-0.30552304504978417,-0.13971628547479936,-0.27865310974656976,-0.3707968956782464,-0.10994149797075137,-0.4365589947882324,0.0011066631868188,0.00153899301133575,0.9324855848829542,-0.49761052074772816,1.4300961056306822,0.9348013976472933
28047,Harrison,Mississippi,4,0.019464302456891087,-0.2706434666882515,0.48944219790882476,0.06872202115310846,-0.25520570504582335,0.5518420473703449,0.00102970380839386,0.00159898321545659,0.38050652039070176,-0.2418599516761068,0.6223664720668085,0.4068181471484349
28049,Hinds,Mississippi,4,0.9490918554884819,-0.21406350641598354,1.9195707380338287,0.927831733062598,-0.20143263726732324,1.8766405677482818,0.00109082744803952,0.00134100164642719,0.8189062335962759,-1.3416883996066309,2.1605946332029067,1.4123015054128865
28051,Holmes,Mississippi,4,0.10025349454164167,0.012695296693128012,0.11835817804750128,0.15805460503107518,0.003014191041887315,0.23538954758128958,0.00133057557424119,0.00103142418346839,2.5384620450252657,-2.661480747103535,5.199942792128801,3.3990119759289046
28053,Humphreys,Mississippi,4,1.3475044775608709,-0.2699963913502175,2.6751435107068944,1.3707597718817883,-0.3208319607714599,2.82417902978151,0.00139694120985125,0.00110539903942247,3.0144591516573436,-2.3461107332069684,5.3605698848643115,3.50400801794173
28055,Issaquena,Mississippi,4,0.4342459435078683,2.903777656812523,-4.475491894050175,0.05419355825967568,2.3865898834992967,-4.221965018974644,NA,NA,NA,NA,NA,NA
28057,Itawamba,Mississippi,4,-0.4039272171260471,-0.4680824514916848,0.1435377066319159,-0.3490626760331165,-0.45090967415275396,0.21243987364900008,9.6708183143731e-4,0.00177660763283909,-0.06863978204266274,0.5153894441599789,-0.5840292262026416,-0.3817584949511705
28059,Jackson,Mississippi,4,0.20233857499315203,-0.33956183913632054,0.9131968699187007,0.25964005028410736,-0.31146892308474705,0.9688915371452567,0.00104454574483977,0.00157569924587015,0.4869579803990114,-0.3411242992349725,0.828082279633984,0.5412870291171263
28061,Jasper,Mississippi,4,-0.03653896665726087,-0.3124199907112436,0.47155192073532937,0.01826334082768191,-0.3074825156395974,0.5623434967085726,NA,NA,NA,NA,NA,NA
28063,Jefferson,Mississippi,4,0.41638214902097936,-0.46631820024480286,1.4911829260772802,0.4310526595873762,-0.4546952717364861,1.5100212317289325,NA,NA,NA,NA,NA,NA
28065,Jefferson Davis,Mississippi,4,0.2972061438365361,-0.3375516636420075,1.0658365554757547,0.35626837807117795,-0.3113593967062841,1.1285753862472574,0.00127581537127237,0.00115132065892568,2.1457030827681107,-2.1503374316696178,4.2960405144377285,2.808164193604828
28067,Jones,Mississippi,4,0.4909460912619031,-0.5950519145378241,1.8430092618924818,0.47788226055504546,-0.5732489334460629,1.8006566663609733,0.00120676109941399,0.0014286795400085,1.6504221545735298,-0.967899520121367,2.6183216746948967,1.7115008923932278
28069,Kemper,Mississippi,4,-0.2615962281202909,-0.5275298373413264,0.4836798802699671,-0.2362816944981804,-0.5065382936482494,0.4990632124162986,NA,NA,NA,NA,NA,NA
28071,Lafayette,Mississippi,4,-0.49952598240466467,-0.1749887628835181,-0.5353562332184922,-0.46986641066526236,-0.1466239178645398,-0.5345264517147263,8.3346029538389e-4,0.00153717939240946,-1.02701928011411,-0.5053423509569307,-0.5216769291571793,-0.3410010841763803
28073,Lamar,Mississippi,4,0.0022640331224487533,-1.0725163626115857,1.8878150201003463,0.05398903239774313,-1.0818736987489375,2.0137576019256302,0.00103589637280381,0.00142679027477341,0.42492171681989443,-0.9759538460914569,1.4008755629113514,0.9157010000820565
28075,Lauderdale,Mississippi,4,0.741473007629765,-0.3017873080613553,1.7337682618783226,0.7240770539445934,-0.2834873400338273,1.687037808748233,0.00115660692625593,0.00134428902853422,1.290699218308273,-1.32767361407706,2.618372832385333,1.711534332300051
28077,Lawrence,Mississippi,4,0.3431682572866901,-0.6080802123945948,1.6228469804919299,0.39174245475394115,-0.59165920069062,1.6912305599536512,NA,NA,NA,NA,NA,NA
28079,Leake,Mississippi,4,0.35095805016195686,-0.36542349697603055,1.2039382578078093,0.39696744592728167,-0.34992846719764825,1.2652604286768638,0.00120407850537743,0.00124621856635354,1.6311816698266688,-1.7457681493332375,3.3769498191599063,2.207388299504037
28081,Lee,Mississippi,4,-0.11784769629679609,-0.6704906095082304,0.9747437058541533,-0.06549096479385237,-0.6409935715874243,1.0233941608853945,0.0010116473201465,0.00148595916245623,0.25099919204716686,-0.7237047177882052,0.974703909835372,0.6371282137046034
28083,Leflore,Mississippi,4,0.4690636764061397,0.35641311311851487,0.11412486256622278,0.515543566132046,0.32496736433065554,0.24803922310810056,0.00121181492599053,0.00117099927934878,1.6866699325950916,-2.0664434285484665,3.753113361143558,2.4532726169326193
28085,Lincoln,Mississippi,4,0.6683775557417887,-0.7644171768399658,2.436516977753223,0.6876365207317395,-0.7608569651474562,2.4850215135386406,0.00113538503485149,0.00125243375623535,1.1384885325683425,-1.7192715175505007,2.857760050118843,1.868012980717525
28087,Lowndes,Mississippi,4,0.2738816129749422,-0.08569902140377081,0.5793311689280429,0.20438277486900702,-0.06013429018074081,0.42558057987007153,0.0012066266335091,0.00138824369147777,1.6494577189724842,-1.140285852593197,2.789743571565681,1.823553102137195
28089,Madison,Mississippi,4,-0.032475435447743374,-0.731557147900783,1.2239740824086338,0.011162616228615141,-0.7307811270044503,1.3116567128649375,0.00104304155621491,0.00146221845025229,0.47616942354002045,-0.8249162529930664,1.301085676533087,0.8504720096035966
28091,Marion,Mississippi,4,0.38909438513117767,-0.10003769056642794,0.7945607661767204,0.36146549861714794,-0.0712884107006052,0.7055432531779464,0.00114079887206293,0.00128914478342115,1.1773184303721378,-1.5627648639798633,2.740083294352001,1.7910919994433812
28093,Marshall,Mississippi,4,0.7434685985445005,-0.78953620819484,2.6048595368915812,0.79479055783092,-0.7629259304853064,2.6660379306100066,0.00114697484911642,0.00172302274780196,1.221614656590179,0.28694606673325207,0.934668589856927,0.610958592709375
28095,Monroe,Mississippi,4,0.04499115250296067,-0.6060797703804199,1.1282865430902818,0.10367266473341798,-0.5788256041127607,1.1915177283999696,0.00131875612119121,0.00148994097806485,2.453688872854948,-0.7067294195246496,3.160418292379598,2.0658495783845434
28097,Montgomery,Mississippi,4,0.8200924929748344,0.6198949200969477,0.22336768291970155,0.7655043736531636,0.5120931072038098,0.32518385569022046,0.00142529584052626,0.00113857366954069,3.217828290472313,-2.2046804671191107,5.422508757591423,3.544495188395542
28099,Neshoba,Mississippi,4,0.6779869343893202,-0.4665141697031105,1.9223100570840854,0.7298178224064643,-0.4539910651230955,2.003090528997434,0.00110459408535817,0.00144049818454557,0.91764527936136,-0.9175142095476224,1.8351594889089824,1.1995764818765506
28101,Newton,Mississippi,4,0.45810150517178627,-0.24649292346045967,1.1687670241564048,0.5168285039093039,-0.21692142753242374,1.2244443748432008,0.00143550488988768,0.00124242393860895,3.291051094907616,-1.7619454272624637,5.05299652217008,3.3029585862331894
28103,Noxubee,Mississippi,4,0.9409042930364474,-0.5891208406847193,2.57339227892032,0.993484945620508,-0.5627171478192087,2.6348349762405006,0.00134926256885403,0.00128195923178034,2.672491581329635,-1.5933983473654,4.265889928695035,2.788455861010128
28105,Oktibbeha,Mississippi,4,-0.16130134472674376,-0.8758059365496191,1.2684876172060937,-0.10389295794905924,-0.9338193965300938,1.4863352735753015,8.9843118199986e-4,0.00149982956216968,-0.5610257917637225,-0.6645723532304825,0.10354656146676,0.06768459126599002
28107,Panola,Mississippi,4,0.1798049982440918,-0.46523743089351954,1.0996939734368463,0.23877243258442124,-0.44528908801852723,1.1749636086812663,0.00123344158061689,0.00138746794282484,1.8417837190246173,-1.1435930285288505,2.9853767475534676,1.951431337466639
28109,Pearl River,Mississippi,4,0.8597152746494654,-0.4510911524883744,2.1941171443296996,0.8994322553538877,-0.4253884818935738,2.232308265962579,9.779347732716e-4,0.0015926162395491,0.009201240108041454,-0.2690036784806671,0.27820491858870855,0.18185235642913913
28111,Perry,Mississippi,4,1.0107442630625687,-0.43470540377534916,2.413659432785778,1.0627609714131112,-0.4605388704686978,2.5657491821540512,NA,NA,NA,NA,NA,NA
28113,Pike,Mississippi,4,0.6095712988586613,0.252573598308042,0.530247230033096,0.6289920957015883,0.2528318500863166,0.5654453549263101,0.00118813216249979,0.00133034024098286,1.5168090280016422,-1.3871401620976924,2.9039491900993344,1.8982051282521468
28115,Pontotoc,Mississippi,4,1.2684538949166642,-1.0857895795919894,3.9964359242129177,1.2965414053060549,-1.093698113798586,4.090938320919129,9.1542256708201e-4,0.00138964643085972,-0.43915774872566504,-1.1343056863235461,0.6951479375978811,0.4543927230342007
28117,Prentiss,Mississippi,4,0.5631055954163134,-0.24035858356701212,1.3307605485617358,0.5575133665347931,-0.2133921603049725,1.2854159725654257,0.00111236681692502,0.00145665057352967,0.9733939767472651,-0.8486532557454212,1.8220472324926864,1.191005480545939
28119,Quitman,Mississippi,4,0.8893814427323431,0.10053035025350847,1.2615201039943658,0.9358780538878576,0.07416261128805472,1.3944525059743,NA,NA,NA,NA,NA,NA
28121,Rankin,Mississippi,4,0.08699216595163313,-0.657011551730281,1.28806669597209,0.14502017161878808,-0.6316861033798528,1.354970689450306,8.2655963038681e-4,0.00157098597159135,-1.0765132168820337,-0.36121795613545,-0.7152952607465837,-0.4675622895857836
28123,Scott,Mississippi,4,0.6691507784761098,-0.7600049463552657,2.429939963846536,0.6994342226072016,-0.7300595783732468,2.4491703332230133,0.00130159120892948,0.00127331373170759,2.33057623335303,-1.6302558909580287,3.9608321243110587,2.589050757549899
28125,Sharkey,Mississippi,4,1.2871602020979656,-0.5349560349599607,3.047193476964762,1.3349504313433733,-0.5184771600053305,3.120281657856415,NA,NA,NA,NA,NA,NA
28127,Simpson,Mississippi,4,1.166487298480814,-0.5766826819911307,2.9227244888200037,1.0641619776155191,-0.5487628409827938,2.7266879638842294,0.00121173622784172,0.00130319900153666,1.6861054824728787,-1.5028488437966665,3.1889543262695454,2.0845025376217614
28129,Smith,Mississippi,4,0.6329444721289805,-0.03575747633661169,1.0817353167760002,0.6840717126909327,-0.005872358800327359,1.1217123545502734,9.6064944509178e-4,0.00123016218187213,-0.11477506366946681,-1.814219816210077,1.6994447525406102,1.1108647339464774
28131,Stone,Mississippi,4,0.14908543368174218,-0.7087561136538427,1.4823783955858139,0.18233255533931234,-0.6815094024871537,1.5062864761670622,NA,NA,NA,NA,NA,NA
28133,Sunflower,Mississippi,4,0.20010189283765747,-0.08535940042668429,0.4572355798333671,0.23137862187209723,-0.11193947660717371,0.5633899724304274,0.00128311953872332,0.00134568310491501,2.1980910775646425,-1.321730379961734,3.519821457526376,2.3007782519018414
28135,Tallahatchie,Mississippi,4,0.18824900061651675,-0.1816318114522233,0.6090060357583063,0.22226222512149577,-0.19494349562648364,0.6975415925494711,0.00127360325913867,0.00107375521694265,2.1298370556366337,-2.481014851727944,4.6108519073645775,3.013944860333885
28137,Tate,Mississippi,4,0.40963403243143515,-1.0854807959779018,2.581688020574259,0.4584274039193948,-1.0657162058645484,2.653889331004874,0.00133460186093795,0.00131512427060683,2.5673399545112776,-1.4520089709253448,4.019348925436622,2.627301045249202
28139,Tippah,Mississippi,4,0.5272117085769785,-0.6316335386729316,1.9678132040112728,0.5429050178947361,-0.6019638292952743,1.9598704352285115,0.00104923621770531,0.00157954087956041,0.520599660949644,-0.3247466252989146,0.8453462862485587,0.5525718773512801
28141,Tishomingo,Mississippi,4,-0.32839894427133204,0.027745709579169175,-0.6142715009060504,-0.26963678435445154,0.049949875039928135,-0.5566537440083308,0.00100392923458622,0.00160909261120123,0.19564243456776953,-0.19876151998126115,0.39440395454903066,0.257807406438225
28143,Tunica,Mississippi,4,0.30825259764719615,-0.09493968539475939,0.6523700965223829,0.14136363115578635,-0.09610222979705345,0.385977308403933,0.00129224198040772,0.00102642959541222,2.263520358958221,-2.6827737024512235,4.946294061409445,3.2332110992924714
28145,Union,Mississippi,4,0.3044601174860083,-0.5498761444242469,1.455550238143286,0.2438849727341896,-0.5204064147515455,1.3184786249102223,0.00112618873325248,0.00145780757436024,1.072529502528085,-0.843720723423335,1.91625022595142,1.2525825239355841
28147,Walthall,Mississippi,4,0.13589649981337878,0.11931880530065182,-0.012654379439646674,0.1928445609099846,0.1174549193967455,0.08719621597000182,NA,NA,NA,NA,NA,NA
28149,Warren,Mississippi,4,0.19326460283711855,-0.19857070485796197,0.6474028706217558,0.2161732375864824,-0.17753956718085653,0.6561757061475764,0.00114228012087702,0.00134331086769109,1.1879424550383335,-1.3318437147783364,2.51978616981667,1.647091845116348
28151,Washington,Mississippi,4,0.6954979488116457,0.05145083057274745,1.0295792210494068,0.6792166653660633,0.053670576836551374,1.006625077992891,0.0012998010751818,0.00106951615199642,2.3177367799740742,-2.4990868567864046,4.816823636760478,3.148581029020049
28153,Wayne,Mississippi,4,0.12039098661876778,0.05308286807376639,0.07966035300859645,0.1671585573279264,0.08305548210059362,0.10654411979204681,0.00112423298515683,0.00100294717192711,1.058502206228229,-2.782884099765431,3.84138630599366,2.5109734049393997
28155,Webster,Mississippi,4,0.17256436509236475,-0.5166688975275094,1.1792781048279821,0.19370974442947717,-0.4869026812680679,1.1752215031880437,NA,NA,NA,NA,NA,NA
28157,Wilkinson,Mississippi,4,-0.10144646976684157,0.4470425498173623,-0.9865691358742329,-0.04276769699893618,0.39771608879472453,-0.8065371750158679,NA,NA,NA,NA,NA,NA
28159,Winston,Mississippi,4,-0.09737484893773145,-0.026281505784199587,-0.13772406368785278,-0.08241246563627154,-0.004241257354240436,-0.1494413185636436,0.00108062911099681,0.00119923582507473,0.7457602615858342,-1.946065231076725,2.6918254926625593,1.7595476435857158
28161,Yalobusha,Mississippi,4,0.9581518013089957,-0.10466860934849372,1.7398536127115272,0.8089611724016083,-0.07618386822682657,1.454769158490642,0.0014332118109075401,0.0010052468232181,3.274604345776203,-2.7730802136984276,6.0476845594746305,3.953149691456341
28163,Yazoo,Mississippi,4,0.7038322542279208,0.2694528472634046,0.6554328926056112,0.7610370719328432,0.19301892290130626,0.8914659073180622,0.00106178047889654,0.00118794201073076,0.6105714057686972,-1.9942130826766524,2.6047844884453495,1.7026521300083335
29001,Adair,Missouri,4,-0.4098112438457841,0.2413466776026552,-1.1283710908846858,-0.37125463357087835,0.2701751258031466,-1.1207401375321593,6.782476699985e-4,0.00181466495795859,-2.140257478122345,0.6776356425067951,-2.81789312062914,-1.8419534304116796
29003,Andrew,Missouri,4,-0.052881793501386186,-0.1824788951659996,0.2134487509037652,-0.0028430799971324214,-0.1675209529185508,0.27577956684422633,NA,NA,NA,NA,NA,NA
29005,Atchison,Missouri,4,-0.5136775577035365,0.7584273962102445,-2.2193978069535145,-0.48265645091057685,0.787058480057983,-2.234386080874382,NA,NA,NA,NA,NA,NA
29007,Audrain,Missouri,4,0.011407769930088693,0.3143693822949398,-0.5646819716856709,0.07047555685132788,0.311008028142013,-0.463270246590217,NA,NA,NA,NA,NA,NA
29009,Barry,Missouri,4,0.3945694602314531,-0.13771381338014954,0.8706099822641672,0.4536121839677947,-0.11210400117335632,0.9313923677653864,0.00116724840404935,0.00187988574475579,1.36702354781096,0.9556852604924795,0.41133828731848054,0.26887675896549784
29011,Barton,Missouri,4,-0.30082759548736687,-0.172673091562577,-0.2122843156893816,-0.2610030638456483,-0.1438713710644693,-0.19389104619516948,NA,NA,NA,NA,NA,NA
29013,Bates,Missouri,4,-0.13520391044180913,0.09239289384506126,-0.41116235252759736,-0.08694617348584861,0.12173956091816898,-0.3834476913607001,9.1384028848329e-4,0.00152128673824866,-0.45050639366748224,-0.5730960018279246,0.1225896081604424,0.08013233278114254
29015,Benton,Missouri,4,-0.19895618940275903,0.449730313586363,-1.1519181852080722,-0.14409843342588166,0.4789984094851625,-1.1203385984519232,NA,NA,NA,NA,NA,NA
29017,Bollinger,Missouri,4,0.34335321052196655,-0.02416381792305968,0.5842446892313985,0.3883799355421616,0.0033457601812542648,0.6158886016667064,NA,NA,NA,NA,NA,NA
29019,Boone,Missouri,4,-0.41028697312563905,-0.038205279719478714,-0.6317742799724938,-0.395035526802438,-0.02128362250230722,-0.6360649332594378,8.5986812575977e-4,0.00184218349310743,-0.8376132609326388,0.7949528133261614,-1.6325660742588002,-1.0671485936923473
29021,Buchanan,Missouri,4,0.057454433466442224,0.43707357665354724,-0.7071739024510785,0.10771667278772146,0.40626212611177576,-0.5729116472487772,9.9139366706872e-4,0.0016802623964934,0.10573304375924465,0.1046499011986596,0.0010831425605850459,7.080105843919552e-4
29023,Butler,Missouri,4,0.25830872550865536,0.38316769420403635,-0.2805222484456582,0.2896001870916577,0.3653716607816052,-0.19844978379568323,9.5090798295009e-4,0.00173482077183013,-0.18464417214987272,0.33724346783972614,-0.5218876399895989,-0.34113881812297986
29025,Caldwell,Missouri,4,-0.06483395102409906,0.4670445417403875,-0.9618678003715032,-0.006632711320658458,0.4869265627893163,-0.907142749690156,NA,NA,NA,NA,NA,NA
29027,Callaway,Missouri,4,-0.6432788072284088,-0.09734209618203456,-0.9102199583054222,-0.693760570800365,-0.07190435313432082,-1.0393213434226285,0.00115817725624687,0.00198555922657287,1.3019621637358867,1.406193030995451,-0.10423086725956421,-0.06813189687644287
29029,Camden,Missouri,4,-0.19914550643129128,0.06122045833178606,-0.46099133141665627,-0.16401851711127075,0.09056260229476128,-0.4549171775008187,0.00108159230522591,0.00212700638675138,0.7526686210396654,2.0092113443912507,-1.2565427233515853,-0.8213559140310973
29031,Cape Girardeau,Missouri,4,-0.24015496117524693,-0.26395226626784135,0.050028232874601286,-0.1885650948173743,-0.24093997775339826,0.10048720803327743,9.1034753266268e-4,0.00173647024675741,-0.475557636671485,0.34427551844704685,-0.8198331551185318,-0.5358948788301311
29033,Carroll,Missouri,4,0.3362539701284752,-0.18031502825418214,0.8503795189645718,0.35735060557322146,-0.16843669503308448,0.8734007620893371,NA,NA,NA,NA,NA,NA
29035,Carter,Missouri,4,0.4095191839734662,0.8910421549825553,-0.935140211121621,0.4573186043085748,0.8342409563198327,-0.7639387151554909,NA,NA,NA,NA,NA,NA
29037,Cass,Missouri,4,-0.5724361386723317,-0.3990922382686565,-0.25668969845371026,-0.618330495092778,-0.38061610292821113,-0.3594724230572426,9.8391786691353e-4,0.0017030137641371,0.05211404032592751,0.2016436572177788,-0.1495296168918513,-0.09774202888170572
29039,Cedar,Missouri,4,0.08225110966796079,0.32514829309302706,-0.4672037963462208,0.11030329104959813,0.35455023436046706,-0.47565738555165527,NA,NA,NA,NA,NA,NA
29041,Chariton,Missouri,4,-0.06286125198618893,0.12156040810403765,-0.343932375705282,-0.01744204776960841,0.14718718117203794,-0.31419958271757276,NA,NA,NA,NA,NA,NA
29043,Christian,Missouri,4,0.5440039197405057,-0.605328934240218,1.9486632657262295,0.5631516031196204,-0.6081163724852732,2.0044321916811874,9.5152755974965e-4,0.0018647857736463,-0.18020035478541982,0.8913109803777104,-1.0715113351631302,-0.7004076787298711
29045,Clark,Missouri,4,-0.9447603908960116,0.5001865088972359,-2.4697883673244783,-0.9483182287660931,0.528153231186931,-2.539373852087183,NA,NA,NA,NA,NA,NA
29047,Clay,Missouri,4,-0.3100774321215701,-0.19677658496299688,-0.1846307535622867,-0.2801278858962341,-0.16995638311769165,-0.17863581239901333,9.4605381618735e-4,0.00182461976149211,-0.21945992148963492,0.7200750158345732,-0.9395349373242081,-0.6141395456508905
29049,Clinton,Missouri,4,0.07920829771426359,0.20879651915373088,-0.2652006891900669,0.12973914334462686,0.21593448852268887,-0.19427725739844856,9.7149401146525e-4,0.00178558354751703,-0.036994113197129495,0.5536556131197875,-0.590649726316917,-0.3860860731716701
29051,Cole,Missouri,4,-0.1811614895877419,0.15090096908235484,-0.5909374677168948,-0.136238943682121,0.18074206004909418,-0.5710897441430867,0.00124473146342317,0.00201864897692141,1.9227586317276308,1.5472614371810733,0.3754971945465575,0.2454487505369144
29053,Cooper,Missouri,4,0.1746703462272766,-0.007340713965501916,0.27654682769393646,0.2332260212531163,0.0219444737447618,0.32573245659287126,0.00107245188287261,0.00161325742048281,0.6871103761201143,-0.18100608208187874,0.868116458201993,0.5674559040141962
29055,Crawford,Missouri,4,0.43694343039138145,-0.07494788276998002,0.828712759815303,0.38262327224602893,-0.04623781292170124,0.6955115376974345,NA,NA,NA,NA,NA,NA
29057,Dade,Missouri,4,0.04302725918039727,0.26968120829745673,-0.43310548723150655,0.09476212488301787,0.29508142179178803,-0.39445085473261204,NA,NA,NA,NA,NA,NA
29059,Dallas,Missouri,4,-0.016602803598386673,-0.26871618276895975,0.4266223079318706,0.02738489387198102,-0.24102909915562912,0.45795726304672113,NA,NA,NA,NA,NA,NA
29061,Daviess,Missouri,4,0.6769804419925732,0.06957537149819389,0.9668396069682472,0.7101694281534465,0.08540638694777729,1.0007805488826031,NA,NA,NA,NA,NA,NA
29063,De Kalb,Missouri,4,-0.9194195923638547,0.7941838908561725,-2.9511418209782887,-1.037591729530785,0.8010446507374704,-3.1777255260764905,NA,NA,NA,NA,NA,NA
29065,Dent,Missouri,4,-0.2774169542208147,0.4551601556180305,-1.2907784864446308,-0.23076520556923108,0.46573187294026236,-1.2398846979342393,NA,NA,NA,NA,NA,NA
29067,Douglas,Missouri,4,-0.3526841369535025,0.16377197331456803,-0.8962799386137217,-0.3924241027300961,0.19006077903785207,-1.0117269071895556,NA,NA,NA,NA,NA,NA
29069,Dunklin,Missouri,4,0.47914786762696376,0.19829468650701146,0.41205532655006993,0.5252489106467289,0.17174939445510365,0.5395731027074251,0.00103766082204717,0.0014863967683814,0.4375769521222924,-0.7218391137944943,1.1594160659167867,0.7578677786803457
29071,Franklin,Missouri,4,0.09143068085838785,-0.2854176094421961,0.6342337700903748,0.15044833601404753,-0.26096213841404914,0.6974156926567028,9.6150781013519e-4,0.00177627246137507,-0.10861857509911818,0.5139605393259993,-0.6225791144251175,-0.40695714366270236
29073,Gasconade,Missouri,4,-0.06377893912299114,0.038877363542740254,-0.19833344016081172,-0.004705567241940212,0.06552213367999998,-0.1462976756421958,NA,NA,NA,NA,NA,NA
29075,Gentry,Missouri,4,0.19440350052443223,0.40782175458446457,-0.4296181052828221,0.19197984436467785,0.41987796142196965,-0.4579705491575801,NA,NA,NA,NA,NA,NA
29077,Greene,Missouri,4,-0.30942371700565763,0.17158452765555463,-0.8389441543927054,-0.2526762501842275,0.2015997414669511,-0.8012470448991817,9.4022578420426e-4,0.00194324823148115,-0.26126056629336764,1.2258125633628232,-1.4870731296561908,-0.9720451895037459
29079,Grundy,Missouri,4,-0.002199528049694551,0.5338886181331473,-0.9776584671402782,-0.002980372223141329,0.5624939304848116,-1.0369645815061672,NA,NA,NA,NA,NA,NA
29081,Harrison,Missouri,4,-0.5889504973423152,0.3201283428476146,-1.5635242125353805,-0.5298803390680183,0.3315830037649594,-1.4936086504756771,NA,NA,NA,NA,NA,NA
29083,Henry,Missouri,4,-0.24419774913250106,0.4997873315417059,-1.3154780863809945,-0.18592462014568847,0.5209439666204536,-1.26495925913963,0.00111062357650421,0.00149189506346396,0.9608908583962994,-0.6983987518738066,1.659289610270106,1.0846167895115548
29085,Hickory,Missouri,4,0.15152263865704008,1.3006842038821405,-2.08881416608597,0.13563522001354414,1.2979527562548454,-2.129916706517188,NA,NA,NA,NA,NA,NA
29087,Holt,Missouri,4,0.5096260942763982,0.6478513227230858,-0.33761021599019825,0.5641231690332046,0.6774527703045718,-0.3053259239488533,NA,NA,NA,NA,NA,NA
29089,Howard,Missouri,4,-0.21186105044236878,-0.05260001093415504,-0.2794197945720926,-0.1548195793633215,-0.02327720010585673,-0.2350204562944422,8.5585199503872e-4,0.00157010766931062,-0.8664183282766518,-0.3649623392627536,-0.5014559890138981,-0.32778339689420605
29091,Howell,Missouri,4,0.026707868251289273,0.0696413758504765,-0.1040664160725106,0.06725938907699346,0.09727275359967522,-0.08431025206418556,0.00114278912784711,0.00177477478769324,1.1915932276526722,0.50757564862551,0.6840175790271622,0.4471172156698652
29093,Iron,Missouri,4,0.043494251831182384,0.15542640922097722,-0.22905381492745977,0.05608767981141716,0.17450663147131137,-0.24165615523191197,NA,NA,NA,NA,NA,NA
29095,Jackson,Missouri,4,-0.23979656101710398,0.2120836822074898,-0.7963470405144555,-0.18073729652393244,0.22237567874345418,-0.7195709140974444,0.00102667910049942,0.00174021830869626,0.3588122776862378,0.360254276776418,-0.0014419990901802238,-9.425819422912577e-4
29097,Jasper,Missouri,4,0.12237924427254639,0.09095051562769418,0.015560070095206047,0.1808445525316346,0.10208297783478301,0.09497876218268217,8.6372772133267e-4,0.00168575507172275,-0.8099309173736188,0.12806630453014736,-0.9379972219037661,-0.6131343974524209
29099,Jefferson,Missouri,4,-0.4520668010486584,-0.5373579344195127,0.18752265489691966,-0.4508213222003321,-0.5077128402598987,0.14619872288975322,9.5355388830808e-4,0.00173169569237112,-0.1656668311924898,0.32392061185434046,-0.4895874430468302,-0.32002536349045557
29101,Johnson,Missouri,4,-0.1577651429281399,-0.2601207094060477,0.17888048886556251,-0.2184972418950274,-0.2598658910949756,0.08498912206022219,8.6137996090006e-4,0.00145970664605589,-0.8267698606416951,-0.8356245904964992,0.008854729854804066,0.005788012296144069
29103,Knox,Missouri,4,-0.2865463556086968,1.0603985382835857,-2.382654690542626,-0.25371615217298493,1.0856564220825704,-2.3924412953133496,NA,NA,NA,NA,NA,NA
29105,Laclede,Missouri,4,0.27226609748653524,-0.2729238298070094,0.9097822144943526,0.32903151486637866,-0.24291625707348374,0.960453304000779,NA,NA,NA,NA,NA,NA
29107,Lafayette,Missouri,4,0.056485646278497566,-0.3112328704379412,0.6226212378428538,0.11252598860697893,-0.28376393754840784,0.6756656377298966,0.00104727970853167,0.00158303271959894,0.5065669059373417,-0.3098601935881264,0.8164270995254681,0.5336684651532264
29109,Lawrence,Missouri,4,0.35652062074147445,0.06112411028459443,0.4541824637570777,0.4153656177841813,0.08411182491129189,0.515327105272823,0.00112536416049363,0.00207872049820501,1.0666153838157078,1.8033586780294597,-0.736743294213752,-0.48158208278915915
29111,Lewis,Missouri,4,-0.1494263848284299,0.2956927054328402,-0.7962941671234032,-0.09426679163290985,0.3230558134347473,-0.7575132467643177,9.3113190261418e-4,0.00136376966637022,-0.3264850048923801,-1.2446236514131654,0.9181386465207854,0.6001535747299426
29113,Lincoln,Missouri,4,-0.6156209989748139,-0.6992010004448759,0.20615375440627037,-0.6784348376053485,-0.6819711375666595,0.08289502342634436,0.00104230110349388,0.00169659411163271,0.47085864259792176,0.17427535925478846,0.29658328334313333,0.19386561972750432
29115,Linn,Missouri,4,0.17764523368820614,0.23161664618531813,-0.14370857611475707,0.1707301192202767,0.26163123275081795,-0.20861341466844074,NA,NA,NA,NA,NA,NA
29117,Livingston,Missouri,4,-0.30334156956635344,0.16154165385785668,-0.8110604957041652,-0.2489317141993035,0.1876876533226998,-0.7700383676202383,0.00115794435689018,0.00168445246853351,1.3002917296490004,0.12251303942953894,1.1777786902194616,0.769870753022439
29119,McDonald,Missouri,4,0.2790355581819334,-0.4880459556026867,1.3036756444750321,0.30679821579819194,-0.4587080009339323,1.3116450354509155,NA,NA,NA,NA,NA,NA
29121,Macon,Missouri,4,0.030770098932083007,0.23401163549519394,-0.38982559038861986,0.06675433327359699,0.26402557660248205,-0.3849561209312981,0.00115280854619705,0.00199891664514197,1.2634559334169917,1.4631384515093393,-0.1996825180923476,-0.1305251418163535
29123,Madison,Missouri,4,0.41331961291577635,-0.50195412958671,1.5495435361281094,0.4721878635390601,-0.5231684274974022,1.7011934092064354,NA,NA,NA,NA,NA,NA
29125,Maries,Missouri,4,0.223755792378227,0.09641367519260624,0.1727743732443797,0.2727306221132544,0.12269957497117649,0.20994577851113125,NA,NA,NA,NA,NA,NA
29127,Marion,Missouri,4,-0.30013606570745965,-0.03411033739336759,-0.4576771065709083,-0.2432221668863522,-0.004964182300365283,-0.41421651313405156,8.3080368493962e-4,0.00173115792459055,-1.0460734016228843,0.321627997286267,-1.3677013989091513,-0.8940162652219771
29129,Mercer,Missouri,4,1.3706210727950234,0.3693649947369998,1.5756542212204825,1.3262369879711677,0.39862012950065095,1.4569860405300847,NA,NA,NA,NA,NA,NA
29131,Miller,Missouri,4,0.04448824179327463,-0.04444218538903209,0.1281901270857715,0.10355748552172038,-0.015074054441487971,0.17774030574879893,9.9135162267628e-4,0.00181887218236075,0.10543148695250884,0.6955719047821664,-0.5901404178296575,-0.38575315688454137
29133,Mississippi,Missouri,4,0.08563318511429545,0.2556577824055454,-0.33799676219257313,0.1403918773641409,0.2387687729509777,-0.21770578100026206,NA,NA,NA,NA,NA,NA
29135,Moniteau,Missouri,4,-0.18994457706377402,0.34789840152649376,-0.9558991483309869,-0.1326659109804592,0.37556875324028416,-0.9154629316497715,0.00104733276189338,0.00187598411953365,0.5069474228485241,0.939051830326839,-0.4321044074783149,-0.28245081043847053
29137,Monroe,Missouri,4,0.05489488219433399,0.5674997158583835,-0.9434434678440664,0.08555601237936024,0.5972603139819342,-0.9529802890527148,NA,NA,NA,NA,NA,NA
29139,Montgomery,Missouri,4,-0.06987393117204437,0.053931046355564206,-0.2351535051975588,-0.04353784513297789,0.08304845308586623,-0.2420605046232146,NA,NA,NA,NA,NA,NA
29141,Morgan,Missouri,4,0.6375253224185325,0.7063467298812476,-0.23107686726244858,0.6794790141887148,0.721645835351737,-0.1939148107238189,NA,NA,NA,NA,NA,NA
29143,New Madrid,Missouri,4,-0.16165979757969026,0.504160793319145,-1.1873460625764556,-0.10712886143431204,0.45762792153001425,-1.0207462408214385,0.00112139443136905,0.0013863944432536,1.0381431246405588,-1.1481695778216272,2.1863127024621862,1.429112464476202
29145,Newton,Missouri,4,0.08284058008915728,-0.28365870711358154,0.6169592052718633,0.141339504544049,-0.264943524459062,0.6895025242157815,0.00104771093013566,0.00175330159988101,0.5096597752202106,0.41603103591345114,0.09362873930675941,0.0612016745023665
29147,Nodaway,Missouri,4,-0.311597392696805,0.2592116263574959,-0.9984300494014733,-0.25253439999245336,0.27960233329557127,-0.9412556818560971,7.5964828681148e-4,0.00171903871749806,-1.5564243282568804,0.2699613267685649,-1.8263856550254451,-1.1938413483112194
29149,Oregon,Missouri,4,0.3616926803557829,0.2528056067438774,0.1216585351815892,0.4108123640174086,0.27757090726905354,0.15996707398254262,NA,NA,NA,NA,NA,NA
29151,Osage,Missouri,4,-0.06884683277153769,-0.5486539348827827,0.838659882156474,-0.029059858461490506,-0.6506821933706501,1.1010923769406433,NA,NA,NA,NA,NA,NA
29153,Ozark,Missouri,4,-0.25636499588510225,0.16722111912054088,-0.7438102060161327,-0.33734914253343345,0.1498534336200373,-0.8483100752783561,NA,NA,NA,NA,NA,NA
29155,Pemiscot,Missouri,4,0.4374342310070225,0.11542476199514644,0.49080902710915897,0.4780568965830745,0.09527070472214152,0.5989928909744894,0.00109367741758679,0.00137925398967623,0.8393471929274094,-1.1786107988943768,2.0179579918217865,1.319065161929534
29157,Perry,Missouri,4,0.2050861407904548,-0.3567740185927067,0.9483452142779534,0.21763525814882279,-0.37324014523242044,1.0104510541527656,NA,NA,NA,NA,NA,NA
29159,Pettis,Missouri,4,0.0693815640967541,0.08660174092118826,-0.06397260538447976,0.12826549481270974,0.11641731240981235,-0.017790452019562336,0.0011147364682033,0.00176642983351186,0.9903899286705714,0.4719993939345684,0.5183905347360029,0.33885288862081997
29161,Phelps,Missouri,4,0.2131976647105532,0.10658913680907814,0.13728432206481125,0.24158893141432006,0.13426280684472214,0.13762898319810296,9.2592788685381e-4,0.00176829443818452,-0.3638099912657247,0.4799485868588973,-0.843758578124622,-0.5515340507552462
29163,Pike,Missouri,4,-0.12065357750013324,0.15706808723260982,-0.5022730749599129,-0.06683620738450964,0.15309675677600046,-0.4065519375154325,NA,NA,NA,NA,NA,NA
29165,Platte,Missouri,4,-0.7175742409177213,-0.43736714002832294,-0.42758631681643844,-0.79144873192439,-0.4144091468738421,-0.585155442746543,9.6067690236942e-4,0.00191182930161031,-0.11457813065447349,1.0918672082527996,-1.2064453389072731,-0.7886090903647507
29167,Polk,Missouri,4,-0.22578260875446218,0.031016738337895044,-0.45111541927644566,-0.19636211914466695,0.06033525588085109,-0.4540860392453664,0.00105257470346367,0.00176606136736763,0.5445444261418108,0.470428547036288,0.07411587910552275,0.04844683312045249
29169,Pulaski,Missouri,4,-0.44888813791606524,-0.4580076905510467,0.051576550444559555,-0.4452923524716901,-0.43990865554503716,0.03343962883815754,0.00108662731827446,0.00164603946791875,0.7887814619841318,-0.041249476650326036,0.8300309386344579,0.5425607960688779
29171,Putnam,Missouri,4,0.21868085760421205,0.9634094387963898,-1.3781454233349337,0.2775864848171489,0.9877620182684357,-1.3373430241739581,NA,NA,NA,NA,NA,NA
29173,Ralls,Missouri,4,-0.5082337964234958,-0.37137875466909026,-0.20027717098463815,-0.5259479492551367,-0.3623958322968758,-0.23937550781884598,NA,NA,NA,NA,NA,NA
29175,Randolph,Missouri,4,-0.4561684893378417,0.29733790676311583,-1.3043263426572227,-0.42538311461684897,0.2803344350942021,-1.228566609385579,0.00102125148956487,0.00164238070934207,0.3198835900149511,-0.056847516393559665,0.37673110640851076,0.2462553134864854
29177,Ray,Missouri,4,-0.2867642853441162,-0.13034951569828535,-0.2644289020431667,-0.2594907588602873,-0.10299489466753597,-0.26488191103765135,0.00117970134128672,0.00169956501345473,1.45634028590245,0.1869409242878232,1.2693993616146266,0.8297598271457567
29179,Reynolds,Missouri,4,0.734203862962104,0.6764225478657612,-0.01863733506976417,0.7820602785979666,0.6844573114486233,0.04267809019634261,NA,NA,NA,NA,NA,NA
29181,Ripley,Missouri,4,0.25114635634507504,0.20233040988429635,0.029430209854190315,0.25371028478643615,0.2218280911694397,2.48505950417921e-4,NA,NA,NA,NA,NA,NA
29183,St Charles,Missouri,4,-0.43343331673729085,-0.6357950035571961,0.39334568175428253,-0.3749629150932006,-0.6386351882601848,0.5071031362482924,9.2475953696662e-4,0.00181019019805374,-0.3721897974820622,0.6585588214008191,-1.0307486188828814,-0.6737625854381359
29185,St Clair,Missouri,4,0.6017656140291504,0.8681799647474613,-0.5778960075244143,0.6607458531826371,0.8819455059073658,-0.5131184873772627,NA,NA,NA,NA,NA,NA
29186,Ste Genevieve,Missouri,4,-0.06762181538877611,-0.41295168733239074,0.599234999886393,-0.009664618572450453,-0.3988676637154892,0.6804382936211352,NA,NA,NA,NA,NA,NA
29187,St Francois,Missouri,4,0.10597114279767195,-0.10253703868731319,0.33279521900410536,0.12607016970773077,-0.09618737932164784,0.360825913109189,8.7367663839402e-4,0.00171678113404929,-0.7385738710379204,0.26033678455853027,-0.9989106555964506,-0.6529512760015066
29189,St Louis,Missouri,4,-0.3786373449388892,-0.1122890425370773,-0.44784739383366845,-0.3196649339766035,-0.08498445556138053,-0.3968273555397961,9.4623001307612e-4,0.00194154780651202,-0.21819617695556795,1.218563302256083,-1.436759479211651,-0.9391570006812533
29195,Saline,Missouri,4,-0.10026233459693813,0.727977085859925,-1.4844593221208588,-0.04248451735926078,0.7147819652165848,-1.3761314544367687,8.244046225071e-4,0.00155854784828859,-1.0919696727131567,-0.414244231999692,-0.6777254407134647,-0.4430042755208277
29197,Schuyler,Missouri,4,-0.5479996097841414,0.4777013624219519,-1.776446019074878,-0.48911042154078976,0.507396507097668,-1.7422516308700895,NA,NA,NA,NA,NA,NA
29199,Scotland,Missouri,4,-0.34845582758349364,0.4572121394694574,-1.411407431710951,-0.30501010203644047,0.48505850417091656,-1.3974779145375678,NA,NA,NA,NA,NA,NA
29201,Scott,Missouri,4,0.194726429813788,-0.4562199565024317,1.1082208109710088,0.2525810893698405,-0.4290915321431301,1.1686892452501931,0.0011678793253645,0.0015091362500094,1.3715487319331834,-0.6248960303030617,1.9964447622362451,1.305002752413635
29203,Shannon,Missouri,4,-0.0731373640625697,0.03324250431825817,-0.20371817034645728,-0.10922086056990954,0.061630364582272244,-0.3122310457707437,NA,NA,NA,NA,NA,NA
29205,Shelby,Missouri,4,-0.5755192370124044,0.5811072087362336,-2.0057421211319166,-0.5181686912776382,0.6097825887465878,-1.9744144990647512,NA,NA,NA,NA,NA,NA
29207,Stoddard,Missouri,4,-0.45706498973559295,0.17567762820144234,-1.0893440377447108,-0.4738875204506392,0.18708305114762247,-1.1411621377061052,9.3703482946153e-4,0.00153745703497666,-0.2841471884280188,-0.5041587036331635,0.22001151520514473,0.14381346197818348
29209,Stone,Missouri,4,-0.24403954201603661,-0.035466477437705014,-0.3628914265074313,-0.2598154126257199,-0.011934016962907268,-0.42914033085970404,0.00102183315855944,0.00185326593062591,0.32405551959699863,0.8421995220778551,-0.5181440024808565,-0.3386917395233819
29211,Sullivan,Missouri,4,1.702445998030007,0.7129741374126207,1.5107115044060342,1.754152875560412,0.6805827792216663,1.6580640072345185,NA,NA,NA,NA,NA,NA
29213,Taney,Missouri,4,0.19564862806368086,2.008581144318816e-4,0.2976732709014757,0.24177464738161783,0.02911731022809294,0.3269807016655625,9.4652018538126e-4,0.00201490846124056,-0.2161149616337868,1.5313148501004257,-1.7474298117342124,-1.142230808033218
29215,Texas,Missouri,4,0.27109873998281103,0.07551458624624545,0.28791665338978245,0.32988881953672106,0.10526272447127243,0.33586972750973676,0.00109171668857582,0.00167035859016326,0.8252841717940778,0.06242793942959625,0.7628562323644815,0.498651153171118
29217,Vernon,Missouri,4,-0.3369432898221298,0.648272837625332,-1.7323861163896743,-0.2890049028691849,0.6629901106087774,-1.6909046847204623,NA,NA,NA,NA,NA,NA
29219,Warren,Missouri,4,-0.41140115054182624,-0.8080210093902427,0.7360508683644502,-0.39254108941973315,-0.7848005037253756,0.7408136440110543,9.9278344128909e-4,0.00167883401700569,0.11570098125712162,0.09856042588872019,0.017140555368401436,0.011204152680189495
29221,Washington,Missouri,4,0.05723525149474488,-0.3516518473709578,0.6957692327642329,0.04956980341880538,-0.324823445771308,0.6453208303318452,9.6811298259016e-4,0.00173949779931456,-0.0612440122177367,0.3571825972065336,-0.4184266094242703,-0.2735101352717344
29223,Wayne,Missouri,4,0.5921892365043795,0.6370674433508868,-0.18246869722637682,0.5738128130953702,0.6362481801410768,-0.21521044148583846,NA,NA,NA,NA,NA,NA
29225,Webster,Missouri,4,-0.09524843103254076,-0.47434395754866754,0.6629723217926001,-0.04081510121160292,-0.4555946686818196,0.7308881407670544,0.00110411543300064,0.00171175360611891,0.914212220442049,0.23890339975743566,0.6753088206846133,0.44142461960003876
29227,Worth,Missouri,4,1.0521025953137213,1.6719210364045065,-1.266356637427189,0.391658044642849,1.562464623787798,-2.1818768650255467,NA,NA,NA,NA,NA,NA
29229,Wright,Missouri,4,0.08592685281013172,0.1505382747379985,-0.15048405431073178,0.11725300545796043,0.16729702788504697,-0.1274899236165552,NA,NA,NA,NA,NA,NA
29510,St Louis City,Missouri,4,0.2790809603356761,0.8007988337146654,-0.9893684231096761,0.23840855740318903,0.7295580107848025,-0.937933435755821,9.8162602637786e-4,0.0017161056794722,0.03567617374312449,0.2574571828801489,-0.22178100913702442,-0.14497011529269893
30001,Beaverhead,Montana,4,-0.3579581872534539,1.1749636011952413,-2.704081587318746,-0.30463881787846864,1.2048132123311777,-2.6909334793188493,NA,NA,NA,NA,NA,NA
30003,Big Horn,Montana,4,1.6076433479053014,-0.016391421802820605,2.652292905975765,1.6269067942325819,0.0014572185145257377,2.668544701165858,NA,NA,NA,NA,NA,NA
30005,Blaine,Montana,4,0.7324593630583078,0.5454308098879007,0.21155116630089343,0.7789386215952869,0.563396665656225,0.25517179819515357,NA,NA,NA,NA,NA,NA
30007,Broadwater,Montana,4,-0.7399009191136631,0.5101951380892842,-2.1502584834635443,-1.1745690628818493,0.5400851335099718,-2.9351801494009937,NA,NA,NA,NA,NA,NA
30009,Carbon,Montana,4,-0.47138755324369336,0.8154556298684659,-2.251224755816378,-0.6376919660899328,0.8449423048107757,-2.5949782746628225,NA,NA,NA,NA,NA,NA
30011,Carter,Montana,4,-0.7611363640725458,1.8234566956232918,-4.521787653718856,-0.7047441648978322,1.8052028547876575,-4.4324055176489825,NA,NA,NA,NA,NA,NA
30013,Cascade,Montana,4,-0.4499273527622986,0.7999993207936839,-2.188386808040301,-0.4296669725190781,0.8226717005055593,-2.2107400849103662,9.3743577668809e-4,0.00183418271166269,-0.2812714573662976,0.7608438377442789,-1.0421152951105765,-0.6811925649915505
30015,Chouteau,Montana,4,0.6358204090319458,1.391829358366936,-1.4534982881946061,0.677283326670413,1.400044127374215,-1.4172616582067028,NA,NA,NA,NA,NA,NA
30017,Custer,Montana,4,0.1558671887988994,0.7312077188970513,-1.0684448041141217,0.18724682338960583,0.7570162865075873,-1.071953504264041,NA,NA,NA,NA,NA,NA
30019,Daniels,Montana,4,-0.7480661581568954,2.1279349429703514,-5.041994410253693,-0.7061500936700572,2.153594287059564,-5.0611158013160855,NA,NA,NA,NA,NA,NA
30021,Dawson,Montana,4,-0.13137695739080316,0.44705892890250754,-1.0358841092378923,-0.13318707875529165,0.30789233144273753,-0.7946476613957718,NA,NA,NA,NA,NA,NA
30023,Deer Lodge,Montana,4,-0.8211253405890874,1.7571896100943127,-4.502667377258376,-0.8218954537520974,1.713248037899864,-4.460914990210995,NA,NA,NA,NA,NA,NA
30025,Fallon,Montana,4,-0.5230724703790114,-0.35935677671005767,-0.24610122802069845,-0.4665348707326791,-0.6061501216573435,0.2971826806111094,NA,NA,NA,NA,NA,NA
30027,Fergus,Montana,4,-0.40165699266819227,1.2398067705853433,-2.8914086627083977,-0.38662653139618247,1.2697351718065413,-2.9433152153951503,NA,NA,NA,NA,NA,NA
30029,Flathead,Montana,4,-0.5802824673876894,0.5021791088207305,-1.873156366920038,-0.5651541955114273,0.5305033849211385,-1.9096178872295697,0.00108950967362607,0.00224402931807763,0.8094547034145801,2.508104150637276,-1.6986494472226958,-1.1103448720156521
30031,Gallatin,Montana,4,-0.7089070949760045,0.2924692229317518,-1.7118426881352735,-0.7659234716648324,0.3075488481070452,-1.8409527181760033,0.00100301645100265,0.00205915083518505,0.18909563755804212,1.719929182710308,-1.5308335451522659,-1.0006497688787221
30033,Garfield,Montana,4,-0.28635671843384597,0.939879449827855,-2.167914279286244,-0.229160148449898,0.8516126142367764,-1.9310162401818336,NA,NA,NA,NA,NA,NA
30035,Glacier,Montana,4,1.4919663541960082,0.12612536929638757,2.2082437567179847,1.4455965469549084,0.1395075521369504,2.120344544122744,NA,NA,NA,NA,NA,NA
30037,Golden Valley,Montana,4,-0.6194315265518485,1.6016432825640563,-3.893794134745205,-0.729275540679598,1.6310887089566584,-4.159949652489778,NA,NA,NA,NA,NA,NA
30039,Granite,Montana,4,-0.4175670866757574,1.4287067105473468,-3.253699120276014,-0.5938018219401003,1.4460855774573442,-3.6031724676717727,NA,NA,NA,NA,NA,NA
30041,Hill,Montana,4,0.6096423178051497,0.5920349935323082,-0.07360716711956128,0.5687288094206264,0.61645745126705,-0.18804002859447222,5.5771239716165e-4,9.9632562137422e-4,-3.0047778069045457,-2.8111131306023145,-0.19366467630223116,-0.1265914992492057
30043,Jefferson,Montana,4,-0.15444750769728596,-0.15218923296930711,-0.0076886395502037685,-0.23745665977338556,-0.19340471652358743,-0.06587370060485548,NA,NA,NA,NA,NA,NA
30045,Judith Basin,Montana,4,-1.1560738657588614,1.7404136941064032,-5.024371463520051,-1.276307245023523,1.7677549102653884,-5.310782211709384,NA,NA,NA,NA,NA,NA
30047,Lake,Montana,4,-0.005980077483925002,0.336796793649959,-0.6332170898374575,-0.06320802506269348,0.36657096477161477,-0.784360834886722,0.00106374268145411,0.00163823484263249,0.6246449956837736,-0.07452219821551823,0.6991671938992918,0.45701996353451974
30049,Lewis And Clark,Montana,4,-0.4089860550895761,0.7138958031209107,-1.9677739423155725,-0.4105130141154216,0.731405048230466,-2.0149568188369056,0.00117802186883453,0.00214854811577638,1.4442945332992823,2.1010481623796156,-0.6567536290803333,-0.4292957710723093
30051,Liberty,Montana,4,0.5462171942028516,1.701646100822218,-2.1522732334181858,0.46705080806223265,1.6793382963097874,-2.267263252755562,NA,NA,NA,NA,NA,NA
30053,Lincoln,Montana,4,0.19744500619300978,0.9274850988535697,-1.3491972436162847,0.153045726149407,0.9572921627683566,-1.4886248465347913,NA,NA,NA,NA,NA,NA
30055,McCone,Montana,4,-0.6051296180342646,1.1678954320131587,-3.098517261715025,-0.5572966444152421,0.7570977354032543,-2.3040180128202934,NA,NA,NA,NA,NA,NA
30057,Madison,Montana,4,-0.49965457951694986,1.0685199290361802,-2.7480246193969333,-0.62874477415501,1.0830608876840302,-3.008295269796524,NA,NA,NA,NA,NA,NA
30059,Meagher,Montana,4,-0.3473485651639637,0.9066795166070646,-2.2092786416444263,-0.330623742364493,0.912446125681026,-2.2082719242325504,NA,NA,NA,NA,NA,NA
30061,Mineral,Montana,4,-0.13296662871351608,1.2547708111353255,-2.475586638226503,-0.28666333810363864,1.2770783178109628,-2.791119068614172,NA,NA,NA,NA,NA,NA
30063,Missoula,Montana,4,-0.6522525874227413,0.5275905518004247,-2.0368800359381973,-0.7494536347051719,0.5509930690925878,-2.2513979149530647,9.1725775469629e-4,0.00198143299064285,-0.42599515355883866,1.3886020392211824,-1.814597192780021,-1.1861356627004784
30065,Musselshell,Montana,4,-0.8362010781736006,0.4854426012455634,-2.2647938633312323,-0.97197667585171,0.5140681165051861,-2.5531949299175554,NA,NA,NA,NA,NA,NA
30067,Park,Montana,4,-0.3171442952613013,0.9172409013649109,-2.178332845585754,-0.35353067533443977,0.9470432529500259,-2.308376902088288,NA,NA,NA,NA,NA,NA
30069,Petroleum,Montana,4,-1.825530296962129,0.6037867902769085,-4.104457620838537,-2.731962906514136,0.5730741531368492,-5.571348579434636,NA,NA,NA,NA,NA,NA
30071,Phillips,Montana,4,-0.21932459861596754,0.3825999262774681,-1.0660196596446159,-0.18858577126972528,0.2525795348892649,-0.7868614369016096,NA,NA,NA,NA,NA,NA
30073,Pondera,Montana,4,0.19390568128311847,0.68367351455104,-0.9212346268188175,0.24259034069900695,0.7082631755593669,-0.8927276152933308,NA,NA,NA,NA,NA,NA
30075,Powder River,Montana,4,-0.4843963955789296,0.838692727157456,-2.313989666160213,-0.7043512472212177,0.6955951529954679,-2.4367564072041934,NA,NA,NA,NA,NA,NA
30077,Powell,Montana,4,-0.5402006291059657,0.6757865380702295,-2.116037715102317,-0.586257418884061,0.6743320150206303,-2.2031292500805164,NA,NA,NA,NA,NA,NA
30079,Prairie,Montana,4,-0.7382703993592962,1.4175946838761988,-3.7620231684525,-0.8592229652881435,1.4390211093231053,-4.02963559288675,NA,NA,NA,NA,NA,NA
30081,Ravalli,Montana,4,-0.41004677005694096,0.5251996299363729,-1.6337914604749835,-0.48317393205458253,0.5524552659256692,-1.813441719796753,0.00100377949102294,0.00217933688739428,0.19456842235945027,2.232307023350197,-2.0377386009907466,-1.3319950209961093
30083,Richland,Montana,4,-0.02768250256600539,0.6459326440253621,-1.2189699515013397,-0.00837437553658286,0.6685293283784102,-1.2365338891827804,NA,NA,NA,NA,NA,NA
30085,Roosevelt,Montana,4,0.5797145729211929,0.5511533217518048,-0.05015161583697658,0.6171643834080384,0.5798833549774415,-0.0421410276274492,NA,NA,NA,NA,NA,NA
30087,Rosebud,Montana,4,0.7084408134501361,0.4055561639528057,0.42086602514824234,0.732432844770189,0.42765831655893677,0.42227185832039604,NA,NA,NA,NA,NA,NA
30089,Sanders,Montana,4,-0.3788337933806489,1.4811779962740732,-3.283275078337393,-0.465402708128501,1.503484819808873,-3.493923830716657,NA,NA,NA,NA,NA,NA
30091,Sheridan,Montana,4,-0.26184146803041314,1.3418090114895527,-2.842660595423718,-0.21586472303768,1.3704755351214892,-2.8418978465271945,NA,NA,NA,NA,NA,NA
30093,Silver Bow,Montana,4,-0.25138718535062266,1.3074978996905982,-2.7643992787934826,-0.20358150420139612,1.2994459749933578,-2.6938677851975736,8.1912354110318e-4,0.00188180858867652,-1.1298474003209267,0.9638827393003869,-2.0937301396213135,-1.3685946371772846
30095,Stillwater,Montana,4,0.6082362361086125,0.1324606946602071,0.7417542677437904,0.5933919106975553,0.11043086274006633,0.7625687245277766,NA,NA,NA,NA,NA,NA
30097,Sweet Grass,Montana,4,-0.4888054262433963,0.5706395956710053,-1.8443284964119562,-0.567796074068814,0.5316904750798351,-1.9161234340492381,NA,NA,NA,NA,NA,NA
30099,Teton,Montana,4,0.46589610055448044,1.0062574650642035,-1.0472972977886879,0.44349952877724697,0.9638369776057824,-1.0198085015312297,NA,NA,NA,NA,NA,NA
30101,Toole,Montana,4,-0.6989585000479003,1.3923615396716162,-3.652394255172779,-0.6405683307920872,1.4160779622361885,-3.6266004639172067,NA,NA,NA,NA,NA,NA
30103,Treasure,Montana,4,-1.1925537164362279,1.2539020169329447,-4.218838068329705,-1.1434041013822343,1.2809259740862735,-4.215596070949786,NA,NA,NA,NA,NA,NA
30105,Valley,Montana,4,-0.38290578766989264,1.273696398423434,-2.92082808183518,-0.4592150204452259,1.3013686817949068,-3.120294677067068,NA,NA,NA,NA,NA,NA
30107,Wheatland,Montana,4,0.7119605563968184,1.5358968262114403,-1.5844456239589795,0.7307910804018999,1.5655388286225107,-1.6262761730260298,NA,NA,NA,NA,NA,NA
30109,Wibaux,Montana,4,-0.5041275147037562,0.9985222847192737,-2.6308499523403523,-0.44606045905661434,0.858125777931898,-2.301608683333009,NA,NA,NA,NA,NA,NA
30111,Yellowstone,Montana,4,-0.38194845447243414,0.5404033482383819,-1.6145731520790203,-0.3945899015586369,0.5683715861161756,-1.6954874641159712,8.9441728485568e-4,0.0019157985596451,-0.589814839128152,1.1087889709983445,-1.6986038101264964,-1.1103150407188995
31001,Adams,Nebraska,4,-0.38374540191563367,0.27463723631524,-1.1446798023610785,-0.32572816764513873,0.2984543364099116,-1.0962563567474612,7.8789145231267e-4,0.00163248365561878,-1.3538546559088684,-0.09904069041185756,-1.254813965497011,-0.8202258883969549
31003,Antelope,Nebraska,4,0.11730453459098378,0.7412436722015491,-1.1498010381311303,0.1264639821535408,0.7472103006302072,-1.154894009328138,NA,NA,NA,NA,NA,NA
31005,Arthur,Nebraska,4,-0.7713783051765878,0.9888654095047285,-3.0537439989680735,NA,0.9682017154811968,NA,NA,NA,NA,NA,NA,NA
31007,Banner,Nebraska,4,0.3162968064012935,-0.23877840225157296,0.921534841170086,0.004684496705694781,-0.46217075281094216,0.817994909247506,NA,NA,NA,NA,NA,NA
31009,Blaine,Nebraska,4,-0.9396042572223587,1.6199367731617513,-4.453562923320418,-0.8885057641860573,1.4979673280719656,-4.184068054353495,NA,NA,NA,NA,NA,NA
31011,Boone,Nebraska,4,0.4785224514255315,0.3621176844944737,0.1195508046792303,0.379613444344529,0.30975899918196453,0.05047349580953231,NA,NA,NA,NA,NA,NA
31013,Box Butte,Nebraska,4,0.24506493323589137,0.7954592784295103,-1.0358816543384186,0.3039405221865557,0.8236190133917909,-0.9986198287986048,NA,NA,NA,NA,NA,NA
31015,Boyd,Nebraska,4,0.056252238747203386,0.401518653679619,-0.6458940388134491,-0.04599895459424578,0.18486087002270937,-0.42918442830525144,NA,NA,NA,NA,NA,NA
31017,Brown,Nebraska,4,-0.2868499489291986,1.5129026232329186,-3.1882520486180326,-0.23926490043903836,1.5298896352356703,-3.167231350965755,NA,NA,NA,NA,NA,NA
31019,Buffalo,Nebraska,4,-0.21455180934150564,0.14947018572175982,-0.6433748670959114,-0.1555149938914364,0.17646760482535276,-0.5952986257930148,8.5351539900963e-4,0.00181663221212947,-0.883177196612514,0.686022451338077,-1.5691996479505912,-1.025728283795968
31021,Burt,Nebraska,4,-0.36341725278910203,0.5880412714959405,-1.6688158786468597,-0.3108245556436672,0.6143404898384391,-1.63953867704454,NA,NA,NA,NA,NA,NA
31023,Butler,Nebraska,4,-0.4036564172882902,0.21929208300448538,-1.0789964419432405,-0.34880813999087157,0.1801514999602059,-0.9217439352382717,NA,NA,NA,NA,NA,NA
31025,Cass,Nebraska,4,-0.8851714799388786,-0.47706011534187587,-0.632942825410237,-0.9690300600347003,-0.5428436135463374,-0.6480642469021136,0.00120161569170357,0.00177826861007092,1.6135175252410698,0.5224705314554949,1.091046993785575,0.7131774226039476
31027,Cedar,Nebraska,4,0.17993528331981112,0.379212244787468,-0.40254040200277047,0.06238050201999005,0.29407236474194687,-0.44621511762775734,NA,NA,NA,NA,NA,NA
31029,Chase,Nebraska,4,-0.14918531730893292,-0.22303106048986435,0.12701860514949714,-0.09722260515290275,-0.4470608469281574,0.6222133242667106,NA,NA,NA,NA,NA,NA
31031,Cherry,Nebraska,4,0.1494632120075059,0.34187777958482707,-0.3862923872316624,0.207043460821315,0.3295485181509389,-0.2706401812382273,NA,NA,NA,NA,NA,NA
31033,Cheyenne,Nebraska,4,-0.45273250486318783,0.7053637426175208,-2.024629911630642,-0.40111942225528835,0.7333575258241545,-2.002924648156174,NA,NA,NA,NA,NA,NA
31035,Clay,Nebraska,4,-0.19713555408021774,0.022477427053645062,-0.38874980299058487,-0.1381808396160711,0.0010235574011247639,-0.2511811819893618,NA,NA,NA,NA,NA,NA
31037,Colfax,Nebraska,4,0.03620264211037368,-0.7828554180568154,1.428334789392817,0.0722990045535673,-0.8265815147881523,1.5850552544710672,NA,NA,NA,NA,NA,NA
31039,Cuming,Nebraska,4,-0.06200842799052627,0.09693736832489855,-0.2987186199809422,-0.12637720057856736,0.043963576889175224,-0.30885416439561353,NA,NA,NA,NA,NA,NA
31041,Custer,Nebraska,4,-0.231389830138694,0.5004407289679029,-1.2955501145608255,-0.17458953446498363,0.4817528433511756,-1.1757413130166507,NA,NA,NA,NA,NA,NA
31043,Dakota,Nebraska,4,0.7874378130697969,-0.48874962425749063,2.142101677996402,0.8295453624492835,-0.46072158981369904,2.180200265351496,7.2821855268231e-4,0.00152064390326399,-1.781849164019813,-0.5758365394799946,-1.2060126245398184,-0.7883262408458365
31045,Dawes,Nebraska,4,-0.3459333258469375,0.40165784287743955,-1.3084112163687946,-0.3074492753284154,0.40200303409087434,-1.252185686847377,7.6919789247696e-4,0.00168619678334065,-1.4879312802439908,0.12994941193574808,-1.6178806921797388,-1.057549297785981
31047,Dawson,Nebraska,4,0.6442582150141762,-0.35509700232801844,1.6685358078399148,0.7018109173859733,-0.390743613149087,1.8430358313868398,9.7495363517617e-4,0.00165194534450698,-0.012180505050445593,-0.016071511006733864,0.0038910059562882703,0.00254340795130423
31049,Deuel,Nebraska,4,-0.3737340960137325,0.7318413986287096,-1.9416542581250993,-0.3159470751609505,0.7504102449523682,-1.8926585153579047,NA,NA,NA,NA,NA,NA
31051,Dixon,Nebraska,4,-0.07958500144905185,0.3394044743956004,-0.7590601889946986,-0.06379764949071302,0.35457457955357957,-0.7637677419869011,NA,NA,NA,NA,NA,NA
31053,Dodge,Nebraska,4,-0.34731179924442696,0.17442456809485257,-0.9063865838975285,-0.2886707952232224,0.20417017100563434,-0.8654249044101805,8.9196830215242e-4,0.00166553168448685,-0.6073797832476211,0.041849848528117545,-0.6492296317757387,-0.42437760986025025
31055,Douglas,Nebraska,4,-0.15756377518181702,-0.10122960939845058,-0.10348773074158596,-0.09849088925390838,-0.07499283863335995,-0.04883808251826802,8.6633776579395e-4,0.00179884821687482,-0.7912107830702263,0.6102056246844784,-1.4014164077547047,-0.9160545305290594
31057,Dundy,Nebraska,4,-0.4532416746837012,1.3492264508742724,-3.171031968018283,-0.4022841065915134,1.3663710898793369,-3.142966956304451,NA,NA,NA,NA,NA,NA
31059,Fillmore,Nebraska,4,-0.3977992504165515,0.7814551284764286,-2.069554769248034,-0.3574026280761205,0.7801654662326492,-2.0147485344352054,NA,NA,NA,NA,NA,NA
31061,Franklin,Nebraska,4,-0.19828360946450288,0.031770061498367405,-0.40717377862146886,-0.1793049654262516,0.025834009925986168,-0.3638324662903408,NA,NA,NA,NA,NA,NA
31063,Frontier,Nebraska,4,-0.47262299623033804,0.4953847955536902,-1.683787567370266,-0.4177807097321146,0.5215780893472033,-1.6497273480174752,NA,NA,NA,NA,NA,NA
31065,Furnas,Nebraska,4,0.1464641249463121,0.3092275168831914,-0.3331394095341169,0.12740589213291567,0.23593983774860497,-0.23410609759016718,NA,NA,NA,NA,NA,NA
31067,Gage,Nebraska,4,-0.36921510641739647,0.7898173615025652,-2.0373640551887,-0.3245608766162694,0.81983253902279285,-2.031727421416307,6.3132286621966e-4,0.00152629218275139,-2.476818269301147,-0.5517567632173846,-1.9250615060837624,-1.2583421347410038
31069,Garden,Nebraska,4,-0.6044870300562216,1.6166846700872057,-3.8959470918730403,-0.5491421088419686,1.6460587282492647,-3.888816809715006,NA,NA,NA,NA,NA,NA
31071,Garfield,Nebraska,4,0.1409245566812234,-0.23736696993906675,0.6302422457296033,0.004752062531951928,-0.3338216573406648,0.5873437809939803,NA,NA,NA,NA,NA,NA
31073,Gosper,Nebraska,4,1.0269274874938552,-0.14292201048880285,1.9211655560169978,1.085648356636773,-0.17577792342297144,2.0916377737796608,NA,NA,NA,NA,NA,NA
31075,Grant,Nebraska,4,-0.4831772062867718,1.100514806997444,-2.7778171558704194,-0.4544859758022053,1.1266731518154076,-2.7983793708406366,NA,NA,NA,NA,NA,NA
31077,Greeley,Nebraska,4,0.47163835717481256,0.861733504108806,-0.7807039341151617,0.18456703720655318,0.7827730020571777,-1.1226962840666195,NA,NA,NA,NA,NA,NA
31079,Hall,Nebraska,4,-0.25819421013686933,-0.13110827590827023,-0.21603323982480313,-0.20585794392972104,-0.1018745577745869,-0.1781556007250683,9.3477108733828e-4,0.00186532195147915,-0.3003835235572314,0.8935968166718962,-1.1939803402291276,-0.780461177689425
31081,Hamilton,Nebraska,4,0.15908240543897495,-0.3185794699835083,0.8046360187452056,0.20122573060640825,-0.330612667573681,0.9066586298506674,NA,NA,NA,NA,NA,NA
31083,Harlan,Nebraska,4,-0.22611057697395046,0.6631463361462308,-1.5763434888598509,-0.20087530259523922,0.6574320449344734,-1.5350928455333706,NA,NA,NA,NA,NA,NA
31085,Hayes,Nebraska,4,-0.826508535535199,0.5557772712863056,-2.3739731630655765,-0.7996984693515135,0.41402788950230807,-2.088278724480073,NA,NA,NA,NA,NA,NA
31087,Hitchcock,Nebraska,4,-0.22527129751906683,1.2734639314421217,-2.660841459611687,-0.16638920804806964,1.2987483833500544,-2.6310753672472567,NA,NA,NA,NA,NA,NA
31089,Holt,Nebraska,4,-0.01247639245066338,0.3968890273543214,-0.750830809649125,-0.07494551455955427,0.40389195119630283,-0.8708822179098721,NA,NA,NA,NA,NA,NA
31091,Hooker,Nebraska,4,0.3696069154978964,1.728372238796776,-2.4906445078554764,0.028542105310894222,1.7379450358637563,-3.0981885815364043,NA,NA,NA,NA,NA,NA
31093,Howard,Nebraska,4,-0.3598727158881086,-0.050979004775360034,-0.5260312327282364,-0.31410018182261995,-0.06341805479126869,-0.42639486128885234,NA,NA,NA,NA,NA,NA
31095,Jefferson,Nebraska,4,0.12992186558935517,0.7496229398960237,-1.1439328085240286,0.16734065137459042,0.7627492988542187,-1.1151977267928261,NA,NA,NA,NA,NA,NA
31097,Johnson,Nebraska,4,-0.37022511826488963,0.301480994594839,-1.1701768120119267,-0.339306960866485,0.3298181330818846,-1.1751137311342479,NA,NA,NA,NA,NA,NA
31099,Kearney,Nebraska,4,0.08666884262624557,0.290899098013799,-0.3989928870124375,0.1454909500632699,0.3065826844062287,-0.3311936686415104,NA,NA,NA,NA,NA,NA
31101,Keith,Nebraska,4,-0.7175571047911976,0.9088361113706362,-2.8227293802224325,-0.6594139229510553,0.9355517806588797,-2.7938289803229086,NA,NA,NA,NA,NA,NA
31103,Keya Paha,Nebraska,4,-0.02474703749677683,0.8434941762252481,-1.5656386156193167,-0.003127424270646051,0.8012128264246539,-1.4664081912992062,NA,NA,NA,NA,NA,NA
31105,Kimball,Nebraska,4,-0.18772616175885096,1.2397951645102765,-2.539113134000305,-0.13993729233718674,1.2698022832302438,-2.5352650393710707,NA,NA,NA,NA,NA,NA
31107,Knox,Nebraska,4,0.24450302414373068,0.41522704845338615,-0.36029592974845887,0.21489376881361874,0.4243372398419285,-0.4280747576549645,NA,NA,NA,NA,NA,NA
31109,Lancaster,Nebraska,4,-0.3807410301734797,-0.07349106785737461,-0.5203410255630349,-0.3317905464045029,-0.05277679783327123,-0.4747975085614924,8.8752291873475e-4,0.00182676601501565,-0.6392635981953735,0.7292249356933498,-1.3684885338887232,-0.894530786502151
31111,Lincoln,Nebraska,4,-0.7204617193529982,0.47924457792786546,-2.0631810243078883,-0.8332598216230256,0.5087249927671719,-2.314068112676636,7.7770248745482e-4,0.00170337312579935,-1.4269334073941833,0.20317568983826928,-1.6301090972324526,-1.0655425578817652
31113,Logan,Nebraska,4,-0.09118517890070062,0.056207686221769124,-0.2742968453075753,-0.14214246071849815,-0.22505044214059094,0.14872957526690106,NA,NA,NA,NA,NA,NA
31115,Loup,Nebraska,4,-1.6235192364333717,0.3976370951604285,-3.4050282216773127,-3.149032865936126,0.21535058118550543,-5.618267952633651,NA,NA,NA,NA,NA,NA
31117,McPherson,Nebraska,4,-0.4654995093550089,0.6998053903676221,-2.035763591354792,-0.4779196912547552,-0.365275379944601,-0.1547309509815047,NA,NA,NA,NA,NA,NA
31119,Madison,Nebraska,4,-0.016237362422430863,0.17134902190240867,-0.35574205129246383,0.0040793235572251785,0.1911613887743665,-0.3576530513640257,0.0010225868282724,0.00179643931683303,0.3294610973395664,0.5999359887405257,-0.27047489140095926,-0.17679952103541638
31121,Merrick,Nebraska,4,-0.44192446957363996,0.6324553183443239,-1.8771135554184557,-0.38490060280945215,0.6620957776060579,-1.8479653024836749,NA,NA,NA,NA,NA,NA
31123,Morrill,Nebraska,4,0.4499214851818596,0.5760943269227098,-0.30825400368532185,0.5089668593841518,0.5847167416042827,-0.22985423417439577,NA,NA,NA,NA,NA,NA
31125,Nance,Nebraska,4,-0.4628344659179627,0.35816149532180364,-1.4235206703306171,-0.4132387117420591,0.3793938619914346,-1.3865746336690488,NA,NA,NA,NA,NA,NA
31127,Nemaha,Nebraska,4,-0.7150069583953572,0.8693938186028449,-2.748354197543191,-0.6609539726617781,0.8945507040222914,-2.7226599990354154,NA,NA,NA,NA,NA,NA
31129,Nuckolls,Nebraska,4,0.304335246822875,0.9383907785662455,-1.1925870303210708,0.35413014550471145,0.960655605425553,-1.1619587663759745,NA,NA,NA,NA,NA,NA
31131,Otoe,Nebraska,4,0.25470051646331454,0.12001487022948601,0.18173896484434598,0.31309166391669196,0.13635207849812886,0.25218069521898817,6.851403557607e-4,0.00110681291472878,-2.0908207711644153,-2.340083092203169,0.24926232103875368,0.16293364143179337
31133,Pawnee,Nebraska,4,0.3879602296592863,1.10366568633667,-1.3489416419784654,0.43128409010610663,1.1257895625597465,-1.3311998132972356,NA,NA,NA,NA,NA,NA
31135,Perkins,Nebraska,4,-0.341212315853699,0.5251991839127357,-1.520442586451308,-0.286051223459231,0.4576296045272893,-1.3167933531551899,NA,NA,NA,NA,NA,NA
31137,Phelps,Nebraska,4,-0.45746190961009064,0.5498827885713957,-1.7557852523458788,-0.43542441329892934,0.5678168516525671,-1.7620546776443726,NA,NA,NA,NA,NA,NA
31139,Pierce,Nebraska,4,-0.15783170436280688,0.0176090026524796,-0.3153671519285486,-0.17152015224359243,-0.07407205822392848,-0.171327452971798,NA,NA,NA,NA,NA,NA
31141,Platte,Nebraska,4,0.030484424425813117,-0.16600534794132832,0.3214161314529994,0.032663683220899666,-0.22080047588063048,0.43032183732664664,9.8249906517459e-4,0.00138725045159833,0.04193790750640512,-1.1445202383252364,1.1864581458316414,0.7755441949716465
31143,Polk,Nebraska,4,-0.1145798899646983,0.26735775362772124,-0.6884995796031187,-0.05550325315636656,0.25839466658691146,-0.5771189477738798,NA,NA,NA,NA,NA,NA
31145,Red Willow,Nebraska,4,-0.8448938962260512,0.795151154471245,-2.8301430660427274,-0.7859614074049758,0.7944996063995098,-2.749611652369435,8.2785378926703e-4,0.00142984157020908,-1.0672310654064352,-0.9629455465613146,-0.1042855188451206,-0.06816762061442147
31147,Richardson,Nebraska,4,-0.3172698063312764,1.0938365312835023,-2.4927393133948312,-0.25820490309987515,1.1228506365412405,-2.4667410227372457,NA,NA,NA,NA,NA,NA
31149,Rock,Nebraska,4,-1.0113534893692386,0.8313845046783234,-3.1687147223622114,-0.9572573115757654,0.6694280666547824,-2.8081669373871803,NA,NA,NA,NA,NA,NA
31151,Saline,Nebraska,4,-0.4014951141889563,-0.3633753018139417,-0.03875286939898792,-0.3457853873594929,-0.37305755585931577,0.07788965939879877,9.2912435387933e-4,0.0016031600306477,-0.34088383314780707,-0.224053330117,-0.11683050303080708,-0.0763678168837982
31153,Sarpy,Nebraska,4,-0.7137828737415957,-0.5539097850396779,-0.21398992853234045,-0.7472790628348228,-0.5469940526579128,-0.27369389856260085,8.6561966836764e-4,0.00166857634267859,-0.7963612241691689,0.05482985212333098,-0.8511910762924999,-0.5563924023359459
31155,Saunders,Nebraska,4,-0.4137204647186838,0.03342667326735037,-0.7648760442974015,-0.3633962708435605,0.028404242574873895,-0.6730501648363619,9.1908040719265e-4,0.00160012106400476,-0.412922464558154,-0.23700906946997882,-0.1759133950881752,-0.1149881374726126
31157,Scotts Bluff,Nebraska,4,-0.3213012137289074,0.45424165167252656,-1.3614074601567894,-0.265514467872301,0.48396043487960894,-1.330154373000608,8.0589551520492e-4,0.00179667163521803,-1.224723340197731,0.600926409760762,-1.825649749958493,-1.193360314146862
31159,Seward,Nebraska,4,-0.07223348278426374,-0.37047610724232577,0.5160683196020628,-0.045370103719537314,-0.43687696585470837,0.6896983019110584,9.2408227713682e-4,0.00170679377269374,-0.3770473373286941,0.2177586105443081,-0.5948059478730022,-0.3888028428378925
31161,Sheridan,Nebraska,4,0.839086820075101,0.47804903671174326,0.5070180716208352,0.8820674874953859,0.47820349602334744,0.5789798378197175,NA,NA,NA,NA,NA,NA
31163,Sherman,Nebraska,4,0.07370320165398041,0.8898572540709155,-1.4860123275115398,0.0560539466937382,0.9191816707276843,-1.5805869158167758,NA,NA,NA,NA,NA,NA
31165,Sioux,Nebraska,4,-0.5548684038749403,0.11890441129714971,-1.1493834449462377,-0.525884858754313,-0.0740760414546581,-0.7576504438191716,NA,NA,NA,NA,NA,NA
31167,Stanton,Nebraska,4,-0.6561897616941117,-0.0230948430476009,-1.0635811929082695,-0.7099028310385087,-0.042349947959046584,-1.1191670555628115,NA,NA,NA,NA,NA,NA
31169,Thayer,Nebraska,4,0.008206146086162066,0.4605436470493497,-0.8300279634189756,-0.07042060880039262,0.43962489591934756,-0.9276407286426933,NA,NA,NA,NA,NA,NA
31171,Thomas,Nebraska,4,-0.9307874700265857,-0.6788609030135287,-0.3490126766260775,-0.8722347733678341,-1.1108505004889433,0.5333304264728576,NA,NA,NA,NA,NA,NA
31173,Thurston,Nebraska,4,1.6627201188468055,-0.4588137178258343,3.5301464031152743,1.6963846162248208,-0.42913148039295734,3.557671495429376,9.3303661476302e-4,0.00135114301937398,-0.31282375591193023,-1.2984536425272153,0.9856298866152851,0.6442701241848228
31175,Valley,Nebraska,4,-0.28459261994884466,0.11263794294507412,-0.6931773233444738,-0.23603235141645085,0.0946022544766556,-0.5813339432892841,NA,NA,NA,NA,NA,NA
31177,Washington,Nebraska,4,-0.5711262562064595,-0.34297801734489947,-0.35437143671739957,-0.5163349267867009,-0.39835210628241546,-0.1588229177178625,8.0545721240785e-4,0.00176430992553191,-1.2278669982267134,0.4629617905425283,-1.6908287887692417,-1.105232794286032
31179,Wayne,Nebraska,4,-0.4879549098739724,0.5160236318757117,-1.7457549863508084,-0.4530359259077308,0.5249693441276981,-1.7141577053370045,7.733203410793e-4,0.00144575830570275,-1.4583636645809253,-0.8950892320192142,-0.5632744325617111,-0.3681918472083834
31181,Webster,Nebraska,4,-0.4502186555230591,0.08896758070983231,-0.9237954075095719,-0.40325634040312636,0.09726450168909972,-0.8628084964685261,NA,NA,NA,NA,NA,NA
31183,Wheeler,Nebraska,4,-1.0881959989978267,1.2581132549571472,-4.054487318787687,-1.1303355067850227,1.1379248628144611,-3.936866588959697,NA,NA,NA,NA,NA,NA
31185,York,Nebraska,4,-0.3366739195435004,0.001401852371882395,-0.5810265914207415,-0.2968473547164718,-0.01069198132504674,-0.4926463009233082,0.00109940293004755,0.0020194883354435,0.880412532545653,1.5508397950617567,-0.6704272625161037,-0.43823372398075244
32001,Churchill,Nevada,4,-0.12191789155016652,0.4507632706465287,-1.0268988700824422,-0.10504344120802549,0.4329117367630257,-0.9728576994946554,7.5769317976615e-4,0.00185526234787958,-1.5704470267239161,0.8507106591245305,-2.4211576858484465,-1.582622020816907
32003,Clark,Nevada,4,0.20916025003969071,-0.251267534731589,0.7673363122971405,0.2554119232884888,-0.23564413922883948,0.8255679070309339,8.5190025786532e-4,0.00169309576661457,-0.8947615430054456,0.1593611954790496,-1.0541227384844953,-0.6890413905382503
32005,Douglas,Nevada,4,-0.2720779906894672,-0.2695403693458193,0.007403709080380683,-0.23559277971527248,-0.24891308614630608,0.037010530264223296,0.00111503308857632,0.00195391279784767,0.9925173917473243,1.2712778015147967,-0.2787604097674724,-0.18221546064867272
32007,Elko,Nevada,4,0.7056118655017586,-0.5168229098647472,2.057308934664146,0.7604333948521352,-0.4887762731666891,2.1162883413540783,7.5906013957345e-4,0.00150006556155225,-1.5606427220235104,-0.6635662393611035,-0.8970764826624069,-0.5863860103440501
32009,Esmeralda,Nevada,4,-1.1430476393824973,2.186226175911747,-5.796113187894649,-1.6189863545327776,1.8868885008255707,-6.091971503962612,NA,NA,NA,NA,NA,NA
32011,Eureka,Nevada,4,1.2573697774440162,-1.7225353745882885,5.111085140260255,1.315482073489924,-1.7365196564611498,5.278026763910155,NA,NA,NA,NA,NA,NA
32013,Humboldt,Nevada,4,0.4257723812731456,-0.11856769408461924,0.8879262328585202,0.4568352165755058,-0.12420678271528614,0.9584851581390517,NA,NA,NA,NA,NA,NA
32015,Lander,Nevada,4,1.1990608091083965,-0.6069985787729777,3.030300713339718,1.2075202348991003,-0.6191166062998151,3.090379125368771,NA,NA,NA,NA,NA,NA
32017,Lincoln,Nevada,4,0.9699974386563693,0.22607599028098324,1.1708971679011477,0.9695589009862301,0.11639250206422798,1.374254210636048,NA,NA,NA,NA,NA,NA
32019,Lyon,Nevada,4,-0.061686859360889024,-0.04995432027482176,-0.03683870363895067,-0.2851616985933119,-0.038928351075227054,-0.42254420251148983,9.1805385517875e-4,0.00176181326108034,-0.4202852477807056,0.45231799688275487,-0.8726032446634604,-0.5703887518407267
32021,Mineral,Nevada,4,0.40287296892158864,0.8749749065275658,-0.9174974519793554,0.3851431178391827,0.8874908767793462,-0.9790996568715039,NA,NA,NA,NA,NA,NA
32023,Nye,Nevada,4,-0.3518785835635971,0.15510411618685488,-0.8795315597785311,-0.5524507570353336,0.1652414196353384,-1.2318827298515804,8.9559302521612e-4,0.00185547933059037,-0.5813820259022184,0.8516357010138933,-1.4330177269161117,-0.9367111543764153
32027,Pershing,Nevada,4,-0.7987330136180084,0.007757609719627518,-1.3531966528356951,-0.9559704879871708,0.004361696606008275,-1.6102937785152174,NA,NA,NA,NA,NA,NA
32029,Storey,Nevada,4,-0.6041876951093451,1.6798413397034833,-4.007822833510776,-0.6246513534290764,1.6500180194658047,-4.0208725811400425,NA,NA,NA,NA,NA,NA
32031,Washoe,Nevada,4,0.13071261808425305,-0.07085951219558836,0.3171756187167415,0.15638177728833022,-0.05124097912179766,0.33016879141999195,9.0616601292065e-4,0.00195414093309741,-0.5055489308139228,1.2722503889697228,-1.7777993197836457,-1.162082242114252
32033,White Pine,Nevada,4,-0.3395205446882903,0.2882255104983126,-1.0960320903460132,-0.28230744280902303,0.29727459255087013,-1.0222915336105973,NA,NA,NA,NA,NA,NA
32510,Carson,Nevada,4,-0.0029907519201372765,0.4810880262538618,-0.885018290625976,-0.008516263392107907,0.4749568634476365,-0.8887385626808986,9.7665566965378e-4,0.00190417221728354,2.7070139380561034e-5,1.0592234841198376,-1.059196413980457,-0.6923578662115702
33001,Belknap,New Hampshire,4,-0.32267027804439313,0.0984192764865786,-0.7305809898406678,-0.3366719414478833,0.128136479851088,-0.8081439794580462,8.7049286055507e-4,0.00191272466423031,-0.7614090179564839,1.0956843231125726,-1.8570933410690564,-1.2139138369496125
33003,Carroll,New Hampshire,4,-0.9404057314052485,0.6477229092712846,-2.725115122834535,-1.220394398108795,0.6704383892356169,-3.245368796232257,9.6353252813431e-4,0.0018584338728456,-0.0940966029900931,0.864231521851562,-0.9583281248416552,-0.6264239633822496
33005,Cheshire,New Hampshire,4,-0.7942642545187694,0.10474142776222975,-1.5183921262717857,-0.9500666806521493,0.13206096483988974,-1.8301199443544371,0.00100375927629907,0.00191545987829106,0.19442343542479543,1.107345102781874,-0.9129216673570785,-0.5967434267024607
33007,Coos,New Hampshire,4,-0.3921927743936231,0.6355898307926998,-1.8007984795581211,-0.41703396002913795,0.6515740349268465,-1.882215626077938,0.00103369546495158,0.00171304659052081,0.4091360506389683,0.24441565799080586,0.16472039264816243,0.10767168210740974
33009,Grafton,New Hampshire,4,-0.46351848307039106,0.28291494408771695,-1.2907680004982152,-0.5583121707085265,0.3099912698152115,-1.5018313579975398,9.9466422153768e-4,0.00206499095420247,0.12919058243866907,1.7448268103153508,-1.6156362278766818,-1.0560821737520043
33011,Hillsborough,New Hampshire,4,-0.6079307375003878,-0.2906262342306424,-0.5081210559919503,-0.6905947038457327,-0.26125943400100626,-0.6936355905865433,9.7381553730466e-4,0.00206525748915307,-0.02034333343177665,1.7459631035867673,-1.766306437018544,-1.154569765974003
33013,Merrimack,New Hampshire,4,-0.6135381329571531,-0.23482538599095362,-0.6166357593065288,-0.6990123990380583,-0.2049129828717775,-0.8088705461082596,0.00105548420214967,0.00190461220824934,0.5654123488785576,1.0610992560319157,-0.49568690715335806,-0.32401235957360847
33015,Rockingham,New Hampshire,4,-0.8353391108498182,-0.45216769867387596,-0.5951737397212764,-0.9030131796922151,-0.4368977780491714,-0.7293164201601047,9.0786271063828e-4,0.00202847282538113,-0.4933796326975538,1.589142522115971,-2.0825221548135247,-1.3612683883875152
33017,Strafford,New Hampshire,4,-0.834320924903324,-0.13666534002909503,-1.1548404264154866,-0.9854153121893058,-0.10684246444881287,-1.4590755448621282,8.9868232504931e-4,0.00204697439271637,-0.5592245076535043,1.6680185060211616,-2.227243013674666,-1.4558671084311936
33019,Sullivan,New Hampshire,4,-0.7630485093947303,0.256097156902611,-1.7362827304539596,-0.9250013533299861,0.26313432949488313,-2.02430794596543,0.0011414030765019901,0.00201289798699898,1.1816519918932942,1.5227437852253647,-0.3410917933320705,-0.22295920104769965
34001,Atlantic,New Jersey,4,0.1551632282019049,-0.4116888925792792,0.9638431327771749,0.2133193208862679,-0.38167928427228215,1.018482921535526,8.7841980259387e-4,0.00154895375443283,-0.7045542701608181,-0.4551458258398228,-0.24940844432099524,-0.16302915686459138
34003,Bergen,New Jersey,4,-0.0021437465924382115,-0.8329389664331016,1.454299580422059,0.04982990706267972,-0.8662479778315235,1.6191955889295562,8.9063519660844e-4,0.00182659044190035,-0.6169412735571249,0.7284764314198651,-1.34541770497699,-0.8794502314075276
34005,Burlington,New Jersey,4,-0.3984723237052252,-0.6478861592376919,0.472427770753966,-0.3772677515476972,-0.6384774659289324,0.5030059908514598,9.0731361154051e-4,0.0016574507145433,-0.4973179598060067,0.00739901289584384,-0.5047169727018506,-0.3299149823849998
34007,Camden,New Jersey,4,0.34994193115306443,-0.5635698314537164,1.5548079470609428,0.3881347046184776,-0.535938039994331,1.5850783461346296,9.3189323204726e-4,0.0016416344236669,-0.32102448900929237,-0.060029085599929734,-0.2609954034093626,-0.17060312724856852
34009,Cape May,New Jersey,4,0.06406272947919871,-0.3322520249593435,0.6724956234733799,0.09570331791702424,-0.33569694547223594,0.7412029343468232,7.4792963419472e-4,0.00187267343110661,-1.6404745251385726,0.9249376851652603,-2.565412210303833,-1.676915915155128
34011,Cumberland,New Jersey,4,0.32536891443313193,-0.6156056655124114,1.606926542575255,0.3731286751239307,-0.5856229586901052,1.6495795374556377,0.00102382725863612,0.00155409233128827,0.3383578894622032,-0.4332390166489454,0.7715969061111485,0.5043646111706137
34013,Essex,New Jersey,4,0.1558671091063251,-0.6348885096714976,1.3621200261050623,0.21399429780311321,-0.6149199277837767,1.438950508959222,0.00109002252142976,0.00162650004797127,0.8131330238051712,-0.1245500395360818,0.937683063341253,0.6129290435169981
34015,Gloucester,New Jersey,4,0.019340659951889383,-0.7909094773618877,1.4148983799999415,0.06892516657581615,-0.7776688742777187,1.4915313256564964,8.6432179242741e-4,0.00170037659062676,-0.8056700356743693,0.19040084456370823,-0.9960708802380775,-0.6510950189544735
34017,Hudson,New Jersey,4,0.3663683824379504,-0.784559115121666,1.9750421922571553,0.4246607432124319,-0.7708884992292387,2.067939061223352,9.1720142405349e-4,0.001721927496456,-0.42639917625433565,0.2822767851545219,-0.7086759614088576,-0.4632354962688944
34019,Hunterdon,New Jersey,4,-0.7336378456468223,-0.7327658201433724,0.071536870572523,-0.7060105615605307,-0.777668545588208,0.2093257767820318,0.0010398098236957501,0.00220007833505058,0.45299032920319554,2.3207320773937314,-1.8677417481905358,-1.2208743103196777
34021,Mercer,New Jersey,4,0.07914837192154672,-0.5795789961048751,1.137382130083647,0.1357795294038699,-0.5731587150700089,1.2344529133654574,0.0010798419978466,0.00197568449420035,0.7401148160378789,1.364095017482865,-0.6239802014449861,-0.4078729828844455
34023,Middlesex,New Jersey,4,0.22682665901394386,-1.0979405907765105,2.3028319352152935,0.28538472646619933,-1.1520943819679728,2.5228758136766194,9.2295124552046e-4,0.00175143993623095,-0.38515948410387213,0.4080943811728919,-0.793253865276764,-0.518520971443956
34025,Monmouth,New Jersey,4,-0.19963900882876043,-0.6012818868620174,0.7169233795896031,-0.14591692355800046,-0.631034722371681,0.8724164214338753,9.1837127829546e-4,0.00187118141588809,-0.41800858028941773,0.9185769176567619,-1.3365854979461795,-0.8736769414557515
34027,Morris,New Jersey,4,-0.26034909881561275,-0.7760296228991205,0.9278655090600996,-0.20685404101953928,-0.8172476612035388,1.1063883250075404,9.7899909835747e-4,0.00197264564566442,0.01683494476155863,1.351139781644342,-1.3343048368827835,-0.8721861569264961
34029,Ocean,New Jersey,4,-0.4236052009293137,-0.2578124927056268,-0.2629788866233166,-0.3866694118540033,-0.25257341786302695,-0.2063791175086423,8.360012079169e-4,0.00184059195257588,-1.0087949837173376,0.7881677489542429,-1.7969627326715805,-1.1746086625980232
34031,Passaic,New Jersey,4,0.7096712756899618,-0.9516929279651694,2.8377162919332717,0.7581088323934719,-0.9394717136102633,2.9227618032649754,0.00101393221430178,0.00149514300477338,0.26738723680671916,-0.6845521105701338,0.9519393473768529,0.6222478537628721
34033,Salem,New Jersey,4,-0.45069022797490055,-0.22157720588808355,-0.3720491611621365,-0.4696436479947386,-0.1921359253728626,-0.4523303833373639,9.8050096557575e-4,0.00152798741145971,0.027606851696153723,-0.5445296548383889,0.5721365065345426,0.37398466008524894
34035,Somerset,New Jersey,4,-0.1980683759415489,-0.9500297460286795,1.3400035674762514,-0.13930248568339484,-1.0164253013632933,1.5762666224732473,9.6860089579211e-4,0.00193720071709667,-0.0577445313451299,1.2000307666850838,-1.2577752980302137,-0.8221616029129493
34037,Sussex,New Jersey,4,-0.6895821944394239,-0.7242161166902675,0.12887060421209395,-0.7415027599800368,-0.7146454878023327,0.037289393882222965,0.001074323404747,0.00189351909191155,0.7005335730656327,1.013807021278843,-0.31327344821321035,-0.20477536865003218
34039,Union,New Jersey,4,0.2589801203440805,-0.9947750483112283,2.1722256575498284,0.3141138742029041,-1.007247830123129,2.309986700379065,0.00107078887090418,0.00163107053433017,0.6751826837535666,-0.10506511688324024,0.7802478006368069,0.5100193837845972
34041,Warren,New Jersey,4,-0.6758971397767017,-0.32873269361620067,-0.5522405404187639,-0.6905929591669849,-0.3042682034202987,-0.6163058689279088,8.1447574731957e-4,0.00187565455906273,-1.1631829718540587,0.9376468463095898,-2.1008298181636484,-1.3732354367697668
35001,Bernalillo,New Mexico,4,0.06948105505087457,1.2645822229766772,-2.1596772990431594,0.12658654831099878,1.2498763386662328,-2.0584504747382493,8.8891563675471e-4,0.00196710260253827,-0.6292745467569083,1.3275086496174229,-1.9567831963743312,-1.2790774407827479
35003,Catron,New Mexico,4,0.769687244294957,2.532665986733391,-3.2628449123660292,0.8267514757073169,2.535044503918512,-3.2106056606181177,NA,NA,NA,NA,NA,NA
35005,Chaves,New Mexico,4,0.22725727412107868,0.6000224415466878,-0.7174829512598622,0.2837701653417513,0.5915158225134164,-0.6146878934252439,9.1101553864824e-4,0.00162306233542156,-0.47076646857045523,-0.13920571463800338,-0.3315607539324519,-0.21672910999527648
35006,Cibola,New Mexico,4,0.8845820195166679,0.9596510790336215,-0.2749347144413514,0.9430857811201679,0.9360425484938553,-0.14322298392717148,7.5779813918549e-4,0.0015560333706135,-1.5696942217600163,-0.42496396709222084,-1.1447302546677953,-0.7482682022413318
35007,Colfax,New Mexico,4,-0.30497933721973153,1.6200313139970728,-3.4087091672685212,-0.249094118261544,1.6311165757910076,-3.3654938649689,7.4364153033048e-4,0.00169538995672749,-1.6712302771712806,0.16914179942158522,-1.8403720765928657,-1.2029837593546666
35009,Curry,New Mexico,4,0.5447646891123937,0.2205863063264807,0.48044364982558363,0.60266391961749,0.25059744538675865,0.5259001877110945,0.00113322361461765,0.00151903566147529,1.122986085133515,-0.5826928047435074,1.7056788898770223,1.1149397609829528
35011,De Baca,New Mexico,4,0.7501719601072602,2.0632697746473285,-2.4598282811968613,0.24755376746995847,2.067195783885148,-3.327783325842855,NA,NA,NA,NA,NA,NA
35013,Dona Ana,New Mexico,4,0.007873401578183429,0.11270988288070485,-0.21170838462835667,0.025137617187782107,0.1427150915962109,-0.23570696012798273,8.7010383676761e-4,0.00174789443548377,-0.7641992300224095,0.3929791828330324,-1.1571784128554419,-0.7564051069053822
35015,Eddy,New Mexico,4,0.06745476664521761,-0.06544967388703382,0.2033851889075412,0.1263953298530965,-0.03543328771769947,0.2521322072652193,7.9148575014376e-4,0.00164263129452793,-1.3280751187697193,-0.05577922024715071,-1.2722958985225685,-0.8316531871368956
35017,Grant,New Mexico,4,0.18351398561368373,1.3205037168037945,-2.0713977382078816,0.2383610033314699,1.2825325962085192,-1.932222719268607,NA,NA,NA,NA,NA,NA
35019,Guadalupe,New Mexico,4,0.12026249582899452,1.9526550747382658,-3.3002792099001645,0.17335143784478949,1.5749867249578986,-2.565599819013105,NA,NA,NA,NA,NA,NA
35021,Harding,New Mexico,4,0.7843132427130951,2.1133643824933124,-2.4927371988198352,0.014962283882318683,2.1174129846359864,-3.8029151876585803,NA,NA,NA,NA,NA,NA
35023,Hidalgo,New Mexico,4,0.2435867673898915,0.9612620132037588,-1.3333127362237596,0.27214360656522457,0.9500712153423209,-1.2785832907920296,NA,NA,NA,NA,NA,NA
35025,Lea,New Mexico,4,0.5218705249147767,-0.2856009525661118,1.3433551654938736,0.5752653207418544,-0.25901337184149936,1.396812099009611,9.0154267814236e-4,0.00137078586374232,-0.5387090739697566,-1.2147121600800321,0.6760030861102755,0.44187843545737304
35027,Lincoln,New Mexico,4,-0.29391801557024316,1.5355950725887273,-3.2402653828186643,-0.23903755737213153,1.546830784759326,-3.197314221946412,NA,NA,NA,NA,NA,NA
35028,Los Alamos,New Mexico,4,-0.11538457790532182,0.7588160496532036,-1.5642295975955336,-0.05811463279667676,0.760841814036723,-1.4848054365057988,8.6368483440904e-4,0.00197246598702726,-0.8102385171030961,1.3503738599515316,-2.160612377054628,-1.412313103918279
35029,Luna,New Mexico,4,0.968004980026478,1.0447578381917062,-0.2889864370386437,1.0033822949270956,1.0445960216088852,-0.2386284029969803,7.6698878251844e-4,0.001300494585762,-1.5037757747451208,-1.514378324042847,0.010602549297726194,0.006930497791801142
35031,Mckinley,New Mexico,4,0.6472308136184282,0.022732007954627154,1.0011955291039862,0.545154617420623,0.04764994027717373,0.7956313472084717,8.0039998074265e-4,0.00158822062641261,-1.2641391987123278,-0.2877430806472535,-0.9763961180650743,-0.6382343481888605
35033,Mora,New Mexico,4,0.8715834263799311,0.9046710134506408,-0.19851839637177648,0.7973722288896105,0.8496196241511542,-0.2289374067888572,NA,NA,NA,NA,NA,NA
35035,Otero,New Mexico,4,0.07177935556883212,0.7831598806251877,-1.2993438011765863,0.04806375140930278,0.7935463970821461,-1.367923799061949,8.6022377815208e-4,0.00174982042990931,-0.8350623999614422,0.4011900928904215,-1.2362524928518637,-0.8080929341830675
35037,Quay,New Mexico,4,0.07167547240088479,2.1210004934170894,-3.679807297499381,-0.03818347234285905,2.0136638225781742,-3.704315982921674,NA,NA,NA,NA,NA,NA
35039,Rio Arriba,New Mexico,4,0.7114382201118108,0.942925110652508,-0.5302876227427946,0.6742275409352948,0.9310877237545213,-0.5791661081480037,7.0447248004154e-4,0.00180709065691694,-1.9521641435567272,0.6453448405315306,-2.597508984088258,-1.6978963995264338
35041,Roosevelt,New Mexico,4,0.4162795293717632,0.505866973433599,-0.23870257874342315,0.46634238477488116,0.5336765232129117,-0.2086136539062765,0.00112247437966166,0.0017729746165733,1.0458888842926624,0.4999011491785076,0.5459877351141548,0.3568921668085413
35043,Sandoval,New Mexico,4,0.39375125745126377,0.2069325855329943,0.25606614113111204,0.4514065064839743,0.23527769464856618,0.30317426098590894,8.7922916266203e-4,0.00169831152442956,-0.6987492620850827,0.18159704296235674,-0.8803463050474394,-0.5754501065570371
35045,San Juan,New Mexico,4,0.16606623021027733,0.18597983696746231,-0.081578219599924,0.19983007688063967,0.21194466897888456,-0.07113170973240784,7.5643461700135e-4,0.00151243716197035,-1.5794738706477747,-0.6108235642256372,-0.9686503064221375,-0.6331711950754292
35047,San Miguel,New Mexico,4,0.8707706115551955,1.4648921959749566,-1.1966050541480264,0.8166561285150405,1.4355536055285172,-1.250499705893862,9.9560170135286e-4,0.00154285665104325,0.13591450929403037,-0.48113903063760305,0.6170535399316335,0.4033452781810891
35049,Santa Fe,New Mexico,4,0.4116980637827976,1.2426366171402514,-1.5571108541310288,0.4139594387926621,1.2350005052842785,-1.5562189273094518,0.00117452843210311,0.00267179285158255,1.4192384065693509,4.331748005917408,-2.9125095993480574,-1.9038007539577453
35051,Sierra,New Mexico,4,-0.42375954132533505,2.518166464760355,-5.202268109603989,-0.4064743593000984,2.5017720961041623,-5.191273721861439,NA,NA,NA,NA,NA,NA
35053,Socorro,New Mexico,4,0.5419998070896124,1.1872424972792166,-1.243988547390982,0.5714368270694341,1.2077209672641813,-1.2466108427799938,NA,NA,NA,NA,NA,NA
35055,Taos,New Mexico,4,0.91727926589554,1.9541576960200984,-1.9905238685442312,0.8320126475085274,1.8710308733063292,-2.0080493178858587,0.00119430517525079,0.00229326056970935,1.5610839932252623,2.717987094118487,-1.156903100893225,-0.756225145568479
35057,Torrance,New Mexico,4,0.46131226584212975,0.7989542881938598,-0.6860105843640968,0.5041371602651347,0.8276048811876736,-0.6745417452640645,NA,NA,NA,NA,NA,NA
35059,Union,New Mexico,4,0.10968192684389515,2.070352988767641,-3.527110677663962,0.1215666990634664,1.8933617203175648,-3.2236991343838373,NA,NA,NA,NA,NA,NA
35061,Valencia,New Mexico,4,0.06610195486358934,0.9973507089797111,-1.6897819927242759,0.1244328320056463,0.9851578271672053,-1.5860681692559453,8.1412297659514e-4,0.00148558838925324,-1.165713164514607,-0.7252854001521152,-0.44042776436249187,-0.2878914837035827
36001,Albany,New York,4,-0.25494633079324375,-0.06333856166242133,-0.33126123372377564,-0.20070008164531594,-0.03532324658506365,-0.2892761462099541,9.8535738821345e-4,0.00199257796455979,0.06243878094505075,1.4361153534916966,-1.3736765725466458,-0.8979220171819489
36003,Allegany,New York,4,-0.5502343301995988,0.07356833147356012,-1.0610904539222774,-0.5677655089920209,0.10180546774290862,-1.1431689291511478,8.9536785050846e-4,0.00191172480938932,-0.5829970561561685,1.0914217364399694,-1.6744187925961378,-1.0945061813698747
36005,Bronx,New York,4,0.5415674234179982,-0.41981799791059443,1.6145891968088684,0.567418544437971,-0.4031113773402337,1.6429072491411012,9.7922464134775e-4,0.00141361229835896,0.018452616464805203,-1.032134267821964,1.0505868842867692,0.6867301322718294
36007,Broome,New York,4,-0.2182039944390969,0.1118290895132269,-0.582417615698493,-0.16668074512189265,0.14184254902143162,-0.5515199350247013,8.608612936307e-4,0.00184096442006209,-0.8304899202365542,0.7897556543957209,-1.6202455746322753,-1.0590951347498037
36009,Cattaraugus,New York,4,-0.24945212467346367,0.04740996046742877,-0.5192583551397829,-0.2483551610002075,0.07589032324511112,-0.5680804287174568,6.4665514378697e-4,0.00151754321977697,-2.36684991454899,-0.5890553904230417,-1.7777945241259485,-1.1620791073686219
36011,Cayuga,New York,4,-0.3624275123929095,0.11670747142419884,-0.8285867388330725,-0.31487995117920103,0.146467699913771,-0.8050453401305722,7.9751590827609e-4,0.00185465859933921,-1.284824755880286,0.8481367550173733,-2.132961510897659,-1.3942387463783055
36013,Chautauqua,New York,4,-0.23973354020783824,0.31499280791915857,-0.9793396756285194,-0.22171208780882548,0.34286767821141634,-1.0040040076931742,7.8967950869022e-4,0.00180294339666472,-1.3410301021411681,0.6276642177509033,-1.9686943198920714,-1.2868633055705012
36015,Chemung,New York,4,-0.4672530720180663,-0.13879005901334318,-0.5466180965350842,-0.42336210471153496,-0.11125452269299399,-0.5211724098987007,8.1798323841052e-4,0.00156111265359644,-1.1380260424359527,-0.4033099398656089,-0.7347161025703438,-0.4802569819276886
36017,Chenango,New York,4,-0.2107512633170292,0.10522886972483222,-0.5584022355456473,-0.20319675833243467,0.13486773005335825,-0.5993989072986095,8.571586898386e-4,0.00208915559082347,-0.8570462648845579,1.8478456224330908,-2.7048918873176486,-1.7680886667642985
36019,Clinton,New York,4,-0.3099382635266789,-0.1872918126905183,-0.20127694021746878,-0.2649572807958789,-0.16018892244791463,-0.17109582989476058,8.1279760984342e-4,0.00196569691352981,-1.175219149551077,1.3215159084837669,-2.4967350580348437,-1.6320241783867278
36021,Columbia,New York,4,-0.6318993963112637,0.07828344207171016,-1.2039555493121297,-0.7576746872939358,0.0957723200858855,-1.4465445612298844,0.0011203999154647,0.00200840804096256,1.0310101153863165,1.503602222519523,-0.47259210713320643,-0.3089161354441808
36023,Cortland,New York,4,-0.2601839800842221,-0.19735395178767345,-0.10144512307660553,-0.28140119347375,-0.1699482700294594,-0.18075720782022597,7.7339498385819e-4,0.00183052551347951,-1.4578283009630528,0.7452524502792194,-2.2030807512422723,-1.4400731232555182
36025,Delaware,New York,4,-0.48353333767416945,0.4733608925926271,-1.6625683368306023,-0.5385802104319591,0.5033524622175579,-1.8168331905512702,0.00121257268574075,0.00221280586093472,1.6921048454880578,2.3749921359390544,-0.6828872904509966,-0.44637838746343883
36027,Dutchess,New York,4,-0.3592912135670143,-0.3159003353086991,-0.053724384696683614,-0.30189930372441404,-0.30069005569250956,0.020391532944035506,9.1907847778798e-4,0.00182963887480906,-0.4129363029103674,0.7414725274092836,-1.154408830319651,-0.7545947323332376
36029,Erie,New York,4,-0.054725063857554525,0.024267068667743596,-0.15742992951066762,-0.033395596592526555,0.05416708692247554,-0.17335246146011773,9.0963228099997e-4,0.00171737685891321,-0.48068766697759296,0.26287648208399184,-0.7435641490615847,-0.48604062555408156
36031,Essex,New York,4,-0.20388733651432123,0.352204054689381,-0.9865190018918322,-0.1873079359733901,0.3822124529137608,-1.017818284481936,9.8578067876389e-4,0.00212334799988007,0.06547476599095667,1.993614889304401,-1.9281401233134443,-1.2603545139634886
36033,Franklin,New York,4,0.007332271945811898,0.011727413648060857,-0.03293095654133941,0.0662906703221602,0.03763439907820383,0.021312605576231464,0.00109677512358126,0.00193243131346197,0.8615650030487225,1.1796978188049638,-0.3181328157562413,-0.20795175907094304
36035,Fulton,New York,4,-0.7330570962098565,0.005193089326828537,-1.240486853819269,-0.8940636313161875,0.02809659503384281,-1.5505367179178944,8.3469359968036e-4,0.00178333798457275,-1.018173598590529,0.5440823167907913,-1.5622559153813202,-1.021189420369177
36037,Genesee,New York,4,-0.5442649275329479,0.07993208003004845,-1.0625831905812704,-0.4994158750929012,0.10830258910834167,-1.0417593322721466,8.5737609710409e-4,0.00174960166396787,-0.8554869453906244,0.40025744872231583,-1.2557443941129403,-0.8208340754741431
36039,Greene,New York,4,-0.41700217068169715,0.29736117944890694,-1.239873491683354,-0.4172792345542003,0.32713459963235964,-1.2993014729383647,0.0011568933728059,0.00212585728286561,1.292753711235782,2.00431247836779,-0.7115587671320078,-0.4651198806879107
36041,Hamilton,New York,4,-0.2917204536102557,0.2236695109096373,-0.9024624579839491,-0.2597377054838453,0.24093465246993379,-0.8836523831278804,NA,NA,NA,NA,NA,NA
36043,Herkimer,New York,4,-0.7886060183863446,0.0407563407650142,-1.3952322679619489,-0.8071396995019354,0.06467262878551339,-1.4724740099226683,8.1576320137281e-4,0.00171406154670672,-1.153948909697784,0.24874262480036027,-1.4026915344981443,-0.9168880341357412
36045,Jefferson,New York,4,-0.73373845184366,-0.4748655059087792,-0.3874862712256071,-0.7904504524391186,-0.457073867228733,-0.5067954361116057,9.5793366780524e-4,0.00175577905297649,-0.13425355006934972,0.4265929276139857,-0.5608464776833354,-0.3666047821119931
36047,Kings,New York,4,0.6822371351778557,-0.7071831996012411,2.3575082551914166,0.7373032775875745,-0.6991784177700912,2.456306069714276,9.1931397186172e-4,0.00161281255827461,-0.41124725862263034,-0.18290262110142252,-0.22834463752120782,-0.14926051854812644
36049,Lewis,New York,4,-0.003535899046652589,-0.10733920759836106,0.16101658486559967,0.04947190296911464,-0.08220846698110881,0.2089536552221688,NA,NA,NA,NA,NA,NA
36051,Livingston,New York,4,-0.5095575152281852,-0.09632342969137442,-0.691836660999201,-0.46091371501316214,-0.07052027963928871,-0.6565425167155479,9.7404655572418e-4,0.00183506814994802,-0.018686390071566313,0.7646186431257502,-0.7833050331973166,-0.5120177846327981
36053,Madison,New York,4,-0.589150722444496,0.1377902788001823,-1.2394371604953913,-0.5673206678203869,0.1675684776025575,-1.2606703048376298,9.4818290761869e-4,0.00180386031890831,-0.20418934731736862,0.6315732457168726,-0.8357625930342412,-0.5463073684304534
36055,Monroe,New York,4,-0.29622088059099194,-0.02451284533782132,-0.46830596700723165,-0.23746502224027,0.005351739049059145,-0.4232380922839709,9.7795539057355e-4,0.00189236506345784,0.009349114470798598,1.0088871608101793,-0.9995380463393807,-0.6533613783303311
36057,Montgomery,New York,4,-0.18302634894706793,0.34280261124478023,-0.9354406099276272,-0.12607877307546503,0.3586140027661385,-0.8740803993889302,8.9831082919969e-4,0.00212779457803106,-0.5618890033359378,2.012571565801891,-2.5744605691378286,-1.6828304956166302
36059,Nassau,New York,4,0.3864047308949869,-1.0852845149051553,2.543087650610693,0.4212953276339768,-1.1649088434988637,2.7707923739225215,8.2746540526949e-4,0.00171866726543832,-1.0700166886795617,0.2683777502988138,-1.3383944389783755,-0.8748593798936302
36061,New York,New York,4,0.7171464968583879,0.4855106719291934,0.29294602568710915,0.7761108718665977,0.5146632858314864,0.33811231109333406,8.9118582752765e-4,0.001601361800453,-0.612991959699783,-0.23171955500081456,-0.3812724046989685,-0.24922379369725056
36063,Niagara,New York,4,-0.3096885724528184,-0.0664261314270062,-0.41591057954185207,-0.25228896979209964,-0.037197399493830365,-0.3712652752208395,8.4784557498928e-4,0.00168836663699503,-0.9238431196311219,0.13919994400248345,-1.0630430636336052,-0.6948722800735929
36065,Oneida,New York,4,-0.05262382122296013,0.026638710850362467,-0.15818949971770346,0.006111826584760634,0.05520430741547222,-0.10984851931861155,8.9388575358844e-4,0.00177198956265605,-0.5936271637290537,0.49570166188562464,-1.0893288256146783,-0.7120543190578155
36067,Onondaga,New York,4,-0.2029554124002713,0.05418935764239223,-0.454755246105321,-0.144185143380913,0.08412044316876481,-0.41051840910935616,9.573614098815e-4,0.00203929948150912,-0.13835798022275014,1.6352987822330167,-1.7736567624557669,-1.1593744042530845
36069,Ontario,New York,4,-0.6235463195497327,0.08509397219111367,-1.2023180616741884,-0.5770127947608734,0.11474985961355548,-1.1817425780455069,9.5729026881594e-4,0.00186846856227623,-0.13886822835128904,0.907011465176493,-1.045879693527782,-0.6836532142359263
36071,Orange,New York,4,0.019221667747716314,-0.7483810333715651,1.3390356268224568,0.06835537535058495,-0.7517764318940394,1.4440357058492501,9.8360649114534e-4,0.00171442555110423,0.049880746492886555,0.2502944503554165,-0.20041370386252993,-0.13100309114941935
36073,Orleans,New York,4,-0.18090341021163647,0.051975508769907405,-0.41450384104588145,-0.1359689774222024,0.08141657741458636,-0.39206261385360985,0.00111717921548138,0.00205461330181434,1.0079101501814642,1.7005847454184624,-0.6926745952369981,-0.4527759898043804
36075,Oswego,New York,4,-0.24391062215717782,-0.13382351926996736,-0.1876818166685792,-0.23410065661958093,-0.10407062349577094,-0.22093748194135965,8.7955448334269e-4,0.00183251047281509,-0.6964159505557305,0.7537147398662996,-1.45013069042203,-0.9478972712676046
36077,Otsego,New York,4,-0.6376848797199673,0.09092268319905397,-1.2359701675077113,-0.6734769395954695,0.11666497776245095,-1.3447949436303561,9.6308766833569e-4,0.00192421837508092,-0.09728729008369975,1.1446843746020958,-1.2419716646857957,-0.8118313471489479
36079,Putnam,New York,4,-0.21955218663697687,-0.911174067880688,1.2354944716400995,-0.16221050417946176,-0.9881448681434193,1.4875168337163163,8.3495212991411e-4,0.00186760845420925,-1.0163193310601921,0.9033446477215947,-1.9196639787817869,-1.254813969014337
36081,Queens,New York,4,0.704977117134102,-0.9024550016910909,2.742382176629185,0.7626379408735521,-0.9151911870976143,2.88660091340888,9.1357803311208e-4,0.00148013882988454,-0.4523873791616639,-0.7485179917086833,0.2961306125470194,0.1935697254227682
36083,Rensselaer,New York,4,-0.7470153123774931,-0.06636353464551041,-1.1361576322911549,-0.7939686295923353,-0.036351373882088936,-1.269046951888069,9.6008046118901e-4,0.00196008667669258,-0.11885601142125295,1.2975983158571802,-1.4164543272784331,-0.9258842672391593
36085,Richmond,New York,4,0.5649706002623641,-1.0261981770365367,2.7320011817385743,0.6120225984235605,-1.041709911848919,2.864865527097738,8.5470810495875e-4,0.00173947684042223,-0.8746227003641892,0.35709324514115787,-1.231715945505347,-0.8051275594901921
36087,Rockland,New York,4,0.33924465989622954,-1.0104382678645207,2.332263466677464,0.3739771665228579,-1.0800883620050912,2.5399985279855066,9.844878788744e-4,0.00176661276698204,0.05620236166310176,0.47277927691357224,-0.41657691525047047,-0.2723010579991789
36089,St Lawrence,New York,4,-0.39450978893465577,0.06884871051521575,-0.7962653338343999,-0.36512490553685467,0.09505936739199719,-0.7957517251833928,9.1854850306222e-4,0.00180390144196494,-0.41673746346177293,0.6317485617587038,-1.0484860252204766,-0.6853568777166326
36091,Saratoga,New York,4,-0.6994878567590859,-0.2619971195506314,-0.7098230739207034,-0.7008410479817635,-0.24489711132671985,-0.7400074832258847,9.0646432280153e-4,0.00198433926862609,-0.503409350007179,1.4009920995483114,-1.9044014495554904,-1.244837413175747
36093,Schenectady,New York,4,-0.5069134285657325,5.060802370510764e-4,-0.8597622339821154,-0.5046972597000566,0.030504801115014458,-0.9106227677655246,9.3886645842296e-4,0.00193126639412578,-0.2710101171402987,1.1747315282660453,-1.445741645406344,-0.9450283134410321
36095,Schoharie,New York,4,-0.6481742829704068,0.22321834288778133,-1.488623893881114,-0.7752881849570935,0.2529167795329864,-1.7582227938196155,9.8715285712726e-4,0.00188036233927083,0.07531649996582501,0.9577170808575571,-0.8824005808917321,-0.5767929113677327
36097,Schuyler,New York,4,0.07470999722789043,0.09231257331869844,-0.0653591399751771,0.13361952246603961,0.12232703953381847,-0.019556989835135985,7.3662862216107e-4,0.00171394174014313,-1.721529260478383,0.24823186479769474,-1.9697611252760776,-1.2875606371414776
36099,Seneca,New York,4,-0.35051680451593364,0.382149787165076,-1.2812498968554582,-0.3401517446926044,0.4090480523063415,-1.3189614990031873,0.00103538178397978,0.00155602369556779,0.42123090923413176,-0.425005213800453,0.8462361230345847,0.5531535310373366
36101,Steuben,New York,4,-0.4439304158124417,0.1059740308011117,-0.9436986683015316,-0.42427130464734547,0.13599043696887436,-0.9672063471850473,8.5948994389288e-4,0.00170375687537088,-0.8403257110247017,0.2048116931281076,-1.0451374041528092,-0.6831680068834615
36103,Suffolk,New York,4,0.2196451249491739,-0.8057650941692319,1.7711662268034667,0.24428510785928217,-0.8106476145405186,1.8409745740983685,9.132582108492e-4,0.00178709089087744,-0.4546812541523575,0.5600817276473301,-1.0147629817996875,-0.6633133605022622
36105,Sullivan,New York,4,-0.32862776913742453,0.201497686995942,-0.92378865294988,-0.3414985254307797,0.22742604822374507,-0.9946458962945159,0.00120493038246744,0.00193334226882144,1.6372916245694134,1.1835814087176433,0.45371021585177007,0.2965737353141345
36107,Tioga,New York,4,-0.6214099667714058,-0.1629948924273921,-0.7573992819625496,-0.6260549257782572,-0.14557723010619464,-0.7948370967382292,8.1780205821934e-4,0.00183061036777264,-1.1393255289245243,0.7456142015696875,-1.884939730494212,-1.232116000882215
36109,Tompkins,New York,4,-0.4014805342192673,-0.31415913984007343,-0.12629449232174483,-0.4549185636955026,-0.3018823177176618,-0.23064979859382917,9.0520289846194e-4,0.00228753407055454,-0.5124567181271513,2.6935738513383702,-3.2060305694655216,-2.0956646517924926
36111,Ulster,New York,4,-0.575628962074967,0.279283065339913,-1.4689158393868056,-0.5679709805835912,0.3085670890241219,-1.5152521987700758,9.8442048429818e-4,0.00206196322307426,0.055718984641417835,1.731918970270736,-1.6761999856293182,-1.0956704819580245
36113,Warren,New York,4,-0.6175227454871063,0.17393480358556968,-1.350465216898766,-0.6183518717134945,0.2039373421858682,-1.410495030046234,9.0657185669895e-4,0.00179901416985071,-0.5026380800032646,0.610913116326572,-1.1135511963298366,-0.7278875948143948
36115,Washington,New York,4,-0.6325200014526179,0.14800978802291956,-1.3290349343479175,-0.7190501821618168,0.16834234719800634,-1.5131126000069406,9.8073178313827e-4,0.00193707793969873,0.02926235444105228,1.1995073414050323,-1.1702449869639802,-0.7649462473861032
36117,Wayne,New York,4,-0.5824691445009829,-0.097344504192586,-0.810081829317419,-0.6084396024679055,-0.07031405523901875,-0.9010089235403216,9.6049499774948e-4,0.00174016578768178,-0.11588281299464094,0.36003036889781803,-0.47591318189245896,-0.31108700026537495
36119,Westchester,New York,4,0.19243382201344383,-0.5708470169694403,1.308390643220737,0.2404991397294006,-0.5865982910323193,1.4318849221269874,9.9774499115301e-4,0.00175960289908015,0.1512869190384316,0.44289476941274736,-0.29160785037431575,-0.1906133615926595
36121,Wyoming,New York,4,-0.7091791979281878,-0.12225353795813328,-0.9744140285624443,-0.7491610625523496,-0.09646687284331115,-1.0868249970389532,9.3843244921653e-4,0.0019881343751081,-0.27412298006421004,1.4171714184335467,-1.6912943984977566,-1.1055371462965438
36123,Yates,New York,3,-0.454534667456526,0.21103460735496204,-1.148084722301045,-0.4656906242697878,0.24044033550533211,-1.2235323515808374,9.0076853847261e-4,0.00199508392394639,-0.5442614692650456,1.4467987733697543,-1.9910602426347999,-1.3014830893439515
37001,Alamance,North Carolina,4,-0.13959303903620549,-0.28321052934670954,0.24988558428843502,-0.09040083588088364,-0.256655116050304,0.29116406958900476,0.00100346196989013,0.00171259146840676,0.19229105186306678,0.24247537888405576,-0.05018432702098899,-0.032803654841450425
37003,Alexander,North Carolina,4,-0.03512448854525552,-0.2965985857715644,0.44573158910440924,0.0039039328107737248,-0.28297121159876987,0.4945148353289296,9.7618953556477e-4,0.00158407775925435,-0.0033162034634676967,-0.3054049747654803,0.3020887713020126,0.197464355377806
37005,Alleghany,North Carolina,4,0.2160838407205755,0.21459846328916518,-0.0501337912956864,0.2734022154484501,0.24371344726369132,-0.006517697577008985,NA,NA,NA,NA,NA,NA
37007,Anson,North Carolina,4,1.347220398263663,0.3759363826930064,1.5254290346269763,1.3224407132661844,0.38979066900490805,1.466579510464999,0.00115596672079975,0.00133412826503606,1.2861074451414756,-1.370991037062021,2.6570984822034966,1.7368478699233523
37009,Ashe,North Carolina,4,-0.22871285155197793,-0.050700552536197686,-0.3105487855033967,-0.17637316498102296,-0.03538277481532478,-0.24891791828195833,NA,NA,NA,NA,NA,NA
37011,Avery,North Carolina,4,-0.48558773648347664,0.040684785634731636,-0.8961318625964962,-0.43286336338737946,0.06872126743793514,-0.8604773464165724,0.00114315327666346,0.00191710926617087,1.1942050278919485,1.1143767822879398,0.0798282456040087,0.052180797688031876
37013,Beaufort,North Carolina,4,-0.014112294433067043,-0.24194671296449197,0.38309500187353707,0.04392230628349494,-0.21591741551437135,0.44017089172807433,0.00112474065511074,0.00144328605746208,1.0621433893038346,-0.9056289343540157,1.9677723236578504,1.2862606304321063
37015,Bertie,North Carolina,4,0.16568055514124913,0.11455220811530065,0.04487107812341151,0.2231570045094857,0.14431882004757374,0.08905157881222009,0.00108722884134203,0.00132576241729042,0.7930957917890656,-1.4066563653113493,2.199752157100415,1.4378973432895692
37017,Bladen,North Carolina,4,0.43388522691906944,0.3261783771475467,0.1099911225394079,0.44852465498337685,0.32180253439245615,0.14284020096360028,0.00128699965091728,0.00154811421908852,2.2259205733685348,-0.45872493754997,2.6846455109185046,1.7548543527341443
37019,Brunswick,North Carolina,4,-0.2623878906664275,-0.421260420494219,0.2933012120271085,-0.22595104614695138,-0.41375175360191613,0.34933238140274037,0.00100007448872011,0.0017310499224299,0.16799487476963562,0.3211675618793198,-0.15317268710968415,-0.10012337032998239
37021,Buncombe,North Carolina,4,-0.29149120433312464,0.24425429586568362,-0.9387095066940145,-0.23256724788230013,0.2705776376015879,-0.8919923397332916,0.00106027435948373,0.0021722997821460102,0.5997690006361334,2.2023063974440635,-1.6025373968079302,-1.047519948078916
37023,Burke,North Carolina,4,0.18899177511834311,-0.34299587627479866,0.8973288631088416,0.228292443390115,-0.3185629001848592,0.9297784234967281,0.00111506309185969,0.00163131203351688,0.99273258558887,-0.10403555621851908,1.0967681418073891,0.71691712733140045
37025,Cabarrus,North Carolina,4,0.12006690261777624,-0.8804272665941735,1.740032400054914,0.17817292552687106,-0.8693694394952415,1.8371635100881412,9.4367769167325e-4,0.00163513114779298,-0.2365023016810137,-0.08775388717310856,-0.14874841450790513,-0.09723138552180634
37027,Caldwell,North Carolina,4,0.23482054326778426,0.12764925263060628,0.13541994970851995,0.2885643666666263,0.14232935961117854,0.2008512023406242,0.00107793850519615,0.00170227021268532,0.7264623137182548,0.1984737445676451,0.5279885691506097,0.34512677185853735
37029,Camden,North Carolina,4,-0.18426968876596403,-0.8612706103149662,1.2048048619097238,-0.15650321250089216,-0.8915017777889351,1.3232024043136228,NA,NA,NA,NA,NA,NA
37031,Carteret,North Carolina,4,-0.672022648105707,0.11734290866438846,-1.3395203567880782,-0.66360291097948,0.1426599001189805,-1.3751945209681748,0.00101669360236935,0.00175081888571033,0.28719285937582545,0.4054467151681083,-0.11825385579228287,-0.07729821040457906
37033,Caswell,North Carolina,4,-0.38153175048836285,-0.5772986877125575,0.3747338472763151,-0.33687028354647114,-0.5629486205056884,0.4340517343969498,NA,NA,NA,NA,NA,NA
37035,Catawba,North Carolina,4,0.2184740076368368,-0.3494502160917879,0.9573601559186738,0.2693660874652868,-0.3205655607950309,1.0013393262154775,9.8680753841654e-4,0.001709798248715,0.07283975570416462,0.23056730928871438,-0.15772755358454976,-0.10310071956548948
37037,Chatham,North Carolina,4,-0.5642788901003861,-0.2984892773552109,-0.4222506191824047,-0.5259584363840267,-0.310523642094881,-0.332655520920789,0.00111807606048043,0.00187993127117802,1.01434263019497,0.955879348986822,0.05846328120814803,0.03821530369129979
37039,Cherokee,North Carolina,4,-0.18880125715202659,0.030122120682805932,-0.38862738738058816,-0.1393012978051867,0.05970190314505064,-0.3585347515069047,0.0011230091809322,0.00201423122716883,1.04972466247907,1.5284276620706825,-0.47870299959161255,-0.31291060182199887
37041,Chowan,North Carolina,4,0.704935973196306,-0.04517400437425601,1.2170359640643376,0.4573641139343634,-0.022144456016385976,0.7758591647613696,0.00130517985149619,0.00138981160228068,2.3563152089958965,-1.1336015266107402,3.489916735606637,2.2812306314749624
37043,Clay,North Carolina,4,0.634452855783775,0.824479750680813,-0.4463190631244802,0.6236919368466566,0.8543759145612775,-0.524859475086582,NA,NA,NA,NA,NA,NA
37045,Cleveland,North Carolina,4,0.3895792309060375,-0.22658547299434204,1.0205135717352813,0.43645524888633164,-0.19915053885408812,1.059508324449871,0.00103147501793251,0.00142672208480775,0.3932102428501729,-0.9762445539291461,1.3694547967793191,0.8951623971310196
37047,Columbus,North Carolina,4,0.07466661783003142,0.10979994551492737,-0.09654418828984021,0.1299334127410463,0.1285448056826626,-0.036835128982324994,0.00120531883899725,0.00133038223202538,1.640077768068865,-1.3869611456536277,3.0270389137224925,1.9786643681772869
37049,Craven,North Carolina,4,-0.019902424199013325,-0.21060645052800903,0.3177997858302037,0.03909056809047625,-0.18312639363458516,0.37322029924146166,0.00107699329506128,0.00152034486493307,0.7196829423580375,-0.5771114013416575,1.2967943436996952,0.8476669226485103
37051,Cumberland,North Carolina,4,0.46467025445717525,-0.24863976111881742,1.1834032933189826,0.5079107203151714,-0.22031796868453127,1.2157958020654485,0.00103486605238688,0.00144572178254022,0.41753190531798573,-0.8952449377671479,1.3127768430851336,0.8581140965863877
37053,Currituck,North Carolina,4,-0.5132245330178814,-0.48283205395970813,-0.010197055211223272,-0.6745816504889891,-0.5004525321587003,-0.2370875874822278,NA,NA,NA,NA,NA,NA
37055,Dare,North Carolina,4,-0.37451812633754766,0.36350498136937764,-1.287599382391095,-0.31560183128464847,0.3869855774567603,-1.238674503946649,8.2117700131705e-4,0.00198635488281203,-1.115119279187133,1.4095850770625176,-2.5247043562496505,-1.650306683289351
37057,Davidson,North Carolina,4,0.02930905335014285,-0.36128343890175546,0.6669203914432624,0.061729537988337434,-0.3358229136830601,0.6852165624479983,0.00103244304116547,0.00166212976108912,0.4001532375763726,0.02734674993630433,0.3728064876400683,0.2436899340721034
37059,Davie,North Carolina,4,0.34268312344200763,-0.12809229107492048,0.7680513104172412,0.4002877096226862,-0.09983161682441125,0.8210970366856905,9.7156086752832e-4,0.00177100594713642,-0.036514598576503965,0.4915083067774084,-0.5280229053539124,-0.34514921617589117
37061,Duplin,North Carolina,4,0.3162500262299011,-0.5297286364185587,1.4391178613400593,0.3545699517254503,-0.5311211778792085,1.5208818765113037,0.00115245781526046,0.0012788730645707,1.2609403708146214,-1.6065553124346592,2.8674956832492806,1.8743768071914813
37063,Durham,North Carolina,4,-0.27834515219840955,-0.2759017896080222,0.008401990728669595,-0.22733840857486273,-0.24594843598107397,0.045337934508240196,0.001090523271451,0.00182599994611478,0.8167245747496495,0.7259590265300652,0.09076554821958438,0.05933011145182443
37065,Edgecombe,North Carolina,4,0.06290269623624112,-0.28409595289317446,0.5849059095848168,0.0929988748002259,-0.2576481401509094,0.5964017453546886,0.00116563109162515,0.00121726343101185,1.3554236282537575,-1.869209842018035,3.2246334702717925,2.107824686076568
37067,Forsyth,North Carolina,4,0.3341095465049375,-0.16416436000650247,0.8181130005027959,0.34222430995632047,-0.1344466689807742,0.7872611162633117,9.3216096625918e-4,0.00151674160528217,-0.3191042073899145,-0.5924728377584133,0.2733686303684988,0.17869105211548011
37069,Franklin,North Carolina,4,-0.46686947215351093,-0.7378153908812031,0.5198023116487595,-0.48852642810646757,-0.7314450758916347,0.48606733936780044,0.00107404699417082,0.00140453072456909,0.6985510615851841,-1.0708508832904937,1.769401944875678,1.1565931859804488
37071,Gaston,North Carolina,4,0.22498795309137964,-0.3428140725630761,0.9562794586492329,0.27936780307369763,-0.31280340677668184,1.0039322934615829,0.00104687827614387,0.00171417224532824,0.5036876951327618,0.2492145557741599,0.2544731393586019,0.16633976234150108
37073,Gates,North Carolina,4,-0.24086343312527939,0.16973836789758162,-0.7227628474780892,-0.18356584830570943,0.19213880174487522,-0.6698871791950496,NA,NA,NA,NA,NA,NA
37075,Graham,North Carolina,4,0.679429034187264,0.004996605085342824,1.0857704971873197,0.6994714515467325,0.033406872572271526,1.0765713091691276,NA,NA,NA,NA,NA,NA
37077,Granville,North Carolina,4,-0.14341665366515624,-0.6786255461132855,0.9471136219824378,-0.08439565720326679,-0.6500163110220132,1.008336817334936,0.00109578849226719,0.00141268977016844,0.8544885447809333,-1.0360671950918035,1.8905557398727368,1.235786980332877
37079,Greene,North Carolina,4,-0.4256613177328648,0.04701815816244117,-0.8087208018578289,-0.5278578074436423,0.01712852771838207,-0.9248944720197178,NA,NA,NA,NA,NA,NA
37081,Guilford,North Carolina,4,-0.09504304282835759,-0.2728274275588764,0.30477135313003584,-0.035988202699491635,-0.24306628970148023,0.3567631695635587,0.00104378985790915,0.00153299222390167,0.48153650001072507,-0.5231931108328097,1.0047296108435348,0.6567549137265521
37083,Halifax,North Carolina,4,0.12034989855461398,-0.11262651548925888,0.37442362420843395,0.17079229096880236,-0.08270847024659556,0.41058876206553396,0.0011564478297262,0.00140431879798434,1.2895581234158557,-1.0717543698754377,2.3613124932912934,1.543503412336933
37085,Harnett,North Carolina,4,-0.25206082687211423,-0.4699462695477453,0.3969286417662305,-0.24565576515836585,-0.4400850362374989,0.36407449403377135,9.7249804942858e-4,0.00144076693581302,-0.029792808469154105,-0.9163684676619869,0.8865756591928328,0.5795220069968902
37087,Haywood,North Carolina,4,0.20099155020646112,0.2834933627245263,-0.19756404741145794,0.24561567064393586,0.3132900501108639,-0.17758716995118412,0.00118503301117053,0.00211504429154893,1.4945808514433645,1.9582144741496856,-0.46363362270632114,-0.3030603025878562
37089,Henderson,North Carolina,4,-0.10264451417256633,-0.018308931576981047,-0.16058634003592442,-0.044377268943756674,0.0018655031623883267,-0.09748800264143417,0.00109340650984924,0.00210731624594595,0.8374041496934729,1.9252682275126123,-1.0878640778191393,-0.7110968671207886
37091,Hertford,North Carolina,4,0.5237556235157252,-0.027129885898403216,0.8865863517231596,0.5772319509313495,-0.0036273418798513646,0.9408994072144135,0.00113609612316463,0.00128432365388012,1.143588701903016,-1.5833183300291334,2.726907031932149,1.782479159734673
37093,Hoke,North Carolina,4,-0.1260952653315878,-0.37506733399440967,0.435544118866592,-0.18741276691357286,-0.35435639903998045,0.3063088366132065,0.00109897928223641,0.00140689470403856,0.8773739851034416,-1.0607727529782058,1.9381467380816475,1.2668954711999993
37095,Hyde,North Carolina,4,-0.1342494031310124,1.0156619741593507,-2.052275363282807,-0.23294690686800612,1.0239657555215638,-2.247160988956446,NA,NA,NA,NA,NA,NA
37097,Iredell,North Carolina,4,0.05279494226700308,-0.6930259745592849,1.2958319640248197,0.11110899683837672,-0.6829879323436454,1.3910986120085271,9.45482571669e-4,0.00167084888323151,-0.2235570831519097,0.06451815954227007,-0.2880752426941798,-0.18830422545577427
37099,Jackson,North Carolina,4,-0.28899856557564213,0.18495049188954446,-0.829091324498866,-0.250424231198411,0.2092216760368008,-0.8112245836968595,8.9040784613206e-4,0.00168778846136416,-0.6185719091707753,0.1367350624641491,-0.7553069716349244,-0.4937164781843082
37101,Johnston,North Carolina,4,-0.16135201207548697,-0.7216645583589869,0.9941551051578418,-0.13423368560686974,-0.7070299316357893,1.02838165582439,9.6167729898032e-4,0.00149862653357306,-0.1074029429553635,-0.6697011113786503,0.5622981684232868,0.36755369913044467
37103,Jones,North Carolina,4,0.14489736304016929,-0.12280715502240416,0.43295880062419356,0.15560647070245348,-0.09330170364807662,0.4045082876876469,NA,NA,NA,NA,NA,NA
37105,Lee,North Carolina,4,0.1293016324541225,-0.5372823589020792,1.144713947539202,0.1868999918615052,-0.5076280562045472,1.2012169300883746,0.00104530563659237,0.00150673496963168,0.49240818474447207,-0.6351331820531263,1.1275413667975984,0.7370324563765599
37107,Lenoir,North Carolina,4,0.1724480027793329,0.12174801447650008,0.043212062155270015,0.23033678100154467,0.13683570645598697,0.11438533074707213,0.00106755400115425,0.00126434974775994,0.6519810881213699,-1.6684711967626635,2.320452284884033,1.5167945920157828
37109,Lincoln,North Carolina,4,-0.090691018003677,-0.696715978340993,1.066122272736426,-0.03162984160982161,-0.6808279086399788,1.1510400356966386,8.7186822109204e-4,0.00162158993194548,-0.7515444603408488,-0.14548287325796674,-0.606061587082882,-0.39616024156332236
37111,Mcdowell,North Carolina,4,0.033496139299264115,-0.6017271333264872,1.1016137418706489,0.08546810404062803,-0.5939632293427913,1.1886129671719707,0.0011652646253525,0.00154746261913827,1.3527952064228488,-0.46150284205164166,1.8142980484744904,1.1859401230344302
37113,Macon,North Carolina,4,-0.15688671629009485,0.4542159511164486,-1.0906242388482879,-0.10056057387729621,0.4841575171977599,-1.0575767876985969,9.6798897241654e-4,0.00205811936791604,-0.06213345572706855,1.7155318257602177,-1.7776652814872862,-1.1619946261936984
37115,Madison,North Carolina,4,-0.41741727432409986,0.20308763355710907,-1.0728250881389523,-0.3587611616496414,0.23292249824047812,-1.033090814170011,8.5252640432495e-4,0.0017173588626255,-0.8902706057851199,0.26279976021097246,-1.1530703659960924,-0.7537198272723558
37117,Martin,North Carolina,4,-0.07690406154495742,0.11960158424867781,-0.3635711918772536,-0.059122227537181125,0.14374431921785796,-0.37697337822352117,0.00113545952665054,0.00153596725269062,1.1390228133070055,-0.5105099516915972,1.6495327649986027,1.0782390974386102
37119,Mecklenburg,North Carolina,4,0.126901222326752,-0.35761287150125154,0.8210924348613327,0.17081672763156078,-0.3294384641518121,0.8542329009440073,0.00106340842908043,0.00173995323571584,0.6222476229878894,0.3591242161843366,0.2631234068035528,0.17199412505581452
37121,Mitchell,North Carolina,4,0.3009627432866245,0.26202699350894126,0.005249237351431513,0.2856579766191831,0.2917589240436566,-0.07262186496127843,NA,NA,NA,NA,NA,NA
37123,Montgomery,North Carolina,4,0.09092829026249467,-0.3192791669063558,0.6936531407201142,0.14506746672726026,-0.2959206542431643,0.7513655598733213,0.00112926199252736,0.00167140741005783,1.0945719723895715,0.06689927418867701,1.0276726982008946,0.6717519688500226
37125,Moore,North Carolina,4,-0.4004833184250674,-0.17022412437672121,-0.38074227027585245,-0.3417265978437208,-0.16539967690918314,-0.28874939431885605,0.00108225727349189,0.00167240925656185,0.7574380015737179,0.07117035173009438,0.6862676498436235,0.44858800447612224
37127,Nash,North Carolina,4,0.06860904190911987,-0.18149268567805218,0.4117501900004137,0.12722348204226838,-0.15370549153024887,0.4661478221514026,0.00115190785754625,0.00129372036400895,1.256995885414495,-1.543258223582279,2.800254108996774,1.830423455144888
37129,New Hanover,North Carolina,4,-0.5209680251101209,0.24903576262358174,-1.3250908111148938,-0.4619441602832482,0.2781429015661637,-1.2851201132254393,9.0993304038469e-4,0.00180548370215087,-0.47853051748895825,0.638494062109992,-1.1170245795989504,-0.730158018124932
37131,Northampton,North Carolina,4,0.486538942762871,0.38759787509498456,0.08741689553284537,0.5381132631196793,0.41687812926558854,0.12013364750244626,0.00128511287086214,0.00150135523010569,2.2123879395160593,-0.6580681172711765,2.8704560567872357,1.8763118948474384
37133,Onslow,North Carolina,4,0.15183785583567763,-0.8083780846513411,1.664158633127633,0.15294463923766147,-0.8149761899672772,1.6976255540574787,9.3253716165909e-4,0.0015278857631336,-0.31640600492052845,-0.5449630025428815,0.2285569976223531,0.149399330561228
37135,Orange,North Carolina,4,-0.24921813391761605,-0.4198697645770573,0.31251327974460363,-0.19059727331677837,-0.4250556806998187,0.4281522554045147,9.99309513138e-4,0.00209594901528521,0.162508207454822,1.876807387066118,-1.7142991796112959,-1.120574528366767
37137,Pamlico,North Carolina,4,-0.37538406234945126,0.385544403045553,-1.32823794364548,-0.3300082705251992,0.4016141517892523,-1.2888125087893878,NA,NA,NA,NA,NA,NA
37139,Pasquotank,North Carolina,4,-0.06515404837819387,-0.3338915129215576,0.46263437244206557,-0.008357867248537857,-0.3057352592222417,0.515154724953423,0.00108868814955519,0.00142724822354762,0.8035624509382363,-0.9740015163515225,1.7775639672897587,1.1619284008168995
37141,Pender,North Carolina,4,-0.010460817402858258,-0.23191537565689507,0.3712599999666863,0.021892312818138988,-0.20475550988272717,0.3836518243973136,0.00105080309906766,0.00163931134728833,0.5318378716298907,-0.06993283762950006,0.6017707092593908,0.39335545203152483
37143,Perquimans,North Carolina,4,-0.4409792890236052,-0.1817052794044569,-0.4269987086884876,-0.39413668654970063,-0.21304011080037907,-0.2898126251615061,NA,NA,NA,NA,NA,NA
37145,Person,North Carolina,4,-0.1761817991656561,-0.27156276509212346,0.16891197355834064,-0.12078658135901871,-0.24246632814195906,0.21537748690046352,0.00105747127008525,0.00145466811936327,0.5796642818152794,-0.8571048652814366,1.436769147096716,0.939163320223298
37147,Pitt,North Carolina,4,-0.18246253686137984,-0.28328045051122863,0.1794177922733849,-0.1603431238571535,-0.2561872969276786,0.17459678677127982,8.9275254375277e-4,0.00151829151179127,-0.6017549334404032,-0.5858652677806271,-0.01588966565977612,-0.01038649193465099
37149,Polk,North Carolina,4,-0.10712282950683837,0.43558964947769496,-0.9755392090451245,-0.048287380306691115,0.46055999498118344,-0.9286590750749659,NA,NA,NA,NA,NA,NA
37151,Randolph,North Carolina,4,0.16304673083608537,-0.3245682276410825,0.8218192066946153,0.218952780667959,-0.2946948254623605,0.8714118911850526,9.5362219651651e-4,0.00172494246981158,-0.1651769012871552,0.29513023619249684,-0.460307137479652,-0.3008859011424569
37153,Richmond,North Carolina,4,0.6645636038668138,0.04660314412220714,0.9872653881205132,0.6829026790561169,0.03408167467110337,1.0479434491062771,9.9583565156367e-4,0.00181080130258075,0.13759248046718198,0.66116408559079,-0.523571605123608,-0.34223956439776737
37155,Robeson,North Carolina,4,0.2239208982835841,-0.3896491266226164,1.0378515173330376,0.2811311257599654,-0.3601109637687968,1.091905640634467,0.001055759291611,0.00133856128058343,0.5673853848700667,-1.3520921807310855,1.9194775656011522,1.2546921175519667
37157,Rockingham,North Carolina,4,-0.0684623589756372,-0.02233584651997498,-0.09713468081799397,-0.010918468767833053,0.004796888363203511,-0.047397662248601806,0.00103507465913084,0.00147665423248661,0.41902810445231375,-0.7633735465541198,1.1824016510064337,0.7728926130134669
37159,Rowan,North Carolina,4,0.31563273201197,-0.31165615138279856,1.050105766220708,0.37184079802431985,-0.28192497399195693,1.101420352898467,0.00102520405896083,0.00152503713421117,0.3482327737294562,-0.5571072930760128,0.905340066805469,0.5917876123595313
37161,Rutherford,North Carolina,4,0.6871915957223033,0.09791749340439254,0.9332276349786747,0.7004718608584227,0.12382866865212534,0.9156543575779419,0.00111736091497285,0.0015591258068376,1.0092133612698724,-0.41178027592594085,1.4209936371958132,0.9288514477233311
37163,Sampson,North Carolina,4,0.7466344254526613,-0.13949512395600022,1.453516415201164,0.761530401146933,-0.1136812223005966,1.4437081166228212,0.00104475268472482,0.0014374801757204,0.48844222424938805,-0.9303806014162953,1.4188228256656834,0.9274324678069433
37165,Scotland,North Carolina,4,0.1450722910321097,0.08075333159053148,0.0710710564185271,0.15888887179029598,0.08517819766188757,0.08904463971827778,0.00118402228874767,0.0013283282512044801,1.4873316034784037,-1.3957176880175979,2.8830492914960013,1.8845436307149122
37167,Stanly,North Carolina,4,0.32115258066355534,-0.2415873874038646,0.9345284905557837,0.37081111154159013,-0.21301167941710147,0.9758152336712025,0.00123318913933931,0.00163971236400041,1.8399731235768686,-0.0682232209708353,1.908196344547704,1.2473179969132138
37169,Stokes,North Carolina,4,0.05148952195139691,-0.02405298688831923,0.10344241107321625,0.10350694660789002,0.00591479577110734,0.13992016271706625,8.2546278577831e-4,0.00155961559545526,-1.0843801627083134,-0.4096922063898037,-0.6746879563185098,-0.44101878332449485
37171,Surry,North Carolina,4,0.3605074030943644,-0.17194121062723594,0.8754183414132587,0.40924394262823754,-0.14664119533015602,0.92007640758501,0.00101853773823748,0.00176740518628272,0.3004196344891372,0.4761575232466572,-0.17573788875752,-0.11487341541823706
37173,Swain,North Carolina,4,0.03930619235838322,0.07193879589424404,-0.087408632159555,0.0935168567974144,0.0891950333284492,-0.026341580990833446,0.00103070438529336,0.00194007390122693,0.38768300118150345,1.212279741115665,-0.8245967399341615,-0.5390086595934863
37175,Transylvania,North Carolina,4,-0.2786626533616514,0.13973656628136905,-0.7316265871194546,-0.22042791178599375,0.16030528446643869,-0.6736444799884452,9.128790766951e-4,0.0017173507231041,-0.45740053437499156,0.2627650597584473,-0.7201655941334388,-0.4707458479768
37177,Tyrrell,North Carolina,4,-0.24027058572128887,-0.5954387560090172,0.6396201889513167,-0.18684374720267524,-0.571643351480448,0.6979174589845487,NA,NA,NA,NA,NA,NA
37179,Union,North Carolina,4,0.1731663788988516,-1.2290589208997578,2.4477571729281133,0.23205427875528448,-1.3081224158804683,2.715163275793565,9.3358336516894e-4,0.0016475595256471,-0.30890227442719087,-0.03476915815925813,-0.27413311626793274,-0.17919076852227447
37181,Vance,North Carolina,4,0.49014143283294737,-0.21028335437094733,1.157102182202692,0.5485442324148754,-0.2151908530943966,1.2738096130437555,0.00115462226683307,0.00131629973727033,1.2764645600510682,-1.4469977149624658,2.723462275013534,1.7802274484200293
37183,Wake,North Carolina,4,-0.24216133523411384,-0.6335322927547867,0.7042829393657273,-0.18309559903939074,-0.6294940160087388,0.8081306774030675,0.00104231648147584,0.00182919698473374,0.47096893876025875,0.7395886592030255,-0.2686197204427668,-0.1755868637896796
37185,Warren,North Carolina,4,-0.03924715338699594,0.37847826080183056,-0.7621570693308019,0.008337983225195458,0.3658183893523498,-0.6646280716884347,NA,NA,NA,NA,NA,NA
37187,Washington,North Carolina,4,0.20249151483390562,0.5869016799345922,-0.7349196239355185,0.253893742586728,0.5967990676334826,-0.6736201944455102,0.00128189862845371,0.00120718794902238,2.189334290253716,-1.9121636924047962,4.101497982658512,2.680998872412058
37189,Watauga,North Carolina,4,-0.5193296531939509,0.1603256793409334,-1.1645595369110442,-0.4744450078090016,0.18859749147288615,-1.1448074140737896,8.0938500369821e-4,0.00177578794317831,-1.1996955315861886,0.5118949386773112,-1.7115904702634999,-1.118803944366034
37191,Wayne,North Carolina,4,0.3826108458240563,-0.49681736121566633,1.4898367670540869,0.44008215159500397,-0.4670355026152627,1.5471482798357559,0.00105328497284183,0.00144440871367346,0.5496387217938548,-0.9008428202018804,1.4504815419957353,0.9481266100792911
37193,Wilkes,North Carolina,4,0.14559523903738641,-0.1581125682290983,0.4969235371487791,0.19055793335088786,-0.1316601379406605,0.5313046604437721,0.00102415435825908,0.00157148071944393,0.34070396017603133,-0.3591087443616499,0.6998127045376812,0.45744191017473973
37195,Wilson,North Carolina,4,-0.13808238655106642,-0.1781221693555964,0.06539942620343303,-0.08269191906443106,-0.14819198988511156,0.10890990113343299,0.00106228471699982,0.00135869018364162,0.61418797443422,-1.2662785301965773,1.8804665046307973,1.2291920171215072
37197,Yadkin,North Carolina,4,-0.13838058742645057,-0.1430943833540073,0.002586780977908487,-0.10384688185526281,-0.12250817234232596,0.027729247921801647,9.5796316608947e-4,0.00137837066133124,-0.13404197825488565,-1.1823766091665544,1.0483346309116688,0.6852579168070014
37199,Yancey,North Carolina,4,-0.3662064229320304,0.0827929110879576,-0.77446843374231,-0.3354336193394554,0.05537736611863253,-0.675279132096653,NA,NA,NA,NA,NA,NA
38001,Adams,North Dakota,4,0.4787886934599436,1.3249142503969478,-1.593023048281625,0.4949893365367856,1.3112138854888524,-1.5591737062651547,NA,NA,NA,NA,NA,NA
38003,Barnes,North Dakota,4,0.1931971322158378,1.0061917358350356,-1.496227343995014,0.21889485551973764,1.0286765079815272,-1.508015376748364,0.00100924835938413,0.00159115655582001,0.23379302244877084,-0.2752266102051093,0.5090196326538802,0.3327274734622904
38005,Benson,North Dakota,4,1.991730317063367,-0.33454180782187026,3.8508145976459414,2.0227322388240734,-0.3243103172287781,3.9091834102259426,NA,NA,NA,NA,NA,NA
38007,Billings,North Dakota,4,-1.1163599003826057,0.4946899533585222,-2.742577754839726,-1.8237349603415733,0.4734723142617657,-3.8895216385249025,NA,NA,NA,NA,NA,NA
38009,Bottineau,North Dakota,4,-0.3781583341350476,1.0220370545850175,-2.4652570500287774,-0.319128174835391,1.0352381942676885,-2.4100231799625984,NA,NA,NA,NA,NA,NA
38011,Bowman,North Dakota,4,0.1490274489350223,0.8445846807347126,-1.2814284774848008,0.04251135569669162,0.8369201754532339,-1.4550938626421426,NA,NA,NA,NA,NA,NA
38013,Burke,North Dakota,4,0.18473935261294394,0.33216907166590215,-0.3109302146014329,0.05291607807292261,0.24318274638226606,-0.3703788443565894,NA,NA,NA,NA,NA,NA
38015,Burleigh,North Dakota,4,-0.17119711159317344,0.09679982834307015,-0.4782723512352005,-0.12451001872350968,0.09887577306938396,-0.4044931188267934,9.6837048181858e-4,0.00190728725277819,-0.05939713941133283,1.0725035206209679,-1.1319006600323007,-0.7398819665545914
38017,Cass,North Dakota,4,-0.6348338673713461,0.09022181348481664,-1.2300284816187141,-0.5757710411444253,0.0892686368485339,-1.13387447730814,7.4542968536925e-4,0.00166946087103116,-1.6584050157714627,0.05860077827444133,-1.717005794045904,-1.1223437429995473
38019,Cavalier,North Dakota,4,0.4938785729014286,1.3733964084394452,-1.654434586008679,0.3601934307953467,1.3827277135108378,-1.910783355392379,NA,NA,NA,NA,NA,NA
38021,Dickey,North Dakota,4,0.13576048608060795,0.5156050720602618,-0.7179527764056116,0.04089304232958354,0.5284143444316832,-0.9030990670903369,NA,NA,NA,NA,NA,NA
38023,Divide,North Dakota,4,0.07049745759650716,0.8066674578952897,-1.3432794667039203,0.10910554662466332,0.7764088266880215,-1.2361121529129275,NA,NA,NA,NA,NA,NA
38025,Dunn,North Dakota,4,0.11409386978251927,0.17925018243438454,-0.15518645230508382,0.07852748557460609,0.1724568252756175,-0.2008419479184564,NA,NA,NA,NA,NA,NA
38027,Eddy,North Dakota,4,-0.08000355624322664,1.6717517477027464,-3.130268071743817,-0.10230348997273915,1.7016347003905943,-3.249401571709857,NA,NA,NA,NA,NA,NA
38029,Emmons,North Dakota,4,0.29302730092580487,1.0845546145933433,-1.4712629575134024,0.09718091153622344,1.057249879035589,-1.7607756605840852,NA,NA,NA,NA,NA,NA
38031,Foster,North Dakota,4,-0.798486405298379,0.619314282484794,-2.440875133813991,-0.7398625770695295,0.5574604724938123,-2.24715654710033,NA,NA,NA,NA,NA,NA
38033,Golden Valley,North Dakota,4,-0.9699374709534099,0.19985270457507331,-1.9768915292430111,-0.9123001930916717,0.1877458224562588,-1.867749271450148,NA,NA,NA,NA,NA,NA
38035,Grand Forks,North Dakota,4,-0.48970931742207013,0.3940515236816118,-1.531630568233489,-0.43282668499565413,0.42339689334155467,-1.4980992508247117,7.3400240441434e-4,0.00165474591492548,-1.740365395133587,-0.0041321037526132216,-1.7362332913809737,-1.1349120531371069
38037,Grant,North Dakota,4,0.1723600929234139,1.5384414344899833,-2.4775204240634654,0.1875593908610582,1.4830055787496446,-2.376715578477094,NA,NA,NA,NA,NA,NA
38039,Griggs,North Dakota,4,0.013733263463369763,1.5952559558486108,-2.839812170647614,0.06750390495571174,1.5974347468659111,-2.781094654647777,NA,NA,NA,NA,NA,NA
38041,Hettinger,North Dakota,4,-0.810321003342219,1.5941028908190509,-4.194711455578011,-0.7575151778515704,1.59859664660026,-4.148256308710014,NA,NA,NA,NA,NA,NA
38043,Kidder,North Dakota,4,0.4504202821762781,1.459099011221243,-1.8784788154319365,0.47222468100409665,1.457658446706215,-1.8601373326262873,NA,NA,NA,NA,NA,NA
38045,LaMoure,North Dakota,4,-0.21173368062839526,0.765155488612255,-1.7341645643051982,-0.18471963206025746,0.6948747070950041,-1.5756811037459921,NA,NA,NA,NA,NA,NA
38047,Logan,North Dakota,4,0.5520570104451887,0.8562066452227175,-0.6384470110556243,0.4195442851567646,0.7727601665454917,-0.7159016553411373,NA,NA,NA,NA,NA,NA
38049,McHenry,North Dakota,4,-0.4248373684499069,0.8142636745463898,-2.1724509262449905,-0.39310985773929663,0.7385527145233356,-1.9990126559825514,NA,NA,NA,NA,NA,NA
38051,McIntosh,North Dakota,4,0.017041856874438894,1.2116104171122042,-2.1517800050954348,0.027514165012548775,1.1106415650048942,-1.9720405378777108,NA,NA,NA,NA,NA,NA
38053,McKenzie,North Dakota,4,-0.6816544569647308,-0.45025701918837974,-0.3455043166610232,-0.7952923131872117,-0.48465974044661947,-0.465209236660312,NA,NA,NA,NA,NA,NA
38055,McLean,North Dakota,4,-0.1636793706688761,-0.13418309299871192,-0.05492714225939932,-0.11026445130195354,-0.2179072134756354,0.1886317394428167,NA,NA,NA,NA,NA,NA
38057,Mercer,North Dakota,4,-0.5993587012365739,-0.5030722219908611,-0.11602076474929957,-0.5544965899459032,-0.5636483070424753,0.07522627499007417,NA,NA,NA,NA,NA,NA
38059,Morton,North Dakota,4,-0.48472297554032245,-0.10486713862558347,-0.6357411993564374,-0.4266853348146756,-0.15214852544823002,-0.45314638191745343,8.8836326953425e-4,0.00167684903208066,-0.6332363139624877,0.0900980272085554,-0.7233343411710431,-0.47281714175061035
38061,Mountrail,North Dakota,4,0.2985445758420781,-0.1398298588743882,0.7162529367668828,0.35762144959261793,-0.13269730536058488,0.8095919135218785,NA,NA,NA,NA,NA,NA
38063,Nelson,North Dakota,4,0.39660511875710075,1.480592963144061,-2.0053371245417693,0.24932154839897294,1.4757257178430083,-2.2614355137906252,NA,NA,NA,NA,NA,NA
38065,Oliver,North Dakota,4,-0.28478229353725193,-0.7257133027685903,0.7981089025799686,-0.22985119299058532,-0.8567090173717791,1.1392861748663927,NA,NA,NA,NA,NA,NA
38067,Pembina,North Dakota,4,-0.09516059630007123,0.8037207335821567,-1.6108218706673598,-0.05575297247237365,0.754795154979078,-1.470026363900217,NA,NA,NA,NA,NA,NA
38069,Pierce,North Dakota,4,-0.6988029464297266,0.8759442284192822,-2.7333259518454147,-0.7244090726552538,0.875387546634338,-2.793198454317949,NA,NA,NA,NA,NA,NA
38071,Ramsey,North Dakota,4,-0.415953529284232,1.0753870930060057,-2.622414155189738,-0.3634596536736399,1.080719532536078,-2.565146178429541,0.00112159681031038,0.00183072790637698,1.0395946558378548,0.7461152927959704,0.2934793630418844,0.19183670081473397
38073,Ransom,North Dakota,4,0.2329839571439929,1.369881936404808,-2.0777906620832303,0.2626712222958146,1.3793244010747725,-2.066024212506521,NA,NA,NA,NA,NA,NA
38075,Renville,North Dakota,4,0.4444295695362883,0.32075796995169226,0.13699825857023518,0.37089461703371424,0.33194661953075694,-0.0038444628086281574,NA,NA,NA,NA,NA,NA
38077,Richland,North Dakota,4,-0.20522300958353804,0.4872360212823093,-1.2289679459455396,-0.20301067696859762,0.5105733983626213,-1.2745841926025574,8.7873257202331e-4,0.00159033052264176,-0.7023109805111694,-0.27874815940644143,-0.4235628211047279,-0.2768674885563143
38079,Rolette,North Dakota,4,1.9235040549224227,-0.3065713943555393,3.6887029190058125,1.895923107943184,-0.3403796395211173,3.728257173198755,0.00115888601814982,0.0013314844285239,1.3070456472585572,-1.382262255462199,2.6893079027207563,1.7579019873343393
38081,Sargent,North Dakota,4,0.08518717798661794,0.6405057368521361,-1.0234545178839458,0.06740892222990502,0.6268351128788294,-1.0361798497184036,NA,NA,NA,NA,NA,NA
38083,Sheridan,North Dakota,4,0.5644569003734461,1.3462494368008264,-1.4899148882307687,0.6231869049740156,1.360867648441818,-1.4363327014810798,NA,NA,NA,NA,NA,NA
38085,Sioux,North Dakota,4,2.1702848332391302,0.2877643730053657,3.0376259880358054,2.1966012608040195,0.09342250988158056,3.445811123720238,NA,NA,NA,NA,NA,NA
38087,Slope,North Dakota,4,-0.9391614305699497,1.0471686382661072,-3.433761918553103,-1.031769534130656,0.6886296833083204,-2.965977702773845,NA,NA,NA,NA,NA,NA
38089,Stark,North Dakota,4,-0.09395639651343031,-0.05513671502129256,-0.08075565163912089,-0.056120289615982887,-0.04695654245109262,-0.02913923946167339,9.5187266611342e-4,0.00158275241871816,-0.17772513354893482,-0.31105517384900966,0.13333004030007484,0.08715295953198357
38091,Steele,North Dakota,4,0.047779468289854986,1.4753516273342588,-2.570414727758852,0.03956666005626608,1.4816303873787091,-2.6191111443512156,NA,NA,NA,NA,NA,NA
38093,Stutsman,North Dakota,4,-0.5691726299615995,0.7771539650260394,-2.344098641231393,-0.5101980089524866,0.8000220567729732,-2.303263838416628,9.1209615393594e-4,0.00177076033414213,-0.4630159250007403,0.4904612081055226,-0.9534771331062628,-0.6232530479197392
38095,Towner,North Dakota,4,-0.10010779101032885,1.0273341546359909,-2.016822371258091,-0.044932758130778204,1.0190349038073236,-1.9272083404485203,NA,NA,NA,NA,NA,NA
38097,Traill,North Dakota,4,-0.349028460071626,0.38481266600540676,-1.2835368817881985,-0.29800213553620963,0.35420239011433813,-1.1506121957793494,8.1525567256358e-4,0.00152381131590448,-1.1575890804353226,-0.5623332084418433,-0.5952558719934793,-0.3890969417414566
38099,Walsh,North Dakota,4,0.16178321299779955,0.8047475444927219,-1.1895454362771525,0.10686078226583799,0.8170987374130384,-1.312984014406826,NA,NA,NA,NA,NA,NA
38101,Ward,North Dakota,4,-0.21473387099448418,0.24227569224850246,-0.8087946660402552,-0.17481086453938346,0.25217803751052553,-0.7633476770456727,8.6286256438317e-4,0.00162510396355622,-0.8161361198245423,-0.13050183431414047,-0.6856342855104018,-0.44817399743031566
38103,Wells,North Dakota,4,0.1017033045708644,1.440882129079481,-2.4202913153351178,0.0713626588841872,1.464343853174141,-2.5354216265746112,NA,NA,NA,NA,NA,NA
38105,Williams,North Dakota,4,-0.5920279647761489,0.1454601000659584,-1.257821230704399,-0.569949455572642,0.172006500077376,-1.2729991463175874,0.0010547478917871,0.00177573600220995,0.5601312783524527,0.5116735036545295,0.04845777469792323,0.03167507088239885
39001,Adams,Ohio,4,-0.3093662516963526,-0.27493221441869975,-0.04440479869533159,-0.5367600218450606,-0.2449162278412647,-0.4684854301570792,8.239430585642e-4,0.00163662469682088,-1.095280167660225,-0.08138658072000245,-1.0138935869402226,-0.6627450689542079
39003,Allen,Ohio,4,-0.029281829180465957,0.18469735864543732,-0.4009714933490725,0.024310373375465506,0.1904705618294879,-0.32293679313009105,6.400957069447e-4,0.00116458228235846,-2.413896445925585,-2.0938004055092287,-0.3200960404163564,-0.20923504706043233
39005,Ashland,Ohio,4,-0.41224607937819774,-0.4297119319614896,0.06157021900607096,-0.3623107025672987,-0.41131298572475733,0.11932760621561733,9.1436042133515e-4,0.00161447053246914,-0.44677582241213637,-0.1758343363710863,-0.27094148604105006,-0.17710451684651907
39007,Ashtabula,Ohio,4,-0.2209972468158243,0.23250339735447625,-0.8017215060860806,-0.20651226194313535,0.22677819459649795,-0.7701334722105376,8.4189347074719e-4,0.00153492289146793,-0.9665336532418316,-0.5149622782161289,-0.45157137502570266,-0.2951756534749651
39009,Athens,Ohio,4,-0.7841729350774481,0.18653924509157987,-1.6473100562338239,-1.0471594731907785,0.20284141903192027,-2.1180276461469627,7.2532565468915e-4,0.00184995059324848,-1.8025980208923174,0.8280655574853325,-2.63066357837765,-1.719568342382669
39011,Auglaize,Ohio,4,-0.34779124855258053,-0.48490030490631303,0.26589789423734755,-0.2887921002070306,-0.48953474718327356,0.38160852852078253,9.0400342766033e-4,0.00170662756324117,-0.5210597342183503,0.21705002548941713,-0.7381097597077674,-0.4824752911886597
39013,Belmont,Ohio,4,-0.6763220537459892,-0.1125372645083464,-0.9375961805881101,-0.6756230687535482,-0.08362299350362083,-0.9882418027205716,8.551445186308e-4,0.00161759309941532,-0.8714925917879514,-0.16252219174425456,-0.7089704000436968,-0.4634279600105166
39015,Brown,Ohio,4,0.09338517287542729,-0.4394466913032088,0.9115014673762452,0.030781129550462676,-0.4096040748505588,0.7666629706383682,9.674260415658e-4,0.00165182999810068,-0.06617098891307706,-0.016563256442240937,-0.04960773247083612,-0.03242675612168151
39017,Butler,Ohio,4,-0.21531927080920787,-0.5250745633182538,0.555514624614772,-0.17179494743195664,-0.5022581507414641,0.5980672712816189,9.1138653727167e-4,0.00173806629386348,-0.4681055391648397,0.3510797952723142,-0.8191853344371539,-0.5354714221994945
39019,Carroll,Ohio,4,-0.26538637524593023,0.057273085782974395,-0.5630454315051999,-0.22616652120558015,0.08386686026714378,-0.5457084808899735,7.8103654347133e-4,0.00153751314984326,-1.403020413830275,-0.5039194744243836,-0.8991009394058915,-0.5877093235017007
39021,Champaign,Ohio,4,-0.09280116238457681,-0.2965944413122212,0.35074938990121673,-0.15406639893514681,-0.2666760631096945,0.20384031230879363,8.817904205191e-4,0.00152558412537858,-0.6803790420442881,-0.5547753573142931,-0.12560368472999506,-0.08210252414013172
39023,Clark,Ohio,4,-0.16171626440692724,0.10930164448972572,-0.4849037538974998,-0.1713683686766331,0.1227087036981219,-0.5248747053137146,9.304924090348e-4,0.00177907956759012,-0.33107167223454514,0.5259278100240179,-0.856999482258563,-0.5601891443827219
39025,Clermont,Ohio,4,-0.23015228324599893,-0.24338707859323155,0.02990972735827041,-0.19356591478458396,-0.21395434827448118,0.04369455335390393,8.8838517411172e-4,0.00187515434711899,-0.6330792068180766,0.9355143399922213,-1.5685935468102978,-1.025332097699921
39027,Clinton,Ohio,4,-0.1429290669914507,-0.19310563278754814,0.08407716125163314,-0.20477700885626407,-0.16382355769770496,-0.06498701275701102,8.5631023746155e-4,0.00165596945649135,-0.8631316564110378,0.0010841053991957035,-0.8642157618102335,-0.5649061617804724
39029,Columbiana,Ohio,4,-0.386656804378999,0.17403792812772007,-0.9704871688927248,-0.40295942418488845,0.1876184963136569,-1.0247675419815154,8.7497376564434e-4,0.00164175323818025,-0.7292704293936079,-0.05952255491131937,-0.6697478744822885,-0.4377896329290708
39031,Coshocton,Ohio,4,0.32057415758956664,-0.312631325769559,1.0599777307087654,0.36397067370536335,-0.2875313100511631,1.0984782927292758,9.5564067673889e-4,0.00164207237115185,-0.15069966865290152,-0.05816202546668177,-0.09253764318621975,-0.06048846496740707
39033,Crawford,Ohio,4,-0.004808118669797967,0.08682763453793227,-0.18654092605558273,0.04723556980345306,0.10643846341769252,-0.13392088918528228,8.6211836879509e-4,0.00167428559200997,-0.8214737458931872,0.07916955536106285,-0.9006433012542501,-0.5887175088997635
39035,Cuyahoga,Ohio,4,-0.07028517733941116,0.30655679919231726,-0.6853036456106464,-0.024357100332732973,0.31627942758244404,-0.6296575254123827,9.6771147945805e-4,0.00167295290835016,-0.06412373042477679,0.07348805103241716,-0.13761178145719394,-0.08995177675991914
39037,Darke,Ohio,4,-0.23286569112887298,-0.15980621390954117,-0.12326585301481285,-0.17971928216433297,-0.14033147848197142,-0.06576377439819767,9.9171696892961e-4,0.00197879684240142,0.1080518756206106,1.377363597499184,-1.2693117218785734,-0.82970254026313
39039,Defiance,Ohio,4,0.37632257331398766,-0.4615059498910738,1.4166557838967875,0.3204222754058223,-0.44393540338081283,1.3076272163149512,8.0421066738048e-4,0.00148325046321781,-1.2368076468148028,-0.7352524593207116,-0.5015551874940912,-0.3278482393041419
39041,Delaware,Ohio,4,-0.7203376014753844,-0.8947668427573656,0.38167106690967456,-0.6741922475542205,-0.9377784643471683,0.5498389243570974,8.894056935839e-4,0.00185600304438519,-0.6257596910543234,0.853868400552406,-1.4796280916067293,-0.9671786410621608
39043,Erie,Ohio,4,-0.1574849212493329,0.009451402534091357,-0.3002820710600832,-0.10180733878892008,0.03458425401833796,-0.2513376053162516,8.7332062343306e-4,0.00160806375465542,-0.7411273324758613,-0.20314774688180498,-0.5379795855940563,-0.3516575330419867
39045,Fairfield,Ohio,4,-0.31829207676724236,-0.6095180831714483,0.5361940369201907,-0.2759613145188408,-0.5847310865914073,0.5739948127171747,8.665702092081e-4,0.00164932336642976,-0.7895436191596571,-0.027249542406519462,-0.7622940767531377,-0.49828369265632705
39047,Fayette,Ohio,4,-0.08590572054713524,-0.02627659676197349,-0.11884685325932773,-0.02993183501218789,-0.004077837478043356,-0.06290093535650325,9.1078551450318e-4,0.00173701211115873,-0.4724162806531333,0.34658559775129616,-0.8190018784044295,-0.5353515037163084
39049,Franklin,Ohio,4,-0.24109580369223138,-0.21649497094792744,-0.035957277850908076,-0.18431349697180724,-0.1878905615443652,0.012142648299025338,9.6489888433218e-4,0.00176842196591352,-0.08429662758359865,0.480492263776523,-0.5647888913601217,-0.36918179340560703
39051,Fulton,Ohio,4,-0.3974831870530298,-0.3403761833977321,-0.07306666491496983,-0.3390345476502805,-0.3300895705213708,0.011806058643756834,8.4821015605638e-4,0.00157255787127532,-0.921228219141174,-0.3545166247332589,-0.5667115944079151,-0.37043859390262357
39053,Gallia,Ohio,4,-0.5278117201468792,-0.23601645532848678,-0.4733529307239066,-0.5741510871802218,-0.20617155133809337,-0.6000127950365314,9.8424498497423e-4,0.00164748177093687,0.05446024328155272,-0.03510064246875028,0.089560885750303,0.058542667757975016
39055,Geauga,Ohio,4,0.25812588083324156,-0.6825910787714633,1.6153797856037648,0.2554051371284329,-0.7557745120375394,1.7607156246116453,7.738605301987e-4,0.00179492585415101,-1.4544892428940854,0.5934837862873455,-2.047973029181431,-1.338684891515373
39057,Greene,Ohio,4,-0.44535640027159706,-0.3326248101090514,-0.16568964225114668,-0.41213321326900304,-0.3079320461592334,-0.14898036269709647,8.9563909872797e-4,0.00166664739696175,-0.5810515708688057,0.04660636010459403,-0.6276579309733997,-0.4102769798534559
39059,Guernsey,Ohio,4,-0.30292513743372856,0.18768304586581058,-0.8568856567138996,-0.2968815281834078,0.19311514425725992,-0.8591341596642541,8.2868775864215e-4,0.00153266154186651,-1.061249550938476,-0.5246028763089122,-0.5366466746295638,-0.3507862580083431
39061,Hamilton,Ohio,4,0.0396141522537237,-0.015660687957036033,0.06895589995470709,0.07484322245936337,0.014009078350302939,0.07794033333956527,9.3876772067057e-4,0.00174919955721686,-0.2717182981743681,0.3985431850036728,-0.6702614831780409,-0.43812536010484787
39063,Hancock,Ohio,4,-0.5175278613458144,0.04334879400350007,-0.9534667331611509,-0.47936144345444026,0.07264198404268647,-0.9444620289412348,8.8887629712094e-4,0.00179715788438469,-0.6295567041065425,0.6029993898898744,-1.232556093996417,-0.8056767337593838
39065,Hardin,Ohio,4,-0.47441400997698285,-0.21902415779745105,-0.41565695168580347,-0.5158973972184813,-0.20190789398928138,-0.5112922828040118,8.3845572963621e-4,0.00157568687731978,-0.9911903118744897,-0.3411770289071265,-0.6500132829673633,-0.42488985391595696
39067,Harrison,Ohio,4,-0.5636475030484682,0.14314262281808496,-1.2069645237241695,-0.6559522646804912,0.15669506481422008,-1.3877700672628943,0.00102358003849566,0.00165341817462711,0.33658474180109205,-0.009792533515503693,0.34637727531659573,0.22641412685787166
39069,Henry,Ohio,4,-0.13140074585203843,0.08083785645584361,-0.3843409927042863,-0.0973780947021781,0.10183157978717187,-0.3649151057509431,8.5647185619026e-4,0.00162397443397921,-0.8619724714422456,-0.1353172510365378,-0.7266552204057078,-0.4749878787645493
39071,Highland,Ohio,4,-0.1602169804931907,-0.3836364896286833,0.39460297401634203,-0.18666535010070776,-0.3539404563793159,0.3067976723618366,8.3894691755822e-4,0.00165885080818042,-0.9876673435861554,0.013367899811543377,-1.0010352433976988,-0.654340041160863
39073,Hocking,Ohio,4,-0.2689662745670618,-0.45061315266470003,0.3346932634760368,-0.43170650257899273,-0.4258907201942149,0.030715419274310873,7.402800167683e-4,0.00177418379182222,-1.695340205672585,0.5050561117686604,-2.2003963174412453,-1.438318407289779
39075,Holmes,Ohio,4,1.98995571751629,-0.9175456859474214,4.885175702168667,1.967865328019392,-1.0544358625890395,5.131116829365611,9.4271503839951e-4,0.00164058260536637,-0.24340678121741804,-0.06451320317983783,-0.17889357803758021,-0.11693617381463164
39077,Huron,Ohio,4,-0.20533312184031086,-0.0037071606812811853,-0.3556608013806532,-0.18403292957646025,0.02193055473222554,-0.3646371869256327,8.7369184627174e-4,0.00175118731813361,-0.7384647949215514,0.40701741830704835,-1.1454822132285998,-0.7487597299861073
39079,Jackson,Ohio,4,-0.30942069527678806,-0.6607875498920628,0.6420212137127177,-0.39646421290587597,-0.6349592605972438,0.4649181241881244,9.5823546500687e-4,0.00171048959807028,-0.13208895700179302,0.23351467367313994,-0.36560363067493296,-0.23898169052710835
39081,Jefferson,Ohio,4,-0.5829390742182405,0.10045333775264842,-1.1627785205509975,-0.5458179208245556,0.11954281369946437,-1.1387450931325147,8.9125159497581e-4,0.00176552072443036,-0.612520252998763,0.46812367508431296,-1.080643928083076,-0.7063773199253796
39083,Knox,Ohio,4,-0.32217689287924284,-0.29612306931902327,-0.02779691024807396,-0.28979712236304156,-0.28388240703564865,0.010196738196618205,8.9135220257754e-4,0.00163021257151523,-0.6117986607637382,-0.1087227886878108,-0.5030758720759274,-0.32884225506775683
39085,Lake,Ohio,4,-0.4586751283400074,0.0011749996950225939,-0.7815195016756554,-0.40237939359968355,0.02973759521542607,-0.7399487308627016,7.9739257385186e-4,0.00159485761248882,-1.2857093526831642,-0.25944824500222063,-1.0262611076809436,-0.6708292638753314
39087,Lawrence,Ohio,4,-0.1734752862753115,-0.1453649646656989,-0.05116300691964806,-0.24066439545114426,-0.12530341689965824,-0.1936226980799403,8.8170559785268e-4,0.00151759865246503,-0.6809874193079367,-0.5888190694815768,-0.09216834982635991,-0.0602470714361754
39089,Licking,Ohio,4,-0.4653716998133992,-0.592727409434867,0.2641274258063011,-0.49129844446186516,-0.571345972753287,0.19363350303036453,9.1542378237011e-4,0.00171342069366418,-0.4391490322624836,0.24601053657490976,-0.6851595688373934,-0.44786369254404435
39091,Logan,Ohio,4,-0.2904289209480179,-0.5316438828861246,0.44352149114668865,-0.2647830543182354,-0.5098469866386033,0.4578538028595983,9.6397572446175e-4,0.00164718305381078,-0.09091784688247535,-0.036374134968210105,-0.05454371191426525,-0.03565322493332896
39093,Lorain,Ohio,4,-0.3151407908552929,-0.0914917882714372,-0.3802916827741142,-0.2631862772749998,-0.06149054383173673,-0.3456184910573662,9.2413263141656e-4,0.00163560682335773,-0.3766861791593726,-0.08572598448197555,-0.29096019467739703,-0.19019001280631564
39095,Lucas,Ohio,4,-0.2798560560510826,0.20230694398992907,-0.844917251420108,-0.24152799142329195,0.21373767399743243,-0.8046243642323314,9.2301397168643e-4,0.00159942748168564,-0.3847095905220901,-0.239965953438162,-0.1447436370839281,-0.09461360933287737
39097,Madison,Ohio,4,-0.5604217993093029,-0.10155038293926885,-0.7662938637199551,-0.6606390215130905,-0.1119730876513823,-0.912477733392725,8.6919486734915e-4,0.00177359918873168,-0.7707186705314433,0.5025638286488127,-1.2732824991802558,-0.8322980918185422
39099,Mahoning,Ohio,4,-0.33575726571106074,0.16949929041652428,-0.8785969270025253,-0.2766823496682203,0.18790133852289864,-0.8163386280659269,8.9047819193893e-4,0.00150430411131452,-0.6180673649103907,-0.6454964306377432,0.027429065727352486,0.01792937473022412
39101,Marion,Ohio,4,-0.5021175779146111,0.3816558554885185,-1.530008527315568,-0.5861076840459153,0.35731572943043183,-1.6329078333644513,9.9032591486542e-4,0.00178564912620986,0.09807475864378015,0.5539351885647463,-0.4558604299209662,-0.2979792514254051
39103,Medina,Ohio,4,-0.8064811287207512,-0.6839537695679461,-0.1352590887918519,-0.7902884951062333,-0.6840214020316098,-0.09849126881453363,8.2614616912509e-4,0.00172427265662239,-1.0794787028971085,0.2922746849101247,-1.3717533878072332,-0.8966649018207795
39105,Meigs,Ohio,4,-0.7678390625749559,0.14686113301358267,-1.5498179643781878,-0.8658050612873632,0.16049433656420503,-1.7418223347051347,9.0478607953323e-4,0.00159284933161459,-0.5154462864817915,-0.26800995910149833,-0.24743632738029314,-0.1617400563172689
39107,Mercer,Ohio,4,0.08960864493773187,-0.5618922784224256,1.123138523273708,0.062272733578329666,-0.6262526769269551,1.2082882430337145,8.2633682398619e-4,0.00152185664119546,-1.0781112608253982,-0.5706663884419443,-0.5074448723834539,-0.3316981104034345
39109,Miami,Ohio,4,-0.6254901354650098,-0.29779731803913045,-0.524276877865254,-0.6165322471359881,-0.2761600782724937,-0.5443018607080319,9.3675037628718e-4,0.00185409658617099,-0.2861873841817134,0.8457407773789498,-1.1319281615606633,-0.7398999432954898
39111,Monroe,Ohio,4,-0.579771947180516,-0.19151976998252698,-0.6380833332397662,-0.5244825063257771,-0.17546476507132797,-0.5730401061720041,NA,NA,NA,NA,NA,NA
39113,Montgomery,Ohio,4,0.012827378672885414,0.2794369043939815,-0.5001923030697374,0.05944895918185622,0.2863536976089766,-0.4371879972006392,9.5819683391472e-4,0.00172270683418751,-0.13236603244784928,0.2855992620697721,-0.4179652945176214,-0.2732085906288303
39115,Morgan,Ohio,4,-0.08224678779680746,-0.18489946529768492,0.16940079386805884,-0.2003893951526187,-0.15614165630271562,-0.07153882298810799,NA,NA,NA,NA,NA,NA
39117,Morrow,Ohio,4,-0.3951901018095018,-0.5896597262815536,0.3742357797683412,-0.3974765554346784,-0.5637367380258697,0.33518986769809156,0.00116846188442286,0.0017995580053534,1.3757270453580852,0.613231598841053,0.7624954465170322,0.49841532068886796
39119,Muskingum,Ohio,4,-0.44310801289969387,0.05103778362189622,-0.844601602277076,-0.43462684550630587,0.051888030107544836,-0.8331301825468381,9.6288595294872e-4,0.00161843419247422,-0.09873406204148033,-0.15893643917667638,0.06020237713519605,0.039352086944429654
39121,Noble,Ohio,4,-0.3282450238780722,1.1719946821983438,-2.6498713035245616,-0.43908829017372647,1.0516087491923591,-2.6379417559227356,NA,NA,NA,NA,NA,NA
39123,Ottawa,Ohio,4,-0.5945538470431897,0.13155737298182132,-1.2372447430574411,-0.535767905260716,0.1598098835836552,-1.1945138314339885,8.5509943228527e-4,0.00177756414544527,-0.8718159665258507,0.5194672539780937,-1.3912832205039445,-0.9094308375007821
39125,Paulding,Ohio,4,-0.5507882604146709,-0.1972527509107678,-0.5801564292162493,-0.5128676642633098,-0.16774341686665906,-0.5677047015218735,8.1051863645511e-4,0.00141271404813361,-1.1915647285386857,-1.035963693136791,-0.15560103540189463,-0.10171069258657414
39127,Perry,Ohio,4,-0.382028101767739,-0.6996553335411189,0.5916140483330051,-0.47012064567979395,-0.6712770190275568,0.40834339537714026,9.3639050582542e-4,0.00163729566547685,-0.28876849859409665,-0.07852610344528113,-0.21024239514881551,-0.13742774632838833
39129,Pickaway,Ohio,4,-0.48254063394296987,-0.24121541466721325,-0.38955608202156844,-0.7031533536281934,-0.2121838632511131,-0.8026496026462009,8.0421713359933e-4,0.00161585919594842,-1.2367612688748464,-0.16991417856733174,-1.0668470903075147,-0.6973588328566241
39131,Pike,Ohio,4,-0.01658131424986246,-0.3425509687419558,0.5580248992407322,-0.2560852558747537,-0.31327437857019597,0.11882099238841182,8.8192511088437e-4,0.00160099713344313,-0.6794129965363925,-0.2332742054085382,-0.4461387911278544,-0.29162457253673324
39133,Portage,Ohio,4,-0.700344001454507,-0.18083857311909507,-0.8556305423345586,-0.7744446226791194,-0.15082289157509812,-1.0309306394872408,7.7724348171886e-4,0.00166093639526124,-1.4302255540034354,0.022259186157122263,-1.4524847401605576,-0.9494360272834015
39135,Preble,Ohio,4,-0.5761447737856239,-0.37761280226546956,-0.30101293641614246,-0.7574632743148778,-0.35085707723427684,-0.6431855547592568,9.1247787135527e-4,0.0015405192262515101,-0.4602781167136361,-0.4911039529013348,0.030825836187698685,0.02014971905625691
39137,Putnam,Ohio,4,-0.27704398582361595,-0.594660025507599,0.5776807728904525,-0.2741054256017981,-0.6721729898532002,0.7342801376209142,8.095330267107e-4,0.00155802461138906,-1.1986338597584036,-0.4164748984355742,-0.7821589613228295,-0.511268639462864
39139,Richland,Ohio,4,-0.3265393675144153,0.061346846627287954,-0.670992683679223,-0.2781966760095871,0.08398667190228001,-0.6320127399004309,9.2263204839352e-4,0.00152389586991475,-0.3874488754051383,-0.5619727373189201,0.17452386191378177,0.11407985057609579
39141,Ross,Ohio,4,0.08974545805682223,-0.05232614722167998,0.21674130579681578,0.14799459452438107,-0.047390739250392964,0.30936893007554656,8.6277978014841e-4,0.00161154239353567,-0.8167298767570013,-0.18831759442180435,-0.628412282335197,-0.4107700716845215
39143,Sandusky,Ohio,4,-0.47475996092400785,-0.16823786752781977,-0.5065858322027421,-0.43319193930516153,-0.13854023328304926,-0.4883789601091255,8.6793641548454e-4,0.00152908129648536,-0.779744719041092,-0.5398661981639397,-0.23987852087715233,-0.15679979527154841
39145,Scioto,Ohio,4,-0.16526095311965802,-0.16332622509814723,-0.005679896570345622,-0.18731880969344908,-0.1345647552600531,-0.08870609154106054,9.4017054387889e-4,0.00165902925715577,-0.2616567688582012,0.014128664467453922,-0.27578543332565514,-0.18027082760979585
39147,Seneca,Ohio,4,-0.004931025047125966,0.08356732378063043,-0.1809425525676705,0.04581040636217785,0.1131571841587855,-0.14835875960023848,8.2895162117013e-4,0.00159933747466296,-1.0593570383645734,-0.24034967187366696,-0.8190073664909064,-0.5353550910772479
39149,Shelby,Ohio,4,0.1360525793274549,-0.6555389002710944,1.3662331788798454,0.17291442244532748,-0.6404429167991026,1.4168685372176968,9.2750073478725e-4,0.00179571552662733,-0.3525289862906713,0.5968503223436695,-0.9493793086343408,-0.6205744502866265
39151,Stark,Ohio,4,-0.45312817216746687,-0.002912564479570201,-0.7651128453293482,-0.397736938437009,0.020106201510044164,-0.714950757524735,9.1806601511486e-4,0.00163184522567165,-0.4201980325472193,-0.10176244848359171,-0.3184355840636276,-0.2081496676141477
39153,Summit,Ohio,4,-0.3036665894954504,-0.05491561779748827,-0.42647388257097074,-0.24662716060125087,-0.02665568469913615,-0.38085055717923993,9.345393660433e-4,0.001695398594304,-0.302045508181376,0.16917862318540117,-0.47122413136677715,-0.30802193983496906
39155,Trumbull,Ohio,4,-0.30121594336271756,0.22246451679672488,-0.9159545268320106,-0.24509753073005924,0.23876717301530884,-0.85553183956790535,9.0245307208401e-4,0.00160811410758838,-0.532179416291694,-0.20293308198029905,-0.32924633431139494,-0.21521625873445005
39157,Tuscarawas,Ohio,4,-0.3148472792209174,-0.13374398820270167,-0.3046330473009138,-0.2562844424890716,-0.10902787963012125,-0.2487298596579705,8.4365019325238e-4,0.0015472897447758,-0.9539338367563981,-0.46223984098717735,-0.49169399576922074,-0.32140233977991967
39159,Union,Ohio,4,-0.7077728286634263,-0.9751845662342344,0.5454407827326981,-0.7493645076754613,-0.9800095281886698,0.5013878347891416,9.5900832532427e-4,0.00184011573780025,-0.12654573766046584,0.7861375474963117,-0.9126832851567775,-0.5965876049970954
39161,Van Wert,Ohio,4,-0.5064894094554205,-0.28996402205851357,-0.3422582126110776,-0.5022028124370314,-0.26187678599188147,-0.3808133092494256,8.0440900276523e-4,0.0014597177437869,-1.2353851173925208,-0.8355772785884502,-0.39980783880407056,-0.2613397274720701
39163,Vinton,Ohio,4,-0.6467780479900639,-0.47675205285998334,-0.24093406144333307,-1.1485490449232831,-0.4467539934882946,-1.117858087789201,NA,NA,NA,NA,NA,NA
39165,Warren,Ohio,4,-0.3425175517835856,-0.9276117685484276,1.0622563262385132,-0.284336189635843,-0.9401382016217555,1.1991355441863933,8.8130057008687e-4,0.00177651530074982,-0.6838924173970684,0.514995813487764,-1.1988882308848323,-0.7836692858902579
39167,Washington,Ohio,4,-0.4258239694437969,0.03979027316048487,-0.7961287489541548,-0.41372057792547495,0.06472396417701007,-0.821616906224953,8.2556776790733e-4,0.00173173070830666,-1.083627194862798,0.3240698919838578,-1.4076970868466558,-0.9201599802049333
39169,Wayne,Ohio,4,-0.08464967138464485,-0.35694431404396065,0.4715470418392259,-0.030596718320278864,-0.3463751660244166,0.5514262095437271,8.6733826279519e-4,0.0016465749614355,-0.7840348753371567,-0.03896655773631239,-0.7450683176008442,-0.48702384538613386
39171,Williams,Ohio,4,-0.06856225429271133,0.09940889175580983,-0.3139079983009314,-0.01387609005619539,0.12432692595210074,-0.26719818591103184,8.3565706898633e-4,0.00145617468230362,-1.0112632661910155,-0.8506820778449978,-0.16058118834601764,-0.10496603599624688
39173,Wood,Ohio,4,-0.3229291773555708,-0.037997001923144993,-0.48829481648388895,-0.2642953518278713,-0.009024098349767007,-0.44178465214366464,8.4598219580755e-4,0.00168407232366558,-0.9372079143913711,0.12089240373196851,-1.0581003181233395,-0.691641388532095
39175,Wyandot,Ohio,4,-0.2801117762404919,-0.21366975344128075,-0.10523060482825608,-0.22479688344793183,-0.18921759081288034,-0.0524550616414412,9.8868795567283e-4,0.00169514414687536,0.08632675338040437,0.16809386150427047,-0.0817671081238661,-0.0534481610395412
40001,Adair,Oklahoma,4,0.5732283994144055,-0.08552164419945521,1.0719429072662445,0.6269103344928655,-0.06118299050668343,1.126578155476023,9.0893422175206e-4,0.0014739545967439,-0.48569438738655957,-0.7748826485417283,0.2891882611551687,0.18903176482102343
40003,Alfalfa,Oklahoma,4,-0.015219658706126552,0.530391092951627,-0.9928755971832485,0.024174908973512377,0.5175086936634197,-0.9111531942708194,NA,NA,NA,NA,NA,NA
40005,Atoka,Oklahoma,4,0.5567506578068732,-0.05601400543719186,0.9923092644307026,0.5554600110653044,-0.048109390785513774,0.9848513503884839,NA,NA,NA,NA,NA,NA
40007,Beaver,Oklahoma,4,0.21428153283331516,-0.4058705784768185,1.0508398853794272,0.2457663937295963,-0.3790352807103459,1.0674159553036153,NA,NA,NA,NA,NA,NA
40009,Beckham,Oklahoma,4,0.30612260287045295,0.2373163802660554,0.05771109863591167,0.3264415636102544,0.19499472520521627,0.1688338952381872,8.6192876201685e-4,0.0016031520474589,-0.8228336707550594,-0.2240873640915223,-0.5987463066635371,-0.39137851092769504
40011,Blaine,Oklahoma,4,0.151139305855254,0.47788562675690616,-0.6255182167843942,0.12482679068432671,0.5074246369443152,-0.7264846246724643,0.00106399824235079,0.00156562674342443,0.6264779661099553,-0.38406544721438596,1.0105434133243412,0.6605551832771823
40013,Bryan,Oklahoma,4,0.5395727045099166,-0.18151023822987242,1.1873062310816715,0.5409710902411092,-0.18016259705810062,1.198300712141471,8.162907065489e-4,0.00154534631447342,-1.1501654616038393,-0.4705250837708747,-0.6796403778329645,-0.4442559997152137
40015,Caddo,Oklahoma,4,0.7144875270537708,0.4153485053526363,0.41340042576513525,0.7174160226505232,0.41154030138841485,0.42640418839059313,0.00107584369047655,0.0015021598748496,0.7114375838818886,-0.6546377513610864,1.366075335242975,0.8929533670140707
40017,Canadian,Oklahoma,4,-0.3953148172109084,-0.5177097942374014,0.2460167496901725,-0.3658418842402211,-0.49734659836359907,0.2681674993096962,8.8390421345654e-4,0.00168958862049465,-0.6652181939187224,0.1444095107976621,-0.8096277047163845,-0.5292239500289228
40019,Carter,Oklahoma,4,0.6517729581656632,0.17577455937333375,0.7363809304915971,0.61049414473850006,0.1827165892290354,0.6609011918396503,8.5749285293717e-4,0.00144252912060502,-0.8546495325003901,-0.9088559117377638,0.0542063792373737,0.03543272292888841
40021,Cherokee,Oklahoma,4,0.33076926560453884,0.10762962583411564,0.32903547523977644,0.35369286066896977,0.1357048226738395,0.32052296346312886,9.4332564116545e-4,0.00167113125744989,-0.2390273287008069,0.06572197886744434,-0.30474930756825125,-0.19920345040112836
40023,Choctaw,Oklahoma,4,0.6950933925384993,0.3586463761455609,0.4823492597841933,0.7541702053199754,0.38103080063474143,0.5420714857571074,0.00137889815072384,0.00136768941418623,2.8850481415692135,-1.227912960905387,4.112961102474601,2.688491893603632
40025,Cimarron,Oklahoma,4,0.41281994924285614,1.0555122126399463,-1.2223308337647851,0.29339530322249147,1.0659865898074556,-1.4518282746687206,NA,NA,NA,NA,NA,NA
40027,Cleveland,Oklahoma,4,-0.03780709570446577,-0.012841080130136961,-0.06354851204678923,0.021165570840633714,0.01699847628863289,-0.016249186553265765,8.0040682842857e-4,0.0017444108289188,-1.2640900847596759,0.3781278521121354,-1.6422179368718113,-1.073457662450047
40029,Coal,Oklahoma,4,0.8604939123151376,0.531815466842816,0.44660713772592797,0.8827151699822627,0.5323319211400291,0.4827322724850477,NA,NA,NA,NA,NA,NA
40031,Comanche,Oklahoma,4,0.4133652763681421,0.0542120870763825,0.5600851290928278,0.4612896591006,0.06729787391273723,0.6215431423523142,9.3302463229485e-4,0.00144086671092382,-0.3129096982844671,-0.9159431058593347,0.6030334075748676,0.39418083163046724
40033,Cotton,Oklahoma,4,1.1306674949824858,0.4255148570687486,1.0806261910788528,1.0688092600513743,0.44931329738606723,0.9399044909019051,NA,NA,NA,NA,NA,NA
40035,Craig,Oklahoma,4,0.392986850740715,0.31677991370009,0.05936651745351551,0.4417427626705024,0.32204429042095206,0.13118425344932294,0.00109872505864876,0.00156449283406409,0.8755506063164132,-0.38889953585323184,1.264450142169645,0.8265247038304662
40037,Creek,Oklahoma,4,0.031022377439108285,-0.2652149124925596,0.49881609909897645,0.08386882591749754,-0.23520034507474014,0.540935605065755,9.8626673921906e-4,0.00163439758570014,0.0689609583280361,-0.09088121313311559,0.1598421714611517,0.10448296775059439
40039,Custer,Oklahoma,4,0.5445152370332682,-0.2413857564585559,1.3019757925914583,0.5329939488223179,-0.2140479450180849,1.2460253172212363,8.102661614288e-4,0.00147340561171367,-1.1933755660439045,-0.7772230845504184,-0.41615248149348605,-0.2720236212117661
40041,Delaware,Oklahoma,4,0.5061125764354989,0.2487748225209308,0.3666429796963767,0.5483140114784789,0.2784125376498366,0.3859634496979686,8.6510287723447e-4,0.00148854756211995,-0.8000678274716272,-0.7126698380660468,-0.08739798940558041,-0.05712886170812401
40043,Dewey,Oklahoma,4,1.2484413447013554,0.0949435325399595,1.8627157116796715,1.1040745137077588,0.12120671792098126,1.5881674696998147,NA,NA,NA,NA,NA,NA
40045,Ellis,Oklahoma,4,0.42713299638558394,0.5003923903037542,-0.21109002474109884,0.40118384493672954,0.5111580137453211,-0.27593791836821135,NA,NA,NA,NA,NA,NA
40047,Garfield,Oklahoma,4,0.4883696303664185,0.03067854359311789,0.7254640321862628,0.52493090483657745,0.060690235381423964,0.7387237274083456,9.0728563826209e-4,0.0017855616677661,-0.49751859375561897,0.553562335244949,-1.051080929000568,-0.6870530711898117
40049,Garvin,Oklahoma,4,0.5769027750151251,0.26049405758275684,0.4623606192978742,0.5774879803908998,0.2680793903189249,0.45281285379664865,8.6038329614171e-4,0.00141728508466075,-0.8339182822140313,-1.0164764250036735,0.18255814278964222,0.1193315654519524
40051,Grady,Oklahoma,4,-0.08381090218027794,-0.49263581242096377,0.714351188072344,-0.02928215613606898,-0.4733233073060369,0.7818453800990406,8.7348682804824e-4,0.00152729441644116,-0.7399352559560274,-0.5474840350235431,-0.19245122093248423,-0.12579830795866526
40053,Grant,Oklahoma,4,0.34391150091731443,0.37370585612658047,-0.1227276192636324,0.2317388522040925,0.40301813118698293,-0.361872659311759,NA,NA,NA,NA,NA,NA
40055,Greer,Oklahoma,4,0.5747120716854874,1.179145274191938,-1.1757154107622667,0.48613883423244636,1.1424093166134914,-1.2703186000166187,NA,NA,NA,NA,NA,NA
40057,Harmon,Oklahoma,4,2.797450615091907,-0.05567051243889578,4.681406159082202,1.932306058035131,-0.02573358658770699,3.222744079346092,NA,NA,NA,NA,NA,NA
40059,Harper,Oklahoma,4,1.719226476426942,-0.04670942008003515,2.889976153220062,1.5379950222055658,-0.027887718691950704,2.5741919036944405,NA,NA,NA,NA,NA,NA
40061,Haskell,Oklahoma,4,0.37435048200301585,-0.026110371934803877,0.6387504870254188,0.4096547575314535,0.0039025604660754,0.650088731662924,NA,NA,NA,NA,NA,NA
40063,Hughes,Oklahoma,4,-0.3979433833538344,0.9305863825418603,-2.335127152016349,-0.34533223315801936,0.8019495181949438,-2.0339431567138657,0.00120097963431277,0.00138742657404614,1.608955503422254,-1.1437693921343652,2.7527248955566193,1.7993553507161024
40065,Jackson,Oklahoma,4,0.39184906300969424,-0.010806391714785979,0.6403360747417597,0.42088237464238826,0.01757881902847814,0.6440769129602697,9.2724809201094e-4,0.0016567784100814,-0.3543410269564406,0.0045328408059150446,-0.35887386776235564,-0.2345826912208779
40067,Jefferson,Oklahoma,4,1.280508575137154,0.8785327929125565,0.5213542975205399,1.1060513852596052,0.8478351288934933,0.2850100531764883,NA,NA,NA,NA,NA,NA
40069,Johnston,Oklahoma,4,0.35460525127175396,0.05275876690024672,0.4659121288659257,0.40815986365219364,0.029107225681863903,0.6022990178714721,NA,NA,NA,NA,NA,NA
40071,Kay,Oklahoma,4,0.6624740293823893,0.41192060145110726,0.3338499627679168,0.6710822708644194,0.39046477631848897,0.38763294085182054,9.6210977358634e-4,0.00159557477223719,-0.10430108671206728,-0.25639084560762215,0.15208975889555487,0.0994154998560067
40073,Kingfisher,Oklahoma,4,-0.0153282726464302,-0.5756922696296342,0.9748943740925908,0.04117761906654671,-0.625263650774467,1.1716061656380388,9.3952530895254e-4,0.00146592688554155,-0.2662846151105171,-0.8091064312147797,0.5428218161042626,0.35482272161277234
40075,Kiowa,Oklahoma,4,1.0113354515626158,0.06233819601442421,1.5302905725287124,0.9741191056799163,0.0791680075696872,1.4487266065614117,NA,NA,NA,NA,NA,NA
40077,Latimer,Oklahoma,4,0.41442789063127466,-0.1760850439351675,0.9715806710282239,0.3692158149400786,-0.14797347866781552,0.8562414131207741,NA,NA,NA,NA,NA,NA
40079,Le Flore,Oklahoma,4,0.4808527651384084,-0.021939168252791873,0.8067038718695781,0.5233601344566836,-0.01779051066897368,0.8772277685290231,8.9317666607347e-4,0.00156030071296038,-0.5987129826528383,-0.4067714096633519,-0.19194157298948644,-0.1254651697817647
40081,Lincoln,Oklahoma,4,0.1304484508143619,-0.009947267851260455,0.2083652634096422,0.1887857221435126,0.01862193363251029,0.2581754503266112,0.00112267618903751,0.00150402241828142,1.0473363303709347,-0.6466973459300754,1.69403367630101,1.1073277117759823
40083,Logan,Oklahoma,4,-0.46178588728557773,-0.4116562382745583,-0.05213059696603073,-0.48129835482380107,-0.4079078738523913,-0.08367095439278494,9.8117878485439e-4,0.0015466060457347,0.03246840410179528,-0.46515459050999647,0.49762299461179177,0.32527790896919206
40085,Love,Oklahoma,4,0.7026136530655668,-0.1846094814891248,1.4612961235938897,0.7047888930722941,-0.1552252931896408,1.424517294955925,NA,NA,NA,NA,NA,NA
40087,Mcclain,Oklahoma,4,-0.34118161366223365,-0.5708369453664346,0.4296807077535051,-0.29417410258697957,-0.5979398880115637,0.567608544817255,9.0441787540109e-4,0.00155166941083661,-0.5180871728371701,-0.4435684244815825,-0.07451874835558758,-0.04871017398023862
40089,Mccurtain,Oklahoma,4,0.46934652933856685,-0.14501594134899795,1.0067356083343189,0.5253802628849353,-0.11918375809672262,1.0628684089012685,0.00106676296140426,0.00145253008589586,0.6463074796526956,-0.8662197413515841,1.5125272210042797,0.9886835958838109
40091,Mcintosh,Oklahoma,4,0.34504788184161006,0.2850516982167276,0.03687753546221095,0.40063940482302773,0.29024322955757337,0.12035097281343066,9.1574922955151e-4,0.00163481616118952,-0.43681481342642553,-0.08909673979822373,-0.3477180736282018,-0.22729055756117994
40093,Major,Oklahoma,4,0.11207753988441431,-0.35840694089214253,0.7980954369069161,0.14245419161889383,-0.4263178017794143,0.981486827667337,NA,NA,NA,NA,NA,NA
40095,Marshall,Oklahoma,4,0.320755860230258,-0.009998565893049125,0.5218312784329742,0.372632081802773,0.007208105994600403,0.5828880435919832,9.7568202878401e-4,0.00160767202850248,-0.006956216205262391,-0.2048177559775042,0.19786153977224183,0.1293348350446464
40097,Mayes,Oklahoma,4,0.4539626512596773,-0.0990529393714181,0.8996257437526503,0.5035525441941257,-0.0712930983975122,0.9406482289338551,8.4696645161894e-4,0.00162606941059856,-0.9301484940437648,-0.1263859351585111,-0.8037625588852537,-0.525390119212407
40099,Murray,Oklahoma,4,0.017608825936940922,-0.06751144510336482,0.12497336127197581,0.0766773907657403,-0.0441382154915375,0.18552000910052696,9.3327097183911e-4,0.00146055088464493,-0.3111428665614083,-0.8320254278874798,0.5208825613260715,0.3404818350463072
40101,Muskogee,Oklahoma,4,0.5842862304304328,0.13763014291164072,0.6931188482873625,0.5686682811799251,0.1476368949347007,0.6547672160615481,9.5886937740806e-4,0.00148994112305825,-0.1275423197843401,-0.7067288013879867,0.5791864816036465,0.37859297033938427
40103,Noble,Oklahoma,4,0.7811637264196504,-0.1825250709478922,1.5869340928861457,0.8130536238023164,-0.15407911299190283,1.601590847956174,8.6752189525817e-4,0.0016420892354608,-0.7827178003139352,-0.05809012945175464,-0.7246276708621806,-0.47366254395689134
40105,Nowata,Oklahoma,4,0.34899707766904947,-0.12956933430165254,0.7810763130713253,0.4080207115462677,-0.10254684645309689,0.8387738225060221,9.7177999885393e-4,0.00121543293527129,-0.03494291353191757,-1.8770136215549145,1.842070708022997,1.2040940924495676
40107,Okfuskee,Oklahoma,4,0.5603767675887004,-0.18470585805906453,1.2272494556878453,0.6000558651193774,-0.16494039063012358,1.2686936094604913,NA,NA,NA,NA,NA,NA
40109,Oklahoma,Oklahoma,4,0.39235511774535664,0.22128416614854007,0.22823274958037743,0.38389108514548576,0.24623131727659991,0.17176970038397366,9.4406174752031e-4,0.0017702710638881,-0.23374772138798638,0.48837534846007274,-0.7221230698480592,-0.47202537809137285
40111,Okmulgee,Oklahoma,4,0.7805630678223577,0.05348129690477303,1.1660413409370693,0.8013467090583619,0.06464761285194032,1.1889649032009935,0.00104321493968897,0.00153445185982206,0.4774129892985903,-0.5169703829266807,0.9943833722252711,0.6499919568296937
40113,Osage,Oklahoma,4,0.050505485142890695,-0.0657238249844394,0.17596297573947056,0.10081521114423597,-0.03573913410787029,0.21035735586931428,9.9893954971017e-4,0.00164429758685307,0.15985470282719416,-0.048675473616520595,0.20853017644371474,0.13630853172993726
40115,Ottawa,Oklahoma,4,0.43349722830050946,0.049918319675533264,0.6008754334720958,0.4417810532386146,0.070527373253835,0.5834578765685382,9.247060534697e-4,0.00156465343593191,-0.372573399470538,-0.3882148570845748,0.01564145761403679,0.010224247434330523
40117,Pawnee,Oklahoma,4,0.2896348135502492,-0.32274140085609604,1.0270185329870276,0.3301235719587529,-0.2969790621651592,1.0594614538107876,0.00119524584075569,0.00142589957151372,1.567830768940211,-0.9797510971406582,2.5475818660808693,1.6652608727880194
40119,Payne,Oklahoma,4,-0.37553016171104403,0.05064256543676267,-0.7326195664268862,-0.32848644107506614,0.07358744066018479,-0.6965248364877179,8.4294318709674e-4,0.00167816812874121,-0.9590047274570168,0.09572160736701929,-1.054726334824036,-0.6894359393378701
40121,Pittsburg,Oklahoma,4,0.4447248275834174,-0.029822574923696686,0.7612390398381005,0.4357877073252186,-0.006876635196032566,0.7127084445253941,0.00104545521476735,0.00138394608298887,0.49348101073116357,-1.158607440805653,1.6520884515368166,1.0799096560384585
40123,Pontotoc,Oklahoma,4,0.08483089786519267,-0.07911632885851398,0.2563138345047664,0.10466679240031873,-0.05488696952610613,0.2511566663494401,8.6429015875763e-4,0.00152461811760685,-0.8058969232065842,-0.5588936469745505,-0.24700327623203377,-0.1614569866570889
40125,Pottawatomie,Oklahoma,4,0.0553130688988596,0.06643292323457932,-0.05125440913889537,0.10195600888207146,0.08598678000081317,-0.006609979489051149,9.2281311962595e-4,0.00165875763200745,-0.3861501704061029,0.01297067063704299,-0.3991208410431459,-0.26089066222074586
40127,Pushmataha,Oklahoma,4,0.9993562230406331,0.158332296210492,1.3397714945869188,1.044138094232927,0.18320568428320777,1.3775270418389634,NA,NA,NA,NA,NA,NA
40129,Roger Mills,Oklahoma,4,0.0335258796659638,0.170629445597089,-0.27251781468422287,-0.042574866119667064,0.16912327270830102,-0.39522382092971947,NA,NA,NA,NA,NA,NA
40131,Rogers,Oklahoma,4,-0.18266984010420925,-0.5525536331565363,0.6581685688414585,-0.13424385049160129,-0.526400394163918,0.7036052446592695,8.3501823248885e-4,0.00169404078335721,-1.0158452207163684,0.16338999606831858,-1.179235216784687,-0.7708228310425986
40133,Seminole,Oklahoma,4,0.7282850714641037,0.06570396862656909,1.0582097549522813,0.7808807451015967,0.0692205914418891,1.1468801131958135,9.3255937018544e-4,0.00147960491963881,-0.3162467177504739,-0.7507941608129516,0.43454744306247767,0.2840477332393801
40135,Sequoyah,Oklahoma,4,0.30762526641376586,-8.639414831939085e-4,0.4839570701617448,0.35762085476843186,0.011990960735253431,0.5494512922607245,9.1345133412185e-4,0.00152588851147007,-0.4532961077861742,-0.553477696850274,0.10018158906409985,0.06548503216456582
40137,Stephens,Oklahoma,4,0.37802274961887594,-0.10945174407594693,0.793078892939788,0.41778831386144777,-0.0795192600291029,0.8135332204016708,0.00109611206833184,0.00154771997951647,0.8568093433257367,-0.4604056618678812,1.3172150051936178,0.8610151604559146
40139,Texas,Oklahoma,4,0.5887698027567344,-0.38270844408439286,1.626290751068428,0.6233454686482909,-0.35535792078843603,1.6495862121900267,8.8779938795261e-4,0.00145398224955429,-0.6372806661166782,-0.8600288692338547,0.22274820311717647,0.14560233454067711
40141,Tillman,Oklahoma,4,0.9025580608856937,0.4787226690946104,0.6103361444712249,0.8130617128535308,0.5019480258253706,0.42211216678550123,NA,NA,NA,NA,NA,NA
40143,Tulsa,Oklahoma,4,0.2411613839005564,0.12912146415769596,0.1432418973738481,0.2774751267527618,0.15572614862796863,0.15841648568473748,9.8849147084952e-4,0.00183986966391527,0.08491749681964135,0.7850884839526954,-0.700170987133054,-0.4576761063728781
40145,Wagoner,Oklahoma,4,-0.5343629384488446,-0.4748718624026619,-0.059167982391318596,-0.6707822400861968,-0.45039975207468863,-0.3207925869702992,8.9799993548122e-4,0.00166091178707138,-0.5641188397430101,0.022154276386389848,-0.5862731161294,-0.383225243536417
40147,Washington,Oklahoma,4,0.6076684351108624,0.2277950769504306,0.571199892985765,0.5437835142116204,0.25235279558899243,0.4253209499163528,0.00105879994131846,0.00177485272480094,0.5891939677266631,0.5079079105329021,0.08128605719376103,0.0531337156816138
40149,Washita,Oklahoma,4,0.2655748038293226,0.12208176652420302,0.19596796687214,0.3212033857220195,0.13645712966327636,0.26541343657816413,NA,NA,NA,NA,NA,NA
40151,Woods,Oklahoma,4,0.26956946778374563,0.5272848118479595,-0.5183933152622253,0.2704933460473604,0.5523958078562419,-0.566320536266359,8.7367433463079e-4,0.00147971947453433,-0.7385903944181572,-0.7503057897505667,0.011715395332409506,0.007657924448298074
40153,Woodward,Oklahoma,4,0.5511072754319272,0.09723968049738084,0.7103467461075489,0.5636560645915916,0.11962897899952663,0.6968303495817643,9.4035431480639e-4,0.00156365876115023,-0.26033870071994,-0.39245536009975757,0.1321166593798176,0.08635981690634527
41001,Baker,Oregon,4,-0.30829799445871164,0.8241143186512501,-1.9980745870585586,-0.3289128810088493,0.8457885998857695,-2.0855954547702087,NA,NA,NA,NA,NA,NA
41003,Benton,Oregon,4,-0.7312872548334278,-0.11292383039186996,-1.0274183075228136,-0.809876100708645,-0.09668602245348651,-1.1868897933938645,8.3193569443472e-4,0.00197698271849314,-1.0379542411659024,1.3696296144479765,-2.407583855613879,-1.5737493056023553
41005,Clackamas,Oregon,4,-0.4158277337769924,-0.2140932385987277,-0.3279574205483741,-0.3962297971201359,-0.19064216711635956,-0.3335458514939542,8.393294453888e-4,0.00179878023459358,-0.9849237227515383,0.609915802248154,-1.5948395249996923,-1.042488131477977
41007,Clatsop,Oregon,4,-0.4370787578978212,0.8058346832920149,-2.1776116333266176,-0.4794294089681114,0.7944527190198127,-2.242340970162527,0.00104356515713288,0.00189200390334185,0.4799248689552956,1.007347461011787,-0.5274225920564913,-0.34475681338055036
41009,Columbia,Oregon,4,-0.09357212655709508,-0.06120578832441435,-0.06932475899214903,-0.24266587270293064,-0.031869604351365474,-0.36492195709457437,7.277848657254e-4,0.0017372958954565,-1.7849597156596129,0.34779542853470313,-2.132755144194316,-1.3941038520296294
41011,Coos,Oregon,4,-0.3832262930186974,0.7572853464005485,-2.002554830088517,-0.47954565214681405,0.7503838617252347,-2.1633005049306973,8.5892149524477e-4,0.00170768746860194,-0.844402819746437,0.22156861986914292,-1.06597143961558,-0.6967864521002202
41013,Crook,Oregon,4,-0.6486689746721575,0.020551356190322688,-1.128852416407465,-0.8157912250782928,0.047831959320773575,-1.4565104074182191,NA,NA,NA,NA,NA,NA
41015,Curry,Oregon,4,-1.0595750919442564,0.519103997034555,-2.6925091268998256,-1.214183908338968,0.5367092184497753,-2.9946570185629877,0.00112865311636323,0.00199095607095014,1.0902049036534847,1.429200887709817,-0.33899598405633236,-0.22158924735546287
41017,Deschutes,Oregon,4,-0.5982039552371653,0.10882443817220762,-1.2028087439296784,-0.6578785042124783,0.13869312875227818,-1.3585909603989617,9.681119144996e-4,0.00203931667421305,-0.06125167292966255,1.6353720782632348,-1.6966237511928974,-1.1090207487819699
41019,Douglas,Oregon,4,-0.1134034367314316,0.19923640109068527,-0.5653605045377854,-0.1571750081332783,0.2253827094683914,-0.6859913003746353,9.3939042158205e-4,0.00172735883977152,-0.26725207360743686,0.3054317179327053,-0.5726837915401422,-0.37434240023021925
41021,Gilliam,Oregon,4,-0.7516694015212901,1.8988367752988704,-4.640315227908479,-1.0914143231999853,1.8773484596503376,-5.201900994844871,NA,NA,NA,NA,NA,NA
41023,Grant,Oregon,4,-1.0108596746004077,0.8746432476388464,-3.244867732107653,-1.1565690782431992,0.9022252759283017,-3.5565007447463626,NA,NA,NA,NA,NA,NA
41025,Harney,Oregon,4,-0.895896874982197,0.484980174880601,-2.362270779898668,-1.003899563939871,0.5096983091654852,-2.598157772570225,NA,NA,NA,NA,NA,NA
41027,Hood River,Oregon,4,0.21712066096070035,0.060301552230304846,0.22609932040264605,0.24711409944764498,0.07270962480873325,0.25743932424168064,8.501591410403e-4,0.00178064460347582,-0.9072494301988644,0.5325998796435685,-1.4398493098424328,-0.9411767096929595
41029,Jackson,Oregon,4,-0.47808131122460634,0.4509997406331803,-1.6138055440074843,-0.5539302748190912,0.463179937689738,-1.7700038738461947,0.00100678506403629,0.00204019748596541,0.21612542313213945,1.6391271597838315,-1.423001736651692,-0.9301640687217263
41031,Jefferson,Oregon,4,0.4202252880852433,-0.15839391170823136,0.9496509620710366,0.35659517312560424,-0.1381595749917806,0.8177146297362464,0.0010114277719199,0.00213882840318357,0.24942451684565356,2.059611030046869,-1.8101865132012154,-1.1832525631531068
41033,Josephine,Oregon,4,-0.15606378193570572,0.38746755482472495,-0.9705100653612095,-0.19588889854283878,0.4093811618945091,-1.0808637904884095,8.9626205847471e-4,0.00195116672416854,-0.5765834898465914,1.2595707250605253,-1.8361542149071166,-1.200226697795379
41035,Klamath,Oregon,4,-0.578519171473685,0.49731198909478397,-1.8615931861579003,-0.6270770955891726,0.49421451308450204,-1.946830304957723,9.6964043520957e-4,0.0017102454628633,-0.05028859800866146,0.23247387511226475,-0.28276247312092623,-0.18483146274919712
41037,Lake,Oregon,4,-0.8138557923814821,1.1355269211428896,-3.384631545236585,-1.0165025380776072,1.1209801943850057,-3.7180537436409247,NA,NA,NA,NA,NA,NA
41039,Lane,Oregon,4,-0.46313676397407955,0.30692773297686127,-1.332863101772841,-0.6133773488137098,0.31850501489776234,-1.6082490720890377,8.6191233353213e-4,0.00194584471538138,-0.8229515014835859,1.2368819078466573,-2.0598334093302433,-1.3464375872230847
41041,Lincoln,Oregon,4,-0.35922281162132386,1.0538780223785005,-2.490727972051725,-0.5485028641576467,1.0361705972048845,-2.7912218432847187,9.2784950860649e-4,0.00197589064864807,-0.3500274608053623,1.3649738962613867,-1.715001357066749,-1.1210335160279246
41043,Linn,Oregon,4,-0.32915755723184165,0.023895477407391442,-0.6086703395212684,-0.3260506025356037,0.05190607030700809,-0.6535128840834352,8.5661777979899e-4,0.00161974631322921,-0.8609258572584699,-0.15334259873727013,-0.7075832585211999,-0.4625212364491704
41045,Malheur,Oregon,4,-0.0720989208611023,0.4788466190097229,-0.9948291681996313,-0.016723191729323062,0.46496505244438113,-0.8843531122397668,9.1991106962809e-4,0.00144670682312333,-0.4069646685960905,-0.8910455073204441,0.4840808387243536,0.31642589811419297
41047,Marion,Oregon,4,0.15024931244905781,-0.027781405721152598,0.2727014612411132,0.2035473417368343,-0.001086280700629816,0.318033981259013,8.8499021621655e-4,0.00176931738245829,-0.6574290095493222,0.4843096085286723,-1.1417386180779945,-0.7463126790744707
41049,Morrow,Oregon,4,0.1729503767580235,-0.6746218442260108,1.460944381462527,0.16841906571760912,-0.6855831611179857,1.4905896228863442,NA,NA,NA,NA,NA,NA
41051,Multnomah,Oregon,4,-0.35604222011513503,0.11667897406376541,-0.8180215252371886,-0.35521664117259144,0.13481763139379405,-0.8508402060589649,9.6524516803476e-4,0.00215450738760416,-0.08181296206925914,2.126453762902948,-2.208266724972207,-1.4434630041675898
41053,Polk,Oregon,4,-0.3274134536964241,-0.09826292129302645,-0.388453556337079,-0.4509172869916454,-0.06846657209077042,-0.6436949007553806,7.9827131608848e-4,0.00167086731961493,-1.2794067118923163,0.06459675763374795,-1.344003469526064,-0.8785257975384172
41055,Sherman,Oregon,4,-0.4268912809269622,0.664404604477411,-1.909203079556785,-0.7145796010119647,0.6859951201637766,-2.4364199881121884,NA,NA,NA,NA,NA,NA
41057,Tillamook,Oregon,4,-0.7822034359711746,0.7611256973516701,-2.666373899757515,-0.8353442227824758,0.7833084237639385,-2.811199239723459,NA,NA,NA,NA,NA,NA
41059,Umatilla,Oregon,4,-0.13601643359285168,-0.12899299362564315,-0.018609482614616146,-0.10213939370877075,-0.10569384241379039,3.234309118305134e-4,8.941019165414e-4,0.00167544950681233,-0.5920767688714716,0.0841315633658169,-0.6762083322372885,-0.4420125973263845
41061,Union,Oregon,4,-0.39214480302418214,0.19005358883593498,-1.0080192678200932,-0.39778824206796703,0.21846327381464978,-1.0716681355644853,8.8679669670089e-4,0.00156002651600449,-0.6444723117669711,-0.4079403676379789,-0.23653194412899214,-0.1546122607350954
41063,Wallowa,Oregon,4,-0.4294409343035545,0.5269862706774368,-1.6689061754082966,-0.5690467188106746,0.5557286686288488,-1.9614117778608855,NA,NA,NA,NA,NA,NA
41065,Wasco,Oregon,4,-0.5313899628158802,0.4826244085974244,-1.757854410542386,-0.6556306274348894,0.49902606469659877,-2.0027256842265113,0.00132012942512892,0.00183668920634403,2.4635386798351337,0.7715295396938242,1.6920091401413095,1.1060043467068628
41067,Washington,Oregon,4,-0.3868779363624215,-0.2774645916694669,-0.1675358531840469,-0.3921834714350811,-0.2560503585268939,-0.20925135193617322,8.8417025918452e-4,0.00184808245451532,-0.66331002268543,0.8201012981347887,-1.4834113208202186,-0.9696515993077399
41069,Wheeler,Oregon,4,0.2285010776422707,1.2523405957103493,-1.8760423974898002,0.23508435368672398,1.2760025669821338,-1.9259037008273006,NA,NA,NA,NA,NA,NA
41071,Yamhill,Oregon,4,-0.2587259927463265,0.03450353521359721,-0.5115662423645522,-0.3175651661510916,0.0645114231904785,-0.6621364865383347,8.6976216696222e-4,0.00189582754489928,-0.7666498030832135,1.0236484307879328,-1.7902982338711464,-1.1702523240493514
42001,Adams,Pennsylvania,4,-0.3160008420060015,-0.5100144018414571,0.36292953240906756,-0.28653915977941163,-0.49370048060985383,0.39282593766780244,0.00102662699390191,0.0019148735728022,0.3584385512927039,1.1048455619881183,-0.7464070106954144,-0.48789889998623925
42003,Allegheny,Pennsylvania,4,-0.17830567995099447,-0.015370489107656527,-0.29040389718009,-0.13222388954255712,0.009020630454218637,-0.2557030329032015,8.3058276966191e-4,0.00173747842246935,-1.0476578817839515,0.3485735787025758,-1.3962314604865274,-0.9126653205774091
42005,Armstrong,Pennsylvania,4,-0.07682490463525642,-0.3791180859700349,0.5238835829809458,-0.017786466346762547,-0.3732946293643872,0.621021350949079,8.4435675355406e-4,0.00168846308471876,-0.9488661438733395,0.139611120470227,-1.0884772643435665,-0.7114976846726974
42007,Beaver,Pennsylvania,4,-0.3303167184521924,-0.11210496330478426,-0.3686064667504044,-0.2716264356727311,-0.08717042203000507,-0.3134128668142985,8.9369889606238e-4,0.00155880330450009,-0.594967370011106,-0.41315516966990895,-0.18181220034119705,-0.11884397021928123
42009,Bedford,Pennsylvania,4,-0.3090188002912191,-0.2856762926897579,-0.024716743033108834,-0.27700820651623786,-0.26716818393413827,0.001306183830241281,7.8415263609893e-4,0.00166800680106226,-1.3806707284682576,0.05240177916340268,-1.4330725076316602,-0.9367469625219358
42011,Berks,Pennsylvania,4,-0.06748241128077272,-0.3756587576388399,0.5331127939981017,-0.014730644465259362,-0.34934880596781115,0.5830245414986738,9.0716568570278e-4,0.00173673866765555,-0.4983789346630752,0.3454198519004177,-0.8437987865634928,-0.5515603335377149
42013,Blair,Pennsylvania,4,-0.39705819458240904,-0.05944709325003687,-0.5721972242680761,-0.3545861565515412,-0.029561338433283613,-0.5542548294207018,7.996463926814e-4,0.00178256034498364,-1.2695441908208205,0.5407670794055862,-1.8103112702264066,-1.1833341122469445
42015,Bradford,Pennsylvania,4,-0.515982195377437,-0.04067570777405737,-0.801424724751232,-0.5646405862707529,-0.012223021558463432,-0.9329829980415568,9.3682831357009e-4,0.00182540286393489,-0.28562839125076456,0.7234135424876739,-1.0090419337384384,-0.6595737211153663
42017,Bucks,Pennsylvania,4,-0.2722763058220485,-0.7084446454517228,0.787977741167232,-0.21325713565737017,-0.7339653583905801,0.9460578932069862,9.293764082074e-4,0.0018896488503244,-0.3390760130346931,0.997307385998982,-1.336383399033675,-0.8735448368054917
42019,Butler,Pennsylvania,4,-0.3703256051671328,-0.2982340190788354,-0.10332645297080523,-0.3122309932353466,-0.30308681855736713,0.007605984991309822,7.6514140121144e-4,0.00172484027386359,-1.5170258272594206,0.2946945538633855,-1.811720381122806,-1.1842551963826244
42021,Cambria,Pennsylvania,4,-0.16642012463145187,0.06366114751701071,-0.4114456990493546,-0.12943802504736424,0.09279807226379741,-0.4017196829259463,8.3857437446865e-4,0.00168188320077892,-0.990339350432786,0.111559722967902,-1.101899073400688,-0.7202710292165726
42023,Cameron,Pennsylvania,4,-0.1884515533849064,0.49525389956795635,-1.2156162300831772,-0.15300172187198,0.487335343457269,-1.1500591758692178,NA,NA,NA,NA,NA,NA
42025,Carbon,Pennsylvania,4,-0.24148532675930542,-0.13194638887765886,-0.1870279390456794,-0.23464764961674267,-0.10291273489490675,-0.22392433869960218,8.699609817194e-4,0.00190180361817351,-0.7652238354374055,1.0491256593304354,-1.814349494767841,-1.1859737515904007
42027,Centre,Pennsylvania,4,-0.6081140860479212,-0.25921168131765715,-0.5643158949446168,-0.6174165972595685,-0.24552591955302705,-0.6008432308317389,7.907166041471e-4,0.00187318267889288,-1.3335916977284286,0.9271087131363378,-2.260700410864766,-1.47773698244302
42029,Chester,Pennsylvania,4,-0.3728802753146013,-0.7968032722630932,0.779523637969078,-0.31384196864027575,-0.8510340807459572,0.9901122891506857,8.8518324250468e-4,0.00182301191521453,-0.6560445587893888,0.7132204367162482,-1.369264995505637,-0.8950383309964355
42031,Clarion,Pennsylvania,4,-0.38703133273479956,-0.3738252121406849,0.0036568306816187057,-0.33102557302612873,-0.3803445642504718,0.11541272199601682,8.3949762137068e-4,0.00170434663609831,-0.9837175069134168,0.20732596431399092,-1.1910434712274076,-0.7785414540871403
42033,Clearfield,Pennsylvania,4,-0.3398153505409307,-0.06065856245477659,-0.475781324435528,-0.30609585879328144,-0.03068546047953271,-0.47200191934489993,9.2564336172576e-4,0.00167272484986918,-0.3658507030960413,0.07251579085849372,-0.438366493954535,-0.28654410680303705
42035,Clinton,Pennsylvania,4,-0.2567572200131261,-0.23802205670243862,-0.023445470378382016,-0.26829273717615454,-0.21067540886142194,-0.08584339988618506,7.8177143731952e-4,0.00160207282233294,-1.3977495030312663,-0.22868832260075936,-1.1690611804305069,-0.7641724364529234
42037,Columbia,Pennsylvania,4,-0.5417012938320777,3.616442144072973e-4,-0.9167896141144736,-0.5176895470579952,0.030376128478862265,-0.931888399804555,7.5147758906079e-4,0.00177581724871739,-1.6150273756434121,0.512019874213146,-2.1270472498565582,-1.390372810749571
42039,Crawford,Pennsylvania,4,-0.21055225081211135,-0.008026544332484873,-0.3565699504783193,-0.1765925914500952,0.021848156241085777,-0.3521782920969346,7.9125531239785e-4,0.00154607228006908,-1.3297278973395872,-0.4674301432395423,-0.8622977541000449,-0.5636524304535194
42041,Cumberland,Pennsylvania,4,-0.5837345497896608,-0.273539226224471,-0.49867904807139046,-0.543390446570376,-0.2578427573259732,-0.456215080632636,9.0721476568016e-4,0.00182982090990428,-0.4980269162274543,0.7422485804312026,-1.2402754966586569,-0.8107226242902734
42043,Dauphin,Pennsylvania,4,-0.09835216196894576,-0.31186704154183814,0.36878177271974144,-0.048131478829121555,-0.2848950791492311,0.41187627421311745,0.00107060049356763,0.0018393838089989,0.6738315768692796,0.7830171845935935,-0.10918560772431385,-0.07137062907995793
42045,Delaware,Pennsylvania,4,-0.08431519396099953,-0.5109578811214064,0.7461194951323442,-0.025652637512437248,-0.500762667760996,0.8371848634768412,0.00100904896773667,0.0015218478629349,0.23236291714796015,-0.5707038119707787,0.8030667291187388,0.5249352808028024
42047,Elk,Pennsylvania,4,-0.20657330589376813,0.0505450967210435,-0.4542288599144476,-0.14992243103693434,0.07934776689842318,-0.4114303513720089,9.9474901816778e-4,0.00176351631796685,0.1297987729608983,0.45957847839418525,-0.32977970543328694,-0.21556490388371397
42049,Erie,Pennsylvania,4,-0.2746911819953051,-0.04356494377598634,-0.39895593263704443,-0.2491984065022079,-0.0136032212651922,-0.4085723676671997,8.9227271027911e-4,0.00169241494706938,-0.6051964637298046,0.15645872183907497,-0.7616551855688796,-0.4978660729106068
42051,Fayette,Pennsylvania,4,-0.40239375086394896,-0.15283896424217572,-0.4148198948302655,-0.39901426296775816,-0.12285244757690324,-0.4600343089806483,9.3614000779991e-4,0.00163192424068446,-0.2905651563713292,-0.1014255912451888,-0.18913956512614039,-0.12363359996169344
42053,Forest,Pennsylvania,4,-0.8758860617736833,1.0802697993027206,-3.3884615980503003,-1.0521998897477047,1.0263529704590997,-3.606985114782232,NA,NA,NA,NA,NA,NA
42055,Franklin,Pennsylvania,4,-0.3973929431531238,-0.48185716412372076,0.1788055770250474,-0.41732989399480974,-0.4771565339394147,0.14667532485913348,8.943027582746e-4,0.00179288892073225,-0.5906362630582536,0.5847999205021998,-1.1754361835604534,-0.7683395422945631
42057,Fulton,Pennsylvania,4,-0.4042571434978142,-0.45039905131897273,0.11153203422359759,-0.46636147976951586,-0.45294419895923904,0.02201576959741658,NA,NA,NA,NA,NA,NA
42059,Greene,Pennsylvania,4,-0.5225727305642537,-0.3601238568908399,-0.2439135254582696,-0.5130566357499013,-0.3302021130655549,-0.27592771410123784,8.4962163072417e-4,0.00170108689539386,-0.9111046385896353,0.19342901976434965,-1.1045336583539849,-0.7219931608179844
42061,Huntingdon,Pennsylvania,4,-0.166054748954012,-0.28427761181908184,0.2082102657738572,-0.14759589716180607,-0.2610741315740416,0.20447448272580165,9.5634033044565e-4,0.00192601907558005,-0.14568151223805229,1.1523611309013806,-1.298042643139433,-0.8484828902302403
42063,Indiana,Pennsylvania,4,-0.28007440265000816,-0.16840806845145645,-0.185698869615482,-0.22266147788919774,-0.14596367652400052,-0.12668941847590387,7.2395086004087e-4,0.00161252435335668,-1.812458519760128,-0.18413129789707697,-1.628327221863051,-1.0643778112754416
42065,Jefferson,Pennsylvania,4,-0.31548517703735607,0.06658967961448894,-0.6621180812146453,-0.258947300509931,0.09420424877628339,-0.6185333216013309,7.2280203699604e-4,0.00182399925221675,-1.8206982727639924,0.7174296572695672,-2.5381279300335597,-1.6590811813704334
42067,Juniata,Pennsylvania,4,-0.11668854037220981,-0.4284431312056915,0.5460004264975589,-0.08907906473452896,-0.43025139054290673,0.6054653309325804,NA,NA,NA,NA,NA,NA
42069,Lackawanna,Pennsylvania,4,0.13271130684767038,-0.1607985246332461,0.4804867348640407,0.1718791158550147,-0.13080074041733686,0.49885363999714916,8.3654343388727e-4,0.00189337137747193,-1.0049059530365592,1.0131772842651667,-2.0180832373017257,-1.3191470303083368
42071,Lancaster,Pennsylvania,4,-0.09795642277615028,-0.5691996522659744,0.8272808422882575,-0.042255432045787994,-0.6162310403980127,1.01731821981525,9.6826196189527e-4,0.00186479693993182,-0.0601754815312064,0.8913585845477252,-0.9515340660789317,-0.6219829362358321
42073,Lawrence,Pennsylvania,4,0.09214561368124441,-0.07966307657633576,0.26933158155244236,0.14560650797088825,-0.049669900686733756,0.30951539032070086,8.3728133953679e-4,0.00157165264764415,-0.9996134405651537,-0.35837577911023727,-0.6412376614549165,-0.41915355184313846
42075,Lebanon,Pennsylvania,4,-0.3836809879054737,-0.44918981546206604,0.14326282855827155,-0.3751937963061797,-0.43908272593003195,0.14793940023835084,0.00100712774888393,0.0016877020644747,0.21858327642419073,0.1363667347684992,0.08221654165569153,0.053741939263285694
42077,Lehigh,Pennsylvania,4,-0.12049615550998989,-0.6350177601422022,0.9072690865028298,-0.08678588013910593,-0.6238067976387713,0.9572590478679488,9.194981747106e-4,0.00184939909782321,-0.40992609259605217,0.8257144191466619,-1.235640511742714,-0.8076929045669359
42079,Luzerne,Pennsylvania,4,0.06596570727683476,-0.1719076767120117,0.3903437789697972,0.12499765754554899,-0.1418920840592665,0.44122528240866354,8.5971759287648e-4,0.00171937347040352,-0.8386929344148611,0.27138844720138217,-1.1100813816162434,-0.7256195041377801
42081,Lycoming,Pennsylvania,4,-0.2980235403798686,-0.25320938618485256,-0.0643763823131897,-0.2520882300084308,-0.22563418673347174,-0.03213663698157326,9.5816054105987e-4,0.00186154876519359,-0.13262633725381112,0.8775109480890614,-1.0101372853428725,-0.6602897123041462
42083,Mckean,Pennsylvania,4,-0.3248912583780532,-0.1139523423621859,-0.35638562328236234,-0.31179801727943784,-0.08475031458918651,-0.38423176221567334,8.588994355798e-4,0.00161640903640887,-0.8445610392316042,-0.16757009568380904,-0.6769909435477952,-0.442524161649926
42085,Mercer,Pennsylvania,4,-0.604530716044688,0.02799028958375016,-1.0694063676504895,-0.5731135494770989,0.05633145344959896,-1.0702585943021985,9.6232085384019e-4,0.00160998401420324,-0.10278714671622222,-0.19496128578674157,0.09217413907051936,0.060250855652848954
42087,Mifflin,Pennsylvania,4,-0.10013246142005018,-0.4140321905054313,0.5476229183940529,-0.04365206129382406,-0.3860391712354005,0.60113807829073,9.4299511828431e-4,0.00175441705384879,-0.24139795219671858,0.42078644542094884,-0.6621843976176675,-0.4328456653759233
42089,Monroe,Pennsylvania,4,0.19410682273773527,-0.7526051622114327,1.6345304979519282,0.20667085163737642,-0.7294572861027686,1.6327635305633503,8.5095619230077e-4,0.00168553060206871,-0.9015327051146602,0.12710934426302728,-1.0286420493776876,-0.6723855981783685
42091,Montgomery,Pennsylvania,4,-0.2541332460627953,-0.611393073592674,0.6451788698295247,-0.19627532492938013,-0.634068046415901,0.7945473606349397,9.5572708258172e-4,0.00184948403568786,-0.15007993630490082,0.8260765267196947,-0.9761564630245955,-0.6380776944745327
42093,Montour,Pennsylvania,4,-0.47386801234402887,-0.19452931419409195,-0.458339213408514,-0.4572707491026972,-0.19079260593743733,-0.43427344062444556,6.1879013276569e-4,0.00145237912865818,-2.5667073332337544,-0.8668633030798348,-1.6998440301539195,-1.111125727084984
42095,Northampton,Pennsylvania,4,-0.47469030966268955,-0.5037187535944343,0.09041806229694516,-0.42534002048044206,-0.48814883510744755,0.15318521580399969,9.0009829043557e-4,0.00182369004024921,-0.5490687181284691,0.7161114231041552,-1.2651801412326242,-0.82700187745654
42097,Northumberland,Pennsylvania,4,-0.2566648743498697,-0.00530521213595585,-0.43734433286695934,-0.20249446054323908,0.018446981171031874,-0.38892032022767853,9.6192313456926e-4,0.00171835317727665,-0.10563972577275131,0.2670387279156926,-0.37267845368844393,-0.24360624297158948
42099,Perry,Pennsylvania,4,-0.30471941643561534,-0.39067907842619914,0.16918441143064933,-0.3413799266065274,-0.38065857078346826,0.09884502030732023,8.8424917482977e-4,0.00176670501968932,-0.6627440126041327,0.47317256916404893,-1.1359165817681816,-0.742507027371667
42101,Philadelphia,Pennsylvania,4,0.30227865817553085,-0.1578372309258606,0.7544405652352539,0.34807452636321184,-0.13686019031670021,0.801280203213247,0.00100663861993882,0.00164336614475545,0.21507507582455576,-0.052646402704271095,0.2677214785288269,0.1749997159796309
42103,Pike,Pennsylvania,4,-0.4448712672560547,-0.6052843202632653,0.3202263229988973,-0.5926731020054722,-0.6022850604450368,0.08152584853150346,NA,NA,NA,NA,NA,NA
42105,Potter,Pennsylvania,4,-0.5185568862596965,-0.12541897747847763,-0.6548887759357416,-0.5042339605304759,-0.11196061130681172,-0.6537130974460494,NA,NA,NA,NA,NA,NA
42107,Schuylkill,Pennsylvania,4,-0.09013873824382773,-0.19848488433261657,0.18057654696114514,-0.031077043769993096,-0.16858636789926246,0.23097932860476555,8.8622866079087e-4,0.00167064077233868,-0.648546460189527,0.06363094003616389,-0.7121774002256909,-0.4655242584624735
42109,Snyder,Pennsylvania,4,-0.22018487101375428,-0.34134351873307595,0.22060739926438622,-0.16756032025941223,-0.3410776943731033,0.31528239451404066,8.8209342305727e-4,0.00189325476824806,-0.6782058038895521,1.0126801551788298,-1.6908859590683818,-1.1052701644147453
42111,Somerset,Pennsylvania,4,-0.4457223282533551,-0.19052309561502,-0.41912025919654444,-0.3877911771476997,-0.17088294083005656,-0.35510909276204966,8.6168460742917e-4,0.0015929127579343,-0.8245848312199339,-0.26773955966549573,-0.5568452715544381,-0.36398934034773583
42113,Sullivan,Pennsylvania,4,-0.44893342887705273,0.35911282135649375,-1.4023227626826138,-0.40821955369194507,0.38803035072265396,-1.3937977765814045,NA,NA,NA,NA,NA,NA
42115,Susquehanna,Pennsylvania,4,-0.5686143887390164,-0.019028793508023962,-0.9266072161616126,-0.5933981376254758,0.009373471606646089,-1.019394127470331,NA,NA,NA,NA,NA,NA
42117,Tioga,Pennsylvania,4,-0.4825015497152529,-0.12060833275728153,-0.6040764214872716,-0.521136070155742,-0.10140818515926889,-0.7006517900885003,0.0010348554982726,0.00182923540501619,0.417456207589573,0.7397524527630658,-0.32229624517349276,-0.21067324025177328
42119,Union,Pennsylvania,4,-0.6625153642439076,0.1097433386971326,-1.3103437442202233,-0.6700633971996371,0.13480556453232506,-1.3717624507920787,9.7126934661179e-4,0.00189256063468755,-0.038605486601841786,1.0097209211553126,-1.0483264077571544,-0.6852525416323547
42121,Venango,Pennsylvania,4,-0.09860959293707007,-0.09120166773339303,-0.024251024170199725,-0.04850664246562519,-0.06121125305822957,0.009087262515879477,7.7455893521251e-4,0.0015818486045538,-1.4494800425334617,-0.3149083193793101,-1.1345717231541517,-0.7416279425975156
42123,Warren,Pennsylvania,4,-0.279286302690257,-0.035839691020069585,-0.4202674168079897,-0.2595175545387572,-0.006108756455889486,-0.43912091749450527,9.5237918153481e-4,0.00188540314203545,-0.1740922311766473,0.9792070590051978,-1.153299290181845,-0.7538694666203369
42125,Washington,Pennsylvania,4,-0.5182699361150173,-0.19335481981004227,-0.5335444853804167,-0.47596977424266235,-0.17069562593826956,-0.5013457581457553,8.5334744259662e-4,0.00160726161092765,-0.8843818376273731,-0.20656745044609298,-0.6778143871812801,-0.44306241656610584
42127,Wayne,Pennsylvania,4,-0.3950986818794319,0.032159394528532066,-0.7319572430679385,-0.38957263860787744,0.062102137869600706,-0.7769479761248432,0.0010009579238329,0.00200852632606423,0.17433117447835764,1.5041064962173398,-1.3297753217389823,-0.8692253789267389
42129,Westmoreland,Pennsylvania,4,-0.44653160625661914,-0.18436934439453476,-0.43140166197776264,-0.38745618880178245,-0.17001292203414398,-0.35611905711740605,9.4577085036423e-4,0.00169656168297515,-0.2214894494500435,0.1741371092230249,-0.3956265586730684,-0.2586065779340592
42131,Wyoming,Pennsylvania,4,-0.26962455091234433,-0.38495854965268117,0.21679631071757083,-0.26411217919794866,-0.3705663675919625,0.2085467732458347,NA,NA,NA,NA,NA,NA
42133,York,Pennsylvania,4,-0.4452887291098295,-0.4773204488496461,0.09186496464724359,-0.45267411052816114,-0.460398112478564,0.058064453703169816,9.1887509944773e-4,0.00173060632533,-0.41439500213958075,0.31927641627645714,-0.7336714184160379,-0.4795741101936141
44001,Bristol,Rhode Island,4,-0.45725379437512653,-0.025461772222010404,-0.7317867520484725,-0.39907088041075084,-0.012765202081399113,-0.6580573491836271,8.0988781204445e-4,0.00205249609068849,-1.1960892176286613,1.6915586392696966,-2.887647856898358,-1.8875495443373422
44003,Kent,Rhode Island,4,-0.4346550731336672,-0.0632902175784635,-0.6272694166879866,-0.3831235165922468,-0.037293542923698575,-0.5875706327047027,7.7778445392077e-4,0.00185865803994564,-1.4263455157801814,0.8651871922687994,-2.291532708048981,-1.4978909248158438
44005,Newport,Rhode Island,4,-0.16087395186741238,0.13315455540889692,-0.5259559511066358,-0.13736109388193254,0.16156207272705614,-0.5384621390652818,8.8536899967943e-4,0.0019497438405828,-0.6547122446044286,1.2535046799101761,-1.9082169245146048,-1.2473314492831282
44007,Providence,Rhode Island,4,-0.010488361430596638,-0.17072023535666245,0.2623359567583323,0.048560838685979824,-0.1426792701780208,0.3161685936354034,9.7650635882003e-4,0.00178442042853271,-0.0010438383842927734,0.5486969978508905,-0.5497408362351833,-0.3593454314245622
44009,Washington,Rhode Island,4,-0.5170169013609275,-0.298083151765324,-0.3451479919796865,-0.4599199355768227,-0.2783103268357715,-0.2813058770245018,8.4954476688946e-4,0.00190362804299761,-0.9116559323818262,1.0569035573027783,-1.9685594896846044,-1.2867751720066876
45001,Abbeville,South Carolina,4,0.3898189029601,-0.464527998071622,1.4442567158341215,0.4303357628890762,-0.4406726010347862,1.4836232520678871,0.00109426015175652,0.00127531547599998,0.843526762311133,-1.6217220436505018,2.4652488059616346,1.6114427696766225
45003,Aiken,South Carolina,4,0.1699566863307175,-0.4468725312599421,1.0508020718079714,0.2154561515656298,-0.41728718349546545,1.0860390863081633,0.00108190227411865,0.00152383093337609,0.7548918242793218,-0.5622495751286791,1.3171413994080008,0.8609670470522078
45005,Allendale,South Carolina,4,0.15015287818820935,0.3157963177709111,-0.33875246817389626,0.20409020372405798,0.3060114253012046,-0.23320853823971588,NA,NA,NA,NA,NA,NA
45007,Anderson,South Carolina,4,0.3964249455081932,-0.5335028545013388,1.5778551264317024,0.3963223120584927,-0.5121679487293104,1.5558885189718126,0.00106957948138526,0.00150933986498334,0.6665085272190089,-0.6240279778231647,1.2905365050421735,0.8435764029273041
45009,Bamberg,South Carolina,4,0.19341667292571155,0.39169793457311963,-0.40255551324114913,0.25010505620726514,0.42168825595709636,-0.36505163714813266,0.00117108832436395,0.00118450286033053,1.3945647736674673,-2.0088748876308413,3.4034396612983087,2.22470373820563
45011,Barnwell,South Carolina,4,0.23211519039433748,-0.06836791907457984,0.479719800580767,0.28048549751102286,-0.044516025871779163,0.5234192072868984,0.00115033294585598,0.00122912266567557,1.2457000784674441,-1.8186514873924895,3.0643515658599334,2.0030542810164835
45013,Beaufort,South Carolina,4,-0.26400209463876806,-0.41880476512156867,0.28627402640907335,-0.21378218351281886,-0.4463020853155535,0.42799020047050795,0.0010709613747283,0.0017436374198666,0.6764199403609862,0.3748306503752174,0.3015892899857688,0.19713786275211106
45015,Berkeley,South Carolina,4,-0.24794765861763615,-0.6056366759923557,0.6451227213062503,-0.24021693606064976,-0.5769307368526608,0.619112793773974,9.6644903030192e-4,0.0014734928727915,-0.07317844888055665,-0.7768510726421435,0.7036726237615868,0.4599649978687107
45017,Calhoun,South Carolina,4,-0.1358552647825351,-0.29379290072197,0.2748686953429672,-0.11139473202597343,-0.27774977748704105,0.2943544321591194,NA,NA,NA,NA,NA,NA
45019,Charleston,South Carolina,4,-0.28221796521595205,-0.01384167926310557,-0.46423388471111343,-0.22329177113631926,0.014856870289559898,-0.416876676515702,9.7774761660456e-4,0.00172701966414597,0.007858888284254266,0.30398574253520727,-0.29612685425095303,-0.19356726876240957
45021,Cherokee,South Carolina,4,0.4373559581388082,-0.2866619326403469,1.2060747124524562,0.47806809314201093,-0.2570271936426568,1.232419017054857,9.7749949509221e-4,0.00126422470144697,0.0060792756747154895,-1.6690042948937847,1.6750835705685,1.0949407223599794
45023,Chester,South Carolina,4,0.801692376943409,-0.39294194357069934,1.995112848871052,0.8209082330369007,-0.3629257815547076,1.9900791170650431,0.00120803551007859,0.00127946113133992,1.6595626650716866,-1.6040482629407586,3.2636109280124455,2.133302821307649
45025,Chesterfield,South Carolina,4,0.38096621630539845,-0.39379440208920785,1.3038296512595036,0.43988643569486685,-0.363787890784078,1.3611922829666776,0.00119326155097189,0.00130020341714087,1.5535987618611549,-1.5156196357143292,3.069218397575484,2.006235550493338
45027,Clarendon,South Carolina,4,0.6507048445906648,-0.10284588990918068,1.2303449325145062,0.7096910841785408,-0.07426643443654504,1.2870699289993883,0.00129813891978423,0.0012938499578866,2.3058152312275983,-1.5427057382483333,3.8485209694759317,2.515637072904588
45029,Colleton,South Carolina,4,0.6842533803004368,0.0891766926455353,0.9439410192217494,0.7433049034616492,0.09062046344162197,1.0462317941894865,0.00119143639019675,0.00140668499410778,1.5405080826245459,-1.0616667895117187,2.6021748721362643,1.700946319494305
45031,Darlington,South Carolina,4,0.023166812339308247,-0.17312673562748318,0.32203679847063266,0.08213484934374188,-0.15337517504489634,0.39095049912520985,0.00110413576546765,0.00129736931670639,0.9143580518708971,-1.5277019883175031,2.4420600401884003,1.5962851235791418
45033,Dillon,South Carolina,4,1.1210876591530112,-0.8509821833573097,3.3360009564210547,1.1775732425418188,-0.8290042166120658,3.418192587156849,0.0011047696029546,0.00129619686529572,0.9189041517777196,-1.5327003896378872,2.4516045414156067,1.6025240141347552
45035,Dorchester,South Carolina,4,-0.21232042507446458,-0.8153045419046683,1.076831323312057,-0.17137831097840395,-0.8076723630628193,1.147870565471116,9.9055720068372e-4,0.00154414699623705,0.09973361987977773,-0.4756380238907603,0.5753716437705381,0.3760993506979163
45037,Edgefield,South Carolina,4,0.4419158253244877,-0.6934236100557574,1.9372956659656664,0.5004528736980561,-0.6678327371646712,2.008057125182461,NA,NA,NA,NA,NA,NA
45039,Fairfield,South Carolina,4,0.47662306122849696,-0.4251234383629062,1.517086304682892,0.4925202973418504,-0.40167258872565015,1.5163941230703557,0.00107543543356123,0.00117864355173977,0.7085094252246475,-2.0338543243307825,2.7423637495554303,1.792582649409523
45041,Florence,South Carolina,4,0.307990592175316,-0.3795590866491743,1.1583348619608511,0.3670248339869974,-0.3499519958983268,1.21575982884106,0.00106776823047412,0.00145514149646567,0.6535176142990602,-0.8550867614076705,1.5086043757067307,0.9861193757223374
45043,Georgetown,South Carolina,4,0.4875450590924228,-0.0026717996196701454,0.7834433206059715,0.5306675736205192,0.027270590909285897,0.808301834291798,9.3902889114083e-4,0.00167047446830654,-0.26984509396199574,0.06292195176912901,-0.33276704573112476,-0.21751761872201872
45045,Greenville,South Carolina,4,0.07457433574037035,-0.40587406903907225,0.8207935327427771,0.12417764785140155,-0.3815702247271842,0.8707934530749026,0.00106875725900378,0.00172955202079501,0.6606112662194735,0.31478169936808753,0.345829566851386,0.22605610991288075
45047,Greenwood,South Carolina,4,0.051763292410211915,-0.1571632087198348,0.34072356752126515,0.11082345323976174,-0.1279955369352452,0.39278766738935034,0.00108712038191597,0.00130073490769022,0.7923178835762231,-1.513353782273013,2.305671665849236,1.5071330432027907
45049,Hampton,South Carolina,4,0.8764599613010837,-0.32586726238656183,1.9988912810826598,0.9227444566574011,-0.30533554047136524,2.0550335199667407,0.00135027915596842,0.00164790529288343,2.6797828928742464,-0.033295081370327245,2.7130779742445736,1.7734396116905997
45051,Horry,South Carolina,4,-0.27091336942808,-0.17081268989814175,-0.16633529717306805,-0.21969067827054492,-0.14127435085907886,-0.13020503541327402,9.1921790206768e-4,0.00170616897067322,-0.4119363041441171,0.21509495112446017,-0.6270312552685773,-0.4098673449188294
45053,Jasper,South Carolina,4,0.11610923507161712,-0.49174706597934287,1.041973724796238,0.13469234033425093,-0.4620767170515231,1.0329361970563,0.00103874100853316,0.00124535263906934,0.44532442017903384,-1.749459775307083,2.194784195486117,1.434649968905275
45055,Kershaw,South Carolina,4,-0.10142723149399217,-0.6617796838521226,0.9862843792161583,-0.04363822373122705,-0.6567999788389123,1.0879704444698755,9.8224880223882e-4,0.00147558576402953,0.04014293587343997,-0.7679286471732621,0.8080715830467021,0.5282067703400859
45057,Lancaster,South Carolina,4,-0.2190747913663942,-0.6540045781806624,0.7787233978117164,-0.16284445723503949,-0.6562088551566777,0.8896695792706092,9.6788401853216e-4,0.00137678580208492,-0.0628862209923366,-1.1891331898464321,1.1262469688540955,0.7361863558928692
45059,Laurens,South Carolina,4,0.5590213057622971,-0.5502602592573392,1.875413592257905,0.6140870349137767,-0.5228122485524913,1.9353387155869985,0.00112282513349809,0.00138342886413206,1.0484046111405414,-1.160812451088619,2.2092170622291603,1.4440842047935714
45061,Lee,South Carolina,4,0.24720969132383297,0.10372024685661312,0.1983954709194599,0.30415727205641835,0.1288648696848125,0.25085938402157926,NA,NA,NA,NA,NA,NA
45063,Lexington,South Carolina,4,-0.047874740010003046,-0.5238633236753363,0.8290865608203699,0.01090022939514266,-0.49914279341388423,0.8947526390108896,9.3831439940931e-4,0.00163594795720752,-0.2749696737809003,-0.08427166077209697,-0.19069801300880335,-0.12465230021067518
45065,McCormick,South Carolina,4,-0.610265592950251,-0.4820353707621143,-0.1714097539869075,-0.5511903219556624,-0.5163747211829866,-0.004297873860495183,NA,NA,NA,NA,NA,NA
45067,Marion,South Carolina,4,0.5342633983401883,0.14017808004939109,0.60621412255307,0.5685129184249845,0.14071341021018596,0.6669581070548862,0.00137682682155884,0.00107704263240947,2.8701918581876202,-2.466999923978732,5.337191782166352,3.4887266092375526
45069,Marlboro,South Carolina,4,-0.14597098981700266,0.21900211083323984,-0.6541559755355595,-0.10376809756156054,0.2454868860831247,-0.6337704197687299,0.00133086849544363,0.00129376789815263,2.540562976381545,-1.5430555757587776,4.083618552140322,2.6693117441332417
45071,Newberry,South Carolina,4,-0.2639061222756363,-0.5357985408169373,0.49458794864788125,-0.20484811922636223,-0.5147942548672026,0.5659167114155864,0.00110403165555725,0.00137013226391538,0.9136113398765564,-1.2174985904670386,2.131109930343595,1.393028436048122
45073,Oconee,South Carolina,4,0.12793349088360556,-0.28748557159569305,0.6980214189592989,0.18510062160757015,-0.2705387383875616,0.7719692728298877,0.00110381499641219,0.00159770586410895,0.912057386159004,-0.24730556298633502,1.159362949145339,0.7578330581940844
45075,Orangeburg,South Carolina,4,0.20094232200721726,-0.02544774917294266,0.35202439758793147,0.2346871606253663,0.00382961974605025,0.36071932317891575,0.00116647355789779,0.0012609109024915,1.3614660853857572,-1.6831317008773221,3.044597786263079,1.9901419594576382
45077,Pickens,South Carolina,4,-0.051093423607202926,-0.46731072082143044,0.7231677678561378,0.005248831861552908,-0.45226132272733083,0.8011121758741424,8.6943714332973e-4,0.00161940870648842,-0.7689809840811829,-0.15478188565660667,-0.6141990984245762,-0.4014794344103176
45079,Richland,South Carolina,4,0.14676347490462174,-0.3008518940174304,0.7528097367348096,0.2017327138091106,-0.2728766425330755,0.8036920454678692,0.00104879751696866,0.0015587273104168,0.5174531487614725,-0.41347914806492,0.9309322968263924,0.6085163149259366
45081,Saluda,South Carolina,4,0.11701113122380567,-0.7396033262845257,1.4844459030397723,0.17555178690145215,-0.7969692192810574,1.7026559271914854,0.00116331277148043,0.00161208638634737,1.3387958408304976,-0.18599844126668413,1.5247942820971818,0.9967021240159553
45083,Spartanburg,South Carolina,4,0.12413942521784722,-0.663349339104111,1.3605124377928266,0.18321626761862564,-0.637645144963684,1.4288837180849665,0.00104763016350608,0.00146126489956323,0.5090804892442812,-0.8289814355497802,1.3380619247940615,0.8746420275611441
45085,Sumter,South Carolina,4,0.09522831071908361,-0.5354227783171778,1.0852976335131683,0.15386261987642477,-0.521810494385772,1.1720525088901759,0.00111879030652316,0.0014117840863529,1.019465447849584,-1.039928311329327,2.059393759178911,1.346150204036509
45087,Union,South Carolina,4,0.9826278969313714,-0.27511311429808327,2.083413505643716,0.9524418452247788,-0.2509305340167519,2.006354185305341,0.0011709369792665,0.00126896464590496,1.393479274706643,-1.648796937538291,3.042276212244934,1.9886244316297117
45089,Williamsburg,South Carolina,4,0.21415139840441996,0.07854986140438794,0.18874242622991821,0.2689340455599633,0.10411431643727491,0.2370790086960789,0.00127431159355745,0.00127823808220776,2.1349174730961784,-1.6092623727464594,3.7441798458426376,2.4474331054785825
45091,York,South Carolina,4,-0.15087669188429612,-0.7791814108570978,1.1137388289073717,-0.10040572455289914,-0.7701464522861436,1.197832439378336,0.00101351324152688,0.00154383910893333,0.26438222032828473,-0.4769506107420688,0.7413328310703535,0.4845820947822055
46003,Aurora,South Dakota,4,-0.2092097080032104,0.540640885685629,-1.330550939548249,-0.1984392406191128,0.45952892290427333,-1.1752458293567651,NA,NA,NA,NA,NA,NA
46005,Beadle,South Dakota,4,0.5453794188882589,0.03254793567715919,0.8160146817832261,0.5916917944272256,0.0020300443043664157,0.9546530006447312,9.4374147954627e-4,0.00147054300994406,-0.23604479317202978,-0.7894269442027123,0.5533821510306826,0.36172562541760955
46007,Bennett,South Dakota,4,0.22181421322545716,0.2650011303277737,-0.13037438827990727,0.14754104709024704,0.2870964638323243,-0.2927666919329259,NA,NA,NA,NA,NA,NA
46009,Bon Homme,South Dakota,4,0.05794667137186829,0.6496681407838427,-1.0846126139131231,0.1168991417738976,0.6795044287690264,-1.0489894074047912,NA,NA,NA,NA,NA,NA
46011,Brookings,South Dakota,4,-0.4294751246908701,0.1850430440956456,-1.0605754472777014,-0.37053916573539314,0.16102986640036587,-0.9233205933803615,7.9037471445401e-4,0.00173923294326555,-1.3360438478992542,0.3560534614376344,-1.6920973093368885,-1.106061979677777
46013,Brown,South Dakota,4,0.04124145282997841,0.6904216709789168,-1.1846295816492063,0.027333420204341225,0.7189823701685623,-1.2681630698080986,8.642370809025e-4,0.00153880325238603,-0.8062776157929786,-0.4984195021487508,-0.3078581136442278,-0.20123556296572814
46015,Brule,South Dakota,4,0.6491041464780453,1.026736892224519,-0.7820500027750319,0.6831005713869794,1.036683260702988,-0.7543384098486661,NA,NA,NA,NA,NA,NA
46017,Buffalo,South Dakota,4,2.0128840144865587,-0.05576669760228703,3.3896498817334013,1.9858398568981517,-0.026740064223146166,3.3131304256538914,NA,NA,NA,NA,NA,NA
46019,Butte,South Dakota,4,-0.39914347773387354,0.2215874729526131,-1.0756490590843666,-0.3449520792914669,0.22486001078419887,-0.9957465696781032,NA,NA,NA,NA,NA,NA
46021,Campbell,South Dakota,4,-0.4174293708859513,0.43891715365545014,-1.4924340204229307,-0.49085648244705365,0.16234465515600585,-1.1247609520132986,NA,NA,NA,NA,NA,NA
46023,Charles Mix,South Dakota,4,0.7048618709839873,0.30317446732512543,0.5971306702193935,0.7240987382191727,0.29916433347144383,0.6395057057940479,NA,NA,NA,NA,NA,NA
46025,Clark,South Dakota,4,0.07728316044091206,1.2466195358691314,-2.114870456134919,0.10618109873545407,1.260258268735538,-2.110879236621461,NA,NA,NA,NA,NA,NA
46027,Clay,South Dakota,4,-0.5966291260780182,0.23372040649393533,-1.4224310155275064,-0.6038709353487395,0.26268640620705164,-1.492161753222819,7.7895316814088e-4,0.0016206406367832,-1.4179630964431504,-0.14952991362944196,-1.2684331828137085,-0.8291282714832277
46029,Codington,South Dakota,4,-0.33090629478554023,0.34212147687593847,-1.1777391690299694,-0.29933447614081776,0.34511164788677856,-1.1364721455007607,7.4488573948974e-4,0.00150771391891951,-1.662306382230642,-0.6309597200500556,-1.0313466621805865,-0.6741535044178794
46031,Corson,South Dakota,4,1.9343730415498277,0.5980510800939148,2.0970919792673604,1.9924228633800398,0.5870330399114565,2.2205004448152437,NA,NA,NA,NA,NA,NA
46033,Custer,South Dakota,4,-0.7114921178407858,0.5170956103702306,-2.11575573042874,-0.6742305459256855,0.5172865280919338,-2.066332088725719,NA,NA,NA,NA,NA,NA
46035,Davison,South Dakota,4,-0.5140256126152997,0.6816471504368522,-2.083363159303467,-0.4725484028594488,0.7022184213282106,-2.065124711910628,9.4247058084654e-4,0.00171581527203145,-0.2451601146532914,0.2562191162770609,-0.5013792309303523,-0.3277332229489049
46037,Day,South Dakota,4,-0.2198998554600952,0.8107347891516092,-1.8287065228824249,-0.20174547982428437,0.836050732526347,-1.8576768580423852,NA,NA,NA,NA,NA,NA
46039,Deuel,South Dakota,4,0.15940969722562714,0.3503688916098463,-0.38502117066570124,0.12884558137692217,0.3123493958039033,-0.36910317013873184,NA,NA,NA,NA,NA,NA
46041,Dewey,South Dakota,4,1.8046872292310983,0.13073453857593212,2.7149932271937147,1.8558956862169669,0.07060647251046806,2.923102985310272,NA,NA,NA,NA,NA,NA
46043,Douglas,South Dakota,4,0.19313867274986066,9.19435993070028e-4,0.2922616891773597,0.05014732920624532,-0.12858413030877705,0.2934514928527927,NA,NA,NA,NA,NA,NA
46045,Edmunds,South Dakota,4,-0.588132894904624,0.3645139199892531,-1.6411489175037186,-0.5531387392371251,0.2347256754055178,-1.35794901610514,NA,NA,NA,NA,NA,NA
46047,Fall River,South Dakota,4,-0.6292506909691805,1.697369019047981,-4.080278811810603,-0.5754358744722075,1.6584571539679949,-3.9546138729299294,NA,NA,NA,NA,NA,NA
46049,Faulk,South Dakota,4,-0.2248200035741358,1.411804014944633,-2.906233664487175,-0.22873378101246736,1.3664909057542802,-2.856026836527612,NA,NA,NA,NA,NA,NA
46051,Grant,South Dakota,4,-0.17100335921891405,0.009578408479292722,-0.3227685352255897,-0.16621081979043395,-0.1330223784017267,-0.05655400059766799,NA,NA,NA,NA,NA,NA
46053,Gregory,South Dakota,4,0.17621697844858555,1.0854490475829643,-1.6652031539118137,0.12157334020863364,1.0857212636671965,-1.7716056727842633,NA,NA,NA,NA,NA,NA
46055,Haakon,South Dakota,4,-0.9583002523674086,0.7011526100835914,-2.8496439905127753,-0.9201347645147745,0.5808054539551428,-2.5874067331407646,NA,NA,NA,NA,NA,NA
46057,Hamlin,South Dakota,4,-0.8303997421827974,-0.4061608899588661,-0.6688957319523049,-0.9825815682403469,-0.4514683159791213,-0.8347730624392902,NA,NA,NA,NA,NA,NA
46059,Hand,South Dakota,4,-0.20010194233585266,0.9016350393426158,-1.9578359250045245,-0.1612269855218892,0.8553620252841287,-1.8253555383812818,NA,NA,NA,NA,NA,NA
46061,Hanson,South Dakota,4,0.12797477450767034,-0.8295706908969833,1.6625698437482266,0.1817463563735914,-1.2289421877587028,2.489563376114762,NA,NA,NA,NA,NA,NA
46063,Harding,South Dakota,4,0.761097175676653,0.4686684496347537,0.3952843398224183,0.8081790656664688,0.30962495404545737,0.7598171318224415,NA,NA,NA,NA,NA,NA
46065,Hughes,South Dakota,4,-0.07308792934224666,0.5832260529438502,-1.1821701346998879,-0.03819708609326252,0.6085263799008995,-1.1779971936177496,8.1815049561652e-4,0.00175799897276679,-1.1368264163736468,0.4360569019075048,-1.5728833182811517,-1.028136164049555
46067,Hutchinson,South Dakota,4,-0.1500458483387098,0.23580535739961386,-0.6907623663185416,-0.20643660432714758,0.22584553341194297,-0.7683314282625526,NA,NA,NA,NA,NA,NA
46069,Hyde,South Dakota,4,0.06882377946160467,-0.43775591221637633,0.8680485549432518,-0.036418989740345964,-0.6366051448109367,1.0636064199571944,NA,NA,NA,NA,NA,NA
46071,Jackson,South Dakota,4,0.958044516436269,-0.04059628846786434,1.6256791686378047,0.8233963610115792,-0.03991930074626828,1.413452333002553,NA,NA,NA,NA,NA,NA
46073,Jerauld,South Dakota,4,-0.3539667695757996,0.3270800454416734,-1.1889505247822063,-0.326066785168131,0.11244821851155126,-0.7623903142778188,NA,NA,NA,NA,NA,NA
46075,Jones,South Dakota,4,0.0051556167004584985,0.4147047732910137,-0.7534944545475069,-0.08670966569565312,0.3537755508745983,-0.8002412555832314,NA,NA,NA,NA,NA,NA
46077,Kingsbury,South Dakota,4,-0.019834722890284723,0.6201970476978669,-1.1602583004569078,-0.06778968948036075,0.6111320696950997,-1.231645826555742,NA,NA,NA,NA,NA,NA
46079,Lake,South Dakota,4,-0.6677337439509122,0.1896819113340075,-1.461163819436496,-0.6194095758418959,0.19280026360231464,-1.3922213943232136,8.6055926389904e-4,0.00167551905964705,-0.8326561810892605,0.08442808139439939,-0.9170842624836599,-0.5994643625380646
46081,Lawrence,South Dakota,4,-0.7313307127847457,0.9857406328433207,-2.982238950717666,-0.7010736079684818,1.012993382050709,-3.0019936154121822,8.9745364407831e-4,0.00167726520605675,-0.568037029100692,0.0918722623987448,-0.6599092914994368,-0.4313585119106812
46083,Lincoln,South Dakota,4,-1.0795390746598423,-0.6456463954662988,-0.6530538644664332,-1.190576927423566,-0.7071751862738876,-0.7191776734602309,8.9748214027511e-4,0.00157262035976731,-0.5678326446010614,-0.3542502234495646,-0.21358242115149684,-0.13961099888266887
46085,Lyman,South Dakota,4,1.5526565420931187,0.20738676503001924,2.163600199956732,1.2300274866040655,0.23690546419937872,1.588550200580843,NA,NA,NA,NA,NA,NA
46087,McCook,South Dakota,4,-0.11524220203017561,-0.0414273779797333,-0.14019820629958288,-0.06804317764373062,-0.0602555274387135,-0.024956124863836263,NA,NA,NA,NA,NA,NA
46089,McPherson,South Dakota,4,-0.041825923836548005,0.8919505119108566,-1.6799757618197992,-0.005450021483502672,0.8810116849186762,-1.6137240561602968,NA,NA,NA,NA,NA,NA
46091,Marshall,South Dakota,4,-0.12250679736796848,0.7769430833883619,-1.6082092946094781,-0.10806988160005863,0.6628047194189066,-1.3911971412009183,NA,NA,NA,NA,NA,NA
46093,Meade,South Dakota,4,-0.6169951485191106,0.10520258898589055,-1.22730774950784,-0.6160008245256384,0.10837328540913663,-1.2347873404085365,NA,NA,NA,NA,NA,NA
46095,Mellette,South Dakota,4,1.5387848720296813,1.5406220480183135,-0.2313405630967993,1.5549357721397072,1.3962023521506908,0.0418051399645365,NA,NA,NA,NA,NA,NA
46097,Miner,South Dakota,4,-0.4588442520204361,0.9553313650980684,-2.4794375749771826,-0.40099780696029846,0.9777658915729296,-2.4421530010340655,NA,NA,NA,NA,NA,NA
46099,Minnehaha,South Dakota,4,-0.1795944255915087,0.1044216070874564,-0.5056607164383975,-0.15403250362382512,0.13347656016730566,-0.515550737461093,8.2529746403922e-4,0.00172877351841116,-1.0855659069379415,0.31146278371158853,-1.3970286906495302,-0.9131864407089075
46101,Moody,South Dakota,4,0.3731267026727507,0.31817866404068107,0.02417461435721535,0.40885257223602683,0.3123059767076306,0.0942731253657153,NA,NA,NA,NA,NA,NA
46102,Oglala Lakota,South Dakota,NA,3.220899405379192,NA,NA,3.0766396443623294,NA,NA,NA,NA,NA,NA,NA,NA
46103,Pennington,South Dakota,4,-0.2065310315442537,0.685555863933313,-1.5839734501687512,-0.1485023899090001,0.7090803786901513,-1.5412970566387294,8.9277185147027e-4,0.00195880121180012,-0.601616451866601,1.2921181148379262,-1.8937345667045271,-1.2378648628986288
46105,Perkins,South Dakota,4,-0.22260961106775912,1.3107132523246903,-2.7227326933478952,-0.20958056709327252,1.2899336660542637,-2.6866913231433087,NA,NA,NA,NA,NA,NA
46107,Potter,South Dakota,4,0.2880325546280957,0.4399892944305819,-0.3326739801690851,0.20701475133167793,0.40962375025752806,-0.4146574913297569,NA,NA,NA,NA,NA,NA
46109,Roberts,South Dakota,4,0.4794343141876048,0.1150655351133854,0.5606087166928477,0.5307474966573028,0.14508196473137117,0.5966172572430894,NA,NA,NA,NA,NA,NA
46111,Sanborn,South Dakota,4,-0.7684354652850186,1.0506339211838054,-3.1587969257870396,-0.712760113777772,1.0725177909305368,-3.1283508807333757,NA,NA,NA,NA,NA,NA
46113,NA,NA,NA,NA,NA,NA,NA,NA,NA,0.00124604981784348,0.00168274848414643,1.9322143219175096,0.11524860379256283,1.8169657181249468,1.1876838808895067
46115,Spink,South Dakota,4,-0.024464366718939184,0.7560639665496527,-1.409616899926598,-0.01385701031213471,0.7624588962474149,-1.4144843890889849,NA,NA,NA,NA,NA,NA
46117,Stanley,South Dakota,4,0.040557642313415694,0.31958286615416887,-0.5259574163529366,0.09570953174542945,0.3214837041547926,-0.4403527833439374,NA,NA,NA,NA,NA,NA
46119,Sully,South Dakota,4,-0.034298445102475726,1.326249309222733,-2.4402869422339193,0.014550332986894296,1.3210847953252938,-2.3718530118171097,NA,NA,NA,NA,NA,NA
46121,Todd,South Dakota,4,2.4599013560409846,-0.34242897563472036,4.635773748152893,2.440520256418741,-0.3539109036319798,4.653673306602117,NA,NA,NA,NA,NA,NA
46123,Tripp,South Dakota,4,-0.09418563620094472,0.6857855076383159,-1.3993855071530292,-0.0436513975948587,0.7135086022064612,-1.3757727490367562,NA,NA,NA,NA,NA,NA
46125,Turner,South Dakota,4,-0.1871006151723813,0.22419167506493604,-0.7311164620233124,-0.12844835299186075,0.1999440688158547,-0.5927233724621657,NA,NA,NA,NA,NA,NA
46127,Union,South Dakota,4,-1.048721113538184,-0.4838078475765893,-0.8902505716235833,-1.0620736843691447,-0.5079500634901934,-0.8647500075693081,0.00113781671684086,0.00159013974194097,1.1559293900324419,-0.2795614967422611,1.435490886774703,0.938327768311178
46129,Walworth,South Dakota,4,-0.1512771625175846,0.02718139258350427,-0.3216051837548599,-0.18512184377443855,0.02855274702736459,-0.37834514938298935,NA,NA,NA,NA,NA,NA
46135,Yankton,South Dakota,4,-0.34698803155052477,0.5313405198994178,-1.5408800163957772,-0.2980731871085135,0.5459375281781742,-1.4954564624112832,8.3873746372074e-4,0.0016129865859787,-0.989169618365821,-0.18216070523353187,-0.8070089131322891,-0.5275121419739811
46137,Ziebach,South Dakota,4,2.964476800414154,0.9458759329730085,3.1744880200568275,2.9943071294830346,0.692544379235209,3.6885111767311436,NA,NA,NA,NA,NA,NA
47001,Anderson,Tennessee,3,0.027942881024954052,-0.08870971657786035,0.17970627355575947,0.08158156134419214,-0.05986655376621255,0.2219129061403024,0.00101627359202867,0.00175611990026023,0.2841804011196592,0.42804602963389954,-0.14386562851424034,-0.09403968731822475
47003,Bedford,Tennessee,3,0.5218495232107152,-0.5681935620652271,1.8461107085701798,0.5604607168220933,-0.5483295147998488,1.8924871704208455,9.4273350324146e-4,0.00177938788560331,-0.24327434503622586,0.5272422330783145,-0.7705165781145404,-0.5036584403635145
47005,Benton,Tennessee,3,-0.38639816186197024,0.4550825293385922,-1.4700971706483934,-0.3281565096792589,0.4286685226540411,-1.334390508279431,9.7152155741088e-4,0.00144750079900499,-0.03679654422489301,-0.8876606249627401,0.8508640807378471,0.556178657329359
47007,Bledsoe,Tennessee,3,0.3093981472726293,-0.42893663359848605,1.2485054182486794,0.08090821355244919,-0.41345495498393053,0.8565266245429345,NA,NA,NA,NA,NA,NA
47009,Blount,Tennessee,3,-0.2731192687897992,-0.3586882976211513,0.16430148239396491,-0.21409453873918408,-0.33324256205500163,0.22420006499065476,8.6821569909919e-4,0.00169542780146355,-0.777741601143085,0.16930313930908109,-0.947044740452166,-0.6190484286500335
47011,Bradley,Tennessee,3,0.4142040889194165,-0.3058692987270327,1.2021249105511833,0.45643249874627817,-0.2767565398431963,1.2320928850590096,9.6195094971081e-4,0.00181588043513294,-0.10544022603502282,0.6828174715001993,-0.7882576975352221,-0.5152551597483049
47013,Campbell,Tennessee,3,0.18715671254349978,-0.15914403860156814,0.5671970373166446,0.22079855427386944,-0.14753698648080868,0.6098861386537326,9.2187248180451e-4,0.00154935721771417,-0.3928967475657773,-0.4534257789535957,0.0605290313878184,0.03956560885438839
47015,Cannon,Tennessee,3,-0.40703393701184615,0.01849957302051459,-0.727307127682526,-0.37880790668501235,0.048063537580734686,-0.7338962559362027,NA,NA,NA,NA,NA,NA
47017,Carroll,Tennessee,3,0.3835885693333178,-0.11317983454136922,0.8088770340905549,0.43918017240177515,-0.0854295839819732,0.8595544469440615,0.00102976361604178,0.00150485591380924,0.3809354813597745,-0.6431439831989,1.0240794645586746,0.6694032037442403
47019,Carter,Tennessee,3,0.13329677946042998,0.1358337213754231,-0.04631869582251394,0.18737838679710184,0.14597894499335162,0.026867657215628116,9.4120798493876e-4,0.00174118624952084,-0.2542158856622511,0.36438080743824675,-0.6185966931004978,-0.4043539808363599
47021,Cheatham,Tennessee,3,0.19057031249039671,-0.5258432689373007,1.225251161489021,0.12751790887529343,-0.4958273012460081,1.0817466661435275,0.00103816940379978,0.00137085398055568,0.44122467493098577,-1.2144217641056316,1.6556464390366175,1.0822353820330473
47023,Chester,Tennessee,3,0.594060895602479,-0.3624060307302436,1.59888131828908,0.6530963177910382,-0.3402097853039387,1.6715765104695,8.8801595387535e-4,0.00162085880511899,-0.635727381021587,-0.14859981717703966,-0.48712756384454736,-0.3184174306338568
47025,Claiborne,Tennessee,3,0.8791498334485389,-0.11529662918861008,1.6286723499782052,0.9333566645366086,-0.08923646504231889,1.6840610252838324,9.5814439987301e-4,0.00150011372674707,-0.13274210738352257,-0.6633609012369018,0.5306187938533793,0.346846053324024
47027,Clay,Tennessee,3,0.30906257248697167,0.4282615025899603,-0.2771781997671635,0.36096438626947097,0.4575619384531633,-0.24612275375877346,NA,NA,NA,NA,NA,NA
47029,Cocke,Tennessee,3,0.20848965108874132,-0.29788137775459844,0.8491676258000296,0.23562342289235808,-0.2927221765378625,0.8954483679962126,0.00128690603645336,0.00180013867850865,2.225249138317018,0.6157071278390989,1.6095420104779192,1.0520986072493734
47031,Coffee,Tennessee,3,0.05161573102581681,0.06820776947983048,-0.06050054360354733,0.10952879594868332,0.08363022233926042,0.010156847852111489,9.7887668533145e-4,0.00158499832322286,0.015956956542746436,-0.30148042137774744,0.31743737792049387,0.20749717685211333
47033,Crockett,Tennessee,3,0.13871549241984102,-0.5937456712459236,1.2606753259487604,0.16045072039549116,-0.5655248996663674,1.2615486686590356,NA,NA,NA,NA,NA,NA
47035,Cumberland,Tennessee,3,0.14347489260354135,-0.21163586580766774,0.5886609201734736,0.20181849670986604,-0.18755380136137337,0.6504293306411513,9.8143742149793e-4,0.0019782751295483,0.03432343483965311,1.3751394283863623,-1.3408159935467092,-0.8764422613419781
47037,Davidson,Tennessee,3,0.11885733243917147,0.20063461041054276,-0.18538984694000307,0.16244073974741968,0.22329423636800408,-0.15340167684832462,9.1944176442656e-4,0.00174572864065381,-0.41033068650584414,0.38374595436895,-0.7940766408747941,-0.519058789689849
47039,Decatur,Tennessee,3,0.27048800816378266,-0.24267599267064238,0.8530371796347125,0.32653276459042285,-0.21293872700530486,0.9024213286322792,NA,NA,NA,NA,NA,NA
47041,De Kalb,Tennessee,3,0.2767980840954941,-0.44184438527262626,1.2177891928952658,0.321271501988229,-0.41238771960413684,1.252311758171238,9.9383832438173e-4,0.00159970071445451,0.12326696469593,-0.23880110599095614,0.3620680706868861,0.2366706245747692
47043,Dickson,Tennessee,3,-0.18634092705310282,-0.4884915221083208,0.5381438609004512,-0.1310944770095574,-0.45850665722544,0.5867478732210143,0.00102710634969979,0.0015830857678168,0.36187665552753434,-0.3096340381331686,0.6715106936607029,0.4389419232019337
47045,Dyer,Tennessee,3,0.29641691242986146,0.06768336623125504,0.3435408380460415,0.34182954607354454,0.07210116810507974,0.41524901392929714,9.7578029050141e-4,0.00143504488318321,-0.0062514494574542,-0.9407627539921991,0.934511304534745,0.6108557810602654
47047,Fayette,Tennessee,3,0.18136443915670655,-0.6573722092799146,1.4441089873461475,0.23562517137366945,-0.6424234031083568,1.5241902224967985,0.00125006358951279,0.00158731804704019,1.9610024693331243,-0.2915909620057454,2.2525934313388696,1.4724377471247276
47049,Fentress,Tennessee,3,0.03879472014466989,0.49495061089355674,-0.8408755113950321,0.050252162098470464,0.4759863791004072,-0.79335160524466,NA,NA,NA,NA,NA,NA
47051,Franklin,Tennessee,3,-0.05320844071689906,-0.12347909097034364,0.10793813402064749,0.005270465388694588,-0.09497168128989128,0.15876555660813602,0.00102948312330061,0.00158569384390717,0.37892369119155117,-0.298515273760395,0.6774389649519461,0.44281701681757746
47053,Gibson,Tennessee,3,0.2376942310923633,-0.39549909202720995,1.070940027765393,0.26973347563059574,-0.36553637645215087,1.08280166519835,0.00108263513563649,0.00138579448289056,0.7601481585078308,-1.1507273321502973,1.9108754906581282,1.24906925650945
47055,Giles,Tennessee,3,0.0857771687906304,0.045230675752160984,0.03663324968078302,0.13631491813875218,0.042996959885954124,0.1275328731763567,0.00107661614146256,0.00143850541205995,0.7169778673580578,-0.9260098081990447,1.6429876755571025,1.0739608124103863
47057,Grainger,Tennessee,3,0.5799535547168938,0.03458255132986913,0.8693271020031041,0.6389682166506158,0.05792397368360332,0.9323828692881247,8.0871919301077e-4,0.00150189238777071,-1.2044709542559613,-0.6557781037510804,-0.5486928505048809,-0.358660401571293
47059,Greene,Tennessee,3,0.07332965200832284,-0.03894860387770745,0.1659083939185115,0.13108010779595433,-0.020067514185148804,0.23225700537733057,0.00095064073934939995,0.00167034916836184,-0.18656093493719575,0.06238777235381851,-0.24894870729101426,-0.16272864362182093
47061,Grundy,Tennessee,3,-0.29864225626244656,-0.49396629239829204,0.3629606349282264,-0.3541302914096935,-0.46436570845955993,0.228248053630972,NA,NA,NA,NA,NA,NA
47063,Hamblen,Tennessee,3,0.47394178331710446,-0.29349581034908306,1.2784786002383548,0.46806848652595495,-0.2635103749016021,1.2275300335210464,9.6113503970653e-4,0.00165407891005915,-0.11129221249969576,-0.006975682577479613,-0.10431652992221614,-0.06818789141866834
47065,Hamilton,Tennessee,3,0.07673020295534794,-0.013964240025403718,0.12705570137809932,0.12703117677450534,0.015897300682209646,0.1608953785104733,0.00100027095614024,0.00174439124413074,0.16940400650882098,0.3780443581356623,-0.2086403516268413,-0.13638054920818302
47067,Hancock,Tennessee,3,0.3913062217204863,0.542417271915198,-0.3448560047730076,0.3416416121125409,0.5681435898189481,-0.47691239297018917,NA,NA,NA,NA,NA,NA
47069,Hardeman,Tennessee,3,-0.29651092546670005,0.22415493283057358,-0.9112144805857205,-0.2456195726101059,0.1720216605752211,-0.7363917271561461,0.00111335885625877,0.00115612907957782,0.9805092231875275,-2.129838146225558,3.1103473694130854,2.03312005161617
47071,Hardin,Tennessee,3,-0.44968647938751505,-0.1589625476472442,-0.4818006121493491,-0.399599638390202,-0.1316104946947119,-0.44525649679901036,8.3921560647457e-4,0.00144755214930314,-0.9857402144990748,-0.8874417080884555,-0.09829850641061932,-0.06425413006685064
47073,Hawkins,Tennessee,3,-0.1299140941600642,-0.31261021269528266,0.31813173329826105,-0.07163283760593171,-0.28711571529006974,0.3769835904956635,9.1616622534997e-4,0.00171183051903925,-0.43382397650125926,0.23923129534362714,-0.6730552718448863,-0.4399515573374783
47075,Haywood,Tennessee,3,0.45943048556984706,-0.08116034194700039,0.8767949030545964,0.4949768903007718,-0.1057298170175796,0.9883738649815805,0.00106132292166562,0.00135317339097217,0.6072896483345307,-1.2897977511317138,1.8970873994662445,1.2400564867617994
47077,Henderson,Tennessee,3,0.32152652060579584,0.06959938499964627,0.3814792508216731,0.3798060180487069,0.07211366866897176,0.47806222808060295,0.00104645250793614,0.00150116526872605,0.5006339394787641,-0.6588779616725509,1.159511901151315,0.7579304226598854
47079,Henry,Tennessee,3,-0.23791203322418453,0.16078851831778931,-0.701979231224567,-0.19225808904819333,0.18639428856225781,-0.6739410762291353,9.9723310166087e-4,0.00153300918618639,0.14761547198704414,-0.5231207971270393,0.6707362691140835,0.4384357102658227
47081,Hickman,Tennessee,3,0.04076864223906429,-0.3810213254703308,0.7209083699966631,0.029505117535203535,-0.3520071616039418,0.6609963643965235,NA,NA,NA,NA,NA,NA
47083,Houston,Tennessee,3,0.3579343574787582,0.4109993306649057,-0.1659892391785719,0.36990202103683983,0.3889834637080981,-0.10803516425985538,NA,NA,NA,NA,NA,NA
47085,Humphreys,Tennessee,3,0.09638972482572261,-0.023843577173328946,0.17700593874189477,0.13572611820159403,0.006139897291142825,0.1928251331068283,9.0876057138422e-4,0.00143823062007973,-0.48693986739888245,-0.9271813028846777,0.44024143548579525,0.2877696873476063
47087,Jackson,Tennessee,3,-0.46236087999340425,0.6865381693027712,-2.006990180690569,-0.6015947402577935,0.6159626573338658,-2.123562183552788,NA,NA,NA,NA,NA,NA
47089,Jefferson,Tennessee,3,0.39591811192895304,-0.39425306697876766,1.3292666456904494,0.45085088571650705,-0.3655715597173736,1.3825409247770235,9.0949284137045e-4,0.00175501053423364,-0.48168777583801803,0.42331657427085995,-0.905004350108878,-0.5915681666621777
47091,Johnson,Tennessee,3,0.3688638857125348,-0.046214502964281236,0.6654852040070476,0.4278971164325118,-0.03568101729315411,0.7514410255099269,NA,NA,NA,NA,NA,NA
47093,Knox,Tennessee,3,-0.050669988049987756,-0.05525569302514856,-0.00926525235302253,0.004228996400318115,-0.02524076044544319,0.031670905819258695,9.0599213645893e-4,0.00174547296009271,-0.5067960324491195,0.3826559355907153,-0.8894519680398348,-0.5814021446461435
47095,Lake,Tennessee,3,-0.04724724485850581,1.1652660240360766,-2.1751871938795326,0.006110271716395148,0.761268291746504,-1.3793059938121564,NA,NA,NA,NA,NA,NA
47097,Lauderdale,Tennessee,3,0.26181266872052084,-0.2855426310798522,0.915020230389555,0.3206963628507556,-0.2907018161393535,1.0325771782568058,0.00112365816434196,0.00145673861614493,1.0543793941403938,-0.848277911982464,1.9026573061228578,1.2436973305532528
47099,Lawrence,Tennessee,3,0.00707547460665429,-0.23575703293991584,0.406971695571268,0.05263934027499828,-0.2074796012665722,0.43942343987754784,9.527080908839e-4,0.00186253252034563,-0.17173318048615172,0.8817048984789382,-1.05343807896509,-0.6885938537096883
47101,Lewis,Tennessee,3,-0.17587053427792299,0.08614383427665864,-0.4670087709555072,-0.21403852160475523,0.11609747960715575,-0.5835900065956418,NA,NA,NA,NA,NA,NA
47103,Lincoln,Tennessee,3,0.10191043129959278,-0.207041881203671,0.5120440576630467,0.1531200724694992,-0.17844913329520828,0.5534835778800544,0.0012024581107546,0.00153318707435423,1.6195596436834832,-0.5223624233087985,2.1419220669922816,1.4000959334078804
47105,Loudon,Tennessee,3,-0.13483982695523275,-0.4745907681957003,0.5982172258715315,-0.07770600121705308,-0.4703329725393207,0.6963470990797317,8.628238158201e-4,0.00167512504783155,-0.8164140378123369,0.082748328049469,-0.8991623658618059,-0.5877494757240689
47107,McMinn,Tennessee,3,0.5668330446950716,-0.3135006486966375,1.4670331648763684,0.5853954999957157,-0.2866432361902237,1.4632500574578855,9.3914398047767e-4,0.00149836982294781,-0.2690196337545186,-0.6707955215320507,0.4017758877775321,0.2626261689383344
47109,McNairy,Tennessee,3,0.15898563926191062,-0.08761872391435359,0.39355020909531263,0.1873625477316887,-0.06426660911102444,0.40484862094639873,0.00110334164447992,0.00161225203091967,0.9086623437080725,-0.18529226441247643,1.093954608120549,0.715078023503042
47111,Macon,Tennessee,3,0.2045426406259141,-0.6259475950979744,1.426365163542241,0.05115352722213936,-0.5968949903518119,1.1371073385075,NA,NA,NA,NA,NA,NA
47113,Madison,Tennessee,3,0.8777331486888839,-0.2541727000531249,1.8734284997380866,0.8815645452588364,-0.22750767994737342,1.8469682484347627,0.00104902084028279,0.00146254397368098,0.5190549001858699,-0.8235284797165178,1.3425833799023876,0.8775975370111883
47115,Marion,Tennessee,3,0.11871155625156364,-0.4509616013332452,0.973693211717906,0.15724131548013662,-0.42206687785855757,0.9983106608802729,0.00103870973202624,0.00155704730501734,0.44510009434138303,-0.4206413563496235,0.8657414506910066,0.5659034486708445
47117,Marshall,Tennessee,3,-0.059290455288138255,-0.34412115036167507,0.4904904335806103,-0.0015669122523203904,-0.3156587776824236,0.5442328162546964,0.00111595630192138,0.00159931163565387,0.9991389945845929,-0.24045982887972886,1.2395988234643218,0.8102803078296327
47119,Maury,Tennessee,3,-0.3184010312255188,-0.5837684724180394,0.49020079322703036,-0.272637791588695,-0.558277458886249,0.5319320789888213,9.8638572516952e-4,0.00164435949474632,0.06981436638520497,-0.048411547544576286,0.11822591392978125,0.07727994583339366
47121,Meigs,Tennessee,3,0.5479438394367198,-0.18524691856537384,1.2077391021007036,0.604970127368924,-0.16154598439437767,1.2707218133596654,NA,NA,NA,NA,NA,NA
47123,Monroe,Tennessee,3,0.34586417969841704,-0.21940718524268638,0.9357573787423437,0.39434959079207643,-0.19326992100279147,0.9792675535534332,9.7432141886067e-4,0.00154546060475975,-0.01671497735945447,-0.4700378407918481,0.45332286343239364,0.29632053723773283
47125,Montgomery,Tennessee,3,0.05460311328011521,-0.6629325118533198,1.2452670036314215,0.11076502426691752,-0.6339795620278252,1.3024157683743272,9.8278951546982e-4,0.00148829041308263,0.04402111666848124,-0.7137661172602024,0.7577872339286837,0.49533773472056847
47127,Moore,Tennessee,3,-0.46816194266037653,-0.5226309887913713,0.13481691060639078,-0.49141769936998986,-0.5211200744478259,0.10313344385971734,NA,NA,NA,NA,NA,NA
47129,Morgan,Tennessee,3,0.5006988094959038,-0.2935108671082835,1.3225655564205514,0.5596675470892165,-0.26785918219299604,1.3869082610263308,8.1116838278737e-4,0.00141063927150432,-1.1869045249354568,-1.044808892305784,-0.14209563262967273,-0.09288270589564121
47131,Obion,Tennessee,3,0.49848033160168853,-0.04617972209261304,0.8788596815590062,0.4878865801100886,-0.0185529902790193,0.8199042811311323,0.00106257730046775,0.00137650099641983,0.6162864834427282,-1.1903473749286306,1.8066338583713588,1.180930322929365
47133,Overton,Tennessee,3,-0.15954943525630433,-0.09302272197092895,-0.12135920406038989,-0.1760509530702845,-0.0632036026378412,-0.19836483649237188,NA,NA,NA,NA,NA,NA
47135,Perry,Tennessee,3,-0.30131161173089943,-0.6357137190871238,0.6107627712804851,-0.2514538070426667,-0.68541408387366,0.795565981822008,NA,NA,NA,NA,NA,NA
47137,Pickett,Tennessee,3,-0.5023764766438084,-0.0035244947906990175,-0.845120123297752,-0.4793574421031979,0.017409496068062868,-0.8451511608981804,NA,NA,NA,NA,NA,NA
47139,Polk,Tennessee,3,0.30000513407464774,-0.5996955488495314,1.5368532447804657,0.31843772781489205,-0.5700185769184343,1.5310325425520457,NA,NA,NA,NA,NA,NA
47141,Putnam,Tennessee,3,-0.22651054010127192,-0.3688522765391657,0.25913478223329833,-0.17396890915903504,-0.33963694413755585,0.302088403213498,8.6365172497012e-4,0.00167139909657677,-0.8104759893578749,0.06686383211037153,-0.8773398214682464,-0.5734848784574935
47143,Rhea,Tennessee,3,0.28173241962534956,-0.6155494057832491,1.534971252976236,0.32683524030746985,-0.5892901358710706,1.579575975642598,9.426637844476e-4,0.00183340887506546,-0.24377439214419294,0.7575448132950301,-1.001319205439223,-0.6545256567375018
47145,Roane,Tennessee,3,0.3063176165493671,-0.045531710434748365,0.5612769025536033,0.3526722282585615,-0.01683412102047809,0.5930888500493482,9.5399987098107e-4,0.00158577936704448,-0.1624680904586767,-0.2981506710497302,0.1356825805910535,0.08869072887725327
47147,Robertson,Tennessee,3,-0.05567711440669604,-0.8222094147641565,1.3470573700782111,0.002461422371128563,-0.7962434723478573,1.414956592495514,0.00102178654937075,0.00140330572369082,0.3237212225055148,-1.076073313790975,1.3997945362964899,0.9149943726138131
47149,Rutherford,Tennessee,3,-0.06119822733756284,-0.8222447634009505,1.338028775438373,-0.0387712006560173,-0.8049258843036423,1.3623436758879142,9.097945038998e-4,0.00162915014835631,-0.4795241486862551,-0.11325211695849462,-0.36627203172776046,-0.23941859979209548
47151,Scott,Tennessee,3,0.08910078998609565,-0.4063999978932241,0.8456496392087156,0.09236357988548176,-0.38636384939042995,0.8267726583275486,0.00103927950966857,0.00162788405090398,0.449186735065602,-0.11864975060016866,0.5678364856657707,0.3711738940799337
47153,Sequatchie,Tennessee,3,0.2406656871240266,-0.6507282706993686,1.5299380334156933,0.2503809702527085,-0.6289261762953657,1.5243380033901734,NA,NA,NA,NA,NA,NA
47155,Sevier,Tennessee,3,0.4966095485267796,-0.5005811324067462,1.6842522754366704,0.5472737533172304,-0.470882143539331,1.7314229906487921,8.8810252830583e-4,0.00176970588995073,-0.6351064395051238,0.48596589581317595,-1.1210723353182996,-0.7328038876499832
47157,Shelby,Tennessee,3,0.4486471385327861,-0.234293065221161,1.131492694181708,0.4670249500535937,-0.2083308535739205,1.1265943860468162,0.00109237055657589,0.00148171777904547,0.8299739374128592,-0.741786606937436,1.5717605443502953,1.027402247891279
47159,Smith,Tennessee,3,-0.12339778817987453,-0.4959576563282434,0.6550746324598025,-0.11028369912990361,-0.46665821899656806,0.6358372392565509,9.1926033765268e-4,0.00152584935231337,-0.41163194157013533,-0.5536446403830919,0.14201269881295658,0.09282849509996316
47161,Stewart,Tennessee,3,0.10194834869271814,0.46631990304713905,-0.6859420205293858,0.1603031240887478,0.4953153358328807,-0.6460139549663775,NA,NA,NA,NA,NA,NA
47163,Sullivan,Tennessee,3,-0.017793695535698612,0.1618510995013886,-0.34140607942251866,0.024079347066290224,0.1775051030460346,-0.3000080372983392,8.9715807784794e-4,0.00171506946034466,-0.5701569315047146,0.2530395677805667,-0.8231964992852813,-0.5380933736134308
47165,Sumner,Tennessee,3,-0.047063353933568676,-0.652575302981967,1.05942762209664,0.011313491165712545,-0.6263992062261028,1.1242347733955873,9.9039779322785e-4,0.00159488286290758,0.09859029491841438,-0.2593405972776995,0.35793089219611385,0.23396630266223264
47167,Tipton,Tennessee,3,0.09642278652542953,-1.0074287968246551,1.927059920587214,0.15421981428280002,-0.992921637406279,2.0196692341295206,0.0010618631293221,0.0014875325727784,0.6111642029756675,-0.7169969462249082,1.3281611492005756,0.8681702535131327
47169,Trousdale,Tennessee,3,0.09267085351836568,-0.13289055019167922,0.36489905799369515,0.05437094489053199,-0.201592751512234,0.43170439014002293,NA,NA,NA,NA,NA,NA
47171,Unicoi,Tennessee,3,-0.5407316453830581,0.09094544003379626,-1.0763600407145772,-0.5226091105550967,0.10949594847585789,-1.082280327768938,9.8928593995993e-4,0.00177484803262711,0.09061570183775881,0.507887906831552,-0.41727220499379325,-0.27275554341541697
47173,Union,Tennessee,3,-0.22602874378890062,-0.8142510422369075,1.052383764905277,-0.23125424735932076,-0.785254811790218,1.0084948981750919,NA,NA,NA,NA,NA,NA
47175,Van Buren,Tennessee,3,0.018714664037819295,0.3086585814654118,-0.5424891963992257,-0.1377780933612498,0.304863306092768,-0.7967979512059747,NA,NA,NA,NA,NA,NA
47177,Warren,Tennessee,3,0.430592332927113,0.1871516612033153,0.3519257910321828,0.489550164025154,0.19724310593635874,0.43467017190641355,9.5317959131409e-4,0.00173786145358642,-0.16835141764333225,0.35020651907339784,-0.5185579367167301,-0.33896231315875175
47179,Washington,Tennessee,3,-0.23631250393937522,-0.15651724295191669,-0.1347933916875934,-0.1772940925586104,-0.12741037837064897,-0.0849823242417001,8.6233912070661e-4,0.00173741847798076,-0.8198904374504802,0.34831802302820675,-1.1682084604786869,-0.763615044680703
47181,Wayne,Tennessee,3,-0.5565556462896811,0.04938710053377211,-1.0284762547334447,-0.5345532786421825,0.048334602029620276,-0.9920791605830926,NA,NA,NA,NA,NA,NA
47183,Weakley,Tennessee,3,-0.18292116624563934,-0.388483497329388,0.3658403434643649,-0.1392825627668852,-0.3587377740801112,0.3938222563092455,9.1054783786824e-4,0.001400280574099,-0.4741209790185675,-1.0889701482154142,0.6148491691968467,0.4019043618428807
47185,White,Tennessee,3,-0.008019862567409256,-0.10810401251722757,0.1549936919368961,0.04158350425335477,-0.09137438877792661,0.21238125077394773,9.2056560949522e-4,0.00159608179690931,-0.4022700841162581,-0.25422929522904925,-0.14804078888720884,-0.0967688365947563
47187,Williamson,Tennessee,3,-0.4275411533446057,-0.8546516640900697,0.79243898896803,-0.3703813548989674,-0.971025745425804,1.1122993220694561,9.6089029232553e-4,0.00194149479180605,-0.1130476246816304,1.2183372896691997,-1.33138491435083,-0.8702775106102487
47189,Wilson,Tennessee,3,0.05555054741189799,-0.8244379785877243,1.534178422151698,0.11460231574627618,-0.8116337283021655,1.6281750103989947,7.8096127494234e-4,0.00153362924864482,-1.403560265542541,-0.5204773434344336,-0.8830829221081073,-0.5772389328065916
48001,Anderson,Texas,4,0.032831130042089686,-0.18780186263935467,0.36406086000646587,0.09119179938656619,-0.23658096130588283,0.5555344158718509,0.00107575362899153,0.0015234433708359,0.7107916320139606,-0.5639018338875393,1.2746934659015,0.833220389038887
48003,Andrews,Texas,4,0.9585846662524807,-1.1977059736573248,3.685303721866054,0.9899918733331279,-1.2682708646192253,3.897592831089046,NA,NA,NA,NA,NA,NA
48005,Angelina,Texas,4,0.745041754242301,-0.5075964290294749,2.105821408234352,0.755740561679004,-0.48376215466323275,2.099508558790845,9.5840273862366e-4,0.00130688322793308,-0.13088921323567093,-1.4871422295038546,1.3562530162681836,0.8865328771815196
48007,Aransas,Texas,4,0.13991044965126073,0.3615921619216992,-0.4370986204378293,0.19170358292062853,0.381125271735464,-0.3887529562676769,9.6711986197976e-4,0.0017841187043465,-0.06836701394508549,0.5474106856361423,-0.6157776995812277,-0.40251130811569674
48009,Archer,Texas,4,0.02506613810412232,-0.3651281393818179,0.6667741920052538,0.01963388097698145,-0.3652470329546512,0.6684678494371226,NA,NA,NA,NA,NA,NA
48011,Armstrong,Texas,4,-0.07487533042691542,-0.8952777282152755,1.4454476119822086,-0.022048215554386397,-0.8791812649756083,1.5235195586840033,NA,NA,NA,NA,NA,NA
48013,Atascosa,Texas,4,1.2433371248355833,-0.5926457731032981,3.077672902771401,1.286293559278018,-0.5634457590905776,3.120624704551954,9.0507247143594e-4,0.00158875793891296,-0.5133921855031797,-0.285452407032324,-0.22793977847085567,-0.1489958770288403
48015,Austin,Texas,4,-0.057981251063895324,-0.874183236911756,1.435735275937142,-0.013010020708453621,-0.9158190318255187,1.6043463194472483,0.00100671160118162,0.00139666228104971,0.2155985223355695,-1.104395675099099,1.3199941974346685,0.8628318165401007
48017,Bailey,Texas,4,1.6947978098433119,-0.5335686463308218,3.715972311447741,1.7416126482512482,-0.56151351713287,3.870519457169273,NA,NA,NA,NA,NA,NA
48019,Bandera,Texas,4,0.12126835864438268,0.3293730032257173,-0.41047163257080027,0.1634040771377754,0.3592173449572442,-0.39618822491048505,NA,NA,NA,NA,NA,NA
48021,Bastrop,Texas,4,0.3865052759787702,-0.3044013292655974,1.1539021069606186,0.4355053254784806,-0.27501506064514214,1.1943358231733037,8.3053112685517e-4,0.00155732297453732,-1.0480282817109712,-0.4194661205316455,-0.6285621611793257,-0.41086804199044547
48023,Baylor,Texas,4,0.9478399695616768,0.9051544784245056,-0.07380871936262867,0.7844433558236293,0.888071775961988,-0.3194638056177128,NA,NA,NA,NA,NA,NA
48025,Bee,Texas,4,0.05679758161337215,0.1021023323390412,-0.11227308063112872,0.11532566499850468,0.09359079325104214,0.001839892368856677,9.7411335599785e-4,0.0016736676556245,-0.018207275591657305,0.07653516555442544,-0.09474244114608274,-0.06192966056698595
48027,Bell,Texas,4,0.22550595611578142,-0.4923177086996988,1.22313002848366,0.2807040693724853,-0.46396652058469634,1.2779242450788333,0.00104774670552909,0.00150754341971354,0.5099163686153432,-0.6316865932053005,1.1416029618206438,0.7462240055521281
48029,Bexar,Texas,4,0.6136189437066871,-0.33229796352375507,1.5775186795827922,0.6723307441254612,-0.3034428722663095,1.6372972977592792,8.7863662708035e-4,0.00168988929472735,-0.7029991305578784,0.14569134684481577,-0.8486904774026942,-0.5547578525123766
48031,Blanco,Texas,4,-0.1575699478668008,-0.29422043238794815,0.23987230265877857,-0.1051739629664784,-0.30583728264060356,0.3551467061183189,NA,NA,NA,NA,NA,NA
48033,Borden,Texas,4,0.19127677028271176,-1.3016216826535754,2.606683143150338,0.23797468618350578,-1.9154015462180882,3.8168056235195054,NA,NA,NA,NA,NA,NA
48035,Bosque,Texas,4,-0.1175329249976238,-0.262316271836008,0.2490362932410992,-0.061492923830815366,-0.2540846349750009,0.334373413214774,NA,NA,NA,NA,NA,NA
48037,Bowie,Texas,4,0.5323383561683365,-0.08873850304829026,1.010333683276555,0.543368195109183,-0.0840145488658118,1.0293993154916299,0.00108669014898894,0.00129467471260636,0.789232105423696,-1.5391896393782873,2.3284217448019833,1.522003935807757
48039,Brazoria,Texas,4,0.23553270846627247,-0.8604415193356262,1.8946084956359182,0.28960017059455234,-0.8524776833374694,1.9911602722350183,9.556656869292e-4,0.00140797718180827,-0.1505202869877602,-1.0561579277801942,0.905637640792434,0.5919821255658977
48041,Brazos,Texas,4,-0.10780416796504448,-0.24856965275575468,0.24059835855593315,-0.07633511237554762,-0.2314905507133161,0.2691929759174181,8.1699625564088e-4,0.00157921661235371,-1.1451050214636649,-0.3261290430429465,-0.8189759784207185,-0.5353345738464368
48043,Brewster,Texas,4,0.14129927441652948,0.9643131198925495,-1.507175694261808,0.20035353924053045,0.9893295810040316,-1.467950658299044,8.6876000185872e-4,0.00170451898114084,-0.7738376750179675,0.20806070664983864,-0.9818983816678062,-0.6418309761957519
48045,Briscoe,Texas,4,1.3575452043664429,0.6135781892051533,1.1196172087145746,1.2571477801969644,0.6365460308297227,0.9148968190927789,NA,NA,NA,NA,NA,NA
48047,Brooks,Texas,4,1.2855401799172521,-0.041614052419597626,2.1667694031308193,1.2900836424422566,-0.030685982867557627,2.1690300059208436,NA,NA,NA,NA,NA,NA
48049,Brown,Texas,4,0.4162311790976075,-0.15926810206296316,0.9446293201991056,0.4577001639389102,-0.13497432245839183,0.9792755982072264,8.637148173444e-4,0.00162852488251029,-0.8100234692044587,-0.11591775376177287,-0.6941057154426858,-0.453711460618692
48051,Burleson,Texas,4,0.8080074029510014,-0.45527677454174825,2.116418084219874,0.834870224375918,-0.4771891331390007,2.218618276567844,0.00108180157164236,0.0015146876891648,0.7541695515714055,-0.6012291042779379,1.3553986558493434,0.8859744130961468
48053,Burnet,Texas,4,0.8714467958453821,0.00407841786280958,1.4035952825003644,0.9297326671241054,0.023998628360818987,1.4744757993000288,9.7198395795919e-4,0.00168376975728432,-0.03348004885680986,0.11960250106663803,-0.15308254992344789,-0.10006445095572362
48055,Caldwell,Texas,4,0.5432243780948017,-0.261052162490176,1.3348407293973663,0.5956404223845787,-0.23209999954295063,1.3821362366200045,8.0994201997706e-4,0.00130875880676051,-1.1957004197388854,-1.4791462515023843,0.2834458317634989,0.1852781492422603
48057,Calhoun,Texas,4,0.6241938411067124,-0.6284270837598116,2.1218064658908475,0.6343331763492217,-0.6240284386558016,2.1508176931125895,9.4671878103908e-4,0.0014216072650957,-0.21469056544375473,-0.9980500815352961,0.7833595160915413,0.5120533981034346
48059,Callahan,Texas,4,0.5832288393529536,0.05849223972365859,0.8321802040977039,0.6423053258991536,0.08528057267611988,0.8887191346105486,NA,NA,NA,NA,NA,NA
48061,Cameron,Texas,4,0.7674886190942988,-0.8337704710944539,2.7231145537647374,0.8250694550050678,-0.8371096574474206,2.8495145323500766,7.7793265966932e-4,0.00158661782630944,-1.4252825333066836,-0.29457614688700273,-1.130706386419681,-0.7391013136754914
48063,Camp,Texas,4,0.4754039348694767,-0.5049098887865171,1.6570352331523845,0.5106728994867686,-0.4839828869269935,1.6944176359086152,9.7984003128319e-4,0.00151927398872777,0.022866404203403794,-0.5816767666862899,0.6045431708896937,0.3951677085622058
48065,Carson,Texas,4,-0.3268680982499301,0.388525961382851,-1.2536526469388862,-0.27315597253010254,0.4185373246060746,-1.2251716786573306,NA,NA,NA,NA,NA,NA
48067,Cass,Texas,4,0.19490981571230845,-0.4013402537081078,1.0108805578208462,0.21833385930191432,-0.3751639754184665,1.0150658717878343,0.00115527581572327,0.00120448175470849,1.2811520369043847,-1.923700754929231,3.204852791833616,2.094894781731248
48069,Castro,Texas,4,1.8298340580741472,-1.1132002673770338,4.969616692612983,1.8152961954436557,-1.0941545822338221,4.950088220394204,NA,NA,NA,NA,NA,NA
48071,Chambers,Texas,4,-0.08562353349562361,-1.2592604666926157,2.0753486321095886,-0.08035515378944336,-1.2887613408311878,2.163442226639578,0.00105365156143741,0.00182108339829802,0.5522680209667844,0.7049987727614435,-0.15273075179465911,-0.09983449341567675
48073,Cherokee,Texas,4,0.6836298534983228,-0.6279037359500743,2.2187472098282615,0.7323061630637572,-0.6027458032224263,2.2746586020383703,0.00114654816559221,0.00149150599162714,1.2185543359723685,-0.7000574450743838,1.9186117810467525,1.2541261859279818
48075,Childress,Texas,4,-0.8817979996410276,-0.31510961252019626,-0.9155309058752991,-0.8276668775284247,-0.2857905958620715,-0.8763291986745423,NA,NA,NA,NA,NA,NA
48077,Clay,Texas,4,0.41290958045529697,-0.5049271890464084,1.554158026946335,0.4676660125414303,-0.4904498212908576,1.6348857530375085,NA,NA,NA,NA,NA,NA
48079,Cochran,Texas,4,1.6226304001942424,0.05844352080689643,2.5438250445038597,1.4950956595115823,0.08477488023433839,2.3006511517658694,NA,NA,NA,NA,NA,NA
48081,Coke,Texas,4,-0.14587949769723627,0.48291442163087905,-1.1235593666610875,-0.13434895250492432,0.5043014392612817,-1.1497002761277977,NA,NA,NA,NA,NA,NA
48083,Coleman,Texas,4,1.024089953731454,0.5982706056842784,0.5977595984206805,1.0636982886423554,0.6061769136095109,0.6494178155595693,9.6394238286321e-4,0.0013298040502747,-0.09115698426569555,-1.3894260532819698,1.2982690690162741,0.84863089652527
48085,Collin,Texas,4,-0.10833027100608067,-0.9067542760123886,1.41077727526973,-0.0525500387445893,-0.9363805061415681,1.5758917231470135,9.507011090171e-4,0.00182643507623807,-0.1861279429694489,0.7278140756715459,-0.9139420186409948,-0.5974103929311922
48087,Collingsworth,Texas,4,1.6601494109845607,-0.24404704518454984,3.1437993848533416,1.2371843265092874,-0.21561468377957405,2.4139922453327993,NA,NA,NA,NA,NA,NA
48089,Colorado,Texas,4,-0.08658593136115471,-0.22106509000828184,0.2266016809132945,-0.0395554992988237,-0.20413694793799753,0.28086843548625734,0.00109263845656909,0.00141297552470467,0.8318954080724515,-1.0348489647769274,1.866744372849379,1.2202223626224389
48091,Comal,Texas,4,-0.01650715905709843,-0.661692469889886,1.1259650982502545,0.030420160585903355,-0.6933195016662141,1.2761667057765553,8.950371560387e-4,0.00170679641855764,-0.58536891034453,0.21776989040587902,-0.803138800750409,-0.5249823913863183
48093,Comanche,Texas,4,0.5134455013664254,0.08173123796042167,0.6759226818687938,0.5626123519301535,0.09763969935183256,0.7346386530900284,NA,NA,NA,NA,NA,NA
48095,Concho,Texas,4,-0.12753999536713526,0.461649634212194,-1.055525726773948,-0.09018159537800645,0.4771584290281946,-1.027819896094808,NA,NA,NA,NA,NA,NA
48097,Cooke,Texas,4,0.539813518202863,-0.7618017341639292,2.2201601858894815,0.5576372193664829,-0.7959290703983788,2.332982543731619,9.4916178544122e-4,0.00142104601612078,-0.197168499750892,-1.0004428012606283,0.8032743015097363,0.5250709632652981
48099,Coryell,Texas,4,0.02296990810811289,-0.3362479044600848,0.6119385267835782,0.06214571800708785,-0.3091076241588756,0.6378729029022407,0.00102853607842462,0.00170842481073366,0.3721311604385765,0.22471206091175028,0.14741909952682625,0.09636246105069057
48101,Cottle,Texas,4,1.1955329691016128,1.966577785562404,-1.5544279078986567,1.0867445220722518,1.926602682873403,-1.686485498283253,NA,NA,NA,NA,NA,NA
48103,Crane,Texas,4,-0.1906108817898308,-1.0398042197915505,1.5120108223599924,-0.14218126036669468,-1.2348723953137788,1.9642563960245807,NA,NA,NA,NA,NA,NA
48105,Crockett,Texas,4,0.2442139814465872,-0.620480553863554,1.4819640435543489,0.3008451474413923,-1.3317754164116322,2.87151080107069,NA,NA,NA,NA,NA,NA
48107,Crosby,Texas,4,0.9878509077946186,-0.5203007602298596,2.528253150590578,0.9586212621727143,-0.49059500933676753,2.4474790045297237,NA,NA,NA,NA,NA,NA
48109,Culberson,Texas,4,-0.3203930625158788,4.020566185468198,-7.705133742913556,-0.3818728641920994,3.047791422423226,-6.1322737245872325,NA,NA,NA,NA,NA,NA
48111,Dallam,Texas,4,0.9453384513542235,-0.2979438292437624,2.0626303681756495,1.004246977756849,-0.380737665729257,2.3254550824841855,NA,NA,NA,NA,NA,NA
48113,Dallas,Texas,4,0.668816610908633,-0.4254571342276603,1.8341606261798367,0.7193259761154742,-0.3983090865153518,1.8856183692528394,9.9528768878415e-4,0.00175429431472879,0.1336623034230544,0.4202631833276215,-0.2866008799045671,-0.1873404885496023
48115,Dawson,Texas,4,0.9674438242402039,0.3172578277092595,1.0044610285197444,0.9947664193291744,0.2975694323881869,1.090218682780135,NA,NA,NA,NA,NA,NA
48117,Deaf Smith,Texas,4,1.0333640832496291,-1.0719925612197057,3.5847713267392924,1.074017173472252,-1.063429125280362,3.668329211268642,6.6710050869376e-4,0.00164440808519565,-2.2202087432528943,-0.04820439647300223,-2.172004346779892,-1.4197596169038076
48119,Delta,Texas,4,-0.5249056556220267,-0.7683033425998088,0.47847980013048086,-0.46582874436255994,-0.8826067247101955,0.7954011564055529,NA,NA,NA,NA,NA,NA
48121,Denton,Texas,4,-0.23418059586706716,-0.7941771319837818,1.0032447039872032,-0.19812291426966624,-0.79254073102532,1.0764134298123877,8.7687301040258e-4,0.00172810437502572,-0.7156483944142374,0.30861008794025757,-1.0242584823544951,-0.6695202211146686
48123,DeWitt,Texas,4,-0.0013661080217993449,-0.030506605764559703,0.027888595170058816,0.05070968148463471,-0.013006142159850964,0.08658061608515384,9.8657901514905e-4,0.00148335837308635,0.07120070843032428,-0.7347924173739974,0.8059931258043216,0.5268481590359382
48125,Dickens,Texas,4,0.1805685493482847,0.45776788138602803,-0.5412641830703673,0.1561537669104057,0.4877791499619196,-0.6393299132022215,NA,NA,NA,NA,NA,NA
48127,Dimmit,Texas,4,0.16979548517628248,-0.6759625442978752,1.458134675525702,0.1103206017644583,-0.681920518332485,1.3878749996694135,7.7856201485952e-4,0.00134622096852041,-1.4207685819698919,-1.3194373568727156,-0.10133122509717629,-0.06623650709431221
48129,Donley,Texas,4,0.6485641686938105,0.48328727464448046,0.18396899437428482,0.5896228292580888,0.5020347510030362,0.05225533024456208,NA,NA,NA,NA,NA,NA
48131,Duval,Texas,4,1.2991988191305854,0.0943951563767111,1.947272527238931,1.2186076773159613,0.10444613911078907,1.8078078735766834,7.2759468445099e-4,0.00147864276184584,-1.786323761005108,-0.7548960372225253,-1.0314277237825826,-0.6742064914154268
48133,Eastland,Texas,4,1.0616437253964002,0.023703900878671295,1.681870349698289,0.9501272984302149,0.050999919868656395,1.459674177854618,0.00101339783516226,0.00167176884266806,0.26355448628880596,0.06844013568601748,0.19511435060278848,0.12753909819514708
48135,Ector,Texas,4,0.3796893469226003,-0.5768007808212279,1.6273328871192532,0.4385090413171096,-0.5558500439867183,1.7042279087638654,8.7318141345875e-4,0.00156841170384838,-0.7421257941703325,-0.3721925885751246,-0.3699332055952079,-0.24181177493245454
48137,Edwards,Texas,4,0.807987229388702,3.61732243193768,-5.129603174811097,0.5872247230379842,2.9669786481514095,-4.383513623093167,NA,NA,NA,NA,NA,NA
48139,Ellis,Texas,4,0.19271716390355823,-1.0974660437348247,2.2458203136634136,0.25168203964162966,-1.0992296111892181,2.3720642555323823,9.8644404950333e-4,0.0016590820884145,0.07023268851660078,0.014353894981051564,0.05587879353554921,0.036525918845739275
48141,El Paso,Texas,4,0.8249353331026342,-0.6087793686788522,2.4174054612295808,0.866497179741249,-0.5819955339136471,2.459382848507955,8.1001269249516e-4,0.00163297263901605,-1.1951935321934744,-0.09695605369572871,-1.0982374784977456,-0.7178775788607454
48143,Erath,Texas,4,-0.012048109744312724,-0.4032026844640747,0.6734014442117994,0.044303062561037665,-0.43830179182314044,0.8406328348752486,7.6882777819281e-4,0.00157642886230175,-1.4905858668648995,-0.3380137944397263,-1.1525720724251731,-0.7533941110322374
48145,Falls,Texas,4,0.36784971169901737,0.9946457245530503,-1.1880883211394146,0.4257251257060739,0.9734250914150862,-1.0664567189130123,0.00121586033268205,0.00142814354632745,1.7156849772430123,-0.9701845713385819,2.685869548581594,1.7556544612819012
48147,Fannin,Texas,4,0.26147633343827986,0.064958532439032865,0.29085304389274774,0.3200357680957148,0.08983576386624817,0.34730353891405996,8.7451424119529e-4,0.00142232865261553,-0.732566296391095,-0.9949746582820921,0.26240836189099703,0.17152672640966343
48149,Fayette,Texas,4,0.15000384881819243,-0.11473734808735521,0.4270096917249248,0.08523127174239427,-0.12632976839305488,0.34744802774463773,9.1941562178658e-4,0.00214375059530833,-0.4105181904885275,2.0805953466604845,-2.491113537149012,-1.628349596265786
48151,Fisher,Texas,4,0.6007131723048115,0.21764616250492425,0.5778038221903461,0.4725473777205667,0.24116993660284222,0.3275599963740457,NA,NA,NA,NA,NA,NA
48153,Floyd,Texas,4,1.1196898513042002,-0.5111745175073363,2.7291117902943833,1.1413014888378659,-0.5230848055523707,2.8081552741741027,NA,NA,NA,NA,NA,NA
48155,Foard,Texas,4,1.433930945740921,0.8377353379113208,0.8465783425563649,1.4881357482748119,0.852482437443706,0.9088494730770909,NA,NA,NA,NA,NA,NA
48157,Fort Bend,Texas,4,0.05845371319138676,-1.4364818625729918,2.627910410765305,0.10248887589939064,-1.5362572682893236,2.9109558880590582,9.3207133522932e-4,0.00158892753413452,-0.3197470718857581,-0.28472938774840206,-0.035017684137356064,-0.02288977638991451
48159,Franklin,Texas,4,0.1315380234733551,-0.17440352138683296,0.5027607921353683,0.1860305153208639,-0.16327451245392774,0.5806541059671348,NA,NA,NA,NA,NA,NA
48161,Freestone,Texas,4,-0.020716456697744617,0.13354091330943516,-0.2958493025982581,0.03626392656854238,0.1577726681803471,-0.24436991773734865,9.4190731924914e-4,0.00124581966775651,-0.2492000200678145,-1.7474687360321386,1.4982687159643242,0.9793633338488107
48163,Frio,Texas,4,-0.6304856616380626,-0.4559274479907961,-0.25115700801192475,-0.8726360824723258,-0.43067631786829497,-0.6902403812578324,7.8280663368108e-4,0.00133123423387861,-1.390324719581684,-1.3833288866538964,-0.006995832927787493,-0.00457291952118182
48165,Gaines,Texas,4,0.9726916816198573,-0.7412732215714906,2.8964460715448332,1.024719089843811,-0.8771678255254269,3.2518757203528255,NA,NA,NA,NA,NA,NA
48167,Galveston,Texas,4,-0.258249273458237,-0.48263277011800126,0.40931015464894593,-0.2074815398746194,-0.4577457948868422,0.45899022490409597,9.3491454875871e-4,0.0014777700532968,-0.29935456903264485,-0.7586165731220377,0.45926200408939283,0.30020273575930584
48169,Garza,Texas,4,-0.5174731949130889,-0.1436885562230898,-0.6205989647049786,-0.4613901483578087,-0.12524912100371632,-0.5589320958924328,NA,NA,NA,NA,NA,NA
48171,Gillespie,Texas,4,1.0342186946391252,0.1222852610248965,1.4613137663578766,0.9721570109556986,0.053823110735131505,1.4910485303947518,9.4494351343527e-4,0.00194998347209219,-0.2274233937387521,1.2545262782826454,-1.4819496720213974,-0.9686961730712598
48173,Glasscock,Texas,4,0.2845797313646227,-0.7627911464583728,1.8016330655587285,0.2672862985380123,-1.0294849201306715,2.272486788765004,NA,NA,NA,NA,NA,NA
48175,Goliad,Texas,4,-0.4470114762536921,0.2980964324349831,-1.2905972766046254,-0.4289395910780807,0.3035401887181093,-1.2761735011305035,NA,NA,NA,NA,NA,NA
48177,Gonzales,Texas,4,1.0838517053488979,-0.26945277570622755,2.2400254740622425,1.0211805369284583,-0.24917483233167417,2.1169322646692827,0.00107187900094323,0.0013401043405374,0.6830014703841869,-1.34551379902489,2.028515269409077,1.3259660672638627
48179,Gray,Texas,4,0.6429269292940066,-0.23828152570997446,1.458504954657601,0.5786264399629004,-0.20952608628076114,1.3133986256190444,2.2806605660305e-4,9.266666776256e-4,-5.369114453052196,-3.1080835237810365,-2.26103092927116,-1.477953030208641
48181,Grayson,Texas,4,0.1850129674178973,-0.20472607390968842,0.6447667583480992,0.23753740895375794,-0.17554204407007218,0.6879333517908879,9.5586434038736e-4,0.0016787702028862,-0.14909547623386063,0.09828837318255701,-0.24738384941641764,-0.16170575339609924
48183,Gregg,Texas,4,0.7218146697442808,-0.2960721363575859,1.6912288772835729,0.6371584761368309,-0.26991670336182716,1.5188236652272815,0.00104473299349445,0.00160969917724007,0.48830099198971044,-0.19617560429908734,0.6844765962887978,0.4474172584264545
48185,Grimes,Texas,4,0.24650202394382273,-0.12572631177719967,0.6054625891611234,0.3035109132145876,-0.09722973976151636,0.6562926135975942,0.00110000702862999,0.00122752630921031,0.8847453348268136,-1.8254570830795624,2.710202417906376,1.7715599659287682
48187,Guadalupe,Texas,4,-0.1404615964478919,-0.8151210855638533,1.1948331637593825,-0.14789807664866564,-0.8021202094997146,1.1767384556089924,8.2618994254919e-4,0.00149576877843984,-1.0791647448821284,-0.6818843088239558,-0.39728043605817265,-0.2596876569503893
48189,Hale,Texas,4,0.8068748418861498,-0.4393405904494694,2.0861993873268805,0.7433688439948364,-0.43861663804069473,1.9978698130446093,9.7496155653392e-4,0.00155492197524366,-0.012123690355085212,-0.4297020739625957,0.4175783836075105,0.27295568115084734
48191,Hall,Texas,4,0.09505522627761905,0.4554652345001993,-0.6779800851192672,0.144368927112728,0.48531195672118715,-0.6543932076715864,NA,NA,NA,NA,NA,NA
48193,Hamilton,Texas,4,0.27870657576012875,0.7691884633566015,-0.93374359086554,0.336315969563504,0.7839642346965008,-0.8737549797717866,NA,NA,NA,NA,NA,NA
48195,Hansford,Texas,4,1.6051573107449644,-0.6118401256730304,3.707624396523723,1.5818021979199954,-0.6768516322809173,3.813467915503269,NA,NA,NA,NA,NA,NA
48197,Hardeman,Texas,4,1.24490921465528,0.5491886240819192,1.0487043906604274,1.2460213289320692,0.5168410399396626,1.1117084576219218,NA,NA,NA,NA,NA,NA
48199,Hardin,Texas,4,-0.1524474867570137,-0.5930525822387401,0.779990933329265,-0.09651131041429427,-0.5630404771687355,0.8319136964064188,0.00107564078337112,0.00142731962401833,0.7099822645104711,-0.9736971214709965,1.6836793859814676,1.1005594917771695
48201,Harris,Texas,4,0.4824271235703083,-0.6411288410486522,1.910961566327775,0.5334915671729655,-0.621325166093545,1.9791053480205556,0.00098835429331213011,0.00157196346394174,0.08393361246002892,-0.3570507053561083,0.44098431781613723,0.2882552822932585
48203,Harrison,Texas,4,-0.0918381899329747,-0.5627461126882652,0.825873424172896,-0.03700830877489323,-0.5332385124339234,0.876785178393982,0.00109625063806956,0.0013403584659625,0.8578032130237395,-1.3444304101110276,2.202233623134767,1.4395193866669291
48205,Hartley,Texas,4,-0.8568701878943124,0.3154263989745145,-1.996335558832702,-0.8310865096615875,0.34284746561293666,-2.012235677385938,NA,NA,NA,NA,NA,NA
48207,Haskell,Texas,4,1.8424499774722365,-0.06784233892030968,3.130485191359867,1.6321615010678023,-0.04622639926724244,2.7629710075499125,NA,NA,NA,NA,NA,NA
48209,Hays,Texas,4,-0.17209950882294578,-0.5716848921660238,0.7096129130973712,-0.1443741851273619,-0.5724665431892066,0.7696674363009899,7.7522211109695e-4,0.00157175410470303,-1.4447235175747264,-0.3579432468172551,-1.0867802707574712,-0.7103884221763976
48211,Hemphill,Texas,4,1.9553241373816308,-0.21796824432353795,3.583457152632897,1.937828558645501,-0.22610815833820158,3.592141400243613,NA,NA,NA,NA,NA,NA
48213,Henderson,Texas,4,0.22190671623023248,-0.21032698133591138,0.7154839901166099,0.2793768395464146,-0.18146443300580933,0.7678087254952928,0.00105365835276855,0.00150926507401325,0.5523167307236189,-0.624346827099346,1.1766635578229647,0.7691418318550415
48215,Hidalgo,Texas,4,1.0184250818044422,-1.0217416820025826,3.470765018322232,1.0627284023601293,-1.03849566877319,3.604822209708505,7.7201493349791e-4,0.00158771171207216,-1.467726495600403,-0.28991268707027207,-1.1778138085301308,-0.7698937085747065
48217,Hill,Texas,4,0.37256520855779435,0.1592589312481409,0.30600076591220626,0.4166257848953267,0.18658479031779227,0.3331727669403578,0.00104944077916497,0.00153090527831736,0.5220668459171579,-0.5320901887579599,1.054157034675118,0.6890638087007765
48219,Hockley,Texas,4,0.6159853897069009,-0.25499003655649777,1.443868816263413,0.659074742648435,-0.251785994765108,1.5224884373774707,0.00111344647047581,0.00146253484129686,0.9811376224099176,-0.8235674129468658,1.8047050353567835,1.179669522034418
48221,Hood,Texas,4,-0.11155903117367909,-0.29426233878225716,0.31571195953561926,-0.05269892983896637,-0.28416091384857306,0.4029990124148044,8.1584838488718e-4,0.00170518861021685,-1.1533379443088423,0.2109154730198864,-1.3642534173287286,-0.8917624460641241
48223,Hopkins,Texas,4,0.4527544274127224,-0.2940323672997658,1.2445445231563517,0.5089476275779437,-0.2646394571739609,1.2971984781781345,9.5819648723443e-4,0.0013823085571219,-0.13236851895782425,-1.1655885501131564,1.0332200311553321,0.6753780570399043
48225,Houston,Texas,4,0.1453532027639962,-0.06033274551681629,0.322554652191045,0.19817790380684197,-0.05487450601271027,0.40585729651630387,0.00115439286025582,0.00131891553617088,1.2748191773765924,-1.4358460266627393,2.7106652040393318,1.7718624722583747
48227,Howard,Texas,4,0.2359388908288752,-0.11348990287678709,0.5662974483374288,0.29278880922257927,-0.08985686190368071,0.6252959398177204,9.5024591849013e-4,0.00167808195797052,-0.18939272559094153,0.09535424366215665,-0.28474696925309817,-0.1861286551201685
48229,Hudspeth,Texas,4,0.1908854877031172,-0.053145305577924115,0.3847436697234067,0.2498355538890945,-0.07462182931786362,0.5268341386992071,NA,NA,NA,NA,NA,NA
48231,Hunt,Texas,4,0.12668767870859252,-0.4288105859307274,0.9474161125620747,0.1705847380557499,-0.39956682998561305,0.9799350722609184,0.00108405143200376,0.00165190873300021,0.7703063219422182,-0.016227593384319193,0.7865339153265374,0.5141283865114732
48233,Hutchinson,Texas,4,0.4231886939111382,0.05578842555798735,0.5734564912566712,0.48185291619754106,0.08017189754280019,0.6324203927314729,7.7939558170691e-4,0.00167785327892453,-1.4147899545689073,0.0943793378920592,-1.5091692924609665,-0.9864886410950201
48235,Irion,Texas,4,-0.9931996572504737,0.1373500959222746,-1.9039918844767172,-0.9629921837152645,0.16665530047926969,-1.9137046767563008,NA,NA,NA,NA,NA,NA
48237,Jack,Texas,4,-0.31844589640015575,-0.2387006713493348,-0.12381937175437496,-0.26440763047549193,-0.2213901098951096,-0.06015081898706698,NA,NA,NA,NA,NA,NA
48239,Jackson,Texas,4,0.8767864342309898,-1.1002342510997523,3.3771863364533785,0.9214724846120594,-1.0945079475177668,3.471807100313508,0.00102215246324413,0.00128062017363669,0.3263456823393478,-1.599107027428709,1.9254527097680567,1.2585978502480943
48241,Jasper,Texas,4,0.7619852666515606,-0.2428376900658245,1.6626618744150563,0.7866778603259847,-0.21503603388147532,1.6675460230636818,0.0011592320056107,0.00137935531281181,1.309527188025792,-1.1781788375439457,2.4877060255697376,1.626122230864071
48243,Jeff Davis,Texas,4,-0.3049796814819041,2.09168270456809,-4.247874150225169,-0.29775572268238926,2.0095763463968135,-4.126453986223819,NA,NA,NA,NA,NA,NA
48245,Jefferson,Texas,4,0.18651376991321408,-0.39258097356998556,0.9814704329965704,0.19910963361213932,-0.3652519557261301,0.9654364241270084,9.8920023512532e-4,0.00129033123654384,0.09000099736120587,-1.5577067704835728,1.6477077678447787,1.0770461637026327
48247,Jim Hogg,Texas,4,2.2309543606913245,-1.2032810989635563,5.790404329752106,2.101159983849075,-1.2550011032778159,5.712268158332581,NA,NA,NA,NA,NA,NA
48249,Jim Wells,Texas,4,1.3708247644989608,-0.8876763134797452,3.8125235597167735,1.3599712983717607,-0.8629921804997902,3.781095581607711,7.3683630904308e-4,0.00147880018751677,-1.7200396589095368,-0.7542248992339671,-0.9658147596755697,-0.6313177021169145
48251,Johnson,Texas,4,-0.10873285216483863,-0.8484736948780656,1.3064212648641502,-0.09719043753568464,-0.8263365688761816,1.3041784363165114,8.7216079530911e-4,0.00155988613460104,-0.7494460176826826,-0.4085388424114112,-0.3409071752712714,-0.22283852298936047
48253,Jones,Texas,4,0.25034444550282126,-0.05165172642435667,0.4799959570658716,0.30503944392829596,-0.021667618327009773,0.5229661709837334,NA,NA,NA,NA,NA,NA
48255,Karnes,Texas,4,0.13766346717263026,-0.13219372464459853,0.43774754373914976,0.17627632835765028,-0.1100653827498439,0.468848487547239,0.00103863322526159,0.00157245516322745,0.44455136157816194,-0.3549544902494034,0.7995058518275653,0.5226076658575316
48257,Kaufman,Texas,4,0.3974165681570483,-1.0602512343557151,2.51668125181546,0.434301743242464,-1.0375181107420182,2.5632728755907803,9.8255554912641e-4,0.00155344313496713,0.04234302978678761,-0.43600667398573867,0.4783497037725263,0.3126796652967064
48259,Kendall,Texas,4,0.23062548125793927,-0.4066445080928737,1.0791300610051024,0.20561531121642873,-0.42978951332389814,1.092234815402374,8.94346705247e-4,0.00185536882667482,-0.5903210602953278,0.8511646001116593,-1.441485660406987,-0.9422463320692205
48261,Kenedy,Texas,4,-1.0753194458906417,-2.745471945425737,3.0899141881229593,-1.0361218100544571,-2.746305304804848,3.202599944513109,NA,NA,NA,NA,NA,NA
48263,Kent,Texas,4,-0.462890261965821,0.7302845187552902,-2.085695616308368,-0.5618697448356943,0.7374628127328522,-2.2762823907730034,NA,NA,NA,NA,NA,NA
48265,Kerr,Texas,4,0.21960376651573157,0.3332981244814345,-0.2555286185457185,0.2596452698922383,0.363277116238356,-0.24424719857898708,8.8127043642033e-4,0.00164716833271453,-0.6841085463914404,-0.036436894026934244,-0.6476716523645061,-0.4233592158338686
48267,Kimble,Texas,4,0.7278900290458029,1.0189328460012148,-0.6384301422852419,0.7803766113462807,1.0470942487246173,-0.6121041849205413,NA,NA,NA,NA,NA,NA
48269,King,Texas,4,7.234273656113185,-2.126255658062351,15.671413566826953,2.2653465245790367,-2.142818949706385,7.580166378381696,NA,NA,NA,NA,NA,NA
48271,Kinney,Texas,4,-0.11247670278337218,0.9279123585864021,-1.8602982316815393,-0.06370940603094193,0.8705177031622569,-1.6912522921484485,NA,NA,NA,NA,NA,NA
48273,Kleberg,Texas,4,0.7263366768011635,-0.5203980511700006,2.0977969036552837,0.7671408790542517,-0.4939562331932913,2.1366997276472377,8.1322338053042e-4,0.00141332551452269,-1.1721653761149042,-1.0333568862544473,-0.1388084898604569,-0.09073402117240437
48275,Knox,Texas,4,0.28149465945501856,0.020862469131313864,0.4022726789060294,0.26697298582082496,0.03453651160356861,0.3589303976326588,NA,NA,NA,NA,NA,NA
48277,Lamar,Texas,4,0.18274493288415886,0.02667106541992721,0.22932913906471386,0.24169945791473826,0.05357492889930837,0.2828831627710383,9.6510094549523e-4,0.00165371218985115,-0.08284737560114802,-0.008539086190794886,-0.07430828941035314,-0.04857260468305788
48279,Lamb,Texas,4,1.1768942166582306,-0.25709365675794127,2.371246990379885,1.1620617182369493,-0.24797319190841166,2.3478731274525075,NA,NA,NA,NA,NA,NA
48281,Lampasas,Texas,4,0.22853089572886087,-0.4906870726814307,1.2252098901368351,0.279647079586694,-0.46758309317293423,1.2826777057456122,NA,NA,NA,NA,NA,NA
48283,La Salle,Texas,4,0.5532793064580752,-0.9217144743135417,2.5268514976090075,0.47245632275641897,-0.9519437282268729,2.472546355797944,NA,NA,NA,NA,NA,NA
48285,Lavaca,Texas,4,0.7138013136937778,-0.17719571947429796,1.466527980886959,0.6302414743017829,-0.18524270537350027,1.3551407519960184,8.563782612224e-4,0.00139476079114029,-0.8626437666613321,-1.1125021173682157,0.24985835070688356,0.1633232441757022
48287,Lee,Texas,4,0.052717951446027346,-0.21532629723645141,0.44577962818294953,0.07569795836487747,-0.18638234914683788,0.43964469851339355,8.6946790621305e-4,0.00132395545462105,-0.7687603421281993,-1.4143598185293391,0.6455994764011398,0.42200471037154125
48289,Leon,Texas,4,0.7642126491088169,-0.3677278441652482,1.8885348139661087,0.8199082677592693,-0.4072017691344696,2.068029786058821,0.00104109227074071,0.00135191828659833,0.4621884793783327,-1.295148519020539,1.7573369983988716,1.1487067727634261
48291,Liberty,Texas,4,0.8311536618610053,-0.578714288183647,2.3741531018713413,0.8888522863659829,-0.548788641307953,2.436667772516201,8.7685897124441e-4,0.00141434192677332,-0.7157490880730419,-1.029023711941749,0.31327462386870697,0.2047761371329287
48293,Limestone,Texas,4,0.471682786541356,-0.2173657088857511,1.1393077216264165,0.5039769443162689,-0.18735533643094865,1.1500224297892316,9.8715224987658e-4,0.0011514807426621,0.0753121445556182,-2.1496549618016028,2.224967106357221,1.454379431251394
48295,Lipscomb,Texas,4,0.7973471034400311,-0.6534500385168308,2.4514548408430197,0.6766518748764696,-0.6254851090906961,2.2234570038790045,NA,NA,NA,NA,NA,NA
48297,Live Oak,Texas,4,-0.08615343008278246,-0.27254684687865627,0.3189104593412471,-0.03456026308650236,-0.2727155109020803,0.4124331097602265,NA,NA,NA,NA,NA,NA
48299,Llano,Texas,4,-0.1010601352657864,0.6164742567134546,-1.2873866733938897,-0.061601124839661736,0.6461493539552091,-1.2843649465258447,NA,NA,NA,NA,NA,NA
48301,Loving,Texas,4,-2.1738766875448308,2.3379719179539715,-7.763541943895669,NA,1.436242888097039,NA,NA,NA,NA,NA,NA,NA
48303,Lubbock,Texas,4,0.31046313221701266,-0.2419327224284475,0.9175408483710603,0.36952435748962137,-0.21193987270628867,0.9717591411706259,8.9160612025965e-4,0.00179482335173757,-0.6099774760361901,0.5930467974330365,-1.2030242734692265,-0.7863728653024368
48305,Lynn,Texas,4,0.5874737573109959,-0.43911017445405165,1.724506812613467,0.560091697817925,-0.49698447317576233,1.799561709389091,NA,NA,NA,NA,NA,NA
48307,Mcculloch,Texas,4,-0.08023383125214971,0.4866774375282136,-1.0221573641089197,-0.022925685786736705,0.5104438188657754,-0.9763834504278187,NA,NA,NA,NA,NA,NA
48309,Mclennan,Texas,4,0.30971723746330715,-0.45874603646774864,1.3020678891239441,0.36347811135125824,-0.43075216715925413,1.3551646371698056,9.8818575634306e-4,0.00164183840404543,0.0827248074979353,-0.059159475325169034,0.14188428282310434,0.09274455427506231
48311,McMullen,Texas,4,-0.38468375853622616,-0.450851625100941,0.14456828937104416,-0.32738709158229035,-0.5996834559055253,0.5157893079028785,NA,NA,NA,NA,NA,NA
48313,Madison,Texas,4,0.17295192134890394,-0.1868499512789143,0.59310083369702,0.23146151902847809,-0.16188637399166617,0.6533282496059287,0.00104862922298715,0.00143964287332574,0.5162460865895223,-0.921160577057295,1.4374066636468172,0.9395800414210632
48315,Marion,Texas,4,-0.06582600894721358,0.7669204997659546,-1.4970421415496866,-0.022791587445405825,0.75405158647314,-1.414151728046239,NA,NA,NA,NA,NA,NA
48317,Martin,Texas,4,0.034944141415346484,-0.9745283950693324,1.767287925763949,0.0805068831402674,-1.0192324147903657,1.9450091537786904,NA,NA,NA,NA,NA,NA
48319,Mason,Texas,4,-0.30660905502407704,-0.1424277945443991,-0.27561708694616244,-0.3365969621516082,-0.24440212073140902,-0.13822091626213806,NA,NA,NA,NA,NA,NA
48321,Matagorda,Texas,4,0.3252150898187855,-0.5490313027984229,1.4882238177718137,0.3814241509708327,-0.5411235601091391,1.5832983076896514,9.9542633282201e-4,0.0014629545185405701,0.13465670602715027,-0.8217782426068372,0.9564349486339875,0.6251864634981814
48323,Maverick,Texas,4,1.5369669122762675,-1.2167422010324622,4.671581541024621,1.511693333646119,-1.260914810517689,4.747571894140409,7.5149968666294e-4,0.00159480945917439,-1.6148688840597751,-0.2596535324778786,-1.3552153515818965,-0.8858545938163616
48325,Medina,Texas,4,0.6467587524809414,-0.7653741671987879,2.4026204835698337,0.6656778356308127,-0.7976256037624834,2.514796283164009,7.8092755839167e-4,0.00145429545287454,-1.4038020922110723,-0.8586936191115563,-0.545108473099516,-0.3563174254628777
48327,Menard,Texas,4,0.24687291865347527,2.094869237546447,-3.344820918199895,0.3055795166003461,2.0225868272010077,-3.1515703357035942,NA,NA,NA,NA,NA,NA
48329,Midland,Texas,4,0.6743803256897308,-0.44996349082576587,1.8869240919387549,0.7063681115142418,-0.43873436900385865,1.9368602498878524,9.7601899326595e-4,0.00169871450649355,-0.004539391338494718,0.18331503832012402,-0.18785442965861873,-0.12279355401899399
48331,Milam,Texas,4,0.19980065057346927,-0.18581437255607489,0.6354694994444372,0.2490833482710414,-0.1558555106660893,0.6716421631291245,0.00100932173092844,0.00145658099349844,0.2343192683361139,-0.8489498897183151,1.083269158054429,0.70809333651804085
48333,Mills,Texas,4,0.8850213171060909,0.24691180087443723,0.993897808474351,0.800501886631054,0.2762076659179176,0.8071965135656595,NA,NA,NA,NA,NA,NA
48335,Mitchell,Texas,4,1.1041105984711443,0.8646466841895061,0.25559011996305925,1.0951284818370974,0.6934284312083997,0.5445497837231905,NA,NA,NA,NA,NA,NA
48337,Montague,Texas,4,-0.1926017427007539,-0.2529541050320005,0.10876502062897603,-0.1451288426258581,-0.22921363138443565,0.15127345241253154,0.00113605726813105,0.00161990455081067,1.1433100202721957,-0.1526679994072628,1.2959780196794586,0.8471333215625093
48339,Montgomery,Texas,4,-0.04260513340621407,-0.9255354398554237,1.5524208538199191,0.01598593582397607,-0.9520681744770286,1.7174963776510204,9.3858465732027e-4,0.00179910880067075,-0.27303129132620296,0.6113165469604835,-0.8843478382866865,-0.5780657621413383
48341,Moore,Texas,4,0.47534604793619417,-0.8396767758977195,2.252558763134161,0.5189395878856926,-0.9041864452619137,2.463593005964937,NA,NA,NA,NA,NA,NA
48343,Morris,Texas,4,2.0117402799559394,-0.10636000787828188,3.4777823812013193,1.3396929155545834,-0.07930792572408392,2.338532210520562,0.00107844793865284,0.00120933008833666,0.7301161452408044,-1.903031312265628,2.6331474575064324,1.7211919631113923
48345,Motley,Texas,4,1.7225326698332444,-0.06382622098775514,2.925874678583003,1.7577151791664714,-0.03819466136787795,2.9562710071012654,NA,NA,NA,NA,NA,NA
48347,Nacogdoches,Texas,4,0.4189725987301467,-0.42236900527841703,1.4172539403679951,0.47508023934600735,-0.3970665729871087,1.4792565840884335,9.3039128932615e-4,0.00142490226549569,-0.3317969374760878,-0.9840028176571609,0.6522058801810731,0.42632307433504596
48349,Navarro,Texas,4,0.2917894223236574,-0.574103414167192,1.47779097626872,0.34313026917034667,-0.5555479658939234,1.5458715316870202,0.00102139680100206,0.00133756331424094,0.32092581349442506,-1.3563467163464673,1.6772725298408924,1.096371564790197
48351,Newton,Texas,4,-0.5915801808087974,-0.39810136786989087,-0.2899767047682442,-0.592155534146428,-0.369797718447591,-0.3356141752372048,NA,NA,NA,NA,NA,NA
48353,Nolan,Texas,4,0.6527915433056078,0.33377749104047194,0.45693863696043013,0.7048894789593431,0.35063201467472493,0.5151867755363135,9.4777200941104e-4,0.00124917018963816,-0.20713645022934724,-1.733184772667173,1.5260483224378256,0.9975218442141464
48355,Nueces,Texas,4,0.4809285233646469,-0.30470910716334915,1.3099342525918063,0.5179422848076642,-0.27690738232894485,1.3341378880663461,8.9454085093622e-4,0.00169539161008221,-0.5889285808067442,0.1691488480125465,-0.7580774288192906,-0.49552742448216236
48357,Ochiltree,Texas,4,0.9258555001782681,-0.8680887736956497,3.0449528691565217,0.9017729575539285,-0.8464379188679901,2.993199359650756,NA,NA,NA,NA,NA,NA
48359,Oldham,Texas,4,-0.5371891356212977,-0.7073064558376736,0.34972692840331254,-0.5982106986795861,-0.6776693148629864,0.20789911696970798,NA,NA,NA,NA,NA,NA
48361,Orange,Texas,4,0.18458622642307013,-0.6124271409032663,1.3694477476296427,0.23616949156808031,-0.5824110637635792,1.4171927578108057,0.00107870024258998,0.00153426035621312,0.7319257556357999,-0.5177868021685126,1.2497125578043125,0.8168912852032738
48363,Palo Pinto,Texas,4,0.695340996616474,-0.08203495139572956,1.2668193150073497,0.751755129661202,-0.06981348839174893,1.348662804562061,8.0408444177433e-4,0.00162995577349012,-1.2377129801662876,-0.10981757144477602,-1.1278954087215116,-0.7372638806032258
48365,Panola,Texas,4,0.2224973567620444,-0.2261781434199624,0.7446590476198491,0.26637069883860093,-0.2005470501175321,0.7805980715878434,0.00103176128092852,0.00151074723250851,0.39526341926570757,-0.6180280808278126,1.01329150009352,0.6623515068547167
48367,Parker,Texas,4,9.696654981817635e-4,-0.7296365208496725,1.2756301564479018,0.050822529660931544,-0.7348995707657081,1.3846824974519598,8.1445461695863e-4,0.00170648894037387,-1.1633345260519066,0.21645904771699848,-1.379793573768905,-0.9019204766347536
48369,Parmer,Texas,4,0.7302289700538193,-1.2001456824812409,3.3136164972065925,0.781820128090382,-1.2471141458005293,3.515114516876551,NA,NA,NA,NA,NA,NA
48371,Pecos,Texas,4,0.041327387129696004,0.24651776818718957,-0.39469212291560707,0.10040370225290356,0.16765441446920704,-0.15601125700804025,NA,NA,NA,NA,NA,NA
48373,Polk,Texas,4,-0.1848998612677101,-0.10101188847186023,-0.14888879234304725,-0.19262950852892402,-0.09755314515233279,-0.16403749987992652,9.7450929689392e-4,0.00137545946231248,-0.015367451649730794,-1.1947876488794524,1.1794201972297216,0.7709437459782251
48375,Potter,Texas,4,1.0439544403571865,0.234871736490541,1.2770309932761452,1.0168518302395473,0.2447567497861173,1.221714700642285,9.2475662354923e-4,0.00172449569901742,-0.372210693511088,0.2932255604787617,-0.6654362539898497,-0.4349712846750009
48377,Presidio,Texas,4,0.8726211402184741,2.2504091699724516,-2.5911533993724842,0.8753221759385946,2.127702275201721,-2.397867258629009,NA,NA,NA,NA,NA,NA
48379,Rains,Texas,4,0.6644551463307756,-0.5641272309930203,2.0737012060107185,0.7176883259185379,-0.5356818369254539,2.1298955597149933,NA,NA,NA,NA,NA,NA
48381,Randall,Texas,4,-0.11017743679689247,-0.29274948413350677,0.315295320328697,-0.05183431764659465,-0.26959847784437174,0.3782473286068381,8.1011333013666e-4,0.00174102105356708,-1.194471724502914,0.3636765431370725,-1.5581482676399865,-1.018504401624966
48383,Reagan,Texas,4,0.6356607686783474,-0.9829197621919887,2.7714038599947526,0.6620694999078024,-0.9707020912333336,2.820005671583022,NA,NA,NA,NA,NA,NA
48385,Real,Texas,4,-0.1807521600224816,0.5713536045317171,-1.3383347797419307,-0.17053366317017882,0.5139617263662102,-1.2269398632683914,NA,NA,NA,NA,NA,NA
48387,Red River,Texas,4,0.8305313770213171,0.05688141311656847,1.2422734800603057,0.8890371854915035,0.08643022225950765,1.2948935005660145,NA,NA,NA,NA,NA,NA
48389,Reeves,Texas,4,0.36826940885326215,0.5113714859879344,-0.3275533727235824,0.2528173758973749,0.3993346902848408,-0.3203736590003288,7.7237405411082e-4,0.00139808902702082,-1.4651507593612216,-1.098313163806139,-0.36683759555508266,-0.23978828813273076
48391,Refugio,Texas,4,0.9681362038936282,0.30365008137670946,1.0298121213829845,0.9129630211283466,0.2210363337305156,1.092468463550289,9.5244692536919e-4,0.00128258856466581,-0.17360634915561887,-1.5907153719371077,1.4171090227814889,0.9263122176886966
48393,Roberts,Texas,4,1.347077139135563,-0.4813998727002837,3.0505699104250823,1.3896942706586781,-0.4635856018838892,3.1121692743630454,NA,NA,NA,NA,NA,NA
48395,Robertson,Texas,4,0.7716544260751078,-0.23044795793210313,1.6565399815083053,0.798061592953197,-0.20272851026989486,1.664253404465553,0.00112094292592797,0.00115482607854124,1.0349047727193095,-2.13539310743114,3.1702978801504496,2.072307502729634
48397,Rockwall,Texas,4,0.6904016109596333,-1.237822048723643,3.315067691089587,0.6821335335787652,-1.3527907642014387,3.5401729077535675,9.0911536072263e-4,0.00168547831789067,-0.4843951965463446,0.12688644606684454,-0.6112816426131892,-0.3995724004988756
48399,Runnels,Texas,4,0.7325272010279598,-0.04412333227814601,1.260600430642349,0.6547548436223204,-0.014491069829693958,1.0887006576601763,NA,NA,NA,NA,NA,NA
48401,Rusk,Texas,4,-0.0982100851161251,-0.3864811732708417,0.501769548348908,-0.05203981706575203,-0.36660472665311533,0.5523179313676336,0.00110387153668342,0.00158728422558655,0.912462912381517,-0.2917351498134383,1.2041980621949553,0.7871401279619392
48403,Sabine,Texas,4,-0.2953735225936256,-0.1992996712643445,-0.15592908353921492,-0.2739625580056329,-0.18769878369770204,-0.1365350637896865,NA,NA,NA,NA,NA,NA
48405,San Augustine,Texas,4,0.46842695973430365,-0.4395477307312953,1.5292537468418441,0.526701528604701,-0.41385055091986,1.5948453708982746,NA,NA,NA,NA,NA,NA
48407,San Jacinto,Texas,4,-0.39807986210844243,-0.2837307181319224,-0.17483307919052088,-0.6045147476471878,-0.2593192544426754,-0.5546964163766932,NA,NA,NA,NA,NA,NA
48409,San Patricio,Texas,4,0.5004447156515192,-0.6100379125306855,1.8853135832779757,0.5412070998391978,-0.5806059371329936,1.9186610342670098,8.88894079549e-4,0.00143830443483894,-0.6294291624318844,-0.9268666153961028,0.2974374529642184,0.19442395909537924
48411,San Saba,Texas,4,1.1604825030157833,0.42499597796808847,1.1306450573479414,1.1319705695606281,0.43873917437965515,1.0634224444042575,NA,NA,NA,NA,NA,NA
48413,Schleicher,Texas,4,2.2084770917804093,0.4729153810532022,2.7710947224769633,1.8928425326271547,0.4414567380744924,2.317471569512822,NA,NA,NA,NA,NA,NA
48415,Scurry,Texas,4,0.5441591018362505,0.2183555808820814,0.4834153608776413,0.597569033717621,0.24313710479853362,0.5308833975175622,8.0798667854524e-4,0.00151628331916302,-1.2097247993062386,-0.5944266056691562,-0.6152981936370824,-0.4021978726584555
48417,Shackelford,Texas,4,-0.011942007273986125,-0.2262098825089968,0.3586697185923674,0.03940539196392615,-0.22097927538158962,0.44179810575409684,NA,NA,NA,NA,NA,NA
48419,Shelby,Texas,4,0.23218732603861258,-0.5914608733785509,1.4105280776207962,0.29061399687166095,-0.5628968380547426,1.472191129212629,NA,NA,NA,NA,NA,NA
48421,Sherman,Texas,4,1.5261804082524406,0.007726629808105923,2.4752388417791766,1.5338361379007306,-0.0554299725036933,2.616829727991585,NA,NA,NA,NA,NA,NA
48423,Smith,Texas,4,0.298868349066252,-0.36441822359977005,1.1163747821465106,0.3428638179095718,-0.33444732863556015,1.1479067923577762,9.3362053878777e-4,0.00152077990800698,-0.30863565247980124,-0.5752567233095731,0.2666210708297719,0.17428041980715106
48425,Somervell,Texas,4,0.07299194780035598,-0.7029124907383071,1.3466800360903217,0.12815981748413763,-0.7795781427521267,1.5929734309278574,NA,NA,NA,NA,NA,NA
48427,Starr,Texas,4,2.0400416349121855,-0.907421611034627,4.949638204382143,1.9697177160667545,-0.9195200107089112,4.8916122791626915,7.0075409518266e-4,0.00159307138208166,-1.9788336754296822,-0.2670633123256117,-1.7117703631040706,-1.1189215337211342
48429,Stephens,Texas,4,0.5504180895659815,0.2469254017038413,0.44289032687544916,0.4931799442567413,0.2759433331386768,0.29917834651497444,NA,NA,NA,NA,NA,NA
48431,Sterling,Texas,4,0.28934602422769495,-1.4944265157100698,3.1112107659480075,0.2894956623259518,-1.8077900929718003,3.7085739291990714,NA,NA,NA,NA,NA,NA
48433,Stonewall,Texas,4,1.8202692135757292,-0.2595326733557984,3.435017010292456,0.9244486541446063,-0.30004742493974007,2.048345605834026,NA,NA,NA,NA,NA,NA
48435,Sutton,Texas,4,0.761542158988715,-0.8908031342350233,2.814795445228632,0.6842873006258947,-0.8640924487260616,2.6650902704368633,NA,NA,NA,NA,NA,NA
48437,Swisher,Texas,4,1.1998378329670778,0.7517362008887774,0.6141127840462606,1.2142099524999717,0.7558695359426406,0.6293165679950372,NA,NA,NA,NA,NA,NA
48439,Tarrant,Texas,4,0.41235462811619555,-0.5332248293400565,1.6035914972735292,0.4587848203084998,-0.5068768709726689,1.6497256900203183,9.5007085063052e-4,0.00170653904979393,-0.1906483723405374,0.2166726744729663,-0.4073210468135037,-0.26625083611741224
48441,Taylor,Texas,4,0.44567857196418387,-0.3998673678972898,1.421195018663152,0.4860540840135335,-0.3721382606417091,1.4525944492160128,8.8358107451079e-4,0.00174479071155914,-0.6675358572968128,0.3797473698795974,-1.04728322717641,-0.6845706527291973
48443,Terrell,Texas,4,1.1255503380916976,2.2748416352053544,-2.2181311838277953,0.9255516286584006,2.1248367138982136,-2.309605762005898,NA,NA,NA,NA,NA,NA
48445,Terry,Texas,4,1.0001115741377886,-0.4373284164820058,2.4008177102289348,1.0496701851739914,-0.42717144190761847,2.4840968682696696,NA,NA,NA,NA,NA,NA
48447,Throckmorton,Texas,4,0.7428829005462028,0.9303470231352101,-0.4561294117240673,0.4514647809986154,0.9549734246813838,-0.9906931694057993,NA,NA,NA,NA,NA,NA
48449,Titus,Texas,4,1.7642622154058405,-0.9449924650684525,4.562364949445312,1.6305508283739034,-0.9604406411049601,4.40400086856733,9.7338445346844e-4,0.00164298979913692,-0.023435214596936343,-0.05425084142084592,0.030815626823909578,0.020143045569418108
48451,Tom Green,Texas,4,0.4151215137231124,-0.11011393054026057,0.8553467225578103,0.4628549785236438,-0.0814728722651005,0.8916127702972282,7.9473276584407e-4,0.00159345944631844,-1.3047864082144898,-0.26540891473108263,-1.039377493483407,-0.6794029644342995
48453,Travis,Texas,4,-0.24474787610000207,-0.05648442022540852,-0.3266625990150603,-0.19665806005266187,-0.030328710135248182,-0.29156807256168776,9.0909899450205e-4,0.00202939241696719,-0.4845125806950978,1.5930629300374803,-2.077575510732578,-1.3580349484932828
48455,Trinity,Texas,4,-0.6835077132797477,-0.004375639651003465,-1.1418703191944768,-0.6264548584541858,0.023761616513885003,-1.09995852351962,NA,NA,NA,NA,NA,NA
48457,Tyler,Texas,4,0.7445078347194739,-0.26841864149189454,1.6793959488400678,0.8033726232306159,-0.2508255955782907,1.7595162897694596,NA,NA,NA,NA,NA,NA
48459,Upshur,Texas,4,-0.21125128363409473,-0.4921574706362204,0.503647034471041,-0.1613316351840983,-0.462788795106351,0.544416607530123,8.4824189419961e-4,0.00152333914893243,-0.9210005822895343,-0.5643461532812266,-0.3566544290083077,-0.23313192547086448
48461,Upton,Texas,4,1.1429081191063346,-0.3183246238021657,2.4242253112832812,0.9885610378219157,-0.2927860645293552,2.1413702190212316,NA,NA,NA,NA,NA,NA
48463,Uvalde,Texas,4,1.3295194490442723,-0.4991681542579018,3.053271485924425,1.3836310307442694,-0.4697780485318851,3.1132706633829654,9.541157147075e-4,0.00145929848211093,-0.1616372195102521,-0.837364677277797,0.6757274577675448,0.44169826731412637
48465,Val Verde,Texas,4,0.6986606606693769,-0.47096506498939117,1.9642720512556502,0.7384426135700991,-0.4662704207162256,2.0394385114060563,6.8849483840313e-4,0.00150570661442857,-2.0667612708316527,-0.6395172716267075,-1.4272439992049453,-0.9329370802335778
48467,Van Zandt,Texas,4,0.160570933674751,-0.4138559801311608,0.9766035670465494,0.20454928250712723,-0.3923431661149349,1.0231449903333543,8.4905557915644e-4,0.001582875509348,-0.9151645546285199,-0.31053041319699426,-0.6046341414315256,-0.3952271726704698
48469,Victoria,Texas,4,0.18228393600117734,-0.498702593275299,1.1633173594734945,0.23760294956189787,-0.4753975675238672,1.2271615808976932,8.3939610063398e-4,0.00144951070998976,-0.984445648465715,-0.8790919613672177,-0.10535368709849735,-0.06886584304314328
48471,Walker,Texas,4,-0.1867073813201611,0.3487637714097846,-0.9521082043110531,-0.12806644847168544,0.3017164224110892,-0.7750712276203371,9.7554893848879e-4,0.00146870357001143,-0.007910785461824015,-0.7972688546685541,0.7893580692067301,0.5159744323708954
48473,Waller,Texas,4,-0.3519575809358795,-1.4191189446333508,1.9212035766343516,-0.36447062188714946,-1.4751138505066979,2.028395235080144,0.00103444840224957,0.00116551193404598,0.41453637525010323,-2.0898371093076897,2.504373484557793,1.637017137783905
48475,Ward,Texas,4,1.0083886571323954,-1.088696211180052,3.5733640927468144,1.0325287187060772,-1.0970070228622073,3.6600533823772965,NA,NA,NA,NA,NA,NA
48477,Washington,Texas,4,0.2701686862848847,0.00832003918051743,0.40593801618378406,0.2756431260089244,0.03524062759375281,0.37201001767429526,0.00115784457018309,0.00128238050961047,1.2995760251519595,-1.5916023533965185,2.891178378548478,1.889857316912876
48479,Webb,Texas,4,1.3903765564830237,-1.2840875019841298,4.550015724482823,1.4085872941343955,-1.2954092410419171,4.638991767295548,8.4573282038886e-4,0.0018630437890994,-0.9389965204473582,0.8838845422498084,-1.8228810626971665,-1.1915505247828146
48481,Wharton,Texas,4,0.6409287063018886,-0.5366183695404534,1.9860168710658312,0.6369794079788295,-0.5332589297215382,1.9919987472711456,9.3959834633567e-4,0.00130082211959274,-0.26576076594179726,-1.5129819800091904,1.247221214067393,0.8152627851338572
48483,Wheeler,Texas,4,0.9939225448869468,-0.4334973305876561,2.3838100945978145,1.0056350964737817,-0.42107256736654575,2.4002712600528513,NA,NA,NA,NA,NA,NA
48485,Wichita,Texas,4,0.45583392941228834,0.04422568720581059,0.647785114027379,0.47550146219099715,0.06934292679936202,0.6413810582783775,9.2637664936991e-4,0.00157963618627976,-0.36059131254344734,-0.3243403131673367,-0.03625099937611065,-0.023695949348772442
48487,Wilbarger,Texas,4,0.8797127420855718,0.3336469821836755,0.8308366520065404,0.7949373027875106,0.3155598832629817,0.7272367760823129,9.7030741395858e-4,0.00147569873903653,-0.04550479760058238,-0.767447011500329,0.7219422138997467,0.4719071591880462
48489,Willacy,Texas,4,0.3844174243132092,-0.6072368386008844,1.6892704811765618,0.21611702282548242,-0.577724893702587,1.3755886244667288,8.2175289731567e-4,0.00150911514650995,-1.1109887555125793,-0.6249859988583095,-0.48600275665426973,-0.3176821854084378
48491,Williamson,Texas,4,-0.30659652591810854,-0.5264655423508963,0.40768534711925064,-0.27041920504890693,-0.5331826326708793,0.4904841552121606,9.2486786907344e-4,0.00177784980386443,-0.37141280244648917,0.5206850745261477,-0.8920978769726369,-0.5831316783178263
48493,Wilson,Texas,4,0.008399260596214486,-1.3278392844524263,2.3521895222380915,0.04361381731943046,-1.4511112256809762,2.660454718031581,8.2651890849736e-4,0.00156970646319667,-1.0768052882436143,-0.3666727633805154,-0.710132524863099,-0.46418759840204876
48495,Winkler,Texas,4,0.04251665968863325,-0.8098870909231579,1.4868268159765556,0.10157728284690709,-0.7808136939524579,1.5512115327782412,NA,NA,NA,NA,NA,NA
48497,Wise,Texas,4,0.5607274182228327,-0.8000026762811536,2.322565913704021,0.6144219085367256,-0.7824219896148861,2.4026534091790337,0.00107684374493248,0.00181441896588778,0.7186103175281705,0.6765869277537996,0.04202338977437092,0.027469149339185654
48499,Wood,Texas,4,0.5454972311556633,0.05108247333504114,0.7832319421897928,0.5628562796307413,0.0810886957395296,0.7647998306867141,9.2319646358583e-4,0.00163605398003281,-0.3834006960121571,-0.08381966367857356,-0.2995810323335835,-0.19582513834659504
48501,Yoakum,Texas,4,3.151601696363913,-1.3590203623189308,7.583504737610411,3.0403858642333237,-1.3527013490452457,7.441965198522086,NA,NA,NA,NA,NA,NA
48503,Young,Texas,4,0.5715721012450726,-0.014581217175614936,0.9429979719580581,0.4743247711959681,-0.010222896313213381,0.7824880358420662,NA,NA,NA,NA,NA,NA
48505,Zapata,Texas,4,1.1506111681777238,-0.051923210763264185,1.9629270697310024,1.18334598370852,-0.029606773560218347,1.9904820403637462,8.9902712369923e-4,0.00139143935169012,-0.5567514934463192,-1.1266620963508989,0.5699106029045796,0.37252966848284896
48507,Zavala,Texas,4,0.9681635284779125,-0.9182745754653372,3.2039113257423235,0.8073059849359119,-0.8917142196134717,2.918298459174739,8.7867863082583e-4,0.00139815297814104,-0.702697865285085,-1.098040527037708,0.395342661752623,0.2584210049246796
49001,Beaver,Utah,4,0.23730058088897835,-1.1980922809382935,2.498269464031455,0.27177048331514947,-1.2924524784250147,2.7527040392278,NA,NA,NA,NA,NA,NA
49003,Box Elder,Utah,4,0.9130010932606222,-0.8804449851632222,3.04577004963029,0.8022548208016712,-0.9343436164589614,2.9865855760023283,0.0010739152706359,0.00172511781124628,0.6976062952023873,0.2958777527639696,0.40172854243841766,0.2625952210258116
49005,Cache,Utah,4,0.6674413990845784,-1.1784596587232024,3.171641800001636,0.6117401581920893,-1.3227362478323883,3.369664393538693,8.3040060479802e-4,0.00189190677127618,-1.0489644306830108,1.00693336705371,-2.055897797736721,-1.3438650222019395
49007,Carbon,Utah,4,0.42942322997353227,-0.25682398803824513,1.1399242609993059,0.4732739426839741,-0.23047669170765336,1.1767506464145467,NA,NA,NA,NA,NA,NA
49009,Daggett,Utah,4,-0.08553846870986971,1.2589272884434333,-2.4048830244655903,-0.026487995381301588,1.2769140703814306,-2.360338882378889,NA,NA,NA,NA,NA,NA
49011,Davis,Utah,4,0.4356915029064643,-1.0461194914218488,2.554564423900144,0.4165173576178771,-1.0928148983730446,2.6332667698248073,8.5313121224246e-4,0.0017883229969298,-0.8859327159094853,0.5653344489651789,-1.4512671648746642,-0.9486401429547102
49013,Duchesne,Utah,4,0.20357854261016484,-0.9625884780894868,2.0237306794574423,0.2558811895911403,-0.973598507963148,2.1531359913864603,NA,NA,NA,NA,NA,NA
49015,Emery,Utah,4,0.8904280308398401,-1.0733138824133863,3.351752784400764,0.9346760402647112,-1.1132383757299038,3.5273296733079444,NA,NA,NA,NA,NA,NA
49017,Garfield,Utah,4,1.3133231293001133,-0.3670675890997783,2.7915674272047126,1.1456172086441967,-0.36667930171569424,2.5340896119697587,NA,NA,NA,NA,NA,NA
49019,Grand,Utah,4,-0.5288521271975765,0.820463495498935,-2.354760339820099,-0.4916611827936432,0.8026495477952018,-2.277316944014851,NA,NA,NA,NA,NA,NA
49021,Iron,Utah,4,0.09255221155998934,-0.674073721914402,1.3275793876214732,0.1504975519872825,-0.686792128162377,1.4631104121005993,7.8558785881583e-4,0.00156987200571855,-1.3703768187612666,-0.36596702158822103,-1.0044097971730457,-0.6565458632543641
49023,Juab,Utah,4,0.8666349129359189,-1.2602485590549906,3.64516828867085,0.879799118047709,-1.3204675261747991,3.809114462533468,NA,NA,NA,NA,NA,NA
49025,Kane,Utah,4,-0.03900326319054359,0.24566297364433037,-0.525449865196078,-5.014183606725601e-5,0.2744770414261424,-0.5142815078022177,NA,NA,NA,NA,NA,NA
49027,Millard,Utah,4,0.671608994302915,-0.9041617957453999,2.690472407951658,0.6353313220733682,-0.9294993641898216,2.701685116255806,NA,NA,NA,NA,NA,NA
49029,Morgan,Utah,4,1.1068466780331947,-1.4303681584417134,4.343396972504342,1.0148125527742233,-1.6158346570504114,4.563557009479541,NA,NA,NA,NA,NA,NA
49031,Piute,Utah,4,-0.5281705468574088,1.0115313363370355,-2.693586816217816,-0.4737585096372392,1.0413990878414594,-2.676950660629624,NA,NA,NA,NA,NA,NA
49033,Rich,Utah,4,1.264424074918002,-1.0082576272372437,3.8518548927251706,0.9851864110142672,-1.0801264722376493,3.5513709469342594,NA,NA,NA,NA,NA,NA
49035,Salt Lake,Utah,4,0.5803850449162745,-0.5621743145260112,1.9317903044697902,0.604087721982795,-0.5462616475196149,1.9609543206039612,9.025741655964e-4,0.00195053212789888,-0.5313108920773211,1.2568653107437244,-1.7881762028210455,-1.1688652301444908
49037,San Juan,Utah,4,0.15787946200781694,-0.6233620758565903,1.3449258340833508,0.2145168124579325,-0.6235490055913323,1.4553295527497987,NA,NA,NA,NA,NA,NA
49039,Sanpete,Utah,4,0.5750333677538134,-0.8960098551670613,2.5169396181998147,0.6072008653854101,-0.9260995506863766,2.649027963986118,9.4679045455028e-4,0.00168575551299107,-0.21417649843242068,0.12806818574768225,-0.3422446841801029,-0.22371280353066017
49041,Sevier,Utah,4,0.1108511443088685,-0.9054042111447653,1.7692961266359029,0.1524885688166016,-0.9490552806015907,1.93793600507534,NA,NA,NA,NA,NA,NA
49043,Summit,Utah,4,-0.19551324252518068,-0.5553483416295041,0.6419919981782358,-0.13682626897357889,-0.5443927499979602,0.7316814163671731,8.7603778774317e-4,0.00231050964991612,-0.7216388978670878,2.7915234679897503,-3.513162365856838,-2.296425447796416
49045,Tooele,Utah,4,1.334225969303497,-1.1740116854297813,4.2617064494934445,1.341446569181904,-1.2229747875320733,4.397668835607146,8.5450030436157e-4,0.00164538122822675,-0.876113117537246,-0.04405568773564601,-0.8320574298015999,-0.5438854390546951
49047,Uintah,Utah,4,0.47060079742075406,-0.781168150371203,2.140646043328444,0.529675063673308,-0.7634868566222617,2.228387606011051,NA,NA,NA,NA,NA,NA
49049,Utah,Utah,4,0.984099940376582,-1.3680611163287189,4.030415811857575,0.8807824554870854,-1.5520250377869445,4.227066105413328,8.7309889534894e-4,0.00211091815194996,-0.7427176423633508,1.9406238930544804,-2.6833415354178314,-1.7540019917524428
49051,Wasatch,Utah,4,0.017603695173464096,-0.8652987610561143,1.5443919311670138,0.07576132540640142,-0.9411266881025349,1.7967284055451378,NA,NA,NA,NA,NA,NA
49053,Washington,Utah,4,0.4602653232399035,-0.5659898244152187,1.7407805510271617,0.4524910400398023,-0.6025650909704299,1.8113529264055568,9.4778714734952e-4,0.00198505925857297,-0.20702787574120116,1.4040615646608063,-1.6110894404020075,-1.0531101054627503
49055,Wayne,Utah,4,0.19035809871015355,-0.7197413784987318,1.5698861604727994,0.1711605654213498,-0.7625701600420988,1.6335430700260394,NA,NA,NA,NA,NA,NA
49057,Weber,Utah,4,0.3434953219528623,-0.5808110026657105,1.5748680414743874,0.3784598257132393,-0.5549293692361528,1.603215452743765,9.3622417316384e-4,0.001874685407046,-0.2899614935066401,0.9335151520867079,-1.223476645593348,-0.7997418311863064
50001,Addison,Vermont,4,-0.7224742223839858,0.08202582037838166,-1.3597614473939508,-0.7518998788948283,0.11200453619128099,-1.46617400859507,0.00104170355467719,0.00229579285897001,0.4665728174837457,2.728782763660855,-2.262209946177109,-1.4787237103378936
50003,Bennington,Vermont,4,-0.5288243781948512,0.4298247105673526,-1.6596882465973841,-0.5042290797038846,0.4555344649873846,-1.6740224749515242,8.9804331032978e-4,0.0020020884880586,-0.563807740448543,1.4766606697251643,-2.040468410173707,-1.3337793971855798
50005,Caledonia,Vermont,4,-0.47942056322421944,0.384327074659441,-1.4973865317962822,-0.4567183331038203,0.40371458272369615,-1.5022428052982508,9.2840858288026e-4,0.00198377652790995,-0.34601758831245716,1.398593020223583,-1.7446106085360402,-1.1403879982531433
50007,Chittenden,Vermont,4,-0.2215667826460476,-0.28686933084606,0.1214111014696187,-0.16297443363507655,-0.2633548985591458,0.1831298931891101,0.00102391372026382,0.00225180393416178,0.33897802191842885,2.541248936806524,-2.202270914888095,-1.4395437629189856
50009,Essex,Vermont,4,-0.5925181025281944,0.6685670064151517,-2.189342645552161,-0.9209583803964679,0.6952391588350635,-2.794513482916198,NA,NA,NA,NA,NA,NA
50011,Franklin,Vermont,4,-0.3151170987925181,-0.1541007680507303,-0.2688584725243836,-0.3023236997922278,-0.126019373868747,-0.2943566470011316,0.0010909538701487,0.00167093346343265,0.819812976334907,0.06487874232225474,0.75493423401265225,0.49347283326499974
50013,Grand Isle,Vermont,4,-0.9108624363523581,-0.14449216156008116,-1.26695401877928,-0.8900973258579752,-0.11804412694776097,-1.2812230341164967,NA,NA,NA,NA,NA,NA
50015,Lamoille,Vermont,4,-0.5514729300058429,0.19597783075298963,-1.2809215953322828,-0.6871605137415809,0.22316442335321368,-1.558914461769326,0.00110037935139643,0.00181900069993362,0.8874157614403707,0.6961198016076382,0.1912959598327325,0.12504315612904537
50017,Orange,Vermont,4,-0.7200903105210937,0.28582932181435794,-1.7184440828343002,-1.3964828094482096,0.29797251109066913,-2.8670555885447087,NA,NA,NA,NA,NA,NA
50019,Orleans,Vermont,4,-0.6804315330510109,0.24267499057520805,-1.576358511511533,-0.81947057542369806,0.27255792967534037,-1.8666402150056922,NA,NA,NA,NA,NA,NA
50021,Rutland,Vermont,4,-0.5656323153395263,0.3962027647496006,-1.6604786857082496,-0.5330746412213101,0.423110020431393,-1.663453262897083,8.7116619730665e-4,0.00185605212329191,-0.7565796157727344,0.8540776340182199,-1.6106572497909544,-1.052827598304195
50023,Washington,Vermont,4,-0.5974467998906177,0.27265280387999286,-1.493046167949844,-0.5538433733617467,0.2962741347930967,-1.4697748337463101,0.00115577258497745,0.00209324178141721,1.2847150364218272,1.8652658927088683,-0.5805508562870412,-0.3794848120526329
50025,Windham,Vermont,4,-0.9786443549137788,1.2505473688455253,-3.8606299363761343,-1.0708436028915356,1.1580351341018171,-3.8745884652459623,0.00137086297215085,0.00250085605825774,2.827417084217666,3.6030093258482845,-0.7755922416306187,-0.5069762155327048
50027,Windsor,Vermont,4,-0.626678009661679,0.519811836553248,-1.980927051402901,-0.7570266401287001,0.5471998546110457,-2.257108232587095,0.00109680553292564,0.00212625836923458,0.86178310929914,2.0060223919880933,-1.1442392826889534,-0.7479472718575485
51001,Accomack,Virginia,4,0.36311888545893695,-0.08263590605101974,0.7208261819456528,0.40870311803870507,-0.07067926295315999,0.7826071867469865,0.00113310626223151,0.00145604768938756,1.1221443935600743,-0.8512234747451479,1.9733678683052223,1.2899182328382426
51003,Albemarle,Virginia,4,-0.6795180018169074,-0.04297535660772374,-1.0666237534243839,-0.7435480654262957,-0.03810964639655361,-1.1824600729216914,9.8274708527572e-4,0.00171182098055232,0.04371679275988354,0.2391906308135396,-0.19547383805365606,-0.12777408196315287
51005,Alleghany,Virginia,4,-0.3404456446612251,0.428368515806982,-1.3468985379114131,-0.2891339427231509,0.45833433298114945,-1.323161059448151,NA,NA,NA,NA,NA,NA
51007,Amelia,Virginia,4,0.19858638427494388,-0.6994578482563617,1.547346930942313,0.1936072384970581,-0.7858563022306942,1.7125501241066017,NA,NA,NA,NA,NA,NA
51009,Amherst,Virginia,4,0.3181177053067743,-0.17728187427202585,0.8151183551595664,0.3723888365498585,-0.1476408760644544,0.8608934827324096,0.00115914769470409,0.00148237684000835,1.3089224812790705,-0.7389768946055706,2.047899375884641,1.3386367470553513
51011,Appomattox,Virginia,4,-0.2712948867213127,-0.50891454337743,0.4345889064454004,-0.23086263539008903,-0.5098540370524234,0.5139910423189751,0.00133817041458245,0.00189652745628529,2.5929348455121546,1.0266322968689876,1.566302548643167,1.0238345561849047
51013,Arlington,Virginia,4,-0.5905749417521816,-0.23007725929957484,-0.5872707009877353,-0.5922704518185512,-0.22360384957400528,-0.5986509256739408,0.00117317525692436,0.00241102698876148,1.4095329699539938,3.2200495413380366,-1.8105165713840428,-1.1834683100874541
51015,Augusta,Virginia,4,-0.3771699153346228,-0.3418040684818996,-0.03707677706106027,-0.35677306124954233,-0.3152919494736969,-0.04414911500049146,8.7546958970473e-4,0.00173357590627238,-0.7257142091302938,0.33193635012812633,-1.0576505592584202,-0.691347397650031
51017,Bath,Virginia,4,-0.14862615679043875,0.4618042129315921,-1.090522841177388,-0.16138875865592148,0.48058499617298106,-1.1517996627565057,NA,NA,NA,NA,NA,NA
51019,Bedford,Virginia,4,-0.5161029161808953,-0.5625024506652411,0.12681313068373645,-0.48110227220921753,-0.5769525025864617,0.22058419935164353,0.00110524227161183,0.00257385886238981,0.9222942935456544,3.9142352830561054,-2.991940989510451,-1.9557221417921153
51021,Bland,Virginia,4,-0.5493053365124235,0.34900787167492753,-1.54962405270755,-0.617718133231507,0.37398442553233496,-1.7151795108061272,NA,NA,NA,NA,NA,NA
51023,Botetourt,Virginia,4,-0.3444403642361513,-0.26556606071226874,-0.11882482235299124,-0.28549504385731583,-0.25390329315530014,-0.03658546590839845,0.00104552639793569,0.00162532019538699,0.4939915608352843,-0.1295799935806195,0.6235715544159037,0.407605865302326
51025,Brunswick,Virginia,4,0.3603397945313685,0.256503729993973,0.11285105121938421,0.4185330560143465,0.1980869653601681,0.3156484021666678,NA,NA,NA,NA,NA,NA
51027,Buchanan,Virginia,4,-0.582324550205248,-0.5212325901430791,-0.055660013861466906,-0.7044771458216245,-0.4937054152522958,-0.2986833875581315,NA,NA,NA,NA,NA,NA
51029,Buckingham,Virginia,4,-0.48818604647827324,-0.11102424034386008,-0.6304890120993623,-0.7022146048812465,-0.0810081350795914,-1.036941368663025,NA,NA,NA,NA,NA,NA
51031,Campbell,Virginia,4,-0.04168160000187663,-0.3615908426012946,0.5505686825828788,0.017004517986441314,-0.348780680934367,0.6345119397831688,9.4941076380821e-4,0.0014954367101001,-0.1953827414859137,-0.6832999844013898,0.4879172429154761,0.3189336148932829
51033,Caroline,Virginia,4,-0.009371480356891023,-0.8557049465566479,1.482903181857074,-0.019149718360293555,-0.8258852779922161,1.4324928476283825,NA,NA,NA,NA,NA,NA
51035,Carroll,Virginia,4,-0.06753989295819242,-0.13235677170336219,0.10013408005515273,-0.03205776774882354,-0.10564822222612444,0.11619813282070737,NA,NA,NA,NA,NA,NA
51036,Charles,Virginia,4,-0.035927759770258305,0.19413672027163725,-0.42870974877182033,0.020061348440872612,0.20881225016864122,-0.3629443145419968,NA,NA,NA,NA,NA,NA
51037,Charlotte,Virginia,4,0.5796112189556223,0.8250747218104613,-0.5376840750541251,0.6340408326075989,0.7673576151712552,-0.35128327246469837,NA,NA,NA,NA,NA,NA
51041,Chesterfield,Virginia,4,-0.016823541858242575,-0.7504872121744459,1.2834281494338988,0.04141997893045668,-0.7481301356808936,1.392912735490135,9.3480944305687e-4,0.00143812451631601,-0.3001084231848198,-0.9276336450353623,0.6275252218505425,0.410190232764891
51043,Clarke,Virginia,4,-0.11488514433030945,-0.37197549934545904,0.44850255502556835,-0.09206417077269984,-0.4149946404760785,0.5730955923668135,NA,NA,NA,NA,NA,NA
51045,Craig,Virginia,4,-0.8642968660711704,-1.1327390206577592,0.5680179642673746,-0.8594689458680942,-1.3378046598225468,0.9625008076590484,NA,NA,NA,NA,NA,NA
51047,Culpeper,Virginia,4,0.5256014318853793,-0.8884111758079813,2.4220216026251755,0.5808441510146359,-0.8638311692620633,2.4934639660418756,0.00105625564207486,0.0018936661873977501,0.5709453806796605,1.0144341195668864,-0.44348873888722595,-0.28989233053661584
51049,Cumberland,Virginia,4,-0.09711296266568348,-0.42026959332551367,0.5636926731479046,-0.045537066930837165,-0.4049415513533427,0.6320043475776621,NA,NA,NA,NA,NA,NA
51051,Dickenson,Virginia,4,-0.6040193010269509,-0.37517032999595823,-0.3512589246919863,-0.9160342116846688,-0.3475613558572242,-0.9114817533794825,NA,NA,NA,NA,NA,NA
51053,Dinwiddie,Virginia,4,0.017570384823915857,-0.8747447571595146,1.5611434413647274,0.016987231083112325,-0.8529127407702568,1.540878406982243,NA,NA,NA,NA,NA,NA
51057,Essex,Virginia,4,0.9486930953239886,0.046781639475248375,1.4548171744872578,1.0040837913836713,0.06639620566220834,1.5212688615421932,9.8614107708193e-4,0.00138965865408565,0.06805966636967198,-1.134253576199347,1.202313242569019,0.7859080904690036
51059,Fairfax,Virginia,4,-0.022593220142247763,-0.9083265094419524,1.554755790266056,0.03428169935276623,-0.975075172588965,1.7891334745859109,0.00103997989794852,0.00205817777217115,0.45421016009137843,1.7157808151027198,-1.2615706550113415,-0.8246424886356357
51061,Fauquier,Virginia,4,-0.3453815427679623,-0.6150647493584273,0.5014551040232946,-0.3110875074884178,-0.6039770628463698,0.5504781344916567,9.3187390435601e-4,0.00185714549866992,-0.32116311384168267,0.8587389179600392,-1.179902031801722,-0.7712587035741315
51063,Floyd,Virginia,4,-0.628069656023669,0.16786607147206736,-1.3570350497028452,-0.6360484459200243,0.1971158297983117,-1.427511083126029,NA,NA,NA,NA,NA,NA
51065,Fluvanna,Virginia,4,-0.16038025448811075,-0.4351589260020817,0.48600308044919366,-0.29757146461350853,-0.4062209595955551,0.217289724621908,8.5027411395094e-4,0.00158036727228761,-0.9064248050400355,-0.32122354326651553,-0.58520126177352,-0.3825246116376195
51067,Franklin,Virginia,4,0.005930392457323329,-0.3578181969651937,0.6222579240861394,0.06369880524494238,-0.3346791412016964,0.6864184777188465,8.5699512012034e-4,0.0015098738810712,-0.8582194430197276,-0.6217513574921432,-0.23646808552758447,-0.1545705187083794
51069,Frederick,Virginia,4,-0.19800360097101152,-0.5999904611187797,0.7173186564563798,-0.21478852527924933,-0.5813196598524283,0.669077505213678,8.7851427579319e-4,0.00159189420017356,-0.703876675964406,-0.2720818807287293,-0.43179479523567665,-0.2822484282656869
51071,Giles,Virginia,4,-0.1035835244640232,-0.16452923965688313,0.09802328713695227,-0.04452499541473428,-0.14015959498867275,0.1576190125322769,NA,NA,NA,NA,NA,NA
51073,Gloucester,Virginia,4,-0.40463217187491624,-0.4528077519720194,0.1152000555491407,-0.4075984517478013,-0.42792919261527473,0.07426951956268812,NA,NA,NA,NA,NA,NA
51075,Goochland,Virginia,4,-0.35618721379072205,-0.5099918010273727,0.2967153655341206,-0.30189864003161754,-0.5771532208653365,0.5174545518032141,7.3994546942992e-4,0.00173251811171875,-1.697739693956492,0.3274267545530423,-2.0251664485095344,-1.3237770658079235
51077,Grayson,Virginia,4,-0.3413001393762903,-0.28108216137811215,-0.08604756704787847,-0.31948268044498845,-0.25902927954190635,-0.08360507320843513,NA,NA,NA,NA,NA,NA
51079,Greene,Virginia,4,0.13498425440970596,-0.6549371506900257,1.3634033575667381,-0.08755385067252197,-0.6293274022450575,0.9659140381551772,NA,NA,NA,NA,NA,NA
51081,Greensville,Virginia,4,-0.5048494781247987,-0.07806629040582616,-0.7165672365557512,-0.7036127585507422,-0.14164198499433253,-0.9302392191426171,NA,NA,NA,NA,NA,NA
51083,Halifax,Virginia,4,0.1803292867846422,0.3674688251472206,-0.3809976571994998,0.2289899110240434,0.38611525631783206,-0.3360308277555648,0.00106834548254442,0.00141773882430476,0.6576578641849296,-1.0145420396508225,1.672199903835752,1.0930557751305532
51085,Hanover,Virginia,4,-0.29763176350343773,-0.6385209302826077,0.6218168946266839,-0.238602665682326,-0.6399364521908791,0.7350637380581269,8.7348860117273e-4,0.00182644318320798,-0.7399225384988798,0.7278486373503779,-1.4677711758492578,-0.9594282099000659
51087,Henrico,Virginia,4,-0.10373273085437835,-0.13649075253621695,0.04789138172208887,-0.045654646593932924,-0.10723867670490758,0.09656033067545758,8.8577097956635e-4,0.00154623255256867,-0.6518291069483311,-0.4667468686353398,-0.18508223831299125,-0.12098147416349682
51089,Henry,Virginia,4,0.04431457067077905,0.3853640682980982,-0.6368092009180921,0.10242823513030624,0.38969454469315384,-0.5518744892085121,9.7657884067329e-4,0.00150424364657325,-5.239736663870931e-4,-0.6457542042562066,0.6452302305898194,0.4217633479210467
51091,Highland,Virginia,4,-0.5396696828933162,0.11715301531369933,-1.121239975628221,-0.48304253074929004,0.11046954352662264,-1.01856411114525,NA,NA,NA,NA,NA,NA
51093,Isle of Wight,Virginia,4,-0.3423037261264558,-0.5390241284177896,0.37123143500615363,-0.28649291154591566,-0.5276133016215873,0.4538753996538263,9.9853413923856e-4,0.00160388619686828,0.15694695984077026,-0.22095753428040263,0.3779044941211729,0.24702231401844965
51095,James,Virginia,4,-0.38029745379854724,-0.5167568670895325,0.26905003706990704,-0.33176062155542135,-0.5595311032753989,0.436361693783603,NA,NA,NA,NA,NA,NA
51097,King and Queen,Virginia,4,0.1783124444875567,-0.47012950682126153,1.1059402251427108,0.2227227440250035,-0.4888180964035776,1.2266700596873839,NA,NA,NA,NA,NA,NA
51099,King George,Virginia,4,-0.23761958153417231,-0.926896379114285,1.2337165279837294,-0.39640689591211337,-0.9417600764523646,1.0166199087241004,0.00105289514277829,0.00152195273769831,0.5468427268392746,-0.5702567093009937,1.1170994361402684,0.7302069491017859
51101,King William,Virginia,4,-0.6287767178848576,-0.6297491110749722,0.06092140614425401,-0.6531964727372016,-0.6423583142894962,0.0534331461980837,9.6644054176829e-4,0.00143278611074551,-0.07323933155590956,-0.9503923651063982,0.8771530335504887,0.5733627820432036
51103,Lancaster,Virginia,4,0.3958994661897905,1.4344609246102575,-1.9244207618642197,0.42937169360286465,1.461271937706958,-1.9375384915315834,NA,NA,NA,NA,NA,NA
51105,Lee,Virginia,4,0.03355711919049401,0.03406888847994907,-0.029497175146955185,0.08247792141411521,0.018803174760435144,0.08195321133213362,NA,NA,NA,NA,NA,NA
51107,Loudoun,Virginia,4,-0.3310873881020985,-1.3759309864528735,1.8787298111132804,-0.3991826490840101,-1.477365092919498,1.975008460880414,9.5011738649682e-4,0.00205245560159129,-0.19031460114238968,1.6913860259272042,-1.881700627069594,-1.2299987177174436
51109,Louisa,Virginia,4,-0.09425624034123907,-0.5064917750090275,0.7218036899223002,-0.13685050616474417,-0.4928540420200598,0.6389782307786926,9.2439455048526e-4,0.00161839618078825,-0.3748076057421681,-0.15909849080594868,-0.21570911493621941,-0.1410011406462182
51111,Lunenburg,Virginia,4,0.14676895416603977,-0.04241365148156244,0.2930041987579255,0.1315437401291769,-0.012920969420918004,0.2201751290148435,NA,NA,NA,NA,NA,NA
51113,Madison,Virginia,4,0.08679375940856288,-0.3747150731819433,0.7854767360917206,0.1307230716545398,-0.34721452944161246,0.819854282438776,NA,NA,NA,NA,NA,NA
51115,Mathews,Virginia,4,0.01245460412000147,0.6410927345870867,-1.1442659297011832,-0.035154601346704416,0.6224080130760135,-1.1979213428229107,NA,NA,NA,NA,NA,NA
51117,Mecklenburg,Virginia,4,-0.5077673759426528,0.1757308821840568,-1.1729292170629213,-0.45829705901307216,0.20484535065745318,-1.1473016380270005,0.00111060805406046,0.00161719104693069,0.9607795261044443,-0.16423622411416697,1.1250157502186113,0.7353815534067087
51119,Middlesex,Virginia,4,-0.34375661331959173,0.4358160928808682,-1.3656013971526715,-0.32155585935309655,0.46431790678218865,-1.3875642657046328,NA,NA,NA,NA,NA,NA
51121,Montgomery,Virginia,4,-0.6207417935805533,-0.3023049582070476,-0.5084378797047859,-0.6362635478077961,-0.29003227415442123,-0.5520079143062832,8.0898059217614e-4,0.00185310420045871,-1.202596109763802,0.8415100331370577,-2.04410614290086,-1.3361572497118686
51125,Nelson,Virginia,4,0.9238459650600174,0.20301534539334706,1.1359302293070475,0.9810534758779453,0.2002161472985171,1.2425638806715953,NA,NA,NA,NA,NA,NA
51127,New Kent,Virginia,4,-0.5160771803719495,-1.2117114811848269,1.2819313298390047,-0.595331511837255,-1.3301081945244468,1.3857036257546662,8.0539979558657e-4,0.00147932334241387,-1.2282788113669034,-0.7519945823912968,-0.4762842289756066,-0.3113295401412292
51131,Northampton,Virginia,4,0.4112479265438626,0.37802350582272626,-0.019528290357754052,0.47017913431944197,0.4073465984307294,0.024867204706286117,NA,NA,NA,NA,NA,NA
51133,Northumberland,Virginia,4,0.284351737864767,0.3158015844819232,-0.11777972563368233,0.30408899073138945,0.3345214440329668,-0.11901009219745845,NA,NA,NA,NA,NA,NA
51135,Nottoway,Virginia,4,-0.2900289713770207,-0.08723349666527863,-0.3465170117649334,-0.26576698415110095,-0.06267718106798217,-0.34775502349834453,NA,NA,NA,NA,NA,NA
51137,Orange,Virginia,4,0.37004337511777424,-0.686384590152642,1.8064211308109333,0.4056030893158866,-0.6903924088116148,1.8916798759714433,0.00101979839574555,0.00160887189761062,0.30946150263037103,-0.19970246737805017,0.5091639700084212,0.3328218214996191
51139,Page,Virginia,4,0.2581444751227048,-0.12837588611043388,0.6293480756744092,0.22736236900868004,-0.0984498650453813,0.5324912977901866,9.3031883335847e-4,0.0015490966378732,-0.33231661653373373,-0.45453668436879324,0.12222006783505951,0.0798907778176021
51141,Patrick,Virginia,4,-0.2931326905750523,-0.08527756292366663,-0.3551078400293859,-0.249205656889164,-0.06581550966894721,-0.31471022959670314,NA,NA,NA,NA,NA,NA
51143,Pittsylvania,Virginia,4,-0.28902629675916885,-0.26224008638027396,-0.03349336727624608,-0.24659056445446684,-0.23249750578173062,-0.010700446107202888,0.00104088555262308,0.00149539134349766,0.46070582611997374,-0.6834933915511221,1.1441992176710958,0.7479210828241358
51145,Powhatan,Virginia,4,-0.6287903642025215,-0.9462282656708993,0.6239801647134089,-0.581706051444999,-0.9563290605171811,0.7362188501775858,NA,NA,NA,NA,NA,NA
51147,Prince Edward,Virginia,4,0.4689744070653252,-0.2968354926405115,1.2762409170792761,0.4201562163244528,-0.2680480203050316,1.156412996917024,9.3436651944925e-4,0.00173846774055782,-0.3032852232523271,0.3527912450337216,-0.6560764682860487,-0.42885313588545937
51149,Prince George,Virginia,4,-0.3950806207341276,-1.0149162668411633,1.1310345361117264,-0.5401287663739743,-0.991477368590124,0.8682066890320043,9.218356848955e-4,0.00143382251581816,-0.3931606676211008,-0.9459739572845965,0.5528132896634957,0.36135378159605097
51153,Prince William,Virginia,4,0.3446502876996991,-1.217389722494961,2.7093738077165077,0.382166698317526,-1.2386157530224098,2.83857032828874,9.3411172405517e-4,0.00160431547349359,-0.30511270323124007,-0.21912743980379376,-0.0859852634274463,-0.056205414526041095
51155,Pulaski,Virginia,4,-0.15385320825137686,0.008003297892856498,-0.29172533976613885,-0.1622909107276684,0.03789312082664183,-0.3573625517395565,8.752902823282e-4,0.00154800621045944,-0.7270002631496891,-0.45918540053316353,-0.2678148626165256,-0.17506075773434857
51157,Rappahannock,Virginia,4,-0.5455471635737239,-0.357942036087308,-0.2856268912105885,-0.5196281268947213,-0.35385901675142495,-0.244267372177994,9.9258301865327e-4,0.00180158330106667,0.11426348135409216,0.6218658506959683,-0.5076023693418762,-0.3318010603913959
51159,Richmond,Virginia,4,-0.1633882727075542,-0.2256262503122702,0.10824830596152463,-0.10471705491159992,-0.20324762037145544,0.17145348618214576,NA,NA,NA,NA,NA,NA
51161,Roanoke,Virginia,4,-0.4528112481994502,0.02989860215882918,-0.8229687591083241,-0.4138178165400044,0.05966599924248528,-0.812683920690724,0.00102203921097353,0.00154872758348619,0.32553339820118576,-0.4561100390669377,0.7816434372681235,0.5109316602871523
51163,Rockbridge,Virginia,4,-0.45840100291711333,0.08923628257390305,-0.9377471626003073,-0.46674752214458093,0.10947187003737349,-0.9898087187562413,NA,NA,NA,NA,NA,NA
51165,Rockingham,Virginia,4,-0.15878575409711074,-0.3591825114787088,0.3534511057355988,-0.1019481406389307,-0.351460567698058,0.44251169212013475,9.382846668763e-4,0.00165606480658586,-0.2751829257079781,0.0014906024479950735,-0.2766735281559732,-0.18085134264326524
51167,Russell,Virginia,4,0.03415632518301571,0.12584419682579823,-0.19179754544869324,0.09004621272516679,0.1324978292943102,-0.10993956671588628,NA,NA,NA,NA,NA,NA
51169,Scott,Virginia,4,-0.46301993726896246,0.08645406750404896,-0.940402923013512,-0.4237786612323298,0.11330804520071136,-0.9256098279102153,0.00104240152834278,0.00166406511108678,0.4715789240669526,0.03559754472035397,0.43598137934659864,0.2849850448209275
51171,Shenandoah,Virginia,4,0.031775478892115606,0.030565373651756843,-0.02619749003342812,0.06738424243062881,0.05558489448687072,-0.009151742046130326,9.875193191513e-4,0.00182054612526974,0.07794489132424587,0.7027082674240612,-0.6247633760998154,-0.4083849154455187
51173,Smyth,Virginia,4,-0.018277089867647867,-0.024923873452053335,-0.009891145904021317,-0.01414392324541891,-0.00710910681061776,-0.03132831630743578,9.5170367212734e-4,0.00166396114169484,-0.17893721639381174,0.03515430183521361,-0.21409151822902536,-0.13994377697900662
51175,Southampton,Virginia,4,0.3226488858328735,0.07887014495560267,0.3668328427287898,0.3800764085085035,0.060421611190453015,0.4995311369844819,0.00106430533236678,0.00143296740393069,0.628680521057905,-0.9496194749994533,1.5782999960573583,1.0316768477391776
51177,Spotsylvania,Virginia,4,0.15471026046083772,-1.0737026132529173,2.1409552281612956,0.18891290933076213,-1.0953995640429217,2.261320588421125,NA,NA,NA,NA,NA,NA
51179,Stafford,Virginia,4,0.2209458141633177,-1.1874883081667504,2.4524718142377764,0.177406564650216,-1.20923184059002,2.4469449171519053,7.9966765078387e-4,0.00163499063485998,-1.269391720416895,-0.08835292268404503,-1.18103879773285,-0.772001765790043
51181,Surry,Virginia,4,0.17991808174495996,-0.36907772318852444,0.9287923722688626,0.2381089071629825,-0.3436023169346919,0.9910398616504825,NA,NA,NA,NA,NA,NA
51183,Sussex,Virginia,4,-0.7395431506169349,0.05968354207992595,-1.3481169622743887,-0.7252507381767742,0.052435020519904854,-1.3149785400173213,NA,NA,NA,NA,NA,NA
51185,Tazewell,Virginia,4,-0.19994694753028483,-0.2936527856813117,0.16908113199551117,-0.23377865602008208,-0.2648485641349363,0.06866307355828355,0.00118385857171956,0.00193399775891659,1.4861573687864524,1.186375897706508,0.29978147107994446,0.19595615780710493
51187,Warren,Virginia,4,0.1785199761060815,-0.5802122164581067,1.3021416475138206,0.20398976200954114,-0.5529179280394425,1.3109216837567386,9.4804040236702e-4,0.00196032930533711,-0.20521144387157633,1.298632691632708,-1.5038441355042844,-0.983007781210011
51191,Washington,Virginia,4,-0.21419499923502636,-0.04624582863331964,-0.2945684449034333,-0.15671700581969752,-0.02185785683529854,-0.24071181147944146,0.0010062516667074,0.0018623104501171,0.21229971449689386,0.8807581674558861,-0.6684584529589922,-0.43694678534883613
51193,Westmoreland,Virginia,4,0.149721513362612,0.6118186031573136,-0.866147056344515,0.19717334628061833,0.6058640943392724,-0.7837677914440385,0.00116602581952562,0.00195800138315433,1.358254752175098,1.288708280943903,0.06954647123119506,0.04545997870519742
51195,Wise,Virginia,4,-0.4307137347964818,-0.47637796081903633,0.11418838653982777,-0.476566460191596,-0.4463986426393255,-0.0066378062758882805,8.9093026203804e-4,0.00174962693699169,-0.6148249630680342,0.40036519281685334,-1.0151901558848877,-0.6635925885417706
51197,Wythe,Virginia,4,-0.07099121658855996,-0.21163368061582727,0.23550072295870253,-0.014095946236932486,-0.1817298315219757,0.28270722297653017,0.00104960131301006,0.00162311639701034,0.5232182497284368,-0.13897523897455155,0.6621934887029883,0.43285160788512017
51199,York,Virginia,4,-0.2618529758467297,-0.7010788370440117,0.7920363123978456,-0.20934250538444063,-0.7648610960260331,1.008083451461367,8.8515269192131e-4,0.00174335551774489,-0.6562636780542968,0.3736288436951701,-1.0298925217494668,-0.6732029861261128
51510,Alexandria City,Virginia,4,-0.5564478799189594,0.1429066422809276,-1.1946892155608682,-0.5247153939295551,0.17286888194199562,-1.199705587564424,0.00125948972959509,0.00214293143474905,2.0286099798261503,2.077103096846251,-0.04849311702010084,-0.03169817286277731
51515,NA,NA,NA,NA,NA,NA,NA,NA,NA,0.00110148326230859,0.00145493725083873,0.8953333892207354,-0.8559575024909167,1.751290891711652,1.144754654469219
51520,Bristol City,Virginia,4,0.7700420520780997,0.7920640421363104,-0.16537333124125086,0.5338948875518378,0.7347377608559975,-0.45833600135609276,9.1112077840982e-4,0.00183453110314155,-0.4700116528958333,0.7623291022184356,-1.2323407551142689,-0.8055359746263385
51530,Buena Vista City,Virginia,4,-0.12032623250225434,0.13851785717547202,-0.46872938535185427,-0.17599532195738407,0.078018938362692,-0.4521812891707115,NA,NA,NA,NA,NA,NA
51540,Charlottesville City,Virginia,4,0.16948796309109646,0.30357070422873195,-0.28516196733815236,0.12361494960928192,0.30581060498670837,-0.36600144845101823,0.0011233144044385,0.00217883284920501,1.0519138301791826,2.2301582049617816,-1.178244374782599,-0.7701751539496029
51550,Chesapeake City,Virginia,4,-0.04924364950701243,-0.8250027562131415,1.362621132262265,0.0014616249177110407,-0.8213068929960647,1.4583646538102177,9.8308091094166e-4,0.00163081473611513,0.04611110496146683,-0.10615563724440165,0.15226674220586847,0.09953118735783961
51570,Colonial Heights City,Virginia,4,1.0376853538691062,-0.009601766092037644,1.7016762639181426,0.7777648103787694,-7.935909842364363e-4,1.2676052286526063,0.00103935164926544,0.00149864542863593,0.4497041450032608,-0.669620557842411,1.1193247028456719,0.7316615243699506
51580,Covington City,Virginia,4,-0.17834549764986307,0.14193951214890688,-0.5703561727196047,-0.23138968688490671,0.17180243369822504,-0.712452871160669,0.00117652693162505,0.00146365552364022,1.4335723307652757,-0.8187897137997598,2.2523620445650354,1.472286498073195
51590,Danville City,Virginia,4,0.5464164612108597,0.8883709942686989,-0.7049621351954305,0.5453671204877938,0.7614041349340527,-0.48729842186573546,0.00120030702100081,0.00138157336224333,1.60413128999565,-1.1687228369742928,2.7728541269699427,1.8125130913634993
51595,Emporia City,Virginia,4,1.6305420600623404,0.5467128393296965,1.6881218759754648,1.576571165518444,0.32353438198645085,2.0061868305588346,0.00120958341273227,0.00124704377791971,1.6706647539423332,-1.7422501028330564,3.4129148567753895,2.2308973261330998
51600,Fairfax City,Virginia,4,0.879682732941745,-0.9399416252852184,3.0967621949884903,0.7370412180870708,-1.0108417265292113,3.016221846125782,0.00101608042679157,0.00210608517302919,0.2827949537700427,1.9200199106641516,-1.6372249568941089,-1.070193934478756
51610,Falls Church City,Virginia,4,0.24084749761119081,-0.439903096536035,1.1551362555234646,0.07218077876978042,-0.48781330862879635,0.9757775024277309,0.00127764988807423,0.00242165199517173,2.158860866638125,3.2653461272662567,-1.1064852606281317,-0.723268851679837
51620,Franklin City,Virginia,4,0.2626928271867553,-0.2891209752056247,0.922836173711703,-0.002095240038596143,-0.2591204698615769,0.4417066251462713,0.00120045545214239,0.00120702123024132,1.6051958890652833,-1.9128744488317149,3.518070337896998,2.299633609195281
51630,Fredericksburg City,Virginia,4,1.6658978455650553,0.1774283823483788,2.403374095188381,1.159140108262288,0.1906907016404181,1.55435127462938,9.4198605557291e-4,0.00184421327794723,-0.2486352961416914,0.8036062032500588,-1.0522414993917502,-0.687811693508601
51640,Galax City,Virginia,4,1.2200834268431615,0.10620674361759459,1.7959798346280946,1.2129783785622088,0.13506998137700882,1.743434082371105,9.1333827290956e-4,0.00164313999955175,-0.4541070215885905,-0.053610506183942655,-0.40049651540464787,-0.26178989011932996
51650,Hampton City,Virginia,4,0.17289422851466094,-0.15927998996295673,0.5439532248662469,0.23186355351881396,-0.1385839655171329,0.612097312360982,9.9845217348551e-4,0.00139780537164892,0.15635907333993107,-1.099522444952066,1.2558815182919971,0.8209237085230866
51660,Harrisonburg City,Virginia,4,0.4127450524493099,-0.1633093667328152,0.9460790347352104,0.46828936971519664,-0.14077355447934495,1.0072230713157184,8.2447278120075e-4,0.00176420172717514,-1.0914808151791184,0.4625005187112006,-1.553981333890319,-1.0157806297905023
51670,Hopewell City,Virginia,4,0.7796571638548014,0.012364161723923673,1.237705414236718,0.8318752152013218,-0.05572018513725996,1.4558903174584683,0.00112214747441598,0.00134351892154963,1.0435442077193706,-1.3309567384211312,2.3745009461405018,1.5521242204824166
51678,Lexington City,Virginia,4,-0.1987908838942222,0.1646332526490839,-0.6443999224069676,-0.32477133899418725,0.1879443325779643,-0.8959837407117249,9.8486452241906e-4,0.00219405913427815,0.05890377838038082,2.2950709874630424,-2.2361672090826614,-1.461700527812888
51680,Lynchburg City,Virginia,4,0.3319918896978363,-0.0660382247673322,0.6400394143171095,0.33530100275393354,-0.03604570637573854,0.5988876237748876,0.00103175314480881,0.0016880003877569,0.39520506422389134,0.13763854823051497,0.2575665159933764,0.16836178924602258
51683,Manassas City,Virginia,4,0.9330766791696318,-0.8288279159316694,2.9869907087258345,0.8498327510257159,-0.8224733708908637,2.8641727185061927,9.7764252459084e-4,0.00158972676129793,0.007105132307973332,-0.28132211809737945,0.2884272504053528,0.18853431999213985
51685,Manassas Park City,Virginia,4,0.04188556978121497,-0.6396442700463828,1.1828907716741046,-0.5732481662759216,-0.6104432924401765,0.12833419936645452,9.4389532158915e-4,0.00159223025630347,-0.2349413852619555,-0.2706492043822482,0.03570781912029272,0.023340892328256365
51690,Martinsville City,Virginia,4,1.6524427273920494,0.5077988510801912,1.793421145461523,1.2408685217669877,0.40354051917461203,1.306889258568713,0.00108953592449196,0.001404694043086,0.8096429836306183,-1.0701546228884533,1.8797976065190716,1.2287547829473402
51700,Newport News City,Virginia,4,0.09500791032268895,-0.015032262947881092,0.15905340469806364,0.1451104052303908,0.006292877675213892,0.20807728134465603,0.00101205685832032,0.00146311867753316,0.2539365403299302,-0.8210783990842427,1.075014939414173,0.7026978563884066
51710,Norfolk City,Virginia,4,0.06501631204326443,0.11242479281756786,-0.11710526128251003,0.1215803655366942,0.10423042805648701,-0.006940447898197338,0.00104892358225567,0.00157247353377028,0.5183573322490846,-0.35487617284989165,0.8732335050989763,0.5708007299823904
51720,Norton City,Virginia,4,0.17578199108828121,1.2228502324565143,-1.91038428447156,0.2324652077637326,1.1984662155849164,-1.7908322540717174,NA,NA,NA,NA,NA,NA
51730,Petersburg City,Virginia,4,1.2513364920079975,1.2809684418318887,-0.2426981237854795,1.1503407630065212,0.9862410564121207,0.10944662559639973,0.00113584843105304,0.00117543360624825,1.1418121691030403,-2.0475389816540264,3.1893511507570667,2.084761927241868
51735,Poquoson City,Virginia,4,-0.7435643124558786,-1.1691526920359951,0.8316128059267345,-0.7362108289512145,-1.3003809191119073,1.0991577656320601,7.6822267521642e-4,0.00171276648079934,-1.4949258730040471,0.24322149268134707,-1.738147365685394,-1.1361632133409059
51740,Portsmouth City,Virginia,4,0.15173202237660985,0.15576127414299318,-0.05141701137016921,0.21080019006405545,0.11923514145922076,0.1137047964008113,0.0010363605463475,0.0013436589098532,0.42825092871910364,-1.3303599395132748,1.7586108682323784,1.1495394547741626
51750,Radford City,Virginia,4,-0.1062043339579045,-0.22281826523536571,0.1974157754977414,-0.04734942137791054,-0.19358871314426787,0.24900764226337002,7.3619729109715e-4,0.00154902532735152,-1.7246229148454226,-0.45484069577811853,-1.269782219067304,-0.8300100870272129
51760,Richmond City,Virginia,4,0.12183898594973896,0.7191141685214583,-1.1029613444076616,0.12629728054912126,0.6723316303870306,-1.0205430894102865,0.00101834023019217,0.00174496780023672,0.299003039029154,0.38050233530655314,-0.08149929627739916,-0.05327310225335326
51770,Roanoke City,Virginia,4,0.15661181457339032,0.7218438123064206,-1.0505583388109327,0.1724348204963533,0.6143927411649958,-0.8400339636371322,0.00104881580004149,0.00170768946623122,0.517584281232177,0.2215771361733064,0.2960071450588706,0.19348901925202133
51775,Salem City,Virginia,4,-0.04275082406931108,-0.07247373672182537,0.03440947506169949,-0.05353752254801821,-0.046894888803386214,-0.024976654450349522,9.117304567731e-4,0.00171079965744773,-0.4656388305122342,0.2348365205211532,-0.7004753510333874,-0.45787505789669863
51790,Staunton City,Virginia,4,0.04875121820362246,0.8418843298398994,-1.441746516269794,0.09868422851707732,0.8048821448605171,-1.3045483007847005,0.00111523581057138,0.00181538078468496,0.9939713834436628,0.6806873589546509,0.3132840244890118,0.20478228197379997
51800,Suffolk City,Virginia,4,-0.49219518772886556,-0.787558748043833,0.5666026697329691,-0.49825773536795676,-0.7771810499539403,0.5521961277279869,9.6850288538036e-4,0.00138227543548617,-0.05844749564260087,-1.1657297544532768,1.1072822588106759,0.7237898201742112
51810,Virginia Beach City,Virginia,4,-0.3176641665206081,-0.44097597978048136,0.23735708333463879,-0.29609517649298156,-0.41500206173572163,0.23552020682206254,9.9724782513717e-4,0.00177884613623025,0.14772107381024532,0.5249326441631773,-0.37721157035293196,-0.24656937515338984
51820,Waynesboro City,Virginia,4,0.5994268631655559,0.7855115532644545,-0.4346631395150189,0.6210979606925358,0.7284607635265086,-0.30276459944579703,8.3624610693375e-4,0.00192204270058976,-1.0070384839510647,1.1354090271118962,-2.1424475110629606,-1.4004393969343711
51830,Williamsburg City,Virginia,4,-0.48538989652849845,0.13124641918439828,-1.0569337769157812,-0.42718607650066714,0.14681206409398842,-0.9914856624978026,9.7095525643542e-4,0.00178816431694561,-0.040858249101580806,0.5646579635814135,-0.6055162126829943,-0.39580375031126674
51840,Winchester City,Virginia,4,0.6940651017575066,0.3048060847064127,0.5764489022230823,0.6736306345443713,0.3052649737650285,0.5450328869949005,9.0667964281139e-4,0.00181195702618396,-0.5018650010266984,0.6660911728301511,-1.1679561738568496,-0.7634501341647084
53001,Adams,Washington,4,0.544711297085799,-0.8031200727057639,2.3017390295337,0.602999849711117,-0.8337573329251244,2.4760519721916214,0.00102144983079012,0.00149708311381467,0.3213061613273041,-0.6762810270050337,0.9975871883323377,0.652086173968597
53003,Asotin,Washington,4,-0.5515322752516474,0.9440983860794352,-2.6120789976586805,-0.6263343714586752,0.8908907832551108,-2.6587982840909237,NA,NA,NA,NA,NA,NA
53005,Benton,Washington,4,0.11412381747448617,-0.130038750993618,0.39515121551162985,0.17254442930068933,-0.10035816492745023,0.44522078940434445,9.0047639974883e-4,0.00171991639897826,-0.5463567884159315,0.2737030632956256,-0.8200598517115572,-0.5360430620824087
53007,Chelan,Washington,4,0.06697971058562986,0.08875570505441088,-0.0717600245148688,0.09626427136388434,0.11876700931254129,-0.07496411845382542,8.8210286565376e-4,0.00188538772590944,-0.6781380783480575,0.9791413368917681,-1.6572794152398256,-1.0833027987130013
53009,Clallam,Washington,4,-0.35840978733586165,0.7404385604339767,-1.9317161901424398,-0.35301203119895225,0.7616633359068226,-1.9742183050101512,5.7468000499144e-4,0.00139173382890601,-2.8830803024776674,-1.1254066794599873,-1.7576736230176802,-1.1489268119362548
53011,Clark,Washington,4,-0.28653517151003627,-0.29486088029499435,0.028647783191515508,-0.2586227591869391,-0.2655559476435656,0.028827966326763488,8.9114059400363e-4,0.0018781922565547,-0.6133163900523043,0.9484655722535057,-1.56178196230581,-1.0208796146185972
53013,Columbia,Washington,4,-0.7332901504087852,0.26708967337575157,-1.7068382770535195,-0.8295807166682264,0.2947772641042709,-1.9233172547731692,NA,NA,NA,NA,NA,NA
53015,Cowlitz,Washington,4,-0.09310824984194922,0.11462251927204596,-0.381395472210644,-0.08009910326358366,0.14278109112642182,-0.4099497982703435,7.7712976774041e-4,0.00171981382838525,-1.4310411496686957,0.2732657837777983,-1.704306933446494,-1.1140429633595512
53017,Douglas,Washington,4,-0.4095376342255232,-0.5766101849954375,0.32739222838058535,-0.4832787551817481,-0.573218400165483,0.2102693394628702,8.0911793265788e-4,0.00176490578700559,-1.2016110567114089,0.4655020704634729,-1.6671131271748818,-1.089730735706017
53019,Ferry,Washington,4,0.1587379801800409,1.3474866888320591,-2.160204038196481,0.10797380600399771,1.373389868035499,-2.3113159335466884,NA,NA,NA,NA,NA,NA
53021,Franklin,Washington,4,0.8736946049868188,-0.7426054126815516,2.7358001493462734,0.9325405927486585,-0.7171417346780723,2.811641618736846,8.4490651196596e-4,0.00137989892987167,-0.9449230879377556,-1.1758612862961422,0.23093819835838658,0.15095583418875255
53023,Garfield,Washington,4,-0.4550358415168563,0.5447777693689421,-1.7427074282993904,-0.4126154849329138,0.49294564741679486,-1.5897018133854843,NA,NA,NA,NA,NA,NA
53025,Grant,Washington,4,0.5571062788240917,-0.3060321375514302,1.4377283169191215,0.6161327429514896,-0.29300321413587144,1.5255425596794603,9.6689385060132e-4,0.00161305392758772,-0.06998804508890664,-0.18187361411454891,0.11188556902564227,0.07313549480341117
53027,Grays Harbor,Washington,4,-0.5192480192249933,0.5309240081221623,-1.8237954360675714,-0.5915013583515111,0.5407560943389115,-1.971645449606724,9.2080950807065e-4,0.0017545072217393,-0.4005207598590701,0.4211708496690735,-0.8216916095281436,-0.537109682347691
53029,Island,Washington,4,-0.001406167417390099,0.07711607210158955,-0.16366015429713598,0.05479435508181999,0.08427269190984372,-0.08156161330477012,9.9125348220793e-4,0.00168900734117721,0.10472758984448391,0.1419313976056252,-0.037203807761141294,-0.024318765260591117
53031,Jefferson,Washington,4,-1.0899758860987703,1.23569203688275,-4.017526278383173,-1.3108971095007678,1.2637387640820918,-4.461827771233608,0.00105003068086145,0.0027960599944604,0.5262978232616939,4.861524374804176,-4.335226551542482,-2.8337786695198095
53033,King,Washington,4,-0.20828949709458355,-0.33016587715089224,0.22030791884916395,-0.18052255868718312,-0.31556152823711214,0.24795880973757856,9.4513920958997e-4,0.00204423660849863,-0.22601979377982842,1.6563467692444065,-1.882366563024235,-1.2304340156381155
53035,Kitsap,Washington,4,-0.07950133053446558,-0.02098851889311939,-0.11770946801693098,-0.030635947033776145,0.006468904168049972,-0.08302827811197717,9.7872696380109e-4,0.00188481530232259,0.014883102362088091,0.9767009774992237,-0.9618178751371356,-0.6287050852179157
53037,Kittitas,Washington,4,-0.8566932087876001,-0.2425302539530061,-1.0033249787316374,-0.9747218095755263,-0.21874056612002066,-1.2401969692798172,7.886277563643e-4,0.00157730802721643,-1.3485736306469898,-0.33426573372660856,-1.0143078969203811,-0.6630158881998423
53039,Klickitat,Washington,4,-1.1797346283608836,0.6886861266685471,-3.1920943541678173,-1.3095571223884221,0.7186923964483497,-3.4796544291907114,NA,NA,NA,NA,NA,NA
53041,Lewis,Washington,4,0.1368339744918724,0.3168552283840581,-0.3625684131884282,0.1495599524451315,0.3229478262718024,-0.35388452595645364,9.5243669040131e-4,0.00153007772912961,-0.17367975785656167,-0.5356182010193538,0.3619384431627921,0.23658589181434875
53043,Lincoln,Washington,4,-0.4986437930563679,-0.01530224839887826,-0.8180185651221722,-0.4780771513836745,-0.04026817795878721,-0.739332272756382,NA,NA,NA,NA,NA,NA
53045,Mason,Washington,4,-0.03831792179393423,0.13224292380553931,-0.3225238329831071,-0.13938982606522918,0.1568850475893899,-0.5334098973540672,7.4870985718819e-4,0.00184390652158575,-1.634878498158561,0.8022984378379455,-2.4371769359965065,-1.5930932173810457
53047,Okanogan,Washington,4,0.22987674907257413,0.04315388831604676,0.27761367723377356,0.2296342114728086,0.0665505824790817,0.23959072317236174,0.00110414856313303,0.00189217726899202,0.9144498411174927,1.0080865544077537,-0.09363671329026102,-0.06120688680306198
53049,Pacific,Washington,4,-0.25324310532231675,0.9851247400836509,-2.1938875070370263,-0.303686128756458,0.9963562181048534,-2.3145657021810364,NA,NA,NA,NA,NA,NA
53051,Pend Oreille,Washington,4,-0.36457328035104425,0.09703776252467783,-0.7971236841700128,-0.3732192049918954,0.12102717715359787,-0.8558328658086912,NA,NA,NA,NA,NA,NA
53053,Pierce,Washington,4,0.06579889820488233,-0.31038807279418645,0.6364540832245056,0.11590036553765103,-0.28058853735468353,0.6755397126594573,8.8537309192119e-4,0.00165448587631164,-0.654682893642602,-0.005240701805325349,-0.6494421918372767,-0.42451655258013277
53055,San Juan,Washington,4,-0.9697395660067359,0.9362712581400231,-3.2868050660591557,-1.124441827096307,0.9637058075632308,-3.6138809522177455,NA,NA,NA,NA,NA,NA
53057,Skagit,Washington,4,-0.009372704658615763,0.015675493728415625,-0.06746309252754995,0.015550040196815051,0.04492762803202662,-0.07575532728360995,0.00104616571045995,0.00200838713858349,0.4985769295880133,1.5035131113817897,-1.0049361817937763,-0.6568899415839405
53059,Skamania,Washington,4,-0.7273506547486418,0.008018602968600597,-1.2361173579954954,-0.9719475092095431,0.02815708197755611,-1.6795117620322215,NA,NA,NA,NA,NA,NA
53061,Snohomish,Washington,4,-0.04516121520061231,-0.3490347933280559,0.5224990988045817,-2.485469478105684e-4,-0.32350382741974276,0.5605190417201887,8.7564812015882e-4,0.0017896053952374,-0.7244337274651761,0.570801576502944,-1.2952353039681201,-0.8466478355295942
53063,Spokane,Washington,4,-0.22230933606492545,0.2828417443279627,-0.8934443210127287,-0.17914897323179602,0.30363228698918177,-0.8630367232121039,9.3738411200731e-4,0.00186929814484757,-0.28164201418143653,0.9105481461700223,-1.1921901603514589,-0.7792910027304863
53065,Stevens,Washington,4,-0.2811527781612752,0.17946555719514795,-0.8064130283609819,-0.301018067825342,0.2092289450105258,-0.8949499734737436,0.0011235463532642,0.00183398455043655,1.0535774467317096,0.7599990357120806,0.293578411019629,0.1919014448467366
53067,Thurston,Washington,4,-0.21485462266090405,-0.14830123146314975,-0.11407716916385796,-0.20303544532999532,-0.11994729860252391,-0.14099195226704017,9.4349951979553e-4,0.00193007427786278,-0.23778021151338924,1.169649291638751,-1.4074295031521404,-0.9199850705533121
53069,Wahkiakum,Washington,4,0.3644263724295864,0.001712995514609799,0.5729052198691841,0.327316735002571,0.015762062151874128,0.49253005708255904,NA,NA,NA,NA,NA,NA
53071,Walla Walla,Washington,4,-0.206036687891745,0.3923376159518743,-1.0614641130403528,-0.17349833549315993,0.4214036391499132,-1.065432066079337,9.6687979876432e-4,0.00172746520118391,-0.07008882968462954,0.3058851584926217,-0.37597398817725125,-0.24576041305428706
53073,Whatcom,Washington,4,-0.2879639910888249,-0.06206922972947475,-0.387889041597477,-0.24037140302034665,-0.03610228928015288,-0.3535154596044884,9.3640407817551e-4,0.00202795182312009,-0.2886711530429899,1.5869213824032236,-1.8755925354462135,-1.2260060821428047
53075,Whitman,Washington,4,-0.3454062690112696,0.191724728517074,-0.9340293203700671,-0.38631131497381327,0.21822008063441514,-1.0522412220041732,8.4108408711733e-4,0.00177588860283442,-0.972338830310162,0.5123240714784069,-1.4846629017885689,-0.970469711904422
53077,Yakima,Washington,4,0.5254613289624988,-0.5622308052840538,1.8414492188849496,0.5800279802781343,-0.5406442140113973,1.911045424357698,9.1232673521301e-4,0.00155543920264838,-0.4613621169761513,-0.42749702723813154,-0.03386508973801977,-0.02213636768459897
54001,Barbour,West Virginia,4,-0.8639442905857458,0.0472158776393659,-1.5307828718786298,-0.8142379569926512,0.07268248448999674,-1.498619927310687,8.0510073095586e-4,0.00145578183015231,-1.23042380549836,-0.8523568873031585,-0.37806691819520155,-0.24712848468126006
54003,Berkeley,West Virginia,4,-0.4254069136942298,-0.43900365855109796,0.0564304664819405,-0.5092074798170863,-0.4129942129904756,-0.12070436846391841,0.00100358489027106,0.00160719354288052,0.19317267900535184,-0.20685763852003286,0.4000303175253847,0.2614851536562326
54005,Boone,West Virginia,4,-0.4651685543052683,-0.2346571088589977,-0.37261845528469323,-0.6218977340953759,-0.21241293834957736,-0.6677925808973082,9.0338514882505e-4,0.00159300756570424,-0.5254942421376949,-0.2673353746577953,-0.25815886747989963,-0.16874898769745814
54007,Braxton,West Virginia,4,0.20450309354890253,-0.1994537386410073,0.6674801274943309,0.25304881261116596,-0.21093333158039052,0.7772295681014603,NA,NA,NA,NA,NA,NA
54009,Brooke,West Virginia,4,-0.6470810277054482,0.5741607245433871,-2.111222024595711,-0.7068583069329835,0.5463374587384887,-2.1725494188986314,8.13404172091e-4,0.00167502836755155,-1.1708686770183232,0.08233616014655243,-1.2532048371648756,-0.8191740601960729
54011,Cabell,West Virginia,4,-0.044426178011686225,0.31871137686653495,-0.6643477211184218,0.014582351956050657,0.31914420067593274,-0.5703791601592331,8.8982221159102e-4,0.00172509983528556,-0.6227722810125634,0.29580111754908556,-0.918573398561649,-0.6004377562012669
54013,Calhoun,West Virginia,4,-0.6083155960854072,0.40887993091554825,-1.7533195173399747,-0.7004652346936678,0.40595324320075055,-1.909570224447854,NA,NA,NA,NA,NA,NA
54015,Clay,West Virginia,4,0.45768070999271293,-0.5409321565198933,1.6919418061520464,0.36328586363695087,-0.510994771743007,1.4991172768279346,NA,NA,NA,NA,NA,NA
54017,Doddridge,West Virginia,4,-0.5574635424917864,-0.20719373465651061,-0.573461413613624,-0.7027470812423381,-0.21344329358655184,-0.7997130164246511,NA,NA,NA,NA,NA,NA
54019,Fayette,West Virginia,4,0.21278826323836345,-0.020367980073623816,0.36249288149126385,0.21804826045860323,-0.0036368382136976463,0.346612860682343,9.3133691876874e-4,0.00172246120043446,-0.32501455869705137,0.2845520748990273,-0.6095666335960787,-0.39845136197575787
54021,Gilmer,West Virginia,4,-0.14882616248912406,-0.0634689226212933,-0.15628370396683286,-0.2552993966800959,-0.09970468925683225,-0.26386246816504205,9.1084110111984e-4,0.0014152716747632,-0.47201759436836566,-1.025060005183458,0.5530424108150923,0.36150354969338355
54023,Grant,West Virginia,4,-0.6898863554123461,0.23778014003728448,-1.5832186040735956,-0.6773249047314268,0.24847204743693868,-1.5881418925716226,NA,NA,NA,NA,NA,NA
54025,Greenbrier,West Virginia,4,-0.27446732401261914,0.6183100202959174,-1.5761984212727058,-0.2264410909687169,0.6365390664988776,-1.539829726312627,9.765662070326e-4,0.00190780899283459,-6.145864716348619e-4,1.074727805706962,-1.075342392178597,-0.7029119002562596
54027,Hampshire,West Virginia,4,-0.7392520359837335,0.5294392687587516,-2.183429232419157,-0.8055728566413775,0.5134800530143606,-2.276806666642617,NA,NA,NA,NA,NA,NA
54029,Hancock,West Virginia,4,-0.35578570609714744,0.42364565435759183,-1.3637557193647973,-0.29825794298962277,0.4332812772871061,-1.293213900821482,9.4989679676092e-4,0.0016087131277899,-0.19189674640591226,-0.2003793357534054,0.008482589347493158,0.0055447576889986324
54031,Hardy,West Virginia,4,-0.1218595130522186,-0.005985366049355956,-0.21415337467743253,-0.07338076480666807,0.014769750849036579,-0.16867800597850147,NA,NA,NA,NA,NA,NA
54033,Harrison,West Virginia,4,-0.15859478481837982,0.24839114134385185,-0.7272323865619026,-0.10594214278070573,0.26205407005467773,-0.6671542517841246,8.6764149441977e-4,0.00168625103152438,-0.7818599940960949,0.13018068309182076,-0.9120406771879156,-0.5961675557255351
54035,Jackson,West Virginia,4,-0.08628607875167003,-0.12547215912135745,0.05701604008659811,-0.029647613029554126,-0.09545862199006012,0.10186575685793763,7.3476117372493e-4,0.00159867601684224,-1.7349232413272986,-0.24316960250309447,-1.491753638824204,-0.9751046667617658
54037,Jefferson,West Virginia,4,-0.05425461460599723,-0.29808618649180374,0.41687720576649573,-0.06808922945677438,-0.2682010280721226,0.34883950968409044,8.8864646424919e-4,0.00182267229464807,-0.631205144311421,0.7117725644442084,-1.3429777087556296,-0.8778552953266578
54039,Kanawha,West Virginia,4,-0.31446318465845335,0.2564026207762756,-0.9981512855739456,-0.27796174354858844,0.26644127585343264,-0.959664959256944,9.6579597725089e-4,0.00173113915472913,-0.07786236940523887,0.32154797750953945,-0.39941034691477834,-0.26107990159589245
54041,Lewis,West Virginia,4,-0.40367152999983497,0.0010162602912301866,-0.6906639371035221,-0.43838702331177676,0.02991984865581465,-0.799854462421173,8.7269453619902e-4,0.00156452064070485,-0.7456178449099369,-0.38878099042898134,-0.35683685448095553,-0.23325117031470838
54043,Lincoln,West Virginia,4,-0.6315799254131663,-0.45139301396616177,-0.2610265932552671,-0.9499199540854469,-0.42197517113354444,-0.833757974996673,NA,NA,NA,NA,NA,NA
54045,Logan,West Virginia,4,-0.4326955775623473,-0.5981311676874543,0.32754882213261094,-0.551318493795689,-0.5683808220733086,0.08899347706022998,8.7334929106635e-4,0.00161829144405236,-0.7409217183749097,-0.15954500503604924,-0.5813767133388605,-0.3800246445319034
54047,McDowell,West Virginia,4,-0.01201783003612548,0.4466177556025258,-0.8385532974719958,-0.20295040779552598,0.3631278082919204,-1.0093873539460712,NA,NA,NA,NA,NA,NA
54049,Marion,West Virginia,4,-0.032490945516903215,-0.14394222792237935,0.17846125860943643,0.022496795067162016,-0.11459609265079851,0.2225515130561602,8.3370438727404e-4,0.00164542398302572,-1.0252685693374304,-0.04387341524087144,-0.981395154096559,-0.641502034780497
54051,Marshall,West Virginia,4,-0.10283697764011296,-0.31274838650797054,0.3629648251859563,-0.08520855925124972,-0.2827655418356705,0.34669995098199513,7.5103156428687e-4,0.00155172566709899,-1.6182264183395385,-0.44332859247353407,-1.1748978258660046,-0.767987637605624
54053,Mason,West Virginia,4,-0.673372981169701,-0.13495706630600784,-0.8928505930999756,-0.8341067282810181,-0.10497339599237412,-1.2120815415910473,8.3395807368531e-4,0.00161544665177072,-1.0234490433636882,-0.17167293918100443,-0.8517761041826838,-0.5567748136209311
54055,Mercer,West Virginia,4,-0.11350183134860004,-0.19599393101655627,0.13767317370141116,-0.054432121449687475,-0.17480854405016621,0.20352317699111067,8.8618145676308e-4,0.0015986223147673,-0.648885023671107,-0.24339854548516207,-0.40548647818594497,-0.2650516458599397
54057,Mineral,West Virginia,4,-0.3953511448657128,-0.15555797164136664,-0.39838532979131414,-0.377065094216936,-0.12743357902384225,-0.41548075711984545,9.02277901563e-4,0.00149870790746876,-0.5334357993640706,-0.6693541977377008,0.13591839837363018,0.08884487431676241
54059,Mingo,West Virginia,4,0.06730766150174627,-0.3415276461681979,0.6943422066280026,0.010026283850682752,-0.3236865387383875,0.5778482302226345,0.00113046426105046,0.0018795692602393,1.1031950546991094,0.9543360219562737,0.14885903274283574,0.09730369260676898
54061,Monongalia,West Virginia,4,-0.6283665051979046,-0.23511143184601568,-0.6405443577532879,-0.7336808279817041,-0.20847042297841653,-0.8598367284540528,7.6266647259531e-4,0.00166176530649253,-1.53477686436725,0.02579300509004797,-1.5605698694572978,-1.0200873139582385
54063,Monroe,West Virginia,4,0.09148618693907469,-0.07629905031613649,0.26226042735484806,-0.018504200333215204,-0.046459980067781,0.0322073770602606,NA,NA,NA,NA,NA,NA
54065,Morgan,West Virginia,4,-0.27681694285184655,-0.1112501267771333,-0.28203057095317247,-0.38594122131173075,-0.08401537536538756,-0.508230124422328,NA,NA,NA,NA,NA,NA
54067,Nicholas,West Virginia,4,-0.11866599604278204,-0.027481382122659583,-0.17064887026850953,-0.09483375478798485,-0.005734312044378487,-0.16730911379082586,8.6233665450417e-4,0.00152893974725178,-0.8199081259004588,-0.5404696516372237,-0.2794384742632351,-0.18265868655204964
54069,Ohio,West Virginia,4,-0.3863766854091062,0.5885776236139273,-1.707576917833121,-0.3277830236033003,0.6149635639130053,-1.668718321910242,8.9083481566903e-4,0.00160205904659499,-0.6155095371713282,-0.22874705140276458,-0.3867624857685636,-0.252812458428836
54071,Pendleton,West Virginia,4,0.08099411584858525,-0.41160260175072977,0.8415570668731015,0.11912986798721732,-0.46712195440372384,1.0162575973289822,NA,NA,NA,NA,NA,NA
54073,Pleasants,West Virginia,4,-0.48858565512640384,-0.22486737055720046,-0.4285967950340316,-0.5881839679342679,-0.22336017263774685,-0.5923275634556231,NA,NA,NA,NA,NA,NA
54075,Pocahontas,West Virginia,4,-0.2506863611279732,0.7616873334640422,-1.792136470941672,-0.25126479821000125,0.7755281550365477,-1.8307958182685242,NA,NA,NA,NA,NA,NA
54077,Preston,West Virginia,4,0.16424592409676753,-0.5075450268772422,1.149347088824813,0.13986558764702609,-0.4830320852621647,1.0791721506036471,NA,NA,NA,NA,NA,NA
54079,Putnam,West Virginia,4,-0.27988457831792307,-0.675109194290831,0.7161387828082779,-0.24751794095204796,-0.647764054076824,0.7343860606155715,8.2826379683715e-4,0.0016352774038204,-1.064290350452373,-0.08713036767036703,-0.9771599827820061,-0.6387336585514227
54081,Raleigh,West Virginia,4,-0.28481900600027554,0.05037295451819945,-0.5827679419209832,-0.31309990688953565,0.06751551902502842,-0.6601494493519571,9.1778203101011e-4,0.00161728405331482,-0.42223486397282,-0.16383971878438616,-0.2583951451884339,-0.1689034337737051
54083,Randolph,West Virginia,4,-0.434670801783815,0.4487716021451945,-1.5383581621056006,-0.42132613202517427,0.3981999463863641,-1.4337680981525236,8.8440738268122e-4,0.00160601200252131,-0.6616092916172178,-0.21189478789596078,-0.44971450372125704,-0.2939618847752165
54085,Ritchie,West Virginia,4,-0.4234685309476603,-0.404539749147531,-0.0016959970298757732,-0.4315580575982529,-0.3889809702595733,-0.03540017811035201,NA,NA,NA,NA,NA,NA
54087,Roane,West Virginia,4,-0.5444432066430835,0.39488189724714345,-1.623236983849756,-0.7334978770288295,0.3742529482212928,-1.907230907897858,NA,NA,NA,NA,NA,NA
54089,Summers,West Virginia,4,-0.617802378675317,0.9152650277448788,-2.6699039724327065,-0.7460229703796969,0.9230024562161481,-2.91456906722529,NA,NA,NA,NA,NA,NA
54091,Taylor,West Virginia,4,0.3123792964972861,-0.2812172893361356,0.9905914409709988,0.37099527435379104,-0.2514551744639519,1.0452387314583467,NA,NA,NA,NA,NA,NA
54093,Tucker,West Virginia,4,0.11833511961720257,0.2653911118584703,-0.30146484047753463,0.17328671721798197,0.28624400355309604,-0.24863536353531812,NA,NA,NA,NA,NA,NA
54095,Tyler,West Virginia,4,-0.4563029923956266,0.09839397510960372,-0.9505858283851621,-0.48916770771200807,0.12745357126745302,-1.0592349235646683,NA,NA,NA,NA,NA,NA
54097,Upshur,West Virginia,4,-0.7331454423060597,0.16030384654124508,-1.5166061343848911,-0.75484606076741,0.13264750660211827,-1.5081634003486202,9.7520160954128e-4,0.00190004335475619,-0.010401947831393294,1.041621294621345,-1.0520232424527383,-0.6876690269487585
54099,Wayne,West Virginia,4,-0.4128170272816682,-0.2590227283137929,-0.24306099723658459,-0.4932226641649624,-0.22900645139611142,-0.42505341915438266,9.1524336534431e-4,0.00174464263512673,-0.44044304506713056,0.37911608961626264,-0.8195591346833933,-0.5357157617171322
54101,Webster,West Virginia,4,-0.2708834282183062,-0.3239349736400229,0.10614990789787487,-0.5959484008747575,-0.29399813555511106,-0.4781723161763096,NA,NA,NA,NA,NA,NA
54103,Wetzel,West Virginia,4,0.07699802200474275,0.1715053276577024,-0.20249163158196146,0.1305878107285633,0.1997648600667044,-0.16380116693492391,NA,NA,NA,NA,NA,NA
54105,Wirt,West Virginia,4,-0.5091961668860517,-0.7705237271757159,0.508298765476723,-0.5233018608862089,-0.7898408859284048,0.5335197590401953,NA,NA,NA,NA,NA,NA
54107,Wood,West Virginia,4,-0.2028728641983275,0.33446156101485675,-0.9532809642989921,-0.14460883773558922,0.3468822096842346,-0.8836471919083349,8.6022416935625e-4,0.00167784567328691,-0.8350595941109248,0.09434691349581063,-0.9294065076067354,-0.6075189624477144
54109,Wyoming,West Virginia,4,-0.5360224557344427,-0.7717422686321681,0.46629257994326656,-0.5240932881606166,-0.7437460530718459,0.44933490068584125,9.6817834708356e-4,0.0016660956212333,-0.06077519564649649,0.04425402677586064,-0.10502922242235713,-0.06865375237906214
55001,Adams,Wisconsin,4,-0.9490286214842113,0.22493001011312982,-1.9870790797524895,-1.4846237203695984,0.24211078697597385,-2.9124575480592068,NA,NA,NA,NA,NA,NA
55003,Ashland,Wisconsin,4,-0.2924236995136745,0.23982586595261318,-0.9323659408863735,-0.23625825191902283,0.26841072904006874,-0.894203503553709,0.00108821360603553,0.00210332460041438,0.800158862013745,1.908251022267321,-1.108092160253576,-0.7243192230568585
55005,Barron,Wisconsin,4,-0.26744078493111684,0.05639488775484277,-0.5648658855813454,-0.2084800851904415,0.08636099077591061,-0.5209288648518542,9.6646210508441e-4,0.0018243106581894,-0.07308467205497722,0.7187572449296636,-0.7918419169846409,-0.5175980326067089
55007,Bayfield,Wisconsin,4,-0.37799001951392214,-0.13781617320293874,-0.4013634649419001,-0.3680426460502649,-0.12335600535346,-0.4078834568723953,NA,NA,NA,NA,NA,NA
55009,Brown,Wisconsin,4,-0.30988264517388453,-0.25539781299038594,-0.08001083242211737,-0.2523511947766281,-0.22585279246651324,-0.032178699029535074,8.0875707126056e-4,0.00176612264765316,-1.2041992784535887,0.47068979748753836,-1.674889075941127,-1.0948135883521435
55011,Buffalo,Wisconsin,4,-0.6689014014136555,0.10833561437208897,-1.3183548519015513,-0.6099033616081796,0.13472794630792828,-1.2720823907007206,NA,NA,NA,NA,NA,NA
55013,Burnett,Wisconsin,4,-0.7916693699231123,0.30180111647313335,-1.8647287339211196,-0.9609494610462453,0.3313538692699074,-2.2064415945135654,NA,NA,NA,NA,NA,NA
55015,Calumet,Wisconsin,4,-0.6577120982150189,-0.8221665048685238,0.35562414419716903,-0.602730175371193,-0.8695580175151358,0.5454240161005888,0.00111067058481382,0.00172601953835927,0.9612280181199471,0.2997220007653595,0.6615060173545876,0.43240223306702424
55017,Chippewa,Wisconsin,4,-0.5312125935307569,0.014196540151718031,-0.9241332306593902,-0.5055530847403625,0.0439169873524756,-0.9361530081566615,0.00101419461815426,0.00162516775298603,0.2692692872595081,-0.13022988686515719,0.3994991741246653,0.26113796468663203
55019,Clark,Wisconsin,4,0.08737510001305249,-0.255761370757345,0.5747910181866226,0.14018538921328658,-0.2523390161922486,0.6649308840542478,0.00124698829287317,0.00181409119739308,1.938945386792766,0.6751895832994547,1.2637558034933112,0.8260708400918532
55021,Columbia,Wisconsin,4,-0.29816073008449967,-0.13649910925537834,-0.272253773817138,-0.27005191238146925,-0.10694761344598455,-0.2752496264048714,8.4986483839263e-4,0.00164517628949816,-0.9093602697542653,-0.04492938365366858,-0.8644308861005967,-0.5650467806427346
55023,Crawford,Wisconsin,4,-0.020444227819674015,0.12748121248562605,-0.28461958092583295,0.03648531432070251,0.15609233597818672,-0.24098248789072813,NA,NA,NA,NA,NA,NA
55025,Dane,Wisconsin,4,-0.7678721660443832,-0.39066721448547753,-0.593499461314607,-0.7554936005822707,-0.373785180277061,-0.5987033760507946,9.6197266206361e-4,0.00210845657996442,-0.10528449759189216,1.9301297057894324,-2.0354142033813245,-1.3304756474900765
55027,Dodge,Wisconsin,4,-0.5418801607358558,-0.1378603229216835,-0.6711589632287378,-0.493126391056141,-0.10793369596778288,-0.6425746852070783,0.00100888385508554,0.00172568533324689,0.2311786725689141,0.29829721568702117,-0.06711854311810705,-0.04387293110429717
55029,Door,Wisconsin,4,-0.45482451569435733,0.43241530204430517,-1.5424436022901618,-0.39843097898577673,0.4585843748764816,-1.5044529723804971,8.3154585356999e-4,0.00192931633870129,-1.0407503135903229,1.1664180412252292,-2.2071683548155523,-1.4427450398618815
55031,Douglas,Wisconsin,4,-0.46748443127978473,0.08930672209419051,-0.9528299572642628,-0.5123666139293869,0.1065799159429937,-1.0600903140591051,7.6136827024943e-4,0.00161026221765812,-1.5440880169657514,-0.19377524728352338,-1.350312769682228,-0.8826499557547332
55033,Dunn,Wisconsin,4,-0.5933168431390647,0.210201048099555,-1.3751310016881437,-0.5367715231031779,0.239970650607495,-1.34029800618314,NA,NA,NA,NA,NA,NA
55035,Eau Claire,Wisconsin,4,-0.6736894961508888,-0.1063176567354289,-0.9443271657500854,-0.6354077933061023,-0.07702922996137837,-0.9335569371278329,7.8587363179314e-4,0.00174820904563012,-1.368327156927958,0.3943204305441197,-1.7626475874720777,-1.152178110157061
55037,Florence,Wisconsin,4,-1.0381624006778443,-0.3069655666105322,-1.1875024213308503,-1.27144156107864,-0.28288776038997876,-1.6158157727124858,NA,NA,NA,NA,NA,NA
55039,Fond Du Lac,Wisconsin,4,-0.28381257281419137,-0.21360001900931938,-0.11144869153846965,-0.22933858410642646,-0.1878958125430184,-0.06234620508432481,8.669291331688e-4,0.00165114087747327,-0.7869692933775915,-0.019501119301718974,-0.7674681740758725,-0.501665810396395
55041,Forest,Wisconsin,4,-0.37189988830243803,-0.03596867179421327,-0.5725425517385816,-0.33496976139953044,-0.008230964137428265,-0.5601481942096994,NA,NA,NA,NA,NA,NA
55043,Grant,Wisconsin,4,-0.6219481954212601,-0.15528390812373968,-0.7720049907038056,-0.5643688618181312,-0.16927444964569824,-0.650165644695814,8.3750642151388e-4,0.00158687396583376,-0.9979990754066644,-0.2934841714542369,-0.7045149039524276,-0.4605155655518982
55045,Green,Wisconsin,4,-0.9013039820823835,0.033277491173538266,-1.5675029551314474,-0.9358216594345291,0.06321334882248977,-1.6827668809042504,0.00114383023718663,0.00173972101431393,1.1990604210087465,0.35813420862294437,0.8409262123858021,0.5496826371048794
55047,Green Lake,Wisconsin,4,-0.3334459749008283,-0.1974165267973059,-0.22197259700630673,-0.27630049027621045,-0.17522449118948713,-0.16283132275548978,NA,NA,NA,NA,NA,NA
55049,Iowa,Wisconsin,4,-0.34719496316690285,-0.09356427590775321,-0.42938715618951023,-0.2942712020253445,-0.0778449264334172,-0.3676473944008105,0.00100364274789884,0.00152365369503665,0.19358765376098666,-0.5630051785949016,0.7565928323558883,0.4945569981985926
55051,Iron,Wisconsin,4,-0.7292377754764933,0.4927336240834471,-2.1016321255974337,-0.6828526738886738,0.5024998962417943,-2.0540128646497626,NA,NA,NA,NA,NA,NA
55053,Jackson,Wisconsin,4,-0.4170994316909214,0.18231630204893284,-1.035345251498129,-0.4213376482166998,0.19995390736620827,-1.0773542917660766,NA,NA,NA,NA,NA,NA
55055,Jefferson,Wisconsin,4,-0.3067835364775169,-0.2109119628003092,-0.15405704086115501,-0.2477414648363836,-0.18347653155985005,-0.10074108960978034,0.00112732681428084,0.00190752526977074,1.0806922101045655,1.0735182359763409,0.007173974128224625,0.004689363893338121
55057,Juneau,Wisconsin,4,-0.558757938595671,-0.06585428070178849,-0.8270646996209297,-0.544599422006768,-0.03965929690373933,-0.8504944309176612,0.00113721067258178,0.001563166878376,1.1515826326909167,-0.3945523574557336,1.5461349901466503,1.0106517625282763
55059,Kenosha,Wisconsin,4,-0.503009058954078,-0.42389782167316703,-0.09823154251160793,-0.5022840834991252,-0.393884308551121,-0.14360725515263228,9.0937747295381e-4,0.00171565915882194,-0.48251523770156507,0.2555535735812676,-0.7380688112828326,-0.4824485247044285
55061,Kewaunee,Wisconsin,4,-0.3211032702043043,-0.3852950763962006,0.1326262616632733,-0.29353273133852426,-0.4496110635346512,0.30198464181388546,NA,NA,NA,NA,NA,NA
55063,La Crosse,Wisconsin,4,-0.6920240913369252,-0.14254202763713894,-0.9100677389658366,-0.6475920092525832,-0.1134336525362053,-0.8882642130883255,7.171119962879e-4,0.00174098714344997,-1.8615091968031616,0.36353197733878523,-2.2250411741419467,-1.4544278466469842
55065,Lafayette,Wisconsin,4,-0.5207825465580879,-0.03303745581132387,-0.8229193649185333,-0.4671839213697051,-0.014822643251891244,-0.7670577227897661,0.00117388626564676,0.00148932538654674,1.4146325684365746,-0.7093538126798244,2.1239863811163993,1.3883720330640337
55067,Langlade,Wisconsin,4,-0.5146933565417716,0.13549467364722653,-1.1127456115942167,-0.46133768968080907,0.16106687792511715,-1.0736219420232829,6.7636720743274e-4,0.00163996054220089,-2.1537448007736484,-0.06716518629777313,-2.086579614475875,-1.3639206010243645
55069,Lincoln,Wisconsin,4,-0.32413633261960895,0.14352219914254785,-0.8132424438028742,-0.26674144223072455,0.17159444571069365,-0.7705717686431022,9.4128816765376e-4,0.0019997762666509,-0.2536407877220136,1.4668031946672757,-1.7204439823892894,-1.124591160677364
55071,Manitowoc,Wisconsin,4,-0.3825598895126594,-0.11847965084062081,-0.44329219595341707,-0.3291478777496295,-0.09069616349394605,-0.4022485276379285,8.8233874235406e-4,0.00169827717632881,-0.6764462897313638,0.18145060994979972,-0.8578968996811636,-0.5607757532530048
55073,Marathon,Wisconsin,4,-0.2618522934531477,-0.3821698799804009,0.22463309023567368,-0.20285010028776265,-0.36762799771729054,0.30462772799251453,9.9199871034514e-4,0.00196835453886602,0.1100726217097253,1.3328459114746845,-1.2227732897649592,-0.7992820732659593
55075,Marinette,Wisconsin,4,-0.22781449118608676,0.10823101147914979,-0.5918412774762895,-0.17086199489783915,0.13683939423734615,-0.549442879783282,8.8178921451768e-4,0.00152137913080432,-0.6803876919002151,-0.5727021133750627,-0.10768557852515237,-0.07039011498278157
55077,Marquette,Wisconsin,4,-0.6439448049817166,0.07116578675315985,-1.2111266746324025,-0.6525840834285747,0.10072643795670148,-1.28156931569066,NA,NA,NA,NA,NA,NA
55078,Menominee,Wisconsin,4,1.1879158202755098,-1.621760802347157,4.817418336578358,1.0488397551053394,-1.6125619474539121,4.613974147375336,NA,NA,NA,NA,NA,NA
55079,Milwaukee,Wisconsin,4,-0.10896202156986749,0.03469750255644129,-0.2652985330399541,-0.050041307388501675,0.05611308127567307,-0.20439314027471606,9.8801217219698e-4,0.00169212663500035,0.08147980245079346,0.15522958823626073,-0.07374978578546727,-0.048207531337931785
55081,Monroe,Wisconsin,4,-0.2903254390553374,-0.08325916924423787,-0.3540763405416112,-0.24722422582277928,-0.05348494499327511,-0.3336012777534092,7.5238188341059e-4,0.00168594234700078,-1.6085414663306823,0.12886469752832316,-1.7374061638590055,-1.1356787168790816
55083,Oconto,Wisconsin,4,-0.5555967826228319,-0.5404265285183706,0.022501921026834792,-0.5053735318467782,-0.52668236592184,0.09004281085148469,0.00104527860547268,0.00179488986208093,0.4922143082804978,0.5933303446956728,-0.10111603641517503,-0.06609584614159676
55085,Oneida,Wisconsin,4,-0.6751661997704658,0.2809538787722484,-1.6357941922151724,-0.6508168321518438,0.30906007506203304,-1.6532149047312004,0.00102249682225224,0.00200440874838064,0.32881554328464346,1.486552416327005,-1.1577368730423614,-0.7567701518567022
55087,Outagamie,Wisconsin,4,-0.320974376052726,-0.32965922808912174,0.033850940509487004,-0.2871756264715795,-0.3208736029684813,0.08104190088220331,9.1762771119508e-4,0.00198662029957302,-0.423341698628663,1.4107166032618221,-1.8340583018904852,-1.1988566762915236
55089,Ozaukee,Wisconsin,4,-0.5638226337505002,-0.24143248220233268,-0.5230150361288501,-0.5112718604955383,-0.2575980778536452,-0.40351173838573906,8.8199046446106e-4,0.00187299172993976,-0.6789442582635418,0.9262946585062567,-1.6052389167697985,-1.049285832641627
55091,Pepin,Wisconsin,4,-0.3686828850596362,-0.1350858615834739,-0.39089540856620525,-0.3102131065709493,-0.14258343240266508,-0.2776293739640928,NA,NA,NA,NA,NA,NA
55093,Pierce,Wisconsin,4,-0.46308138634282536,-0.39193800304641835,-0.0893466435466076,-0.410257652509843,-0.3745190459552166,-0.02615818332558828,8.7445329833421e-4,0.00167401768866814,-0.7330033994984086,0.07802742835660673,-0.8110308278550153,-0.5301411201868578
55095,Polk,Wisconsin,4,-0.6370403268679858,-0.2391201775951503,-0.6476949566939778,-0.6209911847940282,-0.21373649028558864,-0.6639129526128356,0.00103545775040393,0.00183941288467514,0.42177576648991244,0.7831411401769005,-0.36136537368698807,-0.2362112973064569
55097,Portage,Wisconsin,4,-0.5599252506983642,-0.3942076169188778,-0.24477905454084048,-0.505377115489352,-0.3873315901360138,-0.1605063120464193,8.8152507692918e-4,0.00180648854110254,-0.6822821773025324,0.6427778970707339,-1.3250600743732663,-0.8661431945823657
55099,Price,Wisconsin,4,-0.5477920434000173,0.5752797553138406,-1.9497161689844615,-0.49013819401413433,0.6048198013759997,-1.919112618737897,NA,NA,NA,NA,NA,NA
55101,Racine,Wisconsin,4,-0.4944494705865377,-0.23369964189633624,-0.4225381828262683,-0.45396807969917413,-0.20410275322016477,-0.40487812230907805,0.001068335599875,0.00152399451202296,0.6575869822894052,-0.5615522057391591,1.2191391880285642,0.796906594185216
55103,Richland,Wisconsin,4,-0.7104812430387394,0.13181520107945716,-1.428598394660505,-0.7187094068043439,0.16145004138363558,-1.5001568588148368,NA,NA,NA,NA,NA,NA
55105,Rock,Wisconsin,4,-0.40766988221877054,-0.17092778303624606,-0.3913242633722396,-0.38485067690543984,-0.14103810761904575,-0.40390273027685286,9.483455948615e-4,0.00186120987395269,-0.20302249859887714,0.8760661850817715,-1.0790886836806486,-0.7053607136739898
55107,Rusk,Wisconsin,4,-0.754260970358561,0.18958467128846285,-1.603473162745,-0.7683898903254641,0.21960065439691112,-1.6869087870595756,NA,NA,NA,NA,NA,NA
55109,St Croix,Wisconsin,4,-0.7129589171089298,-0.5430425219554067,-0.23196822507760861,-0.6760339774296275,-0.5434881471625179,-0.16211549925590085,9.5919774414948e-4,0.00181172516604469,-0.1251871608622064,0.6651027054056383,-0.7902898662678447,-0.5165835139505374
55111,Sauk,Wisconsin,4,-0.36609552724123523,-0.33289920221814945,-0.03468442282379436,-0.3080939691748878,-0.3068803176363125,0.021271537949945074,9.6948600624671e-4,0.00170602041199718,-0.05139621551018644,0.21446161495742133,-0.26585783046760775,-0.1737815175624146
55113,Sawyer,Wisconsin,4,-0.23846531545524177,0.44007422485586745,-1.199796776572943,-0.2242671914920051,0.4697393722525143,-1.2363383253670222,NA,NA,NA,NA,NA,NA
55115,Shawano,Wisconsin,4,-0.39683895886406817,-0.2110210071488931,-0.3021551794223334,-0.33978269455975,-0.18605794481775267,-0.24839086407743532,7.5017635182413e-4,0.00177027212225278,-1.6243602955197676,0.48837986048621357,-2.112740156005981,-1.3810207879903087
55117,Sheboygan,Wisconsin,4,-0.4353501344826714,-0.10394325376680294,-0.5560838809492521,-0.37817575715510765,-0.08036988709577635,-0.501935763830358,8.5380603247599e-4,0.00173830579082169,-0.8810926736842527,0.3521008200254514,-1.2331934937097042,-0.8060933785852069
55119,Taylor,Wisconsin,4,-0.09114288738381941,-0.26760428475765546,0.30190060685760634,-0.03908802080165422,-0.2531552118054705,0.3697734193670818,NA,NA,NA,NA,NA,NA
55121,Trempealeau,Wisconsin,4,-0.41622278712980004,-0.2232402220285794,-0.31233358884820367,-0.3660738408286773,-0.2102017247678709,-0.24848319909758199,8.8546433651038e-4,0.00168406096008656,-0.6540284561456805,0.1208439584592168,-0.7748724146048973,-0.5065056909944873
55123,Vernon,Wisconsin,4,-0.40207414185270746,-0.10654026534621208,-0.4966684692882657,-0.34554342274429456,-0.08760987626174702,-0.43492545215855527,0.001258891185917,0.00176115229193444,2.024317019224706,0.4495001495745143,1.5748168696501919,1.029400055696474
55125,Vilas,Wisconsin,4,-0.8518766246575223,0.39171637272471793,-2.1238482626012374,-0.8575094250741956,0.42096966027163213,-2.1964132864828483,NA,NA,NA,NA,NA,NA
55127,Walworth,Wisconsin,4,-0.38777957453750994,-0.2809240045615263,-0.1628655556006408,-0.34911715232499674,-0.2599494557036857,-0.1309837149725253,8.6849984920103e-4,0.00176129844523519,-0.7757035791294064,0.45012323113235037,-1.2258268102617567,-0.8012780476741912
55129,Washburn,Wisconsin,4,-0.5744886403778464,0.05781632958283918,-1.0730034200292766,-0.6284988965750432,0.08589066313285468,-1.2150443688770451,NA,NA,NA,NA,NA,NA
55131,Washington,Wisconsin,4,-0.5652574455930998,-0.7167968746385152,0.3203928996731309,-0.5089795966046653,-0.738123118144191,0.46423228900659586,9.0593894358732e-4,0.00176650853141487,-0.5071775499731668,0.47233489926872296,-0.9795124492418897,-0.6402713796360122
55133,Waukesha,Wisconsin,4,-0.4448694313424692,-0.567621347384612,0.253219204183453,-0.3974342278372022,-0.5926872769821169,0.387310997829147,9.0929520440708e-4,0.00186407285999875,-0.4831052959425557,0.8882716829835468,-1.3713769789261026,-0.8964188571341445
55135,Waupaca,Wisconsin,4,-0.5176899983322013,-0.20194361803017064,-0.5173082844586174,-0.4593761445224469,-0.17198827789203674,-0.47156591751750065,9.9283139967233e-4,0.00172105945293156,0.11604495523478518,0.27857613721361285,-0.16253118197882765,-0.1062406753482296
55137,Waushara,Wisconsin,4,-0.6171900665860354,-0.015981718716870746,-1.0120170150694545,-0.6658815824924083,0.012987393247579544,-1.1458224741685799,NA,NA,NA,NA,NA,NA
55139,Winnebago,Wisconsin,4,-0.5930156273381556,-0.04156263163604497,-0.9266958502934476,-0.5427984902183632,-0.011565608524823245,-0.8980251539497063,8.5006523330529e-4,0.00190419150029547,-0.9079229686912513,1.0593056915626482,-1.9672286602538995,-1.2859052575953729
55141,Wood,Wisconsin,4,-0.5127655672758431,0.026319142426010977,-0.9153255375107356,-0.4546718135216748,0.05630487862261192,-0.8742376834471838,0.00114411034492078,0.00174589701093276,1.2010694497745384,0.3844637514707819,0.8166056983037566,0.5337852086272522
56001,Albany,Wyoming,4,-0.7871231962204209,0.24016901923220021,-1.7475865333774299,-0.8408431396674625,0.24632606662122986,-1.8548400566297654,9.2193349447927e-4,0.00177207514181773,-0.39245914373080043,0.4960665034396928,-0.8885256471704932,-0.5807966426523117
56003,Big Horn,Wyoming,4,0.05043327628523989,0.6348092768643999,-1.0705477833455601,0.09142044611927662,0.6641447638628403,-1.0635307054314485,NA,NA,NA,NA,NA,NA
56005,Campbell,Wyoming,4,-0.27772893712220287,-0.6545998121947314,0.6831980355955727,-0.25332219483355317,-0.6501827519609693,0.7291310237202148,8.5186894084648e-4,0.00169567412857728,-0.894986159408485,0.17035328241890127,-1.0653394418273863,-0.6963733383147988
56007,Carbon,Wyoming,4,-0.4513365777086709,0.12192210201191087,-0.9842691060845248,-0.39623199130515746,0.15150265267409324,-0.9487025392865654,NA,NA,NA,NA,NA,NA
56009,Converse,Wyoming,4,-0.506565913449191,0.07876502133715692,-0.998428672317161,-0.6174794975549301,0.10741615909456688,-1.235513097893585,NA,NA,NA,NA,NA,NA
56011,Crook,Wyoming,4,-0.4359257250380682,0.048025466161170025,-0.8274151677233265,-0.3939004742759474,0.05141648308620399,-0.7648967136558125,NA,NA,NA,NA,NA,NA
56013,Fremont,Wyoming,4,0.0359842397468176,0.6873790687401998,-1.1878730985716963,0.05355922458086112,0.6834790846239743,-1.1609374923657951,0.00133502739916671,0.00188485943778212,2.5703920606772046,0.9768891360337126,1.593502924643492,1.0416144448242226
56015,Goshen,Wyoming,4,-0.43891274773330874,0.7914549720239363,-2.1550471701010703,-0.5569349349428566,0.8211997703323682,-2.418670618145874,NA,NA,NA,NA,NA,NA
56017,Hot Springs,Wyoming,4,-0.4948829809905991,0.6685539091278294,-2.0285458792810025,-0.46564584348566895,0.6966960058514893,-2.0437748436198446,NA,NA,NA,NA,NA,NA
56019,Johnson,Wyoming,4,-0.969582934454326,1.0218522280574462,-3.438813216666997,-0.9456549671759964,1.043096408139539,-3.46079995363023,NA,NA,NA,NA,NA,NA
56021,Laramie,Wyoming,4,-0.5171970428146441,0.35987266002966073,-1.5160827624802384,-0.5443721156259637,0.3897335754063417,-1.6221374377098177,9.9384884284142e-4,0.00190775598390983,0.12334240669739154,1.074501817766566,-0.9511594110691745,-0.6217380379906179
56023,Lincoln,Wyoming,4,0.784853133587005,-0.16173326071307267,1.5560164646084458,0.8168430809170025,-0.17477867552094256,1.645077267671216,NA,NA,NA,NA,NA,NA
56025,Natrona,Wyoming,4,-0.4067937481311368,0.4338513293657825,-1.4659074511387291,-0.37067882390286083,0.46101714137382555,-1.4629083372962137,9.3053896779209e-4,0.00175062833313481,-0.3307377368543632,0.40463435037719775,-0.735372087231561,-0.48068577505265875
56027,Niobrara,Wyoming,4,-1.2232041633162314,1.4937508859183597,-4.696049697934239,-1.249847286666667,1.4656424480925065,-4.723824083014592,NA,NA,NA,NA,NA,NA
56029,Park,Wyoming,4,-0.41646366945273133,0.623477321859275,-1.8192141589232942,-0.3616627354697264,0.6430137652867121,-1.7752078810013534,4.5990841561697e-4,0.00247270539824729,-3.7062615161226926,3.482997276832549,-7.189258792955242,-4.69935491834576
56031,Platte,Wyoming,4,-0.5597277250384938,0.890683241469107,-2.530537771045815,-0.5270723524628219,0.9005748001369621,-2.5119710231838903,NA,NA,NA,NA,NA,NA
56033,Sheridan,Wyoming,4,-0.6996816314477106,0.5716520372818827,-2.1933747360370717,-0.6842424381587326,0.5989605058107912,-2.229741960949013,0.00108175491608309,0.00182670930984679,0.7538349218942128,0.7289831899047203,0.02485173198949242,0.016244666149542685
56035,Sublette,Wyoming,4,0.02272807760611184,0.21089577457278902,-0.3619403475776553,-0.029117805403476266,0.23752386675530265,-0.49593743677864593,NA,NA,NA,NA,NA,NA
56037,Sweetwater,Wyoming,4,0.22176670313892652,0.07573698698795765,0.20628704948609017,0.2732357610000218,0.1054502704559555,0.2417946523007647,9.65079653532e-4,0.00187029635728965,-0.08300008886606014,0.9148037309585331,-0.9978038198245932,-0.65222777803348575
56039,Teton,Wyoming,4,-0.6835868390258543,-0.09600889498155718,-0.9789662863613294,-0.6324706582168531,-0.09283733530374771,-0.9002752718732284,0.00113819784706049,0.0018918597387571,1.1586629867218474,1.0067328577589705,0.15193012896287694,0.09931115562096812
56041,Uinta,Wyoming,4,0.1978527622866845,0.1901102432774786,-0.03658492185304302,0.2401139180561401,0.21838148872020585,-0.016051221360157186,NA,NA,NA,NA,NA,NA
56043,Washakie,Wyoming,4,0.002917815909568855,0.5496207218932634,-0.9972224913856017,0.030774659200921595,0.57777684887118,-1.0085913127988801,NA,NA,NA,NA,NA,NA
56045,Weston,Wyoming,4,-0.2498667951742476,-0.04221195200464869,-0.3604854468400944,-0.24082256019439474,-0.013428300463959642,-0.3950282280082831,NA,NA,NA,NA,NA,NA
72001,Adjuntas Municipio,Puerto Rico,NA,NA,NA,NA,NA,NA,NA,NA,NA,NA,NA,NA,NA
72003,Aguada Municipio,Puerto Rico,NA,NA,NA,NA,NA,NA,NA,NA,NA,NA,NA,NA,NA
72005,Aguadilla Municipio,Puerto Rico,NA,NA,NA,NA,NA,NA,NA,NA,NA,NA,NA,NA,NA
72007,Aguas Buenas Municipio,Puerto Rico,NA,NA,NA,NA,NA,NA,NA,NA,NA,NA,NA,NA,NA
72009,Aibonito Municipio,Puerto Rico,NA,NA,NA,NA,NA,NA,NA,NA,NA,NA,NA,NA,NA
72011,A√±asco Municipio,Puerto Rico,NA,NA,NA,NA,NA,NA,NA,NA,NA,NA,NA,NA,NA
72013,Arecibo Municipio,Puerto Rico,NA,NA,NA,NA,NA,NA,NA,NA,NA,NA,NA,NA,NA
72015,Arroyo Municipio,Puerto Rico,NA,NA,NA,NA,NA,NA,NA,NA,NA,NA,NA,NA,NA
72017,Barceloneta Municipio,Puerto Rico,NA,NA,NA,NA,NA,NA,NA,NA,NA,NA,NA,NA,NA
72019,Barranquitas Municipio,Puerto Rico,NA,NA,NA,NA,NA,NA,NA,NA,NA,NA,NA,NA,NA
72021,Bayam√≥n Municipio,Puerto Rico,NA,NA,NA,NA,NA,NA,NA,NA,NA,NA,NA,NA,NA
72023,Cabo Rojo Municipio,Puerto Rico,NA,NA,NA,NA,NA,NA,NA,NA,NA,NA,NA,NA,NA
72025,Caguas Municipio,Puerto Rico,NA,NA,NA,NA,NA,NA,NA,NA,NA,NA,NA,NA,NA
72027,Camuy Municipio,Puerto Rico,NA,NA,NA,NA,NA,NA,NA,NA,NA,NA,NA,NA,NA
72029,Can√≥vanas Municipio,Puerto Rico,NA,NA,NA,NA,NA,NA,NA,NA,NA,NA,NA,NA,NA
72031,Carolina Municipio,Puerto Rico,NA,NA,NA,NA,NA,NA,NA,NA,NA,NA,NA,NA,NA
72033,Cata√±o Municipio,Puerto Rico,NA,NA,NA,NA,NA,NA,NA,NA,NA,NA,NA,NA,NA
72035,Cayey Municipio,Puerto Rico,NA,NA,NA,NA,NA,NA,NA,NA,NA,NA,NA,NA,NA
72037,Ceiba Municipio,Puerto Rico,NA,NA,NA,NA,NA,NA,NA,NA,NA,NA,NA,NA,NA
72039,Ciales Municipio,Puerto Rico,NA,NA,NA,NA,NA,NA,NA,NA,NA,NA,NA,NA,NA
72041,Cidra Municipio,Puerto Rico,NA,NA,NA,NA,NA,NA,NA,NA,NA,NA,NA,NA,NA
72043,Coamo Municipio,Puerto Rico,NA,NA,NA,NA,NA,NA,NA,NA,NA,NA,NA,NA,NA
72045,Comer√≠o Municipio,Puerto Rico,NA,NA,NA,NA,NA,NA,NA,NA,NA,NA,NA,NA,NA
72047,Corozal Municipio,Puerto Rico,NA,NA,NA,NA,NA,NA,NA,NA,NA,NA,NA,NA,NA
72049,Culebra Municipio,Puerto Rico,NA,NA,NA,NA,NA,NA,NA,NA,NA,NA,NA,NA,NA
72051,Dorado Municipio,Puerto Rico,NA,NA,NA,NA,NA,NA,NA,NA,NA,NA,NA,NA,NA
72053,Fajardo Municipio,Puerto Rico,NA,NA,NA,NA,NA,NA,NA,NA,NA,NA,NA,NA,NA
72054,Florida Municipio,Puerto Rico,NA,NA,NA,NA,NA,NA,NA,NA,NA,NA,NA,NA,NA
72055,Gu√°nica Municipio,Puerto Rico,NA,NA,NA,NA,NA,NA,NA,NA,NA,NA,NA,NA,NA
72057,Guayama Municipio,Puerto Rico,NA,NA,NA,NA,NA,NA,NA,NA,NA,NA,NA,NA,NA
72059,Guayanilla Municipio,Puerto Rico,NA,NA,NA,NA,NA,NA,NA,NA,NA,NA,NA,NA,NA
72061,Guaynabo Municipio,Puerto Rico,NA,NA,NA,NA,NA,NA,NA,NA,NA,NA,NA,NA,NA
72063,Gurabo Municipio,Puerto Rico,NA,NA,NA,NA,NA,NA,NA,NA,NA,NA,NA,NA,NA
72065,Hatillo Municipio,Puerto Rico,NA,NA,NA,NA,NA,NA,NA,NA,NA,NA,NA,NA,NA
72067,Hormigueros Municipio,Puerto Rico,NA,NA,NA,NA,NA,NA,NA,NA,NA,NA,NA,NA,NA
72069,Humacao Municipio,Puerto Rico,NA,NA,NA,NA,NA,NA,NA,NA,NA,NA,NA,NA,NA
72071,Isabela Municipio,Puerto Rico,NA,NA,NA,NA,NA,NA,NA,NA,NA,NA,NA,NA,NA
72073,Jayuya Municipio,Puerto Rico,NA,NA,NA,NA,NA,NA,NA,NA,NA,NA,NA,NA,NA
72075,Juana D√≠az Municipio,Puerto Rico,NA,NA,NA,NA,NA,NA,NA,NA,NA,NA,NA,NA,NA
72077,Juncos Municipio,Puerto Rico,NA,NA,NA,NA,NA,NA,NA,NA,NA,NA,NA,NA,NA
72079,Lajas Municipio,Puerto Rico,NA,NA,NA,NA,NA,NA,NA,NA,NA,NA,NA,NA,NA
72081,Lares Municipio,Puerto Rico,NA,NA,NA,NA,NA,NA,NA,NA,NA,NA,NA,NA,NA
72083,Las Mar√≠as Municipio,Puerto Rico,NA,NA,NA,NA,NA,NA,NA,NA,NA,NA,NA,NA,NA
72085,Las Piedras Municipio,Puerto Rico,NA,NA,NA,NA,NA,NA,NA,NA,NA,NA,NA,NA,NA
72087,Lo√≠za Municipio,Puerto Rico,NA,NA,NA,NA,NA,NA,NA,NA,NA,NA,NA,NA,NA
72089,Luquillo Municipio,Puerto Rico,NA,NA,NA,NA,NA,NA,NA,NA,NA,NA,NA,NA,NA
72091,Manat√≠ Municipio,Puerto Rico,NA,NA,NA,NA,NA,NA,NA,NA,NA,NA,NA,NA,NA
72093,Maricao Municipio,Puerto Rico,NA,NA,NA,NA,NA,NA,NA,NA,NA,NA,NA,NA,NA
72095,Maunabo Municipio,Puerto Rico,NA,NA,NA,NA,NA,NA,NA,NA,NA,NA,NA,NA,NA
72097,Mayag√ºez Municipio,Puerto Rico,NA,NA,NA,NA,NA,NA,NA,NA,NA,NA,NA,NA,NA
72099,Moca Municipio,Puerto Rico,NA,NA,NA,NA,NA,NA,NA,NA,NA,NA,NA,NA,NA
72101,Morovis Municipio,Puerto Rico,NA,NA,NA,NA,NA,NA,NA,NA,NA,NA,NA,NA,NA
72103,Naguabo Municipio,Puerto Rico,NA,NA,NA,NA,NA,NA,NA,NA,NA,NA,NA,NA,NA
72105,Naranjito Municipio,Puerto Rico,NA,NA,NA,NA,NA,NA,NA,NA,NA,NA,NA,NA,NA
72107,Orocovis Municipio,Puerto Rico,NA,NA,NA,NA,NA,NA,NA,NA,NA,NA,NA,NA,NA
72109,Patillas Municipio,Puerto Rico,NA,NA,NA,NA,NA,NA,NA,NA,NA,NA,NA,NA,NA
72111,Pe√±uelas Municipio,Puerto Rico,NA,NA,NA,NA,NA,NA,NA,NA,NA,NA,NA,NA,NA
72113,Ponce Municipio,Puerto Rico,NA,NA,NA,NA,NA,NA,NA,NA,NA,NA,NA,NA,NA
72115,Quebradillas Municipio,Puerto Rico,NA,NA,NA,NA,NA,NA,NA,NA,NA,NA,NA,NA,NA
72117,Rinc√≥n Municipio,Puerto Rico,NA,NA,NA,NA,NA,NA,NA,NA,NA,NA,NA,NA,NA
72119,R√≠o Grande Municipio,Puerto Rico,NA,NA,NA,NA,NA,NA,NA,NA,NA,NA,NA,NA,NA
72121,Sabana Grande Municipio,Puerto Rico,NA,NA,NA,NA,NA,NA,NA,NA,NA,NA,NA,NA,NA
72123,Salinas Municipio,Puerto Rico,NA,NA,NA,NA,NA,NA,NA,NA,NA,NA,NA,NA,NA
72125,San Germ√°n Municipio,Puerto Rico,NA,NA,NA,NA,NA,NA,NA,NA,NA,NA,NA,NA,NA
72127,San Juan Municipio,Puerto Rico,NA,NA,NA,NA,NA,NA,NA,NA,NA,NA,NA,NA,NA
72129,San Lorenzo Municipio,Puerto Rico,NA,NA,NA,NA,NA,NA,NA,NA,NA,NA,NA,NA,NA
72131,San Sebasti√°n Municipio,Puerto Rico,NA,NA,NA,NA,NA,NA,NA,NA,NA,NA,NA,NA,NA
72133,Santa Isabel Municipio,Puerto Rico,NA,NA,NA,NA,NA,NA,NA,NA,NA,NA,NA,NA,NA
72135,Toa Alta Municipio,Puerto Rico,NA,NA,NA,NA,NA,NA,NA,NA,NA,NA,NA,NA,NA
72137,Toa Baja Municipio,Puerto Rico,NA,NA,NA,NA,NA,NA,NA,NA,NA,NA,NA,NA,NA
72139,Trujillo Alto Municipio,Puerto Rico,NA,NA,NA,NA,NA,NA,NA,NA,NA,NA,NA,NA,NA
72141,Utuado Municipio,Puerto Rico,NA,NA,NA,NA,NA,NA,NA,NA,NA,NA,NA,NA,NA
72143,Vega Alta Municipio,Puerto Rico,NA,NA,NA,NA,NA,NA,NA,NA,NA,NA,NA,NA,NA
72145,Vega Baja Municipio,Puerto Rico,NA,NA,NA,NA,NA,NA,NA,NA,NA,NA,NA,NA,NA
72147,Vieques Municipio,Puerto Rico,NA,NA,NA,NA,NA,NA,NA,NA,NA,NA,NA,NA,NA
72149,Villalba Municipio,Puerto Rico,NA,NA,NA,NA,NA,NA,NA,NA,NA,NA,NA,NA,NA
72151,Yabucoa Municipio,Puerto Rico,NA,NA,NA,NA,NA,NA,NA,NA,NA,NA,NA,NA,NA
72153,Yauco Municipio,Puerto Rico,NA,NA,NA,NA,NA,NA,NA,NA,NA,NA,NA,NA,NA
