county_fips,median_household_income_2022,median_household_income_moe_2022,population_25plus,high_school_or_higher_pct,bachelors_or_higher_pct,high_school_or_higher_count_moe,bachelors_or_higher_count_moe
01001,68315,4941,40188,90.40260774360506,29.5585746989151,1568.1763293711585,983.5247836226599
01003,71039,2374,167022,91.59931027050328,32.561578714181366,3977.9350170660155,2488.273296886819
01005,39712,3289,17675,76.4922206506365,11.881188118811881,711.9332833910773,278.7023501874356
01007,50669,8260,15925,78.86342229199371,10.919937205651491,899.5571132507374,358.3503871910842
01009,57440,3308,40817,81.75515104000785,14.741406766788348,1484.1802451184965,665.3886082583621
01011,36136,4731,7156,73.37898267188373,9.376746785913918,633.9227082223825,205.10728899773406
01013,44429,4102,13266,87.59234132368461,13.048394391677974,662.151795285643,214.18449990603895
01015,54339,2221,78931,85.07177154730081,19.15343781277318,2259.764810771245,1031.7087767388625
01017,48805,5967,24706,83.45745972638225,12.733748886910062,1016.933626152661,442.30080262192604
01019,46621,3697,18523,81.9251741078659,14.592668574205042,935.0598911299746,372.75863504417975
01021,62471,3466,30609,82.16210918357346,13.973014472867458,1237.4720198857024,584.2687737676899
01023,43299,8544,9052,82.39063190455148,13.046840477242599,558.824659441582,240.4766100892143
01025,47549,7087,16015,81.39244458320324,13.768342179206993,827.6865348669145,377.83329657403146
01027,48074,4545,10053,83.33830697304288,12.762359494678206,610.4056028576409,264.64693461289136
01029,51553,4006,10630,82.54938852304798,16.491063029162746,597.0142376861711,321.17596423144744
01031,62199,3570,36556,86.62052741000109,21.60794397636503,1109.5354883914258,547.9644149030117
01033,56149,3200,40835,86.38178033549652,18.043345169584914,1580.5508533419606,738.6765191882032
01035,39888,4152,8382,89.42973037461226,13.314244810307802,716.0188545003546,235.8686074915439
01037,52279,4025,8049,83.48863212821469,10.634861473474967,510.73280685697097,184.5697700058165
01039,48772,4644,26447,85.75641849737211,16.30808787386093,988.8361846130025,371.0875907383592
01041,48557,3908,9148,82.07258417140359,17.195015303891562,504.1458122408635,228.10304688890062
01043,58119,2269,61520,84.61313394018205,18.296488946684004,1918.8256825464891,951.9842435670876
01045,52813,3967,33687,85.66212485528543,19.161694422180663,1092.1790146308433,515.8081038525859
01047,37180,3448,25984,85.3101908866995,15.694273399014778,1158.8252672426504,480.7722953748479
01049,47920,2836,48385,77.72656815128656,14.149013123902035,1596.3834125923509,731.0430903852385
01051,73258,2727,61046,88.54634210267668,24.16046915440815,1907.983752551368,982.3431172457005
01053,41153,2502,25461,82.2669965830093,12.556458897922312,999.6559408116375,427.8294052540101
01055,52177,1922,72715,86.11840748126247,17.7198652272571,1970.4809057689445,867.4958213155842
01057,45650,6646,11428,83.74168708435421,13.003150157507875,687.0866029839325,275.2798575994982
01059,47359,4879,21351,80.09929277317222,14.828345276567843,999.5944177515198,504.82373161332265
01061,47608,4353,18982,83.40006321778527,13.91318090822885,901.0416194604998,434.07603020669086
01063,32796,4030,5449,81.88658469443935,16.71866397504129,572.4133122141727,217.19116004110296
01065,35851,7915,9980,80.57114228456913,16.372745490981963,614.0146578054957,297.2204569002612
01067,58395,5437,12561,81.53013295119815,20.961706870472096,641.7359269980137,334.08681506458765
01069,55064,1412,73993,87.61504466638736,22.4602327247172,1263.4678468405914,634.6597513628858
01071,46748,2079,37823,82.03474076620046,16.188562514871904,1394.9125420613293,651.3439951362107
01073,63595,1305,457310,91.06339244713652,35.5714941724432,5473.343950456613,3589.5730943943736
01075,49565,4483,9894,82.06994137861331,10.238528401051141,606.2581958208895,219.26696057545925
01077,56081,3092,64564,88.78786940090453,25.8255374512112,1852.9732863697739,958.3600575983955
01079,54786,3498,23478,82.66462219950591,15.780730897009967,1125.7504163889969,697.2395571107537
01081,59288,2943,107084,91.7121138545441,40.16286279929775,3130.5903596606186,2011.325185045919
01083,80146,4029,73067,87.32670015191536,29.530430974311248,2183.3943757370084,1310.3869657471414
01085,33125,4764,7035,83.32622601279317,16.318407960199004,451.6658056572359,208.9138578457638
01087,41206,4232,11880,82.71885521885523,20.555555555555557,616.7592723259213,314.21648588194734
01089,78058,2232,267305,92.22461233422494,45.085576401488936,4528.425554207555,3017.6161120990855
01091,42975,5993,12997,89.10517811802724,21.958913595445104,766.07375624022,422.52692221916465
01093,49743,3692,20785,80.62063988453211,11.830647101274957,1006.5346491800468,429.92673794496665
01095,58272,2006,64995,84.36648972997924,21.421647819063004,1708.5619684401265,850.3869707374403
01097,55352,1348,279868,88.13369159746738,24.20819815055669,4305.283382078351,2514.0688136962362
01099,39965,6253,13707,83.6944626833005,13.511344568468665,693.5308212329139,335.0567116176006
01101,56707,1821,151442,87.96767079145812,33.677579535399694,3175.600888021037,1970.387271578864
01103,61588,2499,84874,85.23104837759503,23.847114546268585,2347.9337724901866,1109.9409894224107
01105,32332,7059,5314,79.58223560406473,15.223936770794129,547.1846123567439,210.39961977151955
01107,45339,2865,13592,84.94702766333137,14.508534432018834,626.5093774238339,280.34621452768005
01109,42616,4107,19205,87.89898463941682,27.71153345482947,877.30154451021,541.4665271279472
01111,49879,8209,15614,82.01613936211092,18.803637760983733,801.398777139072,483.9659078902149
01113,47420,2828,39868,85.191130731413665,16.36400120397311,1653.0417417597173,831.7848279453046
01115,73218,4451,64523,87.28670396602762,19.32799156889791,2021.441070127942,1001.7349948963548
01117,90618,3328,153645,93.79283413062579,45.60382700380748,3001.968520820963,1948.6605656193692
01119,31726,6535,7354,88.80881153113951,21.756867011150394,536.8314446825931,272.2296824374594
01121,52457,2838,57406,83.21255617879665,16.602794133017454,1754.0590069892176,840.6069235974684
01123,53282,3175,29557,81.87908109754035,18.15136854213892,1214.6229867740853,499.73092760004357
01125,61645,2209,141959,90.64025528497665,30.87652068555005,3350.7448425685893,1971.2764899932226
01127,52987,3833,45281,82.66601886000751,15.288973300059627,1467.5476142190412,759.7808894674832
01129,51184,5632,10500,88.26666666666667,14.219047619047618,678.2720693055259,278.2355117521845
01131,38208,3720,7069,77.70547460744093,11.614089687367379,471.0679356525978,170.32322213955442
01133,49494,4717,16998,80.03882809742322,13.825155900694199,755.4991727328363,323.5042503584767
02013,79961,6768,2675,81.00934579439253,16.934579439252335,196.21671692289624,100.94057657849989
02016,100662,7734,3861,89.53638953638954,15.436415436415436,316.48380685273617,110.4445562261898
02020,95731,2829,192454,94.17938832136511,37.034304301287584,3699.8639164163865,2359.138402044272
02050,64094,6460,10109,82.73815412009101,9.694331783559205,644.8356379729644,203.3592879609879
02060,94167,12682,636,94.96855345911949,26.257861635220127,134.39866070761272,104.75208828467335
02063,83068,10732,4929,94.5425035504159,31.46682897139379,415.1782749614917,240.02083242918727
02066,70606,9374,1791,92.40647682858739,28.084868788386377,190.0841918729698,104.31203190428226
02068,87292,10131,1674,96.6547192353644,25.149342891278376,408.8618348537804,193.20196686369422
02070,69412,26682,2902,88.11164713990351,20.468642315644384,678.9815903248041,489.29541179128177
02090,81655,4690,61350,94.66829665851671,32.945395273023635,2185.9446470576513,1214.4735484974549
02100,68276,17797,1420,97.67605633802818,33.66197183098591,211.45448682872635,111.35977729862789
02105,62344,5516,1838,94.0152339499456,27.529923830250272,176.50779019635365,126.64122551523259
02110,95711,6801,22947,95.44166993506776,40.73735128775003,967.4673121093033,556.0278769989865
02122,76272,3470,41645,94.22739824708849,27.96734301836955,1259.701551955859,727.1506033828206
02130,82763,5567,9869,94.7411085216334,28.49326172864525,414.0338150441338,213.12437683193352
02150,91138,11155,8634,91.23233727125319,28.468844104702338,598.5941864067843,337.4388833551937
02158,42663,3389,4052,81.41658440276407,4.590325765054295,307.7905131741393,170.37311994560645
02164,61607,7202,651,90.78341013824885,15.514592933947773,146.8945199794737,48.78524367060187
02170,86435,2503,71369,94.22298196696045,23.654527876248792,1459.240555905708,731.4376255019972
02180,70121,3554,5564,88.22789360172538,18.314162473040977,309.58197621954673,158.43610699584863
02185,83472,17869,7601,90.67227996316274,14.195500592027365,594.7680220052184,259.50915205441214
02188,77647,6180,4230,86.05200945626477,15.153664302600474,340.089694051437,254.4307371368483
02195,77826,13410,2537,86.95309420575482,24.793062672447775,193.1760854764378,96.06768447297978
02198,61779,3488,4151,92.45964827752348,19.392917369308602,201.68044030098704,94.4828026679988
02220,95261,5498,6071,95.22319222533355,34.19535496623291,364.35971237226545,222.71506460048903
02230,79583,10798,970,92.68041237113403,27.835051546391753,148.05742129322664,83.55836283700154
02240,75378,7772,4534,93.7362152624614,19.783855315394796,320.8691322018994,148.35767590522573
02275,61000,9442,1559,87.10711994868505,18.02437459910199,144.50259513240584,62.81719509815764
02282,76875,23980,397,93.95465994962217,10.831234256926953,81.58431221748455,43.55456348076513
02290,47826,5856,3451,87.0182555780933,14.14082874529122,260.43617260280877,102.80564186852781
04001,37483,3091,42220,84.00994789199432,13.78256750355282,1126.0115452338844,494.2873658106183
04003,58421,2593,88211,88.91294736484112,26.696217025087574,1983.8056860489135,1101.7481563406402
04005,67266,1828,86631,91.45109718230195,39.59321720862047,2178.0018365465166,1562.0749021733882
04007,55242,2715,39673,87.14490963627657,18.085347717591308,1340.8698669147577,655.9192023412639
04009,64089,4152,24362,84.62359412199326,13.952056481405467,1007.661649562987,366.92506046875565
04011,73756,3780,5854,85.94123676118893,16.672360778954562,497.62335154210757,231.62469643800938
04012,46634,2584,13188,82.61298149833182,12.382468911131332,774.3255129465902,302.55412738880295
04013,80675,588,2987215,89.1755364110049,34.98486048041403,13693.696469543935,8387.571817874348
04015,53592,1874,165754,87.77525730902421,14.40628883767511,3242.8865228373315,1345.3215229081857
04017,50335,2034,70604,85.6424565180443,17.290805053538044,1801.7699631195987,841.1676408421807
04019,64323,957,705718,89.47199873037106,34.98408712828637,6527.733297247981,3890.796576538023
04021,73313,1177,302970,88.46387431098789,21.404759547149883,4579.148064869709,2155.408777935174
04023,51885,3210,30749,77.97326742333084,23.503203356206704,1246.5524457478714,710.3731413841601
04025,62430,1633,184475,92.14636129556851,28.679766906084836,3564.6041856004153,2041.546962477229
04027,56439,1344,131335,76.18837324399436,16.423649446073018,2433.016646058962,1066.4515929004936
05001,58695,2163,11889,85.9702245773404,15.779291782319792,592.9645857890672,259
05003,44804,5203,13222,85.87203146271366,11.579186204810165,716.9114310708122,272.19294627157404
05005,47403,2413,31982,89.62541429554125,18.160215121005567,1244.4404365014823,619.8403020133493
05007,85269,1607,188577,90.12445844403082,35.508041807855676,3254.4724610910444,1794.2619652659419
05009,52275,3148,26260,90.6054836252856,16.62985529322163,1163.8320325545262,503.6725126508295
05011,43688,3469,7105,85.84095707248417,12.540464461646728,473.19340654747083,184.05977290000115
05013,60237,6104,3462,85.29751588677065,12.536106296938186,307.39225754725834,137.21515951235125
05015,56826,5487,20180,85.78790882061448,21.442021803766107,1073.9045581428547,485.7365541113825
05017,36593,4587,7065,79.64614295824487,17.62208067940552,443.3012519720647,201.50930499607207
05019,48071,5734,12424,89.72955569864777,26.448808757244045,665.8032742484825,368.286573200816
05021,44685,4385,10342,84.29704119125894,15.383871591568361,588.8284979516532,221.07917133913816
05023,52780,3476,18612,87.9056522673544,17.18783580485708,871.2766495206904,402.1405227031964
05025,48913,5969,5413,91.87142065398116,15.869203768704969,387.2311970903171,170.90640713560157
05027,47441,6433,14189,88.30784410458806,18.986538868137288,904.5136814885666,411.717135907652
05029,50282,4273,14483,89.208037008907,19.146585652143894,778.7605537005583,385.5723019097715
05031,55169,2630,71091,90.17737828979759,28.206102038232686,2099.8730914033827,1181.1528266909409
05033,56702,2201,41093,85.46954469130995,20.317328985471978,1502.0549257600403,873.593154735086
05035,51860,3801,30572,85.57830694753369,17.627240612325004,1082.5433016743486,522.7446795520735
05037,48129,6592,11566,83.46878782638768,16.064326474148366,607.8116484569871,299.4077487307234
05039,40085,9399,4671,88.4393063583815,13.037893384714193,421.28612604736935,144.08330923462302
05041,38067,4386,7691,78.97542582238981,13.0672214276427,436.90387958909224,187.0347561283731
05043,44968,5175,10906,87.36475334678158,25.022923161562442,665.0187967268294,394.7834849635937
05045,61273,3234,77167,93.03977088651885,32.478909378361216,2116.345907454639,1344.4296188346939
05047,47695,4935,12025,86.24532224532224,12.299376299376299,750.5031645502902,291.15803269015265
05049,38917,3644,8708,86.87413872301332,14.389067524115756,648.6539909689911,312.1570117745235
05051,54229,2613,72911,90.6406440729108,25.245847677305207,2165.201145390423,1147.2806979985326
05053,68598,7227,12609,92.64017765088428,18.780236339122848,744.5831048311532,379.9078835717943
05055,54879,2724,30946,87.91766302591611,16.561106443482196,1309.9541976725752,532.092097291437
05057,45049,4022,13301,83.88842944139539,15.788286594992858,737.0474882936649,325.5533750401
05059,50260,4610,24022,88.53967196736325,15.502456081924903,1176.1938615721474,464.9881718925762
05061,44824,6121,8505,88.4185773074662,14.979423868312757,545.0798106699605,237.96008068581588
05063,52361,4661,25382,86.84894807343787,17.106610984162003,1162.3566578292568,523.4061520463816
05065,46159,6295,10452,83.24722541140451,18.93417527745886,604.7627634039649,312.27551937351734
05067,41929,3365,11927,86.25806992537939,11.85545401190576,615.4396802286964,249.40930215210497
05069,46855,2150,45704,89.08410642394539,20.151409067040085,1472.5162138326355,631.5504730423373
05071,42470,3469,17235,80.47577603713374,15.03916449086162,752.2878438470211,358.6167871140446
05073,40262,8531,4514,81.05892778023926,10.611431103234382,314.5854414940399,115.5551816233266
05075,43606,3565,10950,82.27397260273973,12.949771689497718,472.55370065210576,201.75727991822254
05077,33801,6518,6193,83.51364443726789,7.702244469562409,390.9475668168303,140.3388755833536
05079,50526,5374,10007,83.48156290596583,8.134305985809933,542.6002211573452,163.75896922000945
05081,58627,11485,8415,90.57635175282235,15.923945335710041,544.5410911951457,253.64147925763245
05083,51131,2630,15192,88.15165876777252,14.343075302790943,690.3021077760085,304.4256887977754
05085,68078,2801,49756,89.86855856580111,19.929254763244632,1550.949709049265,729.536154004721
05087,51514,5932,11654,84.96653509524627,12.313368800411876,658.8231932772252,271.39823138701547
05089,42891,4867,12875,87.73592233009708,15.23106796116505,671.2041418227393,331.16461163596574
05091,47613,3922,28953,86.68186371015094,15.601146686008358,1298.8614244791474,591.2689743255602
05093,50012,4432,26228,82.8236998627421,14.800976056123227,1160.7687108119344,546.559237411646
05095,41786,10996,4771,80.1928316914693,14.189897296164325,364.6669713588002,174.85708450045712
05097,47103,3596,6467,86.74810576774394,16.390907685170866,419.9118955209533,162.03394706048482
05099,43421,4219,5657,89.6057981262153,10.942195509987625,430.22203569784756,172.07265907168403
05101,50699,7025,5236,84.93124522536287,14.782276546982429,397.8089993954385,165.35416535424804
05103,47348,4748,15755,88.16248809901619,14.953982862583306,880.2073619324028,370.09998649013755
05105,53980,8161,7152,91.00950782997762,15.19854586129754,479.06680118747533,218.74642854227358
05107,37458,4178,10670,81.9962511715089,15.238987816307404,680.7760277800622,267.02996086581743
05109,49248,3312,7133,88.67236786765737,18.505537641945885,406.69767641332794,196.92384314754779
05111,43440,2999,15626,81.7931652374248,11.544861128887751,642.9245678926883,248.53772349484495
05113,48449,4945,13516,88.0364013021604,16.269606392423793,723.1479793237343,301.80291582421796
05115,51678,2387,41041,85.29762920006823,23.88099705172876,1508.0868675245467,787.9390839398691
05117,47045,6739,5994,85.58558558558559,15.98264931598265,385.4867053479277,179.8054504179448
05119,58326,1739,270873,92.05457908318658,37.041344098525876,4487.887364896762,2618.0446902220747
05121,45993,4649,12793,87.36809192527163,15.5475650746502,783.9980867323593,350.29987153865756
05123,39822,3288,16284,84.24220093343159,13.27069516089413,795.5872045225464,352.32229563284807
05125,73236,3192,86181,91.91469117322843,28.457548647613745,2225.8308561074446,1197.0902221637264
05127,45340,5707,6909,83.8326820089738,12.042263713996237,475.6458766771767,223.06052990163903
05129,42063,5502,5734,81.98465294733171,14.945936519009418,386.975451417787,174.26703646989583
05131,54047,2341,85873,85.03487708592922,23.92137225903369,2075.803940645648,1128.9871567028563
05133,53567,2723,9814,73.52761361320563,11.667006317505605,563.2557145737627,206.3371028196335
05135,43332,2537,12611,84.5769566251685,11.513757830465467,697.030128473655,257.00194551792794
05137,37664,8139,9080,86.13436123348018,14.438325991189428,711.7569809984304,296.7237772744207
05139,49745,5298,26493,87.20039255652436,18.472804136941832,1170.4204372788438,512.9502899891958
05141,45768,3226,11769,84.43368170617724,16.75588410230266,635.1629712129006,257.9418539128538
05143,61985,2353,151212,87.00037034097824,34.464857286458745,3216.2604061238576,2031.92052009915
05145,51144,3710,50533,86.34555636910534,20.483644351216036,1646.9034580083921,785.1598563350013
05147,49608,3585,4387,84.40847959881468,16.503305219968087,302.39543647350234,167.1316846082753
05149,55879,6270,13857,77.38327199249477,13.805296961824348,695.5429533824637,300.1499625187383
06001,122488,1231,1193888,89.21289099144978,50.93735760808384,7865.506658823702,5460.690707227429
06003,101125,17442,1068,93.25842696629213,39.60674157303371,166.1896507006378,104.36474500519799
06005,74853,6048,31901,90.49559574934955,20.563618695338704,1229.2062479502779,558.3708445110651
06007,66085,2261,138986,90.30981537708834,30.83332134171787,2601.324470341983,1628.511590379387
06009,77526,3875,35412,92.55337173839376,21.396701683045297,1505.526485984222,767.4275210076845
06011,69619,5745,14021,73.27580058483703,14.285714285714286,664.9729317799334,349.6212236120685
06013,120020,1496,808485,89.71718708448518,44.49742419463565,6683.923099497779,4432.936160153899
06015,61149,4376,19672,83.19947132980886,17.715534770231802,873.3149489159109,442.2804540108007
06017,99246,3330,140802,94.73018849164075,37.952585900768455,2802.277466633167,1785.247041728399
06019,67756,967,624392,78.25484631449474,23.38386782662174,5921.834175321022,3198.6304881933456
06021,64033,3963,18475,77.80784844384303,14.86874154262517,874.0240271296893,377.83197323678155
06023,57881,2131,93612,91.26500875956074,31.08362175789429,2204.382226384526,1232.9059169295929
06025,53847,2214,110201,71.27067812451793,15.916370994818559,2680.1486899050956,1447.0615052581559
06027,63417,5453,13867,93.0626667628182,28.9536309223336,740.1655220286879,429.43567620774127
06029,63883,1325,553334,76.55014873476055,18.320038168628713,6071.9787549035445,3063.393379897528
06031,68540,2253,95084,74.48571789154853,14.72487484750326,2212.200714221022,939.4008728971886
06033,56259,2439,48945,86.63397691286137,18.212279088773112,1858.201818963699,854.6636765418313
06035,59515,3551,23744,80.47506738544475,12.095687331536388,895.3407172691299,299.0167219404293
06037,83411,439,6909650,80.2500416084751,34.58292388181746,20407.55531659782,13889.23730807419
06039,73543,2844,99045,72.05310717350699,17.15079004492907,2278.973891908374,1074.7492730865185
06041,142019,4098,191565,93.41842194555373,61.1280766319526,3269.262455050068,2508.754671146623
06043,60021,5293,13371,91.85550818936504,28.928277615735546,895.1329510190093,503.452083122118
06045,61335,2198,65163,86.77163420959747,23.98753894080997,1868.9034217957867,850.2376138468587
06047,64772,2142,168503,71.44145801558429,14.644843118520145,3011.0061441318912,1483.6316928402412
06049,54962,5389,6511,88.28136998924896,23.82122561818461,571.1908612714318,348.64021569520634
06051,82038,15388,9628,87.16244287494807,31.709597008724554,775.5552849410543,425.64186824136556
06053,91043,1900,279734,73.3636240142421,27.06606990927095,3410.5637363931496,2127.527908160079
06055,105809,2981,98232,84.39714146103103,37.83899340337161,1874.1080545155341,1134.247768346934
06057,79395,3823,79007,95.07765134734898,38.809219436252484,2105.821454919671,1247.4686368803025
06059,109361,882,2197677,86.82891070889853,42.764155060092996,12051.875206788362,8020.88112366715
06061,109375,1856,286915,94.94763257410732,42.441141104508304,3961.4537735533404,2592.353563848882
06063,67885,7772,15236,94.09950118141245,21.18009976371751,895.9235458452914,356.7057610972943
06065,84505,1061,1594000,83.12227101631116,24.055583437892096,9705.246828391331,4437.9623702776025
06067,84010,816,1077155,88.37604615863084,32.62334575803854,8078.999938111152,4566.476760041597
06069,104451,5461,42300,83.6903073286052,21.997635933806148,1311.8128677521042,604.6668504226108
06071,77423,806,1388742,81.3940962396183,22.421731322304648,9129.68991806403,4719.395406193467
06073,96974,993,2257620,88.71213933257147,41.046810357810436,12314.178819555935,8535.621769970832
06075,136689,1954,680343,88.78844935569265,59.78954733127261,6388.336403164755,4755.553910955064
06077,82837,1448,495879,80.23207274355237,20.306970047128434,5595.024128634299,3035.471297838278
06079,90158,2311,189527,92.05073683432967,37.971898463015826,3317.3780309153794,2039.502145132483
06081,149907,2621,547817,90.58116122719814,52.878789814846925,5433.706929896017,3804.179806476029
06083,92332,1889,277891,82.1152898078743,35.676938080038575,3590.0456821606044,2333.629576432387
06085,153792,1545,1341405,89.2831769674334,55.32795837200547,8299.980963833592,6194.271950762252
06087,104409,3173,180171,88.71016978315045,42.480199366157706,3250.444738801138,2157.1909975706835
06089,68347,2480,128883,91.89575040928594,22.754746553075268,2404.026622148765,1156.0999091774033
06091,61108,9237,2249,93.552690084482,23.877278790573587,331.3894989283758,148.50589213899897
06093,53898,2640,32134,90.55517520383394,21.99850625505695,1082.6167373544527,526.9592014568111
06095,97037,1724,312706,88.87869116678286,28.1996507901991,4250.527143778757,2360.54358146593
06097,99266,1988,354851,89.23773640203916,37.84658913177643,4470.3354460263945,2650.979064421294
06099,74872,1371,350685,80.32964056061708,18.217773785591056,4377.671755625358,2174.010579551075
06101,72654,3425,64986,79.55405779706398,20.622903394577293,1843.883401953605,983.863811713796
06103,59029,4103,44986,87.08264793491308,18.17009736362424,1716.658673120548,723.9544184546428
06105,47317,5890,12553,95.25213096470964,19.18266549828726,923.6666065199066,416.6053288185354
06107,64474,1489,280911,73.49374001018116,15.617045968296008,4313.487336251261,1880.0675519778538
06109,70432,4691,42078,92.45924235942773,24.437948571700176,1461.0475693830094,828.4328578708114
06111,102141,1528,575974,85.36982572129992,34.7128516217746,5843.611640073286,3508.1058991997375
06113,85097,2333,129126,87.87850626519834,43.2709136812106,2556.1341905306926,1639.7505907911727
06115,66693,2796,51600,82.66279069767442,17.358527131782946,1796.3602088668074,792.4714505898619
08001,86297,1295,338792,84.81457649531276,27.15323856525538,4252.693969709083,2310.7946685069187
08003,52271,4812,9807,89.81339859284185,28.214540634240848,638.6156903803727,335.1492204973779
08005,92292,1197,450081,92.18873936024849,44.9216918732406,4664.49729338543,2985.289768179967
08007,66813,9047,10417,94.51857540558701,39.435538062781994,747.0341357662312,502.4440267333268
08009,42115,7290,2504,85.8226837060703,24.361022364217252,176.22712617528552,91.24691775616314
08011,45776,5506,4265,83.39976553341148,15.498241500586166,325.0799901562691,140.09639538546307
08013,99770,2277,217821,95.72952102873461,63.23035887265232,3237.0157552906658,2338.755438261983
08014,117541,3337,52126,96.26098300272417,58.38161378198979,1362.0881028773433,1012.2499691281794
08015,65703,4773,15510,93.04319793681496,41.424887169568024,909.8934003497333,592.1815599965943
08017,65577,16886,1225,92.9795918367347,23.428571428571427,136.23509092741122,62.080592780675026
08019,87169,19629,7643,96.62436216145493,55.03074708883946,568.639604670656,443.61920607656293
08021,44093,2222,4978,89.77501004419446,24.648453194053836,283.033566913891,156.2145959889792
08023,34578,3894,2617,88.34543370271302,23.65303782957585,219.65427380317462,132.32535660258014
08025,40685,7356,4191,81.03078024337867,12.741589119541876,339.18873802058937,161.74671557716403
08027,66250,8149,3787,96.93688935833113,36.46686031159229,393.6978536898569,233.85251762596013
08029,56349,3710,22899,90.00393030263331,24.498886414253896,970.5179029775803,503.88093831777365
08031,85853,1295,519431,90.54850403614725,54.248591246960615,5411.741309412341,3610.471575847122
08033,64708,15872,1907,95.28054535920293,26.324069218668065,263.39134382131846,154.2822089548889
08035,139010,1825,243113,97.89274946218426,60.00460691118945,3627.810221056223,2612.1190631362883
08037,98887,4834,40007,92.39633064213763,51.805933961556725,1906.9984268478042,1256.749378356719
08039,124360,5503,19030,96.7157120336311,35.617446137677355,869.12312131251,482.16594653708177
08041,82748,1229,478864,94.80123792976711,40.18071936917371,5632.550665551088,3429.529996952935
08043,56165,3295,38046,89.83861641171214,20.22288808284708,1273.4983313691464,651.2288384277833
08045,82772,3541,41298,89.29972395757663,33.694125623516875,1580.6391112458277,964.5854031655258
08047,95902,18562,4658,94.43967367969086,43.88149420352082,555.436765077718,403.6062437574523
08049,79367,13357,12048,94.66301460823374,37.82370517928287,893.70688707204215,543.6938476753254
08051,76538,9424,11260,98.3214920071048,59.34280639431616,710.2527719058899,544.0937419232094
08053,58712,8376,787,98.47522236340534,44.5997458703939,116.79897259822108,67.02238432046416
08055,49631,5676,5162,92.90972491282449,26.075164664858583,415.8100527885299,236.9092653316877
08057,38686,11308,1076,85.68773234200744,27.509293680297397,160.9409829720199,116.34001891008957
08059,103167,1358,424697,95.22836280924989,49.12937929865292,4590.265025028511,3006.6772357537816
08061,45250,12860,930,91.18279569892474,17.956989247311828,115.54220008291342,42.36744032862972
08063,58992,6334,4798,87.74489370571071,18.049187161317217,317.31372488438,144.1665703275208
08065,78942,10647,5276,94.275966641395,39.23426838514026,666.93552911807,455.408607735954
08067,81936,2984,40389,95.83549976478744,46.96328208175493,1305.0153255805083,822.1569193286645
08069,87199,2139,239134,96.32674567397359,50.8869504127393,3648.7252568534122,2603.31653857152
08071,48965,3893,10599,88.49891499198037,16.548731012359656,532.4753515422099,231.4432975914403
08073,59167,10020,4203,88.7461337140138,22.745657863430882,306.4000652741445,196.6290924558215
08075,54864,4203,15042,91.07166600186146,19.718122590081105,945.2433549092001,384.71028060086985
08077,68077,2075,109465,92.27698351071119,30.03243045722377,2443.0888236001574,1381.4470673898438
08079,58929,9399,685,97.81021897810218,57.66423357664234,108.83933112620639,86.93675862372602
08081,63983,5415,9006,91.30579613590939,20.541860981567844,628.5682142774959,306.3364163791174
08083,61377,5216,18740,91.30736392742796,30.064034151547492,1036.9604621199403,580.3395557774776
08085,62817,4545,31003,89.30426087797954,27.716672580072895,1227.797214526894,628.8513337824768
08087,70471,3883,18881,82.65981674699434,17.732111646628887,833.4836531090457,365.06163863106735
08089,47500,5935,12641,88.03892097144214,18.321335337394192,664.8676560038095,296.97474640110397
08091,78750,14026,4175,97.46107784431138,49.55688622754491,353.52793383267465,257.97868128975307
08093,85019,6450,14180,97.55994358251058,35.48660084626234,1017.1464987896286,583.3669514122307
08095,58474,6683,2966,89.10991233985165,26.264329062710722,290.0517195260183,156.56947339759432
08097,96123,6260,13499,98.1702348322098,63.10837839839988,1173.4589894836547,903.7228557472695
08099,49422,4375,7543,85.48322948429006,18.24207874850855,454.7372867931549,223.76103324752503
08101,59436,1906,115954,90.03570381358125,24.06816496196768,2278.2146518710656,1051.2230971587335
08103,69882,7536,4343,92.24038682938061,23.808427354363342,362.1477598991881,195.64508682816444
08105,57591,5289,8092,90.08897676717746,31.277805239742957,667.7918837482229,410.136562622744
08107,95144,5677,18742,96.9640379895422,50.04268487888166,919.5406461924345,614.3508769424847
08109,51946,5979,4901,88.45133646194654,24.38277902468884,437.2539307999415,243.6000821017924
08111,67344,14111,552,95.65217391304348,41.666666666666664,101.85774393731681,53.70288632839021
08113,72829,6124,6282,98.18529130850048,62.161731932505575,401.84823005707017,316.5296194671203
08115,45855,8133,1718,91.32712456344586,26.484284051222353,164.25589791541734,92.59589623736032
08117,100611,8401,24050,94.23284823284823,52.25779625779626,1505.0747489742828,1076.0562252968011
08119,69655,8094,19324,97.04512523287104,37.96315462637135,1045.1258297449165,680.0272053381394
08121,59087,5105,3370,90.53412462908013,24.480712166172108,210.55878039160467,126.66885963013956
08123,89182,1677,215564,88.3371063813995,30.656324803770573,3402.075542959033,1754.9638172908294
08125,60118,7842,6666,84.83348334833484,24.437443744374438,440.1136216933077,231.57720095035262
09110,88190,1229,675246,91.01438586826134,41.10339046806645,6156.2268476722,3842.355267280734
09120,83147,2305,221540,88.33528933826848,41.72384219554031,3496.8804669304895,2190.40681153068
09130,99742,2524,128960,95.27450372208436,45.26674937965261,2692.151370187048,1795.4300320536024
09140,82939,2047,320582,90.35161050838786,33.26980304571062,4440.564603741285,2920.003424655526
09150,83119,2527,68920,91.28409750435287,25.03192106790482,1995.358614384893,944.7714009219374
09160,87971,2758,82679,93.18690356680656,37.93103448275862,1974.24415916573,1235.2352002756397
09170,83617,1663,395812,91.42598001071215,40.39796671146908,4859.449968875078,3081.693365667649
09180,80330,1765,197755,92.39058430886703,33.812545826907034,3597.4211596642394,1935.597582143561
09190,118930,1895,429296,91.63537512578733,54.235306175692294,4767.295774335803,3361.965942718635
10001,69278,1968,122811,88.88210339464706,26.28184771722403,2746.9457584743095,1606.09121783291
10003,85309,2377,395423,92.4966428356469,38.274202562825124,5168.86051272425,3174.6519494268973
10005,75406,1681,182130,90.10596826442651,31.69988469774337,3021.521140088217,1866.3614333777903
11001,101722,1569,484596,92.69969211466871,62.63609274529711,5545.723217038513,4182.29267268564
12001,57566,1488,169342,93.63654616102326,46.684224823138976,3349.4106944356645,2272.998460184256
12003,67872,8294,18827,85.0640038242949,14.128645031072397,1125.020444258681,555
12005,65999,2086,129413,90.36495560724192,26.632563961889456,2698.5966723465735,1473.7482824417473
12007,54759,7455,20149,82.1331083428458,13.166906546230582,1001.1173757357326,395.08226991349534
12009,71308,1222,455626,92.68391180485749,32.89386470482369,5828.545873543418,3590.7298700960505
12011,70331,780,1382985,89.99895154321992,34.94202757079795,10682.787276736348,6854.230153708
12013,41526,6138,10046,79.30519609794943,11.069082221779812,626.8851569466293,223.0022421411946
12015,62164,1688,157728,91.9405558936904,25.131872590789207,3131.7123111805786,1734.064012659279
12017,52569,2000,123782,90.43237304293031,19.685414680648236,3092.3696415532218,1273.304755351208
12019,82242,2922,151800,92.5243741765481,27.582345191040844,4012.8107356315722,1946.5903523854217
12021,82011,1934,291752,89.5418026268886,38.73495297375853,5200.766097412957,3195.5891475594917
12023,53501,3291,48482,85.77822697083454,16.041004909038406,1531.8351739009,729.3380560480853
12027,45000,2941,25022,73.14363360242986,11.589800975141875,1021.5767225225916,388.73641455361496
12029,45057,6354,12519,80.7652368400032,7.979870596693027,778.8331015050658,256.26158510397147
12031,65579,1206,683191,90.72265296234875,32.24178889944393,7625.095737103896,4333.069466325229
12033,61642,1340,218227,90.76557896135675,28.070312106201342,3868.5251711731175,2159.9624996744733
12035,69251,2857,90826,92.25221852773434,28.370730847995066,2465.206685046915,1309.6980568054607
12037,58107,4380,9704,80.36892003297609,20.95012366034625,555.513276168986,257.2586247339436
12039,45721,2564,30567,80.30555828180718,19.668269702620474,1151.397846098385,541.972324016642
12041,56823,3505,12895,85.98681659557968,14.633578906552927,684.8284456708848,298.2700119019678
12043,37221,7004,9569,73.11108788797158,12.979412686801128,622.0803806583198,267.48084043534783
12045,56250,4603,11873,85.72391139560347,21.401499199865242,714.2051525997275,391.22755526675263
12047,47668,5797,9968,77.07664526484751,9.239566613162118,573.7569171696321,177.57533612526262
12049,44665,7499,16581,77.93860442675351,10.361256860261745,850.7414413322064,338.92329515688357
12051,49259,4850,25602,69.51019451605343,10.483555972189672,1371.2056738505717,520.4344339107473
12053,59202,1456,147268,89.35885596327783,20.002987750224083,2897.7382559506646,1428.1281455107592
12055,53679,2624,79094,86.21260778314411,18.283308468404684,2096.9310909040382,1019.4719221243909
12057,70612,909,1009935,89.30644051349839,36.24510488298752,8922.88546379477,5567.113075912865
12059,46063,3868,14115,82.70634077222813,11.009564293304996,755.8789585641341,313.1325597889814
12061,67543,2000,125938,91.4362622877924,32.72562689577411,3053.523865962079,1728.3882665651256
12063,46144,2375,34854,84.23136512308487,13.877890629482986,1252.7014808005936,554.2986559608457
12065,51573,8150,10826,85.14686864954739,19.536301496397563,626.8971207462992,273.71700714424014
12067,57852,12861,5864,78.51296043656207,8.083219645293315,526.7494660652253,147.03060905811415
12069,66239,1779,287099,90.44441116130673,25.67755373581935,5195.677722876969,2545.3229657550337
12071,69368,834,583335,90.10757112122536,30.1228282204908,6711.254428197459,3662.6883569312854
12073,61317,1523,175063,93.28527444405728,47.51717952965504,3335.1715098327404,2225.3873820079057
12075,49933,3435,31811,87.64263933859357,16.10134859011034,1154.7259415116646,539.2327883205917
12077,51723,7863,5516,81.03698332124728,16.841914430746918,391.854564857933,196.18868468900035
12079,43386,5931,13709,80.17360857830622,12.954993070245823,689.6934101468565,249.26090748450707
12081,71385,1814,306549,90.70230207894986,32.831945300751265,4983.704345163344,2822.992383978391
12083,55265,1592,281911,89.24270425772673,21.988854638520667,4833.997207280948,2490.6752096570117
12085,77894,2073,123856,92.40731171683245,35.09720966283426,3213.276987749422,1628.2819166225486
12086,64215,717,1918837,82.66835588431951,32.536896046928426,11617.515913481677,6912.541211450388
12087,80111,3496,64245,92.22818896412173,36.33278854385555,1819.4304053741655,1032.8315448319731
12089,84085,2786,67839,91.83360603782485,32.00371467739796,2193.390526103366,1284.8980504304611
12091,73988,2524,146005,93.0221567754529,33.27420293825554,3014.4220009812825,1808.309984488279
12093,50476,4129,28352,79.89912528216705,16.834791196388263,1176.464194100271,633.3892957731446
12095,72629,1122,966029,89.44162131778653,37.350949091590415,10355.097778389154,6778.721118323131
12097,64312,1799,261881,87.69784749561823,26.515860257139693,5634.039669721895,2662.778248371426
12099,76066,1097,1099423,88.97903718586932,38.75833050609274,9366.563510701244,5891.192493884409
12101,63187,1384,411953,90.70719232533808,27.113529941522454,5068.57179094861,3002.1125894942716
12103,66406,929,745450,92.50546649674693,35.07344556979006,7013.036432245308,4249.999176470508
12105,60901,1004,509692,86.91170353860763,21.441380284564012,6398.8949045909485,3261.0601037086085
12107,44852,2826,52656,82.44834396839866,13.324217563050745,1756.839776416734,777.0135133960026
12109,100020,3732,198819,95.00751940206922,47.35764690497387,4350.066091451945,2944.762978577393
12111,66154,1598,244780,88.58076640248386,25.021652095759457,4840.088015728639,2524.3989383613675
12113,84715,2928,133200,92.62537537537537,29.9009009009009,3319.3619868884443,1688.3568935506498
12115,77213,1558,352738,94.10837505457309,38.28762424235551,4754.717657232656,2977.0302316234547
12117,79490,1995,334044,93.85799475518195,41.726838380572616,4941.335447022394,3232.093129846354
12119,70105,3601,118708,92.52451393334906,33.69023149240152,3633.6633030593243,2291.7807486755796
12121,49729,5891,31122,84.31013431013432,15.879442195231668,1442.257951962824,626.0495188082169
12123,46239,4776,15853,83.26499716142055,13.9216552072163,961.9256728042973,418.5068697166153
12125,64043,8693,11097,77.93097233486527,10.029737766964045,625.3127217640787,228.87332741060064
12127,63075,1287,414960,91.57846539425486,26.153846153846153,5214.057632976452,2875.4371841513075
12129,72035,4005,24288,88.42226613965744,19.746376811594203,1399.161891991059,658.089659544959
12131,74832,5234,56427,91.89749587963209,33.14725220196006,2023.6795694971079,1144.297164201677
12133,47536,4379,18230,83.06637410861218,12.4026330224904,800.2743279651047,314.5313974788527
13001,43268,6543,12283,78.4336074248962,10.021981600586177,773.5683550921664,284.8824318907714
13003,38007,7563,5468,70.42794440380395,11.356986100950987,374.2058257162761,147.00340132119393
13005,43938,5615,7324,84.66684871654833,10.909339158929546,517.7876012420537,215.11159894343214
13007,45417,11067,2055,85.69343065693431,18.978102189781023,278.1582283521377,140.93970341958294
13009,54699,3336,27849,85.4716506876369,23.451470429817945,1326.6638609685574,766.7352867841678
13011,69096,10306,12937,79.40017005488134,17.121434644817192,727.440031892664,342.05847453322946
13013,75053,4326,55726,87.60363205684959,21.175034992642573,1741.3529222992104,943.1749572587262
13015,74812,2721,73182,87.87406739362139,21.032494329206635,2396.2706441468586,1077.4321324334076
13017,38255,4097,11502,83.74195792036167,12.197878629803512,759.5900209981697,289.17468768894696
13019,48670,6654,12433,81.29976674977881,14.831496822971125,701.8696460169795,290.292955477738
13021,48897,2041,103131,86.5433283881665,25.857404660092502,2527.1778726476696,1356.5002764467097
13023,56021,6452,8151,87.92786161207214,18.562139614771194,615.7913607708377,273.61469258795296
13025,40166,5738,12582,79.58194245747895,10.324272770624702,977.4384891132536,355.71196212666223
13027,42263,4957,11428,82.52537626881345,14.67448372418621,747.6108613443226,356.17832612330585
13029,90627,3371,28192,92.37017593643587,33.90323496027242,1473.5861019974368,870.4929637854633
13031,53675,2647,45038,88.70509347661974,29.628313868289002,1731.7167782290499,885.2920422098009
13033,50321,3155,15584,84.67017453798768,14.65605749486653,966.1614771869141,479.6050458450161
13035,60076,6562,17892,83.7245696400626,13.061703554661301,945.1333239284286,414.0845324326906
13037,48663,5912,4212,76.18708452041786,11.372269705603038,283.62827785677507,119.82069938036582
13039,68104,4423,35521,92.54243968356747,21.660426226739112,1471.6718384205087,726.2416953053577
13043,45519,5629,7318,77.50751571467615,12.230117518447663,510.3518394206099,199.1080108885627
13045,66895,3720,76484,84.5300977982323,21.23189163746666,2359.341433536062,1142.9685035030493
13047,68896,3615,47530,89.4613928045445,23.235851041447507,1859.0029585775274,974.2905110899931
13049,45770,3965,9002,84.09242390579871,12.130637636080872,746.6424847274632,332.47255525832503
13051,66171,1716,202409,91.42429437426202,36.07201260813501,3797.5521062916305,2436.1900582672115
13053,52943,6755,4448,95.95323741007195,30.013489208633093,476.9171835864168,289.1885198274648
13055,43556,3819,17279,73.19289310724,9.473927889345449,746.1501189439026,292.776365166316
13057,100824,2363,183322,92.1744253281112,39.49880538069626,3843.7185120661475,2243.4732001965167
13059,48692,2464,73265,89.86692144953251,47.94786050638095,2112.631297694891,1450.7370540521808
13061,43264,13864,1931,83.22112894873123,16.571724495080268,270.0259246813165,125.86897949852458
13063,56207,2153,185573,85.47148561482543,20.608062595312894,4039.12403869948,2058.0714273319086
13065,53350,15658,4511,73.97472844158723,12.879627577033917,445.5793980874789,167.89282295559866
13067,94244,1802,519750,93.03184223184223,49.6963924963925,6393.509834199052,4457.096588587688
13069,48398,3187,28579,78.28125546730116,12.88708492249554,1348.2143746452193,526.6678270029412
13071,47235,4294,29871,77.69408456362358,14.709919319741555,1127.4435684325845,478.97181545473006
13073,92571,3536,104791,93.20075197297477,37.42974110372074,3275.2967804460104,1905.10629624701
13075,46706,8630,11189,81.94655465189025,16.006792385378496,716.3448890024972,306.2188759694608
13077,90031,2892,100309,90.77350985454945,34.14648735407591,2772.9642983637564,1630.3376950803781
13079,56948,7277,8525,80.99706744868035,11.272727272727273,599.4030363620125,230.4734258000258
13081,47463,9876,13661,82.16821608959813,14.091208549886538,862.9652368432926,382.9242744982355
13083,59531,7802,11294,86.44412962635027,18.31060740216044,759.2061643585357,360.0027777670611
13085,84516,5754,19579,87.99734409316105,35.46146381326932,1082.281386701259,680.1227830325934
13087,47383,5797,19270,82.31447846393358,14.987026466009342,977.957565541573,462.74182866907546
13089,76044,1458,522568,91.11713690849804,46.658233952327734,6069.107595025813,4088.542772186687
13091,46091,5356,14411,86.59357435292485,14.745680383040733,868.7640646343517,327.5316778572723
13093,54109,7737,8557,82.82108215496085,13.04195395582564,627.3085365272817,237.48263094382293
13095,45640,1246,55209,83.89393033744498,23.291492329149232,1796.22158989363,948.287403691518
13097,76930,2793,93905,90.30935519940365,29.861029764123316,2750.555216678989,1567.3270239487354
13099,48355,6313,6854,79.77823168952436,13.991829588561425,432.33551785621313,170.66341142728865
13101,61184,8190,2271,82.38661382650815,13.958608542492295,269.831428858834,116.82037493519698
13103,79474,3492,42691,90.14077908692698,25.187978730880044,1637.6040424962318,861.1178781096116
13105,48190,3308,13921,81.70390058185475,14.065081531499175,855.6821839912293,360.3456673806416
13107,47905,2738,15273,79.13311071826098,11.608721272834414,763.3387190494138,318.97492064424125
13109,55222,4820,6975,79.02508960573476,16.3584229390681,461.70553386330556,201.15168405956734
13111,54857,4506,19858,87.81347567730889,23.20475375163662,1113.819554506025,583.7490899350507
13113,105910,2977,81529,95.307191306161,47.24576531050301,2200.1645393015497,1491.952747241011
13115,57868,3066,65521,84.15317226538056,22.310404297858703,1895.1904917448271,943.9465027214201
13117,131660,2258,165931,93.91011926644208,56.19504492831358,3082.3257452774196,2298.9299684853386
13119,52597,5926,15957,80.87986463620982,16.845271667606692,790.7844206861944,347.9985632154248
13121,86267,1215,730654,93.60230697429974,57.05409126618071,7649.606460465793,5456.1111608910605
13123,70334,5245,23455,85.97314005542528,23.415050095928372,1116.1339525343722,627.378673529791
13125,60469,19682,1987,82.18419728233518,12.934071464519375,205.19990253408992,89.11228871485683
13127,65970,2678,60152,88.15001994946137,30.620760739460035,2054.949147789307,1208.3981132060742
13129,57555,3290,39102,77.85791008132577,16.68201115032479,1617.0235001384488,660.2363213274472
13131,51929,3920,17685,80.93299406276506,15.815662991235511,905.1541305214267,436.44243606688843
13133,77527,9672,14155,88.06075591663723,33.422818791946305,695.6974917304216,398.79694081073393
13135,82296,1577,613696,88.19187350088643,38.90998148920638,7388.154911748941,4501.247604831354
13137,61292,4909,31309,80.71161646810822,22.94228496598422,1120.825142473169,623.4059672476676
13139,74153,2650,135246,81.05082590242965,25.495023882406873,2727.9961510236776,1293.6452373042619
13141,31767,5552,6597,75.09474003334849,9.62558738820676,541.7896270694005,140.99290762304324
13143,65940,5987,20766,84.09900799383608,17.865742078397382,1147.1115900382142,533.2288439310087
13145,85936,6546,24553,93.43053801979391,32.419663584897975,1226.641756993459,684.1929552399673
13147,61765,7872,19076,82.85804151813798,18.25854476829524,992.5840014829979,451.3723518338269
13149,62965,9218,7848,84.072375127421,11.608053007135576,534.4267957353935,198.801408445715
13151,79663,2089,156722,92.46883015785914,27.49071604497135,3794.4910067095957,2181.5833699402824
13153,76968,4298,107796,92.9802590077554,32.00397046272589,3097.971755842845,1870.408244207665
13155,46383,5735,6529,81.74299280134784,16.81727676520141,544.5300726314388,235.25518060183074
13157,82056,4488,52021,87.80108033294246,26.523903808077506,1794.1337742766007,1029.758224050675
13159,57374,9203,10251,89.62052482684616,18.30065359477124,618.641253069984,296.88213149329147
13161,41780,5991,9717,80.58042605742513,11.505608726973346,828.3314553969323,281.62031176745757
13163,46865,4692,10550,80.43601895734596,10.815165876777252,618.6889363807954,220.97511172075465
13165,31463,6072,6607,81.5498713485697,9.051006508248827,712.6773463496647,198.18678058841363
13167,47796,5713,6644,76.24924744130043,9.497290788681518,426.07628424966344,138.42687600318084
13169,66288,4850,19675,91.61880559085134,17.8856416772554,1066.6573957930448,419.32564910818417
13171,64966,10714,12272,89.4393741851369,17.48696219035202,885.1672158411652,382.431693247304
13173,39971,4867,6569,86.81686710305982,18.41985081443142,572.66482343514,280.08927148321834
13175,46776,3392,33167,86.49259806434107,17.0772153043688,1345.6050683614417,573.0811460866603
13177,83632,6587,21270,91.94640338504936,32.637517630465446,1194.054856361298,734.9782309701424
13179,55149,2670,37758,92.19767996186239,20.22088034323852,1461.8265971037742,744.836223608922
13181,50754,7408,5695,87.23441615452151,16.242317822651447,464.7730629027461,165.24829802451825
13183,56819,6077,10800,83.82407407407408,12.962962962962964,811.8035476640885,330.97129784922436
13185,52821,2045,70095,89.64120122690635,26.086026107425635,2172.412253694036,1110.4183896171749
13187,67592,6551,20748,87.56024677077309,32.02718334297282,1101.3936625929896,710.9444422737968
13189,54752,3082,14705,85.53553213192792,18.38150289017341,903.1998671390513,465.7048421478995
13191,51262,5614,8928,82.53808243727599,17.809139784946236,607.6001974983221,262.1163863630048
13193,33960,3999,8627,72.60925002897879,10.061435029558364,477.95501880407113,199.48433522459854
13195,53626,6505,20802,83.1122007499279,19.589462551677723,1186.8803646534893,597.6102408761082
13197,48836,7714,5391,75.90428491930996,12.186978297161936,454.31596934292327,228.97379762758882
13199,52392,3656,14753,82.92550667660815,13.12275469396055,769.0058517332621,343.2244163808863
13201,52132,16877,4072,82.68664047151277,19.67092337917485,351.6191121085428,176.45679357848482
13205,45966,10580,14690,83.45132743362832,12.287270251872021,816.4441193370187,323.484157262763
13207,74867,6076,19809,88.42950174163259,28.557726286031603,1089.0078052980152,576.8795368185632
13209,49138,7974,5719,83.89578597656933,19.583843329253366,386.231795687512,226.6340662830723
13211,81524,9226,14369,89.37295566845292,29.876818150184423,851.0364269524542,546.7595449555499
13213,60617,3413,27036,76.15031809439266,11.351531291611185,1076.9470739084627,500.009999900002
13215,54561,1724,134389,88.5489139736139,28.420480842926132,3112.939607509275,1706.386239982027
13217,70732,2582,73089,89.666023615044665,22.57795290673015,2553.168815413505,1466.8074174887445
13219,116221,10609,27475,95.48316651501365,53.45950864422202,1308.265645807456,977.5597168459838
13221,66672,8253,10536,87.44305239179954,22.66514806378132,628.0812049408897,307.4573141104306
13223,89237,3478,111586,91.00872869356371,26.54454859928665,3288.4689446610255,1772.515162135433
13225,60940,5707,18005,85.99833379616773,22.899194668147736,1070.3854445946097,539.1790055259942
13227,72558,4448,24627,90.05562999959395,24.282291793559914,1238.539058730083,671.8534066297499
13229,54861,4477,13247,86.69887521703028,17.000075488789914,791.9255015467048,350.34411654828745
13231,83866,5816,13056,88.06678921568627,20.151654411764707,674.751065208496,343.56513210743606
13233,51956,4304,28540,82.8906797477225,14.355290819901892,1364.9527464348355,610.1204799054036
13235,42545,10364,7360,80.76086956521739,12.880434782608695,584.1592248693844,222.57358333818505
13237,60825,7500,16260,87.6260762607626,25.596555965559656,1000.4848824445075,559.4363234542426
13239,38889,9557,1690,79.11242603550296,10.946745562130177,235.38479135237264,83.11437902072059
13241,57261,5040,13158,89.19288645690834,28.043775649794803,649.8907600512566,364.1579327709339
13243,24638,4833,4233,81.14812189936215,12.426175289392866,467.92734478762833,210.66798522794107
13245,50605,2478,135577,87.57827655133245,23.555617840784205,3491.545646271863,1745.0309452843524
13247,68999,2772,62583,89.54508412827765,28.12584887269706,2027.8505862119132,1132.6177642964992
13249,53274,8452,3019,85.09440211990726,17.952964557800595,298.662016332844,129.7882891481354
13251,49941,6792,10250,84.92682926829268,15.726829268292683,651.1704845890974,232.63920563825866
13253,46063,6089,6698,87.93669752164826,17.00507614213198,496.2035872502334,236.58613653382145
13255,57367,3966,46186,83.63356861386568,18.317238990170182,1707.4776718891524,790.9829328120803
13257,52901,3887,18319,83.65631311752826,15.994322834215842,1024.2489931652362,430.2859514323004
13259,43094,4315,4182,72.57293161166906,15.805834528933525,434.8712453129087,257.73435937026323
13261,38899,2499,18489,83.73627562334362,22.17534750392125,977.2804101177921,498.4877129879933
13263,48065,8340,4411,83.42779415098617,15.393334844706416,318.5639653193688,149.68967900292927
13265,45881,5287,1300,84.3076923076923,11.461538461538462,209.04305776561918,42.49705872175156
13267,51868,4945,16973,78.2831556000707,13.975136982265951,802.4605909326638,404.7369516117845
13269,40727,7167,5518,73.99420079739036,16.328379847770933,392.2486456318237,208.79894635749483
13271,41801,11551,8699,75.45694907460627,8.04690194275204,554.8089761350298,193.28476401413536
13273,43507,10850,6081,81.8615359315902,12.97483966452886,394.10024105549593,157.3912322843938
13275,55958,3925,31127,86.3237703601375,23.821762457030875,1245.1554119867928,669.2607862410587
13277,52561,5143,26945,83.9190944516608,18.715902764891446,1238.3840276747758,622.7126142933031
13279,47310,5272,17297,82.96236341562121,16.367000057813495,968.2690741730834,408.2474739664656
13281,55574,3494,9554,92.23361942641826,31.98660247016956,585.0871729921961,330.6055050963308
13283,38641,11460,4336,73.57011070110701,13.699261992619926,402.512111619017,224.7020249129945
13285,53599,1882,46260,88.25118893212279,20.309122351923907,1688.8078635534594,868.7496762589325
13287,39666,5926,6043,79.5465828231011,10.508025814992553,553.0117539438019,189.64967703637146
13289,50446,7325,6030,79.30348258706468,10.64676616915423,469.81804988740055,192.3200457570661
13291,59783,6936,19586,88.16501582763198,25.487593178801184,952.2126863259069,540.3239768879408
13293,48740,5263,19052,84.41633424312408,15.373714045769473,1047.9322497184635,409.7670069685943
13295,52276,2554,47811,85.03482462194893,19.669113802263077,1730.7197924563063,947.7373053752817
13297,79425,3517,65681,87.05713981212223,24.277949483107747,1817.6520569129837,1052.5288594618203
13299,44138,3499,24173,81.59103131593099,15.136722789889546,1112.0224817871265,579.4117706778143
13301,45091,7507,3692,72.0747562296858,11.05092091007584,303.37765243999104,98.82307422864359
13303,43810,6143,14066,84.19593345656192,17.424996445329164,650.0369220282798,346.42892488936315
13305,49847,6009,20263,85.46612051522479,14.124265903370675,1011.8794394590692,437.693957006491
13307,35000,14998,1709,81.15857226448216,9.303686366296079,244.26215425235242,88.32326986700618
13309,36354,12745,4792,76.48163606010017,12.75041736227045,673.9918397132119,446.24880952222156
13311,66256,6214,19922,85.6239333400261,23.12518823411304,1124.0516002390636,559.8294383113486
13313,59659,3701,66792,74.27685950413223,18.57707509881423,1993.812679265532,1001.913169890485
13315,46759,4699,6487,80.43779867427162,13.627254509018035,356.5248939415031,155.9967948388684
13317,51780,5497,7015,82.62295081967213,15.63791874554526,485.8188962977871,222.67015965324137
13319,40757,6538,6122,89.38255472067952,12.054884024828487,382.43561549625576,141.27278577277366
13321,56496,5496,14450,85.45328719723183,9.508650519031141,824.8696866778413,279.97678475187905
15001,74238,2166,145052,92.9011664782285,30.66348619805311,2807.2800002849735,1594.4669955819093
15003,99816,1259,706586,92.70690333519204,36.6381445429148,5729.113543996139,3567.2949135164026
15005,87813,11404,50,92,34,30.983866769659336,18.973665961010276
15007,88869,4471,52686,92.50275215427249,30.37049690619899,1501.825555782029,885.3168924176247
15009,95379,3268,118155,92.54369260716855,30.13583851720198,2541.5656591951347,1435.4462720701183
16001,83881,1783,340007,95.30244965544827,42.760296111550645,5020.514017508566,3186.078310399793
16003,55891,3343,3489,94.03840642017771,21.29550014330754,338.1730326327042,140.26047197981333
16005,60998,3324,55903,93.37960395685384,29.510044183675294,1608.7078665811266,897.7315857203644
16007,63244,8097,4244,93.0961357210179,20.782280867106504,278.36127604248406,126.78327965469263
16009,54191,4628,6892,85.14219384793964,18.601276842716192,387.6764114567715,176.15334229017625
16011,69433,4024,29380,88.41729067392784,19.850238257317905,1222.810696714745,594.4711935830028
16013,81794,6032,17446,91.82047460735986,44.52596583744125,1239.2998023077387,844.1504605222934
16015,70776,9390,6136,95.4367666232073,27.086049543676662,419.33518812520373,233.69210512980536
16017,61816,3128,35969,91.28694153298675,27.16505880063388,1353.9246655556578,729.8862925141149
16019,73103,1869,75960,91.9681411269089,31.878620326487624,1931.5234919617208,1066.6438018382707
16021,58810,3075,8561,86.87069267608925,18.152085036794766,681.6898121579932,286.75773747189453
16023,37358,13043,1873,90.38974906567005,16.23064602242392,194.98717906570164,79.47955712005447
16025,63750,26584,733,87.17598908594816,27.012278308321964,124.21352583354198,75.71657678474378
16027,68473,1410,147654,86.97630948027144,21.59643490863776,3388.9336080838175,1703.320286968954
16029,65380,5491,4501,90.42435014441236,15.66318595867585,338.54098717880527,138.18465906170627
16031,63525,2164,14855,85.6950521709862,20.491417031302593,695.9331864482394,343.8677071200493
16033,53500,11197,498,61.64658634538153,15.261044176706827,72.40165743959182,46.74398357008097
16035,55885,4354,7082,91.75374188082462,18.102231008189776,386.66393677197254,205.0048779907444
16037,60357,10589,3457,91.29302863754701,28.782181081862888,438.5247997548143,265.95300336713626
16039,55000,3487,18203,88.01296489589627,20.853705433170358,950.0447357887944,517.2600893167769
16041,61679,6758,8542,92.09786935143994,17.209084523530787,553.0858884477166,243.5118066952812
16043,67015,4310,9060,89.83443708609272,21.379690949227374,522.9034327674661,258.4743701027241
16045,65204,3694,13550,90.16236162361623,22.45018450184502,827.6672036513227,449.9544421383125
16047,60938,7950,10051,78.99711471495374,15.799422942990747,590.4625305639639,266.8538926079213
16049,54745,4981,12470,92.24538893344025,21.459502806736168,645.1371947113265,342.37114364385326
16051,77491,5448,18071,92.56266947042222,26.772176415250954,857.3056631097219,444.4029702871033
16053,67347,3416,15020,75.29294274300932,13.102529960053262,736.9023001728248,301.302173905201
16055,71949,2241,121326,93.55290704383232,26.727164828643488,2931.9232595687085,1603.439428229205
16057,62258,3753,23242,96.91506755012477,44.320626452112556,923.5707877580364,653.8631355260824
16059,49216,6337,6015,91.68744804655029,22.177888611803823,472.6975777386637,217.18425357285918
16061,46484,4687,2619,89.91981672394043,18.51851851851852,146.4308710620817,63.66317616958802
16063,62250,4106,3410,81.55425219941348,11.20234604105572,226.66495097389893,74.2630459919333
16065,53025,5462,17543,97.4063729122727,39.052613578065326,973.0518999518988,612.3079290683733
16067,63594,2760,13452,81.32619684805233,15.915848944394886,797.0614781809494,339.7131142596647
16069,65023,5700,29485,92.972697982024755,25.66728845175513,1187.9566490406962,611.9616001024901
16071,67383,9527,2926,93.40396445659603,23.78673957621326,292.69096330430153,153.68148880070103
16073,58440,4003,8004,76.07446276861569,13.918040979510245,380.1867961936606,189.01587234938762
16075,62721,5084,17063,85.9051749399285,20.154720740784153,914.6573128773421,389.6896200824446
16077,56671,9484,4837,84.28778168286128,14.678519743642754,441.5937046652726,175.231275747225
16079,44807,2646,9706,88.05893261899855,11.642283123840922,486.99691990812426,177.49084483431815
16081,88906,10259,8147,93.40861666871241,47.08481649687001,620.3829462517486,406.7259519627436
16083,61183,3468,58172,87.3959980746751,23.59382520800385,2027.2185378000074,1063.4232459373832
16085,72878,11145,9282,92.77095453566042,36.403792286145226,867.9049487127032,499.92199391505073
16087,50046,6839,7460,90.21447721179625,17.4798927613941,508.3896143707108,227.09029041330675
17001,63767,2375,45657,93.34603675230524,26.92467748647524,1435.5086206637702,808.1571629330523
17003,40365,8008,3759,86.37935621175845,10.348496940675712,282.10990766011747,110.52149112276761
17005,58617,5412,11499,88.9207757196278,21.062701104443864,661.0052949863564,355.83423106834454
17007,80502,3759,35284,86.61999773268337,24.005214828250764,1444.8294016941932,774.8561156756782
17009,64760,7747,4604,80.2997393570808,14.031277150304083,321.4187300080691,124.25377257854186
17011,64165,3293,23667,90.30295347952845,21.456035830481262,661.0143720071447,329.32354911241924
17013,88059,7593,3272,92.02322738386309,19.529339853300733,293.0528962491243,121.88108959145384
17015,61539,3437,11436,88.37880377754459,18.677859391395593,489.9704072696636,229.65408770583642
17017,64826,5585,8733,86.16741096988434,19.237375472346272,446.50979832474,253.11854930052044
17019,61090,1625,120366,94.67125267932805,45.62334878620209,2685.8622451644833,1750.1694203704965
17021,56933,2958,24101,90.43608149039459,17.186008879299614,855.1093497325356,457.18923871849825
17023,65874,3693,10749,92.22253232858871,24.420876360591684,612.258115503584,311.4145147548521
17025,58028,5553,9254,88.12405446293495,15.009725524097687,567.9991197176278,235.84104816592043
17027,78054,3586,26316,92.00106399148807,23.605411156710748,841.7060056813186,505.3731294795955
17029,53732,4076,30496,91.94976390346275,26.977308499475342,1182.80640850479,672.2707787789084
17031,78304,571,3639978,88.20836279779714,41.283601164622425,15730.741781619836,9656.327562795288
17033,64163,5977,13584,88.64840989399293,18.91931684334511,582.3589958092861,285.9125740501806
17035,71274,7545,7407,93.41163764007021,17.739975698663425,419.48778289718996,177.33302004984859
17037,68617,2335,59829,93.03515017800733,34.06541977970549,1751.636948685429,1100.7969840074963
17039,61823,5887,11080,94.16967509025271,21.489169675090253,537.2969383869594,266.31184727683444
17041,67177,5379,13255,84.76046774801962,19.87174651075066,545.8534601887213,295.7752525144725
17043,107035,1258,642881,93.49117488306545,51.06481603904922,5960.030117373569,4110.260940621653
17045,56687,6375,12383,87.9431478640071,18.791892110151014,644.5804837256554,287.53434577455266
17047,60784,4934,4338,91.07883817427386,13.900414937759336,262.40045731667465,106.91585476438937
17049,73181,3811,23734,93.51141821858937,25.94590039605629,810.9420447849526,459.07515724552115
17051,51962,3591,15207,86.6048530282107,14.822121391464457,645.8955023840931,326.04600902326655
17053,58930,4209,9337,91.73181964228338,19.770804326871588,453.75323690305504,235.4124040912033
17055,51031,2871,26692,89.94455267495879,17.656975872920725,911.4433608294045,444.44234721727406
17057,57223,2626,24468,89.92970410331861,17.688409350989048,768.4477861247308,390.56497538821884
17059,51868,5442,3676,87.24156692056583,12.404787812840043,253.86807597648036,99.7897790357309
17061,58900,2560,8500,90.38823529411765,15.447058823529412,364.12360538696197,180.52977593737828
17063,89993,3106,35053,93.98339657090692,25.68681710552592,1260.2289474535967,691.5215108729445
17065,60574,6428,5698,86.32853632853633,17.163917163917162,465.09891421073,217.168137626126
17067,61026,3737,12666,94.4339175746092,24.561819043107533,516.371958959818,276.6514052015641
17069,53026,11006,2986,87.30743469524448,12.02277294038848,284.3677196870278,96.66954018717581
17071,64946,5130,4772,93.0008382229673,20.704107292539817,301.1378421919105,164.06096427852665
17073,66313,3529,34814,92.45418509794911,24.662492100878957,1079.0518986591887,568.5402360431493
17075,62866,3233,19152,88.72702589807852,17.64828738512949,544.1672537005511,250.12596826399295
17077,44847,2947,32045,91.84272117334997,35.22234357934155,1092.7799412507534,620.6174344956803
17079,67429,5702,6488,93.31072749691738,21.377928483353884,425.23287737426887,229.3011120775475
17081,58384,2185,25881,90.61473667941733,18.140720992233685,816.3142777141657,339.1843156751208
17083,77607,7437,15046,93.34706898843547,21.786521334573973,856.6568741333954,396.6522406340345
17085,67729,4200,16549,93.54039519004169,27.856668076620945,707.3683623120277,397.88189202324855
17087,63295,3462,9522,84.63558076034447,16.645662675908422,485.8106627071909,178.65889286570652
17089,96400,1741,341945,86.50163037915455,36.34327157876267,4590.2853941775775,2908.962873602893
17091,65489,2802,71934,89.92826757861373,20.3200155698279,1748.7275373825391,853.8910937584488
17093,106358,3259,84909,93.39292654488924,35.770059710984704,3043.8615277308527,1926.2133838181064
17095,50263,3338,34854,88.76456073908304,20.407987605439835,1050.035237503961,471.66195521792935
17097,104553,1459,470203,90.79780435258813,46.948658345438034,4990.934281274399,3251.376785301882
17099,67942,2145,77499,91.08246558020103,18.40926979702964,1636.9688451525276,784.7050401265434
17101,55811,6777,11072,85.15173410404624,14.116690751445086,595.4225390426533,245.3915238959977
17103,64588,2939,25055,90.02993414488127,18.894432249052084,873.2445247466485,449.8288563442768
17105,68175,3105,25201,90.51624935518431,18.661957858815125,842.3817424422256,416.24992492491816
17107,62547,2975,19761,91.51864784170841,20.176104448155456,774.0936635834194,360.50797494646355
17109,48904,3294,16716,94.41852117731514,31.179708064130175,716.3714120482475,432.60836792646535
17111,100101,2306,213347,93.8925787566734,35.31242529775436,3148.079096846202,1844.125809157282
17113,75356,2591,105439,95.88008232248029,45.98298542285113,2132.707903112848,1424.3745996050336
17115,59622,2177,71303,92.37619735495001,23.875573257787188,1786.1668455102395,922.5210024709464
17117,64706,2828,32052,90.97404218145513,19.30612754274304,1092.881512333336,497.98795166148346
17119,71759,1511,184674,93.3406976618257,29.356054452711263,3085.743994565978,1810.8735461097222
17121,59099,2310,25988,89.97229490534093,16.707711251346776,767.4679146387815,342.28496899513425
17123,64940,3707,8535,92.02108963093146,17.43409490333919,365.32998781923175,162.3607095328177
17125,58479,3099,9456,91.32825719120136,17.32233502538071,432.10878259993746,188.57624452724684
17127,57365,5415,10115,87.66188828472565,14.730598121601583,612.2213651939958,224.03794321498313
17129,84846,5481,8663,95.01327484705068,25.86863673092462,487.08110207644063,267.6004484301175
17131,67028,3167,11231,92.43166236310213,17.879084676342266,469.62964131323736,230.36275740666068
17133,100685,4771,24746,95.68415097389477,37.864705406934455,1015.3009406082514,639.5138778791278
17135,61796,3756,20588,89.72216825335147,18.19020788809015,748.2613179899118,342.1943892000569
17137,61188,3522,23217,89.63259680406598,22.440453116251025,995.7359087629611,568.2781009329851
17139,72833,9402,9759,86.39204836561123,20.73982990060457,518.8390887356118,276.40911707105465
17141,75782,3204,35975,91.28839471855456,23.40236275191105,1201.2576742730928,570.4506990091256
17143,63409,1483,121844,92.85643938150422,33.70539378221332,2436.5906508890657,1384.6382198971687
17145,56338,3421,15183,84.49581769083844,10.946453270104723,683.251051956746,282.70302439132126
17147,81151,8695,11840,93.85135135135135,30.8277027027027,633.2724532142544,390.1512527213004
17149,55514,3704,10348,91.04174719752609,18.061461151913413,457.43961350106093,218.40329667841556
17151,57582,11811,2901,88.1764908652189,15.442950706652878,283.4148902227969,119.42780245822159
17153,41038,4450,3627,88.08933002481389,14.502343534601598,303.29523570277195,131.55227098001768
17155,75726,7538,4134,93.6381228834059,23.488147073052733,242.3778042643344,137.89126150702953
17157,63860,3316,21938,86.03792506153705,13.738718205852859,742.0613182210753,315.0142853903613
17159,61607,6034,10930,92.06770356816102,18.86550777676121,624.3828953454763,309.72729941030383
17161,64435,1977,98788,89.59084099283314,24.06162691824918,1988.4031281407701,1067.2263115197263
17163,68915,1832,175247,92.23096543735413,30.3788367275902,3374.2796268240722,1856.1470846891418
17165,51710,2597,17219,88.18165979441315,20.216040420465763,756.799180760656,354.1186241925155
17167,71653,1845,136783,93.2001783847408,34.57008546383688,2623.9605561059793,1513.277238314249
17169,63737,6745,5271,91.67140959969645,16.922785050275092,476.9161351852126,194.3527720409462
17171,70500,6880,3462,92.74985557481224,22.0103986135182,223.5218110162854,138.1086528788113
17173,65585,3146,15077,93.88472507793328,18.279498573986867,598.4304470863761,278.63057980056675
17175,58125,5401,3848,90.93035343035343,18.97089397089397,220.90043005843154,110.51696702316798
17177,57527,2369,31630,91.81473284856149,20.275055327220993,1156.75883398399,548.1651211085945
17179,74606,1890,92232,93.66922543152052,27.50455373406193,2134.6081607639376,1149.1636088912667
17181,54090,5368,12380,87.98869143780291,21.72859450726979,644.4990302552828,301.33536135010775
17183,52787,1819,50638,90.55649907184328,15.618705320115328,1271.6296630701881,581.6072558006821
17185,54074,5882,8048,93.04174950298211,18.476640159045726,470.30522004332465,228.39439572809135
17187,62700,7148,10936,87.5,21.07717629846379,523.6277303581238,247.02226620286683
17189,75111,4845,9907,92.53053396588271,23.054405975572827,440.6733484112694,204.5629487468344
17191,53522,3908,11318,89.28255875596395,15.806679625375509,525.7832252934663,220.17038856303998
17193,54605,5361,9985,88.47270906359539,15.99399098647972,535.4512115963507,223.6828111411335
17195,62828,3966,39020,90.77139928241927,19.313172731932344,1186.5079013643356,558.4612788725822
17197,103678,1442,463903,91.59910584755865,36.0775851848339,4755.518899131829,3014.44157349251
17199,60325,3173,47967,92.74292742927429,27.112389767965475,1487.0332881277407,848.4703884049225
17201,61738,1336,193727,88.53954275862425,24.140155992711392,2947.5771406360172,1677.4587923403662
17203,80093,4024,25834,94.2246651699311,35.39521560733917,975.025127881328,655.4517526103657
18001,61731,3337,21481,86.69987430752758,15.390344956007635,866.7237160710441,407.9448492137142
18003,66222,1399,251806,90.1114349936062,30.484579398425772,3611.9215107751165,2169.556867196617
18005,76912,3813,56069,91.82257575487345,34.80889618149067,1683.1449729598457,1082.4296743899808
18007,58620,4193,5877,88.56559469116897,18.68300153139357,309.77088307328046,157.2800050864699
18009,51108,5985,8474,90.39414680198253,14.774604673117771,537.9451644916979,211.14686831681877
18011,103038,3101,47456,94.99536412677006,49.498482805124745,1590.506523092565,1158.8213839932364
18013,73933,9438,11918,92.88471220003356,27.504614868266486,680.7231448981296,343.72954484594425
18015,61464,3901,14274,90.3180608098641,16.64564943253468,672.0044642708856,279.1719899989969
18017,55862,2818,26047,85.72196414174377,15.406764694590548,960.5435960954609,414.81562169233695
18019,69005,2053,84734,90.52446479571364,24.599334387613002,2320.3743232504535,1147.5094770850478
18021,68364,4437,18327,91.44977355813826,16.942216402029793,831.7295233427752,378.4824962927612
18023,59515,2762,21391,86.96648123042401,16.324622504791733,818.784464923462,429.95116001704196
18025,46706,3547,7507,85.65339016917544,12.228586652457706,442.32680226276136,153.8538267317391
18027,64113,4054,20803,77.04657982021824,15.137239821179637,824.69933915336685,360.29709962751576
18029,80352,3326,35409,91.12090146572905,24.74229715609026,1481.9841429650994,845.324198163048
18031,71566,3961,17908,91.15479115479116,20.454545454545453,875.816190761509,454.6603127610766
18033,68110,4173,29344,91.354280261723,18.961286804798256,1089.3589858260682,461.2819094653507
18035,53377,2357,69984,90.66786694101509,25.468678555098307,1830.2964240799904,1058.3487137990012
18037,68945,3904,29469,89.8842851810377,23.92683837252706,1137.5970288287501,592.5014767914085
18039,63978,2412,131038,82.17311009020284,20.035409575848227,2650.4473207366336,1237.0185932313225
18041,52219,4087,16326,85.21376944750705,15.423251255665809,901.2025299565021,379.7959978725421
18043,75686,2658,55456,92.37413444893248,31.295080784766302,1503.4603420110554,838.4104006988463
18045,60559,5217,11606,88.87644321902464,13.493020851283818,540.9833638846947,211.0473880435387
18047,75985,4420,15813,89.53392778093973,20.68551192057168,894.9508366385273,463.7822765048272
18049,62644,4485,13974,87.31930728495777,17.804494060397882,774.9522565939143,355.10984216154867
18051,64153,5296,22417,90.6142659588705,17.964045144310123,813.2404318527209,402.3804170185224
18053,53033,2844,44085,88.58341839627991,18.43030509243507,1266.2223343473295,664.2243596857917
18055,57771,3435,21948,88.26772371058867,16.124476034262802,790.5826964967042,374.4676220983598
18057,114866,2326,230317,97.15956703152611,60.77449775743866,4506.173099205133,3292.1653968171163
18059,85262,2632,55513,93.32588762992452,32.824743753715346,1866.6861010893074,1142.6666180474513
18061,71302,4389,28044,90.21894166310084,20.64612751390672,1180.2512444390813,629.8031438473454
18063,95261,3124,118031,93.4771373622184,39.229524446967325,2856.680241119051,1824.9087648427796
18065,57632,2808,34936,91.12949393176093,17.0626288069613,1034.4993958432262,464.0323264601293
18067,62014,3730,57679,91.29319162953588,19.837375821356126,1755.9441904570886,732.3612496575716
18069,59894,2463,25375,92.57142857142857,21.923152709359606,903.5629474474924,466.28210345240575
18071,65609,2777,31506,90.03364438519647,18.561543832920712,1206.394628635257,594.1834733480897
18073,77777,3886,22772,92.90795714034779,19.010187950114176,1018.9700682551966,529.4015489210435
18075,52231,2952,13590,87.49816041206769,12.943340691685062,613.4769759330826,253.79322291976197
18077,57801,4168,23144,87.85430349118562,17.97874179052886,1170.3990772381871,511.2973694436536
18079,66892,4481,19022,88.81295342235306,14.141520344863842,889.9134789405091,364.89587555904217
18081,82730,1759,108217,92.55569827291461,32.43575408669618,2863.481622081762,1743.6358564792133
18083,58173,3492,24166,89.06314656956054,18.108085740296286,1018.3216584164358,481.21201148766016
18085,70945,3073,54022,87.8197771278368,24.127207434008366,1426.5938454935238,750.9047875729652
18087,81658,3267,23540,60.58198810535259,11.227697536108751,780.7003266298791,371.5238888685356
18089,66375,1228,338457,90.21323240470724,24.451259687345807,4038.204427712891,1897.9349303914505
18091,66854,2323,78906,89.8816313081388,21.084581654120093,1872.6887087821083,960.4306325810313
18093,64210,3797,31977,89.1328142102136,18.998029833943146,1289.8030857460374,663.5706443175436
18095,60060,1773,91235,89.91286238833781,19.43333150654902,1948.0444040113664,822.2256381310425
18097,59504,858,638893,87.34122928252462,33.214638444935225,6328.566820378845,3880.0238401329443
18099,66016,4130,30949,85.77336909108533,20.03295744612104,990.5750854932704,470.4922953673099
18101,65489,7170,6871,88.79347984281765,14.073642846747198,438.953300477397,165.99397579430405
18103,59551,2079,25196,86.79155421495476,15.526274011747896,959.1480594777847,404.6652937922895
18105,60308,2451,82493,94.65894075860982,48.202877819936234,2136.359052219453,1500.1079961122798
18107,62937,5863,25900,89.15057915057915,20.841698841698843,942.3083359495447,484.94845086874955
18109,79134,2859,50065,89.51762708478978,20.285628682712474,1504.4430863279608,748.9499315708628
18111,63673,7482,9886,87.00182075662553,13.412907141412099,671.0201189234194,239.8374449496992
18113,70286,3007,31895,83.17604640225741,17.730051732246434,1066.7581731582843,541.798855665089
18115,66333,11379,4392,92.69125683060109,15.664845173041895,322.95355703258633,147.03060905811415
18117,60775,3798,13737,85.30246778772658,13.947732401543277,629.1629359712792,264.5316616210619
18119,57947,4259,15452,86.35775304167746,15.298990421951851,711.6024170841467,346.7232325645341
18121,63393,5494,11469,85.29078385212311,15.066701543290609,607.6602669255248,303.4699326127714
18123,58936,3695,13667,91.19777566400819,16.16302041413624,580.1879005977288,298.46105273552865
18125,64182,5022,8607,90.42639711862438,14.116416869989543,488.0655693654286,208.25465180878913
18127,82915,2191,120140,93.94040286332611,29.910104877642752,2466.657049530802,1421.6209058676648
18129,75594,5126,17929,93.7308271515422,25.478275419711082,839.006555397513,435.88415892298724
18131,56823,2098,8696,88.08647654093836,14.0524379024839,503.62684598817805,215.06743128609688
18133,70609,4404,24842,90.87030029788262,19.430802672892682,1020.8550337829558,470.3892005563053
18135,59674,3436,17048,89.88737681839513,15.127874237447207,708.1744135451379,289.40283343464347
18137,70285,4105,19738,90.56135373391427,18.998885398723274,828.3598251967559,361.9184991127146
18139,62386,3768,11642,89.41762583748496,15.658821508331902,571.8408869606999,299.64979559479093
18141,61877,1554,177621,90.86819689113337,31.957369905585487,2892.9681989264936,1766.8930358117325
18143,49343,2719,16991,81.91395444647166,11.523747866517569,802.9800744725861,358.7603657039055
18145,66449,3018,31447,89.12773873501447,19.623493496994943,1082.9547543641886,566.8200772732032
18147,66168,4490,14156,92.53320146934162,19.913817462560043,576.2976661413787,278.53366044340135
18149,59916,3847,16188,85.10007412898443,13.114652829256238,658.6896082374459,254.84701293128785
18151,68837,3230,23736,92.74519716885743,24.427030670711154,983.6320450249676,522.1924932436314
18153,54556,3830,14972,88.85252471279722,13.839166444028853,692.1336576124586,276.4489102890442
18155,66525,7924,6753,83.1334221827336,10.824818599141123,369.16256581619973,153.7237782517721
18157,55728,1577,103685,92.02198968028162,39.07026088633843,2386.939672467656,1496.2369464760586
18159,71947,7887,10978,90.7542357442157,24.795044634723993,689.9659411884039,325.3013987058771
18161,68514,8202,5038,88.7852322350139,19.908693926161174,374.91599058989203,206.64704207900002
18163,58839,1279,123502,91.21795598451847,27.05705170766465,2607.279424994567,1294.2179105544785
18165,59567,5283,10900,92.5045871559633,17.853211009174313,589.4921543158993,275.29438788322585
18167,52789,2521,68381,90.46518769833726,25.606528129158683,1767.3743236790558,932.7025249242118
18169,66194,5189,21621,91.4481291337126,21.687248508394617,851.2161887558295,454.58002595802645
18171,72833,5691,6046,92.59014224280516,19.20277869665895,355.5784020437687,169.47861221994944
18173,91105,4766,44259,94.92306649495018,34.48790076594591,1571.0541047335066,934.9898395169864
18175,60695,6274,19598,87.49872435962854,14.134095315848556,845.7038488738242,354.9929576766277
18177,54854,2833,45558,88.04381228324334,19.017516133280655,1433.429454141361,675.1488724718423
18179,68074,3789,18997,93.29894193820077,19.113544243827974,736.9545440527522,376.9748002187945
18181,65345,3144,16992,90.33662900188324,18.285075329566855,722.950897364406,318.55611750522075
18183,73636,3545,23775,91.83596214511041,22.763406940063092,981.8115908869685,485.78596109809513
19001,63172,4508,5285,95.70482497634815,19.01608325449385,287.5430402565849,152.0328911781921
19003,64750,10683,2644,94.02420574886536,21.444780635400907,195.70641277178424,87.84645695758026
19005,64049,2577,9729,91.69493267550622,18.449994860725667,513.1939204628208,220.59918404200863
19007,50684,4665,8720,91.94954128440367,18.78440366972477,480.55904944137717,217.61433776293325
19009,54973,6341,4054,90.52787370498274,21.68228909718796,252.25978672788892,133.48782716038193
19011,79444,4092,17867,94.42547713662059,23.322326076006046,649.9707685734797,312.61797773000836
19013,62329,2004,82951,92.90062808163856,29.97311665923256,1804.1928943436176,1101.9637017615416
19015,75759,5710,19033,95.17679819261284,26.385751063941576,770.4180683239458,436.3278583817449
19017,84727,3606,16513,96.10609822564041,34.009568218978984,631.5140536836849,385.3933055983199
19019,73493,4553,13831,93.62302075048804,21.111994794302653,527.6959351747936,268.24056367372924
19021,62662,5799,13055,79.34124856376867,21.631558789735735,562.9422705748788,260.22874552977424
19023,65743,3053,10159,93.54267152278767,19.362141943104636,418.4793901735186,188.02925304324324
19025,65614,2696,7078,93.91070923989828,21.404351511726475,328.1767816284388,167.11074172536007
19027,68041,2371,14088,94.6550255536627,22.125212947189098,630.9112457390501,350.2770332179945
19029,60815,6215,9380,91.24733475479744,20.85287846481876,522.9196879062788,271.6578730683136
19031,76959,3151,13224,95.56110102843316,20.89382940108893,536.3469026665484,248.83126813163975
19033,63149,2092,30790,93.73822669697954,23.962325430334523,1151.6323197965573,540.3360065736874
19035,63638,5340,8270,93.18016928657799,21.717049576783555,468.9264334626488,221.97522384266222
19037,72734,3943,8212,93.64344861178763,18.619094008767657,412.67299402795913,224.45935044011867
19039,63120,4981,6309,84.48248533840545,15.24805832937074,502.18024652508984,207.23175432351096
19041,61756,6929,11256,95.48685145700071,26.021677327647478,653.1316865686429,339.09585665413255
19043,60441,4036,12308,90.72148196295093,17.16769580760481,471.85061195255435,216.12727731593714
19045,61080,2438,32458,92.0266190153429,21.60946453878859,1140.7528216051012,571.4595348753926
19047,61188,4191,10648,82.53193087903831,16.115702479338843,603.6919744372952,232.76597689524988
19049,99533,3165,65734,96.2713359905072,51.530410442084765,1951.9367305320118,1415.9364392514235
19051,77176,7129,5698,79.15057915057915,18.954018954018952,337.82687874116823,175.7412871239994
19053,56068,4173,4761,89.07792480571308,24.868725057760976,256.25182926176353,144.86545481929085
19055,75896,3205,12042,92.11924929413719,18.526822786912472,658.8118092444913,335.80500294069475
19057,58084,3015,27152,92.93974661166764,23.342663523865646,1003.5581697141427,488.70952517830057
19059,72446,4086,13171,96.53784830309013,32.70822261028016,592.4651888507881,327.8521008015657
19061,73495,2421,66284,94.00156900609498,32.030354233299136,1476.6123391059687,888.9066317673639
19063,64461,5222,6678,87.256663671758,15.19916142557652,401.7026263294777,170.71028088548152
19065,56043,2534,13601,92.89022865965738,17.167855304757005,529.7386147903511,215.9374909551373
19067,62356,5573,10875,93.18620689655172,18.20689655172414,627.7300375161284,312.7203223329114
19069,62214,3387,6948,92.40069084628671,18.537708693149106,391.73332766054,189.83940581449363
19071,69375,4700,4738,94.91346559729844,19.164204305614184,235.53343711668626,113.60457737256893
19073,56884,2866,6218,93.16500482470248,19.700868446445803,380.7269362679767,184.0326058066885
19075,80701,2848,8580,95.85081585081585,26.14219114219114,358.0628436461957,201.17156856772777
19077,75795,5275,7603,94.25226884124687,21.649348941207418,368.2023899976751,178.4096409950987
19079,66685,4258,10592,92.62651057401813,22.516993957703928,548.277302101774,301.37352239372325
19081,67865,3153,7683,91.33151112846544,20.187426786411557,414.46833413422553,180.8037610228283
19083,64656,4778,12328,93.37280986372485,20.81440622972096,516.5423506354537,259.80954562910114
19085,75830,3022,10166,93.07495573480229,20.598072004721622,407.49233121618374,194.21379971567416
19087,62365,3449,13931,91.14205728232001,22.805254468451654,643.6039154635404,385.173986660574
19089,63947,6909,6381,92.03886538160162,19.197617928224417,366.705603993176,201.16908311169487
19091,66617,3948,6652,94.15213469633193,18.355381840048107,396.1060464067672,212.1343913654738
19093,63125,8438,4740,93.0379746835443,19.70464135021097,284.3132075722125,143.95138068111746
19095,69787,4877,11550,93.67965367965368,22.761904761904763,594.9394927217389,322.35849608781837
19097,69709,5054,13787,93.97983607746428,18.401392616232684,602.983416024023,273.4611489773273
19099,67784,3012,26686,94.1917110095181,19.66948962002548,927.1655731313582,416.94244207084506
19101,52210,5023,12023,93.32113449222324,39.49097563004242,711.4843638478642,478.42658788992907
19103,72977,2901,90653,96.04646288594972,54.127276538007564,2226.137237458643,1580.8016953432204
19105,68781,4469,14978,94.26492188543196,22.466283883028442,683.1398099949965,361.1066324508593
19107,60016,3203,6987,93.47359381708888,16.35895234006011,286.6391459657944,126.62148316932637
19109,62553,4310,10439,93.73503209119647,19.90612127598429,473.6623269798855,239.71024175032656
19111,58094,3250,23857,94.08559332690615,20.342037976275307,869.6229067820143,484.03512269255833
19113,75457,1426,155869,94.9951561888509,34.59186881291341,3042.3582957962067,1775.8645781703062
19115,72500,7373,7582,86.07227644420998,14.428910577683988,362.13395311679903,150.12994371543607
19117,63405,7681,6066,92.36729310913287,14.886251236399604,341.04398543296435,143.60362112425994
19119,73735,4042,7724,94.71776281719316,19.432936302433973,378.55514789789873,179.46308812677887
19121,88110,4806,11322,96.996996996997,25.80816110227875,623.6112571145585,321.37517016720506
19123,65200,3944,14716,93.19787985865725,22.383799945637403,639.6264534867206,313.8088590209014
19125,74193,3055,22248,94.09834591873427,31.724199928083422,965.3481237356812,601.4931421055438
19127,70828,2981,26441,85.1934495669604,21.00903899247381,962.3959684038582,479.23376341822996
19129,81907,4106,10081,95.05009423668287,30.522765598650928,567.7851706411501,325.92944021674384
19131,66056,5753,7240,92.2513812154696,21.43646408839779,409.61323220814046,200.68383093812017
19133,59897,3770,6202,93.03450499838762,15.688487584650114,325.7483691440373,124.63145670335399
19135,76324,11735,5203,93.04247549490678,22.66000384393619,422.64287525048854,199.22098283062454
19137,61261,3887,7219,91.63319019254745,18.603684720875467,455.78613405850774,184.2878183711555
19139,67427,3296,28939,90.11023186703065,23.217802964857114,1128.1653247640613,602.7362607310099
19141,65076,6868,9734,90.73351140332854,21.573864803780562,536.8184050496034,265.0660295096299
19143,67561,4722,4374,86.16826703246457,14.17466849565615,260.8581990277476,111.51681487560519
19145,58264,4425,11345,92.85147642133099,17.6817981489643,562.3095233054479,256.06835025047513
19147,67306,5588,6058,92.95146913172664,20.17167381974249,331.10572329695543,181.34773227145686
19149,79963,2681,17302,94.31857588718067,24.072361576696334,715.1258630478973,383.3627524942923
19151,61434,3811,4946,91.52850788515973,17.064294379296403,261.04214219163924,121.16930304330384
19153,78827,1322,328511,92.68913369719735,38.91650507897757,4633.004856461948,3113.0546092222667
19155,68718,1923,63639,90.63153097943085,23.425886641839124,1430.6023207027172,665.3157145295758
19157,61192,3392,12160,94.88486842105263,28.88157894736842,632.2657669050254,365.4011494234795
19159,67898,7360,3213,93.99315281668223,22.595704948646127,210.78662196638572,107.07474025184464
19161,68778,4041,6902,93.65401332946972,21.645899739206026,365.18625384863543,163.44112089679268
19163,72792,1910,118337,93.99511564430398,34.92314322654791,2504.201868859617,1535.395388816835
19165,70295,10749,8325,94.24624624624624,22.7987987987988,486.22319977557635,229.24441105510076
19167,81914,3176,21356,91.62296310170444,31.26521820565649,843.7961839212121,467.57138492427015
19169,66197,2497,51740,97.05063780440665,52.53575570158485,1528.2450719698068,1155.3484322921809
19171,65483,3299,11597,90.98904889195481,18.32370440631198,402.32325311868317,193.03108557949935
19173,65926,5781,4110,90.99756690997567,15.450121654501217,206.04368468846602,94.40868604106298
19175,56495,3495,8235,92.78688524590164,24.08014571948998,476.09137778371917,274.397521854699
19177,58417,2717,5072,88.3872239747634,18.454258675078865,297.7817993094944,148.8959368149447
19179,56209,2477,24087,87.92709760451696,18.462241042886205,925.0464853184407,503.9374961242713
19181,89741,3923,34895,96.45221378420977,32.15073792806992,1175.1570107862183,700.8951419435007
19183,71122,4067,15309,92.31824417009602,24.397413286302175,606.8129860179329,316.97791721190924
19185,58257,5920,4345,89.4361334867664,15.028768699654776,231.95258136093247,96.77809669548166
19187,65335,3112,25086,91.81216614844934,20.71673443354859,998.3316082344584,453.3442400648761
19189,62853,9365,7203,94.50229071220325,25.864223240316534,427.55701374202715,211.7191535974013
19191,67770,6161,13436,95.18457874367371,30.522476927657042,636.9481925557211,359.67485316602273
19193,68399,2126,67477,87.58984542881278,23.954829052862458,1814.3006917267048,894.5093627234988
19195,69897,4976,5340,94.32584269662921,19.49438202247191,277.8434811184167,137.91664149043072
19197,58240,4351,8838,92.7132835483141,21.01154107264087,444.0743181045263,206.3249863685928
20001,55059,4572,8542,92.63638492156403,19.608990868649027,500.56767774198124,216.80636522021211
20003,67651,13849,5228,86.4575363427697,15.263963274674827,398.84834210511644,179.25122035846786
20005,55281,4814,10037,93.77303975291422,22.167978479625386,582.2482288508915,282.69771842022357
20007,53774,4419,2848,91.53792134831461,23.63061797752809,214.38749963558976,120.84701072016635
20009,54634,2015,17360,89.64861751152074,21.67626728110599,824.5726165717608,388.6823896190822
20011,55826,6751,9399,89.7223108841366,23.715288860517077,561.7641854016683,307.09281984442424
20013,55876,3162,6436,93.5208203853325,20.07458048477315,352.3918273740184,162.75748830699004
20015,77724,2660,44550,94.21324354657688,32.00448933782267,1434.853302606228,785.2910288549081
20017,52481,2678,1817,93.28563566318107,26.47220693450743,134.484199815443,72.131823767322
20019,51210,3001,2411,88.75985068436333,16.21733720447947,182.4828759089466,82.44392033376384
20021,53382,5723,13410,89.93288590604027,19.798657718120804,651.08064016679225,313.3608143977163
20023,52730,5088,1882,89.21360255047821,22.210414452709884,182.60339536821323,84.71717653463199
20025,58287,5415,1355,94.16974169741698,26.051660516605168,115.68923891183657,64.32728814430156
20027,57765,5813,5667,94.24739721192871,26.345509087700723,445.8385357951912,231.09738207084908
20029,51197,3669,5961,95.85639993289716,22.429122630431134,419.02147916306154,187.51799913608292
20031,67645,7991,5894,93.72242958941297,22.192059721750933,314.45349417680194,155.54420593516173
20033,49754,8107,1305,96.47509578544062,21.0727969348659,146.15060725156087,68.36665854054884
20035,55726,2349,22925,91.7164667393675,24.479825517993458,872.875134254608,441.91741309887306
20037,49779,3272,23276,94.32462622443718,30.885891046571576,876.185482646226,533.5007029048791
20039,49412,5958,2103,93.62815026153115,24.821683309557773,197.52215065657825,107.54068997360952
20041,62971,4164,13007,93.57269162758514,23.518105635427077,698.791814491269,329.098769368711
20043,66358,6340,4920,91.15853658536585,18.882113821138212,297.2389611070527,129.549218446118
20045,66153,2646,69746,96.02557852780087,52.3083761075904,2130.7845972786645,1526.2182019619606
20047,52750,4285,2069,87.5785403576607,17.883035282745286,142.51666569212176,70.69653456853455
20049,50000,7248,1784,86.93946188340807,18.217488789237667,122.06555615733703,59.67411499134277
20051,59665,5137,17428,95.34083084691301,38.719302272205645,890.3313989745616,585.6048155539706
20053,59844,5481,4765,92.31899265477439,20.839454354669463,313.6638327891821,135.1702630018896
20055,68481,3667,22570,72.10013291980505,18.5024368630926,897.2886937881252,452.55386419740137
20057,67997,6667,20445,77.21692345316703,19.779897285399855,1014.3352502994264,526.8709519417445
20059,68217,5387,17609,92.02112556079278,23.93662331762167,875.5112791963334,506.0019762807256
20061,57992,5545,19547,93.69724254361283,23.845091318360875,995.9071241837764,501.2494389024291
20063,59417,7218,1883,93.78651088688264,19.702602230483272,146.84345405907612,59.321159799855565
20065,47071,4020,1782,93.82716049382717,24.354657687991022,158.78601953572613,84.39194274336857
20067,84808,25730,4475,79.1731843575419,20.223463687150836,513.839469095164,252.14479966876175
20069,74500,3978,3504,75.34246575342466,21.889269406392692,247.4914139924858,156.11534197509224
20071,69948,9695,840,88.92857142857143,28.80952380952381,106.1178590059185,50.49752469181039
20073,51812,5316,4357,91.59972458113381,15.951342666972687,262.22890763605756,98.06630410084801
20075,58750,9583,1514,85.60105680317041,19.220607661822985,181.59019797334878,78.76547467006087
20077,53032,4490,3652,89.73165388828039,17.46987951807229,234.22638621641244,125.59458587057007
20079,70685,4173,22879,91.81782420560339,30.661305126972334,1087.3771194944281,672.971767609905
20081,66458,6852,2432,75.16447368421052,15.789473684210526,192,89.8276126811795
20083,63125,11956,1222,92.63502454991817,30.523731587561375,148.92951352905172,111.24297730643494
20085,70385,3303,8894,93.82729930290083,20.96919271418934,478.9467611332182,270.39970414184995
20087,74562,3770,12967,95.71219248862496,24.500655510141126,590.1237158427036,298.7540794700551
20089,47109,4603,2203,92.46482069904675,18.474807081252838,163.09812997088594,79.96249120681522
20091,103644,1484,415395,96.51223534226459,56.692064179876986,4717.622176478316,3382.458721108064
20093,68750,18282,2361,80.38966539601864,16.60313426514189,206.31044568804558,98.33615815151617
20095,59640,4189,5213,90.81143295607136,24.323805869940532,324.68138228115265,165.43578814754684
20097,70347,4237,1666,88.95558223289316,25.330132052821128,138.5965367532681,72.30490993010088
20099,56143,3549,13649,90.46083962195033,22.55110264488241,733.5986641209211,365.7294081694826
20101,52222,25196,1086,95.76427255985267,19.88950276243094,150.14992507490638,66.15889962809237
20103,84307,4939,55538,93.36850444740539,35.49101516079081,1599.29797098602,943.3000583059454
20105,52540,4097,2072,94.64285714285714,23.6969111969112,178.99161991557034,86.52167358529307
20107,56697,3440,6885,93.52214960058097,22.06245461147422,419.28749086992804,208.13697413001853
20109,70382,8626,1909,92.35201676270299,26.663174436877945,176.555940143627,102.02940752547768
20111,56415,2759,19281,87.83258129765053,26.705046418754215,839.0732983476473,443.92904838498686
20113,71250,3751,20064,92.6634768740032,31.374601275917065,929.8892407163339,558.5561744354815
20115,60011,4113,8061,92.0605383947401,27.639250713311004,408.2976855187891,227.00881040171106
20117,64306,6228,6916,92.19201850780799,20.806824754193176,361.58401513341266,190.45734430575263
20119,74063,11630,2581,86.3618752421542,23.98295234405269,201.30325382367766,108.17116066678771
20121,85564,4683,23390,95.5835827276614,30.55151774262505,1065.7682674953312,622.5190760129364
20123,63008,6256,3912,95.34764826175869,28.80879345603272,309.52867395444963,175.7185249198274
20125,51513,2424,21229,89.99952894625277,20.12341608177493,833.378665433667,381.5455411874184
20127,52866,6829,3898,92.48332478193946,27.88609543355567,293.1433096626972,156.09612423119287
20129,57943,5390,1858,87.83638320775027,17.545748116254035,175.88632692736522,76.22335600063802
20131,72788,5718,6634,93.17154054868857,28.263491106421466,360.8337567357023,194.66638127832962
20133,54894,4956,10511,91.02844638949672,21.14927219103796,619.9903225051178,289.2853262783994
20135,64907,7389,1852,91.36069114470843,20.896328293736502,146.74126890551273,66.46051459325304
20137,52710,7115,3995,90.81351689612015,20.775969962453065,419.7797041306309,186.7645576655271
20139,66155,2160,10905,92.11370930765703,20.03668042182485,450.98891338923175,219.84085152673512
20141,58750,7749,2515,95.42743538767395,23.141153081510936,166.09936784948943,80.5791536316931
20143,74551,5658,4040,94.77722772277228,23.68811881188119,237.26145915424192,114.59930191759459
20145,54141,9060,4976,89.71061093247589,18.34807073954984,458.9912853203206,184.98108011361595
20147,57611,3702,3498,91.08061749571183,20.12578616352201,229.4754888871576,112.58330249197702
20149,85241,4211,16320,96.04166666666667,37.85539215686274,841.2698734651087,470.38813760553103
20151,61685,3235,5856,91.93989071038251,27.903005464480874,385.2648439710013,205.4409890941922
20153,61827,11846,1854,94.66019417475728,17.475728155339805,168.09818559401526,82.90958931269651
20155,57390,2192,42647,91.68991957230286,20.507890355710835,1366.9601310938078,621.9011175420093
20157,54531,5810,3296,95.35800970873787,26.425970873786408,203.51412727375956,108.34205093129813
20159,58523,6277,6121,92.02744649567065,23.721614115340632,361.9447471645361,187.34193337317728
20161,56327,1958,35871,95.83228792060439,47.82972317470937,1414.1096138560122,908.5229771447721
20163,60821,5005,3557,92.57801518133259,22.68765813888108,239.1150350772615,128.20686409081225
20165,53523,10087,2124,90.91337099811676,19.538606403013183,171.38553031105047,77.61443164772902
20167,49929,5821,4778,93.4282126412725,20.175805776475514,441.4328941073603,183.0901417335188
20169,59887,3281,36749,93.71955699474816,28.218454923943508,1491.6417130128802,830.3360765376873
20171,53365,11107,3399,84.90732568402471,19.917622830244188,499.93799615552325,254.6958971008367
20173,65372,1125,340756,89.48338400497717,31.745002289027926,4370.0910745658375,2580.439303684549
20175,57131,4351,12756,69.75540921919097,11.288805268109126,853.5490612729885,269.26938184650703
20177,63463,2635,121415,92.92014989910638,31.74813655643866,2602.037086591965,1465.7909127839482
20179,66719,13594,1675,96.29850746268657,24.29850746268657,152.1413816159167,90.07774419910837
20181,61404,9323,3718,89.67186659494352,26.08929532006455,436.0550423971726,260.9923370522591
20183,50943,3118,2641,95.41840212040894,23.0973116243847,165.3602128687551,83.98809439438426
20185,60000,6554,2759,93.22218194998187,26.096411743385286,171.743995528228,94.98420921395304
20187,66000,3833,1409,79.98580553584102,17.388218594748047,202.74368054269902,82.09141246196218
20189,67950,11828,3256,74.38574938574939,12.530712530712531,280.3533484729583,129.27103310486848
20191,59397,4861,15248,93.49422875131165,23.92444910807975,669.4863702869536,354.8267182724548
20193,72417,9806,4949,94.4635279854516,26.469993938169328,478.06484915751753,251.8491612056709
20195,77500,18550,2143,94.54036397573495,24.96500233317779,206.54781528740506,119.00420160649792
20197,70000,7955,4790,96.57620041753654,25.11482254697286,294.3620220069158,161.0807251039056
20199,57708,10523,1022,92.56360078277886,25.92954990215264,107.37318100903968,55.62373594069352
20201,59432,4635,3856,93.51659751037344,22.536307053941908,200.65642277285818,102.68885041717041
20203,69551,10062,1540,88.18181818181819,21.428571428571427,199.69977466186586,94.26558226627574
20205,55439,5720,5988,91.31596526386106,19.539078156312627,362.67064948793416,183.75799302343287
20207,50670,7943,2332,92.02401372212692,21.09777015437393,173.18487231857176,89.67719888578144
20209,57771,1464,106905,81.3600860577148,19.9878396707357,2140.7905082001835,991.2951124665146
21001,49690,5377,12713,86.11657358609297,18.62660269015968,719.6151749372716,363.2918936612817
21003,57159,5780,14374,86.52427994990956,18.296925003478503,834.693955890421,435.2229313811486
21005,69885,6667,16431,91.11435700809446,25.342340697462113,881.5350248288494,467.4462535949989
21007,57111,5585,5559,92.12088505126822,17.341248425975895,373.079080088927,165.71662559924397
21009,48141,2420,30860,84.73752430330525,17.446532728451068,1191.577525803504,554.1362648302311
21011,51471,9411,8467,81.44561237746545,14.361639305539152,578.0294110164292,315.45998161415025
21013,33658,4253,16982,78.17689318101519,11.665292662819455,887.2107979505209,332.99099086912247
21015,91697,3743,89976,93.82390859784832,34.640348537387744,2509.1482618609843,1505.8801413127142
21017,54580,5076,13912,85.31483611270845,23.238930419781482,756.8394809997692,412.5263627939431
21019,58327,2932,34293,88.69740180211706,20.84682005073922,1318.8722455188752,669.876107948328
21021,56568,4800,20631,90.37370946633706,26.76069991759973,943.0227993002078,496.5581536940059
21023,59911,8877,5810,88.03786574870912,17.57314974182444,420.0690419442975,228.37469211801906
21025,38209,3405,9773,79.47406118899008,17.02650158600225,488.62255371605596,240.9937758532365
21027,51756,3416,14165,85.10412989763502,14.338157430285916,706.1175539525979,317.8285701443468
21029,73900,1916,58451,89.36716223845615,17.548031684658945,1795.1899620931486,811.9119410379428
21031,47589,5577,8642,80.73362647535292,11.328396204582273,499.1953525424691,218.54518983496297
21033,52488,3649,8871,87.7014992672754,16.131214068312477,678.5027634431565,278.54263587465385
21035,48276,4599,23262,90.28028544407188,31.53211245808615,1040.3835831076922,647.3839664372296
21037,71979,3523,65046,93.29090182332503,39.267595240291485,1669.1509817868484,1052.3545030074229
21039,53065,8436,3314,86.93421846710923,13.337356668678334,219.3330800403806,95.65563234854496
21041,50625,9916,7117,82.74553885063932,5.760854292538991,520.1884273991493,113
21043,47004,3958,18328,81.16542994325621,14.49148843299869,928.975780093324,474.00316454639835
21045,42190,4121,11052,77.27108215707564,12.214983713355048,569.2705859255333,257.3363557680881
21047,48920,3678,41333,86.31601867756999,19.09612174291728,1385.554040808225,650.1584422277389
21049,61878,4529,25898,88.96439879527377,19.951347594408833,1120.7956994921065,499.60884699933007
21051,37888,5806,14691,72.12579130079641,14.274045333877885,754.444166257517,390.1884160248738
21053,41180,3267,6593,80.87365387532232,13.999696647959958,442.1436418179051,190.9214498164101
21055,45810,11330,6343,86.39445057543749,12.470439854958222,400.61827217439793,174.36456061941027
21057,40515,6429,4338,80.35961272475795,17.127708621484555,392.2588431125549,227.97806912069416
21059,64021,3874,69235,91.23853542283527,25.410558243662887,1849.7859335609621,1005.6391002740496
21061,53029,7062,9005,81.58800666296501,11.426985008328707,607.849487949114,249.16460422780762
21063,39469,6812,5561,75.40010789426363,10.160043157705449,417.7451376138327,167.11373372646545
21065,39980,7132,10104,76.45486935866984,11.114410134600158,536.4503704910642,218.55205329623422
21067,66087,1966,209558,92.1501445900419,46.545586424760685,3639.3421108766347,2429.8839478460695
21069,46885,4999,10206,81.43249069174995,15.784832451499119,564.1648695195404,283.93485168256467
21071,38723,5652,25186,79.29008179147145,13.050901294369888,1201.613082485373,468.8165952694081
21073,62929,4060,36106,91.92931922672132,31.559851548219132,1445.6749288827002,822.8796995916232
21075,35449,2562,4570,80.35010940919037,14.026258205689278,429.42286851074897,157.4420528321452
21077,58641,5250,5886,84.57356439007815,13.030920829085966,430.5554551971209,164.6663292844047
21079,58263,7879,12270,84.90627546862265,19.918500407497962,661.9093593536807,363.17351224999874
21081,65461,4140,16074,88.9324374766704,15.745925096429016,905.4413288557133,378.80997874924043
21083,52526,3916,24901,90.11686277659531,18.637805710614032,1214.8925878447033,560.3516752897237
21085,47024,2053,18029,83.56536690886904,13.250873592545343,864.1301985233475,411.96844539357625
21087,38595,5791,8061,82.93015754869123,13.546706363974693,488.42809092025,200.62402647738878
21089,58562,2863,25594,89.8530905681019,17.61741033054622,1023.9311500291413,483.2908027264744
21091,68102,8727,6164,87.19987021414666,17.423750811161582,348.226937499097,172.06684747504383
21093,64136,3117,73850,92.31008801624915,23.92958700067705,2031.8789334012988,1010.0301975683698
21095,35128,2336,18583,76.95205295162245,10.520368078351181,700.3577657169227,268.13802415920054
21097,58840,5659,13038,86.54701641356036,18.054916398220588,770.3648486269346,400.6419848193646
21099,45561,4465,13021,78.39643652561247,10.498425620152062,700.0278565885789,267.9346935355703
21101,56912,2530,31311,89.26255948388746,18.859186867235156,1258.0457066418533,598.2783633059113
21103,58294,4742,10795,84.1593330245484,14.74756831866605,529.9462236868944,227.75864418282788
21105,68589,21819,3277,88.37351235886482,22.215440952090326,346.0332353979889,214.56001491424257
21107,54466,3097,31412,88.58398064433975,15.46542722526423,1086.269303625947,490.6434550669152
21109,38516,9238,9069,72.99592016760393,11.158892931966038,616.3578506030406,247.7377645818255
21111,66296,937,540624,91.29709372872829,36.11215928260677,5659.445025795374,3429.232129792324
21113,69905,3527,35658,89.62364686746312,30.307364406304334,1485.9579401853875,798.7897094980631
21115,44231,4561,15934,82.79779088741057,14.566336136563324,872.8791439827165,403.8031698736403
21117,76016,2340,115530,91.95187397212845,36.46498744914741,2456.7789888388415,1435.6949536722625
21119,38336,4822,9962,71.74262196346115,16.301947400120458,579.2823145928072,276.5158223321045
21121,34254,3501,20402,79.0216645426919,16.714047642388,1059.1416335882561,571.1803568050988
21123,57867,9297,10425,84.41247002398082,15.232613908872901,632.1408070991779,312.8945509273052
21125,53693,4100,43093,83.97651590745596,16.59202190611004,1473.1948275771267,710.0330978200946
21127,42488,7438,11140,76.94793536804309,10.861759425493716,600.7020892255994,252.14678264852003
21129,31682,2202,5345,73.48924228250702,7.333956969130028,355.235133397585,137.64446955835166
21131,37019,9499,7227,81.98422581984225,11.553895115538952,670.6601225658195,243.22623213790078
21133,38466,3232,15377,78.94257657540483,13.090980035117383,822.6700432129518,296.2262648719725
21135,36662,4603,9123,78.66929738024773,10.1720925134276,501.77983219734926,189.8578415552015
21137,49487,3598,16721,82.56683212726512,15.381855152203816,891.8503237651483,466.5383156826457
21139,56125,9087,6552,87.02686202686203,13.186813186813186,494.4057038505927,197.11164349170244
21141,58869,4080,18804,87.72069772388853,17.11338013188683,1002.1382140204015,439.5793443736864
21143,64081,5743,6885,90.51561365286855,14.524328249818446,478.2666620202583,228.9257521555843
21145,58490,2974,47460,92.72229245680573,28.198482932996207,1653.2123275611032,940.5753558328009
21147,35000,6025,11826,77.98072044647387,6.798579401319127,787.9942893194087,253.55669977344317
21149,64020,5525,6369,91.27021510441199,17.977704506201917,411.1447433690476,195.7396229688818
21151,59797,2937,57882,90.75187450329982,33.338516291766005,1891.7922718945651,1146.9110689151098
21153,31927,3222,8194,72.46765926287527,10.886014156700025,547.8275276033507,243.08640439152495
21155,49627,6555,13358,84.3614313519988,12.83874831561611,661.2578922024296,281.65049263226933
21157,64597,7023,22997,92.29029873461756,22.41161890681393,1113.2933126539474,568.1989088338695
21159,45265,8748,8275,75.2870090634441,10.791540785498489,592.9249530927165,271.2397463499773
21161,48460,3700,11868,85.56622851365015,22.590158409167508,655.6775121963541,362.7726560809125
21163,68518,4635,20806,89.62318561953283,17.821782178217823,993.6860671258303,466.8254491777414
21165,43797,4997,4391,79.70849464814393,10.772033705306308,412.09950254762504,147.09860638360922
21167,60728,4145,15846,90.11737978038622,21.658462703521394,913.422684193906,440.4486349167176
21169,46932,3516,7180,83.3008356545961,14.108635097493035,525.9306037872298,219.2783619055925
21171,47252,5420,7836,81.57223072996426,15.97753956100051,412.0546080315084,198.20696254168269
21173,53436,5156,19217,85.22662226153926,18.166207004215018,1054.5245374101069,477.5814066732498
21175,46018,4121,10226,77.48875415607276,17.748875415607277,539.5220106724099,263.07793522072507
21177,50935,4071,21946,84.18846258999362,13.30994258634831,1003.9940238865967,454.66141248185994
21179,66212,2681,32231,92.22487667152741,22.531103595916974,1237.3200879319788,603.4343377700676
21181,57539,8629,5180,81.6023166023166,7.084942084942085,399.9874998046814,110.10903686800643
21183,52474,2436,16360,81.83374083129584,14.38875305623472,772.74640083277,303.8519376275228
21185,117334,3920,45110,94.23852804256262,45.35358013744181,1364.8626304504055,1003.214334028377
21187,56485,2542,7895,83.79987333755541,18.872704243191894,548.0182478713642,328.53310335489783
21189,32844,9166,3019,71.38125207022193,11.096389532957932,291.09792166898063,131.2821389222464
21191,58723,7580,10041,85.53928891544666,16.552136241410217,566.5306699552991,262.60997696203395
21193,45330,7923,19595,79.63255932635876,13.222760908395,993.5174885224718,439.62597739442106
21195,41271,3112,41556,79.75743574935028,15.84849359899894,1309.6121563272081,597.2244134326727
21197,38415,6910,8915,81.90689848569826,15.064498037016264,584.8204852773199,279.5639461733219
21199,48768,2292,45989,83.77655526321512,17.789036508730348,1537.739899983089,750.5957633773321
21201,53798,9430,1525,84.19672131147541,12.19672131147541,164.23154386414322,72.62231062146122
21203,45693,3648,11492,81.91785589975635,12.043160459450052,596.9087032369356,246.79951377585814
21205,50038,3852,14254,86.78967307422478,27.08011786165287,884.2267808656329,501.4847953826716
21207,48220,5563,12422,82.67589760103043,16.438576718724843,727.6654451050978,313.8630274498734
21209,80782,2774,37778,94.27709248769125,31.88628302186458,1224.470906146814,707.4560056992943
21211,81012,4075,33524,88.55148550292328,30.214174919460685,1234.0048622270497,747.6402878390115
21213,55907,5966,13236,90.22363251737686,14.551223934723481,798.8760855101372,339.21232288936676
21215,101118,9083,13533,92.55893002290696,22.071972216064434,786.6276120249022,421.7368847990415
21217,63211,4725,17026,88.37660049336309,22.99424409726301,1094.2417465989863,690.7894035087684
21219,57891,6211,7977,78.55083364673436,16.45982198821612,498.015060013249,224.70425007106564
21221,55864,6215,10082,87.84963300932354,20.482047212854592,657.9566855044487,310.4239037187697
21223,66492,15932,6012,85.54557551563539,13.672654690618762,512.8157563881983,224.64638879803965
21225,58260,3529,9388,90.57307200681721,10.193864507882402,571.8286456623173,229.6105398277701
21227,63074,2102,82837,88.59205427526346,32.93214384876323,2184.529239905019,1240.5043329227028
21229,65456,7080,8394,88.13438170121515,19.787943769359067,590.2897593555219,294.1717185590756
21231,41583,4426,14032,76.43956670467503,13.825541619156214,785.1388412249136,378.5128795695069
21233,55451,3852,8802,85.67371052033629,11.451942740286299,464.7128145424871,198.9070134510093
21235,44332,3253,23180,82.06643658326144,18.71009490940466,1037.2179134588835,559.891060832373
21237,28666,4230,4484,63.581623550401424,7.047279214986619,384.62709212950665,114.02631275280281
21239,78295,4702,18670,91.21049812533477,40.65881092662025,854.6233088326107,574.0688112064615
22001,44977,2841,38069,80.10717381596575,13.704063673855368,1366.339269727691,630.1666446266416
22003,52755,6411,15864,79.6142208774584,12.046142208774583,797.8521166231246,344.6607027208063
22005,93800,3514,83300,88.80072028811524,29.03361344537815,2761.4103280751306,1702.4964023456848
22007,47023,3781,14783,79.07055401474666,13.441114794020159,799.9799997499938,388.203554852348
22009,38696,5175,26893,77.9868367233109,12.278288030342468,1179.5422841085435,485.6397842022418
22011,68525,6225,24280,88.15897858319605,17.883031301482703,1121.6273891092353,516.1617963390937
22013,34268,3054,9118,85.67668348322,12.382101338012722,485.96604819678504,248.46126458665543
22015,64598,3122,86122,90.26845637583892,27.572513411207357,2493.928627687649,1373.7081203807452
22017,47572,2032,160866,87.28382629020427,24.287295015727377,3432.4492712930223,1884.6004881671872
22019,64370,3249,139900,88.70050035739814,23.55468191565404,3629.1595445777803,1912.4479077872945
22021,45707,7075,6877,79.93311036789298,12.054675003635307,506.27462903052924,183.58376834567918
22023,69847,16919,3945,90.2915082382763,14.397972116603295,468.2072190814661,165.58985476169727
22025,48259,6502,6294,74.992055926279,17.556402923419128,423.80773942909536,214.73472006175433
22027,32034,1616,10359,78.53074621102424,11.651703832416256,512.1269373895499,218.27276513573563
22029,38929,5562,12394,85.7915120219461,17.56495078263676,678.8836424601789,339.337590019143
22031,49807,5118,18435,82.38676430702468,16.322213181448333,861.6321721012976,387.49322574723806
22033,62083,1760,284666,90.83662959398032,38.18193953615816,4565.05520229493,2736.2958538871485
22035,30856,4931,4833,67.72191185599007,11.793916821849782,361.0540125798355,152.22023518573343
22037,64709,7398,14659,84.37819769424927,16.12661163790163,769.5206300028609,362.5396530036404
22039,34526,3582,20961,76.50875435332284,12.227470063451172,980.9648311738806,433.72571978152274
22041,41129,4063,13110,78.20747520976354,15.347063310450038,660.9394828575457,353.539248174796
22043,57362,5569,15725,80.44515103338632,12.02543720190779,825.3387183453833,413.4319774763437
22045,55190,2319,45952,82.71239554317549,14.156075905292479,1638.3143776455115,756.0872965471646
22047,59410,6240,21396,79.68779211067489,14.928023929706487,1007.7643573772591,478.6710770456055
22049,40406,2801,10772,83.25287783141478,12.829558113627924,536.3319867395567,240.03749707077017
22051,63257,1592,306562,87.2104174685708,29.778641840802187,4413.713629133635,2470.052428593369
22053,52470,5233,21465,83.13067784765897,15.201490798975076,1054.446300197407,495.16259955695364
22055,66617,2192,164601,89.54441346042856,34.636484590008564,3917.8677874578666,2487.7150158328022
22057,61381,4953,66341,82.03524215794154,18.618953588278742,1826.870821924747,914.477446414071
22059,59926,9117,9974,82.88550230599559,17.696009625025066,713.3659649857148,327.8078705583501
22061,37001,3309,26298,88.6569320860902,36.573123431439654,1142.282364391572,755.0523160682311
22063,77978,4335,94939,88.69063293272522,21.738168718861584,3041.2431668644977,1550.8404173221693
22065,34508,6612,6497,76.49684469755272,14.021856241342158,432.46965211445763,164.7118696390761
22067,37875,4038,17377,80.94607814927778,12.86758358750072,796.6548813633166,347.56438252502227
22069,41310,2062,22411,87.5462942305118,22.832537593146224,853.1992733236474,437.15672246918496
22071,51116,1705,270382,88.68119919225393,40.73569986167718,3808.912049391532,2362.5007936506604
22073,49261,2573,104662,88.00615314058588,25.82312587185416,2859.4228438620266,1541.1550862907989
22075,77996,3933,15539,86.29255421841818,19.00379689812729,999.1101040425925,554.5619893213021
22077,53045,6662,14640,81.00409836065573,14.774590163934427,880.8160988537845,319.90467330128206
22079,55407,2017,86319,87.63655742073009,22.300999779886236,2262.080900410063,1195.2493463708734
22081,43821,8891,5092,79.61508248232522,10.644147682639435,397.84921766920695,163.19007322750977
22083,48125,4550,13493,80.13043800489143,16.334395612539836,736.5018669358551,331.22348950519796
22085,40777,4130,15114,85.83432579065767,13.312160910414185,677.303477032268,306.81264641471347
22087,55857,3072,29124,81.1736025271254,16.824612003845626,1005.3352674605621,473.6401587703475
22089,79191,6237,35224,90.69100613218261,27.163297751533047,1550.2157914303414,897.1705523477685
22091,46402,7065,7441,79.12914930788872,12.014514178201855,698.4826411586762,228.1315410021157
22093,62946,9793,14008,88.89206167904055,18.667904054825815,722.2824932116242,370.7735157747921
22095,65114,5713,27757,86.41063515509602,16.37785063227294,1356.1850906126347,637.0800577635436
22097,44478,2152,53626,78.54958415693879,14.116286875769216,1687.1206240218867,791.6135420771931
22099,50806,2405,35192,82.79154353262105,14.199249829506707,1265.6346234202033,538.4626263725273
22101,47322,2292,33751,80.0776273295606,12.322597848952624,1323.0049130672191,567.7842900257103
22103,76914,2541,182793,91.25404145672974,36.387060773662014,4136.3178069389205,2290.9275414119934
22105,55274,2869,87535,83.24898611983778,21.49197463871594,2924.5744989656187,1463.941938739375
22107,35653,4539,2947,78.35086528673227,14.217848659653885,245.15301344262525,106.27323275406654
22109,63088,3476,72589,82.37473997437628,17.046659962253234,2191.387231869347,1034.6042721736655
22111,47068,6133,14883,85.91681784586441,17.36881005173688,847.1151043394281,409.0794543850864
22113,56194,3429,38106,84.80029391696846,18.739830997743137,1417.6804999716967,670.6034595795044
22115,56547,2244,30151,87.79144970316075,18.732380352227125,917.5287461436835,478.9624202377468
22117,41803,3193,31322,83.06940808377499,11.72019666687951,1249.7511752344944,518.8843801850273
22119,34263,1859,25447,86.67819389318977,14.406413329665579,1031.7136230563208,405.1937808012359
22121,80510,7340,19426,88.55657366416143,23.082466797076084,1057.6587351315168,578.099472409377
22123,45035,5686,6839,81.59087585904372,11.434420236876736,467.72000171042504,173.44739836619055
22125,71985,9132,11898,83.3501428811565,21.163220709362918,892.110979643228,514.9271793176197
22127,44922,4240,9808,83.9110929853181,13.274877650897226,587.2290864730732,231.07574515729686
23001,64500,2165,77350,91.9715578539108,22.808015513897868,2089.9710524311095,959.0307607162556
23003,50843,1655,50230,90.62512442763288,21.40155285685845,1249.911996902182,698.0981306378065
23005,87710,2034,222300,96.2519118308592,50.62753036437247,3693.102219002339,2634.0039863295574
23007,56890,2475,21486,93.89835241552639,28.77687796704831,995.8087165716115,561.3563930338729
23009,64149,1941,42391,95.04847727111887,36.59503196433205,1247.883408015348,801.2976974882681
23011,62118,1971,90019,94.56225907863896,29.86924982503694,2123.018134637573,1178.3416312767702
23013,68904,4075,31106,93.68610557448724,37.851218414453804,1127.9011481508476,698.9349039789042
23015,69638,4677,27325,94.78499542543459,39.227813357731016,982.0417506399614,577.867631901978
23017,54780,2845,44069,91.12301164083595,21.479951893621365,1278.0755063766774,590.1169375640729
23019,59438,1637,110023,93.92308880870364,29.783772483935177,2293.3663030575817,1344.5084603675798
23021,51805,1811,13075,92.00764818355641,20.833652007648183,571.8303944352731,277.5698110385926
23023,77591,4130,27860,94.2964824120603,38.6575735821967,1119.9491059865177,698.1375222690727
23025,53527,2736,37813,91.80176129902415,19.74717689683442,1230.991876496348,524.4997616777342
23027,62694,5027,29692,93.15303785531457,33.261484574969685,1046.52806937989,574.7877869266187
23029,51669,2809,23012,90.9351642621241,24.626281939857467,610.0827812682472,338.18929610500686
23031,79743,2453,158210,94.71335566651918,33.18943176790342,3267.5711162880602,1814.5029622461354
24001,55248,2767,47914,90.55182201444255,20.826898192595067,1349.9596290259942,618.9749591057783
24003,116009,1642,409052,93.54580835688373,44.12935274732797,5449.970183404676,3780.103966824193
24005,88157,1370,589611,91.71368919507947,41.162563113646115,5983.533237143419,3649.4300924938952
24009,128078,4071,64176,94.47301171777612,35.57560458738469,1881.8504191353786,1130.9664009156063
24011,65326,3919,22837,84.4200201427508,17.70810526776722,882.2873681516697,406.5095324835569
24013,111672,3322,120559,94.18127224014798,38.75446876633018,2396.8863135326214,1604.7872133089795
24015,86869,3534,72203,91.44910876279378,26.75235101034583,1953.4042080429745,1038.6154244955155
24017,116882,1877,112613,94.44469111026258,31.059469155426104,2614.934224794192,1441.473898480302
24019,57490,3045,23327,87.76096369014446,19.153770309083892,964.2219661467997,452.8079062913986
24021,115724,2555,186771,93.26929769610913,43.62508098152283,3100.3985227709036,1875.2402512744866
24023,64447,4886,21440,90.51305970149254,24.622201492537314,843.5822425821918,486.19749073807446
24025,106417,2845,182063,94.169600632748,38.77229310733098,3376.7875266294145,1923.8043039768884
24027,140971,2122,225256,95.22587633625741,64.01161345313777,3663.7179203645032,2815.64397607368
24029,71635,9808,13958,90.53589339446913,37.35492190858289,689.5534787092296,453.38835450417116
24031,125583,1757,729862,91.25642929759324,60.028334123437034,6602.342917480128,5198.588462265502
24033,97935,1296,656203,87.14025995004594,35.63409493708502,6683.656858337358,3939.790857393321
24035,108332,4986,36066,93.26235235401764,36.5718405146121,1304.082819455881,796.5626152412627
24037,113668,4210,76139,91.81628337645621,34.91771628206307,2247.8747740921867,1321.139659536417
24039,52149,6616,16964,84.6616364065079,16.847441641122376,839.2335789278216,377.6479842392913
24041,81667,4291,28623,92.20207525416623,41.45267791636097,1079.383620405646,724.5502052998122
24043,73017,2283,108258,88.4322636664265,22.97659295386946,2420.993597678441,1291.7395248268901
24045,69421,2707,65721,88.54703975898114,28.94812921288477,2006.0321532816965,1182.1789204684712
24047,76689,3573,40258,93.51681653335983,32.088032192359286,1523.4454371588108,818.7814116111821
24510,58349,916,410221,87.061852026103,34.90167495081919,5228.284709156532,3164.057679625958
25001,90447,2270,180261,95.90205313406672,46.05599658273282,3261.0930682824737,2144.083253980591
25003,69744,2608,95692,93.40174727249926,37.95510596497095,1985.1060425075534,1254.352821179113
25005,80628,1754,407256,86.08835720038502,29.684031665586264,4902.419912655381,2765.590352890319
25007,93225,8589,15726,94.18796896858706,43.164186697189365,1252.3980996472328,814.993865007584
25009,94378,1325,562867,89.94345022891731,41.743609058623086,5970.244299859094,3885.264855836729
25011,70383,2141,54094,93.68691536954191,39.80108699670943,1302.5620906505762,765.0607818990593
25013,66619,1433,318443,86.66009301507648,28.6475130557117,4458.147373068773,2341.2417645343676
25015,84025,2156,99735,95.23737905449441,50.401564144984206,2181.789861558624,1490.8668619296627
25017,121304,1349,1145170,93.42420775954662,58.46730179798632,7958.25860348858,6100.055983349661
25019,135590,17386,9942,97.27419030376181,57.372762019714344,810.987052917616,561.898567358914
25021,120621,1910,509433,94.23830022790042,56.29435077821814,5728.87048204094,4045.1940620939313
25023,105387,1819,372525,93.11267700154352,40.542782363599756,4608.411331467711,2822.114987026574
25025,87669,1916,551133,87.10601615218106,49.23820565997681,5447.97421065849,3790.4359907535704
25027,88524,1230,597824,91.39897361096243,38.36764666523927,5355.732069474723,3373.2302026396005
26001,50295,2243,8440,91.22037914691943,19.976303317535546,291.8595552658847,161.24205406778964
26003,55528,2912,6562,93.73666565071625,20.71014934471198,323.75608102397086,143.32829448507368
26005,75543,2369,82354,91.67496417903199,24.13361828205066,1798.0970496611133,992.7144604567821
26007,49133,2119,21535,92.79312746691433,16.730903180868353,807.380950976675,328.59397438175887
26009,68850,3115,18006,94.25191602799067,32.450294346329,576.2187084779529,338.901165533552
26011,53487,2018,11313,89.36621585786264,14.576151330327942,349.95571148361046,134.56596895203484
26013,51911,2904,6254,91.30156699712184,15.558042852574353,285.4277491765648,116.2282237668631
26015,75182,2704,44172,93.12686769899484,23.63035407045187,1394.423178235359,739.2800551888303
26017,57887,2395,75152,90.97163082818821,20.08595912284437,1732.9425841614027,896.4161979794876
26019,71327,4258,13789,93.44404960475741,32.438900572920446,513.6010124600613,314.78087616626266
26021,60379,1576,108050,91.63257751041185,30.075890791300324,2134.7601738837084,1153.545404394643
26023,60600,2282,30962,88.81532200762224,16.061623926102964,794.7068641958492,343.4312158205774
26025,58191,1531,91454,91.13871454501717,22.044962494806132,1845.0075880602767,971
26027,65183,2687,36887,89.67657982487054,21.167348930517527,1072.4807690583548,549.4497247246558
26029,69764,2397,19558,94.69782186317619,32.98905818590858,567.316490153424,306.6838763287043
26031,59557,2416,19958,89.69836656979658,22.507265257039784,667.9094249971324,322.4546479739438
26033,58408,1797,25632,92.271379525593,22.865948813982524,904.6330747877838,445.12357834650817
26035,47816,2071,22771,87.11079882306443,12.164595318607,733.804469869188,261.74988061124304
26037,82594,2273,55160,95.10514865844814,32.24256707759246,1321.3148754176652,801.6701316626434
26039,57998,3442,10082,90.99385042650268,19.56952985518746,478.92796953195375,207.3137718531984
26041,53852,3409,27183,92.32976492660855,19.69981238273921,1009.9658410065164,440.540577018735
26043,59651,2603,19042,95.97731330742569,23.878794244302068,878.5789662858997,439.1298213512719
26045,77158,2013,77481,94.76387759579768,30.27710019230521,1826.194129877763,1009.3116466186249
26047,69690,3985,24986,95.54950772432562,37.87721123829344,815.5470556626392,482.6530845234494
26049,58594,1313,280153,90.99706231951826,22.786834336951593,3799.558395392812,2022.6648264109406
26051,53717,1482,18968,89.04997891185154,14.371573175875158,550.8112199292966,230.4821034267086
26053,47913,4766,11325,96.20309050772627,22.36644591611479,576.9757360582852,261.8568311119647
26055,75553,2259,68969,94.90060751932027,38.660847627194826,1948.8447860206825,1228.8230141074018
26057,57934,2238,28563,91.89510905717187,18.128347862619474,840.2154485606653,400.8366250731088
26059,59425,2360,31504,90.29329608938548,19.562595226003047,856.9626596299281,429.9755807019743
26061,52736,2563,21681,94.22074627554079,35.77325769106591,784.7082260305418,542.3393771431316
26063,54475,1406,23224,91.33654839820875,16.594901825697555,572.6141807534983,259.91729453808955
26065,62548,1854,174119,93.582549865322,40.640596373744394,3005.933299326517,1827.2577814856884
26067,71720,2440,46270,91.31402636697645,16.84460773719473,1480.069592958385,649.2788307037277
26069,46224,2441,19618,89.82057294321541,16.32684269548374,650.343755255634,263.0304164920856
26071,52241,3490,8930,92.73236282194848,19.854423292273236,370.39573431669,169.25424662323837
26073,52638,2248,36064,92.63808784383319,30.653837622005323,932.6757207089718,576.0989498341409
26075,62581,1580,112132,92.00941747226483,22.481539614026325,2203.0587826928268,1068.8643506076905
26077,67905,1566,164896,94.36614593440714,40.482485930525904,2936.272126353414,1919.122976778716
26079,56380,3233,12992,88.44673645320196,17.34144088669951,437.99885844600095,216.77868898948532
26081,76247,1275,438030,92.41398990936693,38.5889094354268,5290.008790162829,3236.3752872619702
26083,55560,7301,1734,98.09688581314879,38.292964244521336,132.5707358356285,75.35914012248281
26085,45946,2357,9642,82.25471893797967,12.155154532254718,396.7001386437872,136.49175799292792
26087,75402,2304,63664,91.97976878612717,19.10813018346318,1505.1275693442067,708.9132528031903
26089,82345,4381,17562,96.24758000227764,48.63910716319326,655.823146892514,473.8987233576389
26091,65484,1751,69488,91.12940363803823,22.480140455906056,1533.1695927065603,780.0884565227202
26093,96135,1887,138319,96.08441356574296,38.13937347725186,2176.9701421930436,1287.5204852739237
26095,51015,3742,4125,91.75757575757575,17.284848484848485,249.7738977555501,107.59182125050212
26097,60620,3443,8510,92.63219741480611,25.72267920094007,368.3381598477138,193.90461572639265
26099,73876,905,623718,90.63102235305058,26.80073366489343,5710.795828954139,3249.163276906841
26101,59467,2570,19067,90.31310641422353,22.52058530445272,603.4326805866583,319.25225136246104
26103,63115,2533,44267,95.41193213906521,34.68497978177875,1164.824879541985,735.4916722846017
26105,60744,2249,21299,93.50204234940608,24.203014226020002,754.8761487820369,354.62797407987995
26107,54132,3181,26586,91.9544120965922,23.74934175882043,816.5365882800354,387.4545134593221
26109,54074,2913,17526,92.66803606070981,16.655255049640534,609.9319634188719,297.7062310399297
26111,73643,3212,59321,94.98659833785675,35.623135146069686,1499.1584305869744,914.0951810396989
26113,57667,3809,10645,90.35227806481916,16.862376702677313,367.56496024512455,180.78993334807112
26115,72573,2027,109932,91.6703052796274,22.597605792671832,2367.471858333273,1238.628273534881
26117,61250,2373,47374,88.13695275889728,14.364419301726686,1152.1835791227022,542.3753312974328
26119,46345,3796,7334,88.1510771748023,15.189528224706844,343.7135435213457,129.80369794424195
26121,61347,1338,121491,92.14345095521479,20.693713937657932,2395.3116707434965,1014.1612297854814
26123,59065,1864,35223,89.43020185674133,18.257956448911223,892.5850099570348,447.47402159231547
26125,92620,953,906930,94.74457786157697,49.53425291918891,6745.85443068556,4697.881437414103
26127,60691,2993,18800,89.68617021276596,19.595744680851062,508.39748229116947,249.58164996649893
26129,50377,2478,15698,88.17683781373424,14.568734870684164,501.5755177438389,198.64289566959096
26131,48316,3844,4866,93.5881627620222,15.207562679819153,210.39486685753528,79.34103604062655
26133,54875,2094,16242,89.31781800270903,16.53737224479744,454.6647116282503,197.4259354796122
26135,48692,2581,6160,85.42207792207792,13.782467532467532,311.22339243700816,144.04860290887933
26137,62865,5910,18112,94.34076855123675,26.258833922261484,769.046812619362,357.5793618205615
26139,83932,1829,186701,94.17839218857961,36.497394229275685,3169.8316990023304,1697.3329078292213
26141,55986,3568,10295,92.10296260320544,19.834871296745995,391.96938655971593,190.5255888325765
26143,49898,3122,18908,90.68648191241802,18.51068330865242,768.0110676285857,343.24189720953353
26145,56579,1405,131068,90.54918057802057,22.876674703207495,2334.307177729615,1231.4828460031426
26147,66887,1727,114600,91.92146596858639,19.895287958115183,2089.6918433108744,967.6760821679949
26149,62281,1641,41125,87.22431610942249,17.18176291793313,1155.0155843104455,461.5083964566625
26151,55740,2197,29066,90.85529484621208,15.272139269249294,687.3630772743035,318.7067617732639
26153,55071,6328,6193,88.9552720813822,20.135637009526885,294.64045886469836,153.53501229361333
26155,62498,2822,48507,92.10629393695756,19.176613684622836,1268.2109445987287,591.9949324107429
26157,59815,1888,38485,91.53436403793685,15.304664154865533,982.2240070370913,420.56271827160333
26159,65531,3396,52266,88.43033712164696,22.22094669574867,1298.0273494807418,645.8242795064305
26161,84245,2357,234408,95.76209003105696,57.415275929149175,3287.202001702968,2396.644737961803
26163,57223,563,1205390,87.78088419515676,26.497813985515062,7611.524157486462,3685.6095832304322
26165,58652,3406,23571,89.974969241865,19.8549064528446,806.5320824368985,341.0058650522011
27001,56406,2136,12381,92.57733624101446,18.34262175914708,321.6442133786958,147.42794850366738
27003,95782,1203,249064,94.17218064433239,31.453361385025534,3195.800995055856,1770.6100643563507
27005,68683,2197,24188,93.14122705473788,26.30643294195469,665.2082380728609,365.9494500610706
27007,62173,3292,28737,92.43831993597105,31.440303441556182,858.53945745085,485.5048918394129
27009,70346,3948,27275,91.65169569202567,23.64802933088909,934.066378797567,508.60003932363196
27011,63024,5327,3746,93.35290977042179,20.341697810998397,188.41178307101708,89.49860334105779
27013,70906,3327,40559,94.83468527330555,35.16358884587884,1174.824242174122,713.289562520019
27015,67038,3230,17713,92.982555185457,23.93722124992943,654.7961514853306,317.7200025179403
27017,74660,4154,25604,94.12982346508358,25.09764099359475,862.1623976954689,502.3504752660238
27019,116308,3386,70801,96.2938376576602,49.76200901117216,1610.126082019666,1015.408784677383
27021,61970,1471,22211,93.8859123857548,24.84804826437351,427.5488276208929,246.47920804806233
27023,62112,5823,8611,90.73278364882127,19.788642434095923,444.1227307850838,205.0219500443794
27025,97446,3844,39754,95.19545202998441,23.572470694772854,1139.8504287844085,641.8301956125156
27027,75006,3165,39868,94.25604494832949,36.68606401123708,1258.158972467311,760.3584680925176
27029,62723,3190,5793,87.5712066286898,18.263421370619714,212.16503010628307,95.17352573063583
27031,71937,4681,4502,97.20124389160374,46.401599289204796,334.59079485245854,234.49307026008253
27033,63586,6049,7800,91.3076923076923,22.512820512820515,375.7938264527506,193.43991315134528
27035,65975,2138,48098,94.30745561145993,27.15705434737411,1229.0211552288267,615.404744863086
27037,101360,1174,298459,95.58163767887717,44.120968039161156,3771.919802965063,2493.2883908605518
27039,92890,3766,13896,95.75417386298216,30.303684513529074,575.1895339798874,337.8801562684616
27041,72472,4761,27956,95.65030762626985,28.405351266275577,764.1236810883432,414.10022941312167
27043,64000,3320,9905,93.25593134780414,21.403331650681473,341.60796243647485,164.17977951014552
27045,73234,3056,14574,91.88280499519692,23.29490874159462,340.74917461382057,166.04517457607733
27047,65679,2178,21959,88.5149596976183,17.07272644473792,695.3574620294227,296.47428218987227
27049,78338,3302,33717,94.47756324702672,27.790135539935346,1015.960137013259,562.7450577304078
27051,67600,4961,4339,93.2703387877391,19.03664438810786,176.61823235442031,78.85429601486528
27053,92595,1005,885895,93.82037374632434,52.568080867371414,6576.46348731596,4556.89038709513
27055,71580,5972,13482,94.81530930129061,26.680017801513127,578.1833619190369,303.9062355398454
27057,67197,2335,15654,94.11651973936374,29.589881180528938,463.5957290571172,271.5916051721776
27059,84063,3713,28725,92.46301131418625,19.7006092254134,1040.2095942645406,541.1829635160368
27061,63962,2918,32773,94.41613523327129,24.67274890916303,867.3373046283666,496.81284202403623
27063,68368,3525,7176,93.45039018952062,23.076923076923077,296.23976775578257,172.0348801842231
27065,68995,3201,11514,91.33229112384923,14.981761334028139,359.86386314827445,151.960521188893
27067,73285,3549,29348,90.13220662396074,25.896142837672073,913.1724919203381,451.86945017338803
27069,66000,4101,2981,96.04159677960416,27.205635692720563,182.6636252788168,94.69952481401371
27071,59779,4209,9123,92.7107311191494,17.077715663707114,508.8034984156457,226.57007745949156
27073,66967,3464,4894,94.11524315488353,20.78054760931753,200.45947221321322,88.19863944528849
27075,73860,3386,8206,92.87106994881793,26.05410675115769,401.7088497904919,199.2234925906079
27077,61667,5812,2906,96.00825877494839,21.231933929800412,270.4348350342463,140.74800176201438
27079,87180,3717,19934,94.85803150396308,24.661382562456104,663.158352130168,292.9744016121545
27081,64750,4715,3946,93.25899645210339,22.351748606183477,173.83325343558406,79.74333827975852
27083,68919,3026,16191,92.82317336792045,27.509109999382375,592.7604912610151,329.82571155081285
27085,73296,4073,25543,93.50898484907802,18.9132051834162,889.2941020832197,431.76498236888085
27087,52739,2904,3239,86.94041370793455,13.707934547699907,112.68540278137182,52.94336596779619
27089,69396,2814,6311,92.60022183489146,18.50736808746633,222.11483516415558,105.82532778120746
27091,61674,4915,14226,94.03205398566006,23.077463798678476,651.0476173061384,328.3443314570849
27093,75926,2837,15925,94.08477237048666,20.031397174254316,519.7749513010415,260.3920121662721
27095,68088,3030,18447,90.64888599772321,16.658535263186426,588.1870450800493,254.17513647089874
27097,66264,2638,23694,92.39469907993585,17.468557440702288,680.619570685416,282.4712374738356
27099,66972,3831,26677,90.96600067473854,23.98695505491622,870.4912406222132,462.29536013245905
27101,71500,3724,5815,91.22957867583835,21.582115219260533,215.63394908965518,112.7962765342899
27103,79113,4452,22326,95.09092537848248,34.90549135537042,825.4671404725932,499.6648876997462
27105,62973,5081,13986,79.37222937222937,17.045617045617046,524.8809388804284,242.89298054904756
27107,65278,4030,4463,92.82993502128613,21.868698185077303,196.25238852049674,114.70396680150168
27109,90420,3217,109809,94.93210938994072,47.66367055523682,2229.9383399547173,1533.3463405245404
27111,67990,2597,42869,93.18155310364132,26.55998507079708,999.2852445623322,529.0699386659575
27113,71504,4314,9696,95.29702970297029,19.65759075907591,561.4490181663871,246.24784263014368
27115,65059,2496,21460,91.17893755824791,15.396085740913326,488.67371527431266,210.14042923721271
27117,68341,5833,6244,92.6809737347854,20.515695067264573,290.91579537728785,150.0966355385756
27119,69540,3726,20982,93.42769993327614,26.665713468687446,726.4516501461057,456.7690882710869
27121,71212,2051,8222,95.23230357577232,22.39114570664072,317.86789708934117,152.0131573252789
27123,78108,1249,367944,91.1926814950101,44.724197160437456,4041.005072998548,2629.7342071015464
27125,73889,6742,2734,95.0256035113387,17.33723482077542,147.77685881084358,61.27805479941412
27127,65617,3497,10368,93.00733024691358,20.003858024691358,303.7103883636515,146.3249807790864
27129,66313,2339,10268,91.37125048694975,17.958706661472537,304.6719547316425,147.07141122597554
27131,78214,3088,43025,92.46949447995351,29.952353282975015,1140.1355182608777,614.4623666263053
27133,75060,6625,6488,93.9734895191122,27.419852034525277,331.48906467634794,186.9117438792972
27135,70122,2699,10505,92.93669681104237,19.97144217039505,363.78565117387467,159.10373974234545
27137,66491,1525,137528,94.8941306497586,31.67064161479844,2192.3929848455546,1392.829494231078
27139,118268,3544,98511,94.90513749733532,42.876430043345415,2329.0807199408096,1661.698528614622
27141,99431,4078,64190,94.4025549150958,27.26592927247235,2011.5230548020074,1156.241324291776
27143,74781,3529,10409,93.15015851666827,17.849937554039773,376.6284641393956,153.13392831113555
27145,73105,1731,97939,92.70668477317514,28.445256741441103,2021.2186917797885,1168.5948827544985
27147,79722,3847,25211,92.65003371544167,28.35270318511761,940.1510516932904,524.4225395613731
27149,69737,5579,5784,93.6030428769018,28.6134163208852,307.34508292796875,175.74413219222996
27151,58362,4767,6827,93.11557052878277,22.879742200087886,323.3032632065442,188.8253160992985
27153,63216,3456,17552,89.02689152233364,14.8359161349134,476.04306527876236,199.1657601095128
27155,63456,6655,2341,93.84878257155061,16.18966253737719,148.8455575420375,53.76802023508026
27157,75063,3181,15468,94.51771399017326,26.700284458236357,547.3463254649655,289.64288356526214
27159,54747,2697,9372,92.4775928297055,18.363209560392658,432.9168511388763,229.95216893954273
27161,71856,3640,13088,92.92481662591688,21.966687041564793,599.1135117821998,286.1870018012698
27163,110828,2338,182135,96.19677711587559,47.89085019353776,3062.1876167210917,2048.265363667511
27165,65197,5388,7565,87.82551222736285,18.189028420356905,385.926158740244,170.1234845634194
27167,67114,3779,4515,93.33333333333333,24.208194905869323,284.50131809887984,161.38153549895353
27169,66162,4142,31020,93.14958091553837,31.795615731785944,975.2635541226792,561.745493973917
27171,102980,3863,92801,94.92785638085796,33.085850367991725,2378.664331090034,1454.7034061966033
27173,70605,4435,6612,92.5892316999395,19.388989715668483,255.87301538067666,117.51170154499508
28001,37271,4671,20302,82.51896364890159,20.288641513151415,999.6239292854088,486.8274848444775
28003,47716,4160,24069,81.89787693713906,17.61602060742033,1124.7186314807807,591.4634392758355
28005,34866,3839,9134,87.54105539741624,9.240201445149989,692.9646455628166,230.87225905248988
28007,42680,5034,11712,84.0846994535519,16.188524590163933,638.5569669183792,267.6733083443323
28009,38750,3034,5418,77.99926172019195,11.000369139904024,457.42431067882694,157.28318409798297
28011,37845,3176,20052,82.23119888290445,27.169359664871333,898.1519915916236,516.8394334800703
28013,44505,3793,9191,78.31574366227832,11.957349581111957,483.611414257356,174.51647486698783
28015,42285,14597,7391,78.81206873224191,17.994858611825194,607.5195470106291,304.4174765022534
28017,40224,3081,11468,76.03767003836764,11.27485176142309,688.9920173703031,246.25393397872855
28019,41887,4482,5759,86.94217746136482,17.329397464837644,384.7050818484206,161.23895310997278
28021,34282,3908,5119,82.14495018558313,22.289509669857395,510.2812949736645,271.4479692316743
28023,46329,9184,10758,85.6664807585053,12.678936605316974,626.7958200243521,228.64382781960242
28025,37412,3918,12731,81.67465242321892,18.01115387636478,700.733900992381,344.2121438880389
28027,36075,2567,13433,81.29233976029182,20.03275515521477,744.405803308921,348.6115316509194
28029,46889,3613,18528,84.88773747841105,21.340673575129532,920.2032384207306,479.33495595460175
28031,40164,5734,12184,82.85456336178595,15.709126723571897,913.2934906151472,396.208278560658
28033,79666,2535,122411,91.21320796333663,27.447696693924566,2814.7628674543794,1464.2523689583022
28035,49340,2744,47240,89.5194750211685,28.664267569856055,1861.0268670817195,916.1910281158619
28037,43942,6337,5254,84.31671107727446,16.482679862961554,423.20089791965233,205.52128843504266
28039,51349,4884,16155,86.02290312596719,16.013618074899412,995.7986744317348,404.9629612692993
28041,50000,7358,10020,81.11776447105788,11.357285429141717,589.6482002007638,256.9785983306781
28043,45745,4951,14635,82.036214554151,22.077212162623848,911.6814136528177,498.1174560281942
28045,63623,3197,33638,90.36506332124384,24.365301147511744,1598.6012636051555,744.4427446083413
28047,55211,2367,140048,89.09516737118702,24.80149662972695,3193.1553360273597,1878.7841813257849
28049,48596,2731,147715,88.93883491859323,31.32383305690011,3255.4013577437727,1845.4338243350803
28051,28818,2275,10747,81.03656834465433,14.748301851679539,618.0113267570425,259.64976410541954
28053,31907,3675,5085,74.76892822025566,18.623402163225173,355.90729129929326,163.61845861637983
28055,17900,5191,1046,64.34034416826003,5.162523900573614,106.10372283760829,30.610455730027933
28057,57252,7289,15997,85.24723385634806,15.259111083328124,938.2307818442113,416.9388444364473
28059,60045,2331,98824,88.737553630697,23.59649477859629,2885.3431338404102,1374.9479990166901
28061,43914,5166,11321,88.63174631216323,14.901510467273209,776.6537194915119,298.3521409341652
28063,31544,4159,4926,75.86276898091758,19.732034104750305,516.5646135770432,304.62435884216484
28065,36473,5601,8072,85.49306243805748,14.16005946481665,545.9395570940065,259.2817000869903
28067,49451,3828,44140,86.13049388309923,20.74309016764839,1765.9943374767656,782.2851142646139
28069,42947,4192,5930,80,16.54300168634064,529.5318687293523,254.27150843144028
28071,59748,3181,32280,91.77199504337051,45.080545229244116,1557.9916559468475,918.5771606130864
28073,67972,3073,43319,91.19324084120132,33.601883699993074,1686.4628664752747,1028.121101816318
28075,45649,2295,49448,84.19349619802621,20.427519818799546,1689.2258581965882,868.6529801940474
28077,41096,3864,8086,82.9087311402424,13.900568884491713,625.0151998151725,206.7413843428548
28079,46669,3856,14465,81.32734185966125,16.94434842723816,768.169903081343,336.579856794788
28081,64479,3501,55410,87.27305540516153,28.3197978704205,1781.0895541774423,1094.76070444641
28083,33115,2746,17405,83.19448434357943,19.224360815857512,905.9586083260095,493.1875910847717
28085,47069,3673,23899,87.33838235909452,19.184903134022345,1251.7475783879113,649.4443779108416
28087,53687,2264,38896,88.03218839983546,26.110654051830522,1508.4922936495234,764.290520679146
28089,79105,2822,73232,92.55926370985361,49.54664627485252,2416.3813854604987,1726.274311921486
28091,38399,2964,16676,82.77764451906933,11.267690093547614,965.7618754123606,340.1323271904627
28093,51431,7450,23704,82.76662166722916,13.984981437732028,1187.2569224898207,468.1185747222599
28095,51190,2396,23671,84.90980524692662,16.074521566473745,1026.918205116649,460.2586229501844
28097,36845,5992,6714,75.6478999106345,16.87518617813524,523.3278131343681,261.1570408777064
28099,47400,5518,18167,82.31408598007376,15.313480486596577,961.7759614380055,415.78359756007694
28101,49160,4308,13646,85.73941081635644,16.165909424007037,734.3017091087287,331.97138430894915
28103,42298,4628,6679,81.08998353046863,13.355292708489294,559.5516061991066,221.15605350068986
28105,42953,4571,26082,90.93627789279964,44.44827850624952,1427.2876374438335,944.4130452296813
28107,47894,7813,22135,81.87034108877343,16.037948949627285,1251.1214968978832,650.8102642091626
28109,54220,4942,38640,86.88664596273291,15.936853002070393,1629.0110496862812,742.8694367114588
28111,48333,5260,7743,85.93568384347152,10.78393387575875,609.6991061171076,207.88939366884497
28113,40131,2290,25894,82.70641847532247,16.7374681393373,1192.489832241768,583.5203509732972
28115,54414,5061,20499,80.0526854968535,17.85452948924338,949.686790473575,438.99202726245494
28117,51578,6321,16541,83.48951091227858,18.481349374282086,962.7845034066554,518.175645896254
28119,31192,3891,4174,75.20364159080019,14.374700527072353,275.5576164797482,129.29423807734048
28121,76460,3062,108893,90.02139715133204,32.73764153802357,2995.102836297946,1727.2689425795857
28123,44968,6989,17818,77.66303737793243,11.084296778538556,976.7297476784456,373.34300582708124
28125,41000,10196,2511,79.72919155714855,16.049382716049383,293.9829927053604,111.34181604410807
28127,50867,3344,17639,80.1009127501559,16.463518340041954,935.5586566324957,456.26856126627877
28129,51983,10876,9800,82.04081632653062,14.479591836734693,610.3777518881238,289.6118091514916
28131,55894,6418,11853,85.60701932000337,14.29174048764026,795.7015772260352,343.0976537372414
28133,37403,3958,17621,77.03308552295556,17.354293172918677,731.582531229389,367.5363927558739
28135,35428,4291,8721,78.13324160073385,11.672973282880404,661.7899969023406,244.52198265186712
28137,61286,5072,18279,83.549428305706,18.058974779801957,1059.8141346481466,513.2114573935387
28139,47968,4519,14263,79.2540138820725,15.845193858234593,830.7129468113519,441.46234267488774
28141,45545,6623,13416,81.48479427549195,14.795766249254621,832.2589741180326,323.3264604080526
28143,41676,10036,6189,83.6322507674907,16.917111003393117,605.1454370645126,275.8568469333324
28145,55970,5249,18512,77.5767070008643,17.69122731201383,959.1084401672211,458.37539200964966
28147,37145,6419,9323,81.47591976831492,18.277378526225466,814.8275891254542,383.7903073294061
28149,54117,2094,30071,87.65920654451132,26.753350404043765,1374.3278357073323,747.2710351672946
28151,38394,4280,29380,80.09870660313138,20.599046970728388,1054.7625325162057,582.2070078588886
28153,34875,4489,12605,82.45140817136057,19.841332804442683,910.4905271335886,506.9536467962332
28155,55657,6714,6755,84.8260547742413,17.912657290895634,447.82585901218346,211.27943581901198
28157,34928,8245,6148,85.31229668184776,11.467143786597267,598.8722735275027,213.48302040209194
28159,45516,5780,12329,85.47327439370589,17.40611566225971,731.9603814415094,294.05271636221966
28161,47006,5290,8961,84.46601941747574,12.342372503068853,616.3391923283801,229.45369903316006
28163,41867,4436,19377,77.03978944108995,11.874903235795015,821.2374808787042,314.42010113858817
29001,51020,4430,13868,91.99596192673782,34.2947793481396,684.4691373612108,451.0975504256258
29003,68774,4776,12659,94.47033730942412,26.115806935776916,665.2638574280132,338.0813511567889
29005,58521,3686,3857,90.66632097485092,21.311900440757064,210.04761364985796,107.63828315241747
29007,51745,2309,17336,86.796262113521,15.366866635902168,820.6832519309748,301.3536128869206
29009,55592,5385,24415,85.52529182879377,14.900675814048741,1035.3129961514055,508.7189793982528
29011,48105,5576,7997,86.63248718269351,18.3068650744029,491.81195593437945,223.3718872194977
29013,54122,5182,11069,88.50844701418376,13.876592284759237,525.3332275803616,212.81447319202704
29015,50229,3879,15146,87.62049385976495,15.046877063251024,650.6834868044524,302.6846543847243
29017,52306,8644,7616,84.29621848739495,11.69905462184874,490.0867270188002,198.77122528172936
29019,66564,1774,111010,94.76353481668318,49.717142599765786,2722.629060301825,1964.738913952691
29021,58303,2955,57316,89.62244399469607,23.34950101193384,1470.291127634252,799.8943680261788
29023,47245,3235,28995,83.59372305569926,13.902396964993965,1188.7813087359677,515.081546941841
29025,58269,2991,6078,89.84863441921685,16.814741691345837,300.90031571934253,127.65578717786359
29027,70599,2149,30868,90.17105092652585,24.870415964753143,1250.7157950549756,690.192726707548
29029,59834,2731,33043,91.74106467330448,22.555458039524257,1180.296572900218,577.9948096652772
29031,65070,2407,52784,91.84033040315246,33.63329796908154,1560.8305481377536,966.1350837227681
29033,59101,2499,5968,91.37064343163539,20.74396782841823,343.4778013205511,181.60947111866165
29035,45737,8517,3586,83.40769659788064,14.835471277189068,336.4981426397477,158.0442975877333
29037,82473,3273,73862,94.08897674040779,27.8600633614037,1916.993479383798,1108.5400308513897
29039,43589,2722,9906,85.80658186957399,17.332929537653946,663.5495460024067,333.8248043510248
29041,61910,6053,5227,92.0795867610484,21.446336330591162,305.6484909172627,156.26259949200897
29043,75787,3210,60588,92.81210800818644,31.874298540965206,1924.6378880194582,1201.6026797573315
29045,53362,7856,4607,89.62448448013892,12.915129151291513,349.5640141662182,110.90085662428402
29047,82264,1686,172370,93.80054533851599,34.94633636943784,3354.787325599046,1905.7486717822999
29049,66494,3646,14647,93.80760565303476,22.339045538335494,726.4633507617573,388.823867580168
29051,70667,3712,53377,92.51737639807408,35.79631676564813,1744.8289314428507,973.0143883828234
29053,62239,2894,11557,90.45600069222117,23.345158778229646,470.0425512653083,252.90709756746645
29055,52367,2284,16167,84.21475845858848,13.589410527617988,756.4681090436001,334.0688551780905
29057,46806,5007,5543,89.41006675085694,14.396536171748151,307.959412910208,121.61003248087717
29059,46547,4967,11925,88.88888888888889,13.316561844863731,762.9665785602932,327.6018925464259
29061,59706,2544,5622,87.06865884027037,20.08182141586624,288.1787639643143,166.44819013735176
29063,67910,8906,8719,89.23041633214818,14.611767404518867,458.8550969532757,207.66800427605597
29065,51410,3880,10217,85.60242732700401,17.294704903592052,591.671361483721,251.1473670974872
29067,47848,4406,8477,84.75875899492745,15.748495930163973,577.4919912864593,277.2525924134885
29069,44868,3104,18633,80.03005420490527,13.637095475768797,698.7467352338757,314.2817207538485
29071,70111,2827,73034,90.42363830544677,21.376345263849714,1839.5692430566455,868.6696725453238
29073,62638,4011,10689,88.92319206661054,19.346992235007953,529.2693076308128,260.28061779548625
29075,53799,3256,4199,87.61609907120743,21.147892355322696,218.62753714937193,120.97933707869291
29077,54968,1298,196608,93.13100179036458,32.391866048177086,3339.826342790894,1977.6438000812989
29079,51045,3689,6669,85.44009596641176,14.9947518368571,336.07439652553126,167.77067681809
29081,51809,3845,5627,90.7588413008708,16.91842900302115,340.4996328926068,163.41664541900252
29083,54903,4300,15702,89.14787925105082,15.88332696471787,716.6896120357821,287.13411500551445
29085,33302,3694,6468,89.39393939393939,10.064935064935066,484.5905488141509,179.4073577086514
29087,55153,4625,3123,93.6279218699968,21.06948447006084,174.1436188896969,92.59589623736032
29089,59023,5319,6548,88.53084911423335,26.405009163103237,386.13857616146043,226.20786900547913
29091,46401,3651,27255,86.19702806824436,17.974683544303797,1101.0290641032143,521.116109902582
29093,53401,8529,6875,86.34181818181818,18.836363636363636,388.03479225450906,193.1113668327165
29095,65169,1131,487731,91.74914040731468,32.96181706719483,5421.067791496432,3185.0197801583586
29097,54963,2039,80808,88.27838827838828,24.741362241362243,2180.5909749423436,1108.138078039014
29099,77217,2028,157831,91.18360778300841,22.76168813477707,3028.8776799336088,1501.9627159154118
29101,62503,2556,31537,92.3645242096585,28.426927101499825,1213.8084692405141,703.6334272900912
29103,49167,7709,2498,85.18815052041633,15.972778222578063,198.73852168112754,92.27675763701279
29105,49202,2100,24359,87.31885545383636,16.884929594810952,1079.611504199543,548.9398874193786
29107,78397,7050,22870,91.70091823349367,22.859641451683427,922.3372485159645,514.0019455216099
29109,52225,2493,25424,85.82835116425424,15.331969792322216,998.1152238093556,482.8156998275843
29111,49779,5383,6369,86.41859004553305,14.97880357983985,332.0090360216119,154.08439246075508
29113,82543,2649,40408,90.74440704810928,18.323104335775096,1512.5369416976234,733.4452944835082
29115,58435,3986,8178,90.37662020053803,19.613597456590853,408.2095050338735,247.34591162984682
29117,58772,3049,10129,87.52097936617632,19.47872445453648,498.44558379024687,238.63361037372752
29119,46494,3531,15568,79.27800616649537,11.831963001027749,787.1448405471511,308.2498986212323
29121,54113,3740,10433,91.25850666155468,17.473401706124797,467.09206801229243,211.15870808470106
29123,54042,6291,8667,88.24275989385023,16.095534787123572,596.9195925750804,268.41572234129654
29125,56491,6166,6063,87.03612073231074,18.357248886689757,417.37153712250193,222.14409737825582
29127,62492,4094,19366,89.69327687700093,24.72374264174326,868.0311054334401,471.12418744955136
29129,55592,10045,2412,91.00331674958541,20.480928689883914,193.28476401413536,109.85900054160332
29131,53490,5008,17218,89.13927285399001,21.105819491230108,749.6986061078145,374.7732647881916
29133,40833,7546,8660,79.31870669745959,13.683602771362587,526.9345310377752,222.10132822655518
29135,66792,5991,10329,86.36847710330139,18.665892148320264,473.23567067582724,232.34026771095878
29137,50245,3611,6104,89.9737876802097,16.382699868938403,364.87532117149277,141.3859964777276
29139,58660,5173,8029,87.74442645410387,15.992028895254702,397.85424466756666,188.86238376129853
29141,48841,4296,14928,79.7293676312969,13.87325830653805,663.7838503609439,269.35292833010004
29143,44092,4593,11194,83.32142219045917,13.03376809004824,576.9428047909082,215.32301316858818
29145,60313,3791,40171,89.34305842523213,22.195115879614647,1422.737502141558,722.7821248481454
29147,53917,2349,12492,94.18828049951969,26.048671149535704,586.3122035230036,325.4796460610095
29149,41365,5717,6160,85.76298701298701,14.301948051948052,440.7607060526154,187.76048572583105
29151,70313,3209,9050,92.76243093922652,23.07182320441989,462.95680144048,228.79903845951802
29153,39125,7092,6552,80.93711843711844,10.378510378510379,390.65713867789486,156.14096195425466
29155,37426,4951,10286,82.21854948473654,11.637176745090414,514.7484822707105,178.74003468725186
29157,61486,4247,13092,85.64008554842653,20.294836541399327,575.3329470836865,328.79781021168617
29159,57581,2677,28595,87.55726525616366,18.538205980066444,993.3025722306371,454.98571406144174
29161,53242,2323,28068,91.76998717400599,31.55907082798917,1218.2651599713422,693.5603794912163
29163,53363,4576,12388,86.42234420406845,15.361640297061673,553.194360058018,228.29148034913612
29165,92543,3242,73376,96.36938508504143,44.31421718273005,1962.969434301003,1227.5060081319357
29167,54487,4425,20930,87.90731008122313,20.267558528428093,990.6583669459417,575.3790055259229
29169,62541,4332,29480,94.50474898236092,26.940298507462686,1474.2971206646237,779.9839741943421
29171,50950,6992,3339,93.44115004492363,18.418688230008986,305.2933015970052,138.1557092558972
29173,62615,4994,7423,91.48592213390812,15.761821366024519,433.6761464503207,203.41828826337124
29175,51480,5742,17188,89.63811961833838,17.09332092157319,706.6010189633186,301.2490663885948
29177,69779,4528,16094,89.66074313408724,15.129862060395178,736.8799088046844,325.44431167251946
29179,43856,6333,4529,78.73702804151027,14.175314638993155,302.2813259200773,149.00671125825173
29181,42541,6081,7522,82.17229460249933,11.858548258441903,410.5800774514029,158.50867484147358
29183,99596,1457,279408,95.43713852144535,41.96622859760637,3716.892519296193,2538.644520211524
29185,43483,2443,6828,89.3526654950205,12.360867018160516,389.69346928066426,158.8395416764982
29186,61215,4737,13199,91.46147435411774,16.380028790059853,760.8028653994411,300.90031571934253
29187,53083,3501,47111,86.86294071448282,15.501687503979962,1601.4015736223066,762.8079705928616
29189,78067,1284,693191,94.19178841040926,46.07893062662383,6619.695838933992,4540.308910195428
29195,55396,4866,14738,87.92916270864433,24.989822228253495,752.4765777085689,419.0584684742691
29197,53728,2324,2678,92.38237490664675,12.359970126960418,190.68298298484845,84.26743143112884
29199,58656,7539,2923,83.23640095791994,14.608279165241191,256.50341128335896,97.26253132630262
29201,54621,3245,25769,86.37122123481703,21.168846288175715,988.8200038429643,464.1271377543011
29203,46767,9920,5131,85.9481582537517,14.948353147534593,391.5469320528511,132.9887213262839
29205,50387,3722,4163,88.46985347105453,17.559452318039874,245.52392958732148,118.60438440462477
29207,51703,4047,20128,81.45369634340223,14.884737678855325,798.8041061486853,352.8809997718778
29209,58392,2181,24357,90.31489920761999,20.61009155478918,923.1538333344015,489.1359729155074
29211,53438,6501,4121,85.75588449405484,14.389711235137103,263.9223370614924,112.59662517144997
29213,54467,3157,38856,89.83425983117151,23.816141651225035,1465.7550955053848,778.725240376861
29215,42870,4897,17662,84.89978484882799,15.185143245385573,753.8143007399103,396.82993838670996
29217,53318,3351,13356,88.36477987421384,17.759808325846063,746.8159077041678,371.1118429799836
29219,75531,5347,24681,88.26627770349661,19.156436124954418,1137.71305696999,531.4310867836017
29221,49364,3832,16328,81.65115139637433,12.273395394414504,790.9159247353665,379.38766453325815
29223,42758,5529,8244,82.1567200388161,11.050460941290636,513.7548053303249,205.54561537527383
29225,65103,2215,25319,87.91026501836565,18.369603854812592,1013.2684738014896,548.7431092961441
29227,43536,5123,1400,94,15.642857142857142,123.22743201089601,57.723478758647246
29229,43573,2950,12186,82.40603971770885,12.842606269489579,693.9488453769485,297.5079830861686
29510,52941,1545,215632,89.97644134451288,38.61718112339541,3537.614591783565,2238.6118466585494
30001,55867,3009,6523,94.2971025601717,36.44028821094589,429.5648961449248,269.73134782594326
30003,52463,4597,7432,89.30301399354144,19.819698600645857,431.50434528518946,200.59162494979694
30005,58507,5222,4353,89.11095796002756,23.77670572019297,287.9722208825011,144.43683740652867
30007,61679,6687,5080,93.3267716535433,22.263779527559056,499.98499977499324,248.66644325280402
30009,66780,6709,8213,95.82369414343114,31.389260927797395,484.46465299338405,295.8614540625392
30011,46486,5197,994,94.2655935613682,21.327967806841045,113.20335684068738,47.042533945356304
30013,61351,2847,57794,93.3678236495138,27.601481122607883,1622.1618291650188,923.9144982085734
30015,51791,5643,4079,92.32655062515322,24.515812699190977,246.686035275611,103.62914647916386
30017,61114,7151,8580,94.42890442890443,26.63170163170163,453.6672789611347,237.83187338958587
30019,47378,13835,1180,96.1864406779661,26.016949152542374,135.43264008354853,69.17369442208505
30021,68168,5777,6222,95.21054323368692,24.62230793956927,534.6933700729793,326.0950781597294
30023,46436,3147,7387,90.4697441451198,20.224719101123597,517.3122847951709,261.53776018005505
30025,79750,12297,1945,96.5038560411311,18.097686375321338,223.69622258768698,98.05610638812863
30027,58321,5482,8568,94.64285714285714,27.57936507936508,570.8336009731732,334.9059569491113
30029,68025,2865,75750,95.59075907590758,34.892409240924096,2060.29803669275,1198.8619603607415
30031,83434,2988,77076,97.57771550158286,52.88546369816804,2053.788207191774,1323.675186743334
30033,61786,12726,687,97.08879184861718,21.397379912663755,88.656641037206,44.31703961232068
30035,41078,4052,8421,86.69991687448046,20.47262795392471,526.8092633961555,237.84448700779257
30037,54792,9714,654,91.28440366972477,23.394495412844037,83.50449089719666,38.600518131237564
30039,53917,4097,2581,90.39132119333591,31.46067415730337,232.43708826260925,138.88484438555562
30041,58427,4653,10008,90.42765787370104,23.651079136690647,538.531336135605,273.41909223753925
30043,73875,9063,8988,93.69158878504673,33.266577659101024,531.1016851790248,295.8293426960889
30045,58750,12296,1452,94.21487603305785,27.272727272727273,165.598913039911,63.42712353559792
30047,58009,2463,22064,92.29514140681654,31.94343727338651,765.8407145092248,439.072886887815
30049,71967,3306,50662,95.02980537681103,42.71446054241838,1618.7952310283101,1073.4002049561943
30051,48047,9252,1363,76.59574468085107,27.219369038884814,152.64337522473747,104.83797022071727
30053,44593,3874,15504,92.3890608875129,17.46001031991744,775.2760798580077,339.29927792437167
30055,79022,14838,1340,96.94029850746269,21.34328358208955,151.59815302304972,82.3407554009556
30057,61226,5670,6951,96.38900877571572,31.635735865343115,436.8546669088016,248.49346067854583
30059,55753,6936,1490,97.24832214765101,36.241610738255034,227.92103895867095,138.49548729110273
30061,56098,4309,3459,93.0904885805146,26.047990748771323,257.62375666851847,149.00671125825173
30063,66840,1960,81050,96.38371375694015,44.492288710672426,2234.0505813432246,1457.5987102079914
30065,54875,3523,3692,91.11592632719393,19.718309859154928,329.4829282375644,163.49311912126456
30067,67602,5359,13482,96.89956979676606,36.3447559709242,764.5671978315576,469.20144927312407
30069,57981,25523,323,99.69040247678019,23.8390092879257,74.77298977572049,31.304951684997057
30071,61250,9480,3028,93.16380449141347,20.046235138705416,290.5047331800293,133.57020625873122
30073,59861,5731,4119,87.95824229181841,21.87424132070891,273.30568965903365,126.74778104566565
30075,60313,7901,1373,89.29351784413693,25.491624180626367,134.57340004622014,84.61087400565013
30077,60994,6579,5489,92.51229732191656,19.38422299143742,381.4420008336785,188.24983399727077
30079,44107,9319,950,86.21052631578948,22.42105263157895,144.3433406846329,90.45440840556087
30081,67424,3161,33694,93.02249658692942,28.79741200213688,1302.066050551968,696.3727450151965
30083,67515,6993,7543,95.71788413098237,14.158822749569136,543.1509918982014,233.50160599019443
30085,51038,4160,6182,93.22225816887739,19.83176965383371,318.2499018067405,158.14866423716643
30087,57656,8074,5134,89.67666536813401,19.439033891702376,335.286444700647,171.8342224354625
30089,47110,4919,9732,90.64940402794903,18.084669132757913,552.4183197541515,235.75410919006268
30091,67457,6061,2643,90.46538024971623,25.501324252743096,204.88533378453423,116.09909560371261
30093,56297,2474,24314,93.53458912560664,27.658961914946122,977.3141767108467,533.90448583993
30095,78380,4212,6538,92.93361884368308,29.275007647598652,364.01373600456344,206.54539452623968
30097,64872,4302,2593,96.02776706517547,23.60200539915156,235.1318778898344,109.38921336219582
30099,65224,5858,4253,89.84246414295791,25.487890900540794,255.62863689344354,146.13692209705252
30101,54040,7973,3554,87.3663477771525,22.28474957794035,278.7328470058741,156.64609794054877
30103,70096,12422,538,94.05204460966543,32.15613382899628,85.61541917201598,55.96427431853289
30105,59725,6340,5374,93.2638630442873,19.61295124674358,391.1777089763679,167.99404751359495
30107,48272,10149,1522,92.3784494086728,20.696452036793694,172.20336814359933,72.61542535852834
30109,58750,25620,773,95.08408796895213,22.509702457956017,123.92336341465236,62.14499175315739
30111,72300,2616,113507,95.30249235729956,34.26132309020589,2787.011661260139,1831.7437047796834
31001,61502,2829,20343,92.41508135476576,27.051074079535958,800.2368399417762,416.10695740398285
31003,61924,2698,4288,93.63339552238806,20.475746268656717,227.51483468116976,101.66120203892929
31005,66667,19529,315,96.5079365079365,31.428571428571427,52.94336596779619,26.851443164195103
31007,62375,20363,510,91.17647058823529,30.392156862745097,61.89507250177513,38.961519477556315
31009,52083,8876,322,90.37267080745342,20.80745341614907,53.786615435440815,29.546573405388315
31011,66800,6133,3747,93.94182012276488,17.98772351214305,204.0612653102004,94.5568612000208
31013,67893,7591,7434,91.88861985472155,18.06564433683078,617.6333864032935,287.09231964648586
31015,57120,5955,1343,95.23454951600894,16.902457185405808,112.44998888394787,50.18964036531842
31017,44267,7904,1988,92.45472837022133,21.327967806841045,196.9746176541536,110.96395811253309
31019,70093,3089,31028,92.55188861673328,35.16501224700271,1104.6429287330816,753.9615374805269
31021,54950,4877,4723,91.02265509210248,23.39614651704425,228.97816489787843,125.54680402144851
31023,75690,9891,5785,92.37683664649957,25.306828003457216,298.0033556858043,175.54201776213011
31025,87673,3002,18457,95.38386520019505,31.272687869101155,680.5152459717564,402.65493912281767
31027,72035,5530,5583,94.69819093677235,23.302883754253987,262.9581715786752,145.09996554100212
31029,57313,5811,2570,87.93774319066148,24.396887159533073,224.33011389467978,112.1695145750395
31031,62373,5929,3749,97.81275006668444,25.92691384369165,330.3195422617318,156.19859154294574
31033,54038,4158,6642,92.30653417645287,23.833182776272206,391.43326378835,218.36437438373505
31035,73933,5188,4181,93.25520210475963,21.573786175556087,184.77824547278286,87.77812939451375
31037,71205,3687,6596,73.13523347483323,12.825955124317769,503.8501761436628,163.25440269714014
31039,68917,4351,6124,92.12932723709993,23.954931417374265,363.1170610147642,179.60790628477355
31041,62288,4725,7313,94.68070559277999,25.80336387255572,374.97333238511777,198.10603221507415
31043,66112,6181,12896,78.5514888337469,14.260235732009926,709.1621817327825,314.44395367060247
31045,53760,5529,5179,95.63622320911372,36.03012164510523,487.5828134789002,344.5446270078812
31047,67462,4763,15509,78.76716745115739,16.022954413566318,637.0988934223634,305.8136687592626
31049,58875,6223,1423,89.73998594518622,20.801124385101897,134.1603518182626,67.7126280689208
31051,60568,7084,3735,84.36412315930389,22.22222222222222,227.62469110357952,132.0075755401939
31053,66793,6453,24741,88.67871145062851,21.67656925750778,934.9160390109905,442.46807794461284
31055,76083,1154,381023,91.37506134800262,41.22717001335877,4120.922469544896,2807.3307607049082
31057,58977,9239,1248,94.23076923076923,26.28205128205128,142.81806608409175,74.444610281739
31059,72335,4594,4136,94.41489361702128,22.84816247582205,233.13515393436487,122.39689538546311
31061,55625,4955,2167,93.07798800184587,19.19704660821412,133.57020625873122,61.04096984812741
31063,62928,7256,1692,93.79432624113475,23.404255319148938,129.1394595001853,55.991070716677676
31065,58895,3573,3285,89.8021308980213,21.400304414003045,183.70628731755482,91.04394543296111
31067,60035,4191,15167,92.50346146238545,20.003955957011932,690.2441597000296,309.77088307328046
31069,47139,5743,1297,93.8319198149576,23.053199691595992,123.17061337835418,68.21290200541243
31071,64957,5742,1346,95.69093610698366,31.87221396731055,152.12166183683374,86.65448632355972
31073,76583,8773,1445,93.91003460207612,28.096885813148788,148.18569431628683,74.04052944165107
31075,65139,10971,445,91.68539325842697,26.96629213483146,56.815490845367165,30.347981810987037
31077,52813,4220,1535,92.83387622149837,17.133550488599347,106.62082348209472,56.133768802744754
31079,63553,4425,40196,84.93133645138819,21.288187879390986,1336.2757948866692,657.6283144755859
31081,73254,4537,6405,97.17408274785323,24.949258391881344,387.64287688541367,200.24485012104557
31083,64583,10166,2173,92.6829268292683,24.528301886792452,168.9260193102294,98.96969233053117
31085,59405,6404,681,92.95154185022027,18.061674008810574,82.94576541331088,38.23610858861032
31087,49456,3886,1848,93.45238095238095,18.83116883116883,128.4562182223967,57.113921245174545
31089,66325,4730,6891,93.94862864606007,27.48512552604847,383.09920386239384,192.48376554920156
31091,43333,1869,420,93.0952380952381,27.142857142857142,70.7248188403477,39.92492955535426
31093,70766,5885,4497,95.86390927284856,22.303758060929507,271.4921729995176,140.97872179871683
31095,54494,4252,5169,92.06809827819694,19.26871735345328,307.98051886442425,122.73141407154078
31097,64352,6351,3829,89.47505876207887,19.012797074954296,259.3202653091347,122.32742946698423
31099,74276,4216,4456,93.73877917414721,30.879712746858168,314.54888332340335,173.27723451163456
31101,59511,3813,6130,90.83197389885808,19.902120717781404,385.1155670704574,176.11927776367924
31103,63977,10389,633,98.10426540284361,28.751974723538705,86.72369918309528,49.06118628814432
31105,53151,5683,2506,85.27533918595371,11.532322426177174,236.75514777930383,73.57988855658861
31107,61250,3507,5741,91.91778435812576,18.916565058352205,224.01785643113362,101.1582918005242
31109,70387,1547,201049,93.2847216350243,40.85421961810305,3165.9136122137,2071.930259444077
31111,63019,3254,23882,93.51813080981492,20.199313290344193,1007.5743148770715,433.42819474510424
31113,69250,11569,558,97.4910394265233,25.268817204301076,71.07038764492565,33.361654635224554
31115,50000,10392,461,98.91540130151844,19.522776572668114,64.69930447848725,30.04995840263344
31117,58250,12583,339,93.80530973451327,17.404129793510325,64.85368146836385,21.447610589527216
31119,61139,3753,23257,92.95695919508105,24.457152685213053,818.049509504162,452.3626863480232
31121,57873,5913,5437,92.88210410152658,17.417693581018945,341.39859402170947,155.03225470849605
31123,57325,4882,3126,89.41138835572617,19.44977607165707,229.47766775876036,107.42904635153381
31125,60054,5780,2370,92.19409282700423,18.9873417721519,176.1760483153144,80.8084154033477
31127,57196,4871,4607,90.2322552637291,30.475363577165183,331.9171583392459,202.77573819370008
31129,66000,8523,3020,92.78145695364239,26.821192052980134,210.56827871263042,114.9130105775669
31131,73031,6092,10972,92.93656580386438,25.647101713452425,560.5140497793075,346.65400617907187
31133,55833,7460,1794,85.8974358974359,20.401337792642142,131.13733259449805,62.112800613078136
31135,61786,6351,1965,90.63613231552164,25.852417302798983,139.11146609823362,67.03730304837748
31137,65114,5604,6092,92.33420879842416,26.69074195666448,367.7947797345688,186.59314028120113
31139,65603,6783,4940,94.49392712550608,22.06477732793522,257.6839149035112,126.53062870309307
31141,69943,4198,22403,89.67995357764585,24.577065571575236,900.4915324421435,492.4601506721128
31143,67695,6341,3598,92.10672595886604,18.565869927737634,197.19787017105432,88.50423718670197
31145,58344,4815,7380,92.26287262872629,24.390243902439025,543.9117575489612,278.75437216302095
31147,50321,6898,5672,91.30818053596614,20.3984485190409,363.0661096825205,207.7955726188602
31149,57566,8243,925,95.13513513513513,28.64864864864865,89.87769467448528,53.94441583704471
31151,71104,6421,9320,80.52575107296137,21.931330472103003,477.98117117727554,243.74371786776373
31153,95911,1955,123235,95.70495394977077,41.158761715421754,2447.658064354578,1426.1009781919372
31155,84474,4859,15336,95.2660406885759,29.088419405320813,603.3282688553554,333.7948471741288
31157,60137,4055,24201,89.12854840709062,25.18904177513326,895.4920435157422,482.52046588719946
31159,79677,3632,11099,94.17064600414452,30.957743940895575,496.43730722015647,306.7050700591694
31161,53609,3317,3595,89.70792767732962,21.696801112656466,239.4222211909329,115.38630767989761
31163,60194,4195,2158,90.87117701575534,18.86005560704356,155.4991961394013,70.44146506142529
31165,50833,3100,783,96.04086845466156,24.904214559386972,107.68008172359454,54.78138369920935
31167,76035,4880,3980,93.99497487437186,20.100502512562816,300.6825568602209,158.74822833657075
31169,60305,3480,3514,93.45475241889585,22.50996015936255,178.88543819998318,87.25250712730265
31171,70069,13163,496,91.53225806451613,24.596774193548388,69.01449123191448,30.347981810987037
31173,63459,4069,3660,89.75409836065573,19.808743169398905,180.81482240126223,82.3407554009556
31175,62321,8616,2868,93.65411436541143,26.95258019525802,184.26611191426383,105.3138167573467
31177,89671,8506,14264,95.08553000560852,34.303140773976445,710.7650807404652,449.5230806087714
31179,64951,2373,5479,95.69264464318306,32.65194378536229,421.4178448998096,249.09034505576486
31181,62571,4179,2401,93.9192003331945,21.491045397750938,136.26811806141598,68.37397165588672
31183,59167,12111,611,97.87234042553192,24.713584288052374,78.3007024234138,46.16275555033516
31185,72914,4391,9553,93.81346173976762,25.269548832827383,534.7064615281921,311.88940347501386
32001,69922,7313,17516,92.1899977163736,17.641013930121034,1077.858061156477,507.7844030688615
32003,69911,566,1560375,86.45312825442602,26.39487302731715,9914.498171869316,5880.3869770619685
32005,84262,4442,38843,93.38877017738074,31.331256597070258,1339.153090576279,744.2479425567799
32007,87755,3959,34678,88.90074398754254,17.00790126304862,1485.2757319770628,632.921006129517
32009,40694,30242,873,78.12142038946163,24.284077892325314,156.6875872556598,84.36231386110744
32011,73929,32052,1111,95.22952295229523,15.211521152115212,224.74429914905517,98.83319280484669
32013,75574,8165,11339,85.41317576505865,20.813122850339536,739.2705864566776,421.3573305402435
32015,92388,15949,3854,90.2439024390244,14.037363777893098,506.1738831666446,200.33721571390575
32017,67412,6382,3187,88.23344838406024,15.34358330718544,430.66460267823265,153.48289807011074
32019,70026,3491,43054,87.3670274538951,16.11232405815952,1614.5702214521361,700.9978601964489
32021,46625,5538,3263,90.25436714679742,14.649095923996322,390.12562079412317,183.43663756185677
32023,53602,2914,40380,86.68647845468054,12.53838533927687,1642.8131360565633,663.4432907189581
32027,66304,16796,5013,84.06144025533612,10.053859964093357,435.0942426647358,135.60235986147143
32029,86932,20850,3113,92.41888853196274,31.35239318984902,386.0893678929789,214.81852806496929
32031,81531,1600,339174,88.498823612659,32.47802013126006,4452.029087955289,2566.5558634091717
32033,71297,6042,6727,89.31172885387245,13.304593429463356,543.6975262036788,207.80279112658712
32510,67465,2052,41987,88.56074499249767,24.305142067782885,1450.6619178843844,689.4243975955594
33001,80719,6424,47981,93.41197557366458,31.943894458223046,1578.988283680408,850.1282256224646
33003,77049,4354,39992,95.02650530106021,37.54250850170034,1438.2044360938398,854.4547969319384
33005,76551,4519,54560,93.75549853372434,34.36400293255132,1627.8141785842756,962.647910712946
33007,55247,3519,24511,88.91518093917017,20.411243931296152,766.4933137346992,366.73832633091405
33009,79949,2014,65142,93.1856559516134,43.29157839796137,1791.4563907614386,1237.4550496886745
33011,95112,2183,301873,92.99274860620194,40.21260596343495,4404.882972338766,2878.7827288630174
33013,88806,2398,110798,93.46739110814275,36.8228668387516,2325.959586923212,1378.8611242616132
33015,110225,2848,231996,95.78570320177934,43.57919964137313,3764.4488308383206,2339.117996168641
33017,83212,3473,87852,94.44861813049219,38.72307972499203,2418.246265374972,1587.6274751968738
33019,70788,5056,32648,90.91521685861308,30.148860573388877,1382.5248641525402,839.3449827097318
34001,73113,1917,191583,88.38258091793114,30.08147904563557,3461.1583321194653,1986.5905466401475
34003,118714,1607,674596,92.99299136075518,51.652396397251096,6451.589804071551,4399.070129015904
34005,102615,1436,329081,94.08352350940953,41.07529757111471,4163.863350303417,2706.8618361490117
34007,82005,1414,360582,89.27650298683794,34.25545368321214,4535.10892923202,2726.9319756825616
34009,83870,3707,72532,93.91716759499255,35.85038327910439,1930.8376420610823,1116.7833272394425
34011,62310,2205,103984,81.20480073857516,17.34882289583013,2562.063426225042,1166.578758592835
34013,73785,1477,573215,86.92829043203685,37.396788290606494,6171.4187185767905,3698.6967975220678
34015,99668,2605,207727,93.60217978404349,35.171162150322296,3513.876349560411,1971.0294264672966
34017,86854,1782,512195,87.16680170638136,46.62013490955593,5684.6866228491435,4118.375286444886
34019,133534,3236,93742,95.78737385590237,55.474600499242605,1976.9314606227501,1463.2351143954959
34021,92697,2156,259959,89.72684154039675,44.15234710088899,4473.66505228096,2970.793496694107
34023,105206,1538,591318,89.68321613750976,45.114134864827385,5484.822877723583,3499.074877735542
34025,118527,1903,454185,94.34943910521044,49.89332540704779,4981.90676347922,3398.76168626163
34027,130808,2727,359811,95.0738026352724,57.140832270275226,4381.801912455651,3331.380644717742
34029,82379,1455,434506,93.14693007691493,32.94154741246381,5301.895604404145,3207.304319829972
34031,84465,1564,346430,85.17795802903906,30.086597581040902,4416.337622963172,2531.466570982125
34033,73378,3047,45316,90.18006884985435,22.77341336393327,1267.3997001735484,609.582644109886
34035,131948,3280,242607,94.02201915031306,57.26504181660051,3568.0681047311864,2595.5234539491257
34037,111094,2734,105082,95.44451000171294,38.96956662416018,2104.006416340026,1284.1471878254456
34039,95000,2210,389288,86.8028297815499,38.30403197632601,4729.545326984403,3165.3260495563486
34041,92620,2407,79264,93.83957408155027,35.47512111425111,1920.4559354486632,1166.539326383813
35001,62220,1395,469743,90.16632499047351,36.61704378777331,5438.454467953188,3299.1826260454272
35003,44777,14876,2925,96.51282051282051,14.905982905982906,375.64344796628626,181.99450541156455
35005,49673,2393,41749,81.24026922800546,17.533354092313587,1525.1255686008283,623.5342813350361
35006,49866,7183,18386,84.21625149570325,14.728597846187316,1146.8230029084698,532.8245489839971
35007,46286,5957,9233,90.53395429437886,22.072999025235568,601.5779251269115,258.8010819142764
35009,55427,3635,29818,80.93433496545711,21.453484472466297,1191.6710955628655,675.2740184547307
35011,34702,25897,1139,84.63564530289727,9.218612818261633,218.96118377465902,49.749371855331
35013,51232,2122,134344,81.58310010123266,30.418924551896623,3074.7221012637874,1952.3534516065477
35015,77458,3025,39653,84.03399490580789,18.235694651098278,1643.125375618063,729.1522474764787
35017,44895,4241,20381,88.55306412835483,26.372601933173055,1069.6195585347157,569.1089526619661
35019,38713,5058,3398,80.51795173631548,14.008240141259565,351.31040405886074,160.844645543456
35021,39489,10836,471,86.83651804670913,30.573248407643312,86.7179335547152,56.231663678038196
35023,53651,7389,2908,83.04676753782668,16.91884456671252,226.57890457851542,102.04410811016969
35025,65855,4832,43412,76.0941675112872,14.599649866396389,1562.8502807370896,714.6257761933864
35027,47919,4280,15369,90.14249463205154,24.276140282386624,1004.2285596416784,554.2174663433118
35028,135801,8616,13886,97.92596860146911,69.66729079648567,768.3287056982838,598.0618697091464
35029,38241,5121,16460,73.1895504252734,11.865127582017012,934.2237419376581,380.7177432166775
35031,44029,2840,45143,80.7434153689387,12.436036594820903,1299.5780084319679,555.7742347392509
35033,40231,13553,3394,93.37065409546258,20.595167943429583,430.61816032304074,214.14714567324964
35035,50833,2899,44772,86.55632984901277,20.986330742428304,1631.8409849001832,856.5909175329843
35037,38998,5776,6380,86.19122257053291,16.03448275862069,514.0875411834058,201.34547424762246
35039,52031,4182,27682,85.26479300628567,18.23567661296149,1180.273273441367,584.5399900776679
35041,52644,6336,11171,85.73091039298183,20.40103840300779,758.1932471342645,329.9909089656865
35043,76424,2918,103937,91.86718877781733,32.14158576830195,2367.929052991242,1436.5799664480917
35045,50734,2213,79736,85.56611819002708,15.74320256847597,1886.7750263346184,826.3909486435582
35047,43490,5801,19765,83.46572223627625,23.78446749304326,1040.9121000353489,529.749941009907
35049,70522,2573,116573,90.65135151364382,42.170142314258015,2334.3118900438303,1445.1415155617115
35051,35256,8832,9168,90.34685863874346,19.74258289703316,809.207019247856,384.58679124483723
35053,40699,8298,10697,84.73403758063009,16.761708890343087,782.2058552580644,346.0852496134442
35055,55145,5503,26461,93.40538906314954,34.46581761838177,1513.7648430321005,998.0430852423156
35057,50727,7547,10624,86.00338855421687,14.523719879518072,707.1393073503975,274.7689938839534
35059,41714,7290,2860,87.55244755244755,15.524475524475525,248.91363964234665,119.18892566006289
35061,56246,2765,52270,84.78285823608188,21.092404821121104,1900.9747499638179,963.0269985831135
36001,78829,2049,211845,92.59694588024263,44.415964502348416,3565.393807141085,2304.3443753050456
36003,58725,1965,29967,91.3504855340875,24.503620649380984,775.9942010092601,475.0442084690645
36005,47036,890,943981,74.52332197364142,21.215257510479553,7828.563150412724,3703.2535694980434
36007,58317,1761,131196,90.58431659501814,29.83246440440257,2421.5819209764513,1507.0504304766978
36009,56889,1778,53128,89.2580183707273,20.200271043517542,1034.2132275309575,524.7951981487636
36011,63227,2736,55374,88.49098855058331,22.976487160039007,1330.2420832314695,689.6020591616589
36013,54625,1754,89404,89.6783141693884,24.289740951187866,1750.3879569969624,875.8310339329156
36015,61358,2475,58945,90.17389091525999,24.558486724913056,1527.7643797392318,771.0447457832781
36017,61741,2526,33959,88.52439706705144,18.26908919579493,981.849784844912,488.34618868175886
36019,67097,2802,55243,87.89529895190341,27.176293829082418,1486.5311971162932,873.2221939460769
36021,81741,2769,47307,92.04346079861331,36.39207728243178,1361.4268250625885,941.3681532747961
36023,65029,2872,29274,90.63332650133223,27.840404454464714,1005.842432988388,538.5211230768947
36025,58338,2143,33158,90.36431630375776,24.995476204837445,1010.7878115608637,530.57704435831
36027,94578,2520,210886,91.55420464137022,38.98172472331022,3322.8988850098945,2011.6408725217332
36029,68014,804,671368,92.19042313604461,36.38392059198532,6130.859075203083,3730.1503991126147
36031,68090,3590,28930,91.64189422744556,31.1787072243346,970.1489576348572,603.6911461997765
36033,60270,2896,33832,86.95909198392054,22.1476708441712,1110.4008285299503,596.5023051087062
36035,60557,2646,38665,87.48739169791801,19.327557222294065,1245.530409102885,666.0135133764179
36037,68178,3117,41797,92.48749910280642,23.16673445462593,1159.1203561321836,605.9983498327367
36039,70294,4341,36429,88.48170413681407,27.587910730461996,1210.6064595895728,778.3045676340336
36041,66891,7622,4107,85.8290723155588,23.35037740443146,280.579756931964,146.59126849850233
36043,68104,3260,43013,91.33982749401343,22.363006532908656,1113.3970540647213,575.3876953845989
36045,62782,2286,74585,91.57337266206342,25.218207414359455,1864.7511898374003,1027.9985408549956
36047,74692,946,1860601,83.77873601056862,40.40221412328597,10983.745900192702,6876.746469079691
36049,64401,2676,18480,91.19588744588745,19.20995670995671,565.4467260494131,272.549078149239
36051,70443,2811,41890,92.26068274051086,29.46287896872762,1176.765057265043,709.177692824584
36053,68869,2781,46161,93.06774116678581,26.877667294902622,1292.861168107388,648.0678976773961
36055,71450,965,525640,91.36386119777795,40.48664485198996,5275.40680895796,3517.6365645131677
36057,58033,2108,34309,88.78136932000349,19.776152030079572,1017.9052018729445,507.6908508137605
36059,137709,1920,969981,91.81138599622055,48.22290333521997,7474.219424127177,5029.016802517168
36061,99880,1781,1267630,88.4642206322034,62.750487129525176,10864.075800545575,8801.050050988235
36063,65882,1757,152567,91.69151913585506,27.02878079794451,2659.753935987312,1396.8729362400861
36065,66402,2173,159897,88.88847195382027,27.31570948798289,2684.7517576118653,1399.8714226670963
36067,71479,1125,324436,91.36439852544108,36.941954653614275,3825.8602954106937,2372.966287160439
36069,76603,2249,80008,93.33941605839416,37.23877612238776,1967.998983739575,1332.5066603961122
36071,91806,1781,256375,89.68737201365188,31.56118966357874,3656.3659554262344,2198.801719118848
36073,61069,2984,29333,86.14529710564892,17.79906589847612,954.5171554246681,391.8928424965172
36075,65054,2122,80294,89.77881286272947,21.43248561536354,1916.7219412319566,1011.9990118572251
36077,65778,2967,39352,92.61282781053059,33.69587314494816,1130.8775353679991,729.0713271004422
36079,120970,4873,70716,93.25612308388483,42.8262345155269,1856.3660738119515,1165.6358779653276
36081,82431,873,1709759,82.79131737279933,34.76881829544398,10325.942959362113,6071.116865948143
36083,83734,1899,113385,92.41963222648498,35.36093839573136,2242.8622338431755,1368.0361837319947
36085,96185,2504,344639,88.67481625701096,35.334074205182816,5022.551244138779,3077.6629120161942
36087,106173,3057,208539,88.61220203415189,42.46352001304312,3611.6863097450755,2345.9948849049097
36089,58339,2025,71483,88.80013429766518,23.47970846215184,1659.7231696882466,834.8101580599028
36091,97038,2189,170815,93.99174545560987,43.40602406111876,3011.9148394335457,2031.458343161385
36093,75056,2274,109680,91.64113785557987,34.24142961342086,2395.854753527434,1331.0003756573474
36095,71479,2832,21509,91.13859314705472,24.961643962992238,676.366764411144,392.3735465089358
36097,61316,5818,13283,91.91447715124595,24.482421139802756,600.4806408203349,310.5575631022371
36099,64050,3355,24400,84.19262295081967,22.147540983606557,793.0636796626108,395.8572975202049
36101,62506,1793,66493,91.46376310288301,25.852345359661918,1319.5446184195516,769.5563657068922
36103,122498,1447,1067104,90.464565778031,39.0263741865835,8544.25204450337,5421.7949979688465
36105,67841,2952,55556,86.66030671754626,27.768377852977178,1741.0315907530226,985.265446466078
36107,70427,2813,34747,92.02808875586382,26.315940944541975,1229.3380332520426,690.9392158504248
36109,69995,2807,61156,95.67663025704755,57.487409248479295,1761.022998146248,1407.266499281497
36111,77197,3493,134090,91.4676709672608,35.587292117234696,2995.6144611748687,1752.4845220429195
36113,74531,3532,49282,91.66227020007305,33.8419706992411,1420.0496470194273,855.101748331741
36115,68703,2345,45270,89.10315882482881,21.128782858405124,1318.7524407560352,695.607648031561
36117,71007,2203,65234,90.56780206640708,24.99923352852807,1650.432973495137,823.7918426398746
36119,114651,1787,695064,89.29724457028418,51.75983794298079,6673.243214509718,4821.669213042305
36121,65066,2202,29511,87.46569075937786,18.223713191691235,930.2397540419352,447.43602894715576
36123,63974,3733,16746,84.31864325809148,24.035590588797326,729.8068237554373,355.42931786784277
37001,60866,2024,115744,88.30349737351396,27.334462261542715,2679.1840175695284,1411.9868979562098
37003,62764,4812,26366,85.9857392095881,15.322764165971327,1183.7702479788888,523.543694451571
37005,42115,6307,8508,82.29901269393513,20.745181006111896,560.7352316378916,287.53608469199133
37007,42000,4659,15790,82.4889170360988,11.386953768207727,742.7146154479525,306.0604515451155
37009,49176,3543,20539,87.01007838745801,20.789717123521108,1000.7517174604299,487.6689450846753
37011,53513,4190,13603,86.93670513857238,22.303903550687348,696.9662832590972,351.2136102146385
37013,56081,2803,32694,86.79574233804368,19.468403988499418,1193.1072877155684,562.7210676702979
37015,41652,4732,13425,80.53631284916202,16.60335195530726,773.7809767628046,359.723504931218
37017,40476,4526,21347,88.1716400430974,20.251089146015833,1162.8753157583146,596.5014668883891
37019,71193,2217,111828,93.53739671638589,32.39707407804843,2454.0829244342985,1392.8804686691533
37021,66531,2003,200084,92.12530737090422,43.033925751184505,4119.088127243698,2731.8964109204435
37023,53732,2551,64552,84.7781633411823,19.762362126657578,1790.7638035207212,822.8596478136475
37025,83828,2539,150268,91.951712939548,36.486810232384805,3676.8128861828145,2370.105060962488
37027,52362,2086,58269,81.8617103434073,17.24244452453277,1860.77645083981,791.1283081776305
37029,79120,10571,7290,92.26337448559671,24.348422496570645,630.1396670580261,332.70407271327474
37031,66965,2014,52162,92.12070089337065,31.871860741535983,1372.2226495725831,793.3095234522273
37033,56999,5495,16679,83.69806343305953,15.426584327597578,847.095626242988,349.21340180468445
37035,62070,1942,112106,87.38782937576936,24.799743100280093,2509.96673284727,1354.2562534468873
37037,84222,3849,56742,89.41877269042332,46.51580839589722,1817.5568766891452,1249.7983837403535
37039,49254,2832,22423,91.15194220220309,23.627525308834677,1031.0174586300661,547.7472044657097
37041,51188,7137,10603,86.62642648307083,24.20069791568424,732.8424114364561,408.08700052807365
37043,57065,12015,8551,88.34054496550111,28.815343234709392,688.6414161230792,381.70800358389135
37045,50723,2733,68628,86.78819140875444,19.38858774844087,1984.6223822178365,999.229202935943
37047,43206,3741,35890,85.61994984675397,14.533296182780719,1294.9343612708715,535.2569476429054
37049,61676,2559,68006,90.88021645148957,25.656559715319236,2074.9681925272976,1058.6037974615433
37051,55551,979,208267,92.31467299188061,26.890481929446334,2991.0845858985667,1470.1693779969708
37053,82793,8910,20448,92.83548513302034,27.058881064162755,1099.8472621232459,659.0697990349732
37055,79742,4130,27944,94.91840824506156,42.538648726023474,1191.882125044251,720.078467946376
37057,58473,1984,119381,86.5464353624111,20.4722694566137,2685.0931082552797,1367.6805182497849
37059,69105,4221,30752,89.8380593132154,26.1804110301769,1261.2529484603792,611.8504719292124
37061,49376,2472,33381,80.33012791707858,15.8772954674815,1347.7347661910335,676.1582654970654
37063,74927,2323,225746,90.68865007574885,51.88486174727348,4209.320253912739,3072.372698746036
37065,46370,2542,34110,85.584872471416,17.748460861917327,1379.7873024491855,642.4344324520597
37067,61229,1542,257771,89.2202769124533,35.30924735521063,3755.9580668585745,2370.527789333
37069,70493,3613,48583,86.92340942304922,23.705823024514746,1639.8835324497895,915.857521670265
37071,62628,1627,158986,87.63601826575925,24.996540575899765,2704.017381600939,1349.7966513516026
37073,55750,10503,7757,90.48601263375016,8.895191439989686,559.4059348987996,146.14718608307174
37075,46010,5267,5809,84.0936477879153,13.823377517645033,464.1023593993032,184.92430884013058
37077,68079,3010,43383,85.82855035382524,23.659036949957358,1455.1515385003722,808.7045195867277
37079,50320,3386,14601,76.0701321827272,11.458119306896787,695.7937912916441,306.7409330363328
37081,62880,1683,357540,90.09705207808916,37.9230295910947,4990.006012020426,2923.8748263220846
37083,41629,2242,34748,81.11833774605732,15.73327961321515,1182.5058139391958,593.7120514188675
37085,64992,2801,88532,88.22346722089188,22.759002394614377,2040.6964497445474,1046.4119647634004
37087,56596,2402,46815,90.42614546619673,28.745060343906868,1528.1292484603518,844.9982248502064
37089,65508,2953,87179,91.56907053304121,33.95657211025591,2357.256031915074,1284.9361851858637
37091,46196,3240,15136,83.89270613107823,16.021405919661735,639.5044956839631,263.569725120318
37093,57141,3153,33996,88.89869396399577,20.178844569949405,1311.014874057499,602.9502467036563
37095,43724,13650,3706,81.0307609282245,14.247166756610902,418.8340960332623,202.84476823423373
37097,73103,2377,130349,90.85992220883935,32.69990563794122,2851.5066193154803,1811.2973251236253
37099,51482,3622,27605,89.30990762543017,29.82430719072632,1245.6343765326967,630.5069388991686
37101,75288,2516,146407,89.52918917811307,26.22962016843457,3456.9231984526355,1866.5666342244522
37103,53053,6392,6848,85.77686915887851,15.741822429906541,450.0333320988569,195.54283418218117
37105,60941,3191,43222,85.14645319513211,21.012447364767944,1524.2007741764207,697.4568086985745
37107,43063,1794,38258,82.05865439907993,15.011239479324585,1416.7095679778547,584.8683612574713
37109,75672,3178,63079,89.81594508473502,26.06097116314463,1931.2340614229026,1048.3138842922954
37111,53532,4528,32612,86.16153563105605,17.96271311173801,1288.878582334271,604.0637383587928
37113,51042,4138,27929,89.48046833040925,24.45844820795589,1309.0698988212966,649.8730645287586
37115,56664,5856,15610,88.93657911595132,32.21652786675208,918.7709181292146,516.6362356629662
37117,44799,2852,16019,81.97765153879767,15.469130407640927,852.5555700363467,343.55931074561204
37119,79265,1263,755037,90.88985043117093,47.78163189353634,7810.883560775951,5487.582892312425
37121,55534,6020,11148,89.81880157875852,22.039827771797633,690.5830869634732,357.97485945244813
37123,55523,3836,18303,83.92066874282905,19.73446975905589,920.1673760789392,541.1367664463394
37125,77981,3531,72283,92.82127194499398,39.86552854751463,2155.7495216281504,1341.992920994742
37127,56770,1994,66173,86.55796170643616,21.948528856180012,2107.7675393648133,1047.2583253428927
37129,67515,2271,158599,93.53400715010814,43.40380456371099,3442.803508770142,2194.5211322746472
37131,45698,2166,13261,83.50049015911318,17.766382625744665,621.6092019910902,291.36746558255265
37133,59976,2239,110214,92.0155334168073,25.65917215598744,2895.2713171652845,1500.9227161982724
37135,85785,2626,92484,93.41832100687687,61.71445871718351,2345.5547318278464,1835.5505985943291
37137,55867,4627,9769,90.03992220288669,24.465144845941243,559.1538249891527,277.08121553075375
37139,61411,4876,27830,89.69816744520301,26.076176787639238,1446.9032448647006,695.5185116156148
37141,74538,4322,43541,90.22530488505087,28.614409407225374,1586.2490346726772,920.6975616346554
37143,59401,6366,9828,86.38583638583638,19.586894586894587,765.8563834035726,308.8527157076654
37145,60688,4173,27970,88.4340364676439,17.52234537003933,1298.7182142404872,624.3188288046421
37147,54915,2627,105366,90.20462008617581,33.137824345614334,2643.068103549358,1542.096948962678
37149,60465,4574,15320,92.76109660574413,33.3355091383812,709.4850245072125,426.27455940977757
37151,56423,1881,100308,83.98333133947442,16.7603780356502,2446.342371786909,1127.7238137061752
37153,42354,4774,29335,82.70666439406853,17.235384353161752,1233.9473246455864,570.7521353442315
37155,39393,1287,75885,78.35013507280753,14.616854450813731,1315.8324361407117,627.220057077259
37157,50737,2244,66036,83.63771276273548,15.443091646980434,1868.440258611444,909.7428208015714
37159,59717,2292,101628,87.42275750777345,20.579958279214388,2556.9382080918576,1295.9710644917964
37161,50512,3085,46748,85.92025327286728,19.776247112175923,1552.0070876126822,780.67150582047
37163,49963,3603,39775,82.6247642991829,14.901319924575738,1316.2256645423686,537.7545908683626
37165,41948,2917,23188,82.24081421424874,14.473003277557357,758.3172159459391,356.3453381202005
37167,60634,2906,44097,85.98544118647527,18.742771617116812,1414.8848009643752,689.7796749687541
37169,57539,2462,32996,87.4833313128864,16.120135774033216,1470.268682928396,634.6282376320802
37171,52743,2438,50638,82.02338165014416,18.211619732216914,1443.6471175463898,646.98299823102
37173,52818,5238,9664,85.12003311258277,21.11961920529801,621.4941673097183,341.35318952662504
37175,62056,4310,25529,93.76787183203416,37.07156567041404,1220.4978492402188,769.2444344940039
37177,55341,11686,2542,77.34067663257278,12.234461054287962,286.93553282924023,139.91783303067555
37179,95533,2425,154639,90.44742917375306,38.4482569080245,3044.533297567954,1938.4707890499665
37181,48340,3954,28800,84.66666666666667,17.805555555555557,1262.8606415594716,614.6625090242612
37183,96734,1318,764919,93.97138782014828,55.653605152963905,7721.1162405444975,5528.80999854399
37185,42282,2684,14047,85.44885028831779,17.33466220545312,636.2625244346865,311.82847849418755
37187,38927,7294,7927,85.7575375299609,14.103696228081242,655.888710072067,242.03925301487774
37189,50034,4190,31195,92.47956403269755,44.52316076294278,1359.0430456758902,870.2258327583709
37191,54323,2745,78268,85.74385444881689,19.990289773598406,2184.8574324197907,1059.4460816860856
37193,49119,3036,47754,81.48008543786908,16.383967835155172,1549.0054874015134,749.0273693263819
37195,49827,2161,54088,83.41406596657299,20.464798106788937,1630.997547515017,774.3138898405479
37197,57486,3174,26525,86.46182846371347,14.114985862393969,1042.6528664900893,464.7870480123128
37199,53103,4642,13849,88.5262473824825,22.369846198281465,709.1939086032818,339.4436624831873
38001,57950,6712,1576,93.33756345177665,20.431472081218274,134.46189051177288,62.177166226839255
38003,64447,6110,7518,94.95876562915669,28.704442670923118,489.5406009719725,256.2206080704673
38005,63220,7031,3366,87.19548425430779,20.647653000594175,170.10584939971935,85.59205570612264
38007,74000,6927,608,95.23026315789474,28.94736842105263,77.83957862167549,47.44470465710583
38009,80113,7279,4468,92.70367054610564,26.34288272157565,257.3713270743266,142.08448191129108
38011,79709,8246,2027,89.04785397138629,21.805624074987666,182.96447742663054,88.79189152169245
38013,94583,11960,1545,91.90938511326861,24.72491909385113,113.71455491712571,64.1482657598785
38015,82141,2626,66365,94.93106306034808,37.2711519626309,1934.3283071908968,1194.1633054151346
38017,73249,2516,117253,95.64360826588658,42.6155407537547,2837.7193307302255,1937.6658638681747
38019,61174,7121,2643,93.26522890654559,23.571698827090426,196.14535426565678,107.2706856508338
38021,60250,6798,3194,91.42141515341265,26.70632435817157,212.42645786248002,127.98828071350908
38023,95938,24599,1547,90.43309631544926,21.331609566903683,160.3153143027827,77.03246069028303
38025,91758,6889,2918,90.57573680603153,18.98560657984921,208.806130178211,89.56561840349231
38027,50375,5775,1710,92.046783625731,26.900584795321638,137.85136923512948,73.51190379795642
38029,63750,10219,2454,89.48655256723717,18.09290953545232,151.3571934200684,67.74953874381728
38031,78426,11904,2448,94.3218954248366,22.38562091503268,202.41047403728888,102.50853622991599
38033,84750,18343,1278,94.67918622848201,23.552425665101723,135.79396157414365,73.03423854604085
38035,64698,3147,43156,95.59968486421356,36.715636296227636,1411.8293097963365,921.7472538608401
38037,57069,4462,1733,91.80611656087709,21.061742642815926,114.84772527133482,49.23413450036468
38039,66688,8819,1688,91.17298578199052,26.718009478672986,159.10688231500234,93.59487165438073
38041,66797,10694,1839,88.03697661772702,17.727025557368133,147.41777369096306,68.79680225126747
38043,57240,4794,1664,89.9639423076923,18.689903846153847,139.16536925542934,58.077534382926416
38045,70227,8687,2956,90.15561569688768,25.3382949932341,176.64087862100325,94.00531899844816
38047,59750,10849,1360,91.25,24.33823529411765,116.1292383510716,61.89507250177513
38049,78071,5544,3755,90.54593874833556,19.387483355525966,204.23760672314978,101.20276676059801
38051,64375,6942,1969,87.55713560182834,16.708989334687658,152.38438240187213,58.86425061104575
38053,83813,3433,8610,92.71777003484321,24.634146341463413,581.4593708936162,315.908214518078
38055,80556,5319,7093,93.21866629070915,22.247286056675595,314.91744950065885,138.9280389266328
38057,82155,12161,5913,89.53154067309319,19.922205310333165,402.20765780874933,166.28589837986863
38059,79555,8148,22764,93.55122122649797,26.73080302231594,1201.0441290810259,662.3246937869673
38061,81886,5382,6150,88.89430894308943,22.666666666666668,349.9614264458299,196.67740083700517
38063,62219,5000,2207,94.01903035795198,28.590847304032625,160.45248517863473,102.65476121447071
38065,69722,14403,1285,94.63035019455253,21.634241245136188,137.26616480400406,51.55579501860097
38067,64243,5487,4956,92.13075060532688,21.89265536723164,235.53555994796199,115.81882403132921
38069,59583,11961,2855,93.16987740805604,29.387040280210158,246.1991064159251,144.19778084284098
38071,61490,6958,7912,92.71991911021233,25.467644084934278,591.308718014541,321.9860245414388
38073,71462,4103,3927,90.88362617774382,21.18665648077413,241.36279746472943,118.30891766895681
38075,77067,6966,1520,91.1842105263158,22.763157894736842,119.2895636675732,64.15605972938177
38077,67089,5657,10689,93.50734399850313,23.97792122743007,492.2936115774813,255.266527378738
38079,53806,7066,7156,85.39686975964226,16.238121855785355,432.087954009366,176.3774361986249
38081,75648,7928,2755,94.22867513611615,18.439201451905625,157.8923684032892,68.1248853210044
38083,68684,12852,1054,90.41745730550285,14.326375711574952,92.41212041718337,34.38022687534217
38085,41201,4170,2058,85.8600583090379,11.467444120505345,125.80937961853242,48.95916665957459
38087,70625,7390,645,91.62790697674419,22.790697674418606,72.06247289678588,36.701498607005135
38089,78734,3419,21339,91.93495477763719,25.226111814049393,985.4912480585507,537.1024110912183
38091,85750,10864,1274,96.15384615384616,29.984301412872842,129.2632971883357,67.45368781616021
38093,59167,6970,15007,91.73052575464783,24.47524488572,779.3927123087565,378.6621185172871
38095,61250,12137,1565,85.36741214057508,17.06070287539936,150.66519173319364,61.5223536610881
38097,81157,8209,5433,93.74194735873367,30.627645867844652,276.10686336996406,170.63118120671848
38099,68082,3496,7374,86.88635747219962,17.90073230268511,377.2611827368408,169.5346572238255
38101,78143,2048,44411,94.05777847830493,29.400373781270407,1588.7265340517229,975.0969182599235
38103,59732,7606,2869,91.1467410247473,21.575461833391426,218.16736694565483,92.43916918709297
38105,86139,5773,24397,90.82264212813051,24.49891380087716,1526.7442483926377,844.7561778406832
39001,46234,4072,18788,84.97445177773047,15.22248243559719,866.9215650795636,400.8553355014749
39003,58976,2172,68467,91.98299910905983,19.144989557012867,1672.4051542613709,707.3577595531133
39005,62254,2954,35796,89.88993183595933,21.901888479159684,1177.8420946799279,628.4313805022789
39007,53663,2186,68664,86.60870325061167,15.677793312361645,1703.7118300933407,715.7492577711835
39009,48750,3695,36121,91.73334071592703,34.27092273192879,1281.9473468126528,815.0889522009239
39011,75231,2795,31516,93.41921563650209,20.71328848838685,1027.946496662156,521.3204388857203
39013,56943,2417,48858,91.47734250276311,17.430103565434525,1365.018314895445,525.3931860997058
39015,66677,3077,30495,87.4766355140187,14.54336776520741,1119.3212228846553,555.7571412046813
39017,77062,1604,250309,91.21086337287113,31.904166450267468,3676.5205017788217,2045.4263614219897
39019,59872,3553,19215,88.86286755139214,13.453031485818371,938.9414252231073,370.34308418006134
39021,70486,3886,27213,91.37177084481682,18.145739168779627,1061.7410230371622,475.9065034226786
39023,58954,1554,93613,88.99939111020905,18.6469827908517,1878.1115515325494,901.9412397711949
39025,79573,2289,145158,91.44931729563648,30.196751126358865,2988.1102723962513,1648.529647898393
39027,64210,4538,28281,91.12478342349988,20.60747498320427,1064.628573728885,592.0591186697491
39029,55473,2209,73589,89.84766745029827,16.48208292000163,1845.570643459632,789.4732421051393
39031,52048,3051,25230,84.5422116527943,16.504161712247324,919.4242763816931,448.0825816744052
39033,52486,2180,29418,89.90753960160446,14.766469508464205,969.9876287870892,464.8709498344675
39035,60074,699,889511,90.90623949563299,35.17573138499692,6842.395706183617,4119.262676742041
39037,60237,3901,35316,91.06637218258014,16.29572998074527,1005.4740175658444,495.7398511316192
39039,69302,3324,26294,91.98676504145432,18.920666311706093,1057.3353299686908,517.3509447174133
39041,123995,2344,143354,97.16366477391632,57.44032255814278,2879.3395075954486,2131.4971264348446
39043,65171,2842,54257,91.85542879259819,26.46663103378366,1809.7253935335052,1065.0835647966783
39045,82969,3243,107962,93.87932791167263,31.089642652044237,2471.764754178682,1514.599947180773
39047,56773,3504,19802,84.996465003535,13.735986264013736,828.2258146182115,344.28186127067454
39049,71070,926,884031,91.50844257723993,41.687904609679975,7952.541103320372,5308.434797565098
39051,71453,3235,29212,93.85868821032453,18.276735588114473,927.5532329737199,474.68094547811796
39053,55533,3554,19986,86.30041028720105,18.172720904633245,952.8006087319634,450.6462026912021
39055,97162,3810,66126,91.07612739315852,39.350633638810756,1830.2234836216041,1078.3121069523424
39057,81243,2430,113708,94.20269462131073,41.19499067787667,2497.646292011741,1507.3917871608562
39059,53901,4161,26855,86.24464717929622,14.932042450195494,936.6183854697707,406.42957569547025
39061,68249,1092,560476,92.14346377008114,40.315731628116104,5877.938754359388,3827.1114433734483
39063,67006,3050,51383,93.83259054551117,28.49580600587743,1560.7539844575122,930.8458519003026
39065,55876,2824,18602,91.59230190302118,18.48188366842275,816.802913804793,443.7904911103887
39067,54056,3638,10528,88.1838905775076,11.683130699088146,509.8421324292452,217.44194627532195
39069,71616,4225,19085,92.99449829709195,18.13990044537595,764.8718846970387,364.3144246389374
39071,60522,3035,29583,85.02518338234798,15.184396443903593,1179.2544254739942,554.2896354795027
39073,59007,2918,19886,87.89600724127527,14.749069697274464,807.2533679087378,388.3542197530497
39075,72987,3012,26321,57.58139888302116,11.059610197180959,836.79925908189,385.83286537048656
39077,64144,2599,39929,90.18257406897243,15.53507475769491,1284.7676832797438,526.8140089253512
39079,56549,4420,22338,87.05345151759334,15.878771599964187,1089.46454738096,463.1284918896699
39081,53124,2329,46261,92.5941938133633,19.50022697304425,1177.9758062031665,603.7317285019896
39083,71246,3724,41172,91.50150587778101,23.710288545613523,1504.9149477628296,818.0550103752192
39085,76835,1297,168448,93.61108472644376,29.927336626139816,2788.2930262079703,1609.5580138659184
39087,51846,2704,40878,89.40995156318802,18.154019276872646,1455.5723960009684,754.4063891564016
39089,78505,2179,121399,93.15892223164936,29.548843071194984,2489.9255008935506,1309.7660096368359
39091,69125,3303,32033,92.99784597134206,18.855555208691037,1170.2166466086526,552.1820352021605
39093,67272,1175,218104,91.20557165388989,27.21820782745846,3436.037252417383,2009.497698431128
39095,57265,969,291940,90.85291498253066,27.96088237309036,4010.898652421923,2134.7814876469206
39097,77062,3603,31763,88.82977048767434,20.391650662720775,1058.8640139319118,534.6896295983306
39099,54279,1069,162714,91.44019568076503,26.172916897132392,2688.2232050185116,1365.6899355270946
39101,55106,4581,46136,89.46809432980753,13.464539621987168,1397.1943315086846,591.9307391916726
39103,89968,2429,128630,95.03770504547929,35.908419497784344,2555.4349923251816,1483.2565523199282
39105,46255,3206,15814,85.77210067029215,11.483495636777539,733.2830285776428,289.3613657695166
39107,73278,3276,28029,93.0143779656784,20.364622355417602,895.3697560226166,471.31518116861037
39109,71440,2272,75367,92.82709939363382,24.668621545238633,2135.2948274184528,1055.909560521165
39111,55381,5415,9678,88.83033684645588,10.715023765240753,462.17529142090666,169.57004452437937
39113,61942,996,368011,91.70459578653899,29.970028069813132,4519.375952496097,2570.4997568566314
39115,51056,4003,9961,86.53749623531773,11.183616102800924,521.1525688318153,216.06017680266763
39117,70412,4487,24585,89.74984746796828,16.89648159446817,1071.5778086541359,475.0799932642923
39119,56810,2758,59133,90.40298987029239,19.34283733279218,1589.6933666591176,851.5814699721924
39121,51547,5566,10794,84.73225866221975,13.118399110617009,620.6818830931027,248.93573467865156
39123,69515,3446,30571,93.10130515848353,26.89149847895064,1080.7303086339348,523.4949856493374
39125,65331,3732,13005,89.8961937716263,15.409457900807382,587.7635579040266,288.98269844404183
39127,62899,4595,24430,87.99017601309865,14.801473598035203,980.008163231307,443.28997281689107
39129,67600,3177,40969,87.7077790524543,19.61727159559667,1398.9042140189586,650.384501660364
39131,50832,4258,18624,84.15485395189003,13.971219931271477,936.2173892852023,412.45727051417094
39133,69796,2200,106257,92.86823456336994,31.73626208155698,2436.883460488006,1423.5940432581192
39135,66355,3909,28742,91.95950177440679,18.82958736344026,961.1212202422752,486.01131674067017
39137,79453,3164,22965,94.8138471587198,25.917700849118223,824.5938394142901,487.0677570934048
39139,56557,1991,87245,89.55584847269185,17.752306722448278,2011.5533798534902,937.4289306395445
39141,58048,2381,54657,88.69495215617395,16.530362076220793,1566.9936183660736,674.223998386293
39143,60814,3063,41566,93.16268103738632,18.32507337727951,1356.5456129448798,627.3141158941029
39145,46360,1684,51355,87.55719988316619,17.562067958329276,1553.171915790393,689.1393182804185
39147,62476,2411,37084,93.39607377844892,18.85718908424118,1077.388045227902,450.07332735899826
39149,73502,3349,31994,91.18272176033007,20.65387260111271,1121.8685306220154,539.6461803811827
39151,63130,1165,262027,92.69922565231828,24.087594026569782,3534.096772868564,1865.373689103607
39153,68360,856,381738,92.53440841624361,34.576856377934604,4579.791807495183,2577.5837522765387
39155,53537,1930,144381,89.57757599684169,20.018561999155015,2707.49589104028,1415.8622814384173
39157,61953,2272,64183,88.76337971113847,19.67187573033358,1619.0728828561116,878.4332643974726
39159,104496,3057,43037,94.92994400167298,39.319655180426146,1362.638616801975,915.8520622895381
39161,64841,3528,19896,92.68194611982308,17.204463208685162,744.2801891760924,362.42102588012193
39163,50967,6264,9053,80.2606870650613,15.4423947862587,554.5241203049692,273.75536524422677
39165,103128,2349,164904,94.82971910929996,44.661136176199484,3560.0453648794983,2432.8127753692843
39167,59053,2477,42689,91.7566586240015,20.48068589097894,1313.433287228552,650.2476451322219
39169,70320,1919,76670,86.47058823529412,24.03417242728577,1542.4765800491105,881.2593261917856
39171,60632,2187,25795,91.05640628028688,14.40976933514247,965.5045313202834,343.58841656842856
39173,70537,2274,82400,94.81917475728156,37.50728155339806,1962.3766203254665,1171.7738689696062
39175,68552,5205,15341,93.98344306107816,21.185059644090998,671.4916231793216,381.01968453086516
40001,44955,5800,12785,81.7520531873289,10.856472428627297,438.3868154951743,163.87190119114382
40003,75028,10647,4251,87.43824982357093,20.724535403434487,242.19413700583257,128.97674208941703
40005,49181,2888,10044,82.70609318996416,14.774990043807248,387.5241927931726,161.17381921391575
40007,62981,5535,3387,85.47387068201948,22.67493356953056,230.45606956641433,118.90752709563849
40009,51499,5808,15297,84.77479244296268,15.166372491338171,898.2132263555242,395.27838291512984
40011,56843,3553,6123,82.60656540911317,17.801731177527355,353.51661912843645,151.87824070616568
40013,54289,3433,31086,87.2482789680242,23.801711381329216,947.3425990632956,568.6879636496626
40015,52443,2138,18308,86.63425824776054,15.058990605199913,573.0287950879956,215.6687274502263
40017,82364,2104,103902,91.96358106677447,32.03884429558622,2497.7033450752315,1397.173933338294
40019,56390,1918,32134,87.38719113711333,19.586730565755897,894.0866848354246,487.56948222791794
40021,52410,4475,30155,88.40324987564252,28.55911125849776,989.8898928668784,590.5531305479635
40023,43252,2514,9663,84.40442926627341,14.705577977853668,386.853977619463,180.24982662959764
40025,57100,7678,1561,87.50800768737989,31.71044202434337,144.42645187083977,93.70165420097983
40027,71757,1737,188419,92.20726147575351,35.23530004935808,3329.4948565811,2117.567000120657
40029,47117,3277,3580,83.68715083798882,17.23463687150838,216.10414156142403,108.65541864076545
40031,57150,1458,78204,90.28949925834996,23.772441307350007,1877.6559855308958,882.4658633624306
40033,60208,8413,3845,83.97919375812744,18.153446033810145,260.0326902525911,130.95037227896682
40035,48018,3075,9923,85.04484530887837,13.40320467600524,390.35368577739854,181.86258548695497
40037,61657,2189,49331,90.3042711479597,17.98260728547972,1105.271912246032,487.61870349690236
40039,58669,3871,16660,88.06122448979592,31.050420168067227,943.1055084135603,567.8494518796333
40041,53290,2279,29755,85.85783901865233,18.739707612166022,818.864457648517,429.14682802043404
40043,61310,9290,2865,93.08900523560209,19.54624781849913,178.10951687094095,95.98437372822724
40045,57768,7607,2669,86.54926938928438,18.99587860621956,193.48384945519354,77.85884663928692
40047,64165,2469,40653,86.83491993210833,22.68713256094261,1461.0670758045298,799.2333826861839
40049,53600,2276,17251,87.28189670164049,16.393252565068693,535.8413944442889,277.6310501366877
40051,74349,3413,37546,90.6301603366537,22.12219677195973,1004.9487549124085,564.0132977155769
40053,58980,4484,2800,92,22.357142857142858,186.98930450696906,87.25823743349392
40055,55204,5069,3955,81.56763590391908,9.405815423514538,293.5200163532293,123.39367893048654
40057,55729,10518,1722,80.0232288037166,14.80836236933798,155.70484899321536,63.7102817447859
40059,59934,11202,2238,90.16979445933869,23.011617515638964,222.2925999668005,128.05077118080936
40061,46239,3259,8001,84.4644419447569,14.66066741657293,281.55638866841576,109.68591523071684
40063,44799,3685,9361,84.18972332015811,14.603140690097211,414.2064702536647,189.49670181826386
40065,60954,4606,15827,85.90383521829784,24.243381563151576,672.5503698608752,364.16754385859264
40067,48346,4413,3647,84.75459281601316,16.698656429942417,189.2220917334971,81.23422923866515
40069,48476,3293,6859,88.10322204402974,20.93599650094766,338.9321466016465,174.32727841620198
40071,53746,2826,29058,89.36953678849198,18.14990708238695,924.9735131342951,417.77266545335397
40073,65167,7491,9880,91.01214574898785,22.894736842105264,626.2651195779628,321.21799451462863
40075,42679,7182,5801,85.62316841923806,17.85898982933977,343.48362406379727,143.06292321912062
40077,42735,4456,6531,85.46930026029705,12.81580156178227,303.94900888142405,125.5706972187381
40079,46750,1758,32599,84.86456639774227,15.15690665357833,781.9501262868367,381.6438129984554
40081,57656,2341,23240,89.13511187607573,15.916523235800344,679.3342329074842,280.1392510877403
40083,80565,3325,33348,91.8106033345328,30.745471992323377,1345,803.8096789663583
40085,60758,4961,6767,83.89241909265553,15.28003546623319,303.05610041706797,132.58582126305964
40087,80150,3210,28377,88.89241286957747,26.845684885646826,1001.5612812005065,556.6695608707198
40089,47046,2611,20386,84.99950946728147,15.697046993034435,623.2832421941088,311.20732639190874
40091,43467,4384,14058,86.427656850192065,13.60079669938825,646.4882056155394,239.7623823705462
40093,67621,4511,5223,90.7141489565384,18.341949071414895,275.8477841129053,108.52649446103011
40095,53734,3436,10666,81.91449465591599,15.647852990811925,507.68494167150556,235.2126697267815
40097,56552,2831,26930,89.1533605644263,15.354623096917935,824.2997027780611,377.4745024501655
40099,60213,5771,9532,86.81284095677717,17.498950902224088,522.3236544519117,219.90907211845536
40101,50289,2189,44319,86.89726753762494,20.160653444346668,1101.402741961359,536.9739286036148
40103,66813,6833,7489,90.25237014287622,19.655494725597542,465.07418763031774,210.4637736048653
40105,50960,5012,6538,89.95105536861425,16.79412664423371,315.4742461755,143.36317518805168
40107,45429,4358,7858,83.44362433189107,12.509544413336727,357.1120272407526,138.58210562695314
40109,62505,964,519228,88.50755352176694,34.1994268413876,5477.83442612133,3316.36125897044
40111,50819,1679,24684,87.16982660832929,15.973910225247124,745.3214071794798,344.5199558806427
40113,58189,2029,32682,89.4651490116884,20.05691206168533,894.4271909999159,456.89276641242634
40115,46186,1099,19779,86.72329238080793,15.435562970827645,436.05618903989887,184.14396541836498
40117,56279,4271,10787,87.67961435060721,16.390099193473624,381.900510604529,175.7327516429422
40119,46658,3321,44198,93.11507308022988,38.59450653875741,1464.2817351862311,977.4543467599906
40121,53054,2380,30453,86.7106688996158,18.95379765540341,844.0746412492203,452.41242246428203
40123,59457,3645,25124,89.50007960515842,28.777264766756886,815.1171694916013,476.90355419099154
40125,58270,1744,48236,88.64955634795588,20.88896260054731,1165.1373309614623,559.9669633112296
40127,42274,3104,7764,84.13189077794951,14.03915507470376,307.6117683054405,154.0064933695979
40129,57574,7007,2362,92.4640135478408,22.2692633361558,182.0384574753368,95.5353337776134
40131,75312,1788,65110,92.16710182767623,25.145138995546,1321.2346498635281,646.5670885530751
40133,43239,1879,15607,85.32709681553149,14.826680335746781,425.30929921646435,188.3241885685426
40135,47494,2645,26856,83.51206434316354,14.968722073279714,751.2249995840128,346.69150552039775
40137,57065,2454,29904,88.68378812199037,18.883761369716424,896.8249550497577,466.6058293677866
40139,55682,2561,13009,75.386271043124,24.49073718195096,812.9956949455513,482.95962564173004
40141,46306,4052,4686,79.53478446436193,18.16047801963295,309.58843647655834,135.32922818075923
40143,65229,1023,439813,89.89843410722284,33.23071396252498,3769.3163836430604,2240.7686181308413
40145,75082,2194,56279,91.59011354146307,26.114536505623768,1196.5308186586753,629.8904666686105
40147,59426,2550,35690,91.48220790137293,30.734099187447466,1100.0877237747907,688.2957213291392
40149,60600,4570,7460,89.11528150134048,19.58445040214477,450.94123785699617,220.48809491670974
40151,50724,5750,5369,89.86775935928479,32.09163717638294,411.82884794535704,262.4366590246111
40153,61207,3519,13788,87.16275021758051,19.28488540760081,771.8775809673449,339.973528381255
41001,51657,4474,12415,91.38139347563431,24.41401530406766,660.0249995265331,354.5673419817454
41003,72882,3355,58369,95.98074320272748,53.769980640408434,1703.9201859242116,1160.1163734729373
41005,95740,1859,300373,94.3560173517593,39.18860882968842,4065.5158344298698,2603.3887531446394
41007,68025,3203,30595,92.2405621833633,25.749305442065697,1222.5387519420397,598.0493290690995
41009,83265,4258,38085,90.55008533543389,18.37206249179467,1306.9303730497659,615.7312725532138
41011,57563,3261,48945,90.02349576054755,20.56798447236694,1634.4928877177776,871.0378866616537
41013,74969,5998,18626,90.25018790937399,20.884784709545798,998.4918627610342,495.7378339404811
41015,64300,5381,19116,91.08600125549277,23.707888679640092,1205.8432733983302,606.543485662817
41017,82042,2944,147063,94.26572285347096,40.76620223985639,3335.3169264704065,2196.6406169421525
41019,56440,1715,82360,91.26639145216124,18.896308887809617,2164.787056502325,1004.833319511251
41021,58409,10055,1477,89.84427894380501,21.93635748138118,145.54724318928203,78.60025445251433
41023,56045,5659,5609,89.12462114458906,19.290426100909254,368.33408748037425,193.4916018849397
41025,45462,5749,5499,91.23476995817421,14.166212038552464,462.47270189709576,166.05721905415615
41027,80254,5597,16735,84.1469973110248,38.28503137137735,893.8797458271442,569.0817164520399
41029,67690,2163,160008,91.01294935253237,29.994750262486875,3083.1905552527887,1787.1245060151796
41031,69345,6127,17060,87.87221570926143,21.213364595545134,780.4658865062585,374.641161646715
41033,56068,2989,65703,91.00345494117468,18.61254432826507,2008.1165304832286,854.5349612508548
41035,57219,2936,48771,89.309220643415145,20.840253429291998,1428.5737642838048,732.2963880834044
41037,54663,6786,6130,87.04730831973899,19.804241435562805,461.1941023040082,209.10523666326483
41039,65157,1401,264813,92.84174115319112,32.96816999165449,4076.661992365813,2340.4095795394446
41041,57794,2344,39183,92.84383533675319,28.897736263175357,1333.4117893584112,768.9330269925983
41043,69523,2648,89890,90.83546556902881,20.437201023473133,2028.150388901178,979.0255359284557
41045,48371,5255,20497,81.44606527784553,14.597258135336878,739.894587086566,322.4670525805698
41047,70926,1756,230076,85.74514508249447,25.00738886281055,3525.448198456474,1936.8187834694293
41049,64975,10180,7712,76.78941908713693,11.29408713692946,403.27162062312294,170.3936618539551
41051,83668,1355,598188,92.33852902432011,47.71443091469571,5697.802032363006,3782.995902720488
41053,77353,3027,57222,91.7811331306141,31.019537939953164,1914.4960172327337,1009.2863815587724
41055,57171,4752,1368,88.23099415204679,16.00877192982456,128.59237924542808,63.111013301958636
41057,63098,3910,20699,90.70003381805884,23.80791342576936,940.465842016604,506.12053900232104
41059,70322,2599,52883,84.48272601781291,18.247830115538076,1726.1677207038717,816.5347512506739
41061,61946,3800,17596,92.78245055694477,23.834962491475334,716.3637344254663,367.9578780241021
41063,62238,6062,5608,93.31312410841655,31.972182596291013,371.38793733776544,236.4148895480147
41065,61316,4317,18770,86.43580181140118,22.04581779435269,793.0195457868614,405.075301641559
41067,100121,1602,417204,92.86536083067277,45.82122894315491,4933.7096590699375,3511.2890795262074
41069,50774,4237,1101,91.64396003633061,19.981834695731152,108.33743581975715,51.32250968142536
41071,80125,5185,73347,89.90279084352461,29.259547084406996,2019.3182017700924,1170.2384372425988
42001,78975,3334,73526,90.31499061556457,24.383211381008078,1650.559905001936,964.0798722097667
42003,72537,869,902730,95.23500936049538,43.83459063064261,7022.364274231293,4665.608427632992
42005,61011,2202,48608,92.44157340355497,18.587475312705728,1112.5124718402037,540.7337607362796
42007,67194,1531,123142,94.6525149827029,26.76422341686833,2306.6553708779297,1223.97303891875
42009,58337,2606,34889,90.29780159935797,16.096764023044514,906.3465121022974,446.26113431487624
42011,74617,1191,292213,88.06897708178623,26.817082060004175,3835.8172532069357,2179.3776634626684
42013,59386,2058,87416,92.96238674842134,23.43392513956255,1969.0502786876723,998.8923865962739
42015,60650,2167,42551,90.64181805362976,20.023031186106085,1022.7360363260893,527.7442562453901
42017,107826,1516,464065,94.68177949209701,43.30621787896092,5467.170749116951,3398.3768184237606
42019,82932,2164,139574,95.6653818046341,38.330921231748036,2324.701056050003,1484.32880454433
42021,54221,1809,95844,92.78619423229415,22.671215725554024,1612.7309136988724,933.1007448287671
42023,46186,2605,3476,92.60644418872268,10.874568469505178,193.26406805197908,71.65891430938652
42025,64538,3424,48059,89.67935246259806,18.331634033167564,1571.6574054163332,672.9925705384867
42027,70087,1941,97184,94.80572933816266,46.20410767204478,2258.303566839498,1499.9563326977222
42029,118574,2021,367451,94.74569398368762,56.118502875213295,4178.4886023537265,3162.1593887721724
42031,58690,2562,25480,90.88304552590267,22.747252747252748,668.084575484272,392.62959643918845
42033,56982,1591,59485,89.86299066991678,19.125830041186855,1425.680539251343,807.8211435707783
42035,59011,2275,25001,89.54041838326467,20.2991880324787,701.2431817850353,391.69631093488744
42037,59457,2234,43527,91.64196935235601,25.464654122728422,1186.5003160555837,611.0646446980876
42039,58734,2298,58926,90.6408037199199,20.588534772426435,1118.0769204307903,616.3424372862864
42041,82849,1822,181984,93.49668102690346,38.665487075786885,3394.73489392029,2195.049429967353
42043,71046,1614,198441,91.18176183349208,33.27991695264588,3832.46943888663,2172.9631842256326
42045,86390,1326,391672,93.50272677138014,40.87297534671868,4556.632967444273,2805.3431162693805
42047,61672,4091,22721,93.14290744245412,18.48510188812112,784.3729980054133,398.36917551437136
42049,59396,1515,186684,92.51569497118125,29.567611578924815,2977.8554363837075,1647.663193738332
42051,55579,2314,94625,89.83778071334214,18.645178335535007,1934.8671789040197,958.7038124467848
42053,46188,4612,5716,85.79426172148355,11.5815255423373,305.1343966189325,113.96929411029973
42055,71808,2153,110146,90.21208214551595,22.96678953389138,2470.4697933793886,1297.6444042957223
42057,63153,2303,10579,89.40353530579449,16.305889025427735,325.5380162131606,145.24462124292245
42059,66283,4247,25538,89.42360404103688,21.113634583757538,837.4920895148801,474.6935853790316
42061,61300,2892,31981,90.04096182108127,18.06072355461055,791.3071464355671,427.7990182316925
42063,57170,2657,54397,92.00139713587146,26.201812599959556,1351.6822851543184,785.482017617208
42065,56607,1932,31574,91.1984544245265,16.98866155697726,663.461377926402,324.0169748639722
42067,61915,2963,16493,82.95640574789304,14.3394167222458,570.9098002311749,265.56543449779
42069,63739,1644,151972,91.55831337351617,29.901560813834127,2665.1069396930397,1576.4634470865476
42071,81458,1462,374869,86.95784394014976,30.5181276659313,4705.439511884092,2720.3560428738
42073,57585,1767,61794,91.96362106353368,22.036120011651615,1376.5079004495396,707.2262721364358
42075,72532,1949,98487,87.5140881537665,22.850731568633424,1906.0847305405916,1022.6260313526152
42077,74973,1499,255117,90.24800385705382,32.353390797163655,3874.165716641455,2201.3091559342593
42079,60836,1430,231289,90.48290234295621,24.53856430699255,3047.6538517357903,1655.1628318688165
42081,63437,2788,80154,90.7615340469596,24.369339022381915,1734.2597844613706,998.3336115748082
42083,57861,2748,28826,92.81204468188442,19.492818982862694,881.3523699406497,362.462411844318
42085,57353,2084,78929,90.50665788240065,24.098873671274184,1548.058461428379,827.4430493997759
42087,58012,1989,32350,84.775888717156107,13.162287480680062,991.5074381970112,484.819554061096
42089,80656,2560,118803,89.89503632063163,26.556568436823987,2906.3621591260785,1646.0953799825818
42091,107441,1366,603213,94.78194269685832,51.43324165759027,5436.7623637602555,3718.025685763884
42093,72626,5146,13288,92.6399759181216,36.401264298615295,625.237554854153,411.8507011041744
42095,82201,1588,220129,91.95380890296144,32.83983482412585,3300.1884794659836,1895.9912974483823
42097,55952,1495,66933,89.909312297372,18.46772145279608,1496.6318852677168,744.0913922361957
42099,76103,2415,33078,89.14686498579115,18.26289376624947,812.0972848126017,428.53354594477196
42101,57537,792,1090012,86.90317170820138,33.60605204346374,9644.601184082212,5313.387619965251
42103,76416,3741,44410,93.07813555505517,27.408241387074984,1536.8181414858427,826.0895835198505
42105,56491,2495,11947,90.10630283753244,16.67364191847326,341.4849923495907,144.86545481929085
42107,63574,1527,104476,89.6626976530495,18.467399211302116,1899.2311602330033,974.3551713825918
42109,65914,3666,26578,84.91609601926405,21.009857777108888,763.9685857415866,402.3642628266084
42111,57357,1592,55224,90.02969723308706,17.229827611183545,1301.0361255553207,646.0665600385149
42113,62910,5821,4861,90.76321744497017,18.885003085784817,213.23226772700232,94.39279633531363
42115,63968,2010,28648,91.54216699246021,19.88620497067858,658.7556451371024,332.15207360484743
42117,59707,1927,29481,91.71669889081103,21.318815508293476,802.5116821579609,414.2499245624554
42119,64914,4753,29049,86.29901201418294,25.050776274570552,1009.9430677023335,567.4944933653542
42121,59278,2044,37461,90.76372761004778,19.388163690237846,933.471477871713,459.39525465550906
42123,57925,3005,28337,93.71493100892826,18.95048876027808,762.5798318864721,356.4884289847288
42125,74403,1769,151239,94.01278770687455,32.395083278783915,2544.6553794178103,1555.1922710713295
42127,59240,2840,39339,91.59358397519001,20.826660565850684,1125.5794063503472,598.2825419482002
42129,69454,1383,263459,95.343867546753,31.20637366724993,3456.3814893613812,1893.690312590736
42131,67968,2618,18901,92.76757843500344,21.469763504576477,572.7486359652024,282.7490053032902
42133,79183,1416,319732,91.09660590744748,26.338933857105324,4160.528091480695,2191.373770035591
44001,105875,5782,35419,93.26632598322934,51.37637990908834,1394.9426511509353,1013.0972312665749
44003,85732,2795,126563,92.7466953216975,33.57300316838254,2744.2813266864605,1585.7556558309984
44005,96319,3121,63786,94.77314771266423,52.1101809174427,1723.8129248848322,1195.8854460189739
44007,72579,1884,454952,86.28976243647682,31.195818459969402,5636.221163155328,3168.1398327725374
44009,99510,3981,90564,94.85336336734242,48.55350912062188,2385.102513520121,1495.960560977461
45001,49759,4901,17149,85.11866581141757,19.062335996268004,876.077051405868,453.69813753199384
45003,63212,2617,120157,89.56864768594423,29.60127166956565,3071.1904857888576,1593.1525350700101
45005,37096,11825,5670,78.87125220458553,10.776014109347443,410.170696174166,157.51507864328417
45007,62347,2220,140512,87.15768048280574,26.13798109769984,3095.5122354789683,1599.4689743786842
45009,43920,10656,8978,77.3112051681889,17.8547560703943,654.5968224793029,285.3033473340262
45011,42470,5354,13769,82.78742101822935,14.336553126588713,851.1838814263343,350.4539912741757
45013,81260,2323,136528,93.63793507558889,43.38743700925817,3094.6014282941187,2021.3846739302246
45015,77874,1757,154846,90.07723803004275,28.35978972656704,3313.5416098187147,1705.8097783750684
45017,55550,5282,10500,86.53333333333333,19.142857142857142,711.9761231951533,299.64979559479093
45019,78795,2075,295540,92.93631995668945,48.09298233741625,4876.287932433851,3442.759067956978
45021,47011,2783,38207,85.18596068783208,17.216740387887036,1446.6668586789426,619.4215043086573
45023,50022,4445,22441,85.18782585446282,13.854106323247628,901.7410936626987,416.7553239012071
45025,46326,2306,30442,81.38098679456014,12.870376453583864,1088.6004776776465,415.93388897756336
45027,48677,2912,22550,80.85587583148559,16.594235033259423,820.2554480160434,366.6360593285936
45029,46795,2513,26939,86.18359998515164,15.653884702475965,1193.1730804874874,443.1015684919204
45031,44317,2688,43315,85.70472122821194,19.002654969410134,1603.142538890413,767.1870697554801
45033,42454,2248,18693,78.33413577274916,11.876103354196758,871.4660062217,365.02739623211846
45035,73686,3419,109799,90.60829333600488,29.436515815262435,2945.0942259968524,1576.552568105485
45037,60033,5362,19108,83.0018840276324,19.876491521875653,876.7901687405032,465.6640419873538
45039,44521,4757,15303,84.09462196954846,14.716068744690583,912.2077614228022,368.1507843262051
45041,56088,2337,92542,87.29009530807633,23.795681960623284,2216.3289467044374,1170.7647073601083
45043,59782,4565,48042,90.85383622663502,30.981224761666876,1612.6245688318158,845.525871869099
45045,71328,1572,361179,90.09798465580778,39.297412086527736,4725.781840076836,3029.388717216726
45047,47553,2407,46557,86.8870416908306,24.230513134437356,1599.9359362174475,825.5513309298217
45049,40157,3255,13205,80.92389246497538,11.563801590306703,637.7209421055577,321.73902467683337
45051,59880,1583,266541,91.57502973276156,25.358575228576466,4394.614089996981,2184.784199869635
45053,60452,4846,21362,89.82305027619137,23.279655462971633,1254.8302674067118,504.9811877684158
45055,61343,3294,45757,88.90442992329042,21.330069716109012,1654.6498118937432,740.5990818249777
45057,72186,3530,70340,89.05601364799546,30.07676997441001,2422.8974390180033,1592.858750799957
45059,52077,2105,46889,82.69316897353323,17.916782187719935,1499.9196645154034,629.5418969377654
45061,39099,5826,11745,81.19199659429545,14.448701575138356,612.2009474020765,280.9003381984436
45063,71280,1598,205290,91.25091334210141,32.60509523113644,3605.3518552285573,1880.3994256540284
45065,55569,6227,7986,85.16153268219384,21.26220886551465,491.83228848866764,299.5129379509339
45067,35972,5050,20292,84.52099349497338,13.72462054011433,1086.8146116058617,452.02101721048325
45069,34275,3166,19034,80.3929809814017,8.290427655773879,822.4104814507169,227.9583295253762
45071,56706,2943,25949,85.45608693976646,22.51339165285753,1137.0074757889677,565.8082714135593
45073,56710,2695,57617,86.94829650971067,27.799087074995228,1852.8213621393725,1073.0232989082763
45075,41020,2178,56778,84.27207721300503,19.155306632850753,1694.121011026072,898.9738594642226
45077,57628,2634,82774,87.05269770700944,27.474810930968662,2328.975311161542,1432.8325094022678
45079,59850,1532,263144,92.20236828504545,40.23842458881829,4541.709149648401,2916.7202471268993
45081,51041,5430,13321,83.18444561219128,19.187748667517454,683.1478610081422,349.0687611345364
45083,61955,1496,223505,87.83114471712042,25.237019306055792,3983.40080835459,2272.3844305046628
45085,53970,2035,69519,88.80593794502222,23.072829010774033,2116.481986693957,1180.4528791950995
45087,42305,3766,19408,81.57460840890354,13.93755152514427,870.0413783263415,407.1817775883395
45089,40848,3255,22458,82.91477424525782,15.241784664707454,944.7153010298923,457.4767753667939
45091,80158,2289,191641,92.26992136338258,36.852761152363016,3389.3118770629535,1952.2259090586826
46003,71490,6124,1724,91.29930394431554,18.213457076566126,124.91196900217369,53.879495172096775
46005,63813,5633,12532,85.10213852537504,25.486753909990423,630.7455905513727,372.0403203955184
46007,44821,10135,1797,88.87033945464664,18.363939899833056,205.69880894161736,94.86832980505137
46009,57554,6460,5171,88.89963256623477,20.07348675304583,276.2462669431028,139.80343343423294
46011,64438,3539,18716,96.20111134857876,42.42893780722377,919.8581412370062,658.5096810222307
46013,70379,3139,25369,93.65761362292562,32.81564113682053,1097.6652495182673,634.3934110628829
46015,64821,11635,3576,85.79418344519016,25.727069351230426,259.1215930793881,124.64750298341319
46017,42917,6942,911,82.43688254665203,6.805708013172338,101.10885223361998,27.073972741361768
46019,58106,7804,7263,89.39832025333884,18.174308137133416,574.6825210496662,254.76655981505894
46021,66932,16267,1111,87.21872187218722,28.352835283528353,118.81077392223317,70.18546858146635
46023,60729,4078,5655,89.47833775419983,24.703801945181254,281.83683222744327,167.72596698186004
46025,59340,4205,2554,91.11198120595145,18.676585747846516,178.97206485929584,101.99509792141973
46027,55963,6277,7334,93.4005999454595,40.00545404963185,556.3676841801652,360.25407700677033
46029,65747,5887,19341,91.83082570704721,20.169587922030917,935.7569128785531,484.8205853715372
46031,48125,11870,2139,86.20850864890136,17.1575502571295,108.2497113160123,47.095647357266465
46033,75943,6402,6941,93.6464486385247,30.499927964270277,529.3826593306585,309.84673630683926
46035,55606,3083,13591,90.23618571113236,23.25803840776985,788.7414024888005,457.2909358384441
46037,57558,4408,3909,91.50677922742389,22.409823484267076,230.69243594014955,117.43083070471741
46039,76997,5001,2941,92.82556953417205,23.69942196531792,223.40546098965442,117.44360348695028
46041,55077,4545,2792,86.60458452722062,17.87249283667622,179.04189453868054,76.69419795525604
46043,75048,8354,1894,91.28827877507919,20.591341077085534,145.5678535941229,76.04603868710059
46045,76806,11321,2874,92.58872651356994,28.14892136395268,221.23516899444357,108.34666584625482
46047,54886,7119,5482,91.53593578985772,19.865012769062385,440.8922770927157,239.68938232637674
46049,56734,7820,1440,92.22222222222223,22.15277777777778,182.3896926912264,133.03007178829907
46051,70851,5942,5257,91.66825185466996,24.405554498763554,426.01643160798386,265.80067720004024
46053,48272,4761,2773,90.37143887486477,19.148936170212767,168.1755035669583,81.68231142664855
46055,53109,4362,1233,96.35036496350365,16.62611516626115,140.1606221447379,54.17564028232615
46057,76995,3423,3619,92.37358386294557,21.88449848024316,215.54581879498383,115.58979193683152
46059,72857,9298,2123,93.07583608101743,25.341497880357984,166.74531477675768,90.47651629014017
46061,86827,10217,2121,94.67232437529468,21.122112211221122,149.46571513226704,71.62401831787993
46063,71484,6609,863,94.09038238702202,27.34646581691773,94.89467845985885,57.81868210189506
46065,83750,5986,12296,96.68998048145738,35.418022121014964,882.8459661798314,474.832602082039
46067,69139,5060,4982,91.97109594540345,25.752709755118428,273.0329650426849,136.15432420602733
46069,69712,8439,993,90.83585095669687,20.342396777442094,114.92171248288984,51.32250968142536
46071,26078,9885,1712,87.0911214953271,15.595794392523365,188.26311375306634,61.69278726074872
46073,66607,13899,1396,91.69054441260745,16.83381088825215,143.68020044529447,61.48983655857283
46075,61250,15611,670,94.92537313432835,33.88059701492537,107.24737759031686,66.11353870426238
46077,65964,5454,3532,90.45866364665912,22.96149490373726,183.1256399306225,91.44943958275523
46079,74884,9857,7737,93.33074835207445,34.548274525009695,497.24641778498517,316.17242131469976
46081,62977,5473,18355,94.97684554617271,36.69844728956688,964.3458923021345,578.9680474775788
46083,92317,2853,42903,96.01193389739645,41.803603477612285,1580.4382303652364,1065.4829890711535
46085,60284,3477,2317,91.45446698316789,23.176521363832542,163.18394528874464,97.43202758846806
46087,74873,6538,3712,92.5646551724138,27.69396551724138,219.9704525612474,126.41598000252975
46089,58529,7156,1663,81.11846061334937,20.505111244738426,167.88388844674762,85.86617494683223
46091,74018,8855,3029,90.32684054143282,23.30802244965335,234.83824220088175,117.89402020458883
46093,70256,7699,20199,95.81662458537551,27.382543690281697,1045.8240769842698,544.8972380183258
46095,41397,10498,1248,81.97115384615384,11.939102564102564,120.69382751408624,43.09292285283048
46097,62037,5804,1661,90.48765803732691,16.49608669476219,150.99668870541498,69.52697318307479
46099,73110,2270,130706,93.1013113399538,34.17823206279742,2503.0325607151017,1461.0140314179052
46101,71469,5751,4236,94.47592067988668,27.00661000944287,263.6361128525453,160.34338152851836
46102,32279,9588,6994,73.94909922790964,8.149842722333428,507.7489537163026,185.33483212823216
46103,67823,2223,76300,94.17300131061599,33.37876802096986,2004.6815208406547,1301.1183650998091
46105,64410,7063,2101,92.24178962398858,20.228462636839602,158.65686244219,82.74055837375042
46107,71786,13214,1811,96.57647708448371,24.29596907785754,173.57995275952808,78.30708780180757
46109,59022,2107,6443,91.12214806767034,16.529566971907496,275.98731854924057,125.88089608832628
46111,65806,5772,1583,91.91408717624763,19.898926089703096,117.9279441014724,57.0701322935211
46115,65795,8811,4513,90.64923554176822,25.060935076445823,272.0091910211859,167.38279481475985
46117,82298,10120,2130,94.27230046948357,26.854460093896712,254.64485072351258,125.1678872554778
46119,66875,3884,1032,96.22093023255815,21.511627906976745,115.08257904652642,44.82186966202994
46121,33792,8080,4695,79.80830670926518,14.739084132055378,327.39425773828106,130.33802208104893
46123,56758,7501,4057,89.82006408676362,17.08158737983732,329.07294024273705,131.73837709642547
46125,72312,3101,5989,91.3675070963433,26.4484888963099,291.013745379836,183.14748155516637
46127,82036,6056,11461,94.4594712503272,35.424483029404065,662.5013207534005,447.8850298904843
46129,57697,5699,3768,91.18895966029724,27.65392781316348,336.9732927102681,194.0876090841453
46135,68847,5533,16238,93.07796526665845,27.281684936568542,897.0178370578815,519.2860483394485
46137,46023,7176,1479,89.58755916159568,14.874915483434753,124.47088012864695,49.09175083453431
47001,60633,2378,55143,90.87100810619661,24.528951997533685,1697.9508237873085,791.8345786842098
47003,59955,3085,33792,85.02604166666667,17.119436553030305,1361.435639316086,708.7481922375534
47005,47737,4520,11591,84.67776723319817,11.103442325942542,645.9876159803684,236.88393782610083
47007,51783,7564,11441,78.11380124115026,10.340005244296828,714.3276559114871,206.375870682597
47009,70935,2027,98165,90.43039779962308,26.02149442265573,2368.848243345276,1283.8313752202819
47011,60692,1908,74607,88.19681799294972,23.890519656332515,2213.2196004915554,1117.002238135627
47013,48258,4359,28408,81.1707969586032,12.943537031822022,1201.3742131409347,573.917241420747
47015,57651,6320,10328,85.61192873741285,17.496127033307513,608.3954306205792,300.4430062424486
47017,49700,2542,19421,88.72869574172287,19.81360383090469,820.9768571646828,447.1017781221631
47019,47994,2885,42063,87.43789078287331,21.12069990252716,1407.6540768242744,669.1345156244744
47021,77014,3681,29340,88.94683026584867,22.893660531697343,1169.678160863064,608.8448078123029
47023,57471,8787,11286,85.59276980329612,16.356547935495303,784.5342567409023,380.372186154561
47025,42406,3215,23056,82.18684941013186,18.754337265787647,954.1918046179185,460.8763391626869
47027,39572,8988,5510,84.97277676950998,12.304900181488204,512.9385928159433,188.4064754725803
47029,45110,4299,26270,84.48420251237152,11.728207080319756,1093.5437805593335,449.4051624091561
47031,57424,3010,39473,87.42431535479949,23.327337673853012,1553.78634309869,780.4722929098765
47033,59136,6216,9480,85.74894514767932,15.527426160337553,467.1509392048784,222.86767374386085
47035,56002,2777,47524,89.27068428583452,18.104536655163706,1676.8380959412868,716.6100752850186
47037,71863,1354,495381,90.33551952941272,45.98480765309933,6054.673153853972,4092.235941389499
47039,48466,6128,8322,85.05167027156934,15.633261235279981,480.55176620214394,209.42779185198893
47041,46907,6269,14386,81.09272904212429,20.401779507854858,792.5250784675524,414.83611221782513
47043,68492,2865,37919,88.35939766344049,19.314855349560908,1527.4930441740153,696.0380736712611
47045,53150,2728,25019,88.18098245333546,21.623566089771774,1308.3611886631306,718.476861144463
47047,81074,3612,31529,90.25976085508579,25.67477560341273,1153.0706830025642,553.7255637949182
47049,47884,3692,13453,80.91132089496766,16.323496617854754,798.8460427391501,402.08581173674855
47051,57933,3759,29560,89.97631935047362,21.803112313937753,1115.3819973444076,540.042590912976
47053,55455,4576,34441,87.61360006968438,18.538950669260476,1283.0631317281313,584.2362535824013
47055,56877,4773,21382,88.04134318585726,18.941165466280047,973.9353161273083,455.8091705966434
47057,47098,3618,17170,81.00174723354688,14.094350611531741,784.5693086018596,418.05023621569694
47059,51975,3691,50666,86.43271621995027,17.976552323056882,1518.6039641723578,759.887491672287
47061,47948,4455,9623,79.54899719422218,13.550867712771485,482.0684598685129,232.3144420822778
47063,49656,3139,44329,86.3994224999436,18.838683480340183,1751.7020294559231,807.5704303650549
47065,69069,1516,259234,90.70106544666208,35.54934923659705,3832.0951188612216,2285.1568873930737
47067,31809,3399,4850,79.79381443298969,9.876288659793815,352.0497123986895,115.34730165894649
47069,43566,3299,18436,80.94489043176394,10.479496637014536,887.9324298616422,311.526884875126
47071,46902,3137,19378,85.37516771596655,15.801424295592941,897.5344004549352,449.41962573968664
47073,53647,2302,41611,86.17913532479392,16.767200980509962,1431.6745440217899,600.6679615228367
47075,44890,5609,12484,82.24927907721884,12.159564242230054,562.6926336820129,243.69037732335678
47077,51576,3022,19260,87.86085150571132,13.842159916926272,973.9378830295082,413.08715787349286
47079,48025,2606,23375,87.10160427807487,19.016042780748663,1047.7671497045515,507.67115340543035
47081,54669,3431,17892,82.51732617929801,12.44131455399061,932.5245305084472,348.2111428429596
47083,51544,3956,5809,84.04200378722672,11.413324152177655,337.49370364497173,134.40982106974178
47085,54185,3035,13339,87.2629132618637,16.867831171752005,797.7455734756539,388.3542197530497
47087,42357,6209,8770,81.26567844925884,13.922462941847206,512.0498022653655,254.52897673938816
47089,60393,3332,39459,88.0128741225069,21.082642743100433,1489.2907708033379,757.4331653684039
47091,47571,3552,13727,82.4215050630145,14.941356450790414,721.5123006574455,328.2316255329459
47093,68580,1290,322573,92.3456085909236,39.15020785992628,4351.532258871581,2520.766748431913
47095,32064,4803,5264,74.27811550151975,10.828267477203648,346.7463049550781,150.33961553762202
47097,46702,2898,17136,81.95611577964519,10.434173669467787,759.2456782886551,235.8834457947399
47099,51038,2271,29839,85.76024665705955,15.637253259157479,1031.2211208077538,434.9137845596527
47101,44613,6850,8743,84.35319684318884,9.333180830378588,736.9986431466479,234.27334462119245
47103,61374,2381,24770,88.07832054905127,19.317723052079128,969.4060036950463,467.5874249806126
47105,75008,4501,41137,87.80659746700051,28.354036512142354,1622.0499375789884,965.7794779347923
47107,57982,5006,37686,86.38751791116064,17.406994639919333,1412.2478536007764,595.3326801041583
47109,46920,2714,18281,86.32459931075981,11.459985777583283,821.8576519081635,322.505813901083
47111,51215,6679,16887,78.01267246994729,9.87149878604844,889.0562411906235,307.78888868833457
47113,55280,2973,66475,89.64874012786763,25.93305754042873,1896.4448317839356,1010.0697995683269
47115,58139,2385,20693,80.84859614362345,15.145218189725995,951.0562549081942,401.424961854641
47117,65325,4291,23527,89.16988991371616,20.873889573681303,1160.7820639551594,600.087493620722
47119,71500,3394,70957,91.78657496793834,25.85368603520442,2202.5383084069163,1101.9609793454576
47121,59434,4337,9322,82.11757133662304,11.49967818064793,566.9488513084756,214.84180226389836
47123,52123,3526,33502,85.74114978210257,15.61996298728434,1377.9735120821445,653.3620741977605
47125,67890,2012,137996,94.14403316038145,30.357401663816344,3441.5152186210075,2009.7539650414924
47127,69250,9575,4787,86.14998955504491,23.166910382285355,411.1435272505211,231.38063877515768
47129,51971,5980,15303,81.44154740900477,12.46814350127426,803.9129306087818,328.0335348710555
47131,50638,2113,21643,84.840364090006,17.22496881208705,826.5518737502202,429.7592349211358
47133,46580,7081,15952,82.22793380140422,13.891675025075227,773.410628321075,343.3045295360957
47135,55978,8950,5793,80.01035732780943,10.719834282755048,458.13971668040307,164.529632589391
47137,44317,8782,3784,81.52748414376322,18.208245243128964,362.6527264477685,190.65938214522777
47139,53775,5464,12893,84.68936632281083,13.317303963390987,642.2662999099362,280.55124309116866
47141,54371,2200,51667,89.22910174773067,27.574660808639944,1646.3626574968225,974.1406469293846
47143,55568,2205,22843,83.31655211662216,17.103707919275053,1067.1822712170588,509.10804354282203
47145,66460,4354,39812,89.88244750326535,21.885361197628857,1511.2111037178095,739.8763410192273
47147,74440,3433,50350,88.64349553128103,21.074478649453823,1632.683374080841,773.4662242140894
47149,78291,1782,217950,92.70016058729067,33.38609772883689,4281.78549205819,2206.2758213786415
47151,39744,4724,14918,80.37940742726907,10.249363185413594,760.7226827169018,304.7622023808071
47153,53038,6510,11627,83.97695020211576,18.5774490410252,702.814342483134,316.8816813891267
47155,60103,2743,71045,87.68104722359068,20.11682736293898,2193.3314842950667,1110.6561123948313
47157,59621,1066,610776,89.63548011054789,33.78931064743867,6858.643743481652,4577.496477333434
47159,57677,4224,14009,86.615747019773,16.89628096223856,700.0349991250438,318.85263053642825
47161,57257,5932,9715,88.5331960885229,16.798764796706124,681.6494700357362,280.9234771249993
47163,54357,2124,116111,89.32745390186976,26.311029962708098,2534.077149575364,1311.5212541167605
47165,81883,2335,135793,91.34712393127775,31.229886665733876,2888.213807875033,1502.9577505705208
47167,70674,3129,41274,89.03183602267771,19.63948248291903,1526.9312361727361,800.3261835027016
47169,62018,12026,8371,85.95149922350974,9.759885318361007,630.6441151711479,228.9060942832235
47171,49855,6163,13289,87.99759199337798,17.23229738881782,898.6484295874556,429.1025518451271
47173,57094,5698,14064,80.36831626848692,13.083048919226394,721.1268959066774,304.0822257219254
47175,44730,9375,4588,80.5797733217088,10.20052310374891,367.48741475049184,136.92333621410194
47177,52948,2054,28286,83.74460864031677,13.9609700912112,1082.9335159648538,485.07834418782295
47179,58507,2962,91259,91.0310215978698,33.369859411126576,2584.885103829569,1433.429105327501
47181,49360,3970,12219,82.28169244619036,12.153204026516082,665.9647137799419,266.93819509392057
47183,47769,2693,21122,87.52012120064389,20.106997443423918,917.0468908403757,451.8130144207889
47185,48220,4011,19417,81.7582530772004,13.539681722202195,876.3110178469742,331.32008692501574
47187,125943,4211,163046,96.03486132747814,61.986801270807014,3258.874192109907,2263.305105371346
47189,89462,2780,102516,93.07230090912638,36.73963088688595,2548.334750381119,1581.6933963319186
48001,57445,4562,42436,84.77471957771704,13.111509096050524,1611.3360915712153,643.0785333067805
48003,86458,16116,11043,73.82957529656797,19.69573485465906,807.0421302509553,388.6823896190822
48005,57055,2484,56714,83.98984377755052,18.649716119476672,1900.8987348094058,863.7192831007075
48007,58168,6458,19026,88.61032271628298,24.16692946494271,1115.3515140976856,563.065715525284
48009,69954,8482,6034,91.1667219091813,25.17401392111369,371.69880279602734,215.466934818315
48011,70417,14574,1331,92.78737791134485,25.920360631104433,151.10261414019283,83.6719785830358
48013,67442,4309,31538,80.56313019214916,14.525334517090494,1332.9009715654047,588.8675572656384
48015,73556,4757,20958,87.88052295066323,24.129210802557495,976.8090908667875,489.2667983830499
48017,69830,13120,4342,73.23813910640258,15.338553661906955,437.9828763776045,162.51153805191802
48019,70965,5710,16279,91.97125130536274,27.335831439277598,901.1958721609859,481.0135133236903
48021,80151,4882,64589,83.07606558392295,23.04881636191921,2283.007446330388,1196.6294330326327
48023,52716,13251,2468,86.9935170178282,23.25769854132901,274.346496241523,147.41777369096306
48025,50283,5028,21600,80.23611111111111,11.49537037037037,1114.7636520805654,439.9386320840669
48027,62858,1761,227732,90.81595910983086,26.77269773242232,4183.912164469995,2278.3605948137356
48029,67275,775,1297977,85.886498759223,30.431741086321253,10364.66974871848,5854.7296265498035
48031,79717,7454,8849,90.32659057520624,30.624929370550344,618.836812091847,351.94601858807835
48033,80625,20060,439,94.53302961275627,39.40774487471526,85.15280382935138,63.608175575157006
48035,63868,3861,13281,87.68918003162412,18.966945260146073,604.7015792934561,284.6366104351301
48037,56628,2331,62699,89.97910652482496,22.250753600535894,1829.8087331740442,944.1403497362031
48039,91972,3041,245242,88.77883886120648,31.408975624077442,4755.153625278577,3007.050714570674
48041,57562,1987,123121,89.27802730647088,43.20221570650011,2665.457934389511,1808.3063899682488
48043,47747,5240,7149,88.92152748636173,47.69897887816478,626.0183703374846,457.6341333423459
48045,35446,9799,978,84.560327198364,15.74642126789366,123.81033882515628,45.09988913511872
48047,30566,10337,4914,70.14652014652015,19.10866910866911,555.8947742154085,343.93604056568427
48049,53792,2553,26536,87.38694603557431,19.886192342478143,1036.889579463503,468.9115055103681
48051,71745,4685,12878,83.7164155924833,22.464668426774345,717.9575196346926,382.3427781454751
48053,71482,5782,35526,88.41974891628666,28.11743511794179,1391.6871056383327,725.4481373606249
48055,66779,4646,30562,80.28924808585826,16.690661605915842,1246.5319891603265,582.3847525476607
48057,62267,6177,13619,84.33805712607386,16.20530141713782,859.423062292373,404.1447760394782
48059,63906,2318,9723,92.08063354931606,22.87359868353389,574.1532896361389,290.55292116927683
48061,47435,1616,250129,70.8574375622179,19.47475102846931,3645.205618343086,1945.2357183642296
48063,53968,4125,8192,87.21923828125,20.7275390625,607.1540167041638,306.0669861321211
48065,83199,3753,3905,92.41997439180538,25.224071702944943,322.3119606840553,188.86503117305756
48067,54303,3701,20037,87.64785147477167,17.223137196187054,884.2788021885406,434.0702708087712
48069,59886,10198,4499,75.15003334074238,19.493220715714603,411.0121652700805,218.22236365689014
48071,106103,8787,29931,89.2319000367512,22.78908155424142,1681.6227282003535,861.354746895842
48073,56971,4815,33407,78.89963181369174,16.17325710180501,1385.3432787580123,589.1052537535207
48075,56063,16450,4993,81.99479270979371,14.640496695373523,534.3949850064089,184.83506160899236
48077,75227,5346,7534,92.92540483143085,23.241306079108043,407.7278504100499,207.38852427268006
48079,41597,7058,1689,69.39017169923031,8.52575488454707,139.92497989994496,37.080992435478315
48081,40230,5552,2385,86.0377358490566,19.49685534591195,217.67406827640264,90.68075870878012
48083,51034,4056,5588,88.18897637795276,20.651395848246242,456.5402501423067,212.52293993825703
48085,113255,1316,711181,94.35080520992547,54.289836202035765,7497.529793205226,5577.601545467371
48087,52045,11458,1786,77.77155655095184,25.195968645016798,198.9698469617947,121.08674576517448
48089,63352,5177,14013,84.41447227574395,22.172268607721403,857.8851904538276,455.0021977968898
48091,93744,2651,115639,93.6111519470075,40.53736196265966,3061.9862834441305,1994.8441041845851
48093,57383,7645,9615,84.62818512740509,18.876755070202808,572.902260424935,269.9685166829643
48095,55750,15537,2474,74.89894907033144,11.560226354082458,222.2206111052708,79.87490219086344
48097,66374,5551,28556,88.7974506233366,23.270065835551197,1217.2460720823872,649.5436859827058
48099,63281,2292,52395,90.0066800267201,17.30317778413971,1703.6801342975155,829.5143157293911
48101,47625,18011,1097,81.85961713764813,18.322698268003645,184.92160501142098,63.13477647065839
48103,71364,23469,2894,75.01727712508638,15.653075328265377,346.6092901236203,156.6301375853319
48105,64103,21764,2344,71.9283276450512,15.61433447098976,399.67486786136556,160.63000964950479
48107,50268,5227,3413,77.82009961910343,14.034573688836801,216.31227427032428,91.12079894294168
48109,35924,18455,1688,76.36255924170617,10.485781990521327,408.2425749477876,98.03060746521976
48111,71969,7016,4467,78.03895231699127,14.304902619207521,481.04469646801016,195.26136330569855
48113,70732,611,1681632,81.12916500161748,33.883096896348306,10712.491960323705,6535.212008802775
48115,45268,12510,7853,70.2024703934802,13.498026232013244,474.352189833672,224.0446384094027
48117,51942,3123,10827,72.16218712478064,11.831532280410086,619.033117046253,203.72285095197347
48119,68491,19007,3691,89.18992143050664,21.484692495258738,364.9904108329423,180.70417814760123
48121,104180,1355,611044,93.27413410490898,47.86627476908373,6520.4373319586475,4652.64612881745
48123,61100,4804,13944,84.10068846815835,14.063396442914515,677.4680804288863,238.6063704095094
48125,46638,6354,1174,85.51959114139693,20.18739352640545,129.10460874810008,49.22397789695587
48127,27374,12374,5327,72.76140416744884,14.586070959264125,500.039998400128,219.6770356682737
48129,51711,6438,2155,84.45475638051045,13.503480278422273,206.7268729507608,74.22937423958254
48131,50697,10283,6380,73.41692789968653,7.821316614420063,558.9123365967154,166.33400133466398
48133,52902,6459,12158,85.40878433952953,22.857377858200362,789.9727843413341,446.9160995086214
48135,70566,2966,96948,76.84738210174527,16.602714857449353,2814.7632227240715,1256.4827893767585
48137,40809,11055,841,74.43519619500594,19.024970273483948,158.12653161313568,77.79460135510689
48139,93248,2485,125963,88.34737184728849,27.869294951692165,2740.59829234421,1456.2970164083974
48141,55417,1064,535173,80.02589816750844,25.01265945778281,6547.695701542642,3558.062815634373
48143,59654,4017,25212,87.08551483420594,32.36157385372045,1069.7471663902643,644.7588696559358
48145,45172,6933,11605,82.51615682895304,13.476949590693666,670.0097014223003,280.46568417544415
48147,65835,4008,25287,85.71993514454067,20.571835330406927,974.5091071919236,527.8465686162979
48149,72881,3664,18005,89.89169675090253,24.05998333796168,903.0088593142373,397.5613160255912
48151,60461,4950,2608,86.1579754601227,19.900306748466257,192.1561864733998,94.66255859631093
48153,49321,4435,3488,71.24426605504587,16.02637614678899,272.39493387359465,125.51095569710239
48155,41944,8781,698,80.37249283667622,16.045845272206304,114.51637437502114,40.024992192379
48157,109987,2899,536035,91.47163897879803,48.62033262753365,7736.596344646656,5535.2260116457755
48159,67915,2968,7328,91.49836244541484,30.717794759825328,666.0585559843819,396.61316165755267
48161,55902,5887,13871,84.97584889337466,17.381587484680267,751.7792229105563,341.40005858230313
48163,56042,17005,11719,70.00597320590494,8.516084990186876,903.1018768666136,305.27364773265316
48165,73299,10129,11665,60.37719674239177,10.398628375482211,813.1063891029266,346.12858882213123
48167,83913,2331,236769,89.73387563405683,33.805945879739326,4355.550022672222,2714.7510014732475
48169,56215,19650,4158,69.98556998556998,13.275613275613276,354.35716445417046,156.0416611036937
48171,70162,5719,19720,88.70689655172414,35.233265720081135,1021.0528879543899,636.4825213625273
48173,112188,31250,739,86.06224627875507,37.75372124492557,122.80065146407001,85.09994124557313
48175,58125,15021,5044,84.45678033306899,17.842981760507534,436.37713047317226,182.8359920803341
48177,64255,5415,12754,77.40316763368355,13.086090638231143,659.4823727742843,288.3088621600106
48179,54563,3905,14061,81.57314557997297,16.03015432757272,741.4843221538807,356.4407384124323
48181,66608,2399,92530,90.41932346266076,22.819626067221442,2418.0374273364755,1148.1480740740717
48183,63811,2496,80126,86.42887452262686,22.423433092878717,2232.9191655767568,1116.328804609108
48185,63484,5777,20175,80.78314745972739,19.425030978934323,966.164582252941,525.2532722411161
48187,88111,3461,115577,89.091255180529,29.539614283118613,2781.676472920602,1498.0807721882022
48189,50721,4549,19888,74.78881737731295,14.802896218825422,987.2000810372738,388.86887250074415
48191,43873,4809,1978,81.79979777553083,18.200202224469162,185.6582882609877,86.52745229116596
48193,54890,9481,5812,89.31520991052994,25.05161734342739,471.9163061391289,252.65391348641327
48195,62350,12286,3276,72.16117216117216,29.57875457875458,269.94443872767596,187.98138205684094
48197,60455,9266,2473,84.95754144763445,17.428224828143954,250.53542663663356,121.35073135337916
48199,70164,3611,38319,88.85931261254208,18.46864479761998,1597.693963185691,775.3779723463906
48201,70789,482,3032681,82.1451712197887,33.16698986804085,16101.337584188464,10308.473553344355
48203,63427,3052,45553,89.32891357320045,22.198318442254077,1715.145474879609,762.988859682761
48205,78065,21076,4062,84.17035942885278,25.283111767602165,363.1487298614715,184.7863631332139
48207,52786,8619,3963,79.53570527378248,20.161493817814787,322.62361971808576,161.72198366332265
48209,79990,2985,149815,90.87608049928245,40.363114507893066,3676.442982014001,2275.942442154458
48211,67798,18780,2262,88.63837312113174,23.297966401414676,211.34332258200163,117.23054209547954
48213,59778,2599,58449,86.65503259251655,19.050796420811306,1592.455022912735,827.3517994178776
48215,49371,1140,496398,68.58831018658415,20.122965845954255,5913.454574104717,3181.9388743343266
48217,60669,3647,24820,85.60435132957292,17.51007252215955,812.141613267046,354.1440384928144
48219,53283,4003,13638,79.54978735885027,17.187270860830033,582.0472489411835,249.7638885027217
48221,80013,3773,45404,92.36851378733151,31.65139635274425,1637.8067651588206,942.100313130189
48223,63766,3617,24949,84.90119844482744,21.596055954146458,888.37829779886,523.8119891716874
48225,51043,5361,16318,82.38754749356539,14.775094987130776,719.9583321276308,328.47830978620186
48227,67243,4393,23829,81.01472995090016,13.81509924881447,1077.9457314726005,389.2736826449998
48229,35163,8159,2242,54.90633363068689,10.347903657448706,233.9337513057917,118.63810517704673
48231,66885,2789,67094,87.67699049095299,21.331266581214415,2042.675941014629,1034.1518263775392
48233,62211,4695,13527,85.89487691284099,15.605825386264508,725.4191891589304,330.18328243568
48235,54708,9278,1127,88.81987577639751,18.367346938775512,169.091691102786,82.98795093265046
48237,58861,7780,5841,79.64389659304913,15.545283341893512,383.7772791607132,186.8020342501655
48239,67176,12031,10059,80.58455114822547,13.033104682373994,691.936413263531,251.27276016313428
48241,48818,4802,22805,87.27910545932909,12.238544178908134,1165.7289564903156,411.7292799886838
48243,38125,25205,1634,85.74051407588739,27.84577723378213,278.45107290150634,144.3641229668923
48245,57294,1667,170001,84.7506779371886,19.90694172387221,2904.572774092603,1314.8193792304705
48247,42292,5770,2439,78.59778597785977,12.751127511275113,278.99103928262645,110.49886877249016
48249,46626,5918,24864,78.26576576576576,15.263030888030888,1335.2557807401547,730.4690274063645
48251,77058,2356,119361,86.37494659059492,21.382193513794288,2999.388437665252,1587.0195335911906
48253,59361,5961,14653,80.80256602743465,11.158124616119565,665.4862883636296,252.34500193187895
48255,57798,8361,10347,76.06069392094327,16.275248864405143,656.5028560486237,302.7639344439823
48257,84075,3457,94837,86.34710081508273,23.768149561879856,2476.822763138291,1253.2473818045662
48259,104196,8603,31578,92.48527455823675,48.51162201532713,1420.5689001241722,906.6587009453998
48261,45455,11419,87,33.333333333333336,8.045977011494253,37.469987990390386,22.891046284519195
48263,68553,10676,452,88.49557522123894,27.876106194690266,91.10982383914481,54.35071296680477
48265,66713,4159,38482,89.68868561925056,29.772361103892727,1370.1872134858068,744.4017732380814
48267,62386,14087,3177,85.26912181303116,27.856468366383382,325.48271843524964,196.0051019744129
48269,59375,29395,160,78.75,30.625,51.487862647424,29.9833287011299
48271,52386,23728,2536,84.62145110410094,13.288643533123029,460.3118508142062,181.785587987607
48273,52487,4987,17217,82.38369053842133,22.95986524946274,1025.2180255926053,550.5170297093451
48275,48750,4786,2310,81.81818181818181,14.155844155844155,175.11139311878026,84.55767262643882
48277,58246,2845,34191,87.53180661577608,20.89146266561376,1306.7344795328545,673.4248287671015
48279,54519,4693,8225,76.65653495440729,12.875379939209726,422.83566547773614,189.08199279677586
48281,73269,5449,15447,90.28290282902829,20.185149219913253,787.2509129877209,361.0720149776219
48283,62798,16353,4483,62.41356234664287,5.420477358911444,430.47996469057654,118.9915963419266
48285,58530,4515,14057,85.32403784591307,19.556093049726115,612.8131852367408,309.7014691602221
48287,66448,6910,12387,86.4939049002987,16.58997335916687,885.6777066179322,448.8552105077984
48289,57363,6909,11219,84.57973081379802,15.010250467956146,663.0331816734363,322.9891639049211
48291,59605,3990,58795,78.4046262437282,10.560421804575219,1895.647646584143,777.1447741572995
48293,53102,3779,15524,84.59160010306621,16.857768616335996,716.8633063562397,324.3069533636305
48295,71625,9256,1872,85.09615384615384,24.732905982905983,146.96598245852678,80.48602363143554
48297,55949,10059,8273,75.43817236794392,13.56219025746404,555.2206768484041,269.40304378384445
48299,64241,5661,17083,91.52959082128432,31.809401159047006,777.4245944141463,460.9631221692252
48301,-666666666,-222222222,63,96.82539682539682,0,44.78839135311738,30
48303,61911,2194,184975,88.33950533855926,32.62386809028247,3193.1653574470583,1877.4946071826678
48305,52996,3758,3668,81.40676117775354,24.56379498364231,225.47727158186032,123.40988615179904
48307,53214,8951,5385,79.88857938718662,18.551532033426184,453.5074420558057,241.54502685834788
48309,59781,1910,159035,86.92551953972396,26.941239349828653,3266.6709353713604,1792.5760792780875
48311,60313,24836,432,88.88888888888889,15.74074074074074,104.07209039891531,43.034869582700026
48313,65768,6286,9295,78.91339429800968,14.039806347498654,629.2280985461473,241.71884494180424
48315,48040,2380,7233,86.74132448499931,16.258813770219827,482.3494583805397,209.62347196819348
48317,70217,19028,3019,84.20006624710169,16.89301093077178,317.8663241049608,140.68759717899798
48319,77583,12271,2769,84.90429758035391,37.99205489346335,293.013651559104,182.44999314880778
48321,56412,3540,23788,81.47805616277114,20.850849167647553,1287.8567466919603,602.7910085593513
48323,48497,4896,33187,64.62470244372797,15.822460602042968,1485.3985997031234,840.44274046481
48325,73060,2954,34739,86.02147442355853,22.182561386338122,1419.9658446596525,690.6062554017303
48327,40945,7332,1525,77.90163934426229,23.868852459016395,228.2126201593593,122.84136111261549
48329,90123,5223,105464,84.39467496017599,29.44701509519836,3009.9787374664293,1675.453073052182
48331,56985,3374,17084,85.79957855303208,18.23928822289862,755.0834390979583,362.2885590244329
48333,59315,5492,3395,87.8939617083947,28.45360824742268,268.86427802889693,166.79928057398809
48335,49869,6244,5459,83.80655797765158,9.59882762410698,506.93589338297994,171.55174146594956
48337,63336,5446,14199,87.99211212057187,16.719487287837172,684.0299701036498,319.1096990064702
48339,95946,3307,412475,89.80786714346324,37.74240863082611,6529.183639629077,4384.39163396702
48341,59041,3865,12547,67.93655853989002,11.843468558221089,725.9318149798919,295.4031144047063
48343,51532,3457,8137,87.5875629839007,13.543074843308345,514.5483456391635,242.29527440707545
48345,66528,5611,921,85.99348534201954,20.41259500542888,131.7915020022156,54.35991169970753
48347,51153,2141,37715,85.16505369216492,25.358610632374386,1354.4722219373862,702.9324291850534
48349,56261,4330,33975,80.43561442236938,17.003679175864605,1333.5077802547685,647.2758299210623
48351,38871,6573,8735,81.92329708070979,6.788780767029193,527.6580331995335,157.8163489629639
48353,47437,3661,9530,83.8719832109129,13.955928646379853,600.9617292307389,234.1004058091314
48355,64027,1446,231734,84.4921332217111,22.490441627037896,3802.8933721575736,2011.050471768424
48357,62240,11061,6078,76.30799605133268,18.558736426456072,452.952536144793,226.82812876713504
48359,71103,7939,1302,83.48694316436251,23.886328725038403,151.8947003683802,72.4568837309472
48361,71910,5672,56679,89.3152666772526,17.163323276698602,1876.1756314375261,941.8667634012785
48363,65242,2873,19471,87.50449386266756,18.062760002054336,832.6854147876015,349.4653058602527
48365,58205,10677,15292,83.71697619670415,16.15223646351033,848.153288032299,393.7791259068972
48367,95721,3738,102048,90.27614455942302,30.880566008153025,2639.8232895404194,1529.7189284309716
48369,65575,9008,6233,71.0572757901492,18.45018450184502,408.1102792138419,221.934675073545
48371,59325,10173,10286,75.90900252770756,11.471903558234494,681.240779754119,258.5788081030617
48373,57315,2976,36530,81.36873802354229,13.18642211880646,1329.0756186161868,542.165104004306
48375,47974,1897,75078,77.16907749274088,16.96768693891686,1895.8604906479802,951.5697557194638
48377,29012,6957,3794,61.62361623616236,21.217712177121772,557.6360820463468,343.2054778117622
48379,60291,6501,9191,87.38983788488738,20.4983135676205,613.574771319682,354.2964860113631
48381,78038,2693,93239,93.85021289374617,32.709488518752885,2563.2001482521805,1390.3481578367341
48383,70319,9014,1986,88.11681772406848,11.983887210473313,218.1329869597902,87.18944890294927
48385,46842,15437,1967,89.06964921199797,20.945602440264363,276.3186566267287,134.0559584651126
48387,44583,4339,8469,85.12221041445271,13.968591333097178,514.0486358312801,213.49941451910354
48389,57487,12679,9135,70.7936507936508,9.841269841269842,781.4787265178752,339.3979964584352
48391,54304,2650,4703,83.8401020625133,11.205613438230916,312.2290825659903,120.70625501605126
48393,62667,8912,536,91.7910447761194,19.21641791044776,81.32035415564789,36.810324638611924
48395,59410,10515,11556,85.2803738317757,18.38006230529595,674.4345779984891,324.4410578209854
48397,121303,4580,72042,94.34357735765248,43.8688542794481,2295.113286964284,1481.1228848410924
48399,55424,3308,6840,82.89473684210526,18.318713450292396,416.0985460200504,194.18032856085088
48401,61661,6072,36101,84.15279355142516,15.833356416719758,1307.013771924382,565.0309726023876
48403,47061,7955,7611,86.91367757193535,17.88201287610038,548.6182643696799,249.43335783330986
48405,45888,4446,5847,82.31571746194629,12.775782452539763,435.0735569992734,166.51126088045817
48407,54839,7110,19564,85.56021263545287,15.998773257002657,1220.415503015264,542.7983050820995
48409,63842,4393,44640,82.29614695340501,17.60304659498208,1437.657817423882,636.7581958640187
48411,54087,8857,4116,85.81146744412051,19.43634596695821,310.21927728624473,175.01428513124293
48413,53774,8147,1655,81.99395770392749,13.595166163141993,206.43158673032573,90.38805230781334
48415,58932,12603,11030,84.43336355394379,18.558476881233002,674.8118256225213,333.09458116276824
48417,60924,8556,2148,93.52886405959032,32.402234636871505,218.45136758555668,121.4454610102823
48419,49231,4903,15896,81.68721690991444,13.833668847508807,709.8041983533205,309.9838705481303
48421,66169,18481,1579,72.0709309689677,21.785940468651045,167.03293088490065,90.98901032542337
48423,69053,2201,154691,87.59462412163603,27.378451235042764,3283.6851249777283,1885.7192261840044
48425,87899,29647,6560,92.86585365853658,28.597560975609756,640.1367041499808,391.52266856466946
48427,35979,3029,36496,60.86968434896975,12.732902235861465,1291.1897614216123,587.486170049985
48429,44712,8426,6350,83.2755905511811,18.409448818897637,518.0965161048663,263.6626632650137
48431,63558,14142,820,90.1219512195122,23.414634146341463,130.95800853708795,74.06753674856482
48433,66591,21627,769,80.88426527958387,15.084525357607282,103.23274674249446,44.44097208657794
48435,56778,12912,1975,80,15.341772151898734,249.23884127479008,116.30133275246678
48437,40290,5515,4529,77.89799072642967,19.29785824685361,392.6270495011774,195.49936061276517
48439,78872,795,1365169,87.05962411979762,33.91045357754241,10126.76053829654,5877.595426702998
48441,61806,2411,87176,89.98921721574746,28.670735064696707,2334.574693600528,1485.4962133913368
48443,52813,11107,718,93.73259052924791,29.526462395543174,194.71260873400058,93.5040106091712
48445,42694,4667,7356,75.99238716693856,11.025013594344752,621.7097393478729,216.91472979030263
48447,55221,11648,1064,90.22556390977444,20.206766917293233,132.23085872821065,64.2339474110069
48449,57634,4679,19428,77.58904673666872,15.348980852378011,780.9859153659559,338.5247406025149
48451,67215,3146,77310,86.64597076704177,24.64364247833398,2182.3892869971664,1223.7512002037015
48453,92731,1102,901585,90.82349417969465,53.790602106290585,8632.10889644008,5918.528955745675
48455,51165,5818,9979,86.42148511874937,14.841166449544042,642.3332468431009,262.81171967779517
48457,50898,5263,14458,82.58403651957394,13.10693041914511,758.5505915889855,294.8948965309505
48459,60456,4680,28275,86.55349248452697,17.025641025641026,1236.1031510355435,614.5974292168818
48461,55284,12009,2195,78.95216400911161,9.658314350797266,199.32134858062747,76.77239087067694
48463,55000,8404,15486,76.13973911920445,19.088208704636447,1003.5706253174213,518.1293274849437
48465,57250,4587,28847,73.53970950185462,20.234339792699416,1307.9858561926426,630.6385652653983
48467,62334,5052,41750,86.0311377245509,17.077844311377245,1490.6589147085258,622.1551253505833
48469,66308,2357,59744,83.83770755222282,19.19690680235672,1930.351263371514,969.5375186139008
48471,47193,2982,51244,85.29388806494418,19.32128639450472,2117.6269737609596,980.5365877926229
48473,71643,4285,31707,86.69694389251585,24.87463336171823,1680.9265302207589,792.0593412112504
48475,70771,8920,7184,80.21993318485524,11.344654788418708,558.9382792402038,162.24980739587951
48477,70043,6589,24195,89.72514982434387,28.853068815871048,1230.9053578565656,724.3003520639763
48479,59984,1866,150530,69.1264199827277,20.583272437387897,2772.3747942873815,1598.8705388492215
48481,59712,4083,27211,81.28697953033699,18.1066480467458,1195.2526929482317,599.1310374200289
48483,58158,8282,3452,85.8053302433372,17.265353418308226,245.71121260536728,111.18902823570319
48485,58862,1910,83476,87.54971488811155,23.866740140878814,2040.5322834985973,1065.3145075516431
48487,50769,9320,8703,78.44421463863036,16.63794093990578,572.0323417430171,267.1085921493354
48489,42839,5591,12926,67.48414049203157,10.482747949868482,686.7059050277637,253.7971631047124
48491,102851,1462,414552,94.10689129469885,46.28418147783631,5278.783193123203,3349.5859445609094
48493,89708,4391,34277,90.75181608658868,25.393120751524346,1250.9928057347092,661.5436493535404
48495,89155,14320,4675,72.47058823529412,9.090909090909092,393.1768050127067,119.28118040998756
48497,85385,5181,47242,87.02002455442191,20.805639049997882,1448.1671174280957,675.8394779827529
48499,61748,3717,32972,86.09426179788912,21.13308261555259,1350.075553441362,694.6970562770509
48501,80317,7073,4596,68.49434290687554,9.682332463011313,473.5324698476336,183.06009942092788
48503,65565,11057,12426,88.10558506357637,22.541445356510543,756.4793453888876,414.5829229478706
48505,35061,3758,7912,65.58392315470172,11.34984833164813,564.9769906819215,205.97087172704786
48507,49243,14172,5822,72.55238749570594,13.758158708347647,629.0445135282558,301.4929518247483
49001,80268,11189,4241,92.28955435038905,27.540674369252535,385.34659723423016,232.27139298673868
49003,72769,2873,34857,93.42169435120636,25.83699113520957,1134.566437014598,555.8336081958341
49005,72719,2016,68799,94.156891815288,39.95406909984157,1664.3701511382617,1041.121990930938
49007,53734,4102,13286,91.99157007376185,16.731898238747554,659.873472720339,308.7053611455428
49009,61250,14033,429,92.77389277389277,18.181818181818183,72.10409142344143,25.632011235952593
49011,101285,1754,215372,95.71810634622885,38.37453336552569,3429.492673851338,1989.1085943205817
49013,70821,3448,11720,89.17235494880546,14.377133105802049,440.0522696225984,191.85150507619167
49015,67056,3821,6282,93.3142311365807,15.60012734797835,378.80073917562515,161.92590898309015
49017,56481,7536,3747,95.9434214037897,30.31758740325594,353.0311600978021,202.51666598085205
49019,59171,6749,6970,94.49067431850789,31.721664275466285,692.5756276393214,377.7432990802087
49021,63005,4390,32559,93.01268466476243,30.378697134432876,1288.2732629376424,719.4518746935058
49023,88048,6759,6736,93.57185273159145,21.39251781472684,499.97699947097567,239.68938232637674
49025,70327,11967,5607,94.38202247191012,32.38808632067059,484.08986768987427,258.79335385592884
49027,69403,2887,7915,90.54958938723942,23.550221099178774,452.6566027354511,221.26680727122178
49029,120854,9397,6940,98.21325648414985,37.5792507204611,513.4870981826126,328.7932481058576
49031,33359,12379,1234,88.89789303079417,19.611021069692057,182.68004817165996,93.23625904121208
49033,69250,8598,1528,95.81151832460733,26.832460732984295,202.61786693181824,86.54478609367523
49035,90011,1055,754424,91.7880396169793,37.693657677910565,6847.825640303643,3890.177759434651
49037,52108,5388,8909,87.79885509035806,19.05937815691997,563.8129122324177,235.8664876577425
49039,64356,3406,17341,89.8045095438556,22.32281875324376,777.987146423384,384.1523135424281
49041,66972,4729,13611,91.98442436264786,22.82712511938873,620.0225802339783,277.86687460005015
49043,126392,8000,28806,96.0390196486843,57.44289384156079,1062.6735152435108,756.9180933231812
49045,95545,4368,43518,92.60076290270693,22.58375844478147,1547.6162314992694,831.8647726644036
49047,67983,5086,21267,88.70550618328866,17.976207269478536,944.3796905906014,461.56581329210246
49049,91263,992,335378,95.25878262736376,42.82630345460942,3717.0877041038457,2361.2179060815206
49051,104855,7512,21373,95.50835165863472,46.675712347354136,926.7119293502161,605.3478338938696
49053,71976,3410,120527,94.39129821533764,32.764442821940314,2907.9353500378925,1729.0222670630938
49055,64870,16573,1753,93.09754706217912,22.24757558471192,208.7079298924696,74.89993324429602
49057,82291,1773,164790,92.24406820802233,27.01134777595728,2841.1603263455586,1541.6267382216747
50001,85870,2958,26081,94.45956826808788,41.84272075457229,716.0090781547397,464.9064422010089
50003,68558,2903,26835,94.12707285261784,39.40003726476616,1002.1322268044272,651.1052142319243
50005,62964,2734,21985,93.74573572890607,31.507846258812826,801.6720027542436,462.47486418182774
50007,89494,2286,112289,95.27291186135774,55.69557124918737,2348.794797337562,1750.363962151872
50009,55247,3679,4562,88.88645330995178,20.166593599298555,213.32369769906015,107.63828315241747
50011,73633,4436,35303,91.91003597427981,27.408435543721495,1196.2637669009289,714.5830952380555
50013,86639,10729,5608,96.05920114122682,42.599857346647646,311.42896461312006,219.18029108475972
50015,69886,5846,18510,94.21393841166937,42.79848730415991,936.0325849028975,642.038939629054
50017,74534,2711,21890,93.93787117405208,35.22613065326633,771.2178680502676,492.088406691318
50019,63981,2662,20080,91.53386454183267,27.73406374501992,652.5136013908062,383.40970253763794
50021,62641,2613,44836,93.57882059059685,33.040413953073426,1167.7071550692835,733.7908421341874
50023,77278,2901,43551,95.10918233794861,46.1757479736401,1271.6493227301307,874.7050931599747
50025,65473,3331,34055,94.20349434737923,40.396417559829686,1146.1225937917811,722.0041551126974
50027,69492,2945,43448,94.89504695267907,40.75906831154484,1364.0755111063318,832.0949465055055
51001,52694,5883,24396,81.56665027053616,21.347761928184948,1006.6017087209816,506.6626096328799
51003,97708,3686,76936,93.82603722574608,60.13049807632318,1916.7655046979535,1405.0014234868233
51005,52546,3958,11161,88.182062539199,15.24056984141206,611.1922774381234,258.0426321366297
51007,63438,15114,9801,86.38914396490154,17.722681359044994,755.2727983980358,322.42518512051754
51009,64454,4514,22321,87.71560413959948,21.85833968012186,918.5445008272599,495.8911170811593
51011,60041,7091,11491,89.91384561830998,19.275955095291966,672.5228620649264,336.8308180674684
51013,137387,2717,173124,95.3137635452046,76.7600101661237,3070.661980746171,2601.5791358326965
51015,76124,3172,57106,89.86796483732007,23.25675060413967,1707.344429223348,971.37582840011
51017,55699,11901,3217,86.04289710910787,18.34006838669568,417.19300090006305,149.9166435056495
51019,74773,3274,58099,92.4129503089554,32.55649839067798,1588.4363380381349,926.2715584535671
51021,59901,2832,4995,91.95195195195195,16.416416416416418,439.02391734391875,186.2364089000859
51023,77680,5696,24891,93.59206138765015,27.652565184203127,1076.8444641636972,601.7399770665066
51025,52678,3117,12066,76.52080225426819,16.045085363832257,642.1347210671605,307.21002587806277
51027,39591,2930,15445,74.24409193913888,10.935577856911621,811.61567259387,337.34848450823074
51029,59894,8713,12595,84.12862246923382,12.155617308455737,638.6305661335041,291.25590122776913
51031,59022,3716,40012,90.48035589323203,24.647605718284513,1381.2298867313868,809.3787741224747
51033,83562,7150,21511,89.35428385477198,22.309516061549903,1116.1872602749056,563.4704961220241
51035,49113,4799,21867,83.01550281245713,15.900672245849911,1138.1744154566118,528.4127174851112
51036,65573,3448,5323,84.91452188615442,16.193875634040953,234.75945135393377,97.40123202506219
51037,51548,9194,8154,84.48614177090998,16.629874908020604,544.7623334996648,244.468811916776
51041,95757,2126,247120,92.61937520233086,42.32113952735513,3775.677157808914,2376.5277191735004
51043,107475,15896,10904,93.70873074101247,34.49192956713133,770.7009796282862,497.08349399270946
51045,66286,8134,3476,87.91714614499425,15.96662830840046,440.40890090914377,194.20350151323225
51047,92359,4299,35453,89.38030632104477,26.846811271260542,1278.7869251755744,769.1384790790278
51049,56497,8052,7215,86.0984060984061,18.53083853083853,578.9758198750618,285.2595309538316
51051,40143,2993,10379,81.3662202524328,11.4269197417863,561.4917630740455,254.39143067328348
51053,77225,7376,20159,89.54313209980654,17.85306810853713,979.7816083189151,432.2360466226758
51057,52335,8000,7710,82.60700389105058,15.317769130998704,564.195887968,215.06743128609688
51059,145165,1677,782543,93.50387135275633,64.10497570101579,6328.968241348664,4970.8657193692125
51061,122785,6626,50357,92.23742478702067,39.42649482693568,1512.1580605214522,1014.1553135491624
51063,57146,6227,11686,90.84374465172,23.198699298305666,765.8433260138786,412.31905122125994
51065,90766,5489,20240,93.28557312252964,35.790513833992094,1062.7977229934208,631.6304299192685
51067,66275,3805,39873,89.68474907832368,23.845710129661676,1661.775556445575,850.3299359660343
51069,92443,4614,64068,88.68545919960043,29.090965848785665,1942.1984965497218,1163.2716793595553
51071,61987,3840,12132,90.40553907022749,19.254863171777117,744.7892319307523,327.28122463716124
51073,83750,4392,28272,89.9441143180532,25.498726655348047,1277.556260992055,759.3174566674995
51075,105600,8544,18847,94.20597442563803,44.436780389451904,1009.626663673261,666.4713047086124
51077,43348,4570,11769,83.04019033052936,14.104851729118872,566.2614237258265,263.4425933671319
51079,81338,5401,14314,89.3181500628755,27.888780215173956,909.9390089451051,538.6928623993454
51081,51823,7174,8609,79.69566732489255,13.427808107794169,608.0016447346175,238.76138716300005
51083,49145,2546,24647,82.15604333184567,17.085243640199618,1005.607279209931,427.29263976811023
51085,104678,3515,76949,94.40148669898244,41.84199924625401,1854.9299178136084,1156.998703542921
51087,82424,1734,232800,92.88273195876289,45.38530927835052,4062.459353642815,2804.726368115079
51089,43694,2612,37373,81.2779279158751,14.395419152864367,1163.5806804858871,546.3561109752503
51091,57070,8245,1716,90.03496503496504,30.65268065268065,177.36121334722537,115.2345434320803
51093,91680,3754,27889,91.18648929685538,29.7823514647352,1068.2944350692837,616.5565667479343
51095,100711,4670,57505,95.74471785062168,50.016520302582386,1864.6321353017597,1315.7970968200227
51097,70147,18853,5203,86.4309052469729,22.56390543916971,476.25098425095143,248.42705166708396
51099,103264,8402,17979,90.32204238277991,34.85733355581512,968.3325874925412,596.2834896255304
51101,79398,9419,12367,93.49074148944773,24.807956658850166,829.1568006113198,405.5428460717807
51103,62674,4452,8739,86.35999542281725,32.3034672159286,552.5540697524542,308.30666551341375
51105,41619,5140,16643,81.74607943279457,11.51835606561317,923.9393919516583,347.76141246550054
51107,170463,3497,272771,94.35900443962151,63.50418482903241,4044.8987626391836,3193.1764749227373
51109,76594,7338,27905,88.64719584303889,25.834079913993907,1233.7568642159606,628.3828450872923
51111,54438,7866,8799,78.74758495283555,11.103534492555973,482.9130356492771,195.46355158954827
51113,74586,6473,10115,87.00939199209095,24.498269896193772,654.3340125654481,348.8868011260959
51115,79054,14979,6472,94.2521631644005,29.8053152039555,648.5545466651205,384.1405992602188
51117,51265,4199,22650,86.4812362030905,21.47019867549669,848.7944391900786,386.12692213830417
51119,69389,6513,8382,89.39393939393939,29.587210689572895,524.3882149705503,309.34931711578093
51121,65270,3554,55915,94.98524546186175,46.51703478494143,2005.275292821412,1188.3345488539833
51125,64028,11161,11116,86.59589780496582,30.433609211946745,803.3952949824887,448.58666944081165
51127,113120,6953,17446,94.14192365012038,33.60655737704918,1053.8766531240742,655.7423274427235
51131,54693,7151,9104,86.88488576449912,29.338752196836555,553.8709235914087,322.7615218702502
51133,64655,9266,9305,89.1993551853842,33.73455131649651,692.515703793062,469.5231623679496
51135,62366,8677,11219,83.7507799269097,16.053124164364025,659.8628645408074,309.62073573971105
51137,87309,8209,26211,89.78291556979894,27.301514631261686,1306.6644557804425,752.2486291114129
51139,56760,4228,17364,82.4176457037549,14.697074406818706,834.0461617920198,378.9630588856914
51141,49180,5345,13562,83.6454800176965,16.280784545052352,776.6028586092121,396.49590161816303
51143,52619,3032,44958,84.20970683749277,14.987321500066729,1374.1823023165448,587.7499468311332
51145,108089,4924,22976,91.53899721448468,32.75591922005571,1131.1007912648633,663.6904398889591
51147,57304,3789,12652,88.42080303509327,26.904837179892507,770.7256321156057,427.48918114965204
51149,80318,5072,27630,89.38110749185668,24.093376764386537,1253.745588227532,652.1924562581202
51153,123193,2696,308899,89.94752330049627,43.67349845742459,4227.244256013603,2866.9307630286435
51155,59740,3839,25456,90.328409805154,21.142363293526085,1247.111462540538,602.432568840696
51157,98663,11140,5568,90.57112068965517,33.81824712643678,538.2508708771403,323.2011757404357
51159,62708,11642,6785,75.06263817243921,17.818717759764187,471.48594888925373,236.43603786225145
51161,80872,1889,69897,93.30157231354707,37.529507704193314,1944.2687571423864,1176.2333952069207
51163,61903,3537,17030,90.61068702290076,30.16441573693482,990.77091196704,590.9864634659579
51165,73232,2332,57436,87.1787728950484,28.825127097987323,1549.8138597909106,930.8549833352132
51167,44088,3911,19105,82.93640408270086,12.551688039780162,959.4034604899025,365.882494798535
51169,44535,2841,16157,82.98570279135978,13.882527696973447,686.285654811464,284.2727563450286
51171,62149,4154,31621,88.56772398089878,20.685620315613043,1147.6728627967118,532.3091207184036
51173,45061,3249,21792,84.70080763582966,17.451358296622615,813.3627726912512,383.6860695933591
51175,67813,7247,13236,86.77848292535509,18.96343306134784,702.2926740326999,371.550804063186
51177,105068,4750,94502,91.02770311739434,33.29135891303888,2049.1085866786075,1194.2072684421244
51179,128036,4073,101532,92.89682070677225,43.074104715754636,2311.3123977515456,1547.1622410077102
51181,68655,7518,4969,87.62326423827732,23.505735560474946,359.37584782508685,185.15128949051368
51183,59195,6893,7976,81.34403209628887,15.396188565697091,482.9575550708364,217.37295139920238
51185,46508,3300,29102,86.35488969830253,15.940485190021304,1143.1850243945642,492.5433991030638
51187,79313,7029,28642,88.8415613434816,22.42510997835347,1258.6246461912303,668.7054658068827
51191,59116,2547,40259,89.24712486648949,24.565935567202363,1350.0833307614757,747.2743806661647
51193,56647,6946,13910,81.85478073328541,17.641984184040258,816.3063150558129,376.0132976371979
51195,47541,3057,25997,80.35927222371812,16.27110820479286,1033.818165829949,501.0419144143532
51197,53921,4026,20773,90.13623453521397,20.098204399942233,1050.3970677796087,488.5437544376143
51199,105154,3549,47433,95.33236354436785,49.488752556237216,1629.3268548698263,1212.3304005096961
51510,113179,2531,119669,93.68508134938872,66.00038439361907,2432.3184413230106,1734.9472614462954
51520,45250,3145,12294,86.22092077436147,22.80787375955751,887.0281844451167,482.5815993176698
51530,48783,6971,4024,81.2624254473161,21.47117296222664,425.87909082273575,266.6852076887655
51540,67177,5125,29416,91.98055480010879,58.944112047865104,1239.8608792925115,932.7218234822213
51550,92703,2198,168224,93.31546033859615,35.76184135438463,3554.398683321836,2173.0570632176227
51570,72216,5437,12713,91.46542908833477,28.08149138676945,763.4585777892603,386.0699418499192
51580,45737,7034,3991,88.62440491104987,11.400651465798045,375.97872280223515,139.73546436034053
51590,41484,3434,29469,84.42431029217144,18.65010689198819,1000.5038730559718,483.11799800876804
51595,41442,5963,3819,76.90494893951296,16.470280178057084,379.1121206186898,185.64751546950473
51600,128708,12089,16324,92.23229600588091,60.05268316589071,809.7474915058398,656.747287775138
51610,164536,13182,9712,97.40527182866556,78.87149917627677,626.8428830257228,548.6802347451564
51620,57537,5197,5659,84.25516875773104,23.184308181657535,568.0633767459402,255.41730560007088
51630,83445,5309,16897,92.54305498017399,43.475173107652246,1002.1516851255602,622.8418739937127
51640,44612,9343,4432,80.2346570397112,17.46389891696751,405.1518233946381,172.4760852988031
51650,64430,1991,92527,92.7523857900937,27.669761258875788,2384.505399448699,1304.9540221785594
51660,56050,1802,26275,83.61179828734538,35.19314938154139,1147.2345008759107,725.9428352150051
51670,50661,5284,15006,86.86525389844063,11.102225776356125,938.1076697266684,321.63954980692284
51678,93651,19616,3367,96.1983961983962,60.23166023166023,447.9787941409727,329.38275607566345
51680,56243,2807,44182,90.31732379702142,37.98379430537323,1532.6372695455373,935.3491326772051
51683,110559,8526,27688,85.83140710777232,34.53842819994221,1188.7030747836063,653.8730763688011
51685,91673,14807,11381,80.11598277831473,25.015376504700818,839.6761280398532,472.4775126924032
51690,39127,3628,8927,86.47922034278032,20.297972443149995,539.4126435299788,281.7250432602682
51700,63355,2100,120199,91.72206091564821,28.6774432399604,2904.9516347092595,1697.8283187648863
51710,60998,1879,152314,89.25312184040862,32.16710217051617,2899.666360118005,1505.5540508397564
51720,36974,9394,2684,90.1639344262295,19.374068554396423,366.15297349605123,196.71553065276774
51730,46930,3098,22903,86.43409160372003,21.761341308998823,1093.9364698189745,539.6925050433812
51735,114503,8375,8747,96.15868297702069,38.44746770321253,652.0437101912723,414.45265109539355
51740,57154,2467,65575,89.51734654975219,21.24742661075105,1817.1329065316054,867.5632541780456
51750,51039,7281,7321,93.33424395574374,44.775303920229476,606.212833912315,429.0792467598497
51760,59606,2362,160905,88.764799105062,44.124794133184174,3092.018758028483,1983.178005122082
51770,51523,2303,69643,89.11879155119682,28.410608388495614,2033.5562446118868,1176.2920555712344
51775,68402,4772,17311,93.92293917162498,32.522673444630584,958.3386666518262,566.9488513084756
51790,59731,5343,18357,92.59138203410143,33.562128888162555,896.2337864642238,505.7440063905849
51800,87758,3707,64647,91.17515120577907,32.08192182158491,1601.9566161416483,1031.976259416853
51810,87544,1964,316178,94.5144823485505,39.78455173984275,4451.45481837118,2954.5580041691514
51820,52519,4615,15799,88.1827963795177,27.2169124628141,988.1275221346687,548.1058291972455
51830,66815,4892,7688,93.27523413111342,50.611342351716964,570.2920304545734,407.0307113720045
51840,62495,4330,18799,86.999308473855,32.262354380552154,1018.2524244999371,526.7969248201815
53001,63105,3509,11258,70.96287084739741,14.71842245514301,513.023391279579,200.90793911640228
53003,63724,6045,16165,93.00958861738323,23.09928858645221,789.1717176888691,393.04071035962676
53005,83778,1849,134954,90.09884849652474,32.33842642678246,2782.0406179637275,1621.6611853281806
53007,71876,4147,54434,85.4025057868244,29.53301245545064,1659.1127146761307,964.3842595148471
53009,66108,2368,59865,92.95247640524514,30.822684373172972,1627.3453843606771,1018.6829732551732
53011,90115,1650,345411,92.95998100813235,32.189768131298656,4375.763133443125,2530.0478256349224
53013,68825,4234,3021,89.87090367428004,26.64680569347898,279.5746769648496,168.3181511305302
53015,70912,2483,77072,90.06643138883122,16.59357483911148,2218.694210566206,871.9988532102551
53017,79422,2924,28706,81.7877795582805,21.727165052602242,1088.5664885527203,528.6189553922561
53019,50424,4642,5559,91.41932002158661,18.114768843317144,401.52833025827704,184.09236811991963
53021,77877,3943,56267,75.84729948282298,20.038388398172998,1747.581185524724,822.9058269328272
53023,57958,13662,1696,92.86556603773585,27.004716981132077,196.87051582194832,101.87246929372037
53025,66387,4186,60723,80.42916193205211,17.66875813118588,1969.114267887976,879.2161281505248
53027,59105,2791,55194,90.05507845055622,17.177591767221074,1687.3639204392157,697.6919090830852
53029,82850,2941,63659,95.65654502898255,35.36027898647481,1746.2141907566781,1092.7918374512137
53031,64796,4917,27822,97.05269211415427,43.4584142045863,1232.4232227607527,734.2227182538007
53033,116340,862,1622636,93.79102891837726,54.845880406942776,10246.13488101733,7677.938655654914
53035,93675,2257,194382,95.24441563519255,35.32940292825467,3238.337845253333,1815.4208878384097
53037,66800,3005,28306,93.13926376033349,36.055959867165974,1183.970861127925,817.133404041225
53039,66581,4686,17119,89.4327939716105,30.790349903615866,885.0203387493419,507.97736170030254
53041,67247,2762,58732,89.49465368112783,19.757542736497992,1597.9058169992372,757.7671146203165
53043,68172,3181,7879,92.44828023860896,23.010534331767992,358.77987680470596,166.34301909007183
53045,74388,4042,48525,90.50798557444617,21.44255538382277,1610.6452123295185,796.7057173134883
53047,58218,2165,29871,86.0131900505507,22.644036021559373,1219.300619207585,627.4360525185017
53049,58889,4129,18446,91.30434782608695,23.712457985471104,849.5239843582993,458.5073609005639
53051,59353,6485,9958,93.43241614782085,21.490259088170315,520.7984254968519,260.374729956653
53053,91486,1193,622204,92.35829406432617,29.31626926217125,5939.734421672403,2933.208823115054
53055,76745,3390,14820,95.79622132253711,52.59784075573549,379.62218059539146,267.516354640235
53057,82029,2066,92028,90.78215325770418,28.673881862041988,2013.9736840385974,1064.9826289663133
53059,84500,4947,9148,93.41932662877132,26.35548753825973,468.6939299798964,229.21169254643183
53061,104083,1334,580338,92.7855835737105,35.365424976479225,5853.83446981549,3582.523133212122
53063,70394,1091,371538,94.12280843413056,31.930515855713278,4311.562709737619,2472.7076252561683
53065,62381,3628,33841,92.04219733459414,20.94500753523832,1170.1752005575918,512.3865728139253
53067,88895,2161,208615,94.29571219710951,36.40486062843036,3615.324466766434,2052.6151612028984
53069,59167,7057,3451,92.06027238481599,22.13851057664445,326.01073601953664,160.822883943797
53071,66635,4619,40947,88.93691845556451,29.87276235133221,1316.0018996946776,751.3707473677691
53073,77581,2536,152506,93.30387001167168,37.01559282913459,2963.8896740600853,1826.557691396579
53075,49345,3719,24342,95.80971160956372,50.90789581792786,946.8690511364283,715.1664142002196
53077,64910,2209,155876,75.66591393158664,18.19779824989094,2980.2556937283084,1255.5313616154715
54001,44341,2402,10601,87.90680124516555,11.772474294877842,659.8045165046993,274.86178344760845
54003,73619,1970,85192,90.55545121607663,24.31918489999061,2442.952312264814,1322.7709552299673
54005,56182,4897,15480,84.43798449612403,11.666666666666666,747.052207010996,286.44196619908894
54007,42245,4022,9292,82.56564786913474,11.741282823934567,626.6793438434045,267.00561791842506
54009,51963,7343,16252,92.50553777996554,21.898843219296086,884.3161199480647,468.215762229338
54011,48944,3441,62754,89.79985339579947,30.302450839787106,2039.1184369722127,1133.4945963700047
54013,39031,7651,4718,86.77405680373039,8.329800763035184,436.9862698071874,114.00877159236477
54015,41530,6353,5609,83.33036191834552,12.604742378320557,434.2407166537933,206.1916584151745
54017,56587,9976,6056,81.98480845442536,12.004623513870541,506.82935984411955,188.22592807581
54019,50090,4203,29452,84.96197202227353,15.795192177101725,1189.0416308943938,580.2284033033887
54021,51552,6416,5288,82.96142208774585,20.215582450832073,379.6564236253616,203.63938715287864
54023,52877,6827,8164,87.70210681038706,13.21656050955414,577.009531983658,272.94321753800733
54025,45519,3036,24403,88.11211736261934,20.89497192968078,1067.4788054102057,557.8216560873198
54027,55222,6516,17297,87.74353934208244,14.557437705960572,964.0015560153417,400.6931494298349
54029,57515,4231,21485,90.46776821037933,19.092390039562485,980.8832754206792,454.6757086099938
54031,49205,5333,10431,86.47301313392772,14.897900488927236,726.1570078158029,281.24722220850464
54033,56184,1997,46803,88.58620173920475,24.66508557143773,1478.5634920421917,874.0543461364402
54035,55173,7161,19840,90.35786290322581,18.623991935483872,1122.7007615567027,458.1288028491551
54037,93744,5591,40367,90.36093839026928,32.174796244457106,1302.947811694697,753.8985342869423
54039,55226,1650,130252,90.60436691950987,28.16770567822375,2628.0810489785126,1548.4314644181059
54041,50552,6143,12133,87.76889474985576,17.604879254924587,622.8723785816802,314.21807713751923
54043,50985,6117,14448,82.1843853820598,8.077242524916944,856.9544912070885,307.06513966909364
54045,42194,4232,23284,81.05995533413503,13.270915650231919,1106.6611947655886,501.7040960566298
54047,28235,3566,13790,77.49818709209572,6.649746192893401,728.1620698718109,231.21634890292685
54049,59974,2364,38618,91.37966751255891,25.06862085038065,1238.503936206906,622.6459668222384
54051,58129,6365,22710,92.44826067811536,19.040070453544693,1071.2534714062774,489.8673289779591
54053,53058,7281,18410,85.56219445953286,15.475285171102662,944.5099258345568,469.491213975299
54055,46409,2813,42048,86.40125570776256,20.57410578386606,1544.6158098375142,756.036374786293
54057,64728,5295,19384,93.92798184069335,23.060255881139085,1040.810741681695,535.7900708299846
54059,38305,4273,16663,76.63085878893357,9.560103222708996,760.30980527677,323.0541750233233
54061,60893,2620,65027,93.90253279407015,48.27379396250788,1781.6548487291248,1273.2250390249164
54063,52392,3981,8964,88.53190539937528,15.227576974564926,617.5872408008443,294.32465068356066
54065,61021,4462,13060,88.22358346094947,18.698315467075037,857.7283952394255,401.1757719504008
54067,48826,4928,17841,89.07011938792668,18.429460232049774,1027.5577842632501,564.5166073730692
54069,55521,3084,29835,93.01491536785655,33.17915200268141,1167.7816576740704,719.3212078063597
54071,52458,8844,4653,83.12916398022782,19.234902213625617,352.33364869112347,192.80560157837738
54073,59666,7047,5430,87.66114180478822,12.062615101289135,343.27394308336306,142.10911300827965
54075,41680,4555,5994,83.18318318318319,14.764764764764765,365.62822648149034,179.41850517714164
54077,60136,3189,25566,86.76367049988265,17.56629899084722,918.6658805028082,388.338769632907
54079,75725,6839,40561,93.62934838884642,29.535760952639233,1629.055861534527,957.0611265744733
54081,47975,4663,52795,85.27512075007103,20.551188559522682,1810.5811221814945,986.6595157398524
54083,51186,4366,20533,87.68324161106511,17.630156333706715,1050.0633314233955,483.43665562305057
54085,48973,3698,6234,83.54186717998076,12.31953801732435,361.23953272032674,140.80482946262887
54087,41299,3315,10110,80.63303659742829,13.620178041543026,557.7965578954392,271.98897036460875
54089,42991,6897,9424,82.79923599320882,16.542869269949065,640.0601534230982,362.87601188284685
54091,52946,6438,12187,86.99433822926069,18.34741938130795,786.8570391119342,388.02190659806826
54093,54053,5147,5388,88.90126206384558,24.832962138084632,368.95392666293714,206.15043051131374
54095,59167,7629,6182,90.94144289873827,16.38628275638952,498.6581995716104,227.36534476476402
54097,49663,4954,16418,87.34315994640029,16.646363747106832,804.5383769591107,355.1267379401331
54099,52694,5157,28006,84.21052631578948,18.313932728700994,1253.2142673940477,646.9629046552824
54101,43409,5376,6181,79.92234266299951,11.502993043196893,431.40931839727335,165.5234122412899
54103,50715,3116,10305,89.9757399320718,13.44007763221737,563.2344094602175,225.30423875284725
54105,52776,6589,3848,85.83679833679834,15.150727650727651,368.3232276140075,152.07892687680302
54107,54350,2665,60316,90.87638437562173,22.032296571390678,1708.259640686977,798.8454168360735
54109,44510,5817,15447,76.3967113355344,11.42616689324788,939.2949483522202,420.64117725206125
55001,55223,2927,16596,88.352615087973,15.624246806459388,521.7250233600072,210.337823512558
55003,57000,4214,11136,95.07902298850574,20.67169540229885,478.79536338607124,240.75298544358697
55005,59379,2735,33242,90.60225016545334,20.732807893628543,880.2851810635005,431.5622782403485
55007,67266,2438,12545,95.81506576325229,33.567158230370666,362.22644850976855,218.21548982599745
55009,74066,1535,180495,92.87404083215601,31.73661320258179,3115.44106026739,1731.0037550508086
55011,64238,3332,9747,91.87442289935365,21.001333743716014,325.0261527938944,168.78092309262917
55013,60466,2487,12836,92.70021813649112,22.08631972577127,353.18833502821127,180.1055246237605
55015,84151,2743,36408,94.83355306526039,31.70731707317073,1056.0080492117472,619.4981840167088
55017,69815,2847,47131,92.69270755978019,23.205533512974476,1241.2993192618774,624.2379354060437
55019,63187,1645,21563,82.18707971989055,13.11505820154895,488.97750459504783,171.89531698100447
55021,79271,2428,41753,93.89744449500634,24.18508849663497,1111.2240998106547,502.76634732249136
55023,60823,4420,11782,91.80105245289424,17.51824817518248,415.5538472929832,179.6496590589584
55025,84297,1578,370892,96.00557574711776,53.98579640434412,4610.921599853981,3161.591213297507
55027,71747,1661,64480,92.22394540942928,19.570409429280396,1478.8255475207345,683.6790182534492
55029,68257,3193,23483,95.77566750415194,35.25954946131244,799.8587375280713,417.3487750071875
55031,64682,3277,31727,94.39909225580736,27.203958773284583,1018.0206284746886,567.1111002264018
55033,69721,3255,27990,94.07645587709897,28.563772775991424,799.4473090829689,527.3338600924466
55035,70127,1894,67365,96.06917538781266,35.36999925777481,1774.664475330478,1051.1374791148871
55037,58049,5060,3607,91.40560022179096,22.511782644857224,227.98245546532743,130.87016466712342
55039,70368,2178,73005,92.45531128004932,22.302582014930483,1711.658844513123,778.8131996826967
55041,55552,2017,6785,90.25792188651437,15.74060427413412,260.87736582540083,99.70957827611147
55043,63497,2131,32525,92.46118370484243,24.212144504227517,800.7789957285344,447.61032159681037
55045,76080,2908,26479,93.23237282374713,26.149023754673514,726.1053642550784,424.8564463439386
55047,66395,3263,13502,91.06798992741815,22.42630721374611,434.7516532458502,213.1196846844514
55049,79226,3107,16888,95.47607768829938,27.75343439128375,531.2362939408414,304.5882466543974
55051,55777,3098,4938,96.21304171729444,23.734305386796272,230.26940743398808,119.00420160649792
55053,64630,3367,14912,91.80525751072962,15.879828326180258,439.3608994892468,207.85090810482401
55055,77018,2226,59485,92.73934605362696,27.872572917542236,1445.3719244540487,794.7232222604295
55057,63455,2194,19700,89.37055837563452,16.116751269035532,639.4223956040327,313.8741786130232
55059,76583,3057,114537,91.27967381719445,29.416695041776894,2608.3153567005656,1454.7446511329747
55061,77610,3079,14666,94.10882312832402,20.257738988135824,502.0936167688253,222.3285856564558
55063,68731,2553,77996,96.25237191650854,35.84799220472845,2031.4209312695386,1158.4342881665752
55065,69293,2858,11369,91.26572257894274,19.878617292637873,301.3370206264076,152.88557812952797
55067,55091,4210,14333,89.70906300146515,15.830600711644458,599.4547522540796,232.66714422109538
55069,64314,5497,21396,92.18078145447747,18.77453729669097,776.1198361078011,343.8182659487422
55071,66412,2707,58590,92.55675029868578,23.096091483188257,1444.3683740652866,781.4166622231702
55073,73248,2831,96076,92.70785628044464,27.04629668179358,1838.921151110074,1060.556457714534
55075,60347,2433,31233,92.2389780040342,17.878525918099445,895.7214968951008,435.5215264484639
55077,59748,2845,11727,91.51530655751684,14.453824507546686,335.7543745061261,119.70380110923796
55078,62194,5113,2488,95.49839228295819,18.930868167202572,201.64572894063488,91.6624241442479
55079,59319,810,620640,89.49842098478989,33.08455787574117,5493.80751391965,3131.5841039320658
55081,66451,2462,31206,90.92482214958662,20.10831250400564,992.8353337789706,473.6739384851145
55083,73611,1783,28774,92.42024049489122,17.34552026134705,743.5744750863897,329.7544541018362
55085,66111,2328,29073,95.35995597289582,27.08010869191346,909.0924045442246,453.6143736699709
55087,78705,1736,130100,94.24365872405842,31.555726364335126,2430.8348360182763,1518.1953102285622
55089,92258,3564,64467,97.67633052569532,49.80067321265143,1784.8621795533682,1251.967251967878
55091,70833,3450,5276,93.85898407884761,22.820318423047762,241.08919511251432,118.77289253024026
55093,82996,3996,26847,95.52277721905614,31.023950534510373,818.313509603746,457.7728694450994
55095,74142,1731,32988,93.45519582878623,22.75676003395174,738.051488718775,381.0157477060495
55097,71301,2422,45814,94.65883790980922,33.60544811629633,1221.1904028446997,767.0501939247522
55099,55822,1537,10709,92.89382762162667,16.08927070688206,291.81672330419997,132.5669642105453
55101,72658,2080,135029,91.23447555710254,27.99917054854883,2681.702444343891,1327.798930561401
55103,61985,3967,12336,91.12354085603113,19.933527885862517,421.02137712947547,193.32356297151156
55105,70630,1649,112361,92.25264994081576,24.390135367253762,2205.6724598180936,1195.3049820025012
55107,57473,2141,10386,91.09378008858079,17.119198921625266,362.31616027994113,189.46767534331548
55109,97950,4499,63874,96.18467608103454,37.78063061652629,1647.8762089428926,1052.9814813186413
55111,72930,2091,46152,92.2018547408563,25.158172993586412,1118.4985471604332,639.8406051510017
55113,57519,2977,13693,92.7992404878405,26.918863652961367,496.5460703701118,280.3676158189458
55115,65493,2954,29299,92.07822792586778,18.171268643981023,729.5937225607139,352.3932462462923
55117,68969,2040,82149,93.82220112235085,26.640616440857467,1799.5321614241852,923.4061944778149
55119,61360,2157,13904,89.32681242807826,15.829976985040275,387.3783680073011,156.6014048468276
55121,68474,2919,20775,91.74488567990373,19.67268351383875,501.8784713454045,261.9885493680974
55123,65177,2339,20660,90.30493707647628,24.31752178121975,578.0302760236699,289.2472990366548
55125,63726,3670,18135,95.39012958367798,29.164598842018197,651.6594202495656,366.34273569978154
55127,75172,2150,70518,91.92688391616325,30.807737031679856,1600.4411891725356,912.1737773034259
55129,58504,3095,12605,93.2725109083697,23.109877032923443,376.3469144286957,190.65151454945223
55131,91915,2441,97348,95.20277766363972,33.941118461601675,2134.2305404993153,1250.0867969865133
55133,101639,1566,289847,96.84833722619175,47.17281876300255,3680.8876646808985,2432.574356520269
55135,69198,3370,37712,92.81926177344081,19.450042426813745,935.0946476159512,435.1413563429705
55137,61033,3114,18695,89.1735758224124,16.507087456539182,482.3712263392169,212.7815781499893
55139,70041,1478,116103,94.23701368612353,29.329130168901752,2208.066122198337,1114.9538107024882
55141,63273,2057,52948,93.26509027725315,21.31902999168996,1344.0755187116533,684.8897721531546
56001,55887,3746,21101,96.55940476754657,55.940476754656174,1033.0459815516442,794.7716653228146
56003,61262,3895,7954,88.13175760623585,20.517978375660046,446.5109181195909,220.7464609002826
56005,93315,5119,30249,92.02287678931535,21.914774042117095,1534.221952652223,835.6111535876003
56007,65196,6044,10146,90.10447466982062,21.062487679873843,615.1837123981746,290.5012908749288
56009,79235,9542,9500,92.25263157894737,21.957894736842107,650.0823024817704,341.3722308565827
56011,68876,4355,5065,94.09674234945706,23.277393879565647,437.3842704076131,257.08558886098615
56013,60030,2738,26286,93.13703111922696,24.25245377767633,937.9067117789488,499.68990384037176
56015,62356,4352,8911,93.30041521714735,23.97037369543261,552.9213325600668,271.5842410744777
56017,64031,9401,3308,95.10278113663846,28.234582829504234,338.8303410263018,162.37918585828666
56019,60667,5312,6336,92.77146464646465,31.818181818181817,571.5286519501888,346.7304428515039
56021,76282,2658,68410,94.345855869025,30.48969448910978,2093.4879985325924,1123.6907937684637
56023,83033,2479,13207,94.11675626561671,23.0938138865753,752.6832002907996,366.781951573411
56025,69104,3149,53977,94.10489653000351,26.581692202234287,1732.4955988400086,915.2584334492635
56027,54375,8854,1882,91.92348565356004,20.031880977683315,222.60503138967906,109.79526401443735
56029,66754,5204,21506,95.40593322793639,32.75830000929973,1120.8697515768727,643.0668705508004
56031,64753,5139,6572,93.54838709677419,22.12416311625076,543.4657302903285,238.5476891525047
56033,68898,6798,22046,96.30772022135535,32.12827723850132,1112.7129009767075,668.185602957741
56035,85960,14649,6184,95.86028460543338,25.58214747736093,582.3134894539195,343.17196855221147
56037,79375,4715,27594,93.04558962093209,19.982604914111764,1106.9137274422067,530.446038725901
56039,108279,7614,17873,95.96598220779947,60.29206065014267,1194.8585690365198,891.6479125753618
56041,78164,6724,13274,94.36492391140575,19.10501732710562,772.7768112463003,390.71856879344756
56043,61875,5828,5521,94.71110306103967,21.137475095091467,418.72305883483415,192.13536894595956
56045,71800,9694,4900,91.12244897959184,17.612244897959183,437.62541059677966,188.0026595556563
72001,17659,1530,13115,68.39496759435761,16.332443766679376,798.4516265873594,430.3417246793529
72003,20301,1509,28576,66.84280515117581,21.539053751399777,1162.1570461860995,656.919325336072
72005,18348,1187,40147,75.90604528358283,24.73410217450868,1296.1022336220242,705.7556234278264
72007,23160,2100,17285,73.7980908301996,19.54874168354064,955.0015706793366,513.4919668310304
72009,22511,1974,18353,79.83435950525799,22.601209611507656,1007.6963828455474,544.7577443231073
72011,22673,1723,19078,71.96246986057238,21.679421322989832,972.7491968642277,503.81544239929764
72013,21799,1073,64464,79.54206999255399,25.98969967733929,1786.8153234176161,1043.2631499291058
72015,18496,2535,11341,78.12362225553302,24.883167269200246,740.2155091593258,443.89525791564836
72017,20282,2504,16451,77.7460336757644,23.117135736429397,991.1321808921351,571.3781584905045
72019,21262,3191,20173,78.20849650522976,22.292172706092302,1108.454329235084,647.7707927963409
72021,29403,857,136936,83.42948530700473,30.805631828007243,2456.6114873947813,1456.4267918436547
72023,23077,1730,35227,75.92471683651745,28.07505606495018,1493.245793565145,874.8525590063733
72025,29279,1417,93442,84.54977419147707,34.39138717065131,2285.362334510657,1424.6620651930057
72027,23263,2009,24290,71.79086043639357,21.31329765335529,1046.7244145428156,621.6992842202732
72029,26021,2095,30544,79.63920900995285,26.263750654793085,1223.814528431494,701.2310603502957
72031,32888,1148,114434,87.71693727388713,34.06242899837461,2614.6116346409844,1646.876437380777
72033,22407,1821,16783,77.79300482631234,21.754155991181552,760.8738397395458,403.7945021913993
72035,26704,1937,30794,78.4795739429759,27.804117685263364,1236.028721349144,750.497834773692
72037,22945,2422,8410,78.88228299643282,22.05707491082045,597.0502491415609,336.371818082312
72039,19618,1734,12489,67.71558971895269,15.91000080070462,804.4190450256632,366.62924051417394
72041,25580,1336,29002,79.36004413488725,26.039583477001585,1208.0852618917258,758.7687394720475
72043,20569,2208,25766,82.37211829542808,23.010944655747885,1208.0943671750151,632.9565545912294
72045,16153,1314,13877,71.95359227498739,16.112992721769835,960.4597857276483,523.7986254277497
72047,21670,2461,24749,75.19091680471938,20.966503697119077,1214.8646015091558,604.5932516990246
72049,25483,2699,812,83.2512315270936,15.64039408866995,123.55160864998885,59.245252974394496
72051,31485,2911,25622,82.78432596986964,33.08094606197799,1396.8629138179595,870.9196288980976
72053,24309,2087,23339,84.15956124941086,29.36715369124641,1059.7546885954316,659.653697025947
72054,21560,3076,8080,77.62376237623762,18.626237623762375,666.2859746385182,363.4790227784817
72055,14525,1783,9758,70.74195531871285,14.050010248001639,482.93374286748696,238.1134183535233
72057,19165,1750,26104,78.49371743794055,22.280110327919093,1210.5560705725281,648.6586159144115
72059,21312,2583,12786,78.53120600656969,24.31565775066479,712.129903879903,408.16540764743894
72061,43304,2733,68776,86.36152146097476,47.68960102361289,2131.185585536839,1454.155768822584
72063,39533,4632,29397,83.74664081368847,33.816375820661975,1541.1732543747312,963.3763542873575
72065,24407,3080,28771,77.85617462027736,30.019811615863194,1293.983771150164,793.9792188716276
72067,22542,2282,11972,80.34580688272636,29.051119278316072,656.1668995004244,399.7048911384498
72069,25940,1901,37711,80.08008273448065,24.22104956113601,1504.9385369509282,797.3888637296109
72071,19965,1487,31882,76.30951634150932,25.35286368483784,1525.3337339743064,847.7039577588394
72073,18363,2443,10416,79.41628264208909,20.77572964669739,764.0229054157996,422.5837195160268
72075,23035,1552,33053,76.15950140683145,26.82963724926633,1349.3150114039345,820.0085365409313
72077,25931,2526,26306,79.58260472895917,21.64905344788261,1385.2443827715022,755.3979083900088
72079,17131,1309,17473,71.87088651061637,19.80770331368397,1078.95875732115,493.71854330174796
72081,18844,1161,20841,67.1272971546471,20.387697327383524,909.6504823282402,557.7875939817952
72083,16506,2866,6237,65.38399871733205,17.668751002084335,431.9444408717399,240.12080293052495
72085,23193,3075,25698,80.4342750408592,27.399019378939997,1312.2667411772654,773.0491575572669
72087,21306,3371,17127,77.33403398143282,16.722134641209784,735.8056808696166,357.12742823815705
72089,22585,1637,13012,79.87242545342761,22.709806332616047,670.0776074455854,404.8160075886328
72091,20385,1769,28786,75.79726255818801,23.792815952198985,1153.9363067344748,646.3613540427676
72093,20133,3514,3969,59.536407155454775,10.481229528848576,273.408119850161,123.89511693363868
72095,21951,3549,8052,75.1987083954297,13.822652757078986,620.8429753166255,299.87830865202636
72097,16788,760,49701,74.47536266875917,27.25498480915877,1449.3598586962453,835.4118744667207
72099,20331,2682,26947,71.79277841689242,23.382936876090103,1060.8840652964866,672.892264779437
72101,22282,1854,20557,76.15410808970181,18.713820109938222,1041.8022845050782,526.6440923432067
72103,20486,1709,16479,77.43188300260938,22.835123490503065,1091.9597062163054,690.5867070831873
72105,20616,2167,21238,71.66399849326679,18.14200960542424,1288.1843812125653,654.5494633715622
72107,16869,1525,15272,71.84389732844421,17.397852278679938,771.0032425353346,416.50450177639135
72109,20778,3286,12024,79.64903526280771,19.94344644045243,746.625742926133,365.74718044025985
72111,20072,1293,14246,73.0310262529833,25.36852449810473,757.2489683056689,432.30429098032323
72113,18994,813,98573,78.93236484635752,29.91792884461262,2082.266793665019,1284.4687617844195
72115,20209,3059,17298,74.95086137125679,20.909931784021275,993.6604047661353,583.971745891871
72117,26771,2859,11750,73.03829787234042,23.336170212765957,773.1979048083356,462.84014519053983
72119,25963,1735,34604,79.96474396023581,25.398797826840827,1222.9950940212311,751.2649332958381
72121,20464,1742,15918,78.4771956275914,25.44289483603468,928.1309174895533,561.920812926519
72123,20123,1942,18419,77.69694337369022,20.191107009066723,871.7069461694108,453.84689048180115
72125,17862,1352,23259,73.1587772475171,23.35440044713874,1027.9105019407089,574.5372050616044
72127,26111,806,253367,84.56626158892043,41.344373971353804,3402.0020576125467,2379.9168052686214
72129,19629,1591,27831,72.73543889906938,19.622004239876397,1237.1208510085019,693.036074097157
72131,17557,1437,29132,70.00205959082795,21.079912124124675,1289.5119231709336,727.1141588499016
72133,22680,1860,14291,83.14323700230915,27.030998530543698,881.233794177232,502.16132865843025
72135,32456,2077,48006,84.91438570178728,27.856934549847935,1774.7033554935315,1075.2436933086378
72137,28719,1563,54759,83.32694168995052,27.3197100020088,1594.4055318519188,882.9195886376064
72139,35821,2196,49610,86.15601693207014,38.46603507357388,1821.1674826879596,1218.0652691871646
72141,17164,1711,20839,73.333653246317,22.261144968568548,919.8054142045479,528.7636523060185
72143,24778,1463,25230,76.58739595719382,22.69520412207689,1166.0184389622661,729.6430634221092
72145,23701,1606,39853,76.74704539181492,25.094723107419767,1419.0493296570066,821.4414160486431
72147,17062,999,6017,72.27854412497922,14.542130629882001,754.5157387357801,377.96428402694346
72149,22461,3326,15531,78.91958019444981,21.621273581868522,850.2623124659825,465.546990109484
72151,19972,1975,22497,74.77885940347602,18.433568920300484,993.8234249603901,522.0201145549853
72153,19827,1671,25439,79.04791855025748,27.634734069735444,978.5949110842545,570.808198960036
