county_fips,state,county,socioeconomic,material_hardship,healthcare_access,preventive_resources,life_expectancy,socioeconomic_z,material_hardship_z,healthcare_access_z,preventive_resources_z,adversity_domain_balanced
01001,AL,Autauga County,-0.5302187103758815,-0.48335284070868756,0.20902879052904538,0.2785204339522691,74.800645825,-0.5894812808526262,-0.47206804049485196,0.33102256082864334,0.4082922751001998,-0.09701056990999782
01003,AL,Baldwin County,-0.7624030456762285,-0.7881201853348461,-0.22610576392717432,-0.1337127961050735,76.580109234,-0.8492975651211182,-0.7965663996871237,-0.32423329153343206,-0.17543933679078297,-0.6459262961632652
01005,AL,Barbour County,1.4729217413787348,1.9658365106502411,0.5812536307106333,0.5041583095081625,72.708991709,1.6520502521405693,2.1356848565290836,0.8915445934406581,0.7278006291054729,1.6278330477227307
01007,AL,Bibb County,1.0252558828703857,0.9346717022795303,0.27075131246632256,0.6411292526884476,72.97737851399998,1.151108275150402,1.0377611640036966,0.423968623851585,0.9217545940338563,1.0641097200184062
01009,AL,Blount County,0.5756033575258839,0.03949558237623581,0.9003706777076654,0.4207521087200585,72.936172299,0.6479432007459279,0.08463023571135146,1.3720932202777558,0.6096955553806536,0.8171745640365191
01011,AL,Bullock County,1.792392055015692,3.2755160654910505,0.9266216580566233,1.4402694039366066,70.96745637000001,2.009540302948144,3.5301546844393483,1.4116237708344508,2.053355189526856,2.7109095737842535
01013,AL,Butler County,1.1849434128590977,1.6314353844452476,0.20516266070637768,0.5522254471364237,71.54191706600001,1.3298000057187498,1.7796341881129025,0.3252006738597714,0.7958647871618908,1.2736165776552075
01015,AL,Calhoun County,0.46461267167166065,0.12018047446549755,-0.20102942977554045,0.6741053666024986,70.813154873,0.5237436609718394,0.17053876743638624,-0.28647160485428713,0.9684495199287728,0.41433119764426674
01017,AL,Chambers County,1.009509841117482,1.6163439607611287,0.6967739308512885,0.554780840581492,71.861783224,1.1334883179087394,1.7635657270073368,1.0655030896312974,0.7994832822902381,1.4336400220221246
01019,AL,Cherokee County,1.0083853648134287,-0.4476843735313425,0.45303156361720953,0.45300962913309833,72.39552918300001,1.1322300191751526,-0.4340903526682592,0.6984588938461388,0.6553729365653066,0.617757978623871
01021,AL,Chilton County,0.44354732139989805,-0.4251711697719818,0.43787526415412165,0.8307878824635568,72.70685112999999,0.5001713513784996,-0.4101196162724846,0.6756354848071775,1.190315519246653,0.588866024767316
01023,AL,Choctaw County,1.2375169483933997,1.3424027067371043,0.38769556575823844,0.6863373545761556,73.06127106000001,1.3886302478008024,1.471889177622067,0.6000714076569347,0.9857702925785194,1.3386029315434285
01025,AL,Clarke County,1.0100901244757554,1.5452828026807743,0.08472006932038592,1.1529562640201108,69.94988944100002,1.134137660017777,1.6879039817253312,0.14382984943064495,1.646513261093318,1.3885853119671592
01027,AL,Clay County,1.0388068824937298,0.606057550247343,0.7442987952574069,0.22763373469775866,71.851139548,1.1662719612177959,0.6878721256206387,1.1370693332584887,0.3362355537739857,1.0017479069078756
01031,AL,Coffee County,0.06468074717235105,-0.2644203585405945,-0.0061474356338505586,0.39525385130697166,74.199504456,0.07621636999700163,-0.23896159884316395,0.006995245510918799,0.5735894440463442,0.12579300493492684
01033,AL,Colbert County,0.4542257054303045,0.09133417574545602,-0.06123006764571562,0.23427294932791243,73.02242544900001,0.5121205556914576,0.139824923684833,-0.07595200981424438,0.34563683240746884,0.2774621739328445
01035,AL,Conecuh County,1.3911300694806719,1.5567875505229858,0.2937241594169819,1.093137786089836,68.96108598900003,1.5605246621425495,1.700153561162058,0.4585627333188264,1.5618089384014104,1.5898908503660303
01039,AL,Covington County,0.8293569017146238,0.2957736798413067,0.08188325433415898,0.4782895361566921,70.64011387500001,0.9318956167682869,0.35750009395138926,0.13955797627610633,0.6911698587913092,0.6382755501454367
01041,AL,Crenshaw County,0.7933143951383272,0.7155298514469044,0.6056681315133653,0.8176082708856485,70.41892702100002,0.8915637394163436,0.804431798901366,0.9283096454680265,1.1716528900612297,1.1427953020606634
01043,AL,Cullman County,0.37110483618088447,-0.3132683069282551,-0.04673756302051893,0.11748321760156823,72.85378832899998,0.41910758233296075,-0.2909720237827135,-0.05412818917349583,0.1802599210326842,0.0765486497202318
01045,AL,Dale County,0.5222342416344998,0.31629603514396243,0.16499922905428616,0.6931067224957971,73.00873036899999,0.5882226973465188,0.3793510919007969,0.2647197872662773,0.9953558712245343,0.6706468496194975
01047,AL,Dallas County,1.4135078269815726,2.41930438982405,-0.1610533733258549,0.6080211871357336,67.70649327400001,1.5855655668040307,2.6185108066609804,-0.22627288086246805,0.8748728216231515,1.4609264871827323
01051,AL,Elmore County,-0.3984066913917863,-0.2835928172616122,0.6210544449456942,0.15071824963042585,74.60542112999998,-0.4419824887826325,-0.25937530623784333,0.9514794255270016,0.22732148085588158,0.14373703135062119
01053,AL,Escambia County,1.3659992378970656,1.212481227524584,0.19738656326112403,1.2188450221520477,70.09832813699998,1.5324030437130218,1.3335564212698068,0.31349088591634366,1.739813238352552,1.4809729744189968
01055,AL,Etowah County,0.62014771797441115,0.26529086712163313,-0.22831810514113848,0.818815161581113,70.24328931900001,0.6977887262930402,0.32504378626123004,-0.3275647886830515,1.1733618746837011,0.562561831552557
01057,AL,Fayette County,1.1319992666555025,0.7131587426435988,0.4361585003400663,0.5655199294704653,70.67948309199998,1.270555047084517,0.8019071815835794,0.6730502625471595,0.8146900759456862,1.0718197327223333
01059,AL,Franklin County,0.9644137328590294,0.5575072428711705,0.7073335346044927,0.642682643458226,71.506373608,1.0830253817785975,0.6361786113395282,1.0814044748167566,0.923954230627474,1.1213013082185703
01061,AL,Geneva County,1.0002074037303865,0.07565602586869302,0.8904819348252704,0.4784425352232918,70.57963841399999,1.1230788098192768,0.12313175100775137,1.3572020640139406,0.6913865089428548,0.991918482257055
01065,AL,Hale County,1.4532179761065918,1.7541484620144743,0.6334992595781208,0.6965711274177168,69.946175937,1.630001567966917,1.91029186199031,0.9702196922696632,1.000261547239624,1.6590508326133657
01067,AL,Henry County,0.22609207366387563,0.903703806317338,0.22950926929597232,0.7911467647269087,74.21660145400001,0.2568370437975293,1.0047883681823626,0.36186348907433685,1.1341827966363118,0.8302131370888937
01069,AL,Houston County,0.26966303205204556,0.5864459702852147,-0.37736350496248094,-0.09016562153887694,73.54217492900001,0.30559332399958344,0.6669908677329706,-0.5520077098448234,-0.11377554903818486,0.09236420895791604
01071,AL,Jackson County,0.921791074768036,0.27757780896785167,0.28626608965532846,0.36223798789671935,70.89956418800001,1.0353302578309669,0.33812619990853054,0.4473318535631261,0.526838231962451,0.7067666534887027
01073,AL,Jefferson County,-0.6897173571102817,0.2633593707828169,-0.690612569047024,-0.20268522471116618,72.43208331,-0.7679616494217575,0.3229872424622198,-1.0237199202089198,-0.2731058614439987,-0.5243790984913129
01077,AL,Lauderdale County,0.061458059769785675,-0.40537471606495573,-0.3351710164235991,0.2101636343178815,74.903864823,0.07261015485242567,-0.38904151568518053,-0.4884713283791594,0.3114974950463464,-0.1485425094100954
01079,AL,Lawrence County,0.6192104000643881,0.5005489963139856,0.6241012519754353,0.3920908932496184,71.14456473300001,0.6967398594250602,0.5755328175030946,0.9560675192943437,0.5691106236346428,0.842188873661247
01081,AL,Lee County,-0.7800075474473336,0.05182844719724129,-0.08090557753446746,0.18738125471504483,77.14620646100002,-0.8689971552362303,0.09776154544358474,-0.10558075998078555,0.2792371283446465,-0.17990471349482082
01083,AL,Limestone County,-0.8542372813134806,-0.35655982158368016,0.12801636028208543,-0.06781976399947491,76.061757922,-0.9520608710135822,-0.3370662846027681,0.20902841329482377,-0.08213330748782034,-0.3498967324158077
01087,AL,Macon County,0.9571239300566455,2.4554335795455726,-0.07180051971512538,1.0134095853332044,71.420007275,1.0748680292392223,2.6569790447786876,-0.09186973114816442,1.4489119962156418,1.5320397950337923
01089,AL,Madison County,-1.5904532567146727,-0.4562309805350693,-0.5203019738925535,-0.3496124186729616,76.475175248,-1.7758929305726636,-0.4431902775725249,-0.767254390061134,-0.48115810349641075,-1.04390979055402
01091,AL,Marengo County,0.8002009450716623,1.5491383000280743,0.24648151165780824,0.8141671027891587,70.764814396,0.899269848499,1.6920090887360697,0.3874214711316305,1.1667801179184494,1.2480210734839705
01093,AL,Marion County,1.0165860738883938,-0.09774291571195806,0.5225765245885858,0.5669306241849742,72.40408574700001,1.1414066837312182,-0.06149325236201044,0.8031845291975629,0.8166876516856911,0.8127861936911027
01095,AL,Marshall County,0.20702932855903866,-0.10028335100614519,-0.18504626541939512,0.36737495723701974,71.90021300300002,0.23550566674881798,-0.06419815857697604,-0.2624030451952705,0.5341122971629468,0.13337277766835198
01097,AL,Mobile County,0.1702590455371046,0.920778969954615,-0.23341308179508452,0.27972843507588413,72.618914026,0.19435940124429302,1.022968999017443,-0.3352371586108279,0.41000283211414024,0.38899245160067863
01099,AL,Monroe County,1.377190281498861,1.6574201632380574,0.11517054398172977,0.7474910259932807,70.79126944900004,1.5449259185311872,1.80730125360046,0.1896842903724437,1.0723652795581093,1.3891549065220403
01101,AL,Montgomery County,-0.35994487553889143,1.8088381966754146,-0.5460459153735819,0.027029010557662464,72.724550576,-0.3989433833744599,1.9685222776665852,-0.8060214062531518,0.0521747104524623,0.2455809326763421
01103,AL,Morgan County,-0.02892575162247425,0.02354062444036888,-0.14727103025510116,-0.11676973989376324,72.755057494,-0.028530113734531307,0.06764233407930056,-0.20551847084403335,-0.1514475845702938,-0.09569174959072532
01105,AL,Perry County,1.6275232032552025,3.2755160654910505,0.401190748935999,1.4274425801911903,68.821870444,1.8250506283944654,3.5301546844393483,0.6203933923519367,2.0351921159208977,2.4116952658735906
01107,AL,Pickens County,1.0694739311898773,1.2135031464005839,0.44960331047966434,0.5261221808348927,71.498580013,1.200588654595956,1.3346445004368723,0.6932963920205544,0.7589019695072036,1.200439497951571
01109,AL,Pike County,0.5251337528637721,0.6516282784184888,0.10754485459463203,0.4088198599794679,71.64235794,0.5914672755512016,0.7363931590563995,0.17820099733579772,0.5927992202893262,0.6318742321146712
01111,AL,Randolph County,0.6568831300969792,0.5819315817270313,0.8598632657282089,1.1042595579128764,73.06422519400002,0.7388959709588395,0.6621842120800041,1.3110943442019396,1.5775576197788046,1.2914488646457647
01113,AL,Russell County,0.883799040627204,1.8431419356479488,0.45828540148116664,0.30596521414261824,71.01744686500001,0.9928168422316592,2.0050468830976618,0.7063704880242236,0.44715470687523584,1.2497998299165098
01115,AL,St. Clair County,-0.15186516022466243,-0.6632586430353447,0.5168465213009392,0.0982830385288739,72.792927371,-0.1661003778605224,-0.6636211668174241,0.794555892032729,0.15307203160140195,0.03549640257684888
01117,AL,Shelby County,-1.9207863513963286,-1.0021002121581422,-0.451875928875784,-0.359461057434043,79.40406354800002,-2.1455385275509347,-1.024399757914041,-0.6642136961147281,-0.4951039995566055,-1.30334774526281
01119,AL,Sumter County,1.2957330810517007,2.8774171102316712,0.5964355123205786,0.826467084439958,71.343758203,1.453774604986637,3.1062823107889255,0.914406525854223,1.1841971711585577,2.004628586057896
01121,AL,Talladega County,0.6659755040561413,0.8526677610394697,0.3477406679168978,0.5466055134868922,70.45104017199999,0.7490704162511683,0.9504481862555707,0.5399045457680073,0.7879068335357238,0.9113953351687818
01123,AL,Tallapoosa County,0.555531125069624,0.38132070749035635,0.3489739628258628,0.23046989531623352,72.783391238,0.625482198598592,0.4485855419016742,0.5417617269514174,0.34025162159358807,0.588889612456969
01125,AL,Tuscaloosa County,-0.3878155058049887,0.5717889514204588,-0.31416550375587154,-0.04907721556924843,74.51571098000001,-0.43013086028409425,0.6513849353516729,-0.4568397675977023,-0.05559343343497154,-0.08766117294699506
01127,AL,Walker County,0.7122172743661785,0.4100843673619748,-0.022130674294907907,0.491926579502514,67.79948909400001,0.8008153581500673,0.47921139666362056,-0.01707342604159828,0.7104802217442825,0.5941136721179509
01129,AL,Washington County,0.837097141802216,1.0020490230453347,0.9808657037812487,1.09299527310093,72.59858683499999,0.940557012535158,1.1095005757903957,1.493308224649605,1.5616071367739244,1.5368818597639797
01131,AL,Wilcox County,1.5651559113590219,3.2755160654910505,0.8989466208506357,2.0010807268493274,68.73901576000002,1.7552610880303705,3.5301546844393483,1.3699487764956915,2.8474767537807124,2.860885759467984
01133,AL,Winston County,0.9255156116343961,-0.41939473112570935,0.7667274247443737,0.2669712648117142,72.676920031,1.039498046876627,-0.4039692038489045,1.1708439222477762,0.3919383894188345,0.6618143855067027
02020,AK,Anchorage Borough,-1.5974059869600055,-0.7240318767297323,-0.9748843713372431,-0.3228516643087931,76.34256887,-1.783673095998237,-0.7283289347734292,-1.4517961559492882,-0.4432642678193553,-1.3267718375594584
02050,AK,Bethel Census Area,0.6085890333653161,3.1678665386673477,-0.8341631621394271,1.810165435692594,68.864695155,0.6848544580002128,3.4155357942004176,-1.2398883795292608,2.577136367523995,1.6370326843212644
02060,AK,Bristol Bay Borough,-1.016534942418492,-0.2362933800062168,2.1873642091531846,1.246632353019991,NA,-1.133673360931234,-0.20901364495513308,3.3101375212772055,1.7791607296633236,1.1279391516451618
02070,AK,Dillingham Census Area,-0.10102516738870693,1.9556414289460886,-0.9249011282662606,1.5647342587231816,68.17498243399999,-0.10920998508795292,2.1248297326348657,-1.3765279148802083,2.2296002493883287,0.8636364708603683
02090,AK,Fairbanks North Star Borough,-1.0656818826153263,-0.8985887716701975,-0.8495222476009648,0.10271642746709084,77.684520715,-1.1886692131216474,-0.9141868588346835,-1.263017157817574,0.15934981098052925,-0.965342563763073
02100,AK,Haines Borough,-0.7374557471760068,-0.8131359923639115,-1.1284068276901313,-0.32644877847121245,78.336464242,-0.8213813218031528,-0.8232017609813583,-1.682980939975335,-0.4483578631316324,-1.1367632909000316
02110,AK,Juneau Borough,-1.7850481390583948,-1.003862564455912,-0.9806214890018891,-0.6298085263913652,79.790675956,-1.993646291077405,-1.0262762070777351,-1.4604355064374308,-0.8779221527733011,-1.6131414709638485
02130,AK,Ketchikan Gateway Borough,-0.8670328511911265,-0.6938606870843771,-0.7888518897703166,-0.2303299803686909,77.625504964,-0.9663792246458688,-0.6962044250205679,-1.1716555166279559,-0.31225146302020973,-0.9472693426022261
02150,AK,Kodiak Island Borough,-1.0622053543674692,-0.46701335504481223,-0.26066059790398066,0.022216311164476032,77.439334178,-1.184778947870358,-0.4546707163344271,-0.37626836197043256,0.04535981885835019,-0.5931878221237608
02170,AK,Matanuska-Susitna Borough,-0.7097422216405449,-0.28015206698927336,-0.27273499611791224,0.4815093250560801,76.22089209999999,-0.7903696464492173,-0.25571179754030265,-0.3944508299275364,0.6957291529654519,-0.22422732048803135
02180,AK,Nome Census Area,-0.012312180654799998,2.9471121299235494,-0.7147173969655849,1.3932352900789908,68.92418212599999,-0.009939383779952977,3.1804894721947163,-1.0600186452861693,1.9867538165804028,1.2335116075854256
02220,AK,Sitka Borough,-1.4431948572530995,-0.6590560404880044,-1.0301325100707006,-0.9773855757023018,79.00676031799999,-1.6111095048263098,-0.6591464825869925,-1.534992642797938,-1.3700991449637703,-1.5580686111230602
02230,AK,Skagway Municipality,-0.7537694254727931,-0.6552990258837577,2.1374769427914924,-0.32689719135078477,NA,-0.8396364692589005,-0.6551462342138116,3.2350138086070053,-0.44899282594855283,0.38873480965476254
02240,AK,Southeast Fairbanks Census Area,-0.23425899842201298,-0.10828738499846886,0.13359767724089255,1.4561051224025874,75.428867686,-0.25829979716830276,-0.0727203836224912,0.21743314825253449,2.075778926362222,0.5907293058511115
02290,AK,Yukon-Koyukuk Census Area,0.9793367417919698,2.432735555004578,0.5113765485988582,1.502462176539102,67.338969656,1.099724358158923,2.6328115220754484,0.7863188269948155,2.1414215673736248,2.0051149904636807
04001,AZ,Apache County,1.494060005204828,3.1495070094776634,-0.009332112120240876,2.0789778254296185,63.845346311,1.6757041526333751,3.3959876463996648,0.0021995383343307254,2.957780813716829,2.417981711965694
04003,AZ,Cochise County,-0.06605544929414334,-0.06517994724743761,-0.02936339358318063,0.5585528737717395,76.08943236599998,-0.07007856734828,-0.02682211707312939,-0.02796495739344729,0.8048245669167665,0.2047055973969663
04005,AZ,Coconino County,-1.0083206070059825,-0.2068755875285016,-0.5227744983569634,0.10081610578361505,75.864470435,-1.1244814483853143,-0.17769130823370077,-0.7709776892310601,0.1566589123374179,-0.5769709460246261
04007,AZ,Gila County,0.4852756352541712,0.7344340745633768,0.17679808466661806,0.33796899644612166,69.59372656900001,0.5468656963711632,0.824559904786938,0.2824873240246882,0.4924727891366622,0.646181929045531
04009,AZ,Graham County,0.3925095000012493,0.3634090002567457,0.2664755565788177,0.9200219000097682,73.54325541500002,0.44305958672907775,0.42951420860391343,0.4175298934867663,1.3166729137985493,0.784785289257638
04012,AZ,La Paz County,1.1200674213609652,1.1231344225035733,0.3839896140569842,1.7406009559608382,69.329962473,1.2572032087493294,1.2384251936641926,0.5944907280350813,2.4786314850366544,1.6765048290626992
04013,AZ,Maricopa County,-1.1446581687344919,-0.5079598827041027,-0.34267521724893024,-0.6653806124743046,77.47043179699999,-1.2770443620233323,-0.4982681728019476,-0.49977167549648605,-0.928293034190674,-0.9643953896589941
04015,AZ,Mohave County,0.7339130952511062,0.11590415332445729,0.21332727146991365,0.7359518646631945,72.78422452100003,0.8250931698257985,0.16598559197938656,0.33749551215812496,1.0560255651635557,0.7178976796988349
04017,AZ,Navajo County,0.7151724469601397,1.6865219294845475,0.020176863734293338,1.0907062884640022,67.131288084,0.8041222219044282,1.8382871041618674,0.04663620494210795,1.5583658825656652,1.278707961184656
04019,AZ,Pima County,-0.6830774120437205,-0.02144105820668646,-0.40300513540693883,-0.7230642077795688,76.48589885399998,-0.7605314933231163,0.0197484817028865,-0.59062065896773,-1.0099743146214757,-0.7048854886676695
04021,AZ,Pinal County,-0.25998074523378867,0.001991370180470296,0.5105186218247774,0.039942287729331324,78.111967714,-0.2870826548614613,0.04469795446496975,0.785026901235628,0.07046020407257818,0.18457805233479208
04023,AZ,Santa Cruz County,0.33786254493618695,1.161435955406844,0.8470479955165787,0.6465198845525449,79.86550247599999,0.38190917021529613,1.2792064151461262,1.291796219702804,0.9293878511264558,1.1687889386486687
04025,AZ,Yavapai County,-0.30203172362751946,-0.5348567262362012,-0.1127660877186405,-0.09099073777163988,76.388259727,-0.33413806427132015,-0.5269063512272751,-0.15355853040517817,-0.11494393235478727,-0.340056671021918
04027,AZ,Yuma County,0.5259889249358082,0.8056238722947734,0.5005711631256571,0.2597011201513422,77.788101404,0.5924242205142595,0.9003586180099855,0.7700473266144532,0.3816436995397842,0.7961342697112761
06001,CA,Alameda County,-2.7794849834577104,-0.7082995045523743,-1.2673623163822172,-0.8277501128955648,81.980724102,-3.1064297418528146,-0.7115780293769963,-1.8922297717467094,-1.1582119327463574,-2.0677867459538155
06003,CA,Alpine County,-1.8397450874174082,-0.7257548966646019,1.434068516288151,0.3633028417470541,NA,-2.054852650520566,-0.7301635051484363,2.175772515662326,0.5283460891878323,-0.024354679168070412
06005,CA,Amador County,-0.2596197240806618,-0.6299009539956912,-0.5961425323603617,-0.3872766293116908,78.51853107,-0.2866786690610135,-0.6281038597611468,-0.8814603736437122,-0.5344914807782195,-0.7016811702620473
06007,CA,Butte County,-0.5273364547911844,-0.4883278091304476,-0.9279529096048423,-0.29774785865645975,75.71472799000001,-0.5862560118638315,-0.47736509452101333,-1.3811234993074988,-0.40771670913274455,-0.858750103788241
06009,CA,Calaveras County,-0.3734236787624439,-0.2891384435739212,-0.5168551499668985,-0.21929152365892857,78.84490366900003,-0.4140262810445352,-0.26527996325168834,-0.7620639230522119,-0.2966207577345584,-0.5232322975042913
06011,CA,Colusa County,0.20692177827484803,1.1465495420770646,-0.1321690649194474,0.1567626828009882,79.18341051299998,0.23538531704833415,1.2633562370186209,-0.18277688191018568,0.23588053544041587,0.4671920443447222
06013,CA,Contra Costa County,-2.437174075726581,-0.6486448074888214,-1.0061626861885269,-0.8417439770549779,81.18311538,-2.7233808682230363,-0.6480612134957535,-1.4988972161809675,-1.1780275620715852,-1.8208960948058448
06015,CA,Del Norte County,0.29705695178360314,0.10645692498283972,-0.769399864822838,0.5513204696253831,73.80834846399999,0.3362473576879275,0.1559267383986985,-1.1423633056173708,0.7945833184623118,0.043470688064001714
06017,CA,El Dorado County,-1.7175180523213887,-1.0346616161740905,-0.9787308826272787,-0.8495297749032331,80.602033471,-1.9180795385243457,-1.0590692274700158,-1.4575884999683064,-1.1890524285705502,-1.6930746645935777
06019,CA,Fresno County,-0.19988011215467813,1.1465382998961988,-0.7033994894718882,-0.08123978965400519,75.915782071,-0.21982952536588513,1.2633442670050712,-1.0429753536289366,-0.10113636846339384,-0.03028530727338496
06021,CA,Glenn County,0.34773471690973035,0.7242360985245024,-0.048057589071877904,0.08961949510578826,75.36711328900003,0.3929562162466645,0.8137016991751914,-0.05611597613862042,0.14080425744272523,0.3887672988592201
06023,CA,Humboldt County,-0.2699583436536668,-0.1457553245408453,-0.8747380957891536,0.006861200933862277,75.799242703,-0.29824767400033875,-0.11261404387907252,-1.3009889344286791,0.02361663419457848,-0.5082526906636479
06025,CA,Imperial County,0.6475477497772597,2.0805826533203273,-0.01834943235219373,0.742082363763114,76.234887759,0.7284495994421514,2.2578598062953037,-0.0113793691417579,1.0647064910578472,1.2161561208068379
06027,CA,Inyo County,-0.34790253078897093,-0.35811031263755655,-0.9550431841486777,0.025039947345365077,76.642154958,-0.38546789519065455,-0.3387171563637908,-1.4219179173907208,0.049358151790013134,-0.6312372476328764
06029,CA,Kern County,0.177231336942533,1.0681455911140305,-0.3462453040737371,0.2685270378990902,74.220994058,0.20216145577761124,1.1798763173674385,-0.5051477603452723,0.39414139942825155,0.38265141458574503
06031,CA,Kings County,0.21644541721542038,0.8506440791848121,-0.3694373247389581,0.5009734783386378,76.57155080599999,0.24604235159398263,0.9482934887364874,-0.5400719168236731,0.7232908358703941,0.4147208890935258
06033,CA,Lake County,0.44165808452580835,0.13249507989773018,-0.4076363991374287,0.4067874484455012,74.12743789899999,0.4980572789364717,0.18365063564444994,-0.597594737749012,0.5899212794193405,0.2029220015199768
06035,CA,Lassen County,0.6376628899293999,0.5053015106038339,-0.5764536050800775,0.7546223823093222,74.889548925,0.7173883555694175,0.5805930154419036,-0.8518114186365419,1.0824634419909458,0.46020399268630663
06037,CA,Los Angeles County,-1.192202059841963,-0.021419379075787413,-0.8096979451197698,-0.2524253836109733,79.41105925100003,-1.330246388384111,0.019771564367514118,-1.2030469554978542,-0.34353905560027564,-0.8601348161787562
06039,CA,Madera County,-0.05031541163867309,1.1266377916439367,-0.22695811428305313,0.38366946114616796,76.539521154,-0.05246532874370169,1.242155375252667,-0.3255168199345503,0.5571856846007522,0.4279083842954281
06041,CA,Marin County,-3.107552754515801,-1.2981370690192326,-1.4493372176436246,-1.2729229001413955,84.32370775899999,-3.473540422055675,-1.3396024067729506,-2.166260224656983,-1.7885867053789832,-2.6396544192575355
06043,CA,Mariposa County,-0.23447015457878634,-0.5462668193955528,-0.4142023184454743,0.5903188918383274,78.31418353500001,-0.2585360827384826,-0.539055147919986,-0.6074821553504722,0.8498059696212212,-0.1671664919607936
06045,CA,Mendocino County,-0.02766991698887645,0.06300143123125088,-0.8536132419979674,0.33563519370228756,76.811276899,-0.027124823891291068,0.10965788227312565,-1.2691776614897459,0.4891680714716055,-0.20997937494176602
06047,CA,Merced County,0.33572470973804597,1.1810790855551119,-0.27215479179026913,0.18369691939352137,76.154611006,0.3795169140932762,1.3001212658179788,-0.3935771179288902,0.2740200258910655,0.46967150410295083
06049,CA,Modoc County,0.20431977276608332,0.13579920978540808,-0.7258462356402444,1.1424958271075938,74.573597999,0.23247365032431128,0.18716867898477177,-1.0767772239761035,1.631701044962226,0.2933988195965536
06051,CA,Mono County,-1.012453965581895,-0.9574768130072485,-0.35537425586499455,0.045237874143472585,93.553610434,-1.1291067124684993,-0.976887384750148,-0.5188947703813473,0.0779588746504078,-0.7667681186137169
06053,CA,Monterey County,-0.9888371306833816,0.4827747646200614,-0.5594111682771056,-0.4266904927509866,80.84712662000003,-1.1026792694561327,0.5566078600813714,-0.8261477329115284,-0.5903024061445973,-0.5908285502918476
06055,CA,Napa County,-1.8422250818145396,-0.41632053964627247,-1.0832564737607449,-0.8126695524809111,81.21651329500003,-2.05762778575282,-0.40069598541356394,-1.6149903992438102,-1.1368575168545558,-1.568552552821393
06057,CA,Nevada County,-1.306299013461609,-1.33884379059687,-1.1174126513328577,-0.38676442245694975,79.988561151,-1.4579218687194402,-1.382944531816705,-1.6664251451614596,-0.5337661842442695,-1.5176398103248432
06059,CA,Orange County,-2.1596401836028165,-0.9252534739257461,-1.0048257994316794,-0.8367760869739396,81.28139613299999,-2.412818036682776,-0.9425778668703041,-1.4968840391937608,-1.1709929169404822,-1.8133413997653318
06061,CA,Placer County,-2.1434959958126885,-1.3788399107557001,-1.1754480533350469,-0.9470233287707968,81.226077435,-2.394752550573483,-1.4255300502275359,-1.7538188867447801,-1.3271055140536807,-2.0776485900391934
06063,CA,Plumas County,-0.09183229659424044,-0.48748913711180963,-0.8222347743815452,0.016414272896833615,78.15288455099999,-0.09892308296559836,-0.47647212583933807,-1.2219257842640698,0.03714400095897086,-0.5299115422895244
06065,CA,Riverside County,-0.6840975483954224,0.19223816401622132,-0.4166795830315083,-0.2604336492654089,77.78627907,-0.7616730347453812,0.24726156086780893,-0.6112125925249611,-0.35487894156304645,-0.44571405934288916
06067,CA,Sacramento County,-1.1072607020513539,-0.035160558152694255,-0.9672598914418344,-0.3966253569003872,77.990352897,-1.2351962725641588,0.005140764373856507,-1.4403146842492829,-0.5477294912698053,-0.9688276657858212
06069,CA,San Benito County,-1.0113639036406081,0.22259361279039624,-0.18652560793524192,-0.6198301862061386,79.924828187,-1.1278869237052251,0.27958225891322336,-0.2646307419645331,-0.8637925965521575,-0.5951054863320919
06071,CA,San Bernardino County,-0.4227732654534978,0.8789149553640152,-0.5850602798228973,0.3874374611627611,75.406198707,-0.46924889641895096,0.978394656380719,-0.8647719475967327,0.5625212581618289,0.06228696682574103
06073,CA,San Diego County,-1.8274770967956453,-0.3092863998178018,-0.9739631851111661,-0.5342684702580681,80.300615456,-2.041124662649791,-0.2867323230845199,-1.450408969710984,-0.7426352644283543,-1.3610436613479344
06075,CA,San Francisco County,-3.107552754515801,-1.162241902726937,-1.574746441799514,-0.6435395285532843,82.409551034,-3.473540422055675,-1.1949092194562347,-2.355110149873855,-0.8973655635428325,-2.384640743519056
06077,CA,San Joaquin County,-0.45309395651665013,0.7071556265191286,-0.584901952597704,-0.2311157971335503,76.40642297900001,-0.5031780126028254,0.7955154163017026,-0.8645335274578727,-0.31336419739812127,-0.2666030959831104
06079,CA,San Luis Obispo County,-1.522811277649084,-0.609607788038495,-1.0312453171455898,-0.7407042905885669,80.68059091199999,-1.7002009695337998,-0.6064968891586886,-1.5366683850273324,-1.0349530723275309,-1.468646462335889
06081,CA,San Mateo County,-2.8780851529731604,-1.321127010613233,-1.172543528759253,-1.2594580830165638,84.086243002,-3.21676418641648,-1.3640807456,-1.7494450517847024,-1.7695202186646493,-2.438495069462181
06083,CA,Santa Barbara County,-1.4548066123328953,0.023077915929078284,-0.770027243418684,-0.8995907295807105,80.606527682,-1.624103159435979,0.06714966924710775,-1.1433080559075164,-1.2599398768304113,-1.1922417195583477
06085,CA,Santa Clara County,-3.0024718990395463,-1.4607684345067853,-1.1891397517460778,-0.9614714505895933,83.79018941300001,-3.3559540337135063,-1.5127627278652382,-1.7744367977351314,-1.347564382536724,-2.4056522085830774
06087,CA,Santa Cruz County,-2.050799240064887,-0.6642218159502272,-1.1436391581131193,-0.9578025534238662,81.76666943300002,-2.2910240771991566,-0.6646466967372429,-1.7059188417175881,-1.3423691408622132,-1.8075267764375498
06089,CA,Shasta County,-0.1856246345601498,-0.5327765314647335,-0.8604835134176403,-0.005739280277840694,74.273091544,-0.20387752234082335,-0.5246914820753007,-1.2795233936522545,0.0057740667545730226,-0.6028096037257797
06093,CA,Siskiyou County,0.3367233418865936,0.17402999966382163,-0.8329723192035872,0.4630408182278711,73.136244258,0.3806343921257674,0.22787457745098463,-1.2380951254772394,0.6695773280420937,0.012039575453216458
06095,CA,Solano County,-1.1763274087029787,-0.35137902719638026,-1.0236541745547918,-0.24834916573913762,78.81312992700002,-1.3124825161243647,-0.33155007918366874,-1.5252371149574306,-0.3377670385593048,-1.0558138532466372
06097,CA,Sonoma County,-1.7125453350084512,-0.9126518071126588,-1.0564051081367078,-0.869679577702254,80.59529104,-1.912515024737084,-0.9291603525727977,-1.574555746815318,-1.2175850067557725,-1.696093181693007
06099,CA,Stanislaus County,-0.14099765279895043,0.6868572138901856,-0.67873343281983,-0.22593428231972107,75.44344308400002,-0.15393954282849381,0.7739028593514843,-1.0058314913214401,-0.3060270547958793,-0.20829909143260475
06101,CA,Sutter County,-0.20187377809450943,0.35988614064336993,-0.6978200783833283,-0.12231411200329989,77.317583756,-0.2220604548378909,0.4257632747051146,-1.034573488663095,-0.1592985413405014,-0.2980962117008312
06103,CA,Tehama County,0.3458672177662543,0.1502687052094732,-0.5660163122561925,0.5589118834455792,74.324889694,0.3908664685136622,0.20257494742606005,-0.8360942177486143,0.8053329327648223,0.16939813288497332
06105,CA,Trinity County,0.7450772491829075,0.09523831253716485,-0.08292272191443847,0.009493752474306255,77.03833425799999,0.8375859548701037,0.14398181911772698,-0.10861831617231127,0.02734438693754802,0.27103870913285955
06107,CA,Tulare County,0.2957452781791436,1.6779321748073817,-0.4091142372133636,0.2666660869944309,75.500490899,0.3347795835521621,1.829141238150456,-0.5998201690281021,0.3915062507017026,0.588746856097611
06109,CA,Tuolumne County,-0.3323401579118948,-0.3891917247037108,-0.7898656460910931,-0.3014518593068573,76.44059223100001,-0.36805346501347525,-0.3718108174619564,-1.1731821013481418,-0.41296165813843494,-0.7002582776726076
06111,CA,Ventura County,-1.6115670836545046,-0.12023018349581135,-0.8481286454384077,-0.7994037330777289,80.73711678000002,-1.799519485977872,-0.08543637365516789,-1.2609185748309364,-1.118072815431536,-1.2836861710848086
06113,CA,Yolo County,-1.6742176762019696,-0.4341046583015097,-0.946544204775172,-0.745435100548507,79.91490190800002,-1.8696260422270061,-0.4196314698906952,-1.409119563602078,-1.0416520066251898,-1.4270133814847634
06115,CA,Yuba County,0.13835161139756114,0.34999729848128086,-0.13303014684422743,0.22260976766420693,75.054453792,0.15865470580067484,0.4152342166794083,-0.18407355891456748,0.32912150240511767,0.21644013367007994
10001,DE,Kent County,-0.3923249754181835,0.7447900081377392,-0.3557868172982209,-0.7769490316023158,75.084676846,-0.4351769958789282,0.8355862943002464,-0.519516034059012,-1.0862764483969076,-0.36288763287146913
10003,DE,New Castle County,-1.4255179578097552,-0.5087753687151777,-0.7852957840575193,-1.1773984753037974,77.06782673800001,-1.591328901088265,-0.4991364543852736,-1.1663004855092698,-1.653321951303593,-1.4782105472634182
10005,DE,Sussex County,-0.8401991361947365,-0.44403271207301354,-0.18694866024673043,-0.7521211417978915,77.094690802,-0.9363520649132228,-0.4302022781338732,-0.2652678035357627,-1.0511195928145172,-0.8077152475971718
11001,DC,District of Columbia,-2.7552584804470626,-0.18636785947206844,-1.4016943941028641,-0.5671252113528684,76.523411164,-3.07932007493707,-0.15585588451651458,-2.094516349967119,-0.7891611557013226,-1.8421164981025473
12001,FL,Alachua County,-1.0511520581727605,-0.296273084440476,-1.0420956682499358,-0.5718224912271451,77.67997134399998,-1.17241021359501,-0.27287650958595216,-1.5530075977800197,-0.7958126106365135,-1.1422380048974738
12003,FL,Baker County,0.26668254302852296,0.14018775763164926,0.002427510220890527,0.4962151687956441,73.48112068200003,0.30225813094104675,0.19184134684257287,0.019907994906398812,0.7165529615388619,0.37046739078266977
12005,FL,Bay County,-0.31133780270468436,-0.08240823963529872,-0.064714741969644,0.0859164351114279,74.18906107,-0.34455164744354433,-0.04516579040336516,-0.08119947458335103,0.13556064042733734,-0.10096096023872186
12007,FL,Bradford County,0.7529640100057473,0.9132080195112435,0.6214084489450697,0.16985850762179242,74.119175887,0.8464113086100701,1.0149078958851059,0.952012509351246,0.2544245206757319,0.9235658941633941
12009,FL,Brevard County,-0.7869801057189106,-1.0150456583884584,-0.2744483356391847,-0.19668428791973736,75.83540252599998,-0.8767995083950827,-1.0381833083331393,-0.397030895649506,-0.2646083987197312,-0.7757071038362884
12011,FL,Broward County,-0.862890304786966,0.4615247278422503,-0.38753286845014895,-0.3942597475304487,79.27269080599999,-0.9617436793032147,0.5339820696587341,-0.5673214441181655,-0.5443797347001408,-0.4634642448960325
12013,FL,Calhoun County,1.4231539902138741,1.3077353307862638,0.26109283681276,1.4966360946794202,72.72123909400001,1.596359707094425,1.4349773929052743,0.409424219983677,2.1331717032021027,1.6780650231054046
12015,FL,Charlotte County,-0.11314329401048692,-0.7614492805295537,-0.08252102718044056,-0.6845330182381455,78.80658253799999,-0.12277027384340741,-0.7681687875410231,-0.10801341632554066,-0.9554132755321152,-0.5883732006159527
12017,FL,Citrus County,0.5050715974153717,-0.06042022298845747,0.24526628395415165,-0.00948815487859471,72.50908894999999,0.5690175496630293,-0.02175424238287578,0.3855914968015785,4.655752164917697e-4,0.28098153984576546
12019,FL,Clay County,-0.8079023739862861,-0.45272131004305205,-0.19481448311641003,-0.15418215238600766,75.41976688700001,-0.9002117079849744,-0.43945338667510236,-0.27711270625888024,-0.20442440996059613,-0.5482835400725117
12021,FL,Collier County,-1.3685823592873205,-0.24042906758889293,0.09572722220689689,-1.1691716489445307,84.027056719,-1.5276174727028569,-0.21341708206338508,0.1604051852040674,-1.6416725784212227,-0.9700927819375088
12023,FL,Columbia County,0.6543530492968668,0.9933740256142297,-0.10012570100505266,0.03353240782236041,72.37898536099999,0.7360647886073949,1.1002639483038001,-0.13452375763115892,0.06138366861326238,0.5308182188158667
12027,FL,DeSoto County,1.2330010746969,1.7326771373362226,0.8552067779404942,0.349497393954242,76.562584139,1.383576945981226,1.8874304572150584,1.3040822812823085,0.5087972617149621,1.5305337954983302
12029,FL,Dixie County,1.3458832923753101,1.0327287026746141,1.4405872944739928,0.9194179313561275,73.346541076,1.5098931262663986,1.1421664957972049,2.185588944885836,1.3158176804742676,1.8525368779476605
12031,FL,Duval County,-0.5832071692001913,0.31279447121652815,-0.4376129190539431,-0.423020322132639,74.256321282,-0.6487758256936346,0.3756228323969677,-0.6427354646979232,-0.5851053612322671,-0.4518829374994037
12033,FL,Escambia County,-0.24519648411359077,0.0067709151203771915,-0.2767897333782947,0.20626674912379347,72.732727545,-0.2705389384865556,0.049786933051530535,-0.40055673508364714,0.3059794171481074,-0.09493173063016742
12035,FL,Flagler County,-0.49761950457936655,-0.5690233989401536,0.10142905038535185,-0.3831394410366624,77.900684916,-0.5530024869271095,-0.5632850165501357,0.16899139433141336,-0.5286331282622351,-0.4443370990593073
12037,FL,Franklin County,0.2367545529806561,0.5102869388707656,0.7899748880519778,0.09709552457159747,75.120753947,0.26876845059804405,0.5859012064965408,1.2058515681101387,0.15139048488007725,0.6659089119749285
12039,FL,Gadsden County,0.7903289480116599,2.2382000870473315,0.528361320854722,0.5922986803866463,72.91356197200001,0.8882229981974006,2.425681587487932,0.8118956774373182,0.8526093951489322,1.4987792432176272
12041,FL,Gilchrist County,0.6030853019742053,0.11095828227871048,0.4168538403056723,0.318223579432143,74.91284466800002,0.6786957348555162,0.16071951912932422,0.6439799638640205,0.46451283040304414,0.5864290708913074
12045,FL,Gulf County,0.2800120827683944,0.0059829020115841555,0.16278794817343317,0.050627265895224455,74.27099365100001,0.31717400147874975,0.04894790300013508,0.26138988683994596,0.08559037571577431,0.2146835635490949
12047,FL,Hamilton County,1.2311008702671056,2.3187529512637766,1.2790122956102188,0.9609689705528031,71.520113803,1.3814506007492744,2.511449543692485,1.9422780827246102,1.3746548952292423,2.1705622824661472
12049,FL,Hardee County,1.3106211569177326,2.146404237328532,0.9388828926325643,1.1320526649368827,73.95165994900003,1.4704344909622178,2.3279427610039147,1.430087589969913,1.6169132902576864,2.0608409835179797
12051,FL,Hendry County,1.1049242732837818,2.219010720775266,1.1078808497787809,0.6400314147195958,74.86451911500001,1.240257894757962,2.4052498779264533,1.6845764585813237,0.9202000305478806,1.8816845054628146
12053,FL,Hernando County,0.24681658752554608,-0.4274756887410588,0.09575471332301566,0.08613697166098157,74.434585846,0.2800279544928816,-0.4125733326478733,0.1604465832372512,0.135872925187918,0.04930515644029609
12055,FL,Highlands County,0.5337044747501487,0.5527539879778478,0.28069779780758325,0.44383378960888464,74.96382729400001,0.6010579876512944,0.6311176248496606,0.43894673272285006,0.6423797394977698,0.6964932863570805
12057,FL,Hillsborough County,-0.9371949530024843,0.09730048750577,-0.34247839197313695,-0.2908424033891637,77.45283741099999,-1.0448912248870297,0.14617750184252998,-0.4994752823175589,-0.3979384277131241,-0.5407346320715313
12059,FL,Holmes County,1.2148966370921883,0.46898973872165256,0.31335148074517094,1.2586722001894612,71.14677662999999,1.3633179233338013,0.5419303745687956,0.4881189178019432,1.7962094265725426,1.2612964662081143
12061,FL,Indian River County,-0.6679075877013086,-0.6962920397489534,-0.11370942593985306,-0.25961649849448853,78.272090204,-0.7435563283596714,-0.6987931864616618,-0.15497907465724023,-0.3537218375212375,-0.5873751023280464
12063,FL,Jackson County,1.0656420769231696,1.0282246342120105,0.21752837798104036,0.6961198042687804,71.90684619,1.1963007764488516,1.137370828375561,0.34382183030413455,0.9996224634152178,1.1070171725394564
12065,FL,Jefferson County,0.5516206525812696,0.8613158345889893,0.5698330995365497,0.5828549097838253,75.32130509,0.6211063459798348,0.9596561467752107,0.874346763913528,0.8392368015917689,0.9917820812300575
12069,FL,Lake County,-0.27023153216020873,-0.4137907598894902,-0.016921510616646013,-0.651936637827692,77.38548732499999,-0.29855337430773793,-0.3980024245886644,-0.009229105357026014,-0.9092560608986444,-0.4862174954795659
12071,FL,Lee County,-0.590043508169046,0.009293310355777401,0.059068455215500026,-0.79374629692331,80.60109205599998,-0.6564257482717021,0.052472631272006874,0.10520186621803804,-1.110061757407102,-0.4843425327374463
12073,FL,Leon County,-1.2220796109868781,0.2770000425737554,-0.5312575772227933,-0.14547947926974003,77.08903617799999,-1.363679627157399,0.3375110282039942,-0.7837520989302176,-0.19210122726808834,-0.6027203689231413
12075,FL,Levy County,0.7919204364916612,0.9726543992083426,1.040915107753754,0.4568498177270455,74.361429212,0.8900038876049274,1.0782029076761221,1.583734790365607,0.6608107307906734,1.2682736379885124
12079,FL,Madison County,1.238091608373014,1.9128551686779474,0.9088786589745739,0.6217500962509044,72.43912290700001,1.389273297300365,2.079273436995593,1.3849051297430832,0.8943132685909728,1.7303981927969196
12081,FL,Manatee County,-0.7860344520008894,-0.09943981383965683,-0.048220731991924615,-0.6947732630074217,79.83902449600001,-0.8757413136856802,-0.0633000097717655,-0.0563616480854637,-0.9699136945897839,-0.5916700367667215
12083,FL,Marion County,0.28617873717960757,0.6758782031492137,0.11421127567956146,-0.1242259051924281,73.961486773,0.324074541230567,0.7622130538857121,0.18823975749739608,-0.16200568389603187,0.3349311324618355
12085,FL,Martin County,-1.0788851999281874,-0.3102815517032386,-0.281626934938881,-0.8157766422085017,80.35970405799999,-1.2034438396691616,-0.28779190233297075,-0.4078409293614152,-1.1412572264430432,-0.9153102398699544
12086,FL,Miami-Dade County,-0.5553670250016611,1.5498235641218752,-0.26021582974418656,0.16842494478440345,79.69712916400002,-0.6176224629579259,1.6927387176742503,-0.37559859916565236,0.25239456315459835,0.2865787214578129
12087,FL,Monroe County,-1.1988208760666736,-0.4610346984205937,-0.12250008661202166,-0.15565507363369702,80.75049517299999,-1.3376529011255318,-0.4483049940910789,-0.16821666241619435,-0.2065100998841925,-0.6504867092334816
12089,FL,Nassau County,-1.0776095546225903,-0.9391410405631648,0.03304954870636336,-0.7708008819754695,76.429730267,-1.2020163815121931,-0.9573645317360677,0.06602078857763001,-1.077570528955802,-0.9546271543647524
12091,FL,Okaloosa County,-0.8814727677334955,-0.5378635207295162,-0.39079404679077673,0.050724231830341346,75.906823106,-0.9825376164526731,-0.5301078093123134,-0.5722323531034638,0.08572768168112899,-0.6018557883766273
12093,FL,Okeechobee County,0.7326323445451564,0.8568286808324052,0.41657461317161226,0.723458842913187,73.198587283,0.8236599986815709,0.9548784891385598,0.6435594842402872,1.0383351627607544,1.0417835636316668
12095,FL,Orange County,-1.0507453983925208,0.19146381388532538,-0.36939360151166967,-0.24702029227754185,78.94703267100002,-1.1719551577751304,0.2464370783523863,-0.5400060753494177,-0.3358853235708538,-0.5423248225846825
12097,FL,Osceola County,-0.25265024490062277,0.2705232485495671,0.1116033846448919,0.21764686942257816,77.734782435,-0.2788797614322883,0.3306149185297328,0.18431261393849088,0.3220939258319387,0.16803181085147245
12099,FL,Palm Beach County,-1.216435600268432,-0.19599013194376896,-0.2634149638628406,-1.0865084858178211,80.695456849,-1.3573639302291747,-0.1661011148006117,-0.38041607764965574,-1.5246196628926774,-1.0321701437793775
12101,FL,Pasco County,-0.2470453008164957,-0.20258779449624192,0.048318680171371066,-0.16609838361436866,76.233451384,-0.2726077804065797,-0.1731259181810655,0.08901410788649419,-0.2212980638909919,-0.1740155837671285
12103,FL,Pinellas County,-0.7525545431098036,-0.5512769889166991,-0.4370869358678008,-0.6532398541375496,77.580231199,-0.8382770053615322,-0.5443896820082144,-0.6419434026623202,-0.9111014447777898,-0.8838130677207414
12105,FL,Polk County,0.11611184570958624,0.6138372827117861,0.23597178199598648,-0.027157853811996476,76.10192235299999,0.1337682151742639,0.6961555275801344,0.371595189819042,-0.02455511959403634,0.35433181557908133
12107,FL,Putnam County,1.1516271860946699,1.5186964038585935,0.45926166184163153,0.36115482299304513,70.79095412900001,1.2925188591134766,1.6595963465841332,0.7078406087215403,0.5253044458698608,1.259996994253497
12109,FL,St. Johns County,-2.2110052991459086,-1.5620704708028557,-0.5069067608942396,-1.2313037969374583,81.015968703,-2.470296046317511,-1.620623183194642,-0.747082947409905,-1.729653110444601,-1.97723090243464
12111,FL,St. Lucie County,-0.2343036331566084,0.43901993118711874,0.18030134582989027,-0.358794729736332,78.21467242700001,-0.25834974382330383,0.5100202846535071,0.2877627781481962,-0.4941604644103041,0.013629656730866385
12113,FL,Santa Rosa County,-0.986022945363412,-0.7194902955529893,-0.02905226512807884,0.19832535576424065,76.34704032900001,-1.0995301716837458,-0.7234933260181691,-0.027496438543464,0.29473422387296244,-0.4683783562736942
12115,FL,Sarasota County,-1.2230254386767938,-1.0874514858920141,-0.3024685703282014,-1.0067176057039555,80.25224612699999,-1.3647380165428598,-1.1152767785987392,-0.43922571234817465,-1.411633965314178,-1.303835001612386
12117,FL,Seminole County,-1.4569137462240958,-0.31712349865842976,-0.45401935002078286,-0.4584058220339112,79.068430751,-1.6264610605293481,-0.2950768053902963,-0.6674414086348066,-0.6352120323806958,-0.9706615844616572
12119,FL,Sumter County,-0.7927567737577246,-0.5484590779356969,0.16290596360660634,-0.9355114557013269,78.385190701,-0.8832636500149542,-0.5413893359875253,0.2615676026808596,-1.310804440455632,-0.7447789499853951
12121,FL,Suwannee County,0.8115321161617597,0.6853862639166233,0.883305575805189,0.46738275980952537,72.936582257,0.9119495271914982,0.7723366782586235,1.3463954038707668,0.6757256158883767,1.1158354971503324
12123,FL,Taylor County,1.05922873253028,0.578886105131687,0.43438175340875407,0.5945507274598928,72.573188945,1.1891241884687052,0.6589415675658423,0.6703747135405687,0.8557983449284967,1.0158342611349211
12125,FL,Union County,0.593176639592584,0.8526158035289427,0.39462712667752564,1.362025332121585,67.900093832,0.6676078557411322,0.9503928649515957,0.6105094338073588,1.9425598076137018,1.2557249222827311
12127,FL,Volusia County,-0.19469062034880036,0.025724658326118956,-0.16150970888664434,-0.4280584327026177,74.966048004,-0.21402243904156093,0.06996776501815513,-0.2269600626635592,-0.5922394401697888,-0.2899932840634922
12129,FL,Wakulla County,-0.13992287560198727,-0.1163765672682124,0.5243673931440105,0.08476766335891894,74.542221173,-0.15273685782663848,-0.08133326955014479,0.8058813435271436,0.13393395354745238,0.21246869662216947
12131,FL,Walton County,-0.8981372144536045,-0.8791512377771165,0.13786994266097344,0.047377126657593166,76.92573352599999,-1.001185276815325,-0.8934909149736837,0.22386662242893152,0.08098810477369442,-0.4786250178478045
12133,FL,Washington County,1.0800080165877726,0.8573877714116527,0.8050009634631543,0.8234384743563158,72.56965676800002,1.2123763874880469,0.9554737759329118,1.228478876721636,1.1799085905274722,1.3777030103346208
13001,GA,Appling County,1.3926008234526366,0.9180976371752341,0.8153926571424854,1.2575012884516705,71.486667076,1.5621704485888,1.020114073439951,1.2441274112487206,1.7945513889708975,1.692223768744318
13005,GA,Bacon County,1.316223976656151,0.7426085090143895,0.8701637277798109,1.0324082463014812,69.46915302900003,1.47670409482666,0.8332635622274428,1.3266054958037248,1.475814531436395,1.539114108813987
13009,GA,Baldwin County,0.23287226156570498,0.7212130766915996,0.0871545840938382,0.1816885514351752,72.73573336999999,0.2644241328447587,0.8104829631725443,0.14749591096639236,0.27117613126997314,0.4496507045775443
13011,GA,Banks County,0.07826803541792657,0.233964637246343,1.6012840359098568,0.19446429835449722,73.877982741,0.09142066334729947,0.2916894575463843,2.427577265976432,0.28926687893068387,0.9332592991391631
13013,GA,Barrow County,-0.29610895940798043,-0.2112563953810207,0.8062326053194083,-0.11808957698714187,74.87304190599998,-0.32751043975854494,-0.18235573500102004,1.230333568623393,-0.15331650385621418,0.1707440809543447
13015,GA,Bartow County,-0.2823162829686139,-0.44614377378863096,0.27446221631306517,0.08938590211315367,73.93810385100001,-0.3120763152386535,-0.43245001259411125,0.4295567607582707,0.14047348446234698,-0.05253306268345013
13017,GA,Ben Hill County,1.533001887528161,2.179248066545224,0.40303572594272347,0.9845296803688374,69.70790093800001,1.7192804565842046,2.3629129403171905,0.6231716869478243,1.4080173951817483,1.8404694258533627
13019,GA,Berrien County,0.9086148684102473,1.133148480675546,0.8878044760282109,1.0064003406159845,71.16678221499998,1.020585968677234,1.2490875743390222,1.3531701604837234,1.4389867465787993,1.5238935587914109
13021,GA,Bibb County,0.33915694579219247,2.3034837551833354,-0.47494883614788197,-0.05323311633590769,70.625763728,0.3833576159957846,2.4951918009859426,-0.6989584833678186,-0.06147828326389855,0.6376701583540297
13023,GA,Bleckley County,0.43252784981174996,0.1788974865173596,0.8977816862161007,0.7383291792854529,72.205653357,0.48784046713115653,0.23305719141935613,1.3681945369643072,1.059391896636227,0.947869486207609
13025,GA,Brantley County,1.528830906947048,0.4896240059104631,1.551396368441441,0.9205990043385321,71.49147876,1.7146130931510126,0.5639005297181844,2.352452949291852,1.3174901066289568,1.7908175524560996
13027,GA,Brooks County,1.204199128453819,0.9384246058761873,0.9724171545896578,0.3437077955908599,73.872965399,1.3513473184187201,1.0417570352175753,1.4805858121336029,0.5005990590024143,1.316905265726049
13029,GA,Bryan County,-1.3267468147223578,-0.7807770251386913,-0.033174168536186634,-0.13122278178668645,74.89749349700001,-1.4808031356152278,-0.7887478342241436,-0.03370348715262143,-0.17191341998999154,-0.7451637153515392
13031,GA,Bulloch County,-0.04232628258557236,0.501145374974498,0.1847397401840774,-0.18063873512977413,75.27293897299998,-0.04352542406652778,0.5761678064551784,0.2944464208189244,-0.2418875317181452,0.17617825350222982
13033,GA,Burke County,0.8495510679277517,1.5306810639529387,0.7241419181385529,0.5561232804905231,72.97913068300001,0.9544930638467392,1.6723569083853411,1.1067157068635958,0.8013842076762301,1.3652730943973028
13035,GA,Butts County,0.5694845726188437,0.3736464091560816,0.5845096643660204,0.2144528520160529,71.94068497700002,0.6410962273843148,0.4404144000082445,0.896447755201384,0.3175711246767298,0.6910825371661663
13039,GA,Camden County,-0.12278962929737856,0.08688189870043639,0.2957490915734457,0.1035065693792689,76.512739603,-0.13356460666437994,0.13508440072115888,0.46161201688541703,0.16046866986522948,0.18773855926898386
13043,GA,Candler County,1.1771151825456967,1.8650832836390496,1.1247090853870374,0.5380221630551462,67.79578819599998,1.321040148126312,2.028408741075958,1.7099175852611341,0.7757526144732495,1.7566966104668682
13045,GA,Carroll County,-0.06452843834952848,0.18915973813649462,0.024934960309376503,0.4002740116654207,72.973049842,-0.06836982886187894,0.2439838338918703,0.05380127743519785,0.5806981050768512,0.24388935689198984
13047,GA,Catoosa County,-0.22636042834440398,-0.692019347594045,0.03067813122086828,-0.38592946448331633,75.286416772,-0.24946122876986182,-0.6942438749358415,0.06244974332311955,-0.5325838647991765,-0.42564453900023297
13051,GA,Chatham County,-0.7960455530280235,0.3809396592797631,-0.3448101763036327,-0.5132284571941689,75.61810595,-0.8869438225325489,0.44817982415897334,-0.5029866452129119,-0.7128421282993508,-0.4981247974160047
13053,GA,Chattahoochee County,-0.03390894368792102,0.787596439550646,-0.07252218550749376,1.1304927464195567,75.37230788899998,-0.03410634886066851,0.881164066989127,-0.0929564656514489,1.6147044102253545,0.7131427508332626
13055,GA,Chattooga County,1.4069172485421544,0.5351469719447508,1.0484296444770265,0.7779494345449408,70.57559571099999,1.5781906523891773,0.6123707088373156,1.5950507019963607,1.1154950775053092,1.4755068697700053
13057,GA,Cherokee County,-1.8281892838263962,-1.0656285808490755,0.007628332794177864,-0.6280794400468673,79.429827139,-2.0419216061119525,-1.0920410317114575,0.027739754975424063,-0.8754737272574056,-1.19871297093856
13059,GA,Clarke County,-0.7741978551793983,0.37662129145267115,-0.3197256420884246,-0.2875157489479865,77.26426562700003,-0.8624960592176477,0.4435818798614997,-0.46521261030816247,-0.3932278095058473,-0.38455504686801456
13063,GA,Clayton County,0.32186684749818517,3.076624932811352,0.7005850903595767,0.14200985854275977,73.78843703299998,0.36400984609746256,3.3183870940118956,1.0712421984805407,0.21499020138606958,1.495834821392241
13065,GA,Clinch County,0.8206700094275791,2.2074197145258303,1.45324731732739,1.2056724032682498,69.76098881699998,0.9221749089826345,2.392908455606608,2.2046532871238202,1.7211605109807304,2.1799142928480233
13067,GA,Cobb County,-2.20858094424432,-0.6739027112157552,-0.42527849404296136,-0.7208214827118756,79.138528085,-2.4675831721631716,-0.6749543451272941,-0.6241614303189088,-1.006798565013394,-1.437089247483476
13069,GA,Coffee County,1.0187858003068957,1.1792333496959888,0.6641682716210486,0.242164117441675,71.622173443,1.1438681966654267,1.298156034738112,1.0164032219882007,0.35681090559440864,1.1485997442728288
13071,GA,Colquitt County,0.9757703330927314,1.295745900738741,0.6607281791737483,0.6530549284171655,71.627166121,1.095733515903263,1.4222117523382247,1.0112228917071981,0.9386416215911576,1.3450601744054593
13073,GA,Columbia County,-1.5490943102638701,-0.5095808104230976,-0.4861516102587636,-0.6005359349783498,78.426826938,-1.7296119109069454,-0.4999940413848441,-0.7158283991758588,-0.8364714988137241,-1.1385647982558647
13075,GA,Cook County,0.9328541744358012,0.9069391030150911,0.5148544097008037,0.1034716439531086,71.810706448,1.0477099622776624,1.00823312198697,0.7915560319407663,0.1604192146689424,0.9055513445178082
13077,GA,Coweta County,-1.3256565636905884,-0.90978062050713715,0.06708340659003434,-0.15757320989732437,76.435159053,-1.4795831352580644,-0.9261032817978121,0.11727133700765209,-0.20922622437720825,-0.7519294716649502
13081,GA,Crisp County,0.9973812787847626,1.4219642943888235,0.07613133404182847,0.15190399054283044,70.079644998,1.1199163515022645,1.5566016807919327,0.13089633496246766,0.22900051690541773,0.9141303979711433
13085,GA,Dawson County,-1.2636370434157855,-1.2029281164826255,0.11213159541750264,-0.5883490643413417,76.90468605400001,-1.410182754353515,-1.238229508976301,0.18510803042860718,-0.8192146133368835,-0.9882214301183857
13087,GA,Decatur County,0.9553224063685861,1.6838576638109113,0.4450381565874728,0.5586388117847294,71.014822222,1.0728521086128469,1.8354503506356399,0.6864218660281742,0.8049462570940439,1.3245464713608546
13089,GA,DeKalb County,-1.6170612425610922,0.2712462987116675,-0.47240036088046455,-0.39055817641435353,78.22497578500001,-1.8056674974293925,0.33138477985297626,-0.6951208122004205,-0.5391382259701756,-0.815422281723445
13091,GA,Dodge County,1.0239110442449206,1.4050130059777097,0.514852453092398,0.2676457789089933,71.342584198,1.1496033890685864,1.53855294501826,0.791553085543852,0.39289351669276434,1.1658696846173864
13095,GA,Dougherty County,0.6099281806690219,2.6787667290483226,-0.27718845249512636,0.2165787153007348,70.32410348500002,0.6863529754436353,2.8947710584072515,-0.40115715403929425,0.3205813953471816,1.0538604604328097
13097,GA,Douglas County,-0.7875792247198614,0.8514210921124536,0.015401604309888794,-0.008868263220305941,75.582327261,-0.8774699277515837,0.9491208064414081,0.039445287437754585,0.0013433558768241323,0.033850573429109604
13099,GA,Early County,0.9644899125694818,1.57744753848176,0.32427046226863465,0.1565988682135766,69.72682499100002,1.0831106275350815,1.7221511022758473,0.5045614790093015,0.23564857026587688,1.0673849431171594
13103,GA,Effingham County,-0.6165389492095922,-0.12538824091588752,0.47110582327439005,-0.06930335766282292,74.94675577900001,-0.6860743765148811,-0.0909283700876839,0.7256763701329385,-0.08423410979426448,-0.040811274475019275
13105,GA,Elbert County,0.9677343847947055,0.6757574688422228,0.6752217458253298,0.8240609846042855,71.146985394,1.0867412200850892,0.7620845030904659,1.0330483116210838,1.1807900791702375,1.2230887098778238
13107,GA,Emanuel County,1.1045727478928953,1.3956298748909597,0.6364665519647137,1.1073045595785704,70.07699816499999,1.2398645347977906,1.52856233842794,0.9746880473613755,1.5818694112621818,1.6031175686344892
13109,GA,Evans County,0.5737193798417365,1.6596619840505107,0.9764078187747819,-0.15460116215629022,70.700645764000015,0.6458350133830435,1.8096882126630738,1.486595231600145,-0.20501773730728065,1.1250759527495993
13111,GA,Fannin County,0.23952512701253514,-0.2790046686693034,0.3380007547015059,-0.35655886395904307,74.099572743,0.2718687469609422,-0.2544901152349791,0.5252375075598836,-0.490994427713148,0.015541017135056165
13113,GA,Fayette County,-2.3219140368482303,-1.0090754763849117,-0.8359419976406577,-0.7763614178945234,79.51616969100003,-2.594403885399121,-1.0318266093678794,-1.2425670736495826,-1.0854443740472217,-1.792559239803268
13115,GA,Floyd County,0.17606769347160572,0.28722925979981584,-0.17222677601382078,-0.09722352515248067,72.59643012999999,0.2008593286447083,0.34840249759599756,-0.24309856714067518,-0.12376970077691539,0.054910643774983565
13117,GA,Forsyth County,-3.046508915186039,-1.5615888340966337,-0.029861581034632177,-0.7326571720428928,81.02641360800001,-3.405231836587903,-1.620110364732784,-0.028715162680050928,-1.0235581697887648,-1.8297015785284358
13121,GA,Fulton County,-2.402052800648158,-0.4760445150410579,-0.707858177275482,-0.6034432717331065,77.52843162999999,-2.684079856904406,-0.4642865647908272,-1.0496895555861019,-0.840588353658075,-1.5169132424891718
13123,GA,Gilmer County,-0.27755274163104554,-0.4587150843942579,0.56924699023823,-0.1615692547856377,75.405283192,-0.30674587118141167,-0.44583520538576776,0.8734641597996631,-0.21488471465350012,-0.02829973900768291
13127,GA,Glynn County,-0.5129921691610574,-0.04390370671018149,0.0991372711597453,-0.11464028969436085,74.72522735199999,-0.5702046318769579,-0.004168426427274265,0.16554027390321116,-0.14843223474717107,-0.1677678819144339
13129,GA,Gordon County,0.4729698373505731,0.35751456402902815,0.5372255721741063,0.27173556327527365,73.127354982,0.5330954018242205,0.4232381592896272,0.8252440831071308,0.39868474419784267,0.6563806992260891
13131,GA,Grady County,0.7265650207045942,0.6775500144109282,0.8192561384277088,-0.049477835916744844,74.166269836,0.8168706106995206,0.7639931002747733,1.2499453098658453,-0.05616072094153156,0.8353240421281241
13133,GA,Greene County,-0.9842244100701241,0.01500127782271069,0.031029075826647268,-0.7169231244714611,76.11745214,-1.0975175950970293,0.058550139607470915,0.06297822009986957,-1.001278401248117,-0.5952679460909589
13135,GA,Gwinnett County,-1.3845402947062015,-0.343156406901573,0.03901220311376108,-0.3253407756204024,79.26617283299998,-1.545474540793893,-0.322795116288287,0.07499976796698803,-0.44678890594205023,-0.6743827559551413
13137,GA,Habersham County,0.02684474989090237,-0.04977674675439646,0.5382295575123844,-0.06024852090564983,74.815047607,0.03387756099620307,-0.01042169434269347,0.8267559540028233,-0.0714122553917479,0.23446214818945213
13139,GA,Hall County,-0.4909279800258615,-0.4292960415444026,0.19531309404097338,-0.4025768951328838,77.183412745,-0.5455146129353775,-0.4145115373415576,0.3103685118661048,-0.5561570045132254,-0.3630175260848051
13141,GA,Hancock County,1.9118484535559417,3.212682644573755,1.1862054529831738,1.3214725941876524,70.72434230699999,2.1432130486166905,3.4632533501933507,1.8025230893602855,1.8851362101092641,2.7980507102891132
13143,GA,Haralson County,0.13572806452969238,-0.6503431661857033,0.4369385250882929,0.8298910915092587,71.22695134599999,0.15571893410904825,-0.6498695260337459,0.6742248780219096,1.1890456428972649,0.4121815342462064
13145,GA,Harris County,-1.1431026641863968,-0.9014619854578483,0.5024269669313871,0.05055262830795404,78.819768908,-1.2753037389475939,-0.9172460880340748,0.7728419249567063,0.08548468719784733,-0.401675675058094
13151,GA,Henry County,-0.7383287981026688,0.09406866001404272,-0.163738665789827,-0.041482514727943516,75.30411443300001,-0.822358273359549,0.14273644184463427,-0.23031658087273357,-0.044839164635952014,-0.2874413542796738
13153,GA,Houston County,-0.8974197127214514,-0.13391285978976236,-0.18688299040065598,-0.15845915645555744,75.01628567800002,-1.0003823861562156,-0.10000488332339501,-0.2651689133177294,-0.21048074481558904,-0.47447510265172343
13155,GA,Irwin County,0.9058320606624766,0.6613891343468252,1.1416209517780025,0.31376132076783275,71.74750230400001,1.0174719826801855,0.7467859448613964,1.735384648985581,0.4581941708363954,1.1915298201980289
13157,GA,Jackson County,-0.7495334468653073,-0.6300545402459217,0.16457933765110871,-0.2748148225684356,75.089027159,-0.8348963724706562,-0.6282673893750409,0.2640874856104542,-0.37524300942795774,-0.47395799653184917
13159,GA,Jasper County,0.3971813017410402,-0.35673326223857,0.708386297806983,-0.2783382903058031,73.78104318400001,0.44828737338101277,-0.33725095402001826,1.0829897988102632,-0.3802323197305098,0.24499739614911567
13161,GA,Jeff Davis County,1.3885586025127856,1.066690117721624,1.3187824337500471,1.031405972901279,70.68592075699999,1.5576471683105426,1.1783266148287257,2.002166720614876,1.474395289549044,1.8703201090088812
13163,GA,Jefferson County,1.1895982604279216,1.8236006691836493,1.698859907222983,0.3744562827258703,68.79497205199999,1.335008820506378,1.984240490890575,2.574513794166329,0.5441396148087282,1.9381681359058403
13169,GA,Jones County,0.12399216878322344,0.11699020848194581,0.7341936712585253,-0.703520413594046,75.631675922,0.1425863650170566,0.16714195969007298,1.1218523352717709,-0.9822998583900023,0.13525860385531246
13171,GA,Lamar County,0.18528729334463373,-0.04562467920699737,0.7891762163111756,0.33936230611363977,71.90599687199999,0.21117614083771766,-0.006000816810557632,1.2046488726980704,0.49444574725546914,0.5732915652651118
13175,GA,Laurens County,0.875438694976107,1.0005272705133037,-0.2015715878510256,-0.05825010532201408,70.75285037199998,0.9834615429628328,1.107880303118642,-0.2872880241623583,-0.06858245355917489,0.5224737702681193
13177,GA,Lee County,-1.0987916233419885,-0.5445930450618635,0.18399097012577517,-0.3259474042204411,75.073504084,-1.225719300060401,-0.5372730113672441,0.2933188708283493,-0.4476479058108151,-0.5772207660337914
13179,GA,Liberty County,0.38025082898784657,0.4998571413828885,-0.43605884755501856,0.6796955990606557,72.867088958,0.4293420275808599,0.5747961710286651,-0.6403952358325508,0.9763654159937053,0.40344743796372223
13185,GA,Lowndes County,0.1702572537531376,0.43010871181377874,-0.15023627149905458,-0.10921146092575455,73.47696667100001,0.19435739622249895,0.5005321419241794,-0.20998373718261226,-0.14074488997067675,0.10361164812275514
13187,GA,Lumpkin County,-0.6339131749310315,-0.8945170157421893,0.4884261641642672,-0.5947726544576596,75.28398326700001,-0.7055162857338949,-0.9098514923954386,0.7517585431453326,-0.8283105627638708,-0.5093623161043495
13189,GA,McDuffie County,0.48838904402501226,0.8586470230778456,0.06616436997700441,-0.019263902652241184,71.92617782299999,0.5503496277793801,0.9568145531083371,0.11588738780606445,-0.01337710555079273,0.4846018787722228
13193,GA,Macon County,1.8841666988012666,3.2396260576040783,1.669635575579634,0.43128870111791895,71.88946553299999,2.1122369250419117,3.4919411130837754,2.5305057645934874,0.6246156094078017,2.6370381397223497
13195,GA,Madison County,0.4693812157792939,0.1278992310809342,1.4295910782184402,0.24097262939143543,74.19638932199999,0.5290797031721586,0.17875724589504818,2.1690300782513665,0.3551237314672321,0.9730096548987333
13199,GA,Meriwether County,0.8452438214978552,1.1360447961046816,0.8129188980204884,0.593125787116568,70.77554767,0.9496732177473164,1.2521714008087201,1.2404022528455956,0.8537805970546979,1.2933441078552292
13201,GA,Miller County,0.5228167631036352,1.1131763993513943,0.5364875064007595,1.1501759164812815,67.27107022999999,0.5888745439210158,1.227822475785594,0.8241326523727502,1.6425762258615095,1.289544310489428
13205,GA,Mitchell County,1.1543006972064065,1.858048852900645,0.16103836495997373,0.1133993879041213,72.35417637299999,1.2955105412271877,2.0209188925973947,0.258755242847477,0.17447712547385127,1.1288575396371516
13207,GA,Monroe County,-0.6660002158388247,0.023656092562302666,0.45310799201927926,-0.49495783176255526,74.51974823699999,-0.7414219627083979,0.06776527775016034,0.6985739850454702,-0.6869705079256884,-0.19931497685516358
13211,GA,Morgan County,-0.9065654448803285,-0.5162220624084894,0.3604124999576651,0.38244938500150893,75.796841928,-1.0106165397366478,-0.5070652562319781,0.5589866711010287,0.5554580290828978,-0.12139687786707574
13213,GA,Murray County,0.6380726070831169,-0.15252752968863287,1.127183062158594,0.012680658077700552,72.520703041,0.7178468326167261,-0.11982468995818628,1.713643071416092,0.03185711761807804,0.7055310566743237
13215,GA,Muscogee County,-0.014343367469311225,1.1681724682318668,-0.5098321234228264,-0.050015669956129896,71.987049397,-0.012212299436036314,1.2863790581373857,-0.7514881616074598,-0.056922306150701624,0.1402186459492842
13217,GA,Newton County,-0.246536543426629,0.631596581316953,0.465591192974398,0.03519908341543951,74.085719742,-0.27203847647632823,0.7150645851264777,0.7173720565805507,0.06374371908835895,0.36853504892317396
13219,GA,Oconee County,-2.8267951392844544,-1.5213648231930261,-0.7606104392664186,-1.22655850952105,79.810967637,-3.1593702164079454,-1.5772822016486987,-1.129127577781548,-1.7229336757399298,-2.284626480021716
13221,GA,Oglethorpe County,-0.1305158341332105,-0.3113550465658689,1.6109646397108714,0.019254271436968454,75.95696497000002,-0.142210296862844,-0.288934896579786,2.4421549919465986,0.04116550336276868,0.6178193352914199
13223,GA,Paulding County,-0.9215246008157605,-0.574407179881492,0.6186963709956929,-0.12890663932984645,76.88483125199998,-1.0273559649261603,-0.5690173501236618,0.9479284738955647,-0.16863370969222566,-0.24598625989975575
13225,GA,Peach County,0.040768904240408084,1.272533581662215,0.2889439877350176,0.05243502537547387,71.38929151699999,0.04945881043747031,1.397496639035585,0.4513644185956557,0.08815020417785731,0.5980383929654026
13227,GA,Pickens County,-0.3850302309279701,-0.5931345975336422,0.34251934814879414,-0.347365765904328,75.14496156300001,-0.42701411354802676,-0.5889572039406298,0.5320419195985475,-0.47797679217463446,-0.2895874647833051
13229,GA,Pierce County,0.5544956352718307,-0.020116251422041334,0.9799154916339992,0.07328551611398454,71.092206146,0.6243234765370343,0.021159058116155004,1.4918773291620038,0.11767497239175362,0.6788913804279098
13231,GA,Pike County,-0.47036110259952557,-0.6438833609222232,0.6262393343055858,0.24756247408490387,73.15661397500001,-0.5225000987778923,-0.6429915049935581,0.9592871922559955,0.3644551011496191,0.047642292444632924
13233,GA,Polk County,0.7996742729047723,0.45182630273742036,0.7676253881953645,0.11196981223865272,70.99565763100001,0.8986804977779362,0.5236557565259184,1.1721961380174577,0.17245281387867004,0.8330170231074517
13235,GA,Pulaski County,1.2817633107093331,1.4745372969554638,0.9784462637720809,-0.12182626612853195,75.18034134099999,1.4381423108538607,1.6125783245219631,1.4896648637415582,-0.1586077405072133,1.319159732483252
13237,GA,Putnam County,-0.09237408382249032,-0.09455128965678421,0.6376568625902262,-0.40263469151763653,73.978873945,-0.09952934757137341,-0.05809499649135728,0.9764804998235123,-0.5562388455060742,0.07906247186095408
13241,GA,Rabun County,-0.09362881735577533,0.040601600895251604,0.26631450618352653,-0.4214210253569787,74.30896433599999,-0.10093340527381696,0.085807859236264,0.4172873726091227,-0.5828407206922058,-0.054394434123274084
13245,GA,Richmond County,0.38609865505138546,0.7573578722070693,-0.6025616378085176,0.31243993573496476,71.40229599800001,0.43588579564734775,0.8489678174225865,-0.8911267087319237,0.4563230596330182,0.25591249598772337
13247,GA,Rockdale County,-0.47775435314447806,1.1653772130084277,-0.27084725847580515,-0.26652476023037236,75.67379118599997,-0.5307732102381066,1.2834028346360054,-0.3916081433951817,-0.3635040929640879,-7.474048003431275e-4
13251,GA,Screven County,0.8106148465669039,0.9867020727776316,0.8528775315649885,0.3176842850607923,70.88299085799999,0.9109230945620117,1.0931600449944083,1.3005747402159582,0.4637491773306596,1.1345009078947006
13253,GA,Seminole County,0.9104005632314072,1.0798877958817488,0.3218831479040445,0.8108172355970695,72.687551124,1.022584176664311,1.1923787269845127,0.5009664951294747,1.1620366299289273,1.1674842748371541
13255,GA,Spalding County,0.39658759019064926,0.8119468327661279,0.20932007443073797,0.08909024676452922,71.20962171100001,0.44762300500857144,0.9070909347570733,0.3314611963709791,0.140054829777006,0.5497971750287142
13257,GA,Stephens County,0.679704255109172,-0.22385487909189722,0.10770904243124796,-0.08037534299884007,71.54015368600002,0.7644330077095088,-0.19576986011834435,0.17844824279062882,-0.0999122923758278,0.194843060516093
13261,GA,Sumter County,0.9922564492960042,1.432148079863476,-0.09028347526014849,-0.052644857976915,71.957962413,1.1141816228714274,1.567444777124791,-0.1197026501057486,-0.060645296073478745,0.7530244566876256
13267,GA,Tattnall County,0.8224353786515204,1.3460258738197735,1.1359000281115654,0.5405527060770333,72.535555656,0.9241503724501983,1.4757469130196956,1.726769684545365,0.7793359208382414,1.47698076387907
13271,GA,Telfair County,1.4987203453525426,2.6533066429882353,1.180002878092469,0.9754129932224155,72.66295867299999,1.680919113664403,2.867662654908423,1.7931828210335665,1.3951079592239861,2.329230573530807
13275,GA,Thomas County,0.16769835667006683,0.5619424196039172,-0.3186214057372466,-0.08687254405176656,72.77768873199999,0.19149396820058304,0.640900926895578,-0.46354977447016626,-0.10911247656009894,0.07819402629215298
13277,GA,Tift County,0.5546206333233271,0.8832591488084832,0.2778458938153005,0.06550781058298133,71.96123867100002,0.6244633504404078,0.9830200982779567,0.4346521374943618,0.10666156479772153,0.6469079061158979
13279,GA,Toombs County,0.8883788581918146,1.1075771925400546,0.2374019877502182,0.4578584572182631,70.67137681699997,0.997941697794053,1.2218607694049888,0.3737488930378392,0.6622389872074195,0.980174659775181
13281,GA,Towns County,-0.23294126524944958,-0.5837242511586034,0.2990173903591754,-0.7319255426214073,75.7596402,-0.2568252423232919,-0.5789376201106209,0.46653364833179467,-1.0225221659191805,-0.41899486448039885
13285,GA,Troup County,0.4338577792912671,0.389755579012261,-0.0795477481185913,0.037952879869526494,72.269652092,0.48932866974939215,0.457566497430926,-0.10353604608217525,0.0676431573814346,0.27426254551803897
13291,GA,Union County,-0.05163121500271183,-0.7418509337928839,0.26805631010950404,-0.8996413448841094,77.62390883899998,-0.05393772411624178,-0.7473016196141851,0.4199103020098693,-1.2600115492490451,-0.49413515111367234
13293,GA,Upson County,0.8781486010605244,1.5062480123757234,0.5671623705491988,0.750864566011648,70.43304461000001,0.9864939513665226,1.6463420308511618,0.870324994598467,1.0771422888070397,1.378926993432942
13295,GA,Walker County,0.5172881075529928,-0.4875275608572318,0.8150689446407994,0.3029139076844669,73.30173133199997,0.5826879304257075,-0.47651303718552845,1.2436399424668454,0.44283398766261367,0.539687376345345
13297,GA,Walton County,-0.5690643059774951,-0.1819012024834296,0.2754118008117953,-0.2167525395283339,74.71176165600001,-0.6329498391270337,-0.15110005063389859,0.4309867110891122,-0.2930254985680146,-0.19450876187259966
13299,GA,Ware County,1.0922725481088729,1.6176594291543378,-0.011162100434896377,0.5804094099320518,69.72635707399999,1.2261005045951896,1.764966360450166,-5.56185247380077e-4,0.8357739182862278,1.151925278933938
13301,GA,Warren County,1.256253023000943,1.9815004733446095,0.6071444731922311,0.6597317397421781,71.145499135,1.4095960777307677,2.1523629235280475,0.9305328233684159,0.9480961379980456,1.6379207154506152
13303,GA,Washington County,0.9912557147027776,1.7163151754755348,0.3983632872087325,0.28371565790815956,71.653893908,1.113061792185112,1.87000920172106,0.6161356039847581,0.41564883015881243,1.2086956263397792
13305,GA,Wayne County,0.8958436120236319,0.7113271476593894,0.7964882932582338,0.4463186400556056,70.665581569,1.0062948220522117,0.7999570068763456,1.215659906327586,0.6458983441390568,1.1042156014478062
13313,GA,Whitfield County,0.30356631758035185,-0.15562569526503567,0.44727339643092123,-0.10390306621917414,75.06957084199999,0.3435313944515099,-0.12312343460316093,0.6897878455254423,-0.1332280825599915,0.2339106613431416
13317,GA,Wilkes County,0.7414470931771976,0.8833045383768525,0.7861547791264234,0.388830074324379,72.02543297499999,0.8335237788258049,0.9830684264230811,1.2000989826064241,0.5644932300124696,1.0781364411658518
13321,GA,Worth County,0.875126475096953,0.9092502677541582,1.0543735198905853,0.29674266219343615,72.93564566600001,0.9831121662110738,1.0106939143877118,1.6040014026717246,0.4340953639535225,1.2138278512394325
16001,ID,Ada County,-1.618958188992727,-0.8980287336722604,-0.8297135951818575,-0.9862150246611656,79.73907747199999,-1.807790196933156,-0.9135905632845851,-1.2331879123759042,-1.3826018451273399,-1.606786290915739
16003,ID,Adams County,0.29844163257717715,-1.0664054664849858,0.20068084540990888,0.9617317142418329,79.19538072399999,0.33779682750129353,-1.0928682138836228,0.3184516449165586,1.3757349576079962,0.28272610925161823
16005,ID,Bannock County,-0.29691691290340017,-0.6673409376463043,-0.8110307058127135,-0.14169779246471456,75.21614429500002,-0.3284145467249781,-0.6679677542269801,-1.2050539191712883,-0.186746272903887,-0.7189762585362419
16007,ID,Bear Lake County,0.07266470710231736,-0.6544101996464613,-0.10471084736227436,0.39561146066596953,77.93409167400002,0.08515049038057118,-0.6541998642673742,-0.14142838966678473,0.5740958270167953,-0.0410585768673233
16009,ID,Benewah County,0.4982127418514871,0.004442498186515728,-0.07754426968257488,0.674380341052825,73.90785858400001,0.5613424308199018,0.04730777152758066,-0.10051906901878954,0.9688388899926453,0.4446504337244954
16011,ID,Bingham County,-0.07023444007909505,-0.2644663205420025,0.15811074356481628,0.321235270711608,75.10777581299998,-0.07475489426901692,-0.2390105364813495,0.2543466270916571,0.46877745362334,0.1232398074311121
16013,ID,Blaine County,-1.657293846979367,-1.2082183784052616,-0.327585170959765,-1.0763425174441998,85.25548834199998,-1.850688130595185,-1.2438622689942695,-0.477048035091171,-1.510224420897409,-1.5299123889884172
16017,ID,Bonner County,-0.20496463605688628,-0.7086043350516602,-0.016387080837847068,0.14334773736885867,78.77125024000001,-0.22551915169591807,-0.711902594979559,-0.008424323855193316,0.21688466817508825,-0.21945807877463325
16019,ID,Bonneville County,-0.7860752697146809,-0.7313217225001565,-0.4663837413516411,-0.44181409502216384,76.92247784599998,-0.8757869890613076,-0.7360907341688632,-0.6860605683808408,-0.6117177702823317,-0.875968915740479
16021,ID,Boundary County,0.3543556809667112,-0.35650113709350295,0.2148987164761123,0.7433412101727161,78.05626468500003,0.40036513243101757,-0.33700380080616615,0.339861903258146,1.0664890461509873,0.4424654481086903
16027,ID,Canyon County,-0.13055001198334099,-0.5591523300209377,0.16027502321635004,-0.22638129025207582,77.44895532400001,-0.1422485421734663,-0.5527748824290127,0.25760574980046586,-0.3066600281756459,-0.22400892917903173
16029,ID,Caribou County,0.26496844301758116,-0.6858457924350845,0.18609699580161387,0.06583722702897732,76.74170429800002,0.30034003816734006,-0.6876706361857285,0.2964902706521179,0.10712802596335316,0.004903506592016233
16031,ID,Cassia County,0.07840364668093706,0.06791992163837972,-0.23614279911861372,0.12849584199570252,76.85992807599999,0.09157241352637492,0.11489480182818501,-0.33934775666197997,0.19585404717298535,0.018958540968426606
16033,ID,Clark County,0.694003262725821,1.0564551539157208,3.774201992546425,1.3427419422932547,NA,0.7804337212067345,1.1674290268161982,5.699708134939652,1.9152540898634671,2.878944192947527
16035,ID,Clearwater County,0.4608380171999584,-0.5947990725025163,-0.4000389435851769,0.37368673111230427,75.869898599,0.5195197898912755,-0.5907294390761848,-0.5861539611830253,0.5430499122542842,-0.03441480507003289
16039,ID,Elmore County,0.35362392892781846,-0.13202258031537528,-0.18146628335048734,0.46636944201858244,77.387820805,0.39954629555511434,-0.09799222481955874,-0.2570120594002338,0.6742907348930172,0.21640878781482256
16041,ID,Franklin County,0.3051936420546231,-0.6676934719679269,0.14148854579212006,-0.03911571584141041,78.861697898,0.34535238464732737,-0.6683431120562968,0.2293157665035102,-0.04148772368378624,-0.04069151396236532
16043,ID,Fremont County,-0.07568667169027914,-0.8444760608788178,0.31486209125199893,0.2221701368615306,77.66111412100001,-0.08085598871346607,-0.8565708242664527,0.49039370008503647,0.32849897520844434,-0.03568539300134917
16045,ID,Gem County,-0.07423258804697713,-0.7773437733531035,0.06819354519242216,0.5733154781549319,75.92430707599999,-0.07922885650952297,-0.7850923094746539,0.11894306086570497,0.8257287498500809,0.02419002990298303
16047,ID,Gooding County,0.4014142689840883,0.29933469322777284,0.6752331240735456,0.2886557449894714,76.36674805299998,0.45302410042634217,0.3612916517457042,1.033065445777994,0.42264410561114524,0.6834043479936334
16049,ID,Idaho County,0.33232615168371915,-0.7800346877020818,0.03760417645589076,1.1792088950638553,78.42962016500002,0.3757138981645585,-0.7879574369444015,0.07287946357285797,1.683687582613717,0.4047164270065807
16051,ID,Jefferson County,-0.6455096103920508,-0.9638675604479285,0.47746471486723335,0.1887459914323798,77.42752911000001,-0.7184927975573302,-0.9836918770787362,0.7352520310131773,0.28116962651735794,-0.20645295312256448
16053,ID,Jerome County,0.334618664346988,0.2466772094942203,0.9155264502208986,0.7175092426205364,76.383230243,0.37827923971112964,0.3052250574336018,1.394915835799005,1.0299103936841496,0.9357810212804005
16055,ID,Kootenai County,-0.4920244213947044,-0.6247608317869892,-0.4925080908625137,-0.29636120932536836,78.38796646700001,-0.5467415403333973,-0.6226309596877561,-0.7254004294211662,-0.4057531822015145,-0.6925867940343454
16057,ID,Latah County,-1.090767779577175,-1.0496897302419248,-0.3799429445222454,-0.6550165962283034,80.75018438100001,-1.2167405493198395,-1.0750702802164918,-0.5558920091955429,-0.9136173519122195,-1.1323673654429514
16059,ID,Lemhi County,0.5127797536166585,-0.6970898395469083,0.040086871581677216,0.28027055565000686,75.32830150799998,0.5776430432829536,-0.6996426368045713,0.07661807843150868,0.4107704871538077,0.11000247963118145
16061,ID,Lewis County,0.814998413053907,0.01350031023993194,0.06699795981612341,1.0203469247697616,73.369701569,0.9158283434670412,0.056951997528272943,0.11714266531725838,1.4587354263427406,0.7672884754609665
16065,ID,Madison County,-0.49613546630059807,0.047922352636446106,-0.2289255249492539,-0.05799193307397185,79.14421529500002,-0.5513418352263689,0.0936025654932141,-0.3284794836435693,-0.06821687579516435,-0.2572328260573531
16067,ID,Minidoka County,0.3085725390657459,0.18724169045409061,0.4893638207922915,0.2802623425618643,76.958920222,0.34913339969823604,0.2419416094319102,0.753170531659522,0.4107588572345521,0.5283543026926323
16069,ID,Nez Perce County,-0.2319566602372975,-0.3259555062063334,-0.608464387074786,-0.2970303103136106,75.09376426300001,-0.25572346077804436,-0.30448060802270766,-0.9000154787965807,-0.4067006443901648,-0.5620472047425245
16071,ID,Oneida County,-0.20909277956580533,-0.931580062415209,-0.42347163419306555,0.8262063989320355,78.591962736,-0.23013858007392218,-0.9493140465178764,-0.6214405351867769,1.183828034561503,-0.18577105298069882
16073,ID,Owyhee County,0.5822514948612413,0.5456029442514316,1.4914645515174716,0.47572104995264886,75.17469262,0.6553825240643801,0.623503613714115,2.2622034543254057,0.6875328240190339,1.2730514239943425
16075,ID,Payette County,0.12145698799375923,-0.23689496049176242,-0.010434664425618995,-0.11475508210718857,77.174090641,0.13974947573330967,-0.209654172504832,5.392384495349786e-4,-0.14859478340964413,-0.065618201107918
16077,ID,Power County,0.6062607250854897,0.44969593107756545,0.7166947212923126,-0.258480796512662,77.88015946900002,0.6822490608483613,0.5213874619717869,1.0955012002995523,-0.3521136577333364,0.5861629426975313
16079,ID,Shoshone County,1.2390935126630027,-0.21811858334224682,-0.048811893706758966,-0.17113823472381812,73.59625447100002,1.3903944368874988,-0.18966218949212796,-0.057251860479240815,-0.2284346074719164,0.27547986505012245
16081,ID,Teton County,-1.9571380909540372,-1.2700593300405327,0.2279901779343037,-0.8248444560916357,83.079705228,-2.186216439290167,-1.3097068802702894,0.3595759357306362,-1.154097456750515,-1.2916634251960095
16083,ID,Twin Falls County,-0.0026183923546333294,-0.7651923357406992,-0.4310354022412519,-0.18538080359410972,75.988765947,9.080493742978943e-4,-0.7721541727727405,-0.6328305827679833,-0.24860240831360783,-0.49754867970064465
16085,ID,Valley County,-1.009615578270239,-0.9445799587354131,-0.3968715973486267,-0.21887290290709016,82.95732421000001,-1.125930532457581,-0.9631555721929793,-0.5813843511010355,-0.296027981246822,-0.8930816440594765
16087,ID,Washington County,0.7173018884646871,0.3879474666762287,0.41963827512972635,0.5878142946288423,75.91783075400001,0.8065050854105426,0.4556413256675355,0.6481729593301292,0.8462594031155879,0.8298841058986203
18001,IN,Adams County,0.39584544782262016,-0.08889593311766754,0.35338403318863043,0.1044732500254952,77.02638016299998,0.44679254126427914,-0.052073505180200805,0.5484027173874523,0.16183751160495774,0.3326544267698151
18003,IN,Allen County,-0.5138445472024715,-0.5801348017109993,-0.5439263260971781,-0.5349070149950991,75.61412121900001,-0.5711584502955253,-0.5751157852694245,-0.8028295814170314,-0.7435394582716301,-0.8106359515100166
18005,IN,Bartholomew County,-1.038391365164506,-0.9676460134187174,-0.6570030654705663,-0.8359177535308033,76.02587455899999,-1.1581308874819591,-0.9877149517648057,-0.9731083939857735,-1.1697774972999253,-1.2911476834316027
18007,IN,Benton County,0.33398548996232147,-0.0919975257170566,0.26975322394775303,-0.30432934614853685,74.484542024,0.3775707120849862,-0.05537589871786547,0.4224656327968172,-0.41703624482824414,0.09863317529963367
18009,IN,Blackford County,0.8119096466856507,0.07696895949950153,0.1365952454120731,0.5302748930655262,71.82247675299998,0.9123719871209693,0.12452968558452933,0.2219470947247353,0.764782304296735,0.6092259284439078
18011,IN,Boone County,-2.3803060081373744,-1.5340674036321775,-0.8108423026546392,-1.173180807074964,78.20810171199999,-2.659745007537412,-1.5908071628451441,-1.2047702086025287,-1.647349637346041,-2.1383008069198666
18013,IN,Brown County,-0.5869355137970494,-0.7737323357756469,0.4920735609598289,-0.5481551057096407,76.657240414,-0.6529478756227356,-0.7812470629649025,0.7572510467208421,-0.762299055469075,-0.4332924776148844
18015,IN,Carroll County,0.3409240878610051,-0.49461813026940993,0.35997148220136954,-0.348377946548518,78.26815597000001,0.3853350632921301,-0.48406265882498944,0.558322555914476,-0.4794100629443773,-0.0059654521146026394
18017,IN,Cass County,0.5985723393919962,-0.13761025861662468,-0.09817553873027689,-0.4283351711412333,74.93613081199999,0.6736456905980707,-0.10394165632008198,-0.1315870677486478,-0.5926313080811234,-0.046517443077927115
18019,IN,Clark County,-0.2988292557370007,-0.6199518477164072,-0.3267137527942739,-0.7794558822114186,73.19492024600001,-0.3305544749360301,-0.6175106360448153,-0.47573579305719543,-1.089826205767554,-0.7567420915444928
18021,IN,Clay County,0.10907153375033876,-0.6065785224258465,0.1163908596634321,0.09617026279969398,74.94881690100001,0.12589004505147539,-0.6032715051462781,0.1915219265334329,0.15008029320664232,-0.040877131669026984
18023,IN,Clinton County,0.42288653899616796,-0.2716859923387801,0.35076728070721164,-0.6494784634255694,74.36596611499999,0.4770517567371423,-0.24669761875335214,0.544462229646194,-0.9057752301420833,-0.03942592882496337
18027,IN,Daviess County,0.3315542967996103,0.09669746307526746,0.4594912592876514,0.053002402351366,76.121857001,0.37485018585716173,0.145535436865093,0.7081863525119407,0.08895362285577728,0.39664876022089257
18029,IN,Dearborn County,-0.6162912831203464,-0.7444696105986799,-0.24414305507573664,-0.5641384371221779,76.173935687,-0.6857972360137189,-0.7500898327929231,-0.3513950980707781,-0.7849318155877348,-0.7743800110196989
18031,IN,Decatur County,-0.16257919922051892,-0.5197153392425661,-0.13586211745219495,-0.11063404547941919,74.00800010599998,-0.1780894803889521,-0.5107846921257833,-0.18833813706765648,-0.14275930199283798,-0.30706839835091615
18033,IN,De Kalb County,0.014112964590930449,-0.7121192748851535,-0.15257886365629875,-0.3313102473184497,75.84756992300002,0.019630582859353853,-0.7156450963621374,-0.2135113752545875,-0.45524181337979863,-0.4108712709847917
18035,IN,Delaware County,0.18027469367182955,-0.21366954771395968,-0.7890018554850277,-0.41957628758363363,72.60630116799999,0.20556699834397987,-0.1849251177985118,-1.171881345423237,-0.5802285301276531,-0.5212685313869366
18037,IN,Dubois County,-0.26290249981912134,-0.8764638704619955,-0.5199826440892945,-0.9327067311026112,77.762944579,-0.29035212357442847,-0.8906295641771494,-0.766773521051132,-1.3068328867536394,-0.9798127148372457
18039,IN,Elkhart County,0.08708433088295839,-0.1696273504394554,-0.015670748827368186,-0.4842397145674554,76.24378611399999,0.10128617441106115,-0.13803157423881798,-0.007345621331356395,-0.6717934106648445,-0.21552118057976435
18041,IN,Fayette County,0.7351471058338164,0.1615132970071283,-0.12074999772507133,-0.010838414841206692,70.15430153299998,0.8264740383668783,0.21454752799436802,-0.16558125694544035,-0.0014464235428942986,0.2631209532283083
18043,IN,Floyd County,-0.8271923214379937,-0.91493547869352,-0.6026577789764926,-0.8452288397844114,74.64326076300001,-0.9217973264297069,-0.9315918718742914,-0.8912714847841204,-1.1829622068065282,-1.1824337623120127
18045,IN,Fountain County,0.5312626294152191,-0.7067382111560507,0.15716567679679583,-0.109864057386092,73.750997149,0.5983255415504017,-0.7099156559165254,0.2529234798736841,-0.1416689813731436,-1.0103911239909565e-4
18047,IN,Franklin County,-0.29639436055390844,-0.6779764131162322,-0.17665591192419336,-0.3738821807368038,76.562365047,-0.3278298061153022,-0.6792917835236708,-0.24976826780327946,-0.5155246375280476,-0.5335957138492728
18049,IN,Fulton County,0.24332176368925118,-0.38658053194883435,-0.14864477696316805,0.35690848974506584,73.70070968100002,0.2761172163195052,-0.3690305728608443,-0.20758715410741813,0.5192915415944718,0.06586831504289467
18051,IN,Gibson County,0.18671752174074963,-1.0507339850479416,-0.10464289400822183,-0.695271764807351,76.273659133,0.2127765788132315,-1.0761821413692891,-0.14132606078374255,-0.9706195844550012,-0.5946909940182771
18053,IN,Grant County,0.5509092455644796,-0.28087578088005327,-0.49075314794848207,-0.1917636844797984,70.79221713,0.6203102753600586,-0.25648236556284065,-0.7227577144190961,-0.25764071254588167,-0.18562214774262448
18055,IN,Greene County,0.4936528716447535,-0.5525623676929519,0.05176690847656498,0.491146073622419,74.07042632199999,0.5562398965239184,-0.5457582777950964,0.09420668970772532,0.70937500769976,0.24507850591660713
18057,IN,Hamilton County,-3.0028739043624393,-1.5477792616682202,-0.9791479207445521,-1.5518233232632608,80.651193306,-3.35640388115526,-1.6054067435175128,-1.4582165049479223,-2.183516035853766,-2.5901468138756703
18059,IN,Hancock County,-1.147631557580923,-1.2994787402038628,-0.4148048487693271,-0.9919492171016018,77.180291948,-1.2803716099221443,-1.3410309394083026,-0.6083894873857861,-1.3907215917952231,-1.3910325575379463
18061,IN,Harrison County,-0.16477870794736987,-1.157521692538079,-0.04912533080786918,-0.46427312915498364,73.65138082199998,-0.18055074972431576,-1.1898834170258399,-0.057723855848826056,-0.643520272458204,-0.6236908250604252
18063,IN,Hendricks County,-1.6988669133984478,-0.9041968565532205,-0.3839823339777899,-1.2326305746880402,78.60569793799999,-1.8972087523618535,-0.9201580180643057,-0.5619748025605124,-1.7315318578586814,-1.5386582339877026
18065,IN,Henry County,0.4509150877119357,-0.6611524074409565,-0.07843184686541574,-0.22420493322978774,73.96612390100003,0.5084159457611307,-0.6613785709274684,-0.101855644424083,-0.3035782572264826,-0.16810852889284966
18067,IN,Howard County,0.16067272323715345,-0.28063388855913474,-0.6433210133519349,-0.3634183799849128,72.95582224900001,0.18363222347602706,-0.25622481283410076,-0.9525050090528995,-0.5007076581240394,-0.4593525653091748
18069,IN,Huntington County,0.12561747141429233,-0.6397274067746991,-0.2596214649022548,-0.6604505253993432,74.79849974800001,0.144405092752801,-0.6385664892380015,-0.3747035632804863,-0.9213119189743442,-0.5389431830074017
18071,IN,Jackson County,0.11064411354616896,-0.2402039360139804,-0.337917000127076,-0.29972903923613536,75.125168649,0.12764977547747408,-0.21317737519206298,-0.49260642147569067,-0.41052210580845716,-0.2976406892035648
18073,IN,Jasper County,-0.25880535399571936,-0.8614184282925953,0.06899403299155174,-0.12406468224898026,75.254760154,-0.2857673818752718,-0.8746100614863959,0.12014849102461199,-0.1617773885481786,-0.3618710145601447
18075,IN,Jay County,0.8606269652302863,-0.010168138126314109,0.1902755577080601,0.025062861132623824,73.138955771,0.9668870889576987,0.031751224561946956,0.302782639565632,0.04939059823293869,0.4066696904403082
18077,IN,Jefferson County,0.3984218159185985,-0.22672944979475207,-0.2796588371137206,-0.4183616082771091,73.69362338900002,0.4496755195011145,-0.1988305340813071,-0.4048772308806796,-0.5785085166551109,-0.2205356658920341
18079,IN,Jennings County,0.2956640112044623,-0.6534804816751711,-0.031433625404055116,0.22341465223869916,72.72626434900002,0.3346886451028988,-0.6532099552055445,-0.031082456342868665,0.33026123723432876,-0.005823181152818329
18081,IN,Johnson County,-1.066448919641752,-1.1184968745284434,-0.6185561158104615,-0.9315265817812031,76.21329156700001,-1.1895275342045253,-1.1483320840658164,-0.9152123052650409,-1.3051617685238892,-1.3722828196837387
18083,IN,Knox County,0.37878101352126853,-0.48619647245965336,-0.5436620989135263,-0.43872349123668325,73.66522908600001,0.427697291330274,-0.4750957724799416,-0.8024316897610646,-0.6073414051621204,-0.43868999578932744
18085,IN,Kosciusko County,-0.33134581682589875,-0.8728893343644286,-0.126032069435217,-0.30891997875590127,76.05216909500001,-0.36694078871718333,-0.8868236081947038,-0.17353536761126506,-0.4235366848124817,-0.5572051002765298
18087,IN,Lagrange County,0.03722726603654247,-0.12264857144649385,1.097919158844678,0.11516879170355823,78.60450743599999,0.045495686580895804,-0.08801133103076683,1.6695754520716237,0.17698264142118933,0.5431174937596013
18089,IN,Lake County,-0.21213059242449567,0.26985337667084314,-0.509457103359618,-0.3947509108235351,74.35437381599998,-0.23353791900101642,0.32990167831765693,-0.7509234303337563,-0.5450752330730767,-0.3611570796915857
18091,IN,La Porte County,-0.05579772257269039,0.13467312740730403,-0.17501900248347657,-0.34087954772408013,74.31503196,-0.05860008221119271,0.18596969264173582,-0.24730329580822194,-0.46879215998739904,-0.1772393470097182
18093,IN,Lawrence County,0.1323945816721876,-0.6030790059364658,-0.19384687869912212,-0.4858639772993523,73.81544893499999,0.15198873788978454,-0.5995454256341726,-0.27565562028235596,-0.6740934035656904,-0.4206670283721219
18095,IN,Madison County,0.24642931080948363,-0.4896122761328038,-0.3205564631875092,-0.05039558721932582,73.158893548,0.27959458848986984,-0.47873271950462987,-0.4664637184581953,-0.05746027761991025,-0.2176820675741294
18097,IN,Marion County,-0.4345357326569538,0.036295429205961224,-0.7145304158845386,-0.6302070584154604,73.04348449700001,-0.48241119920168896,0.08122290066962691,-1.0597370761798277,-0.8784864831665179,-0.7042935745755113
18099,IN,Marshall County,0.023313851221010318,-0.561123467496198,-0.021944972506378065,-0.23427533091845057,75.86851344400002,0.02992645477125809,-0.5548736337806347,-0.016793783382834146,-0.31783816896229455,-0.25878130736723126
18101,IN,Martin County,0.34230288009791676,-0.5848865620859968,0.4965287969038704,0.4208561901405578,75.79759418100002,0.38687794375953644,-0.5801751804840035,0.763960050628002,0.6098429370348387,0.3553981366450563
18103,IN,Miami County,0.4622003772150354,-0.29978126041416814,0.2504570477893526,0.18546689183165055,74.090804582,0.5210442825599794,-0.27661180920808603,0.39340810972374773,0.2765263470437005,0.2752754935043418
18105,IN,Monroe County,-1.2230956742019756,-0.786825731601243,-0.6611764168272282,-0.9078395465756801,77.50899722999999,-1.3648166107044892,-0.7951881414189365,-0.9793929164913081,-1.2716203889521478,-1.3279626949049934
18107,IN,Montgomery County,0.07956209679022583,-0.29257172310671686,-0.09675798893007666,-0.7347824223115418,75.58742909100002,0.09286872924257727,-0.2689355175447744,-0.1294524227449738,-1.026567572414598,-0.40103248994382373
18109,IN,Morgan County,-0.3588258037491655,-0.9606121037283917,-0.220211423033227,-0.544765081036308,75.32263677599998,-0.3976911323392634,-0.9802256580676181,-0.31535718338016727,-0.7574987035744948,-0.7378193983236068
18111,IN,Newton County,0.4331606266712965,-0.4608975140622009,1.3404994794990697,0.6091699887101774,73.62925631399999,0.48854854992324415,-0.4481589282477717,2.034869757359097,0.8764995507315732,0.8886442295011375
18113,IN,Noble County,0.012564235823320835,-0.46513620755570895,0.24358162254391313,-0.1966334860788757,75.81126667600002,0.017897541940725396,-0.4526720399968323,0.3830546165722277,-0.2645364621598157,-0.09521081548633246
18117,IN,Orange County,0.5009142949600811,-0.4766350550834738,0.14300059245780616,-0.11716499692769837,74.17254555099998,0.5643654921712238,-0.4649153371254629,0.23159271145441981,-0.15200727750309817,0.05389970753817602
18119,IN,Owen County,0.5293789290760199,-0.10205113483930203,0.5038544909373387,0.12135215197082859,72.82495968200001,0.5962176645389189,-0.06608039092037121,0.7749915898125715,0.18573841992845402,0.44883428485621124
18121,IN,Parke County,0.3581488887752216,-0.309451653876895,0.5517972207708184,0.18346711415801198,77.861248042,0.4046097648563297,-0.2869082758956434,0.8471870842404042,0.27369461646076265,0.3728826880646788
18123,IN,Perry County,0.4510140845128253,-0.6708342339936918,-0.10317152099598216,-0.6751188618344132,77.277001388,0.5085267240396409,-0.671687210897412,-0.13911036504686294,-0.9420826163531353,-0.374619864066813
18125,IN,Pike County,0.38120743032878546,-0.7606077958785982,0.4127708306848186,0.23707193716007333,74.22305794100001,0.4304124727752245,-0.7672728241337378,0.6378314842226864,0.3496002627177892,0.1958583103560613
18127,IN,Porter County,-0.9427293156284018,-0.8690240698412772,-0.5915126029783864,-0.5884268980575115,76.99102990800003,-1.0510842246490517,-0.8827081016690776,-0.8744883042171557,-0.8193248276458874,-1.092111765907295
18129,IN,Posey County,-0.5292939565575,-1.022880609293472,0.3281396964337544,-0.5392639682293348,78.34388528500001,-0.5884464733121253,-1.0465255036432948,0.5103880407127782,-0.7497090029587488,-0.5642668132617458
18131,IN,Pulaski County,0.6325999053242347,-0.3226311967835605,0.5097182251889192,0.5458844485011551,72.18214237699998,0.711722831899524,-0.300941078699248,0.7838216083567106,0.78688578914698315,0.5965388575047683
18133,IN,Putnam County,-0.0831547685562812,-0.5011843626466154,-0.08446914710280712,-0.2893715645613129,75.83016348700002,-0.08921285385586196,-0.491053997201783,-0.11094703069185796,-0.39585568654329234,-0.3272686292868164
18135,IN,Randolph County,0.47822979100677326,-0.38926405169045103,0.33473361654170297,0.12180458907914157,73.79278815299998,0.5389813355699686,-0.3718878269872102,0.5203176238646857,0.18637908114462554,0.26305963650110054
18137,IN,Ripley County,-0.051847455294869005,-0.7916123882011155,0.8312809891027119,-0.2172234297859874,74.66749506900001,-0.0541796988779962,-0.8002846920831185,1.2680531656954575,-0.2936922898625582,0.036095535561646575
18139,IN,Rush County,0.3607039937933684,-0.7375787853557834,-0.07811895611615555,-0.23209053267466895,74.97161307600001,0.40746894952471807,-0.7427528870071354,-0.10138447178908298,-0.3147444450518717,-0.22621721924301802
18141,IN,St. Joseph County,-0.45036306836604906,-0.4729715594979293,-0.5789103560795495,-0.7286379534494195,75.05419594100002,-0.5001221250851587,-0.4610146623078391,-0.8555109650267664,-1.0178668650198988,-0.8533471459418751
18143,IN,Scott County,1.0486239821400885,0.02645232125598763,-0.005402208650137824,0.1095861117355331,69.081876653,1.1772573808375604,0.07074253774545328,0.008117460093546337,0.1690774398537332,0.42906320656145364
18145,IN,Shelby County,0.030788372911539907,-0.7671914763682407,-0.1182489413075048,-0.10774594840013918,75.57607234799998,0.03829050934800431,-0.7742827402353325,-0.16181499237758448,-0.13866969096572293,-0.3120374159129493
18147,IN,Spencer County,0.024678511836748546,-1.3631698089035884,0.14609205164196531,-0.5820145541582171,76.32673007799998,0.03145352183204843,-1.4088454466141684,0.23624804553904621,-0.8102448031175065,-0.5874769360758549
18149,IN,Starke County,0.572229405575082,-0.39324103218211387,0.6194167867607604,0.2732219489883667,72.14784463800001,0.6441677192603926,-0.37612228211122384,0.9490133260208672,0.4007895001101083,0.4870626489427578
18151,IN,Steuben County,-0.28511158853142937,-1.0604496143444337,-0.08530240451919263,-0.0933218955101199,77.35398230399998,-0.315204286399095,-1.0865267725143988,-0.11220180761779765,-0.11824490463221818,-0.4913766308075143
18153,IN,Sullivan County,0.7263894800749112,-0.5099455654733114,0.13598963098353412,0.35365722229893903,75.16940209799999,0.816674179212946,-0.5003824111278252,0.22103511843025095,0.5146876730835508,0.3167151146089119
18157,IN,Tippecanoe County,-0.5983399688850488,-0.6385292878485344,-0.49715343338481854,-0.5219087989227377,77.588312625,-0.6657095597442676,-0.6372908026117503,-0.7323957090255878,-0.7251336892399309,-0.8310735735918781
18159,IN,Tipton County,-0.3938405430865268,-0.6274999177693403,-0.06524984349528193,-0.40253788354824155,75.870560666,-0.43687292923996673,-0.6255473774819583,-0.08200526764825783,-0.5561017632237677,-0.5119536661422149
18163,IN,Vanderburgh County,-0.09890837603708805,-0.20034856676071128,-0.7032106660450859,-0.9753617675385742,74.053918058,-0.10684127721264401,-0.17074172007437916,-1.0426910101903193,-1.3672333866613489,-0.8090897645669862
18165,IN,Vermillion County,0.3434740611329048,-0.45484538035125316,-0.3844533131599923,-0.2023460854098434,74.30267284599998,0.388188505491975,-0.4417149719202859,-0.5626840357444053,-0.2726256324945052,-0.2675892987327052
18167,IN,Vigo County,0.19584447537166697,-0.20923891415504592,-0.4932770881756991,-0.027832487255755208,73.70515522100001,0.22298971905806447,-0.18020763954698418,-0.7265584390178648,-0.02551041586529053,-0.2135349176518968
18169,IN,Wabash County,-0.06618982487181149,-0.9335432750331076,-0.33837981424941466,-0.28600316989904273,73.91206893500001,-0.07022893478474383,-0.9514043599470765,-0.493303359144999,-0.39108596323540074,-0.5738192177264363
18173,IN,Warrick County,-1.3671592791522549,-1.4571960658581438,-0.6384665661161808,-1.1530723068546929,76.90031624100001,-1.5260250336934347,-1.5089590796550403,-0.9451948450389523,-1.6188755445499403,-1.6856279909998777
18175,IN,Washington County,0.49413335129494856,-0.1360334640483562,0.4425424412840859,0.07864386840981831,72.493256857,0.5567775574183057,-0.10226277812263584,0.682663644481238,0.12526252088291168,0.38006520425663437
18177,IN,Wayne County,0.45229520521966127,-0.18016288237173733,-0.6023018419466168,-0.13401551901098874,72.27373844099999,0.5099603092180681,-0.14924918952971106,-0.8907354900682102,-0.17586799929768868,-0.2125130120339906
18179,IN,Wells County,0.0074574908280614916,-1.0494614189466296,-0.036190537944361556,-0.16272044916989437,76.67480608,0.012183050014908482,-1.0748271877657594,-0.038245745834105685,-0.21651483203493616,-0.3966123678487375
18181,IN,White County,0.13290075536777762,-0.5296834158998205,0.145610532335041,-0.5852718205060936,75.339092621,0.15255515064373942,-0.5213981143858013,0.23552294030284687,-0.8148571662094864,-0.2854542691915156
18183,IN,Whitley County,-0.3379403328886395,-0.9958920663914317,-0.34021628150821037,-0.30892517678177556,77.802834984,-0.3743201093666743,-1.0177896891174802,-0.4960688391710591,-0.42354404533512036,-0.6959575870950284
19001,IA,Adair County,0.16468620990812127,-0.7725327755682001,-0.041327731303611726,-0.4155605280274771,77.033706539,0.1881233498582745,-0.7799698417470378,-0.04598168861063585,-0.5745421234341515,-0.3649911460399804
19003,IA,Adams County,-0.008933803754136369,-0.6333202851893889,-0.49072034603220227,-0.7916784767449022,77.644704976,-0.006158950737157533,-0.6317445626824223,-0.7227083190139486,-1.1071336770927742,-0.7429291683693265
19005,IA,Allamakee County,0.16534332612157754,-0.8172851766061319,0.09537426989552661,-0.791748983933597,78.38873336099999,0.18885866859841233,-0.8276195685395745,0.1598736850847098,-1.1072335168725538,-0.47751089065216207
19007,IA,Appanoose County,0.6252374612556306,-0.43255590568673385,-0.28422840916402525,3.915279182187259e-4,75.43097769900001,0.7034841931534396,-0.4179824491174691,-0.4117584100425923,0.014455430336015502,-0.03365841360820496
19009,IA,Audubon County,0.31254289776383787,-0.9688315831040273,0.1125135118428229,-0.5381651552691302,79.186466187,0.3535762655049105,-0.988977276696839,0.18568314672365077,-0.7481530588628843,-0.3606260230030953
19011,IA,Benton County,-0.5210181159894126,-1.4898315160120317,0.16955751603736824,-0.4485220416891866,79.21550945300001,-0.5791857359638564,-1.5437073891874415,0.2715839725896953,-0.6212163750403111,-0.7443682206703012
19013,IA,Black Hawk County,-0.36441837670288335,-0.7511217764780834,-0.8369881318566733,-1.3047186853047859,76.67521730599998,-0.4039492699627849,-0.757172668113056,-1.2441424152545653,-1.8336102589682546,-1.2761379074057755
19015,IA,Boone County,-0.5798248923613845,-1.0511286675212006,-0.253148163617825,-1.416819350054057,77.07032216999998,-0.6449910285862439,-1.076602376073672,-0.3649556163356009,-1.99234734505673,-1.2279755239743309
19017,IA,Bremer County,-1.1949798219012533,-1.4845087921293603,-0.5754904074247006,-1.3283433324970786,79.655661601,-1.3333547282120035,-1.5380400655820237,-0.8503609686683571,-1.8670632956969884,-1.6825465506943638
19019,IA,Buchanan County,-0.2501086593733109,-1.1663966361016116,-0.23918215504545037,-0.6319433048172116,78.98810066000001,-0.27603570519136,-1.1993329354045987,-0.34392463004074414,-0.880945047486025,-0.8129224834318456
19021,IA,Buena Vista County,0.04836994404292338,-0.3217324606898126,-0.04869327639466362,-0.6127197038044423,79.38043514699999,0.05796443987845648,-0.29998415732000444,-0.05707323828721779,-0.8537239920558938,-0.3470622610773689
19023,IA,Butler County,0.0658264973663695,-1.1037687031423153,0.36484891552927357,-0.7613971456416189,79.60772889399999,0.07749847439790664,-1.1326503926609726,0.5656673339834318,-1.0642546248323212,-0.4677622445395263
19025,IA,Calhoun County,-0.03388979302564256,-1.060005032852705,-0.19379581773569488,-0.30228995908915324,77.74225860900002,-0.03408491910354026,-1.0860534082674183,-0.2755787291350768,-0.4141484264559164,-0.544870552059226
19027,IA,Carroll County,-0.14450913555901734,-1.019623916412216,-0.7744051371683327,-1.5191800299639981,77.857536443,-0.15786892248200607,-1.0430579684398202,-1.1499005925633596,-2.1372923915047695,-1.3511746464116476
19029,IA,Cass County,0.1488796811853887,-0.5923843125699425,-0.8031649695153799,-0.3609556925000978,76.192584977,0.17043570717294373,-0.5881583446010709,-1.1932091468148258,-0.49722043673993394,-0.6346715130408268
19031,IA,Cedar County,-0.33292697241292457,-1.1464832197543269,0.02867488135495999,-1.0356767889144733,79.08566771299999,-0.36871011552788313,-1.1781302998711465,0.05943311045648744,-1.452640826144321,-0.8851186253048573
19033,IA,Cerro Gordo County,-0.08577825453267514,-0.8182162936756651,-1.1772690991946586,-1.4709864068783207,76.498073733,-0.0921485574094003,-0.8286109672789969,-1.7565611441562181,-2.069049127169297,-1.428922290290291
19035,IA,Cherokee County,0.012535703119033306,-0.895257992881767,-0.2297403041771513,-0.5666712936130125,77.91463143900002,0.017865613597245516,-0.9106404413108379,-0.32970643482911705,-0.7885183978772745,-0.6054231684504631
19037,IA,Chickasaw County,-0.10234803223467762,-1.266584308470787,-0.08120563972481237,-1.1174990193592325,77.94652674400002,-0.11069028231999879,-1.3060068815091903,-0.10603261448023295,-1.5685029619051643,-0.9306336330298887
19039,IA,Clarke County,0.35773210357480634,-0.1389877910370691,-0.08044793144683418,-0.19974532187643085,75.43180879500001,0.4041433786034849,-0.1054083718919773,-0.10489160469729614,-0.2689428922911135,-0.02260913924916396
19041,IA,Clay County,-0.1449166290454958,-1.0932516315939285,-0.9470650368000006,-0.8021577601712168,78.391074506,-0.15832491122639525,-1.1214524329020439,-1.409903868660988,-1.1219725803152392,-1.1475205898223337
19043,IA,Clayton County,0.34860985618470264,-0.47921072594339337,0.3515378783278172,-0.4813065013173403,79.055403735,0.3939355046829261,-0.4676577601002356,0.5456226490970213,-0.6676399141156423,-0.058928523453129905
19045,IA,Clinton County,0.10159514965155632,-0.8296296282517496,-0.48559907578768374,-0.6920654234800292,75.910481422,0.11752390642374691,-0.8407632152417661,-0.7149963543701796,-0.9660793323481784,-0.7238330424414872
19047,IA,Crawford County,0.37700902754175064,0.07614325704682635,0.17861532924051124,-0.44108008617038974,78.50238254599998,0.42571442365585205,0.12365052613454695,0.28522385719591564,-0.6106783970854432,0.06740953391454894
19049,IA,Dallas County,-2.412983446029715,-1.5751052633479348,-0.06941978747037209,-1.3361847363969441,81.881987825,-2.69631134385644,-1.634501864319348,-0.08828465908182119,-1.8781669016273497,-1.8958282609324695
19051,IA,Davis County,-0.24014649054896844,-0.6083450896105955,0.8314733111148592,-0.3961977429318882,77.331901386,-0.26488795190366354,-0.6051524420739438,1.2683427775470262,-0.5471239801831219,-0.04480360903537306
19053,IA,Decatur County,0.11052439973176614,-0.6624758149019488,-0.20580631089132226,-0.15641356319599206,76.02588012099999,0.1275158146812235,-0.6627876574231414,-0.293664964414218,-0.20758413832291658,-0.3120506717769119
19055,IA,Delaware County,-0.18437227503625364,-1.0418334836509702,-0.45603821550421764,-0.5317630865211009,79.26321595000002,-0.2024761211754689,-1.066705410511367,-0.6704815565835385,-0.7390875841819514,-0.8064535024666281
19057,IA,Des Moines County,0.11605051592951336,-0.3367360908920157,-0.7536972621715821,-0.8557859234244661,75.92664386700001,0.13369958661862544,-0.31595914108512746,-1.1187172352715902,-1.1979112768977962,-0.7523048166948947
19059,IA,Dickinson County,-0.809813143062446,-1.561731938057374,-0.5487060961169625,-1.4400552060835412,81.188525983,-0.9023498751478056,-1.6202627334208108,-0.8100272912893778,-2.025249844672957,-1.6130239349044575
19061,IA,Dubuque County,-0.804678496765006,-0.9107983244961583,-0.816031640606188,-1.3578040972726453,78.695630646,-0.8966041614229409,-0.9271868732009063,-1.212584674330001,-1.9087804074096721,-1.4887680706150546
19063,IA,Emmet County,0.3173794084207615,-0.2974965958497503,-0.3130266010351088,-0.9364693205674317,77.033211062,0.35898836286316405,-0.27417923263605304,-0.4551247287311993,-1.3121607988505808,-0.5065193253771382
19065,IA,Fayette County,0.5025398038159592,-0.46269911169311817,-0.1729805669457445,-0.8438730457865984,77.090281458,0.5661844506743177,-0.45007716353598626,-0.24423367791168196,-1.181042371727669,-0.39413288616081105
19067,IA,Floyd County,0.232274125296665,-0.7305877921677763,-0.1587347529098217,-1.0437026335211301,76.67293429299998,0.2637548131737862,-0.7353092882796687,-0.22278134110435674,-1.4640056043024978,-0.6497812640762938
19069,IA,Franklin County,0.2201184845322209,-0.4793084403357642,0.2697685536914416,-0.8315291665365363,75.904393857,0.25015254576743823,-0.4677618006431379,0.42248871739022464,-1.1635631584904826,-0.28861731415625913
19071,IA,Fremont County,-0.03368980175507613,-1.0713415476851527,0.3649634510031177,0.44580457996774026,76.33258511599998,-0.03386112713782694,-1.0981238630814028,0.5658398094597434,0.6451704233849324,0.023791009874100263
19073,IA,Greene County,0.34354494956644643,-0.8823935390990272,-0.4337228315893442,-0.9539404884020783,76.806504884,0.3882678302637197,-0.8969431268904741,-0.6368775006468627,-1.336900369118406,-0.7473569941891812
19077,IA,Guthrie County,-0.3402436699442453,-1.0288929589619653,0.16394760757190352,-0.8263151587273596,78.813516574,-0.37689756350211934,-1.052927100260247,0.2631361825542543,-1.1561800050692033,-0.6993130961355026
19079,IA,Hamilton County,-0.12338874474438276,-1.0593041986097493,-0.003980755235822087,-1.1296353858952524,77.166763571,-0.13423502204398394,-1.0853072011493825,0.010257983430642412,-1.5856883324285092,-0.8414427827574892
19081,IA,Hancock County,-0.04081668069509184,-0.9333813011919583,0.23490544862029356,-1.0565674770924498,78.63166164200001,-0.04183616646264173,-0.9512318997192607,0.3699894309156495,-1.4822225148450254,-0.6338131815380729
19083,IA,Hardin County,0.026041453303725218,-0.7602633013477298,-0.18950987382262455,-1.4885784450844022,77.328294064,0.03297866515046934,-0.7669060266011654,-0.26912465693333093,-2.0939598526269587,-0.9323734740385714
19085,IA,Harrison County,-0.2877928077895472,-1.1286739720500658,-0.12669788392883113,-0.11400979248246254,76.27154994900002,-0.31820459399543716,-1.1591680594592995,-0.17453799734742417,-0.14753943638217032,-0.5417349364564685
19087,IA,Henry County,-0.0015582944322618253,-0.9947902205763557,-0.4623537293526727,-0.8508318850918815,77.24280842,0.0020943081406139905,-1.0166165084425178,-0.6799918962416828,-1.190896246156953,-0.8686696006665013
19089,IA,Howard County,0.13062108146633541,-0.9724061192015941,0.030287340797454182,-0.7451093968822957,77.70356957400001,0.150004175782966,-0.9927832326792846,0.061861263945035806,-1.0411908028400172,-0.5485564125328635
19091,IA,Humboldt County,0.09004729593703631,-0.5965828631668282,0.2520410027623063,-0.3988622106316092,78.24403149900002,0.1046017579958542,-0.5926287145527674,0.3957933392011055,-0.5508969269321583,-0.19361819870659494
19095,IA,Iowa County,-0.22847245167885274,-0.8236095166624189,-0.3398555861677889,-0.8863899616682727,78.09467559100001,-0.25182460119261807,-0.8343533541876283,-0.4955256790604439,-1.241247289795023,-0.8498658287063156
19097,IA,Jackson County,-0.0047349764166143005,-0.7599247686022478,-0.33485955062239814,-0.8822975157551374,77.860309824,-0.0014604265421089679,-0.7665455768273338,-0.4880023015299757,-1.2354522934791783,-0.7500687340866283
19099,IA,Jasper County,-0.012078601051322635,-1.1733740482639958,-0.3736245887576498,-1.122136375729124,77.88274290599998,-0.009678006178497253,-1.206762073854058,-0.5463773899825715,-1.575069563797819,-1.0048903456894238
19101,IA,Jefferson County,-0.48683728103656165,-0.8119442362603406,-0.5651942110327678,0.03954263055437271,77.12214289899998,-0.5409370852994759,-0.8219328491146999,-0.8348562405933495,0.06989428044019673,-0.6405961934721878
19103,IA,Johnson County,-1.9125102037146022,-1.3881787650430997,-1.296560880829705,-1.6634026745863442,81.954359886,-2.136277446539841,-1.4354735134837917,-1.9361989992852975,-2.3415149302963942,-2.36312715394146
19105,IA,Jones County,-0.18387218199385894,-0.8519770527794961,-0.1902153153356207,-0.6547378000949537,79.75988510799999,-0.2019165127251596,-0.8645574396535781,-0.2701869597892086,-0.9132225702584297,-0.6773405353487062
19107,IA,Keokuk County,0.40406213789648726,-0.5015005594620807,0.42784545763031284,0.1381557028655669,76.68026373100001,0.4559870886966733,-0.49139066498988276,0.6605319051087136,0.20953262945375925,0.25127954612968145
19109,IA,Kossuth County,0.1395478052835149,-0.4858921208254071,-0.18093612150854754,-0.852327753562814,78.72115544200001,0.15999325713020862,-0.474771716744733,-0.25621370485432965,-1.193014429869588,-0.5310644663604029
19111,IA,Lee County,0.2680935199888519,-0.3771206538688011,-0.4770959300854964,-0.44671182958872224,74.82857684599998,0.30383702639300264,-0.35895825058204117,-0.7021917266342633,-0.6186530736123267,-0.41424259117976703
19113,IA,Linn County,-0.9884529518311804,-0.9758037485946642,-0.831765930875205,-1.6258548039934024,78.501196543,-1.1022493699896405,-0.9964008287985378,-1.2362784620927798,-2.288346293160463,-1.6929196989684672
19115,IA,Louisa County,0.11702618447543223,-0.39162401373297284,0.327916265972213,-0.6746091577123999,78.65010585099999,0.13479136818067772,-0.37440057588914305,0.5100515835961884,-0.9413608637455425,-0.20198392107437985
19117,IA,Lucas County,0.366927805992155,-0.7531316577517225,-0.4253335013805916,-0.21067101269059552,75.96885911199999,0.4144334493363952,-0.7593126715844488,-0.6242442641907214,-0.2844139185086936,-0.377384741733856
19119,IA,Lyon County,-0.17153222583014674,-1.3629188560611516,0.2030945842987007,-0.8918481646774423,82.460042037,-0.18810799478899293,-1.408578246774549,0.3220864206813362,-1.2489762291629813,-0.7597372779888903
19121,IA,Madison County,-0.8582280248599983,-1.3337155220286938,-0.2822752310014683,-0.6766109268468379,78.815141745,-0.9565265476423841,-1.3774842528031783,-0.40881717862666705,-0.9441954142821806,-1.1099998815959138
19123,IA,Mahaska County,-0.07073609053346816,-0.534028875847911,-0.483156015802441,-0.8911363608362104,76.62180828599999,-0.07531624547683301,-0.5260249047816713,-0.7113174248606571,-1.247968298765098,-0.7708916444484384
19125,IA,Marion County,-0.8083900765158598,-1.2699267194232868,-0.75616674317402,-1.2711180914274176,78.18073002699998,-0.9007574513440096,-1.3095656842777839,-1.1224359513849695,-1.786031055268926,-1.5410416061046632
19127,IA,Marshall County,-0.16961922431423476,-0.7499731082726628,-0.38728586398663056,-0.9841955843019632,74.905446549,-0.18596732950672357,-0.7559496337083282,-0.5669494876310918,-1.3797422717352799,-0.8696324915707139
19129,IA,Mills County,-0.9489216651550718,-1.3193656479171918,-0.3298798825019109,-0.9505341216542689,76.43959094300001,-1.058013517457845,-1.3622053501060736,-0.4805035712054034,-1.3320768764753843,-1.2743089038191144
19133,IA,Monona County,0.44215744488959224,-0.7519673610826254,-0.331107132663389,0.3154468115191313,75.04704442100002,0.4986160675130631,-0.7580729969099902,-0.4823516497879599,0.46058086400265463,-0.08466524273114674
19135,IA,Monroe County,-0.40574392286331973,-1.247418762335673,-0.10251418640025634,-0.4658801465396484,75.285552942,-0.45019291441399856,-1.2856005342297694,-0.13812050493026595,-0.6457958455558814,-0.758573320617232
19137,IA,Montgomery County,0.2482215305981085,-0.38043692350081965,-0.2820070671801672,-0.5606901213511506,75.47003252399999,0.28160009797211216,-0.36248921960875624,-0.408413358908146,-0.7800489221755494,-0.38214563793187956
19139,IA,Muscatine County,-0.18152809507077955,-0.5401037043430434,-0.18245121704948147,-0.9870680726814198,76.729773068,-0.19929345913470517,-0.5324930251817193,-0.2584952410134731,-1.383809780489111,-0.7147340847109334
19141,IA,O'Brien County,-0.025722748285633132,-0.7118648333233804,-0.09077305193557197,-0.6258963535897115,76.429632054,-0.02494592523016412,-0.7153741819391798,-0.12043988868739171,-0.8723824272757043,-0.5217726277336213
19143,IA,Osceola County,0.2737032231686277,-0.6614493755218446,0.3153644889570255,-0.46881456073335653,77.838310997,0.3101143328880042,-0.6616947650889488,0.49115024546407066,-0.6499510426684741,-0.15365324376021858
19145,IA,Page County,0.39724608642930404,-0.4982453078621075,-0.8085851026752464,-0.8048071036234314,77.555106657,0.4483598680088714,-0.4879246643780224,-1.2013711600064065,-1.1257241107864702,-0.7124968067906999
19147,IA,Palo Alto County,-0.023163471650468392,-0.9864000124551773,-0.16739215041091446,-0.7556563957934306,76.66964750599999,-0.022082072486164304,-1.0076831078777568,-0.23581825191900133,-1.0561255927262008,-0.6989640335630415
19149,IA,Plymouth County,-0.5723786216478758,-1.114096207193786,-0.47274602782978625,-1.1878178209382926,78.95075713499999,-0.6366585870977236,-1.14364651208894,-0.6956413415152993,-1.6680759812521906,-1.247582102676875
19151,IA,Pocahontas County,0.3206570061963211,-0.9165712970928233,0.1749330326709253,-0.5560404630889808,76.42260783799999,0.3626560231912003,-0.9333335951785435,0.2796787991152737,-0.7734649005241628,-0.3204629928745869
19153,IA,Polk County,-1.2971181179097488,-1.2440763513831734,-0.873877611557538,-1.4549356873405301,77.173642641,-1.4476483669973887,-1.2820417314611763,-1.2996931574722017,-2.0463209439354966,-1.829126160311044
19155,IA,Pottawattamie County,-0.23074064643861322,-1.1812640975987077,-0.5490704806447078,-0.9679843641328194,75.49119385200001,-0.25436273079432403,-1.215162934734349,-0.81057600683465,-1.3567868159639496,-1.0949064762369325
19157,IA,Poweshiek County,-0.2714690267902587,-0.8934218773934532,-0.7017158315231685,-0.7187023866474792,78.24228070900001,-0.29993814152799797,-0.9086854534364769,-1.0404399844816778,-1.0037978768804896,-0.9792929000337952
19161,IA,Sac County,-0.14211818130818007,-1.0003712109245755,-0.19820091538880913,-0.6106105089673555,77.11916558300001,-0.15519342394544494,-1.0225588190036665,-0.2822122313193304,-0.850737324285628,-0.6956502438854847
19163,IA,Scott County,-0.9320114497782211,-0.7801550968786374,-0.8607583186026736,-1.45351975716898,77.54204390700001,-1.0390908398374539,-0.788085641559866,-1.279937214397834,-2.044315954669471,-1.5508679202773286
19165,IA,Shelby County,-0.24512481918046303,-0.9282323430946121,-0.48113280196007957,-1.015788921658346,78.29325489800001,-0.2704587448050417,-0.9457495917108745,-0.7082707288508584,-1.4244791546340496,-1.0082233908173235
19167,IA,Sioux County,-0.9868029872246269,-1.4053175347118656,-0.5908467515200588,-1.430954826633716,82.587299133,-1.1004030452895064,-1.4537218682834532,-0.8734856188169623,-2.0123635007837777,-1.6377358884110618
19169,IA,Story County,-1.6329956651592694,-1.2454849129416778,-0.6921366901133388,-1.5037482309639492,81.50512747900001,-1.8234982544702019,-1.2835414850358797,-1.0260150476314227,-2.1154406138025617,-1.8811459584708383
19171,IA,Tama County,0.1266402672622638,-0.38289707300176296,0.47325752222608186,-0.47157579350329903,76.690206273,0.14554961017444978,-0.36510864222899475,0.7289165479496126,-0.6538610109536134,-0.04350361939506241
19173,IA,Taylor County,0.2588436492786522,-0.5762984521140261,0.3564388930247908,-0.6980997718334412,76.00961304300002,0.2934863408707462,-0.5710310656580345,0.5530029376303413,-0.9746241066026918,-0.21048796725508098
19175,IA,Union County,0.13511512123287597,-0.7866278297504508,-0.6829252519237907,-1.2229430325687805,75.559316389,0.15503304524561515,-0.7949774271577285,-1.0121438238442984,-1.71781407830037,-1.0145287233693632
19177,IA,Van Buren County,0.35267117426031785,-0.43549244522215175,0.3756368776307428,0.2213596182640103,77.53661078600001,0.3984801548216783,-0.42110910385180494,0.5819125970397797,0.32735126247472723,0.2669266073630968
19179,IA,Wapello County,0.4307749049534463,-0.27119672793301464,-0.5252689074776837,0.001486847142578046,74.48176993300001,0.4858789066364622,-0.24617667876525456,-0.7747339438373622,0.016006427222611735,-0.15625558820403154
19181,IA,Warren County,-1.2177238103700225,-1.2519122757584327,-0.1470611144659968,-1.4496532670147058,78.366345497,-1.3588054485017982,-1.2903849632652444,-0.20520236506041953,-2.038840916837608,-1.4731365226429607
19183,IA,Washington County,-0.35014612866642036,-1.222628655932731,-0.20195087209351412,-0.879018656999602,78.469887997,-0.3879785006677964,-1.2592054856991468,-0.2878591767335668,-1.2308093550477828,-0.9530983520822329
19185,IA,Wayne County,0.5322312026686693,-0.5722865753974882,-0.10322204382629205,0.25274363229316527,76.37584816699997,0.5994093834186646,-0.5667594550844176,-0.1391864458358957,0.3717917387902817,0.07985663035221711
19187,IA,Webster County,0.009715114662473795,-0.513977621724944,-0.5980445940112041,-0.7173409524742633,74.45231213599997,0.014709350659498579,-0.5046755076845795,-0.8843246302638869,-1.001870055185222,-0.7153570705716614
19189,IA,Winnebago County,-0.17279719064710403,-1.1744483114773083,0.11780613035900245,-1.3638233594422036,78.795713554,-0.18952350138657229,-1.2079058861955285,0.19365313950296578,-1.9173038192853764,-0.9396193448271305
19191,IA,Winneshiek County,-0.5628520247261474,-1.5685878670753952,-0.9173651191016841,-1.5390554269977268,81.80294389,-0.6259982425455154,-1.627562523756995,-1.3651796685550825,-2.1654364048970374,-1.7413601494446258
19193,IA,Woodbury County,-0.24812329766248808,-0.421244825520435,-0.5748385563818177,-1.1242243587107192,75.53603772299999,-0.2738140682236134,-0.4059390756413556,-0.8493793660667178,-1.5780261950991772,-0.9354282375589057
19197,IA,Wright County,0.2289768147372122,-0.4748516232733298,-0.23428683846606713,-0.8221291337336498,77.75877880499998,0.26006509406966105,-0.4630164437357104,-0.33655292212889015,-1.150252498650921,-0.5087111241283374
20001,KS,Allen County,0.41465503993693753,-0.4626554885364672,-0.33873339085106496,-0.42542403957053354,74.50041004100001,0.4678406379217308,-0.450030716162258,-0.49383579936404615,-0.5885090796912508,-0.32048445330802194
20003,KS,Anderson County,0.2156682926636598,-0.12940019861667593,0.5104387436250271,-0.08869503301605755,76.63078248299999,0.2451727424827949,-0.09520006688857172,0.784906615091201,-0.11169316230595967,0.24782498171276787
20005,KS,Atchison County,0.27649168365212107,-0.5781782770461299,-0.4491148907021263,-0.3390922105099034,75.884813536,0.31323464434533654,-0.5730325927795988,-0.6600559329507679,-0.466261249917682,-0.4172980389539993
20009,KS,Barton County,0.3254528727966938,-0.42894542736910213,-0.2118057917472972,-0.0882448996343361,74.728303527,0.36802263949778435,-0.41413822397120914,-0.30269939962914727,-0.11105576321893883,-0.13844676873934733
20011,KS,Bourbon County,0.17791808192721964,-0.19844616705529433,0.16044332982315934,-0.09669781189451848,73.62788761499999,0.202929929369641,-0.16871615666077622,0.25785919758569364,-0.12302527886939464,0.050892792761827003
20013,KS,Brown County,0.36099581485454973,-0.43692897620920573,-0.5528412310653181,0.1777931689343718,72.858805671,0.40779549982230523,-0.422638637630431,-0.816254264871384,0.2656601812195379,-0.17022817105032698
20015,KS,Butler County,-0.917362331543672,-1.071088188550494,-0.31248342947365126,-0.3343372603112002,75.308579085,-1.022698349523295,-1.0978541011632288,-0.4543067832455173,-0.4595281324939258,-0.9135200019397325
20021,KS,Cherokee County,0.46804908570572684,-0.361149288064572,0.2722604927331621,0.35382296343063885,72.09028069900002,0.5275890380701016,-0.34195287881595116,0.42624125237990723,0.5149223662885365,0.339229640454889
20025,KS,Clark County,-0.028641121508703668,-0.9148377838144596,-0.39495873032629947,1.023711691967409,73.005024367,-0.028211610169443124,-0.9314878521080153,-0.5785038230015452,1.4635000130783788,-0.022489855488028503
20027,KS,Clay County,-0.0252345332576967,-0.7016043481159631,-0.4021520584544767,-0.2528805473328912,78.18816125699999,-0.024399608381017526,-0.7044494202380611,-0.5893360364069807,-0.3441835777632088,-0.5004657686714812
20029,KS,Cloud County,0.419611847542417,-0.5025364461904893,-0.05673064178503289,-0.11107449850944671,73.426412509,0.473387348608408,-0.4924936163053853,-0.06917646165956834,-0.143382993482106,-0.06974431607464912
20031,KS,Coffey County,-0.1360105439833668,-1.0910958532405424,-0.23102769907374748,0.18368706691576436,76.56640932500001,-0.14835892482499471,-1.1191570867936407,-0.33164508353365374,0.27400607455889997,-0.3989456423320021
20033,KS,Comanche County,0.5467513664385879,-1.2712303341759696,0.6731070630714489,-0.3524446461408639,75.014084573,0.6156575725688505,-1.3109536966607487,1.029863875367564,-0.48516860188551575,-0.045339263820914126
20035,KS,Cowley County,0.14274250056629248,-0.3060805526310918,-0.15554156213723724,-0.0654082607388726,73.680655718,0.16356814885004684,-0.2833189253886984,-0.21797281252390577,-0.07871856412713604,-0.1253723373616995
20037,KS,Crawford County,0.047346876136900196,-0.6210020753618137,-0.4149837291931021,-0.21237195159360397,72.48782983100001,0.056819618021489056,-0.6186288567260068,-0.6086588579594425,-0.28682248660846343,-0.4387258236003662
20039,KS,Decatur County,0.3704099203525572,-0.9021827408792917,1.241170709112605,0.2490494790207618,75.43013865,0.4183299654960549,-0.918013506052315,1.8852935919244846,0.3665607338953768,0.5275012270559426
20041,KS,Dickinson County,-0.05746593865855905,-1.1651947117849826,0.182474033830636,-0.05679158469326662,74.10489211499998,-0.06046683047492312,-1.1980531970222013,0.2910345627335979,-0.0665171552389095,-0.31129251521465556
20045,KS,Douglas County,-1.6200928485945654,-1.081427259913266,-0.6785469180510852,-1.3456316838946205,79.22741109900001,-1.8090598908652546,-1.1088625367845277,-1.0055506244205692,-1.891543993739747,-1.7506447732231634
20051,KS,Ellis County,-0.7196086537551594,-0.7606281376076038,-0.5603342405974724,-1.1118458543646785,79.007007087,-0.8014102695286789,-0.7672944828114204,-0.8275377593616909,-1.5604979519400588,-1.1911997775941534
20053,KS,Ellsworth County,0.18235734550835692,-0.766948304959951,0.385062748956201,-0.14447304257620686,76.743876363,0.2078975038059075,-0.7740238256095242,0.5961067291452772,-0.19067609006286929,-0.048378371863606676
20055,KS,Finney County,0.026347857185039847,0.2417358536496889,0.14621595398873188,-0.2237637472608111,76.24104950800002,0.03332153375022062,0.29996379210446206,0.2364346263035678,-0.30295352787902413,0.08031158682025837
20057,KS,Ford County,-0.024078717684064638,-0.2795143169871138,0.17328489539485112,-0.10991788358502569,76.13636346000001,-0.023106240733056786,-0.2550327588147807,0.2771969194654415,-0.14174520049274525,-0.042956837439416154
20059,KS,Franklin County,-0.24176966725973775,-0.7591147531531807,-0.135869344532309,0.3352735073535411,75.03159278000001,-0.26670430071616075,-0.7656831199769613,-0.18834902010714788,0.48865591539111836,-0.22039710894905135
20061,KS,Geary County,0.09376349839743717,0.02090926732884337,-0.6889940421478555,0.5930166251224973,72.707705297,0.10876022076898571,0.06484061965616793,-1.0212826299224451,0.8536260211930011,0.0017895455966753038
20063,KS,Gove County,0.25468592722682754,-1.1062075991403566,-0.13690214655368066,0.21294531536066305,77.055094214,0.288833813846781,-1.135247185800263,-0.18990428516689675,0.3154364185500232,-0.21702549837358595
20067,KS,Grant County,-0.4967673469776992,-0.6157278094417393,0.24532591569587853,0.23451771039008024,77.84119796600001,-0.5520489151825301,-0.6130131283115755,0.385681294422459,0.34598341962783313,-0.13047679199261752
20073,KS,Greenwood County,0.7242702762852126,-0.40977643469769154,0.4402744442161657,0.07168334059665007,73.52905564800001,0.8143027717985097,-0.39372820702247224,0.679248336878853,0.11540625548813131,0.3658518204609054
20077,KS,Harper County,0.5997251236332458,-0.42549128093477995,0.32722015764556966,0.18477478791601903,74.81647210699998,0.6749356661588135,-0.4104604518276014,0.5090033353009431,0.2755463121876763,0.315815048667703
20079,KS,Harvey County,-0.6557140679312239,-0.44675287493791266,-0.6967314103513387,-0.9999603865172251,75.55936327,-0.7299116740175958,-0.43309854770461165,-1.0329340966820741,-1.402065589549754,-1.0832018530200864
20085,KS,Jackson County,-0.1548111188003351,-0.8841588161424012,-0.08669306784255607,-0.24567317284647053,75.39313356500001,-0.16939693104853168,-0.8988226901514176,-0.1142959650961389,-0.3339777718754227,-0.4565491640344364
20087,KS,Jefferson County,-0.4516344540266317,-1.4477682908839782,0.3900825879390395,-0.530698828752675,76.537134382,-0.5015448166624245,-1.4989209388768563,0.6036659515461061,-0.7375805710220847,-0.6425676516774536
20091,KS,Johnson County,-2.7575975712926697,-1.5476815472758494,-0.9597042304109746,-1.614870438974415,80.63713016,-3.0819375378735163,-1.6053027029746105,-1.428936844778175,-2.2727921829368873,-2.5255480916125066
20093,KS,Kearny County,0.11482013546628123,0.2741438225553138,1.0988016778062815,0.38787906988470955,76.356459914,0.13232278021271524,0.33446989297143404,1.67090441045585,0.5631465861370923,0.8131047280755542
20095,KS,Kingman County,0.012354205693053177,-0.9250773406494102,0.4285412601601589,0.09616118614078283,61.00757446899999,0.017662516403968227,-0.9423903305079675,0.6615796929138898,0.15006744045157436,-0.034043598002876596
20097,KS,Kiowa County,-0.37519123318570197,-1.261712506232709,0.5882080214821475,0.4712226484061117,75.13383191799998,-0.4160041897690802,-1.30081967277295,0.9020169983691569,0.6811629853106703,-0.04023426864620512
20099,KS,Labette County,0.22550645999413088,-0.1912585983643846,-0.10702286233830674,0.46396423559177397,74.36290362800001,0.25618173702374075,-0.161063255889393,-0.14490998249428885,0.6708849079919298,0.18698378997652346
20103,KS,Leavenworth County,-1.2600928281976431,-0.9889604111108916,-0.43460378992892795,-0.351698307686489,76.96882440600001,-1.4062167467956217,-1.0104092699069485,-0.6382041089379942,-0.4841117696914496,-1.06541908355496
20105,KS,Lincoln County,0.3024627449930007,-0.598907690141179,0.907456136743248,0.20407441130578485,77.220502009,0.3422964871581507,-0.5951040536987909,1.3827629969070545,0.3028750170294228,0.43136195713405395
20107,KS,Linn County,0.23031572864714278,-0.49963717544843533,0.3682916703517132,0.1998570920258703,72.456760576,0.2615633503434255,-0.4894066431921579,0.5708516734539445,0.2969031971914612,0.19264911008333402
20109,KS,Logan County,-0.44390643065435964,-0.4155127109340314,-0.2523145286510819,0.08841944318967211,74.428669135,-0.49289709150591693,-0.3998358568720623,-0.3637002708680944,0.1391049566870586,-0.3363781855519839
20111,KS,Lyon County,0.004690816031653416,-0.24042422703183214,-0.40670062536870494,-0.8195139545338701,76.91904648700002,0.00908711693030922,-0.21341192812267754,-0.5961855845752093,-1.1465493455367026,-0.5861736831405496
20113,KS,McPherson County,-0.70816275443836,-0.9832677047941599,-0.29842049187114794,-0.5130294919105889,77.643835655,-0.7886022089557929,-1.0043480107474119,-0.4331298344808792,-0.7125603889410794,-0.8846948326395797
20115,KS,Marion County,-0.16866440164681754,-1.0013526475630965,0.1246063268659455,-0.16535684406495854,76.62038899899999,-0.184898874663451,-1.023603795063165,0.20389334799193537,-0.22024802705529611,-0.3687504436720752
20117,KS,Marshall County,0.03748656640978565,-0.7338786129232242,-0.19597808965424385,-0.24544252719950452,76.59529601199999,0.04578584594672178,-0.7388131608380907,-0.27886494584995386,-0.333651172403419,-0.3930414596286475
20121,KS,Miami County,-1.0393849665022052,-1.10412087860977,-0.2769062659082722,-0.388110175593845,77.124281091,-1.1592427359934934,-1.133025368403459,-0.4007322178658724,-0.5356718012361309,-0.9720105604036721
20123,KS,Mitchell County,-0.3273627675314395,-0.8282217396238447,-0.2971096922800412,-0.22338304176085058,77.63561558500001,-0.3624837220231448,-0.8392641781640209,-0.4311559413608077,-0.302414440248663,-0.5826388483231902
20125,KS,Montgomery County,0.5241745984491162,-0.21124883445530612,-0.04827304290564425,0.21778268216287255,72.210440145,0.5903939734452123,-0.1823476845716298,-0.056440421494760126,0.3222862397552882,0.20287914648861055
20127,KS,Morris County,0.07710136044896951,-1.0536715985511667,0.07581946767338005,-0.15653194373590407,75.54892622800001,0.09011514394181773,-1.0793099396014354,0.13042670491128475,-0.2077517678547953,-0.32108201941515824
20129,KS,Morton County,0.41541274952072177,-0.16058099098935802,1.3429763936308912,0.3070584989715288,74.00078839199998,0.4686885215154228,-0.12839954229713815,2.0385996667952773,0.44870282301169373,0.8512628917616291
20131,KS,Nemaha County,-0.5936734890691522,-0.847491893223923,-0.33899827430364904,-0.22101377026249866,79.02106434500001,-0.6604877283713121,-0.8597819053249766,-0.49423467927537956,-0.2990594980220309,-0.6965118694110619
20133,KS,Neosho County,0.34254369523198286,-0.8399921290256558,-0.06464269412509006,-0.21213143474468066,73.881182459,0.3871474179824539,-0.8517965971232336,-0.08109097993195973,-0.28648190929040146,-0.2505453041088957
20137,KS,Norton County,0.4442272676551907,-0.5605103331671588,-0.22496008582083168,-0.04182716711978629,78.756881524,0.5009322171333916,-0.5542208043773346,-0.3225080498204583,-0.04532720024677475,-0.12678178565266554
20139,KS,Osage County,0.018838996712168016,-1.1683958189121926,1.3675062499626707,-0.41946079289543275,73.66682419199999,0.024919053778311873,-1.2014615477812123,2.075538429195073,-0.5800649870273092,0.09601602076579009
20141,KS,Osborne County,0.10305410557919711,-0.9042293185132563,-0.04660879104359171,0.8424094994688995,75.723030602,0.11915649075610843,-0.9201925816517554,-0.05393427538145685,1.2067719927492009,0.10591193004989462
20143,KS,Ottawa County,-0.4100672530309227,-1.106328008316912,-0.2664355243616822,0.49255374789913725,75.28719165300001,-0.45503075835536283,-1.1353753904157275,-0.38496464756673143,0.7113683064312861,-0.38053531655429057
20145,KS,Pawnee County,0.5129532970183552,-0.5184816369505049,-0.36662351859539255,0.3786541042355215,75.57533805299997,0.5778372398540953,-0.5094711184225486,-0.5358346919834446,0.550083825361377,0.024871803965720897
20147,KS,Phillips County,0.29608808684710164,-0.5392337253164274,0.1337380224392087,-0.16407137688883844,75.819080382,0.3351631894238014,-0.5315667226376759,0.21764448980563753,-0.21842777635244723,-0.05936424135012131
20149,KS,Pottawatomie County,-1.4026228637602436,-1.3229067485844765,0.08939050945014648,-0.5258099231171025,78.72444610299999,-1.565709092343515,-1.3659757060071562,0.15086292275656535,-0.7306577696587917,-1.0571514131107962
20151,KS,Pratt County,-0.23812031675173895,-0.6313871704223437,-0.2969548483611607,-0.5339256647163749,75.64501541599999,-0.26262064585738193,-0.6296862956761392,-0.4309227666266708,-0.7421498439992689,-0.6217945518001905
20155,KS,Reno County,0.28451347466964066,-0.541833532241814,-0.2857937174037213,-0.14232702143896675,75.253857903,0.32221109804387854,-0.5343348442766246,-0.4141155599731308,-0.18763727541559053,-0.2450222884025726
20157,KS,Republic County,0.08807315314946143,-1.1010150516100914,-0.260476095684071,-0.016711282229209264,76.53915609500001,0.10239267510049152,-1.1297184663251965,-0.3759905257054623,-0.009762537084599461,-0.425415624828749
20159,KS,Rice County,0.0814622539474518,-0.9336246543074693,0.1896268273334089,0.2648280727956248,75.31099768500002,0.0949950215761148,-0.9514910078162405,0.30180573628309115,0.38890358087132926,-0.049911042980362516
20161,KS,Riley County,-1.0649943551153658,-0.15404026580324515,-0.5521050493993015,-0.759070134524655,79.68894948500001,-1.1878998638882416,-0.12143536247851391,-0.8151456713567599,-1.0609595242650898,-0.9589954046972632
20163,KS,Rooks County,0.055495089490088044,-1.0413411062986508,0.37248490819577795,-0.4854802984868322,75.486418798,0.06593753940974136,-1.0661811560407082,0.5771661424142487,-0.6735501056572476,-0.33014612438015206
20167,KS,Russell County,0.5851528448247812,-0.6189153548312274,0.32474477689254266,0.26373218440548385,74.78697220599999,0.6586291598286507,-0.6164070393292029,0.5052757349331158,0.3873517780330656,0.2814419307257934
20169,KS,Saline County,-0.1938660009250694,-0.560796583271678,-0.7603730965803136,-0.992582026715331,75.51839217799998,-0.2130996827568518,-0.5545255866674091,-1.1287701706703615,-1.3916176645737104,-0.9898755086409187
20171,KS,Scott County,0.4626561632282923,-0.621628524125972,0.1143937147820494,-0.5184473194062507,76.77310383,0.5215543110605358,-0.6192958625574115,0.18851448697677356,-0.7202321556653437,-0.18950236690514533
20173,KS,Sedgwick County,-0.5515348239067444,-0.3409731464439843,-0.4897005955980715,-0.619756101834794,74.839780584,-0.6133341967070483,-0.3204705088502889,-0.7211727079413046,-0.86368769140054,-0.758258809330293
20175,KS,Seward County,0.761942742627246,1.1874681627467698,0.5321757129154335,0.43894744170840083,77.18541108299999,0.8564585882602689,1.3069239797635588,0.8176396540886511,0.6354605599454257,1.0887632194342483
20177,KS,Shawnee County,-0.49130548519484063,-0.5242965525792422,-0.6259642404406172,-1.227819048515387,74.952611831,-0.5459370444924824,-0.5156624988759937,-0.9263679741707277,-1.7247186275714776,-1.1177258025819943
20181,KS,Sherman County,-0.13670348188469578,-0.14904558132256124,0.13680759833035633,0.5108441912395252,77.24908938300001,-0.14913432834444065,-0.11611731595140604,0.22226687050683824,0.7372679894136605,0.20901800854489877
20185,KS,Stafford County,-0.08993419357795701,-0.7807805721725491,0.6084017028735527,-0.24253682326701237,74.161106186,-0.0967990892335852,-0.7887516108973575,0.93242604719542,-0.3295366296724614,-0.08509682655991013
20189,KS,Stevens County,0.34549695858040586,0.24198994741129756,0.6818250141746143,0.6105534397643134,75.38652999000001,0.39045214527450406,0.30023433621024265,1.0429919720044636,0.8784585488300302,0.7863990688295464
20191,KS,Sumner County,0.04095555425179298,-0.6076137362236547,0.07915909079409475,0.20164054367379539,74.01999482500001,0.04966767341848909,-0.6043737399648215,0.1354557414980635,0.2994286052111595,-0.03607302711220572
20193,KS,Thomas County,-0.49217431455742877,-1.2875290715290657,-0.1994371787753068,0.12610013613132548,77.69529325,-0.5469092720820784,-1.3283076344143918,-0.28407388264250766,0.19246167328397362,-0.5921253685706126
20195,KS,Trego County,-0.5539646924762583,-1.2887237439189334,0.7419135575340413,-0.19945515703764788,80.29336365100002,-0.6160532407036007,-1.3295796513713263,1.1334774765293367,-0.2685320122923485,-0.3253472487059424
20199,KS,Wallace County,-0.002097458902222904,-1.0639966878511085,2.004008426697927,0.6901369029806872,NA,0.0014909784241037439,-1.0903034879438755,3.0340276414990335,0.9911505393730985,0.884009999339357
20201,KS,Washington County,0.11025527344177935,-1.062346214458375,0.4667490201135469,0.12300672424309611,79.566299153,0.1272146600293695,-1.0885461608638058,0.7191155931514375,0.18808133182652326,-0.01629752957337884
20205,KS,Wilson County,0.4041910972455927,-0.1926278048902602,0.31732109658204544,0.05623277148713407,73.37865215499998,0.4561313953264161,-0.16252110653801477,0.4940966412029077,0.09352789888481663,0.2653008813217121
20209,KS,Wyandotte County,0.29744292512739945,0.5000916728201772,0.04910510255235301,-0.21573780530631287,73.70434214299999,0.33667926520607305,0.5750458863210713,0.09019835736125932,-0.291588611874094,0.21385046078104403
21001,KY,Adair County,0.6736097754143648,0.7881293661396834,0.22789918517249458,0.34567773115385625,71.659557623,0.7576132320911138,0.8817314959042055,0.3594389125062395,0.5033885324792354,0.7532935160507395
21003,KY,Allen County,0.40502062168123665,0.08483139250871732,0.23201822482308038,0.6251705585300711,73.10588169799999,0.45705964036198293,0.13290114222427948,0.3656416486702996,0.8991567208263798,0.55838605280124
21005,KY,Anderson County,-0.36238526822756256,-0.46101516384348135,-0.13532034101623036,0.1762197564198173,74.40902405300001,-0.4016742039515946,-0.44828419482130066,-0.1875222924588979,0.26343219338080254,-0.23303181165401024
21009,KY,Barren County,0.7980723978300088,0.5590759361777448,-0.39401765518350185,0.10916930595742888,73.683211227,0.8968879856808174,0.6378488637895854,-0.5770866866502361,0.16848723341000615,0.33903022658583565
21011,KY,Bath County,0.8184618871188685,0.47956884079895234,0.26545481515406116,0.5073677804043877,68.82986113699998,0.9197040009744891,0.5531943807897451,0.4159927901115678,0.7323453127529075,0.7891385210131967
21013,KY,Bell County,1.8082572567385746,1.2333055589619883,-0.24789193361460676,0.848510352092148,67.29151535400001,2.0272936012293448,1.355728945662152,-0.3570404199079718,1.21541093855952,1.276896102433263
21015,KY,Boone County,-1.3880992300384714,-1.1611556002668455,-0.6011304661110121,-0.9626972460138102,77.99522260500002,-1.54945702028712,-1.193752588432269,-0.8889715509286152,-1.3493001366842663,-1.499703977758182
21017,KY,Bourbon County,0.24810433321998332,-0.2734374357510391,-0.5228694547238794,-0.12127694601281477,73.786911108,0.2814689530898741,-0.24856245277680475,-0.7711206811274828,-0.15782989075321088,-0.26975929014648875
21019,KY,Boyd County,0.23430101160785946,-0.004224980501913817,-1.0950492750145304,0.0549423938608395,71.627547341,0.26602291652937216,0.038079149556354,-1.632748818928366,0.09170069487304831,-0.372389820027052
21021,KY,Boyle County,-0.0036542795559057484,-0.389507419016384,-0.6907699795092828,-0.1490289664417751,74.627199958,-2.511173851983273e-4,-0.3721469502146122,-1.0239569598224412,-0.19712738168079832,-0.47972716653157865
21023,KY,Bracken County,0.3459642712653591,-0.11189150290731131,0.6641613075893655,0.7986583672773567,71.457858014,0.39097507222062655,-0.07655783657923583,1.0163927350653175,1.144819396369059,0.7453026496339688
21025,KY,Breathitt County,1.2902206018581726,0.7400570951988319,-0.335075836421461,2.0794074260671316,67.508539243,1.4476060929751906,0.8305469667280645,-0.4883279997172774,2.958389137971936,1.4294775582452346
21027,KY,Breckinridge County,0.8084031564660026,0.5414045457624768,0.3022228296021112,0.530152230980414,72.35470501199998,0.9084481941634717,0.6190334057180046,0.4713606215101247,0.7646086119996571,0.8319529795740499
21029,KY,Bullitt County,-0.08035749042653906,-0.684695191499593,-0.003195703602477562,-0.4720559320130404,75.72756828000001,-0.0860826753759271,-0.6864455439235964,0.01144016873835316,-0.6545408979830586,-0.42618334564952365
21031,KY,Butler County,1.13229508895104,0.5976819551619653,0.4729054834740558,0.679000632479779,72.748711358,1.27088607479804,0.678954284157677,0.7283864235314046,0.9753813275387084,1.0999400157960193
21033,KY,Caldwell County,0.6887220098632838,-0.05306948235327761,-0.06172329658504601,0.08894259288792764,73.00795904100002,0.7745239534644284,-0.013927605713879156,-0.07669474822869751,0.1398457485358392,0.24799394016784668
21035,KY,Calloway County,0.0769973399426992,0.17118917023378386,-0.3102098896126703,-0.3132862777976391,74.14360794100001,0.08999874409343037,0.22484982921254343,-0.4508831289201376,-0.4297194633751831,-0.1703235447929319
21037,KY,Campbell County,-1.1297689002792086,-0.7270502807173884,-0.5714919238707684,-0.9207644686407881,77.131799591,-1.2603831415300393,-0.7315427539658209,-0.8443397742528462,-1.289922372005725,-1.2422129585738815
21043,KY,Carter County,0.9968531019759879,0.5171589559296021,0.12494364155300228,0.845343629095042,70.374404247,1.1193253170738864,0.5932181264331867,0.20440129988984393,1.2109267869076608,0.9416639543278255
21045,KY,Casey County,1.3326331416793713,1.3735933865219192,0.401118180828259,1.2024462003239484,72.127568244,1.495066092757169,1.505099180566048,0.6202841142520834,1.716592134373385,1.6067474559866641
21047,KY,Christian County,0.6815862747225984,0.8091629686750677,-0.8754279758910998,0.5840850078800817,71.49137891599999,0.7665390039742798,0.9041268398640608,-1.3020278038303366,0.8409786484205942,0.3641621540433558
21049,KY,Clark County,0.1593578892775918,-0.4291736996377762,-0.41359194041422875,-0.39820731727229586,72.75377953699999,0.1821609128755017,-0.4143812748686886,-0.6065630056919793,-0.5499695830685996,-0.41809216987370496
21051,KY,Clay County,1.4472011048762567,1.0663740840680929,0.003615111545111932,1.227173180726027,68.25796177400001,1.6232686368931415,1.1779901207658654,0.02169636751436489,1.751606099951304,1.3771983186746097
21053,KY,Clinton County,1.291364625561879,0.6287486589976462,-0.23577712024560227,0.5733040566195406,71.71417122400001,1.4488862654184675,0.7120322847963498,-0.33879709200165353,0.8257125766966861,0.7971458685434621
21055,KY,Crittenden County,1.1519250207519747,-0.029772418675752914,0.4820117729125497,0.6551781540258543,71.83775976400001,1.2928521386772647,0.010877738659967408,0.7420993070217375,0.9416481572525252,0.8993974655642981
21057,KY,Cumberland County,1.1656743487805805,0.9105934623977546,-0.6201676874555107,1.8327253158583565,73.12009839699998,1.3082377559496787,1.0121240691126465,-0.9176391218464978,2.609081669971826,1.2077770884911267
21059,KY,Daviess County,-0.18727417805633,-0.6247455120968559,-0.7214141766182731,-0.7889541961337281,74.932682497,-0.2057233758147987,-0.6226146481819493,-1.0701031214889083,-1.1032760339033039,-0.9036844517210503
21061,KY,Edmonson County,0.9067429065478197,0.594617039409591,0.7269553002728006,0.24609929055474422,75.26376285799999,1.0184912271230329,0.6756909419714333,1.1109522932011264,0.3623832000551013,0.9535996534493023
21065,KY,Estill County,1.4981595670905703,1.0559377803344079,0.028938823233546657,0.48853901314813347,69.463871398,1.680291597927238,1.1668781578297869,0.059830572480259574,0.705683350885145,1.0876194773532655
21067,KY,Fayette County,-1.3253822038632284,-0.4518380360946277,-1.1873808189197192,-1.0162251419800323,76.733811579,-1.4792761242325143,-0.4385129284795809,-1.771788074445795,-1.4250968525122194,-1.5398024113620812
21069,KY,Fleming County,0.9363327558104351,0.20721357608600893,0.2032974199795849,0.5141015388825867,72.560050206,1.0516025249956158,0.26320649962374787,0.3223918647459504,0.741880467621468,0.716236308487271
21071,KY,Floyd County,1.4649029153727147,0.9851481219450605,-0.8955237261766908,1.1878303138438269,66.95524224900001,1.6430771163156024,1.0915054894643423,-1.3322893811916106,1.6958957073214702,0.9327278350824084
21073,KY,Franklin County,-0.464525305132759,-0.692270476840815,-0.5736525938355747,-0.025611358679495183,72.99645727500001,-0.5159697908154821,-0.6945112626004287,-0.8475934612445207,-0.022365247379341355,-0.6263285157598678
21075,KY,Fulton County,1.5953667256890065,1.3656016356971503,0.5594187487262874,0.6888040485893131,68.334841426,1.789067251197185,1.4965900339155365,0.8586641107040993,0.9892631872977101,1.545495558745428
21081,KY,Grant County,0.2582434907750018,-0.0577409764483416,-0.15831111067319864,-0.1038045809023947,72.04556916700001,0.2928147583017116,-0.018901538110357243,-0.22214339118286194,-0.13308862511571107,-0.02448149751727345
21083,KY,Graves County,0.5599442551097644,0.2719694269270102,-0.014636033552438588,0.5290776620265905,73.030009153,0.6304205293759019,0.3321547242827254,-0.005787475161435823,0.7630869979671927,0.5177783253765645
21085,KY,Grayson County,1.0589938156930718,0.1352904592564824,-0.2672015115649432,0.6194200390150911,71.04031940700001,1.1888613144911107,0.18662699131781688,-0.38611812433071413,0.8910138546503006,0.5661005734923107
21087,KY,Green County,1.4464688241474102,0.7022863212102634,-0.2023855750112154,0.5047909458249342,73.81642866700001,1.622449208408596,0.7903308661489585,-0.2885137825973061,0.7286964564915344,0.8589010633040561
21089,KY,Greenup County,0.3901210827577084,-0.41194380303210804,-0.3610100741968768,-0.2729918236970912,72.50988935299999,0.44038692712567745,-0.39603589346160223,-0.5273815772942809,-0.37266160164213397,-0.257611107552729
21093,KY,Hardin County,-0.11571643581043656,-0.12376546483290045,-0.8361495997199339,-0.2054289238423313,73.714392395,-0.12564964182701424,-0.08920053347542575,-1.242879695288143,-0.2769910016985971,-0.5222478290519108
21095,KY,Harlan County,1.7919566634258182,1.636054539731298,0.05871065322177743,1.4451321591072728,65.66415795,2.009053095984175,1.7845523932211838,0.10466306310995911,2.060240961238198,1.79384401695245
21097,KY,Harrison County,0.3582514633675484,0.18842086697490223,-0.04893260871026128,-0.08599529029194242,72.350387288,0.404724546714478,0.24319712729807394,-0.05743364152076635,-0.10787026532160092,0.1452948916409262
21099,KY,Hart County,1.263183984015837,0.8470256769778424,0.1674661546226564,0.6438880691094996,73.22558077199999,1.4173518831987382,0.9444408266985003,0.2684346552294441,0.925661140714113,1.0705209594183203
21101,KY,Henderson County,0.385288990228299,0.18954741282917742,-0.3994691224023895,-0.401420420668078,73.323170621,0.43497977369041807,0.24439660712330116,-0.5852958848454936,-0.5545194104178683,-0.13861781876471188
21103,KY,Henry County,0.5452189128533442,-0.39244501300629897,-0.09362923133548265,0.228614085203948,72.690322478,0.6139427437203974,-0.3752747276701325,-0.12474092212181129,0.3376237523457418,0.13594201403829068
21107,KY,Hopkins County,0.6471602058145238,-0.1356073656102514,-0.5847594484080743,0.22807095102424496,72.27842202599999,0.728015934387795,-0.10180909354501484,-0.8643189347456078,0.33685466201756276,0.029727025630861405
21109,KY,Jackson County,1.5719145545422744,0.34507086151508515,0.28453750798307187,0.9330312699195649,71.12700201899999,1.7628240683507168,0.40998883609522657,0.4447288351509308,1.3350944769172608,1.1899641700756292
21111,KY,Jefferson County,-0.8019299970530613,-0.39665789030976134,-0.9780023309030859,-0.8672541851308105,73.299649372,-0.8935285664154363,-0.3797603518570965,-1.4564913961503334,-1.2141505958156353,-1.1873433868843355
21113,KY,Jessamine County,-0.615128642987475,-0.13695734340154966,-0.40423536769021096,-0.7124684528263527,75.68615492400001,-0.6844962316247996,-0.10324647056701712,-0.5924732282365305,-0.9949704850728915,-0.7150637136522154
21115,KY,Johnson County,1.1169521873213184,0.5976104437864251,-0.19234569823020004,0.4325824248605483,69.36302525100001,1.2537172348494936,0.6788781430473003,-0.2733950384056946,0.6264475515962604,0.6881076190212951
21117,KY,Kenton County,-1.098623007693241,-0.7618216970030431,-0.7704838085425849,-0.8015836101581558,76.30747563199999,-1.2255306176875336,-0.7685653147172917,-1.1439955834006945,-1.121159570862933,-1.2822723637747202
21119,KY,Knott County,1.3202573600503045,1.330899764558642,0.10436951012246437,1.3656963334207817,67.11304684199999,1.4812174858146594,1.4596415207499922,0.17341934295476702,1.9477580287889718,1.5239555546851438
21121,KY,Knox County,1.5287340819397983,1.1923015215032988,0.04273978016776481,1.832511707682633,69.530801696,1.7145047451284152,1.3120702561397406,0.08061301254789449,2.60877919594587,1.7208252427900934
21123,KY,Larue County,0.5355650226394941,0.38639525743917613,0.3650859689985679,0.28101879647495087,72.70929061500001,0.6031399568706561,0.4539886244860343,0.5660243055718454,0.4118300131477856,0.6126434625301818
21125,KY,Laurel County,0.6190690550378269,0.24635987724000738,-0.18642103492200607,0.5758642514851195,72.48001738500001,0.6965816931148592,0.30488718069704657,-0.2644732686537602,0.8293378707454737,0.4715538219601445
21127,KY,Lawrence County,1.3870181851652292,0.6337866694771631,-0.4255437576285871,0.9814187085812346,70.506982658,1.5559234279430147,0.7173964623010036,-0.6245608826609941,1.403612188508157,0.9189341386753468
21131,KY,Leslie County,1.6326291902038694,1.0946019627607269,0.28340924297825176,0.9329343169536415,68.69417270199999,1.830764272059573,1.2080455072131049,0.44302981529637664,1.3349571893165786,1.4501247454576953
21135,KY,Lewis County,1.7225526947825798,1.1880662745460875,0.2769329712307611,1.1578010893003041,70.03372323100001,1.93138945333125,1.3075608140599964,0.4332773952217779,1.6533736436727235,1.6033033123844889
21137,KY,Lincoln County,0.8467432057604651,0.4501579187241019,0.27898711061900844,0.7093585371467293,70.46657155199999,0.9513510417370272,0.5218793592695504,0.436370661067784,1.0183688097036145,0.8814823949443681
21139,KY,Livingston County,0.7017471555320068,-0.2127119024971597,0.22492613504903664,0.3304068254502375,71.010656123,0.7890992043973815,-0.18390547344678146,0.3549618870142141,0.4817645833372203,0.4340984805251994
21141,KY,Logan County,0.4050655700240449,-0.32926279630108385,0.2753851144805384,-0.1987247072653492,73.799810133,0.45710993794729315,-0.30800201616581374,0.430946524956903,-0.26749767883279213,0.09409703664819073
21143,KY,Lyon County,0.3636997046159491,-0.010280560749158318,0.25899269921202406,-0.0728152125171303,76.02094838,0.4108211759083756,0.03163152355955187,0.4062616868325978,-0.08920697599077868,0.2286541325001027
21145,KY,McCracken County,-0.14475669429264193,0.3632458377398061,-0.9717520350486764,-0.6106154828728453,73.79498425300001,-0.15814594285129735,0.42934048274396763,-1.4470792662800354,-0.8507443674487144,-0.6101285004731856
21147,KY,McCreary County,1.8605427984420988,1.9135035441010178,0.6169710644783506,0.7955402970870125,69.59407823599999,2.0858015757178143,2.079963789044908,0.9453303874392506,1.1404041381960444,1.8820504775331781
21151,KY,Madison County,-0.45083579552404784,-0.7186471449878766,-0.42945707463615146,-0.06492834753935263,73.82834626599998,-0.5006511108735634,-0.722595588843385,-0.6304538273722204,-0.07803899614207918,-0.5815614421990518
21153,KY,Magoffin County,1.8478347359497755,2.288544441113089,-0.07580445651417675,1.776808551513755,68.14726859500001,2.0715811436084035,2.4792852972586505,-0.0978991374391563,2.529902262290252,2.102233580919893
21155,KY,Marion County,0.9701445210450919,0.2572538047817374,-0.3329294928847093,-0.005138531416696124,73.169031425,1.089438183445456,0.3164863945720999,-0.48509588645660195,0.0066247407795874845,0.2792152612699108
21157,KY,Marshall County,-0.053216513496693464,-0.5125275796425142,0.14352423890314464,-0.2933273185014741,74.800307464,-0.055711686875744654,-0.503131588085564,0.23238125466332546,-0.40145712392235366,-0.21914430088843923
21159,KY,Martin County,1.2615785317511818,1.4112241357725694,0.31152355841535573,1.4652382710942684,70.597751746,1.415555368195116,1.5451661910326402,0.48536630532378333,2.0887116722417653,1.6662836589458923
21161,KY,Mason County,0.5233839526067298,0.5090507635126537,-0.8190059468713441,0.17873159950641493,72.223066492,0.5895092338925829,0.5845849996179027,-1.2170635914074925,0.26698902021291626,0.06744242499085046
21163,KY,Meade County,0.0598158816798923,-0.5550285127030137,0.20231744673431212,-0.011588438757037148,75.075555919,0.0707725433319443,-0.5483840840811239,0.32091615292865816,-0.002508474434045402,-0.04792925061736787
21165,KY,Menifee County,1.3297466888180023,0.8058966903251825,-0.2550214030099659,0.5847328013030209,70.00921817199999,1.4918361269793876,0.9006490986168708,-0.36777647039558115,0.8418959386130711,0.863008050464434
21167,KY,Mercer County,0.11088322725340301,-0.10519434534032775,0.062143378529426224,0.21866161419432034,73.41119363100003,0.12791734578901492,-0.06942709675406182,0.1098322994400851,0.32353082746450385,0.1480753254887099
21169,KY,Metcalfe County,1.01942077151625,1.2068234759726588,0.16402885730709904,0.4441017787194435,71.759117594,1.1445787349539744,1.3275323798897525,0.2632585340520715,0.6427592181619571,1.0170053841286844
21171,KY,Monroe County,0.910658069828044,0.9258947562811748,-0.1743858985495509,0.5286292005941675,72.24916162400002,1.022872328778562,1.0284159876736039,-0.2463499239061061,0.7624519663983336,0.7729278310453165
21173,KY,Montgomery County,0.5488967534236777,-0.05395595869181351,-0.6691566771137045,0.43971427349297754,71.88831275899999,0.6180582792059411,-0.014871473626205946,-0.9914101470296207,0.6365464111602779,0.07475910743416694
21175,KY,Morgan County,0.87461653815314,0.786121837921223,-0.02995312934611409,0.9488909900972013,73.004036632,0.9825415423497296,0.8795939978276919,-0.028853022489753594,1.3575522007211955,0.960619389074084
21177,KY,Muhlenberg County,0.8932049103509241,-0.25528856182017823,6.790922087080986e-4,0.1093885250240261,72.90449416900002,1.003342092002576,-0.22923859831668922,0.01727510555498999,0.16879765258481222,0.28906665679386284
21179,KY,Nelson County,-0.10960098376522068,-0.8831129180919565,-0.5018779616509211,-0.4463288441178869,74.23503857499999,-0.11880639796667891,-0.8977090793685168,-0.7395102320261399,-0.6181107574914492,-0.7147476204921975
21181,KY,Nicholas County,0.8476177030843776,0.5431186056733883,0.7047109305975002,0.7187407048057421,72.679113366,0.952329611824487,0.6208584359860286,1.0774551754416297,1.0316541720938934,1.1085770923510259
21183,KY,Ohio County,0.7777605212156358,-0.05246182248527822,0.41007761685936334,0.22577598251246792,72.78728802900001,0.8741588196428077,-0.013280605194992625,0.6337758556757939,0.33360493450667694,0.5504080289601814
21185,KY,Oldham County,-2.434537099306172,-1.1827672943267615,-0.5251794695437062,-1.3349185845559217,79.714395933,-2.720430068745681,-1.2167634502764424,-0.7745992619807691,-1.8763740018774777,-1.9834060077059035
21187,KY,Owen County,0.3999479027521249,-0.5000941068125696,0.10976594626959318,0.5285306568934929,72.641591315,0.4513832238991954,-0.48989315685754725,0.18154567153771153,0.7623124262811322,0.2725603416592224
21191,KY,Pendleton County,0.43862936440045464,-0.271198856355319,0.315409426561412,0.20074804839672977,72.098030657,0.49466811485681633,-0.24617894498424953,0.4912179156317552,0.298164811638249,0.3124573836489466
21193,KY,Perry County,1.135179457575604,0.8830587987078399,-1.1411736352000637,1.389140416278786,65.67898407299998,1.274113708296766,0.9828067772641764,-1.7022060859702735,1.9809553823213517,0.7633781664531281
21195,KY,Pike County,1.1929713949813696,0.5901531950532698,-0.6443874769919654,0.7780982620772905,69.327587604,1.3387833873171873,0.6709381028144273,-0.9541109641173844,1.1157058206696584,0.6536874412216986
21197,KY,Powell County,1.378909485732241,0.28204048416169336,0.3539312194086669,0.19588267621752753,68.561898247,1.5468497229740565,0.34287779421003295,0.5492267084250265,0.2912753341834106,0.8219515215340703
21199,KY,Pulaski County,0.7543105857662257,0.37163951191059186,-0.8295421170720803,0.5894672840267435,72.13221615399999,0.8479181385610267,0.43827757375467147,-1.2329296887210994,0.8486000736276216,0.27151204490223496
21203,KY,Rockcastle County,1.1788361656239865,0.6846777489624912,0.1817902992097258,0.9488567375106283,69.20221946800002,1.3229659431120584,0.771582293170677,0.29000494762437296,1.357503698281038,1.126568034160219
21205,KY,Rowan County,0.23005777563925084,0.14164098281628984,-0.8193255916712637,-0.12178843913509554,71.803158674,0.26127469869110936,0.19338865562177035,-1.2175449347613576,-0.15855417662579466,-0.27740360505826855
21207,KY,Russell County,0.8459227986354148,0.280917384843715,-0.3053334691081575,0.3931863469068171,72.08045783499999,0.9504329990510628,0.3416819840541221,-0.4435398760310317,0.5706618108811914,0.42726954586901733
21209,KY,Scott County,-0.9899903818358952,-1.1596981409073248,-0.4465028297602967,-0.3924397743114602,75.681537499,-1.1039697674946278,-1.1922007713524765,-0.6561225100558679,-0.5418026113067386,-1.0519178630947095
21211,KY,Shelby County,-0.9108616357218102,-0.6033432679111328,-0.300164242366711,-0.7747479461681694,76.21697712299999,-1.015424014536781,-0.5998267962556921,-0.4357556951613873,-1.083159661455192,-0.9435589915150724
21213,KY,Simpson County,0.6403822279788189,0.12010367423517129,-0.11614981877468855,0.013686825250693896,73.04060565400002,0.7204313184237205,0.17045699506422796,-0.15865398778632228,0.0332818731760943,0.23046311331942912
21217,KY,Taylor County,-0.03861153444234448,-0.07864837021569501,-0.4660855998611092,-0.11872606465606513,71.656637684,-0.039368588686921946,-0.041162502390552635,-0.6856116062046534,-0.15421778484435195,-0.27707988726822574
21219,KY,Todd County,0.47239348314460994,0.5176363582355347,0.7230644890729503,0.40944973183560734,73.00581212299998,0.5324504564706843,0.5937264363544472,1.1050932392992272,0.5936911331363761,0.8504710535887406
21225,KY,Union County,0.7776781798112473,0.03761359529809518,-0.02714839583683412,0.40212983100470423,73.34532542000001,0.8740666788973868,0.08262640646374356,-0.024629459852747185,0.583325987390336,0.45621687508711933
21227,KY,Warren County,-0.5389099970989295,0.031024625953666098,-0.6900256131198268,-0.43990534389095465,75.34613321100001,-0.5992069060502664,0.07561085910036669,-1.0228360411824535,-0.6090149353498724,-0.6489098889808848
21229,KY,Washington County,0.05311577209120372,-0.12312852272524835,-0.3475892793309284,0.3198348688798217,74.20219853599998,0.06327506261140854,-0.08852235494850023,-0.5071716116889216,0.46679445283892973,-0.019756623507937086
21231,KY,Wayne County,1.2803657894492038,0.8541171776772274,-0.20547576924225947,0.868057215864592,72.65532106699999,1.436578472447091,0.951991439917853,-0.29316721182762223,1.2430897413957567,1.0050726073324814
21233,KY,Webster County,0.8144741588677377,0.7074684479219778,0.6228967166652541,0.6569456998321609,70.092942035,0.915241698487368,0.7958484901488018,0.9542536463134693,0.9441510422394123,1.0866594699459726
21235,KY,Whitley County,0.9018542148267586,0.054075318989207574,-1.0476659305839298,0.3999205199387518,68.53636881699998,1.013020738701593,0.10015388249236801,-1.5613956859154308,0.5801975527672524,0.03973229092289123
21237,KY,Wolfe County,1.927552832407446,2.916118171876896,0.24596183295646673,1.7085961214532408,65.455137251,2.1607863847104642,3.1474889269973616,0.3866389028273792,2.433311912830345,2.4470498492693764
21239,KY,Woodford County,-1.3718068507061008,-0.9061680699352523,-0.44089334034005345,-0.7239077489675642,76.684202948,-1.5312257065572183,-0.9222568502369974,-0.6476753510478435,-1.0111687880929532,-1.2380399196270586
23001,ME,Androscoggin County,-0.07028643398489753,-0.15371081884370752,-0.7493814337581869,-0.19155247163781897,74.996987652,-0.07481307590040362,-0.12108458671563821,-1.1122181609123916,-0.2573416303668842,-0.4712900904288387
23003,ME,Aroostook County,0.4859372846040339,-0.18138512044475483,-0.8554975740639812,-0.08841881021245475,74.99417416000001,0.5476060877302427,-0.1505505568061921,-1.272015219668944,-0.11130202454550867,-0.29691983700134295
23005,ME,Cumberland County,-2.1094663167454843,-1.4310772351668055,-1.337338259913121,-0.8750861935062011,79.54359717199999,-2.356673044655682,-1.481149283583363,-1.9976044105879833,-1.2252408974700517,-2.1256551434970796
23007,ME,Franklin County,-0.1176163051912261,-0.5891549887115797,-0.5008568665271097,0.10520865148805397,76.24197009100001,-0.12777561213622435,-0.584719950324858,-0.7379725960263238,0.16287885677033098,-0.38763626372053694
23009,ME,Hancock County,-0.7593736124000907,-1.0070865005886005,-0.6173476611883781,-0.7572143060497339,78.127151808,-0.8459076030195523,-1.0297088648202546,-0.9133925303119262,-1.0583316290153348,-1.1582643192098927
23011,ME,Kennebec County,-0.3522337195272129,-0.45152456224251275,-0.9910433782660272,-0.15450962464207843,76.13264139399999,-0.3903145329406987,-0.4381791599428443,-1.4761295115746007,-0.2048881181091585,-0.7555030098084199
23013,ME,Knox County,-0.9688725869235069,-1.035051592311582,-0.7809052423780601,-0.23164811214431924,78.88723904700001,-1.080338771893726,-1.0594844511446366,-1.159688902721733,-0.31411796753748317,-1.0879044008566665
23015,ME,Lincoln County,-1.0603769998645838,-1.1333849749123632,-0.4374975723428731,0.02250003578102351,78.85313270699999,-1.1827330033295655,-1.1641840584694323,-0.6425617676042189,0.04576157935622993,-0.886223234952477
23017,ME,Oxford County,0.3299853141689022,-0.27286150005970716,-0.3117252873794464,0.35061518266979963,76.083703251,0.3730944806901225,-0.24794923029699237,-0.4531651201919577,0.5103800759111763,0.05490060289754607
23019,ME,Penobscot County,-0.25802988515421765,-0.34908722203135556,-1.0344597382065264,-0.06622714662598733,75.248730081,-0.28489962551821896,-0.32910989971972016,-1.5415088836514115,-0.07987812513286519,-0.6729791550975562
23021,ME,Piscataquis County,0.4765860992678467,-0.27308831683667756,-0.2834308634817577,0.23455017118868773,75.439627512,0.5371420302630956,-0.2481907314724364,-0.4105574103277225,0.3460293848555558,0.06756393443553843
23023,ME,Sagadahoc County,-1.2517650492049897,-1.0594368817519384,-0.5894211016549044,-0.20992620436350803,80.097030753,-1.3968978898999507,-1.0854484743621855,-0.8713387761725553,-0.2833592530096019,-1.0949534123810711
23025,ME,Somerset County,0.4651364677042824,0.41577662278628447,-0.21039030974674594,0.25539980506565135,74.38843562699999,0.5243297932737208,0.48527217573940234,-0.3005678684618892,0.3755529397340498,0.3265212497612718
23027,ME,Waldo County,-0.5433232950477646,-0.8709868645033548,-0.4886816564839505,0.0056745494631823025,76.498092407,-0.6041454247188613,-0.8847979700834802,-0.7196383186107153,0.021936308773853726,-0.6583023434612788
23029,ME,Washington County,0.28932474969758937,0.517725391035587,-0.3927652064918052,0.7497334072502607,72.34064252900001,0.32759495651451304,0.5938212332480144,-0.5752006623696706,1.0755405423224165,0.4280279511886806
23031,ME,York County,-1.0297965879397597,-1.3550218519574964,-0.7171690509185178,-0.7608635350456233,78.64264115399999,-1.1485132572496681,-1.4001699808649772,-1.0637105161894889,-1.0634990201148673,-1.4077047721789095
24001,MD,Allegany County,0.34581829185731927,-0.3231715321903815,-0.7517574615128384,0.06888375684649549,73.48711096000002,0.39081171999737013,-0.3015163960881303,-1.1157961486305947,0.11144198134440395,-0.27548379802321354
24003,MD,Anne Arundel County,-2.3492211619197185,-0.8120601866291418,-0.7757774915268314,-1.0158794000742433,78.817704558,-2.624960795110327,-0.8220563062536853,-1.1519671791300012,-1.4246072741249156,-1.813437344731937
24005,MD,Baltimore County,-1.6391238158212142,-0.31355951760070677,-0.9157918735562676,-1.0603052490856122,76.889873471,-1.8303557081927555,-0.29128208779401943,-1.3628105660779763,-1.4875152848387159,-1.4968386339260584
24009,MD,Calvert County,-1.9993024735462261,-1.1531793845631637,-0.6224310434588336,-0.8213019745300246,78.66880259299998,-2.2333987489813287,-1.1852599826657844,-0.9210474406112752,-1.1490812224412001,-1.652431435396659
24011,MD,Caroline County,0.162796077560075,0.4678351897150961,-0.033895798103762795,0.26623587856097286,74.46206040800001,0.18600827537312542,0.5407010786325981,-0.0347901671060963,0.3908970657937401,0.325988143836069
24013,MD,Carroll County,-1.9986086685909856,-1.0569721392219478,-0.6421680267905435,-1.0691769715852386,78.239522776,-2.2326223752210383,-1.0828241613545224,-0.9507687617604024,-1.5000778452956594,-1.7359761584954996
24015,MD,Cecil County,-0.8772778654854503,-0.5214042086335142,-0.5092204198416054,-0.26519761792313623,73.70289911599998,-0.9778434844667803,-0.5125829010084475,-0.750567015843693,-0.3616248293295093,-0.7835333871399259
24017,MD,Charles County,-1.7007127510675055,0.21543577876130654,-0.5070857958128463,-0.4626044540670494,76.714927876,-1.899274260717174,0.2719610178624167,-0.7473525506326157,-0.6411573906530019,-0.9079311466652927
24019,MD,Dorchester County,0.34973825650525303,0.6985525540845197,-0.34864066434911595,-0.28193138575628257,74.15907895499998,0.39519819442499476,0.7863553703247714,-0.5087548603167261,-0.38532022445545105,0.08654707190403327
24021,MD,Frederick County,-2.318598580891811,-1.2491788459443431,-0.7088517469193694,-1.1015498343413763,80.01802129000001,-2.5906938614384676,-1.2874745678266277,-1.051185741805328,-1.545918553856532,-1.9494185935801784
24023,MD,Garrett County,-0.16074910514512214,-0.22873306366587948,-0.44487330759709376,-0.19234325084639703,76.813367064,-0.17604158925143717,-0.2009638643908035,-0.6536686623366795,-0.25846139167775406,-0.3881017580303835
24025,MD,Harford County,-1.9012998825080663,-0.7546334944081544,-0.6921040871975015,-0.9747209843084595,77.87277170799997,-2.1237329999148318,-0.7609117390022023,-1.0259659518949713,-1.3663260230610503,-1.5886525532074887
24027,MD,Howard County,-3.107552754515801,-1.221713913007828,-1.2482044420119855,-1.4607625349661628,82.49353674100001,-3.473540422055675,-1.2582315211867157,-1.8633805131177335,-2.054571892448989,-2.604049928275708
24029,MD,Kent County,-1.0228678968163698,-0.6249308454188928,-0.5018749139769522,-0.39167198357244126,76.75494835699999,-1.140759991809971,-0.6228119802123163,-0.7395056426268752,-0.5407154021906269,-0.9163516278156337
24031,MD,Montgomery County,-3.107552754515801,-0.7091578311589962,-1.0622993469556041,-1.1281030482741106,83.171724821,-3.473540422055675,-0.7124919251089735,-1.583431701256877,-1.5835185075712896,-2.2136582537664147
24033,MD,Prince George's County,-1.5726727360467887,1.0317310772723072,-0.27506393596849354,-0.586936766833894,77.59585715599998,-1.7559963737859499,1.1411042828933446,-0.39795790940735326,-0.8172147680056921,-0.5509516646391571
24035,MD,Queen Anne's County,-1.8258859917624428,-1.1136903162633933,-0.26505852670091895,-0.795963520250473,79.611291636,-2.0393442023225568,-1.1432143432780557,-0.3828910687928471,-1.1132013959716764,-1.4085351551862815
24037,MD,St. Mary's County,-1.839848314386963,-0.6769537791265927,-0.35095421167255675,-0.3690982987409053,76.953682296,-2.054968162394489,-0.6782029429456249,-0.5122387606594504,-0.5087505520226805,-1.1302118741659417
24039,MD,Somerset County,0.6655495324858602,1.6584288151648667,-0.6148651385591504,0.7150386000985982,73.96863158500001,0.7485937503707967,1.808375206899647,-0.9096541752105815,1.02641190778689,0.8049410032220131
24041,MD,Talbot County,-1.498043527727222,-0.5799278588519987,-0.9859021233084471,-0.751145226128899,78.899352024,-1.6724856426317276,-0.5748954446739627,-1.468387452561039,-1.0497376740729072,-1.4346834204393457
24043,MD,Washington County,-0.3315665177471063,0.3484402240963781,-0.5621102740092617,-0.4422649884444239,74.507730598,-0.3671877549615194,0.413576335374372,-0.8302122339009972,-0.6123562456040089,-0.42032809595735515
24045,MD,Wicomico County,-0.5319398965185198,0.3957940167641928,-0.7249856319092327,-0.23635738974200943,74.90913813099999,-0.5914073030691388,0.46399587110608176,-1.0754812670691307,-0.3207864115213886,-0.45871247666967674
24047,MD,Worcester County,-0.8942894757123436,-0.37259546634999846,-0.7308952209112362,-0.7640819525310645,78.52765798200001,-0.9968796238034752,-0.3541400968303981,-1.0843803368831944,-1.0680563723357286,-1.0547359773530023
24510,MD,Baltimore city,-0.4802760321891812,1.1831874004592031,-1.082838490768677,-0.6033628118611023,70.61293874699999,-0.533594990952404,1.3023660756347175,-1.6143609714060636,-0.840474420652793,-0.5075994866005888
25001,MA,Barnstable County,-1.9399021555979878,-0.9441046959057884,-1.1536354877117592,-1.345168400485484,79.49238239699999,-2.166929278189019,-0.962649540260367,-1.7209720095356082,-1.890887973915387,-2.0295494423450298
25003,MA,Berkshire County,-0.998838783388097,-0.7602968905126156,-1.3810072652668397,-1.0753103710241403,77.65137650199998,-1.1138712055482964,-0.7669417903701002,-2.0633642336859532,-1.5087628781357905,-1.6416394007292787
25005,MA,Bristol County,-0.8742557710643152,0.15639989701125362,-0.9526700933970799,-1.294838056546824,77.363279094,-0.9744617346075911,0.2091030801628903,-1.4183443524158268,-1.8196190643462704,-1.205223442042509
25007,MA,Dukes County,-1.8546762986311855,-0.6151376617518141,-0.8887666250476899,-0.527504823772981,83.066813322,-2.071560805324263,-0.6123847737308157,-1.3221140687177175,-0.733057787463551,-1.426738924809373
25009,MA,Essex County,-1.8075753574309426,-0.730069512338272,-1.1405322409548517,-1.3322751705360774,79.66519053299999,-2.018854443750104,-0.7347574543734381,-1.7012402299412763,-1.8726308676170875,-1.9049256342301564
25011,MA,Franklin County,-1.1111749586874724,-0.5847699920236383,-1.1002715183810683,-0.7946829819167847,79.295952345,-1.239576359677073,-0.5800510635317341,-1.640612835916535,-1.1113881246216009,-1.3763153696844053
25013,MA,Hampden County,-0.4327238016100525,0.4176790191098734,-1.2152590976681381,-1.08197141376737,76.294570855999993,-0.4803836326505363,0.4872977355522335,-1.8137691240236922,-1.5181950658729104,-1.0010257080324563
25015,MA,Hampshire County,-2.0105328327882006,-0.7445286681534468,-1.330064494285612,-1.1860251716069719,80.185190071,-2.2459656183417263,-0.7501527138067773,-1.9866510688059418,-1.665537549104007,-2.001511555548955
25017,MA,Middlesex County,-3.107552754515801,-1.1333807017108621,-1.331565556387478,-1.6469930446661003,81.54482622000002,-3.473540422055675,-1.1641795086155846,-1.988911472437264,-2.3182785218133954,-2.6929172663904084
25019,MA,Nantucket County,-3.106322028643639,-1.2927607021985668,-0.816421579504875,-0.8262526424989961,82.84152008600002,-3.4721632291341775,-1.3338779673194328,-1.213171871422973,-1.1560914806706561,-2.1601672540666934
25021,MA,Norfolk County,-3.0464864036694097,-1.447338970542451,-1.363362506517343,-1.5850679438525848,81.187887697,-3.405206646005617,-1.4984638238058032,-2.036793529714688,-2.2305911732962542,-2.760999611310003
25023,MA,Plymouth County,-1.9714004428651943,-0.5805260713716937,-1.0318063951528371,-1.5032811574915879,78.78326355900002,-2.2021761347351374,-0.5755323862115391,-1.537513295283517,-2.1147792271626367,-1.9357892899980256
25025,MA,Suffolk County,-2.037953514971838,0.19486007215276982,-1.592547672471509,-0.9966663409075761,80.102604018,-2.2766495994459817,0.2500532145776462,-2.3819164801402453,-1.3974011461881761,-1.7479042515977283
25027,MA,Worcester County,-1.5056424634523418,-0.8963996480037224,-1.146320919366406,-1.3333723865613762,78.75491840400001,-1.6809889175918655,-0.9118560085964091,-1.709957224185397,-1.8741845504168735,-1.8596178475176746
26001,MI,Alcona County,0.5804030255562054,-0.3435763524197395,0.0698699804434261,0.19158713617884868,75.11617136599999,0.6533140708855835,-0.32324224959832826,0.12146755357279229,0.2851927519753449,0.22179750066928414
26003,MI,Alger County,0.34144702431566626,-0.20094463134479165,-0.3970997047475865,-0.7361456190396964,78.869357945,0.3859202337188208,-0.17137637461633465,-0.5817278510750201,-1.0284978899276707,-0.4201781649791323
26005,MI,Allegan County,-0.45962725336870497,-0.775732808727603,-0.01788581819354418,-0.17414861980316493,77.553383824,-0.5104888284247805,-0.7833770490082383,-0.010681226722173054,-0.23269738108319282,-0.4627964117814208
26007,MI,Alpena County,0.7928568427288667,-0.3565221237804913,-0.9731566442688456,-0.16632691294887958,77.02587661599998,0.8910517343031203,-0.3370261461972085,-1.4491944244589758,-0.2216216666165167,-0.336216289893368
26009,MI,Antrim County,-0.6929765452136805,-1.122336356585281,-0.13255841002758773,-0.41839967700344244,78.77828532999999,-0.7716087091670317,-1.1524201389363942,-0.18336318483208602,-0.5785624228357993,-0.8086222434205176
26011,MI,Arenac County,0.7292823254858846,-0.05257314847058618,-0.38429273745205217,-0.04363270679887071,73.925770789,0.819911298309159,-0.01339913856218198,-0.562442229683964,-0.0478838854200163,0.05906295216813784
26013,MI,Baraga County,0.740355273685201,0.35025155856124235,-0.6461415611351955,0.9574724596816869,74.90069272900001,0.8323020233480484,0.4155049378711974,-0.9567523859227002,1.3697037564612518,0.4999809751501036
26015,MI,Barry County,-0.4243072777478385,-0.9054145630681303,-0.12168021628778364,-0.3870017561973777,77.898107168,-0.47096546947639784,-0.9214545604040065,-0.16698204470396436,-0.534102254208442,-0.6302616797249004
26017,MI,Bay County,0.2883724327566569,-0.32944462139047387,-0.6293468923964229,-0.627012750798815,75.14822979600001,0.32652930560090193,-0.30819561283621627,-0.9314618065677335,-0.8739632710671907,-0.5380142770947602
26021,MI,Berrien County,-0.3048717398396239,-0.20130348630596875,-0.6922953246673966,-0.4524207824030074,75.975996443,-0.33731606703596295,-0.17175846229122257,-1.026253930567445,-0.6267370803966141,-0.6509024320408484
26023,MI,Branch County,0.3994310764793061,-0.29471786850554527,-0.23805551757048643,-0.21596632123632967,76.063902228,0.45080489081896236,-0.271220607049236,-0.34222806103375475,-0.2919121956185508,-0.13684672491848188
26025,MI,Calhoun County,0.1782071487261769,-0.13207155064133458,-0.7468529563280712,-0.2659673248858311,73.577767444,0.2032533976239197,-0.09804436554494517,-1.1084106038781791,-0.3627147518618463,-0.4112170701890508
26027,MI,Cass County,-0.008424436974187682,-0.6523392191311161,0.1730393094484241,-0.22787157588249463,76.09176432000001,-0.005588964894120875,-0.6519948059138521,0.2768270990799856,-0.30877030645937703,-0.20758611554369172
26029,MI,Charlevoix County,-0.7472106737059483,-0.8112581102478581,-0.9917416968295959,-0.5808267746742382,78.01046921300001,-0.8322971691665979,-0.8212023024561567,-1.4771810881982115,-0.8085628804043433,-1.1859321967169487
26031,MI,Cheboygan County,0.1074491435553521,-0.3241078959316616,-0.2994652808975128,-0.04753748054264015,75.394751662,0.12407457635695815,-0.3025133811753129,-0.43470315040579993,-0.05341313368368262,-0.20067029438935102
26033,MI,Chippewa County,0.12892713316935672,0.007487133906234128,-0.7511413371163398,0.08425289372221687,77.19160878000001,0.14810863295190194,0.05054952072678933,-1.1148683456959525,0.1332050280560677,-0.23572826818849793
26035,MI,Clare County,1.0801304630830564,-0.09657417106370032,0.010597445534198696,0.30461810891343677,73.67393103899998,1.212513406177896,-0.06024884174072292,0.03221085128183609,0.44524717529000313,0.4906374845125107
26037,MI,Clinton County,-1.0532850831027387,-0.894920186303928,-0.3041245182547324,-0.5122182614700753,79.85738841699998,-1.1747970869852502,-0.91028076471764,-0.44171935381827643,-0.7114116682215242,-0.9748816546474557
26039,MI,Crawford County,0.3106970692179787,-0.5606988409066895,-0.48954916463773435,-0.002202214643953676,76.60788672599999,0.35151076735852826,-0.5544215163409073,-0.7209446726773304,0.010782631987283315,-0.27488588498017746
26041,MI,Delta County,0.4552076466831232,-0.427442550468595,-0.6643487029281505,-0.322689397698099,76.48599420100001,0.513219356466916,-0.4125380489626932,-0.9841699653643721,-0.443034494614989,-0.3993575264088664
26043,MI,Dickinson County,0.034579378958219456,-0.7437167908725796,-1.0519937803421966,-0.5791837282249321,76.80244209799999,0.04253267798273819,-0.749288274587313,-1.5679128628511767,-0.8062362893332359,-0.9275243310167249
26045,MI,Eaton County,-0.8147403272494745,-0.7460031745881974,-0.5120430815155355,-0.43398336504652907,77.06623376400002,-0.9078634369723975,-0.7517226816105195,-0.7548175759569715,-0.6006292788709904,-0.9076932491196037
26047,MI,Emmet County,-0.9933044683671985,-1.0072149385019067,-1.2065613206776642,-0.6724470050243708,78.691491944,-1.1076782590567036,-1.0298456179628102,-1.8006714069677106,-0.9382992064561433,-1.4680970879522044
26049,MI,Genesee County,0.12646670497293194,0.281943120725905,-0.8676705234844062,-0.28117918421352905,73.085697666,0.14535539246788054,0.342774127345076,-1.2903460928817345,-0.38425508999514246,-0.35719420926149403
26051,MI,Gladwin County,0.7309291526270134,-0.3047783511870737,0.19651692077591218,-0.2121474535013926,73.981412551,0.8217541121582806,-0.28193241781374806,0.3121813178251359,-0.2865045922135483,0.17024659521427465
26053,MI,Gogebic County,0.557876327144698,-0.2546274804906409,-0.7268430478381906,-0.153767543894952,76.60215151399998,0.628106500053797,-0.2285347177648189,-1.0782782930585773,-0.20383731492521062,-0.26569496244318486
26055,MI,Grand Traverse County,-1.1976962394148536,-1.209283272098102,-1.2352190299860522,-1.0578361399908656,78.720786589,-1.3363944229614038,-1.2449961052209322,-1.8438261772503854,-1.48401897030917,-1.7790098408972448
26057,MI,Gratiot County,0.3861405766303544,-0.015487426526692768,-0.5391486965862682,-0.03520938867002679,75.50661628300001,0.4359327062576793,0.0260875588561914,-0.7956350948717059,-0.03595627573135379,-0.11126153527359481
26059,MI,Hillsdale County,0.26152218171342584,-0.19324200472779982,-0.15337818498733868,-0.10230334665750612,75.33581386,0.2964836418884711,-0.16317507043215257,-0.21471504886477985,-0.13096284334534566,-0.06393502176205786
26061,MI,Houghton County,-0.31844985380375535,-0.28244148169917105,-0.66829551754726,-0.15626743884506034,77.62116067000001,-0.3525100942857827,-0.2581494317881048,-0.9901133531070246,-0.20737722292482014,-0.5443541266547309
26063,MI,Huron County,0.5894605320680587,-0.5741698805896213,-0.48913356989252654,-0.1060341757394697,76.61254157699999,0.6634494992020686,-0.568764687782347,-0.72031884122768,-0.13624578201916732,-0.2293683578039442
26065,MI,Ingham County,-0.9133380681886082,-0.2604405959839281,-1.1129325911847698,-0.3307031292709269,75.426501713,-1.018195163938109,-0.23472418153981997,-1.6596787592426552,-0.45438212044228526,-1.0136490205087563
26067,MI,Ionia County,0.016379985082200954,-0.4586209702727877,-0.21180050272681966,0.21972493798745257,77.462451535,0.022167398444438473,-0.44573499819975393,-0.3026914350545446,0.32503651809415246,-0.12079037709681298
26069,MI,Iosco County,0.9377367779137971,0.0914619265177403,-0.4573185928898539,0.026507633319320018,73.51162468800004,1.0531736379023262,0.13996094520000762,-0.6724096378323804,0.05143642844715533,0.17225251627761992
26071,MI,Iron County,0.5092414148538831,-0.23308283899851018,-0.4120378153836086,-0.03654037797199908,74.63431584,0.5736836115295655,-0.20559524955454236,-0.6042226962148595,-0.0378409867978097,-0.08248186720489227
26073,MI,Isabella County,-0.05465811200271947,0.08391282468003906,-0.6862401631547086,-0.23023778728922428,74.91433029500001,-0.05732484810282821,0.1319231051790753,-1.017135647550035,-0.3121209155268047,-0.37772219552883085
26075,MI,Jackson County,0.007837298534056576,-0.5010022008110642,-0.7318415430113542,-0.5947989235037685,75.05637110799998,0.012608058130897585,-0.4908600419838566,-1.085805374467481,-0.8283477603294962,-0.7202475045906562
26077,MI,Kalamazoo County,-1.0727492887098329,-0.35997282367851663,-1.0604918965765826,-0.7031457694742188,77.11198717799999,-1.1965777018167005,-0.3407002486714998,-1.580709916864948,-0.9817693538115098,-1.2342558059889508
26079,MI,Kalkaska County,0.48150792380396706,-0.42168357944807056,0.0804402025079198,0.3508919224768279,74.652373689,0.5426495945918524,-0.4064062350405411,0.1373849285493252,0.5107719457602142,0.23614826211265585
26081,MI,Kent County,-1.2126739086687026,-0.5553656236805238,-1.0117397522918008,-0.8561462373492762,78.46195432200001,-1.353154564714738,-0.5487430200399679,-1.5072955499049974,-1.198421489594834,-1.3871492371273157
26085,MI,Lake County,1.1618972671677206,1.1117320811790783,0.06464200470181065,-0.07719272997554251,75.455152766,1.3040111688771157,1.2262846506697076,0.11359490437585257,-0.09540564008616087,0.7672362877887408
26087,MI,Lapeer County,-0.20058938057792766,-0.967330534311588,-0.30867272799311946,-0.27120673913688953,75.825929403,-0.22062320288094783,-0.9873790481503667,-0.4485683641263009,-0.37013388138158326,-0.610151200896428
26089,MI,Leelanau County,-1.8798695221307715,-1.213771519335804,-0.18618394960351636,-1.240361535437318,80.92244380599999,-2.099752240848718,-1.2497749271320202,-0.2641162491046149,-1.7424790737806344,-1.6124918928885605
26091,MI,Lenawee County,-0.0844851626790071,-0.7180845464013924,-0.30912010715888905,-0.4813196713572737,76.042132199,-0.09070157641387669,-0.7219965669290722,-0.4492420587653344,-0.6676585631911618,-0.5809169545467332
26093,MI,Livingston County,-1.6621104394471184,-1.2015387414756589,-0.7112326695454123,-1.103728308288574,79.67931409199998,-1.8560779393270617,-1.236750184114195,-1.054771100561048,-1.549003322419424,-1.7149953980287338
26095,MI,Luce County,0.688132214202603,0.2656106001423627,-0.6878458339700808,0.4003836137804269,76.32886184099999,0.7738639670065239,0.3253842191928934,-1.0195535782520784,0.5808533041597838,0.19886179880195176
26097,MI,Mackinac County,-0.09190054921702052,0.27208331350086545,-0.553095089566694,0.2242565835848897,77.23778551599999,-0.0989994582422481,0.33227598401412933,-0.8166365426449942,0.3314534311332655,-0.0758379458205906
26099,MI,Macomb County,-0.5496157260153446,-0.4709340339261767,-0.7424694870303734,-0.7527672398394714,76.277484881,-0.6111867095277517,-0.4588452248123061,-1.1018096711746033,-1.0520344823085024,-0.9705666859108075
26101,MI,Manistee County,0.10985412836075821,-0.5249763104662422,-0.46661363635136954,-0.617848367303479,75.208217858,0.1267657752057285,-0.5163862651287399,-0.6864067602482945,-0.8609862959966088,-0.5831492175426489
26103,MI,Marquette County,-0.6292559402911105,-0.7226018090628334,-1.1582288930650808,-0.8820040306340748,78.00692984100002,-0.7003047997930131,-0.7268062827582933,-1.7278890785415315,-1.2350367118853314,-1.3216461870002187
26105,MI,Mason County,-0.018884543046319285,-0.1758655771384053,-0.7830364595726809,-0.3867255016158038,76.50437702699999,-0.01729391427927202,-0.1446736714443495,-1.1628982376852022,-0.5337110714496626,-0.5595354065147142
26107,MI,Mecosta County,0.23897587672683152,-0.29023381664151193,-0.39342299358506205,0.3169813068583432,76.292141355,0.27125413112917074,-0.2664462521254934,-0.5761912038884968,0.46275374423764387,-0.03270356837808878
26109,MI,Menominee County,0.6014500161072227,-0.416546822791415,-0.2852734390657268,-0.16865278276784182,78.388285768,0.6768658357922284,-0.400936918409196,-0.4133320886943349,-0.22491515107986904,-0.10907804265064298
26111,MI,Midland County,-0.9912453584738972,-1.0625071058724098,-1.0103582402077003,-0.735821156545867,79.029114555,-1.1053740972333574,-1.088717468586838,-1.5052151729987158,-1.0280384436707668,-1.423194819507933
26113,MI,Missaukee County,0.45984829208149935,-0.5373521922871272,0.24648085734860942,0.12795023365068253,76.64923524700001,0.5184122789026784,-0.5295633768345914,0.3874204858273668,0.19508145337055124,0.17200850075920024
26115,MI,Monroe County,-0.2998907106439232,-0.6123734551797461,-0.48656506393872345,-0.5900942245160494,76.41164027400002,-0.331742252179824,-0.6094416090088707,-0.7164510064606627,-0.8216857997612491,-0.7464139371137261
26117,MI,Montcalm County,0.4638884320208194,-0.01853144763033266,-0.35701688132242443,0.01439008338473681,75.970267121,0.5229332305232992,0.022846464064065788,-0.5213683499516137,0.034277702658601604,0.017668679744513482
26119,MI,Montmorency County,0.9901710985709491,0.2536004663552479,-0.40051865952452087,0.7748908013162944,73.598671584,1.1118480973298375,0.312596534500562,-0.5868763507829947,1.1111639834193405,0.5866772059865527
26121,MI,Muskegon County,0.13921606716207557,-0.04936859480707905,-0.6802892244923059,-0.32302117440352074,75.080422899,0.15962203929610674,-0.009987118133854259,-1.008174310543692,-0.44350429796154783,-0.39198784075751014
26123,MI,Newaygo County,0.3401627925352787,-0.18215429480217443,-0.4579522884668101,-0.042282864289495896,76.58270850499999,0.38448316722211595,-0.15136952846216659,-0.6733639006716886,-0.045972477783890686,-0.14638018963052227
26125,MI,Oakland County,-2.1649284852087396,-0.7859287956429455,-1.2585664826546825,-1.076674280349672,79.092645331,-2.4187356920300442,-0.7942331367181371,-1.8789843940414765,-1.510694204702926,-1.9877654901637476
26127,MI,Oceana County,0.21688502015639133,0.23703650776766055,0.04685491537934877,-0.3303053087396096,76.90794955000001,0.24653427109634193,0.2949602047619083,0.0868098691363614,-0.45381879753899373,0.05252989101317504
26129,MI,Ogemaw County,0.8517196494951841,-0.12846977974216828,0.17850552806249326,0.2653904380360741,73.56139554800001,0.9569197254225711,-0.0942094115461839,0.28505851095127543,0.38969990281809047,0.4628639212651078
26131,MI,Ontonagon County,0.9043901326334973,-0.16652151498046985,0.22685731127227313,0.32225619880533796,73.07187020599999,1.0158584527140602,-0.13472466315358264,0.35786998638085615,0.4702231109802078,0.514572716170747
26133,MI,Osceola County,0.5774751887998295,-0.5560315616986045,0.06597674736153433,0.22707364419264855,76.861498378,0.6500377961704858,-0.5494520717084005,0.11560485263260324,0.3354424529041036,0.1660723387561638
26135,MI,Oscoda County,0.9609714322439458,0.10361788463424881,0.4926596939177798,0.48799729571571954,72.80055746100001,1.0791734175451395,0.15290389506904822,0.7581336864630239,0.7049162667032889,0.8113837713355435
26137,MI,Otsego County,-0.1932274021894558,-0.7286853307660095,-0.8118512428038703,-0.2640378271600064,75.508251476,-0.2123850852349688,-0.733283659175418,-1.2062895407968957,-0.35998253928044194,-0.7562344255213949
26139,MI,Ottawa County,-1.3021205851573312,-1.3783580072335646,-0.7781200482010375,-0.8055487356652563,80.07867761899999,-1.453246171219454,-1.4250169476757721,-1.155494763769152,-1.1267742785935249,-1.5536082842036807
26141,MI,Presque Isle County,0.36916262358641105,-0.3581303485240273,0.2858067440092487,0.08989436585556482,77.586750821,0.41693422960051746,-0.33873848939831486,0.4466401389664149,0.1411934806642652,0.20051202058723644
26143,MI,Roscommon County,0.67098548486045,-0.3994740122093168,-0.3194149286304351,0.05797374398270366,73.241012815,0.7546766282083537,-0.38275879296899484,-0.46474471638967163,0.0959931554604579,9.532253350211462e-4
26145,MI,Saginaw County,0.19320882650117138,0.08729294426432174,-0.9203479454672859,-0.18930559864360905,74.48937189499999,0.22004040512057255,0.135522057882879,-1.3696714157919414,-0.2541600072006925,-0.3818197622388789
26147,MI,St. Clair County,0.0035977944889845903,-0.47898384747007333,-0.6329884231128566,-0.1368065869074909,75.021444895,0.007864016347428488,-0.46741619323414396,-0.9369454765936208,-0.17982021479932533,-0.47455968147684574
26149,MI,St. Joseph County,0.28679018210640506,0.21778724881631653,-0.09240913075996657,0.07079516530041745,74.905863803,0.32475875340495786,0.27446472499507063,-0.12290360988266645,0.11414857910614847,0.17776396757600343
26151,MI,Sanilac County,0.6098645122110375,0.10541912341099817,-0.14976838924883534,0.1647077581921782,75.282169753,0.6862817298871372,0.15482174827043252,-0.209279167574125,0.2471309425559451,0.2646146017601486
26153,MI,Schoolcraft County,0.3874640413694198,-0.04287310545473143,-0.6166279086910341,0.5540513974038952,76.41732178100003,0.43741367477529935,-0.0030711027727821274,-0.9123086769812565,0.7984503741916303,0.09648365712049799
26155,MI,Shiawassee County,0.17838991578313917,-0.7796347696110795,-0.3571482046879203,-0.14745105495826769,76.03460342900003,0.20345791554527387,-0.7875316276619118,-0.5215661058018716,-0.19489302319989432,-0.3915329916959555
26157,MI,Tuscola County,0.4644422444749666,-0.6595442164211528,-0.3542941726055085,0.1291854578322763,75.269704214,0.5235529514611136,-0.6596662636334105,-0.5172683059473725,0.1968305588525818,-0.137447357302472
26159,MI,Van Buren County,-0.07278333485230531,0.17937244372985872,-0.23382864464229475,-0.17297050913837853,75.52795365900002,-0.07760712961947765,0.23356289794881244,-0.33586294202625683,-0.23102914963749868,-0.12371477519421901
26161,MI,Washtenaw County,-2.371140157668826,-0.8605364866685854,-1.5146531284016602,-1.0253780690835657,80.475429704,-2.6494883413940298,-0.8736710218716182,-2.2646174622936184,-1.4380576050719367,-2.175379569570671
26163,MI,Wayne County,-0.013760880916474955,1.0055672751938312,-0.8187934470501574,-0.4488493035554707,72.93765558800003,-0.011560491933180818,1.1132466039313442,-1.2167435944087885,-0.6216797852721595,-0.22179904835135406
26165,MI,Wexford County,0.2733555575443659,-0.29099568842982376,-0.83464358953989,-0.38046656962741343,74.90182604800002,0.30972529204015053,-0.2672574484350105,-1.2406118404968272,-0.5248482816697341,-0.5187168675525713
27001,MN,Aitkin County,0.4297211753572643,-0.8767702579185706,-0.3459586071900767,-0.0789321242633414,77.903080798,0.48469977408236636,-0.8909557875363405,-0.5047160322534704,-0.09786866188377184,-0.3037173748324379
27003,MN,Anoka County,-1.3150499963777291,-1.1232688339518462,-0.633303190852919,-1.0388887920840526,79.860061297,-1.4677142944747015,-1.1534129860401594,-0.9374194757318147,-1.4571890955483104,-1.5100165113255763
27005,MN,Becker County,-0.37599784391213903,-0.45222980228158977,-0.710601346596148,-0.7150322935304418,77.87417194,-0.4169067941653798,-0.4389300580936875,-1.0538204105894073,-0.9986009417117739,-0.8755480826432386
27007,MN,Beltrami County,-0.43382667037482486,-0.06681714523167351,-0.9142788313198483,-0.3834264894022901,74.051535092,-0.4816177523603275,-0.02856530927834783,-1.3605321219274682,-0.529039595264265,-0.7224601626239084
27009,MN,Benton County,-0.28973275201158316,-0.8293325370035716,0.16082111063661392,-0.7227004053610473,77.27343210899998,-0.32037540839945594,-0.8404468899389933,0.25842808618898,-1.0094591621381501,-0.5755746011574103
27011,MN,Big Stone County,0.10214110643378413,-1.0878876908468276,-0.7574335223412632,-0.2050072632356773,77.48793650900001,0.11813483679657383,-1.1157412240014515,-1.1243435554915284,-0.27639392070743385,-0.7220353983115214
27013,MN,Blue Earth County,-0.890733801274256,-0.9999153677386706,-0.9946471803094402,-1.2330618313504553,79.697399071,-0.9929007932791104,-1.02207346396651,-1.4815563671426486,-1.732142527082643,-1.5741225264524816
27015,MN,Brown County,-0.20627602268616138,-1.2282180338718698,-0.7761910001114127,-1.4233761135298182,80.154644652,-0.226986604703964,-1.265156726874217,-1.152589869094,-2.001631870983865,-1.3988152851662274
27017,MN,Carlton County,-0.48463011184999377,-0.9226729735627692,-0.8189616650369359,-0.5506421242630727,76.279094311,-0.5384672438432719,-0.9398303017244771,-1.216996908743815,-0.765820730198683,-1.0419888986657433
27019,MN,Carver County,-2.6405337126830233,-1.5751052633479348,-0.783715497266734,-1.5525774776706416,82.33422857100001,-2.950942065130937,-1.634501864319348,-1.1639207798355464,-2.184583935614719,-2.3885614808685705
27021,MN,Cass County,-0.09235975024227416,-0.9753706001929437,-0.19592945304934992,-0.4205598283522697,74.64947025299999,-0.09951330817083759,-0.9959396378339432,-0.27879170547023824,-0.5816212461834561,-0.5888248278357772
27023,MN,Chippewa County,0.15993029636197612,-0.7862697009569166,-0.4399489248043049,-1.0476392193400388,76.59859282699999,0.18280144136576917,-0.7945961126634742,-0.6462531845006837,-1.469579899186729,-0.8211682330327376
27025,MN,Chisago County,-0.9498954962017582,-1.3424693302480282,-0.5084188398133999,-0.7299439087243403,79.35737353799999,-1.0591032428423248,-1.386804793385839,-0.7493599409303375,-1.0197161273357511,-1.268945530790548
27027,MN,Clay County,-1.0825964008527802,-0.9063393594981092,-0.351434283861734,-1.399871496012329,78.04776150100001,-1.20759670568036,-0.9224392292978577,-0.5129616867251768,-1.9683487989994537,-1.3882727161980568
27029,MN,Clearwater County,0.2174460716418748,-0.39779377455547255,0.3040171307737439,0.4277515001993969,75.94944620500002,0.2471620925729849,-0.38096977465276305,0.47406260491174573,0.6196068526089771,0.28897198184537726
27031,MN,Cook County,-1.4908966616891224,-1.4876285590088296,-0.7073373046027951,0.02519422992816034,82.99121334700003,-1.6644882375708663,-1.5413618100251234,-1.0489051893168222,0.049576619429628835,-1.2659935317766837
27033,MN,Cottonwood County,-0.02621372843573294,-0.6847135904125482,-0.4444929155119818,-0.4080704225241567,78.256867436,-0.02549533627498549,-0.6864651340049163,-0.6530958414990576,-0.5639359640081426,-0.580734367344248
27035,MN,Crow Wing County,-0.3372341778910005,-1.2709510303810867,-0.9348373549085889,-1.1425369095250395,78.651156201,-0.3735299158018636,-1.3106563103929814,-1.3914905754896787,-1.6039571827665027,-1.4088310852638926
27037,MN,Dakota County,-2.073740237427924,-1.3660526245167617,-0.7856347597134006,-1.4865620374409547,80.90607481699999,-2.316695252149729,-1.4119148992731338,-1.1668109386094656,-2.091104573629254,-2.1033342705145475
27039,MN,Dodge County,-1.1941904132942391,-1.3547823939014172,-0.028982516789644752,-1.1947454993870417,81.208913202,-1.3324713731364828,-1.3999150199983912,-0.027391406648195237,-1.677885731201238,-1.3359844699747474
27041,MN,Douglas County,-0.5920129126902084,-1.2685799020644706,-0.9090692241153789,-1.3766221368259535,79.39259068500002,-0.6586295290058678,-1.3081316722985685,-1.3526871333503092,-1.935427178606533,-1.5820109001843279
27043,MN,Faribault County,0.01691066505165996,-0.9079346566333119,-0.17187116217040954,-0.8150096430071175,78.543574547,0.022761233931325214,-0.9241378079412895,-0.24256305910140355,-1.140171138162191,-0.6876448601425766
27045,MN,Fillmore County,-0.3537795355216344,-0.7628522476161469,0.10236843732635516,-1.3142610634196163,79.571467427,-0.3920443144408755,-0.7696625844507894,0.17040598847113675,-1.8471224830009179,-0.8545239057326547
27047,MN,Freeborn County,0.18408436311165638,-0.33094172211184797,-0.34605220482686205,-0.6596195165150818,78.08151236900001,0.2098300514774595,-0.30978963770862306,-0.5048569780796356,-0.9201351915294504,-0.45909561395057036
27049,MN,Goodhue County,-0.7193598688061893,-1.1327919085668536,-0.5420576644579627,-1.0594877187920808,78.68301968300001,-0.8011318770137845,-1.1635525962757183,-0.8000156208555436,-1.4863576433842742,-1.279805708263203
27051,MN,Grant County,0.025600538591407762,-0.8936843165629413,0.05803810443997556,-0.3975194927210905,76.98498513,0.03248527776460008,-0.9089648832421575,0.10365029241463848,-0.5489956078897489,-0.39794309642639
27053,MN,Hennepin County,-2.318458458651005,-0.8095656711533235,-1.2471661002761942,-1.4503479176049634,79.46669250900001,-2.590537063436128,-0.8194002927628838,-1.8618169059710217,-2.039824557842715,-2.2011934177368038
27055,MN,Houston County,-0.47915291930971715,-1.2687264525615076,-0.28660229930825115,-1.8230255150310963,79.61747466400001,-0.5323382179027538,-1.3082877106559117,-0.4153331787984604,-2.567544495973259,-1.4521438725407991
27057,MN,Hubbard County,-0.4981866142970338,-0.9424213173327726,-0.2923696755841796,-0.5405715367568121,80.074622868,-0.5536370876180918,-0.9608571776779745,-0.4240180948063352,-0.7515605496768436,-0.8098621280031337
27059,MN,Isanti County,-0.4522344166292831,-0.712926393561234,-0.5616876923947521,-0.25761737928398426,78.51439762800001,-0.5022161800165426,-0.7165044688988599,-0.8295758811379902,-0.3508910393370456,-0.7222894009161466
27061,MN,Itasca County,-0.1479241385122817,-0.785671827778079,-0.9150197496069045,-0.3982327551276116,76.45993011799999,-0.1616903403952142,-0.7939595324361016,-1.3616478481752317,-0.5500056036491928,-0.8632183773512361
27063,MN,Jackson County,-0.20261309208543027,-1.2212678369977745,0.14679317064368447,-0.263415555643969,79.733076297,-0.22288775360367666,-1.2577565656644467,0.2373038392570442,-0.3591013886875123,-0.4824244640611087
27065,MN,Kanabec County,0.18991696243880368,-0.33439764916831,-0.6685179073206963,-0.12441776229818775,77.35915549900001,0.21635678069390746,-0.3134693057540487,-0.9904482430831417,-0.16227735791314651,-0.3762710522632536
27067,MN,Kandiyohi County,-0.4873077768186632,-0.6587689545163602,-0.8271584604028792,-0.956301193538652,79.82717262199999,-0.5414635741589052,-0.6588408103147222,-1.2293402128531858,-1.3402431811822946,-1.1349466877040657
27071,MN,Koochiching County,0.37562039695198857,-0.7324542411938213,-0.26331513026909703,0.20406223172825397,76.90209463800001,0.4241605339863064,-0.7372965735224842,-0.38026574128612667,0.3028577704711498,-0.11757555051837591
27073,MN,Lac qui Parle County,-0.0437978029612166,-0.8983365624101175,-0.14888624307403775,-0.09641732292718475,79.35052298000001,-0.04517206812514051,-0.9139183212353897,-0.2079507705581783,-0.12262810012425421,-0.3882624472971372
27075,MN,Lake County,-0.5112551831271688,-1.1234932781603268,-0.5889773776605998,-0.699450724053302,79.608334659,-0.568260929445149,-1.1536519610440972,-0.8706705857447348,-0.9765370856140572,-1.0745045469995065
27077,MN,Lake of the Woods County,0.10128030487624369,-1.0184236495504368,0.31777035289692246,0.08008208774715023,78.91156966300004,0.11717159239042825,-1.0417799948179483,0.49477316258352216,0.1272990721136719,-0.09108027656250449
27079,MN,Le Sueur County,-0.7783649671714539,-1.2961372605385701,0.17754725746154093,-1.0901708849411988,79.84584243299999,-0.8671590936661433,-1.337473128219601,0.2836154804840554,-1.5298057031917092,-1.0388902093247447
27081,MN,Lincoln County,-0.054996290691728705,-1.0854449894583218,0.14629732976130885,0.23238276726656387,79.86762616500002,-0.057703272987881325,-1.1131403791060146,0.2365571675972331,0.3429602916994698,-0.17802219675972475
27083,MN,Lyon County,-0.4440679804777549,-0.7334342365510598,-0.6854642747775819,-0.7657754949360291,79.084118325,-0.4930778671589535,-0.7383400149903686,-1.0159672609103498,-1.0704544668263603,-0.9988549518741078
27085,MN,McLeod County,-0.1329687967059251,-1.0062624447621815,-0.7781878728040366,-0.6525759283388686,78.966374323,-0.1449551832492058,-1.0288314586011473,-1.15559689876991,-0.9101613107750405,-0.9752838585062346
27091,MN,Martin County,0.00731947799137907,-1.1210365751956803,-0.596264266305779,-0.7847369584809807,79.17963101899998,0.01202861245407219,-1.151036208093175,-0.8816436890787861,-1.097304329651264,-0.9386787100426723
27093,MN,Meeker County,-0.2615908615315031,-0.6682595671713324,-0.35456231847455566,-0.13972234801114242,79.785589657,-0.2888843889585147,-0.668945856962832,-0.517672098632142,-0.183948998712953,-0.4995874986472786
27095,MN,Mille Lacs County,0.13172184812349533,-0.840245712793189,-0.5413541292406896,0.008323130573892279,73.887673018,0.15123594321611336,-0.852066598217292,-0.7989561886322463,0.0256867597522081,-0.44378642172921934
27097,MN,Morrison County,0.14591262857408882,-0.9446773253276195,-0.36835266142080336,-0.40153078253793784,78.30726494200002,0.1671155495761797,-0.9632592424187048,-0.5384385554190576,-0.5546756853309209,-0.5687721120434566
27099,MN,Mower County,-0.2067948242897065,-0.6798717770684555,-0.3230443171691604,-1.0406526362581208,78.756271505,-0.22756714819640617,-0.6813098556807224,-0.47021010188052875,-1.4596867389399169,-0.8546294111318633
27101,MN,Murray County,-0.2179654626320195,-0.6824348876335167,0.04748636961784297,-0.6919472100256818,82.91757553400001,-0.24006718935229449,-0.6840389051916239,0.08776075681244871,-0.9659119394132523,-0.54258005735515
27103,MN,Nicollet County,-1.1007888823045193,-1.1749323207520193,-0.9704631946673186,-1.4723315917035984,80.86273241199997,-1.2279542501559595,-1.208421230828892,-1.4451384408640888,-2.070953939419007,-1.7920251423194027
27105,MN,Nobles County,0.27118979842408586,0.04076428139073342,-0.30030173310082514,-0.7752079592834367,79.77887451699998,0.3073017888071531,0.0859810718680871,-0.43596273826392007,-1.0838110504691938,-0.3391366594030497
27109,MN,Olmsted County,-2.0209432815447546,-1.3268714271378879,-1.445626802945893,-1.697645112949747,80.991035339,-2.257615000760211,-1.3701970627502316,-2.1606728243448723,-2.3900030003584956,-2.462181445312659
27111,MN,Otter Tail County,-0.3682115393677752,-1.2656555217867038,-0.5338853930307785,-0.8026811365154101,78.93207612299999,-0.40819385187199647,-1.3050179640272523,-0.7877092465974804,-1.1227136930998127,-1.0909163627518021
27113,MN,Pennington County,-0.12033798136132576,-0.846205378783513,-0.8746400304641635,-0.9107691635377703,78.32567272799999,-0.13082119136784073,-0.858412100349636,-1.3008412608471271,-1.2757687930758672,-1.0735179219596653
27115,MN,Pine County,0.2885625516937076,-0.718442899827801,-0.15553663376131022,0.14744547835484992,76.855687285,0.32674205033981674,-0.7223781205992108,-0.21796539103293072,0.2226871624343009,-0.1176870280315162
27117,MN,Pipestone County,-0.07173029080732918,-1.1921186279247689,-0.3344605681748778,-0.5003710868952578,77.34661260300001,-0.07642876420312496,-1.2267202007692986,-0.487401486032677,-0.694635800080205,-0.7481798052652929
27119,MN,Polk County,-0.4195119147519927,-1.295456728997999,-0.6152735904887745,-0.9030814737846777,76.90263950100001,-0.46559941670764576,-1.3367485382259952,-0.9102692505121265,-1.2648828498668099,-1.197449573659462
27121,MN,Pope County,-0.25082996543678565,-1.391106244056999,-0.5864717346523342,-0.4618877121725324,78.07251897199998,-0.2768428529302026,-1.4385905211072476,-0.866897414369853,-0.6401424678595676,-0.9701443552946821
27123,MN,Ramsey County,-1.573404538134037,-0.6993346390846215,-1.089122676267604,-1.3241942618541005,77.62159982,-1.7568152666663968,-0.7020327674387998,-1.6238241346582827,-1.861188117478245,-1.7894337816903498
27127,MN,Redwood County,0.03714437879784599,-0.6637660537485729,-0.15450846982749536,-0.22690385832351825,79.110556104,0.04540293504215165,-0.6641614279273573,-0.21641711032775499,-0.30739999642765564,-0.34397904352909947
27129,MN,Renville County,0.11951307004739212,-0.7759673064411594,0.09773382984003084,-0.36077123862986116,77.752725007,0.13757421469731168,-0.7836267283935963,0.16342687442994047,-0.49695924587238116,-0.294909738971817
27131,MN,Rice County,-0.8259452949595357,-0.9224625309304291,-0.6305756982736219,-1.1490183076495974,79.890968019,-0.920401892988436,-0.9396062347760242,-0.933312227855139,-1.6131349896454608,-1.3265890637737383
27133,MN,Rock County,-0.6134566133814088,-0.9541679379825915,-0.6459309849527808,-1.1149546860078043,78.11664074500001,-0.6826252159989044,-0.9733642890668143,-0.9564352856729447,-1.5649001281204873,-1.2576080134665988
27135,MN,Roseau County,-0.09651005948429195,-0.9053268826675247,-0.20755737147550846,-0.5462165311203889,77.00654341,-0.10415754019635887,-0.9213612034658978,-0.2963018331341992,-0.7595539898430035,-0.6266099441329119
27137,MN,St. Louis County,-0.5823416754660287,-0.4485826191443256,-1.1158950783464365,-0.5026219539653785,76.834821821,-0.647807330701167,-0.43504675181240704,-1.6641398782927281,-0.697823078948556,-1.0370822471968857
27139,MN,Scott County,-2.3248847569095625,-1.14170661665953,-0.5110342798095607,-1.3789992933385853,81.083259873,-2.597728146904269,-1.173044453588384,-0.7532984522400815,-1.9387932861923833,-1.9456829766547035
27141,MN,Sherburne County,-1.1785659098178978,-1.1503777860304414,-0.4477920532775304,-1.0368109930593468,79.371317591,-1.3149874182800454,-1.182277005181438,-0.6580639124244431,-1.4542468849610941,-1.3877394861584003
27143,MN,Sibley County,-0.11983820062703077,-0.9814321954626177,0.22916176659758908,-0.4364871013548429,80.38043587799999,-0.1302619323930028,-1.0023936682731611,0.36134019536094336,-0.6041746263210218,-0.414099290770279
27145,MN,Stearns County,-0.611759625670246,-0.8009668010219444,-0.9686961244887399,-1.0660780876467655,80.01825676200001,-0.6807262720370162,-0.8102447211514874,-1.442477463784263,-1.4956897552908426,-1.333417873085886
27147,MN,Steele County,-0.7836153625326969,-0.6872278648729434,-0.7967868608478905,-1.1820227993072898,79.96863449800001,-0.8730343315969626,-0.689142185701377,-1.1836045475280685,-1.659870099069578,-1.3263469602855795
27149,MN,Stevens County,-0.5241947350913188,-0.7938840552269532,-0.5677960848305634,-0.691496732273621,82.867989187,-0.5827404002805767,-0.8027034296398595,-0.838774322978794,-0.9652740526900132,-0.9602152177651888
27151,MN,Swift County,0.12983198108975724,-0.6497512658462556,-0.15158809127299738,-0.1387395390376184,79.007058477,0.14912116561997546,-0.6492393053347674,-0.21201940134475114,-0.1825573188956411,-0.26935310212697255
27153,MN,Todd County,0.37556703905826677,-0.4837683561343309,0.09429497931202536,0.22462133866144113,80.88377029499999,0.424100826040612,-0.47251045690270477,0.15824841431732095,0.33196993260198787,0.1330090889565486
27157,MN,Wabasha County,-0.5769931307396197,-1.160434822175673,-0.4503285229847938,-1.1801168484232147,80.806144805,-0.6418222627797595,-1.1929851462766337,-0.6618835047850187,-1.6571712293506293,-1.2505444081042503
27159,MN,Wadena County,0.48950419808677825,-0.759887724441758,-0.7244720382938091,0.07580703812849454,77.143395423,0.5515974948430223,-0.7665061343821095,-1.074707862110146,0.12124550480551313,-0.3517448982000444
27161,MN,Waseca County,-0.2476169582522459,-0.7519652131470106,-0.16970538261700024,-1.2599533201789046,79.31221423500001,-0.273247470033526,-0.758070709914369,-0.2393016777361129,-1.7702214857289305,-0.9154630093272836
27163,MN,Washington County,-2.447162722630905,-1.5266383631708673,-1.050530915172216,-1.4765181076222647,81.28182446300002,-2.7345582507118005,-1.5828971571224992,-1.5657099788144346,-2.0768821409981717,-2.396418701631112
27165,MN,Watonwan County,0.14239893684058935,-0.2634122985601347,-0.13551877947592808,-1.0416125189824843,78.962422046,0.1631836980622443,-0.2378882758136647,-0.18782111488225875,-1.4610459546679675,-0.5188912898885428
27167,MN,Wilkin County,-0.22234675017982344,-0.8723343355048703,-0.20591436874410524,-0.6377134267440292,75.619426515,-0.24496988810460146,-0.8862326780230309,-0.29382768543856463,-0.8891156711222616,-0.6966871175294828
27169,MN,Winona County,-0.5785815922579214,-1.0094722450974356,-0.5658382160347292,-1.5987118846618582,80.20635374500002,-0.6435997649909003,-1.0322490653772356,-0.8358260280812979,-2.2499113032140547,-1.4335032658544258
27171,MN,Wright County,-1.5456048419394948,-1.3937879636631654,-0.36208271006109233,-1.1575170116543874,80.00426862600001,-1.72570716559784,-1.4414458585551693,-0.5289968269228906,-1.6251693474458018,-1.6020141588847743
27173,MN,Yellow Medicine County,-0.08091576611462922,-0.6651484934999068,-0.19535145276552346,-0.30768257655401865,78.74147647100001,-0.08670739071122047,-0.6656333685368091,-0.2779213124739442,-0.42178449520427874,-0.43714708191572466
28001,MS,Adams County,1.1751910524851805,2.5124238110498363,-0.07515376543701383,0.11578652051038657,71.04133260100001,1.3188870299061448,2.7176588943072058,-0.09691928159451163,0.17785735943475472,1.2395925566923123
28003,MS,Alcorn County,0.8075329091399446,0.4666180295126905,-0.21222077973674514,0.4399353924428141,72.14836095199999,0.907474379860459,0.5394051179743483,-0.3033243173838072,0.6368595206128802,0.5360042225212336
28005,MS,Amite County,1.8683588961982784,1.9062244437597826,1.2414093444397676,1.3082208610840542,72.121349585,2.0945478568735303,2.0722134307510296,1.8856529455844098,1.8663714552062294,2.3839965844446094
28007,MS,Attala County,1.1072989244554836,1.7420456469278647,0.2346567405723971,0.567535136257796,70.969939272,1.2429151500076208,1.8974054956966055,0.3696149090528263,0.8175436545038693,1.30281283773419
28009,MS,Benton County,1.567623733381322,0.8713269197868165,0.8669224311433446,0.44477731108131063,70.72210594100001,1.758022602269652,0.9703153620018743,1.3217245260702586,0.6437157873216591,1.4130893071724762
28011,MS,Bolivar County,0.7945962879726389,2.4735944413382525,-0.015004598995504798,1.3488372512521496,66.985641325,0.8929981886121106,2.676315663209613,-0.006342486619556771,1.9238851857192143,1.6518501436237198
28013,MS,Calhoun County,1.2368721297582859,1.4256869675400068,1.189073027859277,1.004242095287683,70.53278389199998,1.387908690157451,1.5605653644039348,1.8068412828946998,1.4359306221994754,1.863910680506025
28015,MS,Carroll County,1.0345057334860885,1.297731494064392,1.1580849691497141,1.410442483607473,71.95499694200001,1.1614589381867422,1.424325895429858,1.7601773105329654,2.0111195932382033,1.9138365079306363
28017,MS,Chickasaw County,1.4776133345327824,1.6956472930013031,0.5372227724624947,0.3402602374151709,71.01175995300001,1.6573001855566516,1.8480032549911254,0.8252398671068164,0.4957172383624263,1.452973866204861
28019,MS,Choctaw County,1.0875721766812398,0.7598178081291416,0.10660642694232583,1.0324304212810191,73.796908935,1.2208407482148564,0.851587012636594,0.17678784775966147,1.4758459317108163,1.121451487437682
28021,MS,Claiborne County,1.2439063129919121,3.2238982870125374,0.19562299979877523,1.049398774387876,68.64457279999999,1.3957800021831328,3.4751951071855127,0.3108351894935209,1.4998735049096659,2.0115598518892153
28023,MS,Clarke County,1.1183809369085802,1.1956012595798675,0.7133061621407901,1.038696946268938,71.554842938,1.2553160180250784,1.315583623337674,1.090398472436708,1.4847194733504463,1.5492385870733805
28025,MS,Clay County,1.2831646489085897,2.282164600738457,0.14285364337784912,0.20755042642565236,72.454017777,1.4397104204486075,2.4724924181330468,0.23137142531739627,0.30779713334837033,1.3401113030066218
28027,MS,Coahoma County,1.2546443041985798,3.0056114078593863,-0.22793117894478573,0.8791955156478795,65.288146971,1.4077959074431288,3.2427760656858826,-0.32698212832662643,1.2588618267400626,1.6806296118423882
28029,MS,Copiah County,0.6539925553924876,2.014845851986705,0.3611762096389092,0.41392901282216255,70.70424961900002,0.735661392802867,2.187867123196414,0.560136718214079,0.6000338966977483,1.229421424326978
28033,MS,DeSoto County,-0.7362206919502731,-0.24246239778697726,0.03983163875678777,0.06372542414309527,73.854833863,-0.8199992842974726,-0.21558205257157328,0.07623373110604123,0.10413766513678786,-0.2574659370335871
28035,MS,Forrest County,0.1782265393752403,0.665133255066471,-0.4902697652494564,-0.1273701044255321,71.427880047,0.203275095928341,0.7507724645839512,-0.7220298031575716,-0.1664579413867511,0.019737164698510182
28037,MS,Franklin County,1.032983360523782,1.509162922635457,1.0134002907168254,1.122880360294004,71.53261925900001,1.159755389642756,1.6494456560037731,1.5423010666921328,1.6039250986623657,1.792916071804483
28039,MS,George County,0.7393976927760114,-0.06290195958204553,0.45922648004513994,1.0648544253405532,70.425706449,0.8312304820083182,-0.02439664967081729,0.7077876295273768,1.5217590575182598,0.9141200522541542
28041,MS,Greene County,1.0301265404616773,0.33614295369527303,0.7925636804091418,1.1853669417000918,74.740746982,1.1565585832242713,0.40048292448877615,1.2097499515531678,1.6924075164447916,1.3424678411244497
28043,MS,Grenada County,0.6669158720244107,1.0183473930849556,0.3140452378938371,0.2663297769234308,69.24281749000001,0.7501226961607704,1.1268541224502353,0.48916362552999215,0.39103002800657255,0.8300622402178967
28045,MS,Hancock County,-0.12148160135579827,-0.6509482997506092,0.2926806337490125,0.3480613162471606,74.289645736,-0.13210091205698474,-0.6505138366935542,0.45699131984677643,0.5067637430812538,0.05453334732067826
28047,MS,Harrison County,0.14532408434841743,0.3190519883464051,-0.2264187322533443,0.46725668243516655,72.96380782199999,0.16645696348490088,0.3822854689197663,-0.32470458098913413,0.675547087464195,0.27082528888798457
28049,MS,Hinds County,0.0741134744869767,1.2854503518096494,-0.6432089044031051,-0.08173082633876712,70.805680637,0.0867716736450005,1.4112496568467536,-0.9523361876065891,-0.1018316875560682,0.13362466963167344
28051,MS,Holmes County,1.6516794336344014,3.2755160654910505,0.17025457849452044,1.4115874907180512,65.74842662400002,1.8520816596263459,3.5301546844393483,0.27263365768096937,2.012740949299653,2.3083789658415195
28057,MS,Itawamba County,0.555990521931057,-0.3328047557306323,0.7754722065721218,0.016031266093713827,72.91427384100002,0.6259962676695642,-0.3117732864264905,1.18401242245439,0.036601654631094216,0.46207164187904487
28059,MS,Jackson County,0.03550229605890718,0.04456147261533456,-0.012730077489102792,0.3563287557893534,73.52117992100001,0.04356543022021515,0.0900240979456802,-0.0029173540642812258,0.5184706251526098,0.1954282231053278
28061,MS,Jasper County,1.1145855263196935,1.549342208441989,0.7429235401094775,0.7060561565930105,69.56716377100003,1.2510689206694268,1.6922261984327203,1.1349983784815278,1.0136925638720216,1.5329720813519572
28065,MS,Jefferson Davis County,1.5305459246172826,1.941043602668985,0.38572473397147444,0.8245136155790587,70.94946343700002,1.7165322127934242,2.1092868250425036,0.5971035921868161,1.1814310149057177,1.6872233285812113
28067,MS,Jones County,0.5759431875426274,0.1830528065354947,-0.05567209200747636,0.47110090029649343,71.501944714,0.648323473481033,0.2374815319912033,-0.06758242383918127,0.6809905872236401,0.45134686232732685
28069,MS,Kemper County,1.076588700865218,1.5787148299387073,0.8978648505507703,1.5508311757703106,75.69618892,1.2085501435486106,1.7235004397480171,1.36831977159907,2.2099131683123936,1.9599587984556572
28071,MS,Lafayette County,-1.045511782975137,0.08817464433684308,-0.4984066759485355,-0.39328010208846836,75.97255787299999,-1.1660986967469738,0.13646084030782626,-0.7342829287738126,-0.5429925345153103,-0.6945097002546399
28073,MS,Lamar County,-0.7253112926244523,-0.3583456259623136,-0.3262019679791688,-0.02265815428291794,77.23580365800001,-0.8077915718660141,-0.33896770416402644,-0.4749651119154351,-0.018183442912928553,-0.4937038103316605
28075,MS,Lauderdale County,0.7549799471128098,0.8753411495585329,-0.5446980396984075,0.5362339484725608,71.261934317,0.8486671597113015,0.9745894779703701,-0.8039916813890386,0.7732204620299485,0.5396381823035572
28079,MS,Leake County,0.8868530117254185,1.2672119849843935,0.9762696668475545,0.8894121141451323,71.229801559,0.9962342623688749,1.391830515611652,1.4863871928270715,1.273328762139751,1.5497693923918185
28081,MS,Lee County,-0.34955166053877457,-0.0934302235664381,-0.8817437531054787,-0.2464958191611673,72.140175758,-0.38731328567884726,-0.05690135119674856,-1.3115385400831918,-0.3351426577319737,-0.629476377372429
28083,MS,Leflore County,1.424352323734985,3.217380890739998,-0.4508830891358583,0.7090848939628008,65.62439886899999,1.5977006526942508,3.46825576662316,-0.6627186090356131,1.0179813247431826,1.6320896170144807
28085,MS,Lincoln County,0.7556712916946083,0.3869223789084396,0.0971131928739142,0.3748543839128446,71.683951349,0.8494407802923786,0.4545498724507099,0.1624922761543602,0.5447033351268014,0.6054793465531065
28087,MS,Lowndes County,0.13587079546676417,0.9153166806857543,-0.25139919658737053,0.3453014904691528,72.51266931100001,0.15587865126512676,1.017153074390239,-0.3623219002343233,0.5028557671286343,0.3954565774729419
28089,MS,Madison County,-1.8441680787385746,-0.7984673049476791,-0.7489653295860648,-0.8911186052428477,75.520940351,-2.059802016156843,-0.80758340461214,-1.1115915623322903,-1.2479431564418255,-1.5735947719945587
28091,MS,Marion County,1.5725880943252257,1.6213554399369605,0.43972946334824836,0.7756437790159961,68.88576131499998,1.7635777652075142,1.7689016555389137,0.6784276668137637,1.1122302169355074,1.6025615102846877
28093,MS,Marshall County,0.839175451832912,1.252246789581616,0.9126221704495653,0.9854765320134016,69.72187150699999,0.9428826594787164,1.3758964549623727,1.390542369482497,1.4093581586049837,1.5410083395117689
28095,MS,Monroe County,0.7426237204972364,0.8148506350662895,0.33502779233337215,0.38120634927556063,71.824100167,0.8348404349984352,0.910182732807081,0.520760614215924,0.5536978622767309,0.8488213817611631
28097,MS,Montgomery County,1.371974917084331,1.594103383897625,0.3896265389058137,0.9874084364973478,68.82859791899999,1.5390898805334623,1.7398852677096084,0.602979201218133,1.4120937792105241,1.593804044362847
28099,MS,Neshoba County,0.9380117577972609,1.7657979425570443,-0.04836748294764817,0.8105339415794474,66.47242193199999,1.0534813427760323,1.9226955443012979,-0.05658263587324754,1.1616354791689008,1.2286779969026032
28101,MS,Newton County,0.8204319538814809,0.9994332203427966,0.776895117321649,0.5814472453203867,69.893520838,0.9219085227625792,1.1067154227879128,1.1861551403481267,0.8372435167560697,1.2198850208755185
28103,MS,Noxubee County,1.269510584274894,2.6795821027207016,0.5557443277745265,0.8827985511236921,71.334247297,1.4244314037410433,2.8956392203789356,0.8531309122761052,1.2639638067665249,1.937946144199305
28105,MS,Oktibbeha County,-0.34093061329856744,0.598180041694179,-0.16748895546336276,-0.0685009565211871,75.203746899,-0.3776662590714911,0.6794846174275927,-0.23596402769457547,-0.08309789156235461,-0.005191274509597859
28107,MS,Panola County,0.8800920057718329,1.2189844086421115,0.5347531535978874,0.6780676517956686,70.47788465100001,0.9886686380880402,1.3404806263704432,0.8215209433910017,0.974060205710361,1.241774131110428
28109,MS,Pearl River County,0.6324416080814879,0.13515105076131542,0.6593844025382264,0.16572409449536718,70.67218678299999,0.7115456959124333,0.18647855734437185,1.0091993394618621,0.24857009783316839,0.6490142551226658
28111,MS,Perry County,1.1283376476227691,1.0926725154866372,1.0110317349164546,0.8130556162038995,70.399636423,1.2664576636401905,1.2059911451378043,1.5387343307619594,1.1652062276818027,1.558382188479429
28113,MS,Pike County,1.2048981120196744,2.359422642891346,-0.14442614847292184,0.6629696713147728,69.692084478,1.3521294870891878,2.554752241421437,-0.20123445014753683,0.9526811226093068,1.4024169151826182
28115,MS,Pontotoc County,0.5277703488851238,0.2279145087904097,0.8046724746005276,0.40300545008364846,72.742862109,0.5944176493587134,0.28524763629660094,1.2279842153635168,0.5845658838835991,0.8105071326259262
28117,MS,Prentiss County,0.60500132393201,-0.09061223137577541,0.22353843851381325,-0.11613609640102968,71.97873418999998,0.6808397800384511,-0.05390091870878511,0.35287219713163503,-0.15055033100020646,0.249653775170793
28121,MS,Rankin County,-0.9211878285686266,-0.6111756310421128,-0.46187977557642523,-0.3728486739149034,76.90951427300001,-1.0269791138617599,-0.608166236256125,-0.6792781837073533,-0.5140611684065399,-0.8515318048244712
28123,MS,Scott County,1.2601237668854535,2.2666201159334363,0.6925629234786913,0.6839868170301303,70.733749673,1.4139274736973715,2.4559415641696543,1.0591618620800116,0.9824418780536622,1.7796833335707307
28125,MS,Sharkey County,1.1961925454536029,3.2499678721026952,1.4607536856258398,1.0041843045692487,66.69310664400001,1.3423878826233961,3.5029524694349243,2.2159568981728004,1.4358487892302623,2.5581153389765596
28127,MS,Simpson County,0.7357652939196331,0.6177218292065574,0.3921161417575028,0.8519967600420412,70.599599756,0.8271657961946757,0.7002915644160547,0.6067282182105096,1.220347771361712,1.0099018162521056
28129,MS,Smith County,0.7923027459556891,0.42014283632918203,1.1125688994052212,0.44444137359996705,72.779416847,0.8904316952098458,0.4899210633434575,1.6916360495111402,0.643240092221941,1.118491313847544
28131,MS,Stone County,0.6540345589318357,0.5527978070521419,0.7376411132282749,0.4862638767713029,71.51355165100001,0.7357083951275736,0.6311642808249823,1.1270437329744425,0.7024617061275538,0.9622882609427693
28133,MS,Sunflower County,1.317015089115779,2.9950672560480855,0.43052001094921233,1.6241638811067731,67.22351604,1.4775893565280285,3.231549272454349,0.6645594333679975,2.3137539437987007,2.3143522311195475
28135,MS,Tallahatchie County,1.7160912345030654,1.9594427565116832,0.8296900384221974,1.6797340114547004,71.044355819,1.9241590232567998,2.1288771628452805,1.2656574015954785,2.3924425098720263,2.321482464879349
28137,MS,Tate County,0.2750545397346002,0.7021370643295848,0.7172745267115856,0.6050458195714057,70.84163155,0.3116264678414121,0.7901719461933518,1.0963743115942521,0.8706596336080764,0.9238898677807889
28139,MS,Tippah County,0.8867356889760106,0.6850670131427619,0.8342714978325008,0.37423508498232144,71.54401858300001,0.9961029771950844,0.7719967587950866,1.2725564815702053,0.5438263937824406,1.0791293815343266
28145,MS,Union County,0.47861499296543963,0.44132008338669576,0.5266737141302086,0.30743992978151863,73.37821315299999,0.5394123799014657,0.5124693515493414,0.8093543619490438,0.4492429376975216,0.6955831784442935
28149,MS,Warren County,0.08697498091055725,0.4846620415210122,-0.5861538160351834,0.2660057316281741,70.926672633,0.10116381084386625,0.5586173216214562,-0.8664186704219649,0.39057117251231854,0.05537429270080065
28151,MS,Washington County,1.0989386763293056,3.272778759056584,0.03766624504386354,0.612077993335288,66.90216096400002,1.2335599598700244,3.52724016140316,0.07297293076616751,0.8806173512955067,1.7203505360251479
28153,MS,Wayne County,1.3332981218705162,1.0243437359222938,0.6659933720133677,0.7977923927243051,70.94316721100002,1.4958102113565221,1.1332386759339996,1.0191515849967645,1.1435931567434008,1.442597399963078
28155,MS,Webster County,0.4787960102407227,-0.05037952726412368,0.27600173060001915,0.9557281071708134,68.974638982,0.5396149398019501,-0.011063499607622684,0.4318750683621848,1.3672337137072101,0.7007556761818179
28157,MS,Wilkinson County,1.755506643393558,2.1893214293491576,0.549492711072104,1.315705192498657,68.63370917799999,1.9682652075418157,2.3736384650791518,0.8437167933810747,1.8769694383915358,2.1262338535110588
28159,MS,Winston County,0.9143743225519156,1.4952737905814426,0.21927883091014574,0.838634329289207,72.31736385900001,1.0270308477969532,1.6346573243744085,0.34645778397486526,1.2014262660744053,1.2673162520900774
28161,MS,Yalobusha County,1.1059142770105548,1.0095565407051315,0.7674150960151267,0.9322556863629158,69.67631829599998,1.241365717511678,1.1174941394223503,1.1718794654379172,1.3339962329944797,1.464556992012855
28163,MS,Yazoo County,1.365564546208072,2.3433263811301885,0.3359526497746068,0.9476671899499556,70.331517718,1.5319166199442065,2.5376138877798033,0.5221533288251486,1.3558192719311393,1.790530474556682
29001,MO,Adair County,-0.17595655426177353,-0.09051677647058391,-0.7750550010566535,-0.3604104171500531,75.86334305599999,-0.19305885666346756,-0.05379928393505471,-1.1508792027695591,-0.49644831446594423,-0.5702556321465526
29003,MO,Andrew County,-0.3690143524267385,-0.7396383101113917,0.6860300917104081,-0.20452299912200353,78.483972949,-0.4090922066454667,-0.7449457479408766,1.0493242699953886,-0.27570819172916483,-0.1145282230736414
29005,MO,Atchison County,0.20391482724949192,-0.08752745275943494,0.20615166335985338,0.08211704611726076,73.87438315799999,0.2320205127803169,-0.05061642771221273,0.3266899827874465,0.13018061936145303,0.19215631463405816
29007,MO,Audrain County,0.7565908670077013,0.6394319139712724,-0.12196584761966156,-0.13633436293869144,73.874298639,0.8504697930405632,0.723407186900861,-0.16741216821384022,-0.17915153493952238,0.3694898151097492
29009,MO,Barry County,0.6341475712753872,-0.05995955875880221,0.09403169616235729,0.17532211685337545,74.53605909100001,0.7134546835173223,-0.021263754181637985,0.15785194425333368,0.2621611153773545,0.33483549312118704
29011,MO,Barton County,0.755902709729039,0.33388928792701117,0.515636148838529,0.9708867095365792,75.355600525,0.8496997390793298,0.39808335361327496,0.7927332290623673,1.388698638773421,1.0323851503123795
29013,MO,Bates County,0.7407629694062166,0.21127679885341344,0.504059209865568,0.782010030202812,74.728057653,0.8327582383946379,0.2675327804550252,0.7752998698019169,1.1212449731366656,0.9022149026076404
29015,MO,Benton County,0.8334310743394142,-0.11653880454344749,0.564947887137473,0.5142912912957299,73.74472704100002,0.9364546512590166,-0.08150601026709461,0.8669902715785832,0.742149161346059,0.7418280760624342
29017,MO,Bollinger County,0.9208971789702902,0.039811687153447066,0.5170770734672936,0.3957148729464349,73.29631733599999,1.0343299806831003,0.0849668055025268,0.7949030735073588,0.5742422611535023,0.7491600038330369
29019,MO,Boone County,-1.5011112297063138,-0.40406520630071513,-0.9188523355853803,-0.8233174897168469,78.24528988500002,-1.6759184277436936,-0.3876472266403238,-1.3674192224923447,-1.1519352377000642,-1.3797148110620572
29021,MO,Buchanan County,0.10803510662776711,-0.05244925903400173,-0.4382994748209199,-0.45033314459664153,73.43524979800002,0.12473027411536412,-0.013267228370352789,-0.6437693280849545,-0.6237809378712165,-0.3480467956514496
29023,MO,Butler County,1.0163509111538616,0.6492243825247119,-0.5448718169282619,0.5171136493514831,70.149713513,1.1411435345923862,0.7338336319713816,-0.8042533672186362,0.7461456844235147,0.5469791473234005
29025,MO,Caldwell County,0.4411067215391115,0.09932165336872416,1.0099472731850914,0.4669940935287971,74.832765467,0.4974402989739715,0.14832952048149728,1.537101272920744,0.6751752556117303,0.8604315105730888
29027,MO,Callaway County,-0.3591296390926723,-0.42661859513973727,-0.11444437467413912,-0.4882843282758368,75.950228022,-0.39803112672293817,-0.41166074974748357,-0.1560858115375803,-0.6775206754929163,-0.494724549944683
29029,MO,Camden County,0.09554660501513812,-0.8337841883785095,-0.3723206740318708,-0.05208754056448808,76.804762824,0.11075553253395183,-0.8451867467259313,-0.5444138645711835,-0.05985612196578825,-0.4030237988128241
29031,MO,Cape Girardeau County,-0.6380013547665174,-0.2938484814252792,-0.6157672265027959,-0.6801347342028548,75.811117752,-0.7100909944148374,-0.27029493477488076,-0.9110126019279395,-0.9491852054924498,-0.8551742896406991
29033,MO,Carroll County,0.2126633582641346,-0.5422784530744001,0.13245308372015785,0.2005947517053937,74.854556652,0.24181019483656682,-0.5348085698338091,0.2157095397839439,0.2979477400433203,0.0664306493622685
29035,MO,Carter County,1.0350609715757475,0.19591446742463717,0.3065242816209379,0.9514661208384169,71.52548840799999,1.1620802544230546,0.25117587270258646,0.47783804689527515,1.3611986443089448,0.9791217082506795
29037,MO,Cass County,-0.8277221164502341,-1.0647680211981465,-0.08021872057414155,-0.51272075364746,77.048154193,-0.9223901716417934,-1.091124758365125,-0.10454644303587726,-0.7121232085518041,-0.8520435634140318
29039,MO,Cedar County,1.0062362930819078,-0.09515155469201206,0.1903813204812085,0.6787768269815164,74.74320542000002,1.1298251892748583,-0.05873412342685905,0.30294190449956526,0.9750644138725473,0.7072094587306984
29041,MO,Chariton County,0.08237792472512037,-0.8580770296115527,0.5379594110708666,0.10939435781733495,75.639224136,0.0960196651153068,-0.8710523365249648,0.826349148716995,0.1688059119525481,0.06626912822291266
29043,MO,Christian County,-0.8593265428565288,-0.9524854087445087,-0.10065482005802276,-0.4913510735175508,77.16945232699999,-0.957755798804791,-0.971572830806348,-0.1353205418729625,-0.68186325637354,-0.8268535738662841
29045,MO,Clark County,0.8184087121213216,-0.16600571667632305,0.5009066469821255,0.3680076681141313,77.18771593299999,0.9196444976912003,-0.13417547142972816,0.7705525215204257,0.5350082301281421,0.6295167017592523
29047,MO,Clay County,-1.1824448608496383,-1.0451390126368914,-0.5083271102438512,-1.05299510667253,78.025096999,-1.3193279981155566,-1.0702249435292814,-0.7492218081696412,-1.4771639572338369,-1.3896552507675175
29049,MO,Clinton County,-0.10850670402368987,-0.5800185652383835,-2.3777935032247288e-4,-0.05343231897853576,75.541830367,-0.11758188944836288,-0.5749920235039099,0.01589441664217792,-0.06176035872797032,-0.22231162219782719
29051,MO,Cole County,-0.9159886839198073,-0.7954916543004074,-0.5962848855778935,-0.8238568008397731,77.132339268,-1.0211612259224927,-0.8044151066642298,-0.8816747390117001,-1.15269891449306,-1.162060440205037
29053,MO,Cooper County,-0.024857722846969563,-0.41793869037774256,0.13175845947105713,0.10133138242633384,77.260157338,-0.023977954264420183,-0.4024188972233312,0.21466352631580032,0.15738855576083183,-0.016360809568072444
29055,MO,Crawford County,0.8225161364309721,-0.06113785700404005,1.232892631245792,0.02500798021175339,70.77203971299998,0.9242407411055849,-0.022518336911581793,1.8728278869764674,0.04931288560313129,0.8501404676497154
29057,MO,Dade County,1.0102768364451906,0.4409119946654735,0.4561576046880504,0.4390719917602556,73.06274418599999,1.1343465923303913,0.5120348426599328,0.7031663037390453,0.6356369256462698,0.8987072417200653
29059,MO,Dallas County,1.0764322236511772,0.34628786453208094,1.067862888834924,1.331483506892315,72.28899185899999,1.2083750441894219,0.41128462939168886,1.6243146318899722,1.89931188975736,1.5484162856160906
29061,MO,Daviess County,0.22553964393233808,-0.07641013546372115,1.084568532976814,0.9222630590061252,75.86127130999999,0.2562188701383035,-0.038779361554405777,1.6494711518200689,1.3198464458140673,0.959391800158545
29065,MO,Dent County,0.6719155682861544,-0.0631572193497159,0.35078877287761134,0.522037542082151,71.14277789299997,0.7557173996256573,-0.024668435271333115,0.5444945940500092,0.7531180283077069,0.6107403942994432
29067,MO,Douglas County,0.8967505228870251,-0.5542048545319741,0.4849493775313537,1.0814948513058078,73.003632049,1.0073096631713798,-0.5475071012620968,0.7465229562095219,1.545322278440308,0.8283996065442591
29069,MO,Dunklin County,1.1350102067984127,1.0879533723360248,0.18333212642307886,0.3237972443880789,68.88588734299998,1.2739243152096633,1.20096647882703,0.2923267381935987,0.47240526650873155,0.9753073250083609
29071,MO,Franklin County,-0.16754168127141233,-0.7249760445748887,-0.2988252820570191,-0.6909894360147625,74.88864203299998,-0.18364254082924567,-0.7293342292118185,-0.4337393956742031,-0.9645557096713087,-0.6958218688384815
29073,MO,Gasconade County,0.16517756086568836,-0.3759570106169936,0.2762220203305485,-0.27054286185566306,72.277327595,0.1886731758398667,-0.35771927162791506,0.4322067959477474,-0.369193816080651,-0.031921887539320314
29075,MO,Gentry County,0.3836698804974668,-0.1336342903964194,0.6032719256555681,0.26051688631395525,74.53529785699999,0.43316797586373174,-0.09970827900323116,0.9247012721598022,0.38279884294479793,0.494020515375078
29077,MO,Greene County,-0.23118264720515871,-0.37892333392683286,-0.7408041555841968,-0.7142059804877535,75.04383068300001,-0.2548573334842907,-0.3608776383750394,-1.0993018993484989,-0.9974308636851483,-0.8166042206270668
29079,MO,Grundy County,0.8032422337385315,-0.3856720674804467,0.05540347994524156,0.15869951128975646,74.09554324000001,0.9026730768855822,-0.368063293279963,0.09968289175369045,0.2386231285485644,0.26279639036936375
29081,MO,Harrison County,0.6752725219821207,0.22345966664108535,0.2771198877823267,0.8430252676410407,77.13452449900002,0.7594738599166546,0.28050438216059914,0.43355886715514286,1.2076439344595409,0.8071851798932117
29083,MO,Henry County,0.6096529808625245,-0.22462631293649613,-0.5601756160516809,0.8159679762365858,74.29717960800002,0.6860450244741477,-0.19659123754349073,-0.8272988914968116,1.1693301956017357,0.25032343278911906
29085,MO,Hickory County,1.8895351555428952,0.662780228504992,0.5571184398206257,0.7310725455603273,73.09705420600001,2.1182442746809897,0.7482671001746757,0.8552001456908885,1.0491163385481979,1.4362855327293629
29089,MO,Howard County,-0.07215489044140508,-0.5861799806530036,0.09018984110519995,0.1561710635231146,76.14392329400002,-0.07690389487498815,-0.5815523365676298,0.15206661191337478,0.2350427891125643,-0.08169054478385523
29091,MO,Howell County,0.8462598663443166,0.6216139925722783,-0.2734276385053048,0.47870954611885436,72.595044839,0.9508101807397434,0.7044357112485639,-0.3954938589705877,0.6917646024324008,0.587515457099208
29093,MO,Iron County,0.516196331554529,-0.3298739222186905,0.5493396308701801,0.6538050353071713,69.43401409900002,0.5814662236175913,-0.3086527071306429,0.8434862745745031,0.9397037899756245,0.618971861047956
29095,MO,Jackson County,-0.6069963672069363,-0.15914034561288629,-0.6492998928475471,-0.740299634883821,74.755235642,-0.6753961445185224,-0.12686562775843832,-0.9615084213076751,-1.0343800706634987,-0.8423994454717173
29097,MO,Jasper County,0.1575514123702601,-0.09984159038063148,-0.41033179213020177,-0.30391369196311613,73.82333576999999,0.18013944955381542,-0.06372779782257569,-0.6016536478374958,-0.4164476690658993,-0.2714589290052666
29099,MO,Jefferson County,-0.434610062201005,-1.3201418268987692,-0.016850138343898563,-0.5798785612146027,74.981077165,-0.4824943746059288,-1.3630317798742313,-0.009121628028610686,-0.8072201886200523,-0.801370866835977
29101,MO,Johnson County,-0.2915718657381457,-0.2780218997063685,-0.23024813587185658,0.3052568243739148,75.53142426100003,-0.32243339260482684,-0.2534437205947375,-0.33047116308745184,0.44615161088155575,-0.13854488827806413
29105,MO,Laclede County,0.782174741834373,0.4088959768104502,-0.09449676995850483,0.6738382815660152,72.262874964,0.8790983707870229,0.4779460682390075,-0.1260473220711231,0.9680713214539999,0.6620423701826411
29107,MO,Lafayette County,-0.47048724925355345,-0.6924250334048737,0.07369763672784277,0.14675285271378996,74.91413920600002,-0.5226412579774569,-0.6946758253474676,0.12723150441399547,0.2217063888032263,-0.26143061634413994
29109,MO,Lawrence County,0.7395489390746689,0.26789802985317024,0.23252058689964927,0.22859324388575064,73.59951268800002,0.8313997279278403,0.327819739930311,0.3663981403975261,0.33759424056605447,0.5609307864191861
29111,MO,Lewis County,0.8552254697097734,0.159096779122143,0.6415541744381658,0.9301829322502067,75.38597903899999,0.960842768638599,0.21197456175483081,0.9823493428530754,1.3310611661171756,1.0495492097731025
29113,MO,Lincoln County,-0.3450940870068793,-0.5105143810453707,0.7937240054194779,-0.02972328987571987,75.72325658500002,-0.38232522224893306,-0.5009880525230431,1.211497249592081,-0.028187835298377314,0.09031558626629518
29115,MO,Linn County,0.29316369595620406,-0.024581881703391095,0.5474948588903933,0.2144354187552972,74.984775034,0.33189077066205,0.016404317411126912,0.8407082887224268,0.3175464387837463,0.4535556025832569
29117,MO,Livingston County,0.28829622212510664,0.02202166818376331,-0.13786856568793265,-0.40277473657009766,76.112213816,0.3264440252434414,0.06602503871729924,-0.19135958626185273,-0.5564371524795297,-0.10697346744399988
29119,MO,McDonald County,1.1541524549507485,1.1696998154612193,1.2530867437848383,0.48483880819558434,72.20619140000001,1.2953446568578273,1.2880052877140802,1.9032375850548118,0.7004437766737742,1.5615860062633469
29121,MO,Macon County,0.5584294652457202,-0.7200504989012553,0.15727403556751718,0.17792856866920273,75.94410823000001,0.6287254663846177,-0.724089797623581,0.253086654041175,0.2658519103177755,0.12751949159251544
29123,MO,Madison County,0.6310828927000652,-0.2170283328110898,0.07442208830492908,1.1090073701228842,72.25966024100002,0.710025281620388,-0.18850135479409652,0.12832243394551007,1.5842806296485281,0.6725969515969453
29127,MO,Marion County,-0.10313835959455475,-0.3423509844815539,-0.6932657116728064,0.03678235599855603,73.866151018,-0.11157466548793897,-0.3219375498253398,-1.0277152067585429,0.06598566900801207,-0.4200456616277388
29129,MO,Mercer County,0.3507413943407891,-0.47272723291217195,1.271885947967647,1.4396344455658774,75.755212657,0.39632071436029087,-0.46075451771694614,1.9315467331892984,2.052456074059678,1.180009092990662
29131,MO,Miller County,0.39754359267587946,-0.8349049151279984,0.4134618949615302,-0.24068722132293166,74.87630801999998,0.4486927800782059,-0.8463800307103363,0.6388721368370014,-0.3269175513317252,-0.025810318510925443
29133,MO,Mississippi County,1.3246606781055792,1.4595263253829416,0.7681771306388696,0.20579770178878853,70.02088652299999,1.4861448368958334,1.596595524097133,1.1730269901329717,0.3053152354738704,1.3731404959893392
29135,MO,Moniteau County,0.06893161548797777,-0.5091871597346068,1.0883529426323157,-0.24059857355017072,74.770572585,0.08097312849775114,-0.49957490526425075,1.6551699788819692,-0.3267920240730976,0.27389342083535434
29137,MO,Monroe County,0.7649392345201116,-0.25061109172930596,0.7407732718017607,0.13119497537039615,76.07249695899999,0.8598116886683472,-0.22425830303104824,1.1317603550279758,0.19967608130473036,0.5921737500831747
29139,MO,Montgomery County,0.4692629113100725,-0.38373297141470436,0.9506632728099262,0.3258779070367725,73.748339371,0.5289473194453851,-0.36599865773831264,1.4478273051343709,0.4753515320525218,0.6280408420895791
29141,MO,Morgan County,0.9501347484788099,0.7853171060240535,0.8525300037970883,0.2777499921095937,73.82789388100001,1.0670470744565403,0.8787371665928969,1.3000514087511439,0.40720131196112774,1.09976806828229
29143,MO,New Madrid County,1.2012006878448154,0.9363441054875944,1.298257211469599,0.222095917710157,68.988004657,1.3479920373803878,1.0395418406624453,1.9712584144770116,0.3283938792052462,1.4111047152590566
29145,MO,Newton County,0.09760033974282785,0.18404397154865523,0.745089745178918,0.0794109962333798,74.31350496100002,0.11305367950037516,0.23853686625233916,1.13826040061843,0.12634879129568669,0.4865663506987912
29147,MO,Nodaway County,0.13030809096173612,-0.61998955634819,-0.14531315918017654,0.30881122679293926,80.220392625,0.14965393669465232,-0.6175507859800253,-0.20257017251452467,0.45118472539558396,-0.06601621337244164
29151,MO,Osage County,-0.2595126919594731,-1.2355312051740392,0.6332383068823738,-0.5126857081248293,77.91251664900003,-0.28655889918942135,-1.2729433619251505,0.9698267315651483,-0.7120735832961886,-0.39189915738821096
29153,MO,Ozark County,1.579582302990811,0.44459747838086994,0.8934961696536722,1.1957785581008786,74.116682048,1.7714043453449733,0.5159589291461113,1.3617411082968571,1.7071506016229963,1.6125317808424784
29155,MO,Pemiscot County,1.606119612675577,1.8498558348984475,0.2703491767202589,0.911303226131275,65.585463034,1.8010998249640409,2.012195448483633,0.42336305989819706,1.3043270736634958,1.6681459512274581
29157,MO,Perry County,0.15486239990111722,-0.7724887850980741,-0.032122792114567034,-0.1202812157150486,76.401799178,0.17713042128676804,-0.779923003279506,-0.032120251470126225,-0.15641991404744437,-0.23823533575149705
29159,MO,Pettis County,0.3777783824592046,-0.28601600358631635,-0.08400433133076686,-0.1178850109025471,74.66781209999999,0.42657533847888696,-0.2619553726401286,-0.11024707879932165,-0.15302683363656178,-0.029700345606473486
29161,MO,Phelps County,-0.12388010147567624,-0.7385371177136053,-0.5759265413875905,-0.13271963981406015,73.14569886299999,-0.13478485448642605,-0.7437732629862467,-0.8510177294993938,-0.17403300493701113,-0.5730925396439165
29163,MO,Pike County,0.6941187446405641,-0.11261704249235478,0.4903364553090366,0.6353123144017777,75.53470476900002,0.7805629464705747,-0.07733034849374046,0.7546351923093823,0.9135176773692879,0.7139194161502465
29165,MO,Platte County,-1.898122099574282,-1.383623526933962,-0.5866944563213257,-1.1506639033731179,79.12870229499998,-2.1201770332601493,-1.4306233636294547,-0.8672328041373627,-1.6154651905467268,-1.8164198557370475
29167,MO,Polk County,0.402487278650006,-0.6540922947337997,-0.2848225702535918,0.3543053086816722,74.586415715,0.45422480754563294,-0.6538613777977547,-0.41265313910328677,0.5156053781137464,-0.029107381424229896
29169,MO,Pulaski County,-0.21730838953324305,-0.20443195485278892,-0.4792069266739809,1.1299740934385512,73.729049851,-0.2393319188578572,-0.17508947175837217,-0.7053706120037543,1.61396998583028,0.14877516205604635
29171,MO,Putnam County,0.6331453567980168,-0.9175405322906534,-0.05916470183326301,0.28118029597240285,73.36169266600001,0.712333196827819,-0.9343655798610004,-0.07284183843847448,0.41205870010238677,0.03527907027642955
29173,MO,Ralls County,0.3480071628366934,-1.003565023941985,0.6776960316179897,0.21462243646897466,75.46631838900001,0.39326108560107664,-1.0259594034231936,1.0367742631214947,0.3178112601118132,0.21732835055408162
29175,MO,Randolph County,0.6793707992156123,-0.2588058710657427,-0.0695344062506796,0.09078052419486889,73.668217979,0.764059867673511,-0.2329836225100047,-0.08845726000679476,0.1424483009894502,0.1761379164337341
29177,MO,Ray County,0.15937225779803993,-0.5635917572854565,0.6631157375761246,0.04026185610393748,73.09677595299999,0.18217699137446003,-0.5575017237015149,1.0148182430760833,0.07091272014556017,0.21387193626145626
29179,MO,Reynolds County,1.1541600537844747,0.5308278921604377,-0.00966204729454645,1.2616338090314454,73.974767782,1.2953531600186499,0.6077720064896303,0.001702699019572099,1.8004031319244413,1.1154813869287044
29183,MO,St. Charles County,-1.9285334382785315,-1.353015058365986,-0.5984520001433674,-1.1857809095509062,79.082650235,-2.154207584940338,-1.3980332649760703,-0.8849381307309362,-1.6651916684876114,-1.8371542502830749
29185,MO,St. Clair County,1.2637152033814196,0.09488810352351337,0.3493144559986323,1.072833942145829,74.979749728,1.417946322274564,0.14360893713969336,0.5422744652340055,1.533058234457991,1.0949063169118602
29186,MO,Ste. Genevieve County,0.36268567594736517,-0.29835865509648346,0.06000348639524096,0.02718143160286879,76.508425652,0.40968646903647404,-0.2750971026638756,0.10660990114974307,0.0523905421125932,0.08838692331595385
29187,MO,St. Francois County,0.6977257605339886,-0.35050906745766525,-0.38744994708371494,0.2579800969673718,71.86353525199999,0.7845992285285984,-0.3306237971762488,-0.5671965753618572,0.3792066916422378,0.08007649935465835
29189,MO,St. Louis County,-1.6411379916881041,-0.43965865386987363,-0.9896155555399712,-1.2765775288421035,76.345893331,-1.8326095884509634,-0.4255450379965761,-1.4739793968852422,-1.7937617425831178,-1.6636031268295268
29195,MO,Saline County,0.12894336460947592,0.04335764766569359,-0.15593969129728577,-0.20716647449102274,74.80215095199999,0.14812679607412396,0.08874233588094065,-0.218572343081629,-0.27945141286137937,-0.07862212163539117
29199,MO,Scotland County,0.5396788218932066,-0.29782544240363146,0.481030025830388,0.730421596101105,76.51586993500001,0.6077433339027176,-0.274529369122268,0.7406209240375827,1.048194579336699,0.6388493391824751
29201,MO,Scott County,0.35170833360641446,0.23537897910842243,-0.22987437987510254,-0.05662828220837515,72.596518143,0.3974027277820108,0.29319536564866044,-0.3299083353328632,-0.06628591521316428,0.0886319927701973
29205,MO,Shelby County,0.6994246464148013,0.204784512116587,0.8450145931034957,0.6966459319338714,75.69647037399999,0.7865002965587822,0.2606201750507613,1.2887341810351443,1.0003674721326403,1.0043891151206854
29207,MO,Stoddard County,0.7827314540843091,-0.18930276084053727,0.4063509778387547,0.18807117118424316,73.49425074000003,0.8797213366214667,-0.1589807950269484,0.6281640236507636,0.28021406572686397,0.4904556588233603
29209,MO,Stone County,0.24405436206233425,-0.32521880226825656,0.5728051348500487,-0.10337794742320311,76.04208648100001,0.2769370002507052,-0.30369620896115573,0.8788222612341915,-0.13248450242414514,0.21663331641702263
29213,MO,Taney County,0.2230122573840522,-0.36275477292614355,-0.019934748463628665,0.5256725498489678,74.92896323900001,0.2533907026780122,-0.3436623047517483,-0.013766648316034887,0.7582652818240356,0.19695886083548791
29215,MO,Texas County,1.1492072343116804,0.34065803807919504,0.6085153581611581,0.45695304628038524,72.59187488,1.289810912087025,0.40529032101609946,0.9325971972261234,0.6609569047655997,0.9900688558539233
29217,MO,Vernon County,0.5740411799963028,0.36083948806787935,-0.2196811649281381,0.658711904724649,72.565124174,0.6461951105460509,0.4267783430201697,-0.31455868387452324,0.9466520284618922,0.5133202972009683
29219,MO,Warren County,-0.20652573205230396,-0.3645838189375311,0.3061734877312763,-0.5742229156700421,75.59144174900001,-0.22726603164968917,-0.34560976546250943,0.47730979707732885,-0.7992116661398263,-0.2693780314219749
29221,MO,Washington County,1.0096843758169387,0.24492825674026159,0.2430609416863483,0.6997051709552423,69.66784121699999,1.1336836237506691,0.3033628753167461,0.3822705391514891,1.004699424034859,0.8501866151369097
29223,MO,Wayne County,1.3645270496735027,0.7408787428119684,0.43406481547866826,0.8733899308684051,71.24133879,1.5307556523267978,0.831421808823185,0.6698974463794172,1.2506409868994197,1.2893365809105877
29225,MO,Webster County,0.1361679016646647,-0.18543565399889653,0.4212913873777516,-0.10624101961048833,74.74410164800003,0.15621111567652554,-0.15486332690885685,0.6506623306384678,-0.13653867763610408,0.15518568185981982
29229,MO,Wright County,1.2350359208616788,0.8039492630619826,0.4231705170683132,0.868486167327465,72.889319341,1.3858539564819856,0.8985755925057426,0.653492054719164,1.243697146404836,1.2589006963908635
29510,MO,St. Louis city,-0.47079055942856496,0.48251096950339323,-0.9117663661220113,-0.4456682049661756,71.52129020000001,-0.5229806646930321,0.5563269865428144,-1.3567486772254127,-0.6171752774554193,-0.5842222066051019
30001,MT,Beaverhead County,-0.46984665406293663,-0.8371933040986305,-0.450930861642475,-0.6111712639505602,79.089602063,-0.5219244264051157,-0.848816572811245,-0.6627905481960912,-0.8515313660715763,-0.8685650050759538
30003,MT,Big Horn County,0.5023644494692939,1.6587712091770705,-0.13569566870045405,1.1608583924441078,64.603903774,0.5659882276400551,1.8087397679233803,-0.18808748696970484,1.6577028543283605,1.1573619753400293
30005,MT,Blaine County,0.07922144961873645,1.0241477270323378,-0.08066016584387162,1.563322735941946,69.95469169300002,0.09248754210422681,1.1330299771862522,-0.10521120200187037,2.2276015010870407,1.0079071612860233
30007,MT,Broadwater County,0.048479149264247186,-0.8803504080013596,0.4514986097904691,-0.04394708646540711,80.24530728100001,0.05808664146794083,-0.8947677209603502,0.6961504654391423,-0.048329054164582365,-0.05685730384513073
30009,MT,Carbon County,-0.5768882738513514,-1.2016269943093036,-0.12354205411194076,-0.4179598136379414,80.383221857,-0.6417049270126649,-1.2368441505453653,-0.16978572949050727,-0.5779395663248867,-0.7906552067820491
30013,MT,Cascade County,-0.2117438783474093,-0.8150011849723141,-0.6975413558953948,-0.5746093451570763,75.50376231699998,-0.23310518259589705,-0.8251877084645004,-1.0341537689705702,-0.7997588590658242,-0.8707153281248241
30017,MT,Custer County,-0.15460480489712258,-0.8310720315806321,-0.4946707131698271,-0.16338074375777537,76.18876561799999,-0.16916606400206938,-0.8422990015448886,-0.7286570563858686,-0.2174498241607603,-0.5893384436605056
30019,MT,Daniels County,0.3953570444475802,-0.7393646203017307,0.8226082107043611,0.3107902776958332,NA,0.4462460136530907,-0.7446543391146732,1.2549930932568056,0.4539871064006278,0.42466088394286905
30021,MT,Dawson County,-0.27512963115280686,-1.3397990437318699,-0.45068237548442486,-0.002236764309509656,75.25752908400003,-0.3040343895475898,-1.383961629220303,-0.6624163604704191,0.010733708876542142,-0.7043739000286869
30023,MT,Deer Lodge County,0.7304501789023718,0.4635188406108267,-0.8257113976263479,-0.6085746767342068,75.15902021199999,0.8212181364076443,0.5361052837525575,-1.2271611251587085,-0.8478545396279472,-0.21606543316040575
30027,MT,Fergus County,-0.10741739786131797,-0.9611673187615175,-0.4430760815776041,-0.2948011984696167,76.67165810799999,-0.11636294640824724,-0.9808168184082026,-0.6509622744958892,-0.40354417141587584,-0.6477776743821978
30029,MT,Flathead County,-0.7924418170841587,-1.265797899579801,-0.5894086679830848,-0.5108767079319164,77.39958300900001,-0.8829112107665201,-1.3051695595346453,-0.8713200526854346,-0.7095119979568087,-1.1346531710465806
30031,MT,Gallatin County,-2.1223010749852085,-1.2193427425081729,-0.7392114570113996,-1.004852344980185,81.959516956,-2.371035250404902,-1.2557068381782814,-1.0969035031508485,-1.40899271378593,-1.846266504646337
30033,MT,Garfield County,0.0889495225831016,-1.0493361219524948,2.4017712679241208,0.9895077401490052,NA,0.10337334009496814,-1.0746937788893642,3.633006570881793,1.4150664408376814,1.2273301225587574
30035,MT,Glacier County,0.9676749626010182,2.4542313633050354,-0.2344786800222236,1.9292375104621993,66.89653759299999,1.086674726135155,2.655698995572868,-0.3368418104764379,2.7457451284596357,1.8518778042004667
30037,MT,Golden Valley County,0.23230444400826197,-0.03071069247737517,1.9392762520156448,1.6529045736221757,NA,0.26378874007493025,0.009878719852775348,2.9365494342127927,2.3544514168445914,1.6752758275000856
30039,MT,Granite County,-0.1445531234165503,-0.7395338882526807,1.2508077103797086,0.9159302353417181,79.94652791300001,-0.1579181452759657,-0.7448345656819733,1.8998056581688716,1.3108790237434802,0.6948163711432607
30041,MT,Hill County,0.08838973411156824,0.04299862976799189,-0.5005091271981732,0.5479658402981687,72.94331508300002,0.10274693194188582,0.08836007472081615,-0.7374489459781982,0.7898330871813469,0.07330442920104559
30043,MT,Jefferson County,-0.8779711348637089,-1.3265775577931322,-0.19047769886776375,-0.3609011658551088,76.303142965,-0.9786192589117844,-1.3698841679408906,-0.27058207514660654,-0.49714322577281705,-0.9381588207678403
30047,MT,Lake County,-0.3181271420993941,-0.2725940051276142,-0.36899639461437117,-0.022443806080074798,75.757086733,-0.35214897709065135,-0.2476644174123873,-0.5394079335990373,-0.017879920991772033,-0.3483520749566331
30049,MT,Lewis and Clark County,-1.3044862773561365,-1.5003248188084268,-0.8491141564682644,-0.8512106165920473,78.31976107199999,-1.4558934013007663,-1.5548800413759978,-1.2624026258291108,-1.191432538558793,-1.6451522704582782
30053,MT,Lincoln County,0.9533816553400868,-0.22835888585815095,-0.24426727386005326,0.6370486796080651,76.28537010799998,1.0706803913854004,-0.20056546184934027,-0.35158215534895376,0.9159764099187153,0.43186735060475234
30057,MT,Madison County,-0.4124771569298188,-1.4625923875810296,0.13294735382271894,0.7370748683212803,80.28765795400001,-0.45772746171239764,-1.5147047659158108,0.21645384605434684,1.0576157638367747,-0.2102461363267694
30059,MT,Meagher County,-0.4555942449020535,-1.2897825642748226,0.7147472003779609,1.287135162812088,80.761717897,-0.5059758569839066,-1.3307070210656973,1.0925684879611328,1.8365136277855003,0.32887315732379807
30061,MT,Mineral County,0.04954267701721149,-1.1461969696498073,0.10536723006660359,0.0247612792685927,77.369157078,0.059276738244427335,-1.1778255175810715,0.17492177898454309,0.04896355146724374,-0.26934364564117796
30063,MT,Missoula County,-1.2441860590980767,-1.2280305721275289,-0.9635621965062711,-0.9757312964406301,78.569755887,-1.3884169342595172,-1.2649571286248553,-1.434746438239022,-1.3677566479753565,-1.6425236141482056
30067,MT,Park County,-0.8534926206539025,-0.9785263372650954,-0.7050260016390505,0.16590066473162074,78.08785442300001,-0.9512275892792126,-0.9992996812244566,-1.045424668686903,0.2488201252960343,-0.8270400436426506
30069,MT,Petroleum County,0.09445892129593453,-1.0115286711169111,3.033122030056887,1.2894030858876542,NA,0.1095384050218083,-1.0344386269588368,4.583738425072828,1.8397250583447518,1.6553745170676146
30077,MT,Powell County,0.2174801911170408,-0.7056974028863306,-0.09199136432476931,-0.2883657383235377,75.827236007,0.24720027256151583,-0.7088074644330441,-0.12227450815130537,-0.3944314137572845,-0.29452686479206125
30081,MT,Ravalli County,-0.46481091276383446,-1.2561335211395033,-0.2162986701870221,-0.22136000693615754,78.877957035,-0.5162893882309096,-1.2948794972895035,-0.30946508822232316,-0.2995497770118701,-0.7286104236875779
30083,MT,Richland County,0.275895796958319,-1.112101912200784,0.02689678246658847,-0.23469599953477333,76.19274598199999,0.3125678419685594,-1.1415231039732565,0.056755525579000626,-0.3184338452726295,-0.32834159629464055
30085,MT,Roosevelt County,0.5578624295842817,2.4008252214953196,-0.30156260995474127,1.1434638197976619,60.434540366,0.6280909485631975,2.598835274135453,-0.43786145425688205,1.6330717445858192,1.3313099707229765
30087,MT,Rosebud County,0.3293754494589215,0.7911841218439182,-0.2992941892141972,0.6954209685941646,65.900872768,0.37241203679205037,0.8849840202682359,-0.43444550865881637,0.9986328962356538,0.5483983127171674
30089,MT,Sanders County,0.8097751362613489,-0.49419330776225834,0.09161266835684401,0.7420304252685666,75.01032445400001,0.9099834514497017,-0.4836103327836685,0.1542092040701965,1.0646329449705094,0.49530164512811103
30091,MT,Sheridan County,-0.29840843981582493,-1.240864689216119,0.19574551429710113,-0.007177503445618877,76.56945669500001,-0.3300835782717074,-1.278622142315996,0.3110196803394101,0.003737510099813938,-0.3895507465032127
30093,MT,Silver Bow County,-0.03948960111417993,-0.41638449009609746,-0.8031753301067619,-0.9055780907007696,74.11296969700001,-0.040351152905654344,-0.4007640760945497,-1.193224748513352,-1.2684181160958372,-0.8738922421852643
30095,MT,Stillwater County,-0.79586471386596,-1.5682493343299133,0.22319589750501037,0.051520050940358095,77.48128252400001,-0.8867414619423015,-1.6272020739831636,0.35235637507523093,0.08685457960684716,-0.6246103357180344
30097,MT,Sweet Grass County,-0.12232908875187067,-1.1315389385135943,-0.1765120466951663,-0.2819200423526803,80.308983759,-0.13304925780101212,-1.1622185073926115,-0.24955162554330265,-0.385304161938443,-0.581074944844866
30099,MT,Teton County,-0.2291345019388924,-0.7469335654900875,0.10893389825497206,-0.1671256590076307,77.73203431499999,-0.25256544117366153,-0.7527133071693078,0.18029271581299766,-0.2227527091680876,-0.3154278547091679
30101,MT,Toole County,0.31682457215907145,-0.2107356053799057,-0.20080582260897387,0.4333686380126681,74.31578853399998,0.35836749627583264,-0.18180122841156618,-0.28613488164299,0.6275608472675311,0.15594458089865199
30105,MT,Valley County,0.2487039941932572,-0.5948880515038043,-0.027684376543977346,0.03018588740480993,76.436047673,0.2821399789181036,-0.5908241786879891,-0.025436576850264552,0.05664491973246232,-0.08353572392467117
30111,MT,Yellowstone County,-0.8845804568758268,-1.2016671372059258,-0.8270706333192742,-1.0015813937226292,75.90962438600002,-0.9860151475469978,-1.2368868923427292,-1.229207956727032,-1.4043609725511823,-1.4620688901694299
31001,NE,Adams County,-0.18879906603293936,-0.8407409727080732,-0.8098521665714475,-0.9885734284873211,76.780800319,-0.2074297386815952,-0.8525939218711788,-1.203279192877618,-1.3859413984834341,-1.0986262508775875
31003,NE,Antelope County,0.13121088647437174,-1.275936337669123,-0.04144668727653719,-0.08533036228934832,79.778051085,0.15066417270064228,-1.3159643726364,-0.046160820781672565,-0.10692871217535962,-0.39690891303970555
31007,NE,Banner County,-0.3872035511282544,-1.1638771571525086,2.9030821127689173,1.7344218941493272,NA,-0.4294460776951045,-1.1966503422743988,4.387915280321414,2.4698817932403245,1.5750339736112537
31009,NE,Blaine County,0.4670115226442436,-0.49785613887650965,3.0673366618604523,1.6308238268845603,NA,0.5264279960084997,-0.4875103001113063,4.635261195434554,2.3231845782078517,2.106597055139956
31011,NE,Boone County,0.10312995431012431,-0.8007892103328441,-0.668163678713914,-0.36406145746950025,79.371433691000007,0.11924136614363401,-0.8100556330216828,-0.9899148210294549,-0.5016182704407535,-0.6570083915751468
31013,NE,Box Butte County,0.06610248668435059,-0.3187592443073798,-0.25357507337404994,0.2003531466575325,75.99797492900002,0.07780730883758959,-0.29681845123424744,-0.36559848671519296,0.29760562181085903,-0.08640422913938134
31017,NE,Brown County,0.771889176636984,-0.6740374080722662,-0.4004858158319549,0.21040559364448497,75.60726504100002,0.8675887341540001,-0.6750977624247734,-0.5868268924682123,0.31184011494554925,-0.024835843143258294
31019,NE,Buffalo County,-0.8673081484176747,-0.4456761191452392,-0.8384242123346631,-1.0695968705541443,79.862093143,-0.9666872846292378,-0.4319520814111119,-1.2463049650406692,-1.50067243176778,-1.248062088295483
31021,NE,Burt County,0.2263533326944586,-0.649505548621562,0.4478446122911398,-0.223723044217824,75.38247818599997,0.2571293949179003,-0.6489776800732546,0.6906480220651748,-0.3028958914461523,-0.0012331711967225882
31023,NE,Butler County,-0.5231726008519708,-1.1343212887984284,0.30530675142357966,-0.49155838841070465,79.075115754,-0.5815966232047138,-1.1651809904737116,0.4760046053101923,-0.6821568189685128,-0.5879409067531632
31025,NE,Cass County,-1.1256256952924515,-1.3307719356860785,0.00555686286135143,-0.5728864983847722,78.06170508900001,-1.2557468592277494,-1.3743500950426377,0.024620391590981186,-0.7973192689258001,-1.0244315175718168
31027,NE,Cedar County,-0.3205483881527444,-1.1122495788486675,0.4887934900635453,-0.1427689971777134,80.202845909,-0.3548583724168583,-1.1416803307424315,0.7523116880122737,-0.18826312309497195,-0.2807315909369036
31031,NE,Cherry County,-0.1603604191099879,-0.7583461738985289,-0.460223308902891,0.30217822527345495,77.15464673199999,-0.17560664620816516,-0.7648647819514433,-0.676783761071963,0.4417922446678529,-0.3538799703950491
31033,NE,Cheyenne County,0.2382591877543958,-0.8547889909211085,-0.2283488506438401,0.36363197297318683,75.171011475,0.2704521499552316,-0.8675514261458733,-0.32761108739771977,0.5288121464756628,-0.1191874656697867
31039,NE,Cuming County,-0.26350158780170835,-0.7789227158569868,-0.1578885476929226,-0.5221771673926136,79.122013428,-0.29102250822111153,-0.7867734746677214,-0.22150706648057886,-0.7255137050855229,-0.6095828851396599
31041,NE,Custer County,-0.1513069627837133,-0.6492839785163389,-0.3464303175671333,0.1130077517651565,77.925425227,-0.16547575008445828,-0.6487417652455714,-0.5054263665213902,0.17392255981052304,-0.3449260815918735
31043,NE,Dakota County,0.31353408560036344,0.40278172820451086,0.16604819921376607,-0.7187824209529717,76.52932838,0.35468541328770586,0.4714359756214579,0.2662993994320162,-1.0039112072739302,0.026646325239441545
31045,NE,Dawes County,-0.37068125745243824,-0.7749921989015002,-0.8796030033752167,-0.04130124740498731,75.912921873,-0.410957487821501,-0.7825884911866423,-1.3083148503650777,-0.044582485991686314,-0.7666216014903529
31047,NE,Dawson County,0.1828216880143382,0.12474523244788308,-0.188513072625706,0.08100197784690824,77.384415026,0.2084171070960085,0.17539905349233131,-0.2676236044169693,0.12860165737740623,0.07369672471952984
31051,NE,Dixon County,0.08762695032733474,-0.00891162103919647,0.6436060719376406,-0.18129914335112313,78.908422104,0.10189337027389714,0.03308909011826788,0.9854392327071648,-0.24282268475153962,0.2642062963610551
31053,NE,Dodge County,-0.08400316052488457,-0.9369516645855857,-0.5230406672262288,-1.2718156160283405,76.180903678,-0.09016221182439425,-0.9550334128517566,-0.771378504812164,-1.7870187659383783,-1.0848826439379773
31055,NE,Douglas County,-1.3422767157690998,-1.1484879160525687,-1.0043595558297054,-1.4478719251068304,77.726567974,-1.4981812295327286,-1.1802647826854265,-1.4961819371756813,-2.036318496257713,-1.8698416266351827
31059,NE,Fillmore County,-0.3059225906466234,-1.3036193941745642,-0.5088953483705683,-0.4682889650885258,79.12383749099999,-0.33849197820000415,-1.3454396644346787,-0.7500775006313256,-0.6492067873038174,-0.9282201257620746
31061,NE,Franklin County,0.414737158265161,-0.4655284979471679,-0.22318534066630583,0.7500768722291503,73.111766384,0.4679325290429891,-0.4530897277530828,-0.31983551522846854,1.0760268965295419,0.23212433447669265
31065,NE,Furnas County,0.18644437853336052,-0.8356950178578844,-0.38591935307071346,-0.04325288239193195,76.989038765,0.21247092919597713,-0.8472212856674769,-0.5648917005263873,-0.04734604543737574,-0.3754130360413488
31067,NE,Gage County,0.21829714675058523,-0.8327172809713476,-0.6049757005293209,-0.26542687241424084,76.34615639500001,0.24811445299856016,-0.8440507664145931,-0.8947619721454494,-0.36194945889323255,-0.5577504012288751
31069,NE,Garden County,0.5561827804213623,-0.26396032313743917,1.1001835102977786,0.9076581723307275,76.6305116,0.626211406587121,-0.2384717801794309,1.6729852698538565,1.2991655947353489,1.011514614717092
31073,NE,Gosper County,-0.6887714424578883,-0.8674614819687136,0.8525820745829451,0.2099055447132862,75.772533442,-0.7669031627245303,-0.8810443499263749,1.3001298205592164,0.3111320343073328,-0.011044431090483493
31075,NE,Grant County,-0.3015614174494347,-1.4019429479031442,2.9146179023793484,1.122931164210015,NA,-0.3336117875804296,-1.4501288065539388,4.405286674012037,1.6039970381607396,1.272124383358966
31079,NE,Hall County,0.03703985687925132,0.15600391853200926,-0.5697355109973586,-1.0345459419398522,77.248436615,0.04528597410902603,0.20868146554749292,-0.8416948456837877,-1.4510395211568368,-0.613782665945372
31081,NE,Hamilton County,-0.4383559357536013,-1.2421755980786027,-0.6500439145279144,-0.7202140702855837,78.930915213,-0.4866860395884791,-1.2800179210384452,-0.9626288208607611,-1.005938455228861,-1.1245251760423116
31089,NE,Holt County,-0.3646770563627915,-1.0089788164470375,-0.7554296692169424,0.122479845484748,78.920812042,-0.4042387347450073,-1.031723691546161,-1.1213260141964547,0.18733525954399793,-0.7134882178878587
31091,NE,Hooker County,0.5200184378016519,-1.1635745329033593,0.26622771364613784,-0.13573578085018803,NA,0.5857431936462639,-1.1963281257573333,0.4171566743745585,-0.1783039291137558,-0.11191214141274733
31093,NE,Howard County,-0.23359013517933033,-1.1575998108823977,-0.21523712365589878,-0.18115630070918876,79.65975657499999,-0.2575513334006124,-1.1899665928483198,-0.30786653768215183,-0.2426204163278817,-0.6015110141456943
31095,NE,Jefferson County,0.45295400417884546,-0.9943836034783201,-0.30384164596459884,0.02312698078973069,76.59771406900002,0.5106975109652651,-1.016183566451,-0.4412933850652025,0.046649347720873265,-0.27098941066204646
31097,NE,Johnson County,0.1271434123084148,-0.6923624625399809,0.466556810474718,0.10212101295614746,77.86202786599999,0.14611263384342363,-0.6946092035674477,0.7188261505194211,0.15850669051649507,0.09899807603025858
31099,NE,Kearney County,-0.767779027865938,-0.9877928339984408,-0.008041748788316816,-0.5520944052094596,79.60306396900002,-0.8553133358018451,-1.009166102409179,0.004142657115079585,-0.7678771929870786,-0.7912391348802215
31101,NE,Keith County,0.2413318878453588,-0.7689284978792511,-0.40935268381921597,-0.014729090943960417,77.12945153499999,0.2738905279977156,-0.7761322186658249,-0.6001792384983626,-0.0069557092268510284,-0.3339843027525631
31107,NE,Knox County,0.23269707663959788,-0.33969040682672497,-0.2059540793346975,-0.1036139329796273,77.49556054900002,0.26422809939356945,-0.31910472308481536,-0.29388748440561946,-0.13281866332916323,-0.144983300139897
31109,NE,Lancaster County,-1.1647765566526846,-0.9150415806768095,-0.9244209669566749,-1.346286023002271,79.089157566,-1.299557012532745,-0.931704843031115,-1.375804854610777,-1.8924705527703691,-1.6556677458852476
31111,NE,Lincoln County,0.10953409661743421,-0.740242751232387,-0.6788870538400965,-0.5144886021719058,75.169047724,0.12640765691023345,-0.7455893213270999,-1.006062824529857,-0.7146265221944484,-0.7044318053413431
31115,NE,Loup County,0.6154229993728182,-1.1797029510074264,2.8798177207638607,0.6415065784687977,NA,0.6925017252139529,-1.2135007175832604,4.352882142049944,0.9222888959045258,1.4312712029974575
31119,NE,Madison County,-0.044998614100182355,-0.6794306310590199,-1.0013558903056294,-0.680770510377259,78.286550154,-0.046515786200826865,-0.6808401493334048,-1.4916588088857468,-0.950085478988197,-0.9540760926792755
31121,NE,Merrick County,0.4243793869702983,-0.8640369429044801,-0.03334471433261324,-0.42847661417579463,77.408322824,0.47872226656337397,-0.8773981019705884,-0.03396030686519043,-0.5928315946289686,-0.3087230389133417
31123,NE,Morrill County,0.3405613854111255,-0.9447213047437419,-0.022983375378256968,0.5726909250339859,73.988890678,0.38492919610603893,-0.963306069116583,-0.0183574825925155,0.8248443684528058,0.06867384885879455
31127,NE,Nemaha County,-0.2148083798382235,-0.28893187626229283,-0.11260927100800276,-0.5542779427282404,75.21880818,-0.2365343863337317,-0.2650600225169997,-0.15332238490411138,-0.7709691316822803,-0.4292712683237236
31129,NE,Nuckolls County,-0.32094859399285447,-0.8279993233401072,-0.4815260081406624,0.12857215272165312,77.20401486400002,-0.3553062062217765,-0.8390273623751803,-0.7088628460439731,0.1959621048932655,-0.513972839199242
31131,NE,Otoe County,-0.46758518862651616,-0.7968970361385292,-0.49248201680392756,-0.21788880645816736,78.416400198,-0.5193938269745713,-0.8059114746595233,-0.7253611652916954,-0.29463447833511835,-0.7060665186552985
31137,NE,Phelps County,-0.28678478502533494,-0.9574856488958927,-0.7908766691836722,-0.6664458456470774,78.585894987,-0.31707660778259944,-0.9768967926851436,-1.174704570183359,-0.9298014285452386,-1.0231320304377256
31139,NE,Pierce County,-0.06708943302939428,-1.164050922937834,0.22431844340973506,-0.47075485213053475,79.355257861,-0.0712356041127949,-1.1968353578714306,0.3540467827114049,-0.6526985393335428,-0.47167100574442344
31141,NE,Platte County,-0.3252093636173739,-0.8228591201471545,-0.5095954290584095,-1.2932613788397247,80.07830014299998,-0.36007404437302254,-0.8335543760745185,-0.7511317307841272,-1.8173864529207684,-1.1326161620462123
31143,NE,Polk County,0.04664842771586089,-1.1082063141399012,0.031832595214132786,-0.6760348957246946,76.68638705699998,0.056038048182710375,-1.1373753000791758,0.06418821543520728,-0.9433797411367106,-0.5902286150181593
31145,NE,Red Willow County,0.05374615939304552,-0.8263953134835498,-0.7595811427379107,-0.37370679895699066,75.860581266,0.06398047146770676,-0.8373195069380449,-1.1275775915365722,-0.5152762929464805,-0.7274089608151689
31147,NE,Richardson County,0.5579103263993064,-0.7179423626738558,-0.39976838649204516,0.5320430488362883,77.48826640200001,0.6281445455144815,-0.7218451780512839,-0.5857465375094579,0.7672860530071379,0.026444407665497854
31149,NE,Rock County,-0.13517319374539694,-1.351443757772068,0.1808218113236543,0.24653828297325936,NA,-0.14742192264877452,-1.3963602364396643,0.2885465312591565,0.36300482328531036,-0.26861128388420763
31151,NE,Saline County,-0.22438459683973397,-0.5836039036783979,0.057670429126795486,-0.46220862969329074,79.162937688,-0.2472502561854283,-0.5788094811858042,0.10309662137596085,-0.6405968943541281,-0.41050768833331047
31153,NE,Sarpy County,-1.8107038430579863,-1.5446932975325078,-0.556785837645766,-0.9912776181192319,79.854859618,-2.0223552462911303,-1.6021209902495792,-0.8221943275959692,-1.389770592390181,-1.7570946266202874
31155,NE,Saunders County,-0.9389542613915347,-1.4775847787587852,-0.09469796231202926,-0.6794284971948306,77.97740045,-1.0468599062278021,-1.5306677830281528,-0.12635029149919375,-0.9481851578567614,-1.0994748931473233
31157,NE,Scotts Bluff County,-0.048498523863085306,-0.20229557155233246,-0.6296860262674996,-0.39707149209085146,75.246492383,-0.05043221557017332,-0.1728147763625965,-0.9319724979193658,-0.5483612288272428,-0.5128729043139609
31159,NE,Seward County,-0.9147679665633147,-0.7955547392838171,-0.4652330766195286,0.02581744885863055,79.12800052399999,-1.0197952326168045,-0.8044822758474349,-0.6843278174602306,0.05045911158290271,-0.7400392446065249
31161,NE,Sheridan County,0.36300114972653275,-0.5610515888071831,-0.19880786847586532,0.9475036783951223,77.24714933500002,0.4100394869305599,-0.554797101576455,-0.2831262234588418,1.3555877358576103,0.2792906653420773
31165,NE,Sioux County,0.3084472323781818,-0.08708454033828153,0.7379735191427498,1.2653956315834909,NA,0.34899318042842703,-0.05014484059349942,1.1275442929014554,1.8057299580554835,0.9730493436925127
31169,NE,Thayer County,0.08188052658180284,-0.8721915793442946,-0.20066251250732212,0.40140429201256367,77.09547681299998,0.09546307228042998,-0.886080679652181,-0.2859190753323943,0.5822986077069634,-0.14879325303872049
31171,NE,Thomas County,-0.32987769220579694,-1.086862673234695,3.048327967040688,0.28435640677654267,NA,-0.3652979445384642,-1.1146498454822464,4.606636581740106,0.41655614510211914,1.0667145392747301
31173,NE,Thurston County,0.11519292871092147,1.0677341006342476,-0.9747709592797473,0.6304471960517286,63.243891528999995,0.13273993908563203,1.1794381864854158,-1.4516253721913874,0.9066285593422926,0.2309644055469949
31175,NE,Valley County,-0.21075183076656046,-0.9147787937071572,-0.7702114062360162,-0.17070418898325102,78.082945623,-0.23199507275174983,-0.9314250429082578,-1.1435853810764982,-0.22781998884997656,-0.7631239861235244
31177,NE,Washington County,-1.325448616658572,-1.558330135960364,-0.10999226820550048,-0.7216444106704187,79.874265572,-1.479350440726311,-1.6166406944516076,-0.1493815202119691,-1.007963849684025,-1.2804917445138113
31179,NE,Wayne County,-0.5844312025544546,-0.7656523516305438,-0.3479534684783824,-0.6274693811718692,82.498982286,-0.6501455296295784,-0.7726439706598469,-0.507720033016973,-0.8746098700414273,-0.8444975454158147
31181,NE,Webster County,0.0584674822027867,-1.2302021411385025,0.9726965121426102,0.22361499771898766,75.31701366100003,0.06926367262626999,-1.2672692876975347,1.481006488151168,0.3305449309824713,0.18471154023335531
31183,NE,Wheeler County,0.00878292124242537,-0.8796855244377758,2.820039043715228,0.5377961724525911,NA,0.013666218140230139,-0.8940597920131019,4.2628632557504424,0.7754326066498062,1.2517607174045753
31185,NE,York County,-0.44514329773987305,-1.1597354097006893,-0.7430639168597347,-0.5967179564998186,77.915941653,-0.49428115649839965,-1.1922404529735857,-1.1027048049223571,-0.8310651546159793,-1.0899098769449729
32001,NV,Churchill County,0.027666092853404822,-0.13742702281326633,-0.31905262722190486,0.37728371212491385,73.43945233199999,0.03479665089239015,-0.10374655760434523,-0.4641991377500825,0.5481433190234081,0.004514113747619991
32003,NV,Clark County,-0.416598511229819,0.3906828711780187,-0.2145137896449884,0.08259278930296454,76.64172842800001,-0.46233929290675824,0.45855382363757496,-0.30677729105945173,0.13085428251228245,-0.05410228463900583
32005,NV,Douglas County,-1.0477418820638875,-0.5706867577581813,-0.32592514494953617,-0.4904316140421543,79.137342485,-1.1685941969625253,-0.5650560632738589,-0.47454825255922506,-0.6805612808836771,-0.8696779724052112
32007,NV,Elko County,-0.4030600578037847,-0.2630689589813245,0.05317421069824499,0.19497848672041707,75.351829103,-0.44718964614293105,-0.2375227080061742,0.09632590319549432,0.28999498132944546,-0.08983249104115924
32009,NV,Esmeralda County,0.7932388596505571,1.2915850089184233,2.101629847003125,2.26004426664168,NA,0.8914792145506266,1.4177814792388352,3.181032760526681,3.2141750048725934,2.620530961769822
32013,NV,Humboldt County,-0.29182412250277523,0.007610722803172522,-0.05231832281730605,1.1301993467550542,74.10186021199999,-0.32271567011154517,0.05068111092166432,-0.0625320851179161,1.6142889496399366,0.3852678586077476
32015,NV,Lander County,-0.35702573310698443,-0.06861497965516547,0.8618753860861997,0.8609733976636719,75.18908251499998,-0.3956768376838238,-0.030479537724437237,1.3141243348720164,1.2330588940130975,0.6385474961901747
32017,NV,Lincoln County,0.21883588556876862,-0.2775601369181164,-0.1090723625809478,1.4632981831116667,76.97351237599999,0.24871730640704073,-0.2529520627128615,-0.14799626239243738,2.085964463616355,0.5821617239440232
32019,NV,Lyon County,0.10227575078368789,-0.22720512471558735,0.478423781267928,0.4082804951299822,74.239895884,0.11828550499149959,-0.19933700478442426,0.7366962598509545,0.5920354674183026,0.37562140431886526
32021,NV,Mineral County,1.0053447543974043,1.2613692175686917,-0.486285640118834,1.5478836536648006,68.37336065699999,1.1288275497571465,1.385609480212131,-0.7160302306537386,2.205739410099126,1.2054715536533007
32023,NV,Nye County,0.8283987656234818,0.23400045370442135,0.47841015266342796,1.860474303681426,73.32166766800002,0.9308234541751385,0.29172759280622573,0.7366757369511601,2.6483748666606286,1.387145331330942
32027,NV,Pershing County,0.5212557369622344,0.04721144537510437,0.4685102877176245,1.4485779178506564,76.90261424900002,0.5871277421344951,0.09284563321713235,0.7217678323113217,2.065120233841193,1.0437188428245843
32031,NV,Washoe County,-1.0388485137106223,-0.05002880413195497,-0.5520269232660504,-0.5256136882514085,76.81153373000001,-1.1586424406685987,-0.01069007022640363,-0.8150280235958295,-0.7303798966342303,-0.8172884290736594
32033,NV,White Pine County,0.20822113998585706,0.025510791827211044,-0.5674265403889802,0.9054151151851837,76.58991812999999,0.2368393140685828,0.06974005253778115,-0.8382178372766693,1.2959893748974922,0.23011229457321555
32510,NV,Carson City,-0.23789916728603933,-0.0017821754594288864,-0.4779746252438426,-0.627906734249452,73.35834271899998,-0.2623731776878704,0.04068010481645679,-0.7035149268698045,-0.8752291719276614,-0.5420321039935525
33001,NH,Belknap County,-0.9913266105946759,-0.8926832728223649,-0.7038672628778888,-0.9781157698657525,77.394070926,-1.105465019060975,-0.9078990306925834,-1.0436797593322351,-1.3711331164753955,-1.3331284721214687
33003,NH,Carroll County,-1.180850525099505,-1.1716728964481067,-0.6549993346836649,-0.867786690948393,79.32440352500001,-1.3175439225880659,-1.204950787367082,-0.9700910369148877,-1.2149046361417766,-1.417217416405673
33005,NH,Cheshire County,-1.0062100376770722,-0.6379009579646755,-0.8244253115808323,-0.554899580305218,78.640097686,-1.122119703007362,-0.6366217938746307,-1.2252244474130893,-0.7718493846031104,-1.1307100947304394
33007,NH,Coos County,0.36696514586653495,-0.6359409672501991,-0.7045618321180313,-0.09593885799293535,73.93777825299999,0.41447523297956773,-0.6345349109388626,-1.0447256899640665,-0.12195058291569763,-0.4174849402937303
33009,NH,Grafton County,-1.5481146635839096,-1.4531376834223901,-1.1773814619998648,-0.8462792250000662,80.100992365,-1.7285156777784096,-1.5046379525244673,-1.756730347877102,-1.1844495761167495,-1.8588191023024143
33011,NH,Hillsborough County,-1.7456054389752604,-1.0277191812208315,-0.8910366624190991,-1.258904097210046,78.599450373,-1.9495095677112049,-1.05167733069743,-1.3255324487508897,-1.768735762186557,-1.8350722867238913
33013,NH,Merrimack County,-1.4336678500146065,-1.4428516630512631,-1.0424793950797346,-1.3263843309348873,78.96450944400003,-1.6004487011260846,-1.4936860024815803,-1.5535854403079437,-1.8642893050135205,-1.9604783984531644
33015,NH,Rockingham County,-2.2170688644496384,-1.1972615709996857,-0.9114293753080971,-1.2793949234357525,80.501326258,-2.477081228464259,-1.2321961043352692,-1.35624121303819,-1.7977512372855582,-2.0662273693079762
33017,NH,Strafford County,-1.3976024608666635,-1.1194719820681023,-0.7824894920836427,-0.8269106207600673,77.573299199,-1.5600912179780742,-1.14937032127277,-1.1620745760279663,-1.1570231928251347,-1.5138770875861585
33019,NH,Sullivan County,-0.6326553518975349,-0.6341613492898268,-0.39283956612502324,-0.5779291238022242,78.023523018,-0.7041087708539282,-0.6326400783122297,-0.5753126382730932,-0.8044597409898357,-0.817824548481032
34001,NJ,Atlantic County,-0.695081963891307,-0.10027709206294066,-0.503908738701927,-0.6270816064674759,75.65072483499999,-0.7739646909215407,-0.06419149442205276,-0.7425683172411307,-0.874060772257111,-0.739027414181614
34003,NJ,Bergen County,-2.778262269176495,-0.9560993227698434,-1.0087292705598296,-1.2620680042605383,81.874845161,-3.105061513971048,-0.9754207140922742,-1.5027621572955128,-1.7732159263940863,-2.2147052524073496
34005,NJ,Burlington County,-1.9441327007836342,-1.019128359339514,-1.1238699700909835,-1.015265833971643,78.905082247,-2.1716632949311165,-1.0425303283897511,-1.6761490245075092,-1.423738450595035,-1.9008909149503979
34007,NJ,Camden County,-1.1409314456879815,0.01995761954222296,-0.8653413760570186,-0.8810179275050442,76.16245531599998,-1.2728741266231296,0.06382736101565945,-1.2868387008183368,-1.2336403674690413,-1.122795489036989
34009,NJ,Cape May County,-1.2677548996514871,-0.715218433445113,-0.389546334551487,-0.9457682915886394,76.63584610999997,-1.414790671183597,-0.7189448982776515,-0.5703534613020989,-1.325328352913076,-1.213079587952432
34011,NJ,Cumberland County,0.277357097326638,1.3273640055323666,-0.02479327081723358,-0.1951623287073655,73.73982994100002,0.31420304975036645,1.4558768523143595,-0.021082948925647573,-0.2624532699249308,0.4475326398332529
34013,NJ,Essex County,-1.085249651513642,0.9564261327613017,-0.4753386714957965,-0.7941323386307645,77.66179363500001,-1.2105657161738814,1.0609240032020901,-0.6995455245268409,-1.110608401228412,-0.5900078992881245
34015,NJ,Gloucester County,-1.5849026127621295,-1.0886174679885787,-0.49295694126979706,-0.8984388927260815,77.106128992,-1.7696817118649864,-1.1165182478173226,-0.7260763395579171,-1.2583088496963433,-1.4663180462502505
34017,NJ,Hudson County,-1.8859578071691006,-0.48936961884303115,-0.12223621802985302,-0.35815334651816594,79.91465049600002,-2.1065650845928054,-0.4784743522820068,-0.1678193107672623,-0.4932522512133044,-0.9772606354684751
34019,NJ,Hunterdon County,-3.0099194620053398,-1.5374932412970932,-1.0208485595449368,-1.0861268347738984,82.76499596800002,-3.364287921243537,-1.5944547934746258,-1.5210122248955973,-1.524079236350601,-2.409600927308188
34021,NJ,Mercer County,-1.8932890961449238,-0.47405901713548904,-0.71095805149361,-1.1543185360232813,78.385186486,-2.1147688605199493,-0.4621725232968899,-1.0543575616136929,-1.62064023334338,-1.5811268995731094
34023,NJ,Middlesex County,-2.2000647000712306,-0.5243103225929465,-0.6443134512276043,-0.9766025624198956,80.181999008,-2.458053421096576,-0.5156771603774041,-0.9539994909768892,-1.3689903803806545,-1.5946085631262226
34025,NJ,Monmouth County,-2.685711540723506,-1.3779974138332869,-1.019479577333499,-1.1049303456120725,79.64859143,-3.001496446405691,-1.4246330090130876,-1.5189507163423517,-1.5507054345570146,-2.2566499443638643
34027,NJ,Morris County,-3.0945429345652,-1.299409276266377,-1.018613917318114,-1.3307625229381943,81.70932589,-3.4589823207341763,-1.3409569782896504,-1.5176471453309761,-1.8704889242797866,-2.4650678121719114
34029,NJ,Ocean County,-1.0834734313464094,-0.5874367257548239,-0.45066822425301295,-0.7998243595506341,78.08017030599999,-1.2085781104066957,-0.582890444900607,-0.6623950505627002,-1.118668432065835,-1.0755315917587969
34031,NJ,Passaic County,-0.9894319699914205,0.10778787047440792,-0.18421623644451957,-0.7859964355555172,78.44026453400002,-1.1033448997991597,0.15734385094636338,-0.26115312988092143,-1.099087777780268,-0.6943075824460826
34033,NJ,Salem County,-0.3312967880292753,-0.04446042472093946,-0.0041442014587886045,-0.18669662345292498,73.74765646300003,-0.3668859250686759,-0.00476118705012034,0.010011854749184035,-0.250465639104191,-0.18427654238248148
34035,NJ,Somerset County,-3.100851206510235,-1.2769047657150598,-0.9979191925320696,-1.2043938360565003,81.80272080099999,-3.466041331734182,-1.3169954979109524,-1.4864835905403802,-1.691547994952626,-2.396726045760372
34037,NJ,Sussex County,-1.9989591316644075,-0.7596940654505624,-0.646385240684267,-0.8831218337154493,78.38506219899999,-2.2330145464387567,-0.7662999376684724,-0.9571193355225304,-1.2366195464238683,-1.5633989824503138
34039,NJ,Union County,-1.64627323380997,-0.07943043022381827,-0.36212593548807875,-1.0287157394762,79.261718711,-1.8383559689085267,-0.04199519393018325,-0.5290619187748561,-1.4427838221165508,-1.159726329572967
34041,NJ,Warren County,-1.450902636467843,-0.941956464267695,-0.6596619240190366,-0.7146971002802439,78.31501155699999,-1.6197345765950235,-0.960362229450932,-0.9771122879690158,-0.9981263004602529,-1.3714102703039543
35001,NM,Bernalillo County,-0.6982792789431529,0.2254688800616033,-0.7994134924486437,-0.34145701815203666,75.08976794,-0.77754251418568,0.28264367454123435,-1.1875599119337832,-0.46960987122257425,-0.6478928017654573
35005,NM,Chaves County,0.7298301870274688,1.4506989776379147,-0.03010366714890539,0.8732493198485207,72.181719039,0.8205243601242203,1.5871966829489959,-0.02907971277502408,1.250441878503245,1.0925566513442788
35006,NM,Cibola County,0.8643746831996242,1.94373033348543,-0.4135617273563392,1.4361365075711063,70.736407038,0.9710808178585741,2.112147498132651,-0.6065175087697121,2.047502914452194,1.3620409093210497
35007,NM,Colfax County,0.6431736059117187,0.5927675367358051,-0.4571068217829468,0.4877945857577119,75.196095062,0.7235548945322332,0.6737217002086668,-0.6720907381822814,0.7046292248010199,0.43045416361444094
35009,NM,Curry County,0.30740459699832634,0.8364726771944024,-0.5065019753137657,0.6923935018497849,72.61696154,0.3478264623985889,0.9332046126661759,-0.7464733931517084,0.994345934598919,0.46028534463836723
35011,NM,DeBaca County,1.8779658491895654,1.095212151862828,-0.5448868776460304,0.955130086414643,71.61129290500001,2.105298120564272,1.208695200711835,-0.8042760466941168,1.36638690274077,1.1669237536264585
35013,NM,Dona Ana County,0.012438592518336178,0.8159896964376866,-0.28129500579355393,0.2252779808797448,76.021343595,0.0177569459931043,0.9113955384194771,-0.40734108738651864,0.33289975288957785,0.25731577318307314
35015,NM,Eddy County,-0.2110965320427019,0.4244173850819795,0.17533775183653527,0.47750946406379874,72.70421980500002,-0.23238079646835555,0.49447235166560893,0.2802882533613527,0.6900652589993117,0.37103477063055834
35017,NM,Grant County,0.48698197065165305,0.708237274253823,-0.6185564987413205,0.5520199280262053,74.313341528,0.5487751004750879,0.7966670912475959,-0.9152128819089406,0.7955737674363206,0.3690351607369602
35019,NM,Guadalupe County,1.4168084946318455,1.9174077447329534,-0.1660366974526113,1.1663277794198543,73.92839015399998,1.58925904252189,2.084120752451124,-0.23377711665535955,1.6654476304468795,1.5369051491464518
35021,NM,Harding County,0.5350760892029105,1.2443890764449534,3.3427765716763256,2.267999732134769,NA,0.6025928361160047,1.3675300237655583,5.0500377537027905,3.225440124608278,3.084497816523523
35023,NM,Hidalgo County,0.6040650937990055,1.3616320691007497,-0.09522169199121425,1.079567331143554,75.03265560100002,0.6797921304023861,1.4923634726715276,-0.12713896004740993,1.5425928661338129,1.0800707523467392
35025,NM,Lea County,0.30423246027833606,1.3973360774609525,0.4090259076969899,0.6483874758815683,72.63031853499999,0.3442768139060952,1.530379002661083,0.6321921189291472,0.9320324028446489,1.0352949686354427
35027,NM,Lincoln County,0.4606328905446639,0.4871378052752101,-0.2716449283112229,0.11895155339773608,75.772201404,0.519290251385527,0.5612533693810032,-0.3928093300684932,0.18233911785283158,0.2619406706808444
35028,NM,Los Alamos County,-3.107552754515801,-1.5751052633479348,-1.151478833505335,-1.4968283693694826,82.979136944,-3.473540422055675,-1.634501864319348,-1.7177243697519862,-2.1056419326966287,-2.6888526104683734
35029,NM,Luna County,1.550647256741516,2.0640005298799897,0.3493092899690172,1.881151581939243,72.136624014,1.7390257777215201,2.240204135688882,0.5422666858675909,2.6776543620697564,2.167346355623999
35031,NM,McKinley County,1.2344713560053175,3.2755160654910505,-0.1851412741273667,1.3746215217511715,63.94369904,1.3852222035128692,3.5301546844393483,-0.26254611591049226,1.960396298076007,1.9909505532372307
35035,NM,Otero County,0.5074261136124851,0.7571121323126471,-0.1106452029287833,0.7570768425618309,74.863465511,0.571652273701551,0.8487061680236789,-0.15036475469486635,1.0859390134273388,0.7092672705222025
35037,NM,Quay County,1.2989553791735773,1.2027058255596854,-0.06204698649266402,0.8517350962103747,70.31492304900003,1.4573803845227469,1.3231481476998628,-0.07718218298685478,1.2199772494360268,1.1811394356318705
35039,NM,Rio Arriba County,0.5996605914865241,1.7471188255256493,-0.4798884981181902,0.405518197802217,69.27040633699998,0.67486345412713,1.9028071181469697,-0.70639696965117,0.5881239916951196,0.7404159798418449
35041,NM,Roosevelt County,0.4658219996521946,0.758811483993086,-0.1018285210687927,1.2617389122205136,74.372114601,0.5250969094670828,0.850515537832211,-0.13708798242291237,1.8005519604261153,0.9149316704436877
35043,NM,Sandoval County,-0.8899561423188003,0.0021466333988613474,-0.5856964180460379,0.0546258338222063,76.809110331,-0.9920305861655544,0.044863269616015895,-0.8657298887424203,0.09125243867209643,-0.51831119122888
35045,NM,San Juan County,0.7776828445834382,1.9238982768991968,-0.3765532953235094,0.9865004473436808,69.849902159,0.8740718988179125,2.0910314896917366,-0.55078763986385,1.4108080459566188,1.151575812280252
35047,NM,San Miguel County,0.6832129767866494,0.8801578813395301,-0.5826436152712267,1.377105357558022,74.066021932,0.7683592976876645,0.9797180509200742,-0.8611327661654692,1.9639134659642041,0.858267431088622
35049,NM,Santa Fe County,-1.2355130872205156,-0.660018868016527,-0.7239154769070145,-0.45440989320771935,79.33546092,-1.3787118035327688,-0.6601716447597115,-1.0738697532949275,-0.6295537064510026,-1.126643305899663
35051,NM,Sierra County,1.316173767716794,0.6589972405942675,-0.29924702572736944,1.2527489036843524,69.586651442,1.4766479105882018,0.744239196951054,-0.4343744866026611,1.7878219042562207,1.076074241052921
35053,NM,Socorro County,1.1750295986810158,2.072880097827016,-0.08052922853711739,1.5372018951786939,70.968960003,1.3187063616994597,2.249658577839437,-0.10501402750569537,2.1906137975955975,1.702159028756718
35055,NM,Taos County,-0.3430637899477931,0.3976451851267261,-0.6692546153080391,0.20667713268895094,76.50482290500001,-0.38005330223688455,0.4659668863963437,-0.9915576291689964,0.3065605295925108,-0.18035758394631993
35057,NM,Torrance County,0.8398982788160635,1.2325297275551652,0.7605288505623162,1.9537527691535397,72.84412419000002,0.9436915091398638,1.3549028859711678,1.1615096784661731,2.780459291288843,1.878757972780581
35059,NM,Union County,1.1876724249370927,0.7508366478743365,1.0107599148562942,1.3165273541468623,73.78445565400001,1.3328537938949043,0.8420244009666921,1.5383250052248687,1.8781336379493325,1.6833045430005023
35061,NM,Valencia County,0.29585506447821913,1.3388781812095718,0.20285617473394396,1.123137309322675,74.531131777,0.33490243537268866,1.46813646995577,0.3217274069901317,1.6042889443199781,1.122653819011327
37001,NC,Alamance County,-0.1820107316472835,0.013830741498309799,-0.08164068171277876,-0.4832410995366407,75.398043748,-0.19983353364833298,0.057303821314712323,-0.1066877309395416,-0.6703793491115948,-0.2768499740204779
37003,NC,Alexander County,0.36546273359035625,-0.3511693722026231,0.45825611004405714,-0.10380594922756392,74.11021926800002,0.4127940206164203,-0.33132685086649416,0.7063263789425763,-0.13309056269521313,0.1971021497306858
37005,NC,Alleghany County,0.9030325689908101,0.35520751875685785,0.359067084499086,-0.015495970593274212,77.26032233,1.0143393272276455,0.4207817530551605,0.5569606510020411,-0.008041628219257496,0.5973068365809138
37007,NC,Anson County,1.3838835379158014,1.6333342843773253,0.3788776948059905,0.22988331824023028,70.38965243,1.552415730493119,1.7816560251735147,0.5867928447672219,0.33942101513804823,1.2825838147306345
37009,NC,Ashe County,0.5849380114766634,-0.49585113696114247,0.03417865020542729,-0.09753341619914298,75.700201121,0.6583887594494746,-0.4853754918938705,0.06772106808334982,-0.12420851353384334,0.03508077789055299
37011,NC,Avery County,0.33582013891297496,-0.4008264047521436,0.08216777236529688,-0.6739738460642648,75.88210898999999,0.3796237001674047,-0.3841987410765242,0.13998642330035754,-0.9404612480295377,-0.24236495411121536
37013,NC,Beaufort County,0.3843199319856584,0.2057641257245189,-0.08043105010079844,-0.7665983431834202,73.732709978,0.4338953891150463,0.2616632100544172,-0.10486618359324364,-1.0716196386241903,-0.14478594347995918
37015,NC,Bertie County,1.1359099377942876,2.3442534858376103,0.5799227338031427,0.493099627247596,71.95165669500003,1.2749311219948283,2.5386010143918316,0.8895404363848858,0.7121412839807415,1.6302816929900075
37017,NC,Bladen County,1.0090085318624389,1.3266679865820463,0.25410273429050234,0.46602351864911656,70.337360105,1.1329273485059317,1.455135772236956,0.3988980378190724,0.6738008995490277,1.1020937535623108
37019,NC,Brunswick County,-0.7584606856370072,-0.6210383656074528,-0.04983881694440026,-1.1294592083435275,77.05821053599999,-0.8448860300564719,-0.6186674964470013,-0.05879827285789453,-1.58543886101585,-0.935618491399142
37021,NC,Buncombe County,-1.1606780291832988,-0.8366893931587418,-0.8527746070739376,-0.7393914858556594,77.403702065,-1.294970724759753,-0.8482800380543029,-1.2679147867390783,-1.0330941110236798,-1.3379702732327006
37023,NC,Burke County,0.4565764391253243,-0.25474053724287377,-0.23147976059324527,-0.062102783459832556,74.16990172199999,0.5147510470773418,-0.228655093950923,-0.33232582918633763,-0.07403793326218937,-0.03620732495160169
37025,NC,Cabarrus County,-1.2990566905697667,-0.7610161743108724,-0.6068205045643168,-0.3712615236365374,77.189573148,-1.4498176466116177,-0.7677076414904498,-0.8975400062684872,-0.5118137275823859,-1.0918930680469079
37027,NC,Caldwell County,0.6371828319667507,0.09132615546801237,0.14423470123082263,-0.32856460389005937,72.35885184199998,0.7168511665470502,0.13981638416471504,0.23345111821087927,-0.45135391995619173,0.19230385057994973
37031,NC,Carteret County,-0.6070351930411371,-0.8870314777529377,-0.42364119031309005,-0.6542935224119178,75.61029892100001,-0.6754395909636179,-0.9018813314250658,-0.6216958645758407,-0.912593462973678,-0.9367684010981365
37033,NC,Caswell County,0.5565092652038399,0.5130399257062866,0.5283630636980314,-0.13564742510358752,74.41257394700001,0.6265767458893776,0.5888324251023278,0.8118983019318948,-0.17817881537080071,0.5566909596068086
37035,NC,Catawba County,-0.09319186430142931,-0.21805093905352146,-0.31602056252984984,-0.4141471904473867,73.919751616,-0.1004444510175658,-0.18959016582854607,-0.45963324401936667,-0.5725408053364873,-0.3980586251702682
37037,NC,Chatham County,-1.817957312019197,-0.4148987836635204,-0.32123848050531867,-0.9695286681384113,79.932654518,-2.0304719409472134,-0.3991821831912794,-0.46749074753306485,-1.3589735854932001,-1.2813292674047723
37039,NC,Cherokee County,0.4375839245875709,-0.6677762645509536,0.10843842154395916,-0.27584491806872163,74.24894683299999,0.49349825864210467,-0.6684312647334755,0.1795465925477331,-0.3767016480406188,-0.11201927957555466
37041,NC,Chowan County,0.3299964842190273,1.1605664678290164,-0.15029152134314971,-0.14979336229700277,74.44070602400001,0.37310698007305826,1.2782806358678729,-0.21006693623751302,-0.1982097835643941,0.37424578048839907
37043,NC,Clay County,-0.12582814152456215,-0.6184786398823385,-0.08077877291065441,-0.5715107541961757,76.82885268199999,-0.13696472819088173,-0.6159420509147683,-0.10538980876578974,-0.7953711839239009,-0.49784632074759533
37045,NC,Cleveland County,0.592985279249713,0.7274823605012274,-0.10112759759499368,-0.4857931051808416,72.02350536,0.6673937218583413,0.8171581281644837,-0.136032483144445,-0.6739930470370072,0.20307007992050488
37047,NC,Columbus County,1.166405016768447,1.1683395545234698,0.22166406080284556,0.38456573046118664,69.73999066100002,1.3090553797630848,1.286556961802016,0.3500496289120565,0.5584548222970789,1.0549347834592857
37049,NC,Craven County,-0.1237320081563592,-0.0688558597046262,-0.4803934717129815,-1.113619501869051,73.583646672,-0.13461913677812254,-0.030736012646014024,-0.707157393984027,-1.5630094770699219,-0.7332280991836528
37051,NC,Cumberland County,0.026720584279500914,0.8233666398642878,-0.7676578473744244,0.2576247458519894,72.85133704199998,0.033738618600513366,0.9192500742809968,-1.139740054679701,0.3787035063960107,0.05778831188315731
37053,NC,Currituck County,-0.7949229384594869,-1.013690105638559,0.3546130620650978,-0.6907077130550766,77.144755739,-0.8856876070971469,-1.0367399954228258,0.5502534744826539,-0.9641567835649847,-0.7033660377424543
37055,NC,Dare County,-1.504592857188411,-1.09847001482755,-0.34602661470236706,-0.41239534437405756,78.17065181699998,-1.679814399082309,-1.1270086607158334,-0.5048184426917509,-0.5700601515278969,-1.1686089066091918
37057,NC,Davidson County,0.2482294169633164,-0.10413580285435578,0.33714636300971124,-0.1965470095575482,73.31963788,0.2816089228831556,-0.06830002291925005,0.5239509051732779,-0.26441400944250754,0.14235298267438046
37059,NC,Davie County,-0.382078629076012,-0.7974638801793065,0.05988193911553405,-0.6346205292390751,76.35094398700001,-0.42371124548492617,-0.8065150168840872,0.1064268668088685,-0.8847360580432061,-0.6046813046262138
37061,NC,Duplin County,0.8261566262735669,1.0720200207807031,0.7393689301507893,0.42210274433268224,73.75190253299999,0.9283144808029534,1.184001582399305,1.1296455997733288,0.6116080860689839,1.1601396326562183
37063,NC,Durham County,-1.8523556067701972,-0.15525722686261134,-0.8248808571794161,-1.1636851720113452,79.186138445,-2.0689639310111265,-0.12273111110095777,-1.2259104396341916,-1.63390360253501,-1.5207862514622044
37065,NC,Edgecombe County,0.8591108719042742,1.7992403743456133,0.22282771441835242,-0.2074667855593167,70.48255068400002,0.9651905673811713,1.958303080456793,0.35180193939596194,-0.27987666015146206,0.9017883261561642
37067,NC,Forsyth County,-0.5991448565755896,0.050835123194462414,-0.5947601437731689,-0.6244433446194517,75.84842685699999,-0.6666102360484603,0.09670391241717427,-0.8793786768381606,-0.8703249335889779,-0.6983320899982315
37069,NC,Franklin County,-0.29692142655366244,0.33462986380397164,0.8346852523355656,-0.5369264788545624,76.31622802300001,-0.3284195975387555,0.39887187528781926,1.2731795418553469,-0.746399064940593,0.1798004016348034
37071,NC,Gaston County,-0.12142262321264087,-0.3724163921965761,-0.27271294826492287,-0.3690481597315685,72.983767606,-0.1320349150034437,-0.35394942919495775,-0.39441762873825975,-0.5086795540472512,-0.41819108966282686
37075,NC,Graham County,1.074336376985375,-0.5577304313575854,0.4107595118476226,-0.15607467012558507,74.51540619199999,1.206029773599135,-0.5512609282888096,0.6348027005383252,-0.2071042580419896,0.325883085923059
37077,NC,Granville County,-0.2235456295631605,0.6375663817966029,-0.1728907414450051,-0.17550075508710844,75.57948622199999,-0.24631144452899073,0.7214208778675123,-0.24409841243012442,-0.2346120353401561,-0.0010841063824228335
37079,NC,Greene County,1.0120063213015902,1.8226830909567,0.7321000062093704,-0.5181608224943203,74.86542819399999,1.1362819008795537,1.9832635075151388,1.118699548938681,-0.7198264695342678,1.0592403921008906
37081,NC,Guilford County,-0.7861069535281614,0.04391528252782728,-0.5223201006860605,-0.7500029771124711,76.24612447400003,-0.8758224435232949,0.08933607271325368,-0.7702934256392364,-1.0481202235353861,-0.7842203331185196
37083,NC,Halifax County,1.1812240602203692,2.872280823264389,-0.05103701585651202,0.11399087784449012,70.41498012800001,1.3256380178687572,3.1008134942552243,-0.06060260405019954,0.17531468865685998,1.3671437679956584
37085,NC,Harnett County,-0.08328088955235627,-0.05651665473075571,0.04898665004916124,0.007167149254602184,74.550370405,-0.08935398434395486,-0.01759795229158319,0.09001998334993691,0.024049863962096258,0.0021428884943774508
37087,NC,Haywood County,-0.10544298338566618,-0.8493856334450284,-0.3648557708732839,-0.6096798926612678,74.56068509900001,-0.11415355949157092,-0.8617982486285508,-0.5331726946114846,-0.8494195504702345,-0.7100534334855357
37089,NC,Henderson County,-0.6680892013600246,-0.9211621997775181,-0.3638064854655383,-0.6343704718655789,77.360173363,-0.7437595556183879,-0.9382217185771389,-0.5315926077229987,-0.884381971125769,-0.9326576653314961
37091,NC,Hertford County,0.9544837444772585,2.4091130856067227,-0.2994797135928433,0.3176382859353165,72.21772644100002,1.071913638685147,2.6076597048127543,-0.4347248841614482,0.4636840415247571,1.1164753237720648
37093,NC,Hoke County,0.31008470677001304,0.8214324848531674,0.41813339754022966,0.10096368797584579,72.72251898100001,0.35082552846999526,0.9171906996839514,0.6459068100723703,0.1568678920718883,0.6234236787279186
37097,NC,Iredell County,-0.8277861626563862,-0.5035754070642403,-0.376846995044629,-0.6168910252925167,76.55330224199999,-0.9224618399017662,-0.4935998407901992,-0.5512299133149696,-0.8596306779764112,-0.8510614260918906
37099,NC,Jackson County,0.03271876426490311,-0.4362672251054865,-0.20352997635872988,-0.6194369131404347,76.326940899,0.04045063400915368,-0.42193404394237044,-0.29023710167810635,-0.8632357129634066,-0.46210751757199
37101,NC,Johnston County,-0.5591879018915424,-0.29619413627453495,0.32938747462374574,-0.891306797090983,76.45311862300001,-0.6218980573251864,-0.2727924502181726,0.5122670318272929,-1.248209640370939,-0.4909116033940412
37105,NC,Lee County,0.13655833718594984,0.40435219107922127,-0.04077197208024161,-0.25815352582777706,73.748946311,0.15664801640996873,0.4731081122036794,-0.045144787748849405,-0.3516502350141491,0.07013429868027357
37107,NC,Lenoir County,1.1488866565813096,1.6496417766348148,-0.16893323602051502,-0.26750488117657156,70.906473993,1.289452182827291,1.7990192846348823,-0.2381389257297578,-0.3648919664736868,0.7482563710399759
37109,NC,Lincoln County,-0.5609888973730424,-0.40003132216642445,0.01529195108056246,-0.6058920623468501,76.16569048900001,-0.6239133868838423,-0.3833521838615289,0.03928016398453614,-0.8440558967572698,-0.5455255955189602
37111,NC,McDowell County,0.5555743036067904,0.12818161409863904,0.011837587332203955,-0.44870758175958064,74.29003117599999,0.6255305157560446,0.1790579107383285,0.03407834298659688,-0.6214791039919447,0.06538561252728599
37113,NC,Macon County,0.32272606487468014,-0.07653538519733742,-0.06545619035609662,-0.6975149751331234,75.355203202,0.3649713177912832,-0.03891272011057788,-0.08231599909162558,-0.973796021199539,-0.21978683783697028
37115,NC,Madison County,-0.28419628285041776,-0.4441300591519095,-0.12332455384424576,-0.29879608560279164,74.713652253,-0.3141800514062275,-0.4303059275829723,-0.1694582024719381,-0.4092010222846095,-0.39834057525623223
37117,NC,Martin County,1.045101968536249,1.1729457961861987,0.2577489202871352,-0.45256050809040493,71.137415952,1.173316217078563,1.2914614172430414,0.4043887180894086,-0.6269349351418897,0.6750368365346917
37119,NC,Mecklenburg County,-1.758644860574638,-0.32929073798242514,-0.5450557447863036,-0.9535745187610359,78.815017433,-1.9641007935343346,-0.30803176682613936,-0.8045303385695896,-1.3363821477987925,-1.3285729318060782
37121,NC,Mitchell County,0.27369604054341046,-0.4186531005688421,-0.11969671968660517,-0.24744409181087645,74.059983163,0.31010629546811186,-0.40317955921317267,-0.16399515767614214,-0.3364854333307527,-0.17869284737465693
37123,NC,Montgomery County,0.3911826750566899,0.3374024047299156,0.4100734254049804,-0.7126137495317056,72.271910146,0.44157485811237657,0.40182391394001093,0.6337695438924932,-0.9951762285060599,0.14510652711115876
37125,NC,Moore County,-1.3233299514325547,-1.0524078210779808,-0.619656595668901,-0.9750093435031209,76.95200417199999,-1.4769796359693037,-1.077964343612679,-0.9168694843152089,-1.366734346226749,-1.4566730186779377
37127,NC,Nash County,0.23347988816658669,0.8776061648378558,-0.07497530264690797,-0.738604491794087,73.536759314,0.2651040722793444,0.9770011331383058,-0.09665053992265826,-1.0319797095668968,0.0341622968466421
37129,NC,New Hanover County,-1.2093789163721826,-1.0811976027567702,-0.7635231517343014,-1.1605587695915616,77.61056498200001,-1.3494674397669344,-1.1086180113398774,-1.1335137426385617,-1.6294765457359588,-1.5718352812931293
37131,NC,Northampton County,0.8879460043749166,2.093943770240636,0.5141201396754366,0.13927820590958795,71.999271572,0.997457330620047,2.27208593843861,0.7904503171074841,0.21112211924609792,1.2858442763979279
37133,NC,Onslow County,-0.0669127537443466,-0.15565513123929237,-0.5107233745573119,0.3612056591030787,74.12287345899999,-0.07103789846099491,-0.1231547762987722,-0.752830269504466,0.5253764309557019,-0.12693914030797449
37135,NC,Orange County,-2.4080513074026086,-1.166659117454139,-1.235693881252281,-1.2525486840355284,81.57912264100001,-2.690792237970445,-1.1996124101243006,-1.8445412412875013,-1.7597363528568475,-2.2563177701771453
37137,NC,Pamlico County,0.13833897387094926,-0.06799972006024,0.08392475619167092,-1.0860421822205018,73.754228736,0.1586405642988272,-0.029824445462910597,0.1426322116500689,-1.523959366413289,-0.3770757473583632
37139,NC,Pasquotank County,-0.13626949873276112,0.26953890724047463,-0.37660701397763946,-0.2719730031966063,73.79512595500002,-0.14864869743473724,0.3295668497477001,-0.5508685331464893,-0.3712189286851458,-0.22313334037725507
37141,NC,Pender County,-0.6599050845688113,-0.4130766502380368,0.08775059855307552,-0.5665614336234025,75.66846685599998,-0.7346014579716977,-0.39724208259577726,0.14839343095993948,-0.7883628336380489,-0.5334146131965317
37143,NC,Perquimans County,0.26111117755027763,-0.20969505472417893,0.6995440795168038,-0.7166307419826733,73.677203797,0.29602372466645044,-0.18069331122032653,1.0696745720070424,-1.000864381006602,0.05543660219273225
37145,NC,Person County,0.32228817020851697,0.3160489771355477,0.12396492380977292,-0.30886419257008363,74.84867117799999,0.3644813098632448,0.37908803905156785,0.20292747869478148,-0.4234576903069585,0.15746398070660336
37147,NC,Pitt County,-0.2671022782434987,1.0477010382271785,-0.849663202033129,-0.698573212382488,74.94059690300001,-0.29505171204391417,1.158108158858393,-1.2632294167973448,-0.9752945091677427,-0.41409250121604735
37149,NC,Polk County,-0.47331924496682937,-0.6657244402452422,-0.14037604293516437,-0.3751785857022015,76.525709274,-0.5258102857343717,-0.6662466027862748,-0.1951355197612426,-0.5173603763888128,-0.5733767161033135
37151,NC,Randolph County,0.5094651041128189,-0.48286522270376864,0.17742140156394712,-0.02594101520368975,72.92388733399999,0.5739339217497287,-0.4715488534976266,0.28342595792693354,-0.022832048501152193,0.1092769367751954
37153,NC,Richmond County,1.0697551815640076,1.1293775741946404,0.2026050477777513,0.1542102245640678,68.74756638300002,1.200903376203084,1.2450725347119178,0.32134924256709074,0.2322661966334383,0.9030444584283435
37155,NC,Robeson County,1.3504183985154568,3.087844119498947,0.020587246469436465,0.654447889043748,67.946062542,1.5149679493571635,3.3303326247119194,0.04725418778478735,0.9406140854600761,1.7561094788597862
37157,NC,Rockingham County,0.7928041946158919,0.3504134285230024,0.21565684871840274,-0.1886112216534075,71.94352912600002,0.8909928206082358,0.4156772874943438,0.3410035514760082,-0.2531767536194759,0.4198214210656876
37159,NC,Rowan County,0.19986523348761223,0.41775694654505,-0.0969046959982303,-0.13498598682352647,72.664422403,0.22748898225028605,0.48738070810587736,-0.12967334444380482,-0.1772422037508866,0.1228169721710981
37161,NC,Rutherford County,0.5817909105009762,0.14617575506110841,0.05513733171980052,0.34789504306275515,71.86847225099999,0.6548671261719192,0.19821701462643773,0.09928210725949196,0.5065282964775588,0.43920870548693236
37163,NC,Sampson County,0.8516428580165951,0.8142111329318114,0.5689387322006465,-0.1866314145870541,72.73258934900001,0.9568337950922382,0.9095018285140286,0.8729999634238623,-0.25037330186980766,0.7493166023313828
37165,NC,Scotland County,1.2296756201994545,1.8732021634650533,-0.17813977989462007,0.3284870080997444,69.48547084199998,1.3798557335664756,2.0370532472163685,-0.2520027793165511,0.4790460783870402,1.0970330718456498
37167,NC,Stanly County,0.2621198366729499,-0.2124971639935902,-0.07660281801416748,-0.5133810183583148,74.08833190099999,0.2971524229699223,-0.18367683250708636,-0.09910136566905002,-0.713058158371081,-0.21034287033318463
37169,NC,Stokes County,0.5020725141659336,-0.0984064196906093,0.45084181486130404,-0.3276902601050594,73.66295786299999,0.565661549504479,-0.06219971240829255,0.6951614179899575,-0.45011582930810423,0.2253425230457772
37171,NC,Surry County,0.5731885040446343,0.14508404373535855,0.008408689685530962,-0.07483942747263089,73.671789697,0.6452409587633261,0.19705462456016604,0.028914870614376705,-0.0920733103195853,0.2345637781203362
37173,NC,Swain County,0.4226035594741185,0.8515339827717439,-0.31636715343840394,-0.03866462664660428,67.330724396,0.4767351001985009,0.9492410057815072,-0.46015516469626944,-0.040848971143739525,0.27846820261176625
37175,NC,Transylvania County,-0.7159854007908423,-1.135921484805214,-0.3475990364871634,-0.964903984966121,79.089114976,-0.7973558180475488,-1.1668847851477273,-0.5071863046928669,-1.3524249291360435,-1.151192882037993
37179,NC,Union County,-1.6649981340244715,-0.991592254368317,-0.2263271463854301,-0.6979660920770028,78.45835743699999,-1.859309294595795,-1.0132115019496672,-0.3245666646243457,-0.9744348130329034,-1.2558610934733054
37181,NC,Vance County,0.7714331067104746,1.9871159198538764,-0.20484326027553287,-0.024877281798071305,70.064258836,0.8670783879520525,2.1583419209846952,-0.2922147358684628,-0.02132577785092449,0.8164272179610419
37183,NC,Wake County,-2.56426818433891,-1.3074267815848413,-0.7965439919354961,-1.2280833529853363,80.99017973900001,-2.865600277682147,-1.3494935468116103,-1.1832388186412828,-1.7250928887009165,-2.1445487737200186
37185,NC,Warren County,1.0681799176671884,2.1679658090414393,0.969115829997229,0.2834876767075677,72.99720226700002,1.1991406422448072,2.3509002555183858,1.4756144481323248,0.4153260036033603,1.6380391468616842
37187,NC,Washington County,1.4007279450529158,1.486598261048255,0.12052157014184042,-0.2444399654994736,71.17343344599999,1.5712647681226792,1.625420130336784,0.19774223744110805,-0.3322315222769656,0.9218918368329975
37189,NC,Watauga County,-0.6556650111194093,-0.09516618193823463,-0.5848040647130024,-0.7524699895884143,79.380888249,-0.7298567790198466,-0.05874969765908051,-0.8643861210782388,-1.0516135692051107,-0.8142374497820636
37191,NC,Wayne County,0.42271124751722516,0.6233316897032194,-0.14736064873299567,-0.44524554434766317,73.237730456,0.4768556040524061,0.7062646142147374,-0.20565342457620375,-0.6165767804247632,0.10864804186396922
37193,NC,Wilkes County,0.8110574450537731,0.15290361347929873,0.11243516782977289,-0.3130665586336564,73.660016419,0.911418366106203,0.2053804429138701,0.18556517086417737,-0.4294083360511264,0.2628083844110588
37195,NC,Wilson County,0.5746425822898102,1.5862781132076877,0.006068893154678789,-0.6921199383881307,72.64329582500001,0.6468680849267193,1.7315533793236173,0.02539144239090836,-0.9661565266955962,0.43281483225508954
37197,NC,Yadkin County,0.60578647067497,0.15343937514497263,0.4681834663580668,-0.2803024909676719,73.586193213,0.6817183660511444,0.2059508904519505,0.7212756819952092,-0.38301367245714596,0.3690737527196401
37199,NC,Yancey County,0.3481427165984249,-0.39569144823093827,-0.02834902701739761,-0.3721709833652299,75.98610259,0.3934127714357223,-0.3787313411236233,-0.026437453723920583,-0.513101543203911,-0.15801142944963734
39001,OH,Adams County,0.9933835294111899,0.20456802073808547,-0.23896033696674823,0.7799618432979706,70.56975440800001,1.1154428352922465,0.26038966775284467,-0.34359060096228833,1.1183446939834039,0.6474466289793316
39003,OH,Allen County,0.2981853562889927,0.02174201399401925,-0.6380731186485367,-0.5386313037709506,74.333975508,0.33751005211286744,0.06572727936967457,-0.9446023644990121,-0.7488131357235253,-0.3884156572264443
39005,OH,Ashland County,0.04795111318022184,-0.48359610415523147,-0.3131479926611559,-0.4270461799736035,75.30678726299999,0.05749576451177718,-0.4723270531175848,-0.4553075286779755,-0.5908060673262985,-0.43982597231638126
39007,OH,Ashtabula County,0.6666390844727468,0.5893856787124218,-0.12570080220515067,-0.015210851823867277,73.72647731499998,0.7498129684906756,0.6701208965170665,-0.17303652239436887,-0.007637893569280026,0.37308627989313525
39009,OH,Athens County,-0.08200829676516708,-0.30978012465799426,-0.5467082648713524,-0.25946702664048793,74.74955544600002,-0.08792994198155055,-0.2872580122810821,-0.8070188181577649,-0.35351018198280365,-0.46233653972060224
39011,OH,Auglaize County,-0.27748487002156197,-0.5337242995807903,-0.07245159970774401,-0.6503415188373122,76.60230299299998,-0.30666992226194417,-0.5257006098705783,-0.09285017264873051,-0.9069973361973805,-0.5515999199272474
39013,OH,Belmont County,0.4567587399820544,0.10643401499311131,-0.26304394011526033,-0.1008764461008714,74.09614526300001,0.514955043316594,0.15590234518791962,-0.37985736430575434,-0.12894231976500098,0.04878841643842157
39015,OH,Brown County,0.2818149469827355,0.22683349355843124,-0.13684024486942348,0.29620181691004904,72.56277925599998,0.31919142216565705,0.2840966348024312,-0.18981106930880137,0.4333295147544871,0.25493603298209044
39017,OH,Butler County,-0.8948379175772869,-0.26856909110326144,-0.49029575376827506,-0.7939932430497604,75.400389676,-0.9974933350054067,-0.24337892547953424,-0.7220689384753157,-1.1104114387280937,-0.9252507239540152
39019,OH,Carroll County,0.5565409451897858,-0.24546850750855703,0.21253697771089441,0.42311617399614726,75.000577384,0.6266121960683205,-0.21878278155190792,0.33630543289326464,0.6130431254783743,0.40858633875923234
39021,OH,Champaign County,-0.014337234639275165,-0.4057210022719674,0.08468599371288249,-0.226095718312589,75.706404226,-0.012205436746053554,-0.3894102208892241,0.14377853601273605,-0.3062556518265479,-0.1698234171408234
39023,OH,Clark County,0.3242380300306497,0.13668016255030305,-0.39062562438659865,-0.33187818382751577,72.26961240800001,0.3666632199097413,0.1881066657204733,-0.5719787309425106,-0.45604602436939484,-0.14247613678237156
39025,OH,Clermont County,-0.8734578036050734,-0.699103321091448,-0.4492472951425711,-0.6491054342775077,76.250580235,-0.9735688021022213,-0.7017864736328526,-0.6602553167588147,-0.9052470124002722,-0.9756790705981682
39027,OH,Clinton County,0.050655150344039904,-0.16552407151079432,-0.4630123517877601,0.3156444410268834,73.042844738,0.060521605542432064,-0.1336626439608972,-0.6809836956762906,0.4608607118720302,-0.08828884311672618
39029,OH,Columbiana County,0.5581984864974795,-0.3147318733484588,-0.04511152343286465,-0.3988713500983095,74.031334007,0.6284669991627215,-0.29253034330184563,-0.051679585758594916,-0.5509098686244814,-0.08027737912386244
39031,OH,Coshocton County,0.6869339849787014,-0.11689003180508117,0.13404759720039763,-0.016246746730365524,74.28380734599999,0.77252313811618,-0.0818799764157433,0.21811066899535075,-0.00910474427279019,0.270844600879756
39033,OH,Crawford County,0.7581113925436387,-0.1181422756906979,-0.22643256024218264,-0.21551590101306634,73.41496233400001,0.8521712742984249,-0.08321329211821671,-0.3247254041357216,-0.29127439035739505,0.04604895388725208
39035,OH,Cuyahoga County,-0.5535601503466511,0.9314784701544667,-1.0682387094706851,-0.971049940186193,75.35878187199997,-0.615600554553139,1.0343611980842038,-1.592375606096083,-1.3611277412473413,-0.7630990641879486
39037,OH,Darke County,0.3997836270962856,0.23156889930210917,-0.1450339895173586,0.11068321177166573,75.545858478,0.45119939801602066,0.28913861656664563,-0.20214977943498172,0.17063095841022674,0.21339414942154217
39039,OH,Defiance County,-0.019175949913649903,-0.4922158689353444,-0.4384730430150834,-0.5233200013311662,76.238955786,-0.017620001090349193,-0.48150487212309884,-0.6440306991340813,-0.727131983886051,-0.5630609693747692
39041,OH,Delaware County,-3.107552754515801,-1.5522943763940464,-0.8978786864972997,-1.6343593579855469,81.115354523,-3.473540422055675,-1.6102141723511127,-1.3358356441035226,-2.3003889346756985,-2.6252005526195763
39043,OH,Erie County,-0.2771857047886455,-0.5967644441100334,-0.6935804877536113,-0.6650333964563309,75.13270061599998,-0.3063351537725104,-0.5928220512706595,-1.0281892184568064,-0.9278013684270529,-0.8595588833773372
39045,OH,Fairfield County,-1.003961496157692,-0.5296071087449558,-0.5369411140831768,-0.8532014955977832,76.39750898000001,-1.1196035655520375,-0.5213168670114193,-0.7923107637196317,-1.1942516684259716,-1.092074858428006
39047,OH,Fayette County,0.6504653728374321,0.33728688359634884,-0.09867964552579753,0.16606499388656437,72.726754622,0.7317144449426434,0.40170091382547957,-0.13234618679492346,0.2490528191098799,0.37635651148397303
39049,OH,Franklin County,-1.2267938012631348,-0.36217233414542205,-0.8456110577570947,-1.0804398777586741,75.49726173400002,-1.3689548469491533,-0.34304215816450184,-1.2571274163372685,-1.5160263761171118,-1.3502807883491463
39051,OH,Fulton County,-0.04875419043084667,-0.9066155560975527,-0.285223799771817,-0.5840283888988598,76.36907022599999,-0.0507183086761596,-0.9227333072065125,-0.41325733839581597,-0.8130964388264325,-0.6622642346890587
39053,OH,Gallia County,0.4701327872770046,-0.13650503879019563,-0.6384543301030866,0.06426104315866799,71.74284347000001,0.5299207181943163,-0.10276488319610139,-0.9451764192000769,0.10489611382195628,-0.12437352961540887
39055,OH,Geauga County,-1.7452792122516771,-1.4411126700089707,-0.3681603525745004,-0.9683922671286339,79.998901626,-1.9491445171790884,-1.4918344248804338,-0.5381489633935324,-1.3573644158658518,-1.6065821159361708
39057,OH,Greene County,-1.4743498397650718,-0.9652728292047407,-0.9355263111627323,-0.44776898353092753,77.345391050999993,-1.6459722003748256,-0.9851881246716961,-1.3925280536971107,-0.6201500275930006,-1.39805461784569
39059,OH,Guernsey County,0.6954968009286517,0.2084211260035854,-0.19753367576527603,0.18006106543177722,72.48386462300002,0.7821050034048662,0.2644922278154509,-0.28120745552349796,0.26887157414351015,0.3113704073403047
39061,OH,Hamilton County,-1.0745765417646513,0.2056300434840863,-0.9690204911376687,-1.0712025952580952,75.507612956,-1.1986224138275563,0.26152044716402095,-1.4429659176265173,-1.5029461744002215,-1.169004013684913
39063,OH,Hancock County,-0.43682153143588576,-0.6903579004630325,-0.5305762518437818,-0.648199668599077,76.114897793,-0.4849690278534769,-0.6924748636641135,-0.7827261118248772,-0.9039644276377766,-0.8622643634410095
39065,OH,Hardin County,0.441884642974228,-0.4611823954103815,0.2890709814341671,-0.28517938722333713,71.843075315,0.4983107998045436,-0.44846225316653054,0.45155565453343316,-0.38991946826586465,0.033563128606125536
39067,OH,Harrison County,0.8546493513265088,0.049037678979583915,0.4404073982533393,0.3775377688529097,72.55834487799999,0.9601980871727069,0.09479009944228622,0.6794485483078488,0.5485030691176063,0.6872923336323169
39069,OH,Henry County,-0.04644763498500848,-0.43112114111139804,-0.2404431131636331,-0.5358411586245472,75.98318893,-0.0481372531341407,-0.41645479611023906,-0.34582346840708633,-0.7448622268569759,-0.4682254295876627
39071,OH,Highland County,0.4466074756858824,0.5269618677459111,-0.12923544558621167,0.5044870639368958,73.071549723,0.5035956905564387,0.6036556908763221,-0.17835923404237272,0.7282661528396321,0.4988971646766532
39073,OH,Hocking County,0.5203716529468531,-0.08947922382801843,-0.04923292316783337,-0.36088431791230374,72.59190579000001,0.5861384444561638,-0.052694558852053784,-0.05788587590173609,-0.49711936870333906,-0.00649117279300591
39075,OH,Holmes County,0.27450263786442747,0.029367955088667824,1.3645145453913798,0.06507594651803875,78.23533147299999,0.31100888486363015,0.07384693331601792,2.071033312539085,0.10605003547799235,0.7712867176975211
39077,OH,Huron County,0.3103643317747301,-0.29489163429087084,-0.21287204052731123,-0.38730712743987555,74.15397591299998,0.3511384312746576,-0.2714056226462681,-0.3043050311424874,-0.5345346668200688,-0.22853355332605374
39079,OH,Jackson County,0.5496943730318498,0.17535250793466614,-0.34096175252973254,0.35409344483162986,71.16895984,0.618950822462948,0.22928270654182822,-0.4971914212427798,0.5153053740925533,0.2608189587331515
39081,OH,Jefferson County,0.4930774032795726,0.12554886319175898,-0.35988381270068415,0.1988108799610131,71.76621409800002,0.5555959424338979,0.1762547122838074,-0.5256855744622545,0.29542173715750436,0.1510056347735609
39083,OH,Knox County,-0.31879833453033696,-0.3040751021925895,-0.27777913596914455,-0.297841669917541,76.34398613599998,-0.3529000472401993,-0.2811836396101854,-0.4020466462648144,-0.40784954800805034,-0.4347185591397793
39085,OH,Lake County,-0.7884289998532008,-0.9544975107041159,-0.6301545530101406,-0.8013326484207407,77.02271937199998,-0.8784208334934478,-0.9737151987336633,-0.9326780380493316,-1.1208042033456567,-1.1758091443339667
39087,OH,Lawrence County,0.6110655220261686,0.05507343854590156,-0.6193926502419582,-0.03430649588965395,69.970146734,0.6876256702831751,0.10121662154278109,-0.9164720169480756,-0.03467775905772596,-0.04886361408676894
39089,OH,Licking County,-0.8130190625043978,-0.783782069351771,-0.27145587293545786,-0.6874008056578571,75.90921234400001,-0.9059373267990747,-0.791947428713641,-0.3925246373450083,-0.9594741276202307,-0.9181852094331
39091,OH,Logan County,-0.010658344582066659,0.08314673800474828,-0.2102558128489227,-0.3474174891031343,75.72508331399999,-0.008088726875597512,0.13110742110558685,-0.3003653336861039,-0.4780500333983154,-0.19731098820203347
39093,OH,Lorain County,-0.3800085920469256,-0.40173111368528164,-0.47076930381632803,-0.9230069349415944,76.02106054000001,-0.421394856101897,-0.3851620219841621,-0.6926646531207363,-1.2930977551940204,-0.8406439956061759
39095,OH,Lucas County,-0.08956122194303895,0.20953966579083846,-0.8878487611676554,-0.7384631745773103,73.41240638900001,-0.09638173074040088,0.26568318325098195,-1.3207318854989751,-1.0317796011798908,-0.6572681051586875
39097,OH,Madison County,-0.3101479117933653,-0.5495308451878202,0.004888155499080199,-0.5619028741227978,76.17009256199998,-0.3432201491972744,-0.5425304907761941,0.023613405572154415,-0.7817662076309709,-0.4949067123631216
39099,OH,Mahoning County,0.11036315705993996,0.4746951993988032,-0.9008361215993719,-0.3826789842425535,73.365699103,0.12733538273345574,0.5480052138218082,-1.3402891554111582,-0.5279811109889212,-0.3591384298419925
39101,OH,Marion County,0.724976728594729,0.6487294788692992,-0.3849790332220166,-0.4830501530564858,73.690475249,0.815093298057889,0.7333066876416449,-0.5634757015494252,-0.6701089645610087,0.09477698679599636
39103,OH,Medina County,-1.4137140699699233,-0.8225563018324447,-0.5967229849048525,-1.1147626524780474,79.03434784999999,-1.5781202482543002,-0.8332319529278484,-0.8823344594245378,-1.5646282042829873,-1.462624005723209
39105,OH,Meigs County,1.1823514136952755,0.416229201885728,0.22148906256758039,0.6970605966963892,70.79053194900001,1.3268995361814737,0.48575405536910576,0.3497861044076561,1.0009546468496937,0.9523583040690676
39107,OH,Mercer County,-0.20618195185094024,-0.5601823274889033,-0.27666853455043466,-0.6945952018464722,77.36381378600001,-0.22688133862374557,-0.5538715632060724,-0.4003742254657797,-0.969661555943703,-0.6475074685006132
39109,OH,Miami County,-0.37301029774044564,-0.4124285384744623,-0.3518237560889507,-0.8024119294871658,75.95899155,-0.41356370409685367,-0.39655201127559986,-0.5135481810718168,-1.122332489836535,-0.7363814680561604
39111,OH,Monroe County,0.8544741616830871,0.026886776717697118,0.721471740619671,-0.15162581893363944,73.57988726999999,0.9600020484428018,0.07120512039071596,1.1026947679880805,-0.20080458376057297,0.5819702247831267
39113,OH,Montgomery County,-0.35157059545872055,-0.08961185395857486,-0.7695825794909172,-0.5732324061991619,73.271891642,-0.38957249135868666,-0.0528357756211857,-1.1426384500625666,-0.7978090822434486,-0.7173726263399456
39115,OH,Morgan County,0.9963606150026099,0.819765298200356,0.4341167372339204,0.6711134655425818,73.340519016,1.1187742198807522,0.9154155773066897,0.6699756337668481,0.964212920108616,1.1043866829454188
39117,OH,Morrow County,0.05124954320317865,-0.23158977675978248,0.41179441576712184,-0.2899532948305965,76.505004358,0.0611867363052692,-0.20400552462113988,0.6363611307823489,-0.39667942981048954,0.029161144399836348
39119,OH,Muskingum County,0.36438083107839886,0.023631525117724,-0.4709008719171059,-0.30991982856310585,74.42112173800001,0.411583362325309,0.06773911977885569,-0.69286277751039,-0.42495249483713016,-0.1922219758213083
39121,OH,Noble County,0.8785963144993438,-0.029177602050008238,0.5820929025386654,0.09659685157883023,80.65089035799998,0.9869949465862934,0.011511064449222142,0.8928084272856348,0.15068435260191515,0.614755637360212
39123,OH,Ottawa County,-0.4302462714462031,-0.7278833355943861,-0.29838642958149697,-0.5719907869413023,76.630507227,-0.4776112549166905,-0.7324297418451636,-0.4330785411179181,-0.7960509211882507,-0.7343264828852968
39125,OH,Paulding County,0.2793823024987239,-0.4082875593733252,0.38605368741659984,0.15562958743142913,76.91145495300002,0.3164692718967143,-0.39214294006944167,0.5975989531455486,0.2342760466746584,0.2276588182500555
39127,OH,Perry County,0.3875596797770121,-0.019969792963258782,-0.07505273119154685,-0.427443709051459,73.35244742599998,0.43752069498259216,0.02131499847657342,-0.09676713720617648,-0.5913689775248718,-0.06903222825231949
39129,OH,Pickaway County,-0.0038879703991431813,0.10359409636894623,-0.3365228441003832,-0.5770350525364456,74.39447775299999,-5.126194649100319e-4,0.15287856672204903,-0.49050700444194595,-0.8031937157811311,-0.34360548542679487
39131,OH,Pike County,0.8637449871452723,0.8427080274208079,-0.48165541700024095,0.4335527578458276,69.6740641,0.9703761825142103,0.9398436471727752,-0.7090577188981695,0.6278215651309996,0.5506261954754857
39133,OH,Portage County,-0.6845189116747565,-0.5020880313356783,-0.46865954886753425,-0.6853547706168981,76.418111514,-0.7621445439082287,-0.49201617051865865,-0.6894876374985811,-0.956576895555076,-0.8731297140960228
39135,OH,Preble County,0.07399322881710774,-0.4541292569854784,0.3762940059474569,0.10337205520151183,74.520566602,0.08663711769787205,-0.44095248584272334,0.5829021465271051,0.1602781947359115,0.1170700665734753
39137,OH,Putnam County,-0.6530611083251364,-0.8855779664644825,-0.023387392354334458,-0.8153346185552413,78.169577687,-0.7269429892168904,-0.9003337180193391,-0.018965879432796862,-1.1406313109156225,-0.8390046295657858
39139,OH,Richland County,0.4542542751235099,0.5252223731688506,-0.552187908815074,-0.2670877240029118,74.02822748900002,0.5121525254258573,0.6018035792704268,-0.8152704468234567,-0.36430126244587613,-0.019753960183221352
39141,OH,Ross County,0.4632924418854444,0.4416109950492465,-0.7668240651643659,-0.11166045023466137,72.209906359,0.5222663123945052,0.5127790971924758,-1.1384844874829771,-0.14421271442673309,-0.07455701546421453
39143,OH,Sandusky County,0.2772936724213808,-0.23306648436719052,-0.37367722228227196,-0.7937400132896364,75.237550896,0.31413207673148175,-0.20557783610417768,-0.5464566492017852,-1.110052859639175,-0.4660209554216319
39145,OH,Scioto County,0.8690167419506032,0.613028936558704,-0.6859566365395502,0.005794432446735914,69.19803614699998,0.9762753218481532,0.6952948480980322,-1.0167086934688654,0.022106065800036007,0.20380502416300003
39147,OH,Seneca County,0.1953300273136782,-0.7482968912148272,-0.25750003669182164,-0.5743151568971064,74.79233897099999,0.22241404722084565,-0.7541648962864599,-0.37150896924970545,-0.7993422818113226,-0.512578285494991
39149,OH,Shelby County,-0.22709136513642803,-0.42544243637080703,-0.13479158086337614,-0.3617283143977192,74.873569548,-0.2502791533774507,-0.4104084450061878,-0.18672604867383108,-0.4983144868862991,-0.4051392980121209
39151,OH,Stark County,-0.09152715395077712,-0.19189915495335932,-0.7698671524569797,-0.5006873405495089,75.07665666300001,-0.09858162570193779,-0.16174528290362924,-1.1430669798116448,-0.6950836224339166,-0.6317588851686841
39153,OH,Summit County,-0.7864256247343203,-0.3380819685043178,-0.8568258003221546,-0.8576069632365534,75.299746472,-0.8761790393659061,-0.31739215247747776,-1.2740153550753743,-1.2004899106112392,-1.1042957961378148
39155,OH,Trumbull County,0.4509729078162133,0.17413931346455336,-0.3535882805820593,-0.25763282746832145,73.522405671,0.508480646959125,0.22799096836228133,-0.5162053246815459,-0.35091291431675714,-0.039331927503808435
39157,OH,Tuscarawas County,0.17108330865312532,-0.17197173702993365,-0.09924670126968113,-0.11147309870399372,74.61916276800001,0.19528175881758514,-0.14052773931469162,-0.13320009874236605,-0.14394742040623004,-0.06695285924124382
39159,OH,Union County,-1.8919807739486787,-1.1837661706184126,-0.3899453431624046,-0.9866750226616496,78.528411561,-2.113304836639033,-1.217826995053769,-0.5709543161980594,-1.3832532127384658,-1.591182218986492
39161,OH,Van Wert County,0.20355896730247447,-0.5328692339042116,-0.3155077263819494,-0.6127205025235678,75.532985287,0.23162230241425386,-0.5247901861852856,-0.4588609797076194,-0.8537251230603072,-0.483421596440921
39163,OH,Vinton County,0.7836236158662273,0.6633501265041656,0.33384604129246837,0.5589432321577777,67.55282905,0.8807196733905881,0.7488738940746771,0.5189810513711509,0.8053773232529444,0.8893044486425453
39165,OH,Warren County,-2.1364090605778143,-1.475651655532433,-0.701724658866882,-1.0278377453573146,78.17560619999999,-2.3868222086010387,-1.5286095070148968,-1.0404532773093096,-1.4415405625128148,-1.9259822494899836
39167,OH,Washington County,0.2276903004922447,-0.27841325035131376,-0.6261868710471776,-0.8499385835621645,74.699307491,0.25862547347530207,-0.25386040776412355,-0.9267032268101003,-1.1896313109119854,-0.6357002963795284
39169,OH,Wayne County,-0.30859068875603235,-0.5881201844102857,-0.2899299454017005,-0.6266433282447547,75.829394447,-0.3414776031171791,-0.5836181515141392,-0.4203441795452233,-0.8734401603443591,-0.6680067847231534
39171,OH,Williams County,0.4822486899805697,-0.05017928318674638,-0.13974789477916155,-0.0696242118200184,76.280999097,0.5434785183660067,-0.010850291481185744,-0.19418961061393147,-0.08468844656458158,0.07639296751862788
39173,OH,Wood County,-0.9991321639210313,-0.8577797474542328,-0.5266256877862008,-0.6290932673880342,77.43738520400001,-1.1141995009082963,-0.8707358079533563,-0.776777077917202,-0.8769093297874494,-1.0954282747000426
39175,OH,Wyandot County,-0.11200687130260552,-1.0491564753660336,0.014839004350807594,-0.13116922768455355,76.109630966,-0.12149860698036025,-1.0745025017608627,0.03859808532072825,-0.17183758616563669,-0.400175632710248
40001,OK,Adair County,1.27228350488409,2.1467728045328665,0.39031250247821825,0.9714409732298628,69.27488179,1.4275343259443043,2.328335189704586,0.604012172837422,1.3894834887454819,1.7308798955498028
40003,OK,Alfalfa County,-0.27255044952782054,-0.42339549988267466,0.5652403786923547,0.5498192280760686,77.738036284,-0.3011482629474009,-0.40822898731991725,0.8674307256890185,0.7924575263487135,0.28615687693288133
40005,OK,Atoka County,0.8902028112572791,0.4599817784261878,0.4148142971097739,1.3445832910745443,72.89305231799999,0.9999827170882103,0.5323392277904784,0.6409086779788354,1.9178614815383357,1.2316471220829257
40009,OK,Beckham County,0.776483484303345,0.6284153143839799,-0.014144000799307943,0.317615822815815,72.146861165,0.8727298042658836,0.7116773590403999,-0.005046538047292852,0.4636522332376065,0.6150609283134996
40011,OK,Blaine County,0.4414662377146286,0.1665281921519426,-0.20430227193175188,0.9067645943061384,70.317286912,0.4978426006914256,0.2198870936489813,-0.29140007802368384,1.2979002679673657,0.5190894559685003
40013,OK,Bryan County,0.2304150073522593,0.7640197749204201,0.03611487048678863,0.7261606982024104,72.18188780599998,0.26167444407520973,0.8560610199513305,0.07063676314325988,1.042161051185264,0.6715150436345155
40015,OK,Caddo County,0.744925052300652,1.2187453600825466,0.7055519694354029,0.7599712381137667,69.047472389,0.8374156452392936,1.3402261015116819,1.0787216701728704,1.0900375432347162,1.308509341123299
40017,OK,Canadian County,-1.0372564929386152,-0.9086334856212531,-0.021834587685908513,-0.5131226330910166,77.700321827,-1.1568609556217024,-0.9248818799816227,-0.016627558248829333,-0.7126922789669682,-0.8462868013292225
40019,OK,Carter County,0.3671142687518112,0.31429308912595616,-0.2846382029548066,0.5851548653712498,71.686320559,0.414642102781106,0.37721847268205816,-0.4123755060119222,0.8424935909149835,0.3678837977442857
40021,OK,Cherokee County,0.060572468184744266,0.9963112556724975,-0.20166987306094109,0.42330913720035374,73.00316196200001,0.07161917019057386,1.1033913382662885,-0.2874360288619121,0.6133163657559991,0.45185193661390033
40023,OK,Choctaw County,1.1554870640165267,1.2852542055419813,-0.029525970715169714,1.6358894653559422,68.31194774000001,1.2968380959736616,1.4110408118272912,-0.0282097773373132,2.3303576372786727,1.5082977582973447
40027,OK,Cleveland County,-0.9186852026702295,-0.34717504409608396,-0.2954930033317083,-0.5444262690908692,77.568711434,-1.024178653783372,-0.32707392502157645,-0.42872141878843223,-0.7570189381683644,-0.7637765096313065
40029,OK,Coal County,0.8526432678261595,1.2462800854688114,0.6977508464115156,1.215925021047585,70.01165661400002,0.9579532623428197,1.3695434590507998,1.06697419697395,1.735678450501523,1.544461367475428
40031,OK,Comanche County,0.1272545940135681,0.6628066559292878,-0.6021941964080801,0.42762248780700673,73.23628910100001,0.14623704713544952,0.7482952385430831,-0.89057338993531,0.619424168132635,0.18767310463456732
40035,OK,Craig County,1.008634996110384,1.1464274797955107,-0.24963807626247242,0.7158214993167115,72.45320136900001,1.1325093587607804,1.2632262722740972,-0.3596698828576629,1.0275205108523777,0.9223104987375491
40037,OK,Creek County,0.2666353962978641,0.2810918799531015,0.22283637517035965,0.09170438018831908,72.79923942900002,0.3022053733406714,0.34186777619255626,0.35181498135822503,0.14375650204868262,0.3430966589214075
40039,OK,Custer County,-0.29582526269060083,0.4980031379437187,-0.20546464008250415,0.4590134105899397,72.84584511399999,-0.32719298067211094,0.5728221371154011,-0.29315045276542673,0.6638744274003752,0.1855567023933857
40041,OK,Delaware County,0.5253450384997852,0.843726513970933,0.2760009950663194,0.535246704543973,72.53774166900001,0.5917037060097734,0.9409280718009467,0.43187396074442286,0.7718225022155882,0.8237875649874153
40047,OK,Garfield County,-0.05353660974303027,-0.0822327125157343,-0.09230781351080158,-0.2190200127587232,72.74984166300001,-0.056069877350670275,-0.04497889944113865,-0.12275103932769514,-0.2962362921362834,-0.15655990130953792
40049,OK,Garvin County,0.6326963578819405,0.5523631142768817,0.25492279582486443,0.33437549375420916,70.48909967200001,0.7118307631478527,0.6307014455021963,0.40013294346879563,0.487384307748607,0.6713693872589874
40051,OK,Grady County,-0.32500974249685044,-0.4333373930364085,0.27969656753701394,0.14561779658966023,74.08510467900001,-0.3598506666084165,-0.4188145309240354,0.4374390105995807,0.22009912356448555,-0.03646600839021178
40055,OK,Greer County,0.9274880735682138,0.17193010834674038,-0.016597651209322883,0.7892381854236787,73.145268076,1.0417052488820624,0.2256387365746899,-0.00874141535443316,1.1314802050161719,0.7195483495352324
40057,OK,Harmon County,0.6338206563491073,1.0785880144921478,0.4262758997135431,-0.04096619758760639,68.78920976300002,0.7130888628804215,1.1909947961412934,0.6581683557191005,-0.04410804784429015,0.758101917697252
40061,OK,Haskell County,1.0216962712562188,0.8155164085211721,0.25164856081900955,1.4615014801711124,70.81492364100004,1.1471250388918686,0.9108916092582906,0.39520237284960785,2.083420291465475,1.3657817058487374
40063,OK,Hughes County,1.0890832791640417,1.2760411076004456,0.5709778689137688,1.2945094572587483,69.42019208900001,1.2225316849945604,1.4012312465381582,0.876070637199034,1.8469557961262453,1.6096821009077282
40065,OK,Jackson County,-0.027966821342190366,0.3596049783985147,-0.13074996234397313,0.6706158649984785,72.960192178,-0.027457062436847444,0.425463909669027,-0.18063989862959176,0.9635083064421077,0.35550937800984006
40069,OK,Johnston County,0.6067217847575967,0.8295145166617341,-0.3286937019670403,1.309927746264072,71.31407374700001,0.6827649906188945,0.9257959722207341,-0.4787173381207814,1.868788443369231,0.9027556609830089
40071,OK,Kay County,0.5379379006828497,0.2145556654707744,-0.08568638056452796,0.5042855361507567,71.78146478700002,0.6057952279743224,0.2710239249496858,-0.11278002543179598,0.7279807849195654,0.44918129055022904
40073,OK,Kingfisher County,-0.09565364879368382,-0.634494410730687,0.00814854085483252,-0.3223620862227663,76.65824502699999,-0.10319920920837992,-0.6329947025624161,0.028523120425717634,-0.4425710141356016,-0.3462869994780903
40075,OK,Kiowa County,1.022508187393631,0.7696478012378556,0.14935505420624579,0.9852473633335932,70.09251692400001,1.148033580089048,0.8620534116484756,0.24116170156709757,1.4090336505520038,1.101949332790123
40077,OK,Latimer County,1.2759664491554257,1.1752835456914035,0.26555780807566487,0.7695394693970561,73.22722772000002,1.4316555725155193,1.293950515540538,0.4161478840105505,1.1035863759408115,1.2780844548250538
40079,OK,Le Flore County,0.974098955237485,0.9224884368364791,0.2854495197575073,0.7646478826887683,70.97278600599998,1.0938632295921862,1.0247891388980424,0.44610220586236227,1.0966597781176906,1.1022901305809343
40081,OK,Lincoln County,0.5082743811764504,-0.31274246617303614,0.4188434190684449,0.2832523470312392,74.18914755699998,0.5726014924602147,-0.29041213944709254,0.6469760098334592,0.4149927714394469,0.4046666404647511
40083,OK,Logan County,-0.9265707572857249,-0.19109917349605735,0.8912806851877955,0.1877837411088038,77.87854541099999,-1.033002657766862,-0.1608935096580502,1.3584048778200633,0.2798070582150755,0.13376385173945152
40085,OK,Love County,0.4338202116352445,0.1528826183330033,0.7895286606875949,1.0231391032871655,72.53218156599999,0.48928663121658655,0.2053580885158547,1.2051796079336792,1.4626892145087862,1.0123042995621243
40087,OK,McClain County,-0.717987872281253,-0.7919341990018027,0.11812691697693106,-0.22735867037680418,75.57650087599998,-0.7995966010069984,-0.800627337312782,0.19413620228574074,-0.30804402061982256,-0.5160493557906455
40089,OK,McCurtain County,0.9338061216312235,1.1655555612196171,0.01491427455049038,0.8821743472032436,68.183917381,1.0487751994428418,1.2835927293308154,0.03871143241841449,1.2630799198450813,1.0940848324756416
40091,OK,McIntosh County,1.2014923740493773,1.6416240806326177,0.4179265063422387,0.8652106887024673,70.74692953400002,1.3483184367722485,1.790482513084089,0.6455952589282531,1.2390589943150145,1.5123404670264184
40093,OK,Major County,0.060249376666539095,-0.5425015176979484,0.5751389644016598,0.6177730154566415,74.11007750999998,0.07125762798045815,-0.535046075936781,0.8823367039656353,0.8886816319023614,0.3935491766653729
40095,OK,Marshall County,0.6654655545250272,0.9906112130629259,0.5926319556887889,0.5049571076501327,73.28887865399999,0.7484997783045251,1.0973222678532464,0.9086788659447834,0.7289317454080644,1.0487077039851194
40097,OK,Mayes County,0.5762063841573791,0.5128214577190237,0.1450463116418025,0.4822100739522951,72.22920638000001,0.648617992774888,0.5885998132275555,0.23467329757169136,0.6967214293102325,0.6528734423187528
40099,OK,Murray County,0.3394872400825343,0.44041321546393936,0.3300385759301097,0.497007709456435,71.99127176100002,0.3837272181703702,0.5115037718764288,0.513247505423578,0.7176752171060521,0.6400909670029029
40101,OK,Muskogee County,0.5712834669903732,1.0363607324400979,-0.23869189349821618,0.25228680803552384,70.12731050999999,0.643109205782697,1.146033667658687,-0.34318636013153236,0.3711448652710682,0.5470489606081849
40103,OK,Noble County,0.01803179576520711,-0.3025412325859466,0.2062849135298549,0.27353605157220995,74.184391244,0.024015788920128837,-0.2795504653894333,0.3268906401538348,0.4012342764992907,0.142276046198387
40105,OK,Nowata County,0.7152526279374873,0.861465262571112,0.6389550392967542,0.5596611129095852,71.959480539,0.8042119451132593,0.9598152489095805,0.9784353845267407,0.8063938586941551,1.068403914182269
40107,OK,Okfuskee County,1.1669565731904248,1.6149775170123561,0.8480980086671284,0.9070651094751121,68.774364104,1.3096725761813415,1.7621108180014224,1.2933774024769795,1.298325804268644,1.7050256496287641
40109,OK,Oklahoma County,-0.5848069479915451,0.3290424718319466,-0.5908316351457068,-0.5825733470500607,73.815286926,-0.6505659920314428,0.3929227486538283,-0.8734628555299302,-0.8110360665375459,-0.5846932182671023
40111,OK,Okmulgee County,0.7625548559673454,0.7114600055792385,0.021291997782674987,0.6413568118623769,69.87247667399998,0.8571435483949398,0.8000984661821305,0.04831545128990358,0.9220768229899738,0.7910646172643402
40113,OK,Osage County,0.2792449666706425,0.48549886039256684,0.6083573417912737,0.9850049015813958,75.83496268200001,0.3163155919143723,0.5595083171810155,0.9323592451947911,1.4086903192067544,0.9684585080546573
40115,OK,Ottawa County,0.984678273600134,1.2382249440435076,0.08198605982410428,0.9152481203669159,69.770271246,1.1057015785640119,1.3609668178139276,0.13971278792747197,1.3099131334544298,1.1790232296446719
40117,OK,Pawnee County,0.5334775087969847,0.16698188740223294,0.02337357316963737,0.46728351773782834,71.40339673599999,0.6008040107818805,0.22037016169051685,0.051450032169476516,0.6755850868619538,0.46609743061365827
40119,OK,Payne County,-0.21222051369855688,0.1267431682681519,-0.16187925268702835,-0.12749867102281756,75.89392638700001,-0.23363854168631967,0.1775263381469388,-0.22751654740012153,-0.16663999460710488,-0.13555603014180076
40121,OK,Pittsburg County,0.5235157611151479,0.49706225369833434,-0.26218340313294064,0.5715386026134494,71.27626139,0.589656728756299,0.5718203388610915,-0.3785615079136008,0.8232126537463899,0.4835342596336453
40123,OK,Pontotoc County,-0.2075632789016129,0.053206981060549496,-0.5042078559131229,0.16747850527373556,71.65676633599998,-0.22842705556972764,0.09922932729299255,-0.7430187487253029,0.25105438332231594,-0.18700446861257147
40125,OK,Pottawatomie County,0.23415292721480077,0.4838896038642625,-0.07265472063880593,0.1466297524884838,71.67646444100001,0.2658572088096292,0.5577948753961196,-0.09315604626288622,0.22153207608968764,0.2866136124215616
40127,OK,Pushmataha County,1.2359355087692683,1.1443714406028203,0.10231496679982743,1.5251948472242125,68.56176914000001,1.3868606031501187,1.261037122562925,0.17032546883628505,2.1736115451193796,1.502820942217445
40131,OK,Rogers County,-0.5047594290070353,-0.44254175558686126,-0.08727287727024811,0.006848549151912634,75.90665771100001,-0.5609921242657141,-0.4286147952820704,-0.11516908242699465,0.023598718984128964,-0.3254947224546821
40133,OK,Seminole County,1.14994912169416,1.6192801221544777,0.14072558566787394,0.9795834697467904,69.03087158599999,1.2906410905002765,1.766691979118219,0.22816684812547902,1.4010134486567238,1.4109021632948466
40135,OK,Sequoyah County,0.9514842955113503,1.048389407820768,0.08616416153152381,0.6067637725028232,70.318897677,1.0685572292866958,1.1588410943502572,0.1460044638413095,0.8730922939583099,0.9773762657680863
40137,OK,Stephens County,0.378570442177504,-0.12172171911915468,0.1178559521193831,0.3897061110935029,73.853045788,0.42746166017092146,-0.0870244731382192,0.1937281645721773,0.5657337179645091,0.33113102542013645
40139,OK,Texas County,0.14379781092342153,0.685050504776838,0.586016761548641,0.9697791824798092,75.781286834,0.16474905028934783,0.7719791816571494,0.8987172468767226,1.3871303553190006,0.9701752369619092
40141,OK,Tillman County,0.840999872147224,0.8400283855945997,0.7764856389919306,0.6533732050950104,71.826618298,0.9449242016283853,0.9369905220228543,1.185538519421989,0.9390923085922028,1.2061938896219466
40143,OK,Tulsa County,-0.6225280519789289,0.0142267647552899,-0.5037463391927068,-0.6012125428751299,74.44192302400003,-0.6927762344400435,0.05772548360681142,-0.7423237647739744,-0.8374295909552787,-0.666779684792249
40145,OK,Wagoner County,-0.5477602481497574,-0.4154066621877847,0.4060799156676961,0.34463438948943614,76.427911056,-0.6091104137089332,-0.3997229423989134,0.6277558393957529,0.5019111369974586,0.03637766563979812
40147,OK,Washington County,-0.30588303036649167,-0.05755426038495428,-0.20534581950154163,0.03376811537676003,74.91753870500001,-0.3384477099035441,-0.018702733818255848,-0.292971524477017,0.06171743586110271,-0.17714261385012617
40149,OK,Washita County,0.22051610509827085,-0.4302566755724432,1.1308489854622545,1.110109686205605,71.49351805500001,0.2505974866282685,-0.4155343640038623,1.719163473495021,1.5858415342454004,0.9453358118612362
40151,OK,Woods County,-0.052208929247901936,-0.5187378506751107,-0.4127123762222673,0.2500862426876705,75.97093501399999,-0.05458419136546471,-0.5097439197403508,-0.6052384968052257,0.3680288147833499,-0.2413076242125339
40153,OK,Woodward County,0.21542205337488946,-0.36161916655034987,-0.05842519161745968,0.25437200848067115,74.81893889599998,0.24489719858373526,-0.3424531778156412,-0.07172823256225941,0.37409755643764964,0.06166025111565583
44001,RI,Bristol County,-2.5310234697833467,-1.39361180579604,-0.9460689991225792,-1.554569622146711,80.65071802899999,-2.828399153858613,-1.4412582960100053,-1.4084039659053469,-2.187404857416617,-2.367944463730441
44003,RI,Kent County,-1.1968349644739265,-1.1931202667681131,-1.0608788252142494,-1.2606218593032559,78.168516735,-1.3354306488351442,-1.2277866869493292,-1.5812925808976734,-1.7711681523055562,-1.7809493609320062
44005,RI,Newport County,-2.375546731725405,-1.321816736896616,-1.0453937379574136,-1.5275480009765285,82.08313906000001,-2.654419335968893,-1.3648151256154315,-1.557974060349336,-2.149141628420294,-2.3260627441419333
44007,RI,Providence County,-0.7367394780932144,0.1723503452716101,-0.9419202733597841,-1.0818712111644682,78.17558214799998,-0.820579810489365,0.22608618015746454,-1.4021565263304456,-1.5180531767124965,-1.0581219232084838
44009,RI,Washington County,-2.2613236558200938,-1.1686610316873773,-0.9275394693320642,-1.6311479647400189,80.299335934,-2.5266027237024087,-1.2017439307592503,-1.380500912212161,-2.295841528938012,-2.2292248088792173
45001,SC,Abbeville County,0.6486525634174645,0.5352180964935052,0.5904358303645042,0.13612478437990877,72.88533303099999,0.7296858954844138,0.6124464380772622,0.9053717878087884,0.20665680277407236,0.7388394497652979
45003,SC,Aiken County,-0.37419709748888497,-0.18445146664981776,-0.02909923527964129,-0.4669424084838528,73.543142124,-0.4148917433050604,-0.1538154220543994,-0.027567169461940683,-0.6473000325833431,-0.37438531121418717
45005,SC,Allendale County,1.6679018457530845,2.485316810989212,-0.08901874737592182,0.4279547595323913,69.49370975500001,1.8702346794375067,2.688796953559954,-0.11779813496371243,0.6198946724386988,1.523682133422838
45007,SC,Anderson County,-0.1702304148974291,-0.4549217602564714,-0.16591900250115194,-0.6645534684614346,73.22720595300001,-0.1866512570684173,-0.4417962967549692,-0.23359988341808288,-0.9271217794914073,-0.5386398204872057
45009,SC,Bamberg County,0.9643196693265692,2.005915689982602,0.3452661671841788,0.74554075182054,70.59962296100002,1.082920123870232,2.178358811466996,0.5361782705959179,1.0696036470562247,1.465257036414742
45011,SC,Barnwell County,1.211406083813667,1.2390656179353319,0.24990045853607817,0.35007929415502215,69.574615302,1.3594119639516,1.3618619179725333,0.3925699589452473,0.509621245609016,1.0908652828749041
45013,SC,Beaufort County,-1.5861246702511607,-0.9338517379003536,-0.4725739226454382,-0.9103437914236281,80.553023831,-1.7710492047906043,-0.9517327930815904,-0.6953821735680265,-1.2751664565058456,-1.4129545396160292
45015,SC,Berkeley County,-0.7361863492359436,-0.42166190562006045,0.073101484360712,-0.5357257453180205,76.681691325,-0.8199608545023823,-0.40638315802211794,0.1263337767491583,-0.7446987989949302,-0.5553604064093035
45017,SC,Calhoun County,0.4202384866313783,0.24200352843692036,0.6421450433851214,0.31066379386999965,72.53822038900002,0.4740885631819955,0.3002487964882496,0.9832391143766344,0.4538080024319311,0.6657501852249769
45019,SC,Charleston County,-1.762339611005019,-1.1896710471779912,-0.9199690989097158,-1.00234027440499,77.89454330000001,-1.9682352512998817,-1.2241141606199046,-1.3691009223171005,-1.4054355648247985,-1.7963657766296544
45021,SC,Cherokee County,0.8581413906238258,-0.024503724557861307,0.32649520253545294,0.0471659948976641,70.63774850299998,0.9641057094228248,0.016487534546856062,0.5079116475143977,0.08068913740872087,0.47241500810965786
45023,SC,Chester County,0.9024233090270251,0.5872008873045831,0.6175780952007998,0.37485174878019606,68.56415303800001,1.0136575600458095,0.6677946590132071,0.9462444964875322,0.5446996037191507,0.9550684015477722
45025,SC,Chesterfield County,1.1087901650741037,0.7587410186127359,0.20396990673412374,-0.2533733878013231,70.93504273599999,1.2445838611891005,0.8504405104360458,0.3234045420363077,-0.3448814510545076,0.6242535488453237
45027,SC,Clarendon County,0.8187970515194605,0.9897229700872622,0.2890215887040034,0.010468570413572797,71.196317529,0.9200790528446691,1.096376518929521,0.45148127552773837,0.028724751268946417,0.7516345255074298
45029,SC,Colleton County,0.9468983740650003,0.7189141859181662,0.17312119133746046,0.7687952414219127,68.643774009,1.0634255434277142,0.8080352393691412,0.2769504025189887,1.1025325322332473,0.9787155535976836
45031,SC,Darlington County,0.8876854222809961,0.8024111893969547,-0.05568532447833823,0.10185343708381278,69.889684611,0.9971657369976705,0.8969379420506696,-0.06760235021341346,0.1581277970070142,0.5974841653207275
45033,SC,Dillon County,1.337133558549703,2.294784980540931,0.15838463952801446,0.11406075575722609,67.19069976100002,1.500102098254251,2.485929856922001,0.2547590786678098,0.17541363736759655,1.3295241551718209
45035,SC,Dorchester County,-0.6782328524758361,-0.5692184462009987,-0.09189571608507244,-0.42473486201472505,76.44356561300002,-0.7551103891637125,-0.5634926914117151,-0.12213047438476657,-0.5875331886271674,-0.6106215244755001
45037,SC,Edgefield County,0.22483860761125934,0.7593441384633208,0.3912685874543376,0.21694822968362948,74.55205399500001,0.2554344044169433,0.8510826770111793,0.6054519120388757,0.3211046361017273,0.6120686655160955
45039,SC,Fairfield County,1.096031724105548,1.0568269683568805,0.13795820407349926,0.21079665314769808,68.796028196,1.230307055127998,1.16782491298382,0.22399953259775862,0.3123938640795628,0.8834559643226664
45041,SC,Florence County,0.1642946951035743,-0.018535384872804022,-0.5144320076414763,-0.2877547150731242,70.79741421100002,0.18768524139750384,0.022842271919650624,-0.7584149869390518,-0.3935661909638258,-0.2834301127846795
45043,SC,Georgetown County,-0.33060404356075923,-0.016929532697757255,-0.0906263690013836,-0.45336070881560503,73.473100932,-0.36611073800222466,0.024552088949251406,-0.12021900333116278,-0.6280680375341747,-0.32810439688220844
45045,SC,Greenville County,-1.1127706318869213,-0.9215090863901864,-0.574391357035386,-1.0227394393250744,76.057191002,-1.2413619318219438,-0.9385910630578432,-0.8487059422121401,-1.4343212454342302,-1.3436061954741054
45047,SC,Greenwood County,0.47857293048097765,0.825472661879805,-0.5964105264830294,-0.9631829533086815,72.874593819,0.5393653116166658,0.9214924427647213,-0.8818639378182377,-1.3499879092398728,-0.23211226517435046
45049,SC,Hampton County,1.4663351585848243,1.7296281081787217,0.4723438050983844,0.2893959872563818,70.334427519,1.644679808887682,1.884184030141475,0.7275406091987233,0.42369230546537184,1.408970404641416
45051,SC,Horry County,-0.0483821469943742,-0.6325437668669538,-0.0780885877688634,-0.5030777468178795,74.58429366000003,-0.0503019888450835,-0.6309177716040605,-0.10133874102124128,-0.6984684919746768,-0.4458718082254245
45053,SC,Jasper County,0.03782890646870525,0.732231720335118,0.4998688032450253,-0.2397445494054687,74.06850804999999,0.046168927440784206,0.8222149674239577,0.7689896642947521,-0.32558270649694926,0.3949222816862293
45055,SC,Kershaw County,0.10703011469612884,-0.22236718691761617,-0.08882358660825089,-0.1332105447422754,73.182869011,0.1236056794304544,-0.19418585291399787,-0.11750424831679317,-0.17472813745942437,-0.10922683554048561
45057,SC,Lancaster County,-0.6688427916616915,-0.4030052536624965,0.10476856764955084,-0.6239773031314936,75.316871063,-0.7446028296996758,-0.386518651358266,0.17402027151209412,-0.869665008262395,-0.549958616787017
45059,SC,Laurens County,0.614055760566022,0.2577759851963789,0.25628474105713317,-0.2656016031188466,71.529973597,0.6909717731350155,0.3170423815921704,0.402183855249764,-0.3621968815375259,0.31550684776692056
45061,SC,Lee County,1.3742226508885678,2.837678275412918,0.8013444841359828,0.4147637224712287,68.753542545,1.5416051141485383,3.0639707346890783,1.2229726960388259,0.6012158645096168,1.9357180499511164
45063,SC,Lexington County,-0.7715140236453729,-0.6176134676890512,-0.3703492193957308,-0.6078466643962906,76.10170098500001,-0.8594928284619162,-0.6150208664043842,-0.5414451111711888,-0.8468236576308088,-0.8618573458020959
45065,SC,McCormick County,0.31190544660179925,0.8061245755416614,0.43817492844118844,-1.1456728131317444,73.26890665900001,0.3528629521278075,0.9008917374039177,0.6760867401162158,-1.6083976934619213,0.09677251024480626
45067,SC,Marion County,1.5808436778832133,2.285371187629596,0.058635931481960855,0.4092905476782098,68.205715863,1.7728158347858507,2.475906603422676,0.10455054192125537,0.5934657247558527,1.4892445181134153
45069,SC,Marlboro County,1.9031936650352352,2.6961429625721567,0.3019509438744454,0.502152002080653,69.10982881399998,2.1335282652239145,2.9132722507654503,0.47095119708634064,0.7249596522428216,1.8794046408359606
45071,SC,Newberry County,0.20709041646890822,0.1176201763073442,0.1397413766593451,-0.44216249085158443,72.498705755,0.23557402464960187,0.16781271241109186,0.22668475780150574,-0.6122111066857445,0.005376973955970834
45073,SC,Oconee County,-0.06149969842125591,-0.44098194977930116,-0.022813898003686967,-0.4463081968099537,75.031404572,-0.06498064262258564,-0.42695400571869807,-0.018102271783829595,-0.6180815204347,-0.33962663152736683
45075,SC,Orangeburg County,1.0374572318253679,2.0918414127870664,-0.07043684262967284,0.335559792121777,70.086755258,1.1647616904182578,2.2698474717651025,-0.08981621142231434,0.48906130112190704,1.1542041673281584
45077,SC,Pickens County,-0.0777504758917496,-0.44695559783245536,-0.06381941086196039,-0.5393319081771215,74.557907206,-0.08316540350835365,-0.433314395129901,-0.07985122277915989,-0.7498052074671234,-0.40526215737253346
45079,SC,Richland County,-0.8030689525939315,0.055412383157184567,-0.7036617958183916,-0.4657494542947269,75.500651227,-0.8948030675405579,0.10157750984711471,-1.0433703527548341,-0.6456107823702206,-0.7472827918833531
45081,SC,Saluda County,0.5904507732051837,0.5724078729826345,0.8851995857781196,0.5216085122492605,73.92560474500002,0.6645575876200267,0.6520439266607355,1.3492475357147797,0.7525105123249035,1.0291170694135123
45083,SC,Spartanburg County,-0.11162128526021325,-0.42166642612416466,-0.12897859564398825,-0.5828638688688876,73.814436391,-0.12106713285584379,-0.40638797118924497,-0.17797245154924005,-0.811447452028157,-0.4566640618260146
45085,SC,Sumter County,0.2794412162363724,1.1186016357750488,-0.30735714064041764,-0.690315176489872,72.116003086,0.3165351968799325,1.233598948720598,-0.4465872612620876,-0.9636009428776602,0.04213154132173026
45087,SC,Union County,1.2396020294232917,0.9412519167195658,0.36612610251737565,-0.24613231119838372,69.03348013199998,1.3909634715511663,1.0447673896593486,0.5675906109099459,-0.33462792220465737,0.8034257471112222
45089,SC,Williamsburg County,1.2447763934258127,1.7110221119745848,0.5416754946344362,0.47453679909542784,70.400417976,1.3967536297323744,1.8643734587471346,0.8319450856012501,0.6858558979214635,1.4387241490355136
45091,SC,York County,-1.2264239847851117,-0.5211336682023319,-0.31122338567064123,-0.7441334530094672,76.30888616199998,-1.36854101910389,-0.5122948454553778,-0.45240932171850373,-1.039808844161135,-1.015477574986981
47001,TN,Anderson County,-0.031711244288318716,-0.10109588170430203,-0.3231874063947983,-0.8862962769329283,72.60113247199999,-0.031647104178183186,-0.06506329351677305,-0.4704255755806728,-1.2411146300830331,-0.5443843831426756
47003,TN,Bedford County,0.36751123934061103,-0.03913107435617856,0.5618589495749851,0.19365911999733643,72.80204164999999,0.415086316311758,9.131920440275755e-4,0.8623387347271128,0.28812672809854495,0.4715934093799255
47005,TN,Benton County,1.1373928477322055,0.2646650493304457,0.774676360522211,0.48322970907972307,70.54426894300002,1.2765905110723743,0.32437745225276615,1.182813982164041,0.698165255797465,1.0482604987312287
47007,TN,Bledsoe County,1.0103959551523185,1.1354448140168505,1.3464445666078224,0.5770530797734748,76.296763717,1.1344798871964414,1.2515325751389794,2.0438222826892924,0.8310212785894426,1.5838113676821861
47009,TN,Blount County,-0.42726437661025807,-0.4220416162033507,-0.3433952537509228,-0.41158171117244186,74.79486165800002,-0.47427448874186456,-0.406787451537871,-0.5008559565010928,-0.5689080284440758,-0.5873075147602502
47011,TN,Bradley County,-0.001268732119140855,-0.20067354115029912,-0.07833455674746936,0.07684104139771661,73.74585875199999,0.002418330879538048,-0.17108773370759867,-0.10170913820317157,0.12270967690769806,-0.04445657220075313
47013,TN,Campbell County,1.021821439114584,0.07277345440170506,0.30620465273163816,0.32241481051311083,68.555815731,1.1472651028106002,0.12006255830129707,0.47735672750072744,0.4704477087590675,0.6668784283369851
47017,TN,Carroll County,0.612915127180508,0.4264866577255382,0.40462902512754423,0.527555013223469,70.62686829399999,0.6896953944871903,0.4966755915776143,0.6255709875888001,0.7609308926962364,0.7745783718533473
47019,TN,Carter County,0.6177026505662877,0.24738976315640854,0.3289363066486827,0.06550184241319479,72.71161475800002,0.695052674664308,0.30598374270055567,0.5115876317359169,0.10665311373382003,0.48749282748166206
47021,TN,Cheatham County,-0.4359487569123382,-0.8677139098161654,0.31439623740562106,-0.15063597184944866,72.25361646900002,-0.4839923855945622,-0.8813131202646571,0.48969218498802025,-0.1994029378187844,-0.32363991018075516
47023,TN,Chester County,0.4924752534585365,0.6408540533989822,0.3736159376288707,0.5148629527330555,72.816933933,0.5549221315634437,0.7249213973928038,0.5788693251370134,0.7429586469186304,0.7832483686650348
47025,TN,Claiborne County,0.9901114776056333,0.5271343654978686,0.26573007806748256,0.7707890680551547,71.050323106,1.111781380952728,0.6038393563459388,0.4164073001363646,1.1053558360078888,0.9746332834988721
47029,TN,Cocke County,1.2209970567237076,0.6631212116467953,0.42299690141043134,-0.03664333225641664,68.03255001199999,1.3701443457928772,0.748630158986515,0.6532306121958715,-0.037986772401715975,0.8230921572745178
47031,TN,Coffee County,0.14011445872332143,0.08484640635631567,-0.24691968384480978,0.005338398639641667,71.754545636,0.16062734724230876,0.13291712808692763,-0.3555763386368043,0.0214603115767414,-0.012214302111169511
47035,TN,Cumberland County,0.45645947419738053,-0.3232695943829168,0.19213158730152027,-0.32675789986482057,73.42489211099999,0.514620162308872,-0.3016208069482096,0.30557757791474066,-0.4487955860423637,0.021008081290150745
47037,TN,Davidson County,-1.4676318043020486,0.10088578376274518,-0.5910057767298073,-0.61512127854047,75.084283803,-1.6384546604454897,0.14999491461040296,-0.8737250900294726,-0.8571246764003925,-0.9691918917236998
47039,TN,Decatur County,0.8764539582434838,0.5099306102126817,0.2852579826249046,0.510147614619689,70.71477113299999,0.9845976313614877,0.5855218086807308,0.4458137759369581,0.7362816211069474,0.8285703173997903
47041,TN,DeKalb County,0.7008944261460502,0.4597570447320642,0.5762527551998468,0.35425190666727335,71.67275214799997,0.788144992821225,0.5320999445592393,0.8840139275539369,0.5155297596490755,0.81880821713663
47043,TN,Dickson County,-0.015239984885222713,-0.7728444408255577,-0.10519145798281371,-0.1575667737369252,73.097891592,-0.01321562209822709,-0.780301684598357,-0.14215212653987522,-0.2092171106279754,-0.34467476675652364
47045,TN,Dyer County,0.3842416625262186,0.5455623193333519,0.0010976079723703392,0.48717308560577977,69.934742733,0.43380780491132714,0.6234603586886286,0.017905335677229243,0.703749166477174,0.5355550365952938
47047,TN,Fayette County,-0.6818764608549703,-0.12581104970871793,0.43650115610542606,0.22644477258401008,75.204135394,-0.7591876185305069,-0.09137855204432964,0.6735662574119622,0.33455195643022173,0.04743196088399196
47049,TN,Fentress County,0.8660152859484165,0.49239707708640645,0.9429527405625272,0.11943905892625707,70.057984243,0.972916666558705,0.56685313294941575,1.4362162498224142,0.18302943674810776,0.9510400237294869
47051,TN,Franklin County,0.1995442517606685,-0.4710635262939798,0.04681068462688008,0.08311054694509189,73.77983790999998,0.22712980091488405,-0.4589831006760459,0.08674326339541834,0.13158743908718018,-0.004071056724275017
47053,TN,Gibson County,0.45439692794015285,0.49216148589173236,0.32254000851066383,0.029287377520647535,70.32211120699999,0.5123121551644986,0.5666022892896212,0.5019556414803346,0.05537260933936486,0.4926003999024629
47055,TN,Giles County,0.3823789981821672,0.06401927886889588,0.11901104016037298,0.2837866671108602,71.57877006599998,0.43172346736079936,0.11074162662483329,0.19546757641869894,0.4157493808018205,0.34732270550447925
47059,TN,Greene County,0.6150150440108304,-0.42383172750721687,0.0090199611055361,-0.20045933602562976,71.98563684599999,0.6920452196268643,-0.40869345686002473,0.029835365599751033,-0.2699539525352546,0.013015599559334061
47063,TN,Hamblen County,0.6642334515678395,0.29468016522368845,-0.1962098518569547,-0.12171813059598408,71.05702902400002,0.7471210444129444,0.35633578384590486,-0.2792139494814223,-0.1584546181383347,0.20043943626975078
47065,TN,Hamilton County,-0.856840279466641,-0.750827949316367,-0.6239518088747226,-0.5915076269712444,75.59981462800002,-0.9549736485152901,-0.7568598182177364,-0.9233375148621616,-0.8236872097235339,-1.0413094177110331
47069,TN,Hardeman County,1.355379331247809,1.753504083116421,0.27479509481808734,0.9586743361101946,70.32962885599999,1.5205192760965769,1.9096057652059812,0.43005803234497314,1.371405640767883,1.5750002736696584
47071,TN,Hardin County,0.9347514194482229,-0.14317525634411146,0.18564076944705118,0.42103695782995,70.808493215,1.0498329958959152,-0.10986693887846533,0.2958032533013525,0.6100989081866355,0.5557093854288293
47073,TN,Hawkins County,0.6119185889206671,-0.43412088879751576,0.6232616597427123,0.3275792613870928,71.51577276999998,0.6885802595343162,-0.4196487511690727,0.9548032029617165,0.4777606884351163,0.5122451069000721
47075,TN,Haywood County,1.2090512322921418,2.5230275262055595,0.8402471478210172,0.7402210422222943,70.52151662700001,1.3567768646821543,2.728949107087696,1.2815550306087573,1.0620708175020814,1.935593837475835
47077,TN,Henderson County,0.84069240923031,0.2544160114234587,0.5052779375409516,0.5372203500345386,71.73941538900002,0.9445801479586162,0.31346487896445585,0.7771351146326307,0.7746172290340666,0.8459058747185324
47079,TN,Henry County,0.7232768841531314,-0.14546796069928358,-0.2644117615667231,0.07567686736633614,72.17515447599999,0.8131911573898761,-0.1123080757472428,-0.3819171249059609,0.12106118005128302,0.13247273413398428
47081,TN,Hickman County,0.7931665906354268,-0.3272064514912682,0.5797628393121169,0.5009513910584402,69.89915398600002,0.8913983448961145,-0.305812541051486,0.889299656148216,0.7232595597802297,0.6617643696203758
47083,TN,Houston County,0.9653111198730349,0.4621788319585255,0.30616193488346116,0.268036362662672,70.882724521,1.084029565627728,0.5346785212839322,0.47729239999620815,0.3934465921546372,0.7494625523611528
47085,TN,Humphreys County,0.5864754446814316,0.26338664461103706,0.5442692609164804,0.10076897472114055,71.489357921,0.6601091605353496,0.32301628203178784,0.8358509591260334,0.1565921736830291,0.5947564337955374
47089,TN,Jefferson County,0.151398966535338,-0.4850336507955709,0.2519691796073019,-0.240764310712877,72.929258321,0.173254809322058,-0.47385766830414533,0.395685182902853,-0.3270267116578983,-0.06982820976647554
47091,TN,Johnson County,0.9495733112612523,0.21835571658821146,0.4525248026708388,-0.10910182807601429,72.254187894,1.0664188213423622,0.27506999607311167,0.6976957779950593,-0.14058964736666302,0.5715830746628304
47093,TN,Knox County,-1.0252409762977794,-0.9001410652733283,-0.6659957948995772,-0.9669403852087078,74.15973786299998,-1.143415488324566,-0.9158396498442272,-0.9866502709218211,-1.3553085181079834,-1.3250111043163464
47097,TN,Lauderdale County,1.2160471451899428,1.5327138841569474,0.8477035913543342,0.5234708528451832,70.721764006,1.3646053518702386,1.674521335881807,1.2927834614768117,0.7551476288858289,1.5314883929287018
47099,TN,Lawrence County,0.7708907424502588,-0.13328219929504334,0.3100818185724078,0.03687902738342414,71.758644105,0.8664714776425045,-0.09933339308878755,0.48319523327262026,0.06612255788352787,0.3963267140637132
47101,TN,Lewis County,1.3652080101184962,0.8295229203841353,0.7095033043039309,0.5974833720784175,71.47529234299999,1.5315176529687584,0.9258049200105101,1.0846718648212383,0.8599510362824585,1.3252313407695497
47103,TN,Lincoln County,0.20820238524432944,-0.3474357057998504,0.44639936754645704,0.321636022951943,72.18187612799998,0.2368183273502074,-0.3273514622862077,0.6884716720894015,0.4693449278931535,0.32131190758546835
47105,TN,Loudon County,-0.6594892530721085,-0.6845423203630019,0.11456356210735166,-0.7268811201945227,75.39512458800002,-0.7341361389215759,-0.6862827757206823,0.1887702548829823,-1.0153791492489943,-0.6764808182225043
47107,TN,McMinn County,0.42108866704482995,-0.18525285036178105,0.09733292846137781,-0.0477460943529712,71.29644407100001,0.475039922435819,-0.15466868833833966,0.16282316927278348,-0.05370853557486525,0.129299223666245
47109,TN,McNairy County,1.154459674691006,0.26200767090931043,0.06103389588942948,0.48995567694499276,70.29226190600001,1.2956884384108094,0.32154803186827874,0.1081615633757877,0.7076893789812624,0.732495146303244
47111,TN,Macon County,1.056663844743448,0.4987417198450782,1.2143916898156495,0.20205756783761572,71.458146888,1.1862540567973403,0.5736085357218997,1.8449678836231171,0.3000191208940181,1.1755777297677676
47113,TN,Madison County,0.08531020831463915,1.0712622407120809,-0.6734726377967492,-0.4328592770584033,73.168479849,0.099300915875246,1.1831947427124674,-0.9979094205696496,-0.5990375447618196,-0.09466739860733463
47115,TN,Marion County,0.5304484184419922,-0.044663166903382984,0.5900368165960747,-0.006629221791103521,72.00238858999998,0.5974144324120493,-0.004977055012033006,0.904770925146288,0.004513889369180418,0.45210221834247916
47117,TN,Marshall County,0.00204551839609729,0.11716713469975337,0.6763992700909467,0.020575432648226102,73.624428691,0.006127005941058545,0.16733034032989208,1.0348215094938846,0.04303629762966463,0.37671571995191716
47119,TN,Maury County,-0.43490716426966725,-0.5936009957593912,-0.32919072804160776,-0.43259383794134476,75.06244787299998,-0.4828268343966742,-0.5894537973639553,-0.47946579452536153,-0.5986616769463162,-0.6473928926713789
47121,TN,Meigs County,0.6707076824643231,0.15224749587411185,1.0365633189299346,0.46076630963720755,69.11828022,0.754365764918506,0.20468184744399956,1.5771815643212743,0.6663565722439664,0.9641571053001595
47123,TN,Monroe County,0.7289060492970876,0.2387919669928369,0.48645590181445747,0.14674523300039044,70.82494031599998,0.8194902419915332,0.2968293145869698,0.7487915851729536,0.22169559911607703,0.6282453318445383
47125,TN,Montgomery County,-0.5580730827582266,-0.34449393910599585,-0.1870628047059219,0.07664744405004628,73.99125358900004,-0.620650565049384,-0.32421924198073754,-0.26543969019503616,0.12243553866853257,-0.32751079566395885
47129,TN,Morgan County,0.8949292733097575,-0.1247018512439095,1.0864697185097736,0.7045933385540498,71.85612976000002,1.0052716691039545,-0.09019754270000363,1.6523340891210485,1.0116211803213386,1.0774876592262124
47131,TN,Obion County,0.7062871433039366,0.43669133784892444,0.2704527779565105,0.2593857387774321,71.88855859599998,0.7941794900764361,0.5075409353045899,0.42351906983965226,0.38119711235483716,0.6341550176254521
47133,TN,Overton County,1.045779685318979,-0.06105617211255293,0.913178061531088,0.09362060134955655,71.81799044800002,1.1740745880343275,-0.02243136363926194,1.3913794689054535,0.14646991471323945,0.8096874247744693
47135,TN,Perry County,0.8323822500870426,0.20492135375229456,0.7786681789118902,1.1575198739673,73.157800028,0.9352810078271746,0.26076587598309303,1.1888251397120153,1.6529754363773046,1.2156175115323107
47139,TN,Polk County,0.7822737926704955,-0.032025572080652695,0.6218019541194609,0.2849110523869621,70.673573548,0.8792092095314272,0.00847871331886561,0.9526050767900164,0.4173415358775143,0.6796740350572401
47141,TN,Putnam County,0.03572160611123967,0.021233231368034185,-0.3553541417593013,-0.0871929475507981,73.41786628700002,0.04381084007022096,0.06518555752765698,-0.5188644811631375,-0.10956617518822549,-0.15637871100911885
47143,TN,Rhea County,0.5231412991839121,0.1566589006984484,0.581449988233114,0.4041403951211584,71.42164140100002,0.5892377026086142,0.20937885206890783,0.89184028224414,0.5861729918211644,0.6853926787926274
47145,TN,Roane County,-0.08442314028083543,-0.34044536602913295,-0.0025423304539340247,-0.6910668774632434,72.57515134799999,-0.09063217281258058,-0.31990855927907363,0.012424063432476939,-0.9646653685203602,-0.4102734749762733
47147,TN,Robertson County,-0.27429134990320614,-0.35779990621164603,0.20170927067550998,-0.2832324265444869,72.65447170199998,-0.3030963455612827,-0.3383866538422222,0.32000031915329963,-0.3871625277465486,-0.21334177005431826
47149,TN,Rutherford County,-1.0023410213423913,-0.18558270941252947,-0.14804415735373044,-0.35774966423089916,75.96558614599999,-1.1177902401839956,-0.15501990287172046,-0.2066826993586583,-0.49268062793052025,-0.5937343176382202
47151,TN,Scott County,1.554156535736592,1.0330249641011697,0.46629135198944083,0.2100257208816464,71.41519586700001,1.7429526913429008,1.142481937554678,0.7184264046838958,0.3113022064898568,1.1786827121143015
47153,TN,Sequatchie County,0.5432440979738349,0.14079296394690882,1.0201640334918263,0.9240754431725998,75.15672287899999,0.611732908748333,0.19248573496268276,1.5524863806181428,1.3224128229368306,1.1076198708702116
47155,TN,Sevier County,0.2102580726084481,0.11015591979361217,0.3506693677830109,-0.24987769878746033,73.741428182,0.2391186593337243,0.15986521070526646,0.544314785560342,-0.3399314760550446,0.18164720599825132
47157,TN,Shelby County,-0.4677243238062589,1.588099531519532,-0.359463080737284,-0.1247442544613204,71.79344546000002,-0.51954952044702285,1.7334927185081392,-0.5250520070324322,-0.1627396782278593,0.15840097949014761
47159,TN,Smith County,0.4577730753944824,0.19795370876576146,0.5312167767280731,0.5504433154409126,72.039908921,0.5160900934375167,0.2533471370485209,0.8161956213351619,0.793341248224775,0.7162040181601168
47161,TN,Stewart County,0.47761766869432143,-0.11088942422554868,0.9430747254351296,0.5025232400481062,72.88922344900003,0.5382963653951576,-0.07549088208510392,1.4363999431210819,0.7254853336322293,0.7901784507653046
47163,TN,Sullivan County,0.10042278181515912,-0.26407491320920856,-0.5283201569606223,-0.19201375032823048,72.721753277,0.11621201665024178,-0.23859378895407343,-0.7793287273594632,-0.2579948114640204,-0.3491360430090266
47165,TN,Sumner County,-0.9842373227105504,-0.6889956908891396,-0.17282941635866778,-0.28473846717084966,75.643644106,-1.0975320444536205,-0.6910244629587936,-0.2440060648532482,-0.3892951154621914,-0.7291143721695573
47167,TN,Tipton County,-0.09562794245838618,-0.3038738044478467,0.35428246016631615,0.1829981444201018,72.27766566100003,-0.1031704435963047,-0.2809693096006554,0.5497556311678443,0.27303054466577337,0.1320570620915392
47171,TN,Unicoi County,0.7376679814994376,0.4602735581498506,0.4597278171103364,-0.642364587059388,71.18278855599996,0.8292949200930176,0.5326498976940742,0.7085425777212443,-0.8957018197150622,0.3536760445788077
47173,TN,Union County,0.6721379399158924,-0.1706837787135449,0.7285676953253939,0.3737498795587986,69.79010414400001,0.7559662354073242,-0.139156396985057,1.113380349726887,0.5431393318880566,0.6843991016216592
47177,TN,Warren County,0.7811633109758493,0.37422740349910255,0.2853843851121078,0.06131216920069493,72.547050916,0.8779665708871022,0.4410330086431084,0.4460041215866997,0.10072044135491254,0.5616871270649118
47179,TN,Washington County,-0.407989268746176,-0.5616216547513827,-0.76029132520837,-0.42381512189384885,73.869762043,-0.4527054759243461,-0.555404074294451,-1.128647033655677,-0.5862308157369344,-0.8197712270021644
47181,TN,Wayne County,1.0159536906601199,0.5495329791854602,0.9796640722344838,0.4985894830215873,73.68661648700001,1.1406990414159375,0.627688083967071,1.4914987243574838,0.7199150443822384,1.1981422545932052
47183,TN,Weakley County,0.6787608387855701,0.2697598629550292,0.07185736227238326,0.7787584833732993,72.793492364,0.7633773166638601,0.32980211040830354,0.12446029124661279,1.1166407090125279,0.7027487275018615
47185,TN,White County,0.993149952418541,0.1877797099802711,0.3391928793086113,0.4386446145723851,71.62003058599998,1.1151814606123305,0.242514461007177,0.5270326916415681,0.6350317498463316,0.7585885431973572
47187,TN,Williamson County,-3.107552754515801,-1.5751052633479348,-1.0083564546019335,-1.2616900027563747,81.47232143199999,-3.473540422055675,-1.634501864319348,-1.5022007451167656,-1.772680667683157,-2.523728037712869
47189,TN,Wilson County,-1.4444367769859585,-0.8957888751891689,-0.026785300129513023,-0.4879428673141795,76.12844620199998,-1.6124992237749793,-0.9112056935949612,-0.024082685102837877,-0.6770371590196851,-0.9708522896480917
48001,TX,Anderson County,0.658204157307624,0.9478875547197354,0.6522429425872767,0.814813630813857,72.02778967,0.7403742118610233,1.0518326270649185,0.9984452327623446,1.1676956162782914,1.1916836418444758
48003,TX,Andrews County,-0.5092277977941791,0.786645030607322,1.4348247125731706,0.7988576634517697,74.56768788800001,-0.5659922676798478,0.8801510626549252,2.1769112485811877,1.1451016042762614,1.0946906672280377
48005,TX,Angelina County,0.39081407601679274,0.9109222614657078,0.27576198297230003,0.27374525657949844,72.62575487699998,0.4411623925909316,1.0124741550386358,0.4315140397227811,0.4015305155387859,0.6884186734566754
48007,TX,Aransas County,0.07124362338024602,0.17298630883153696,0.6201759029823677,0.1909716504680571,73.27761482300001,0.08356028537459866,0.22676331678427564,0.9501564559831677,0.2843212102366882,0.4650714253889144
48013,TX,Atascosa County,0.259485977868194,1.0541655287833702,0.8100944420323308,0.9201410819088356,73.95704569300001,0.2942051121315131,1.1649911685229335,1.236148990729255,1.3168416780731838,1.2078922653067432
48015,TX,Austin County,-0.4050909609789001,0.08749154431013957,0.8787004386573896,0.4657931149728668,76.476312991,-0.44946224440407134,0.1357335155411214,1.3394606683134023,0.6734746427130511,0.5115560450221384
48017,TX,Bailey County,0.14728466692519343,0.980080671815071,1.1753951671621445,0.15406043557245033,74.49667976400002,0.1686508723868109,1.0861099663498583,1.7862442096956073,0.23205409202093966,0.9853735305579785
48019,TX,Bandera County,-0.4948776197698578,-0.101585566660585,0.547518329658179,0.26719819099928566,76.86161720100002,-0.5499342940527828,-0.0655846812823484,0.8407436326356912,0.3922597220518999,0.1858972712795784
48021,TX,Bastrop County,-0.5251804576556945,0.16778320626142817,0.903177540700754,0.41885935050806267,76.74798508700002,-0.5838434323764519,0.22122335892304068,1.3763199896394727,0.6070153667848566,0.4879257819304758
48025,TX,Bee County,1.011613230950109,1.7616197621789855,0.8483669643983112,0.9567113456901353,73.06061495200001,1.1358420293681033,1.9182468633615715,1.2937824147084354,1.368626001771123,1.7209848323182781
48027,TX,Bell County,-0.21909827644216645,0.4454416409920305,-0.2813502835314046,0.33929789085861084,75.51400834100001,-0.24133481782748722,0.516857743888055,-0.4074243284457751,0.49435453379205385,0.10911862769051733
48029,TX,Bexar County,-0.5433062501686111,0.4887014391429637,-0.16395027259805478,0.17378880421519077,76.14642862900001,-0.6041263513513074,0.5629182348379174,-0.2306352331104631,0.2599899098738684,-0.003568547121969089
48031,TX,Blanco County,-0.8988878783761369,-0.3014956066543043,0.7772277315703767,0.3870638265731675,78.03681995100001,-1.0020252762529895,-0.2784371443426426,1.1866560139993363,0.5619921831010645,0.1409500567373346
48035,TX,Bosque County,0.1448551443096412,-0.14256800281620813,0.6514468333296077,0.9458475209631264,73.587368438,0.16593221551574114,-0.10922037100663488,0.9972463961154617,1.353242579337381,0.7247018367042154
48037,TX,Bowie County,0.22323379421003425,0.8158740661218422,-0.08319866012708371,0.3384027070856524,72.29801083299999,0.25363860430703833,0.9112724220540724,-0.10903384310961019,0.4930869332479274,0.4663246750779196
48039,TX,Brazoria County,-1.2300880641937086,-0.3131054634962485,-0.0067129083388807465,-0.11818841436729544,76.934304831,-1.3726411557301395,-0.29079863766565367,0.00614371741339713,-0.15345645983022457,-0.5451376044899174
48041,TX,Brazos County,-0.8741685027166044,0.37538503488489894,0.008384127853523993,-0.48297761355323265,78.95496352700002,-0.9743640805698752,0.4422655865155875,0.028877883700783015,-0.6700062469776789,-0.35320678330113864
48043,TX,Brewster County,-0.721623753362365,0.4187607021949732,0.2471915281503554,0.858059103781889,79.70437538,-0.803665183460309,0.4884494481371611,0.3884906633096604,1.2289321877189434,0.39203704181853843
48049,TX,Brown County,0.44801340118999666,0.2765861229066122,0.17821766540216544,0.7300297666322784,72.323463835,0.5051689333850936,0.33707031086601913,0.2846250273519505,1.0476397399138975,0.6546471062983169
48051,TX,Burleson County,-0.2697580656489528,-0.26537005938672226,1.4358292694974226,0.27262601447024226,74.562604203,-0.2980235611766283,-0.239972784495846,2.1784239802107628,0.399945643304101,0.6142662671733193
48053,TX,Burnet County,-0.5493639205039571,-0.3100107444561426,0.6309005189599773,0.14075216104917776,76.87026422500001,-0.6109049369773236,-0.28750356268999544,0.9663063280438835,0.21320927318409577,0.08462893129740168
48055,TX,Caldwell County,0.1696449389084148,0.9650183961493115,0.982229322275334,0.6714907655561744,75.74468454200002,0.19367221060240739,1.070072540341386,1.4953616561445024,0.964747185492972,1.1210878277300913
48057,TX,Calhoun County,0.33684014079842417,0.4331290366903704,0.6028951141521923,1.1204698018288004,75.551647855,0.38076509112076706,0.5037480063662304,0.9241338432109961,1.6005116931534136,1.0263470762722664
48059,TX,Callahan County,-0.054765344540706015,-0.37228449669296965,1.1205447769187493,0.619783733245054,73.47785465800001,-0.05744484224255475,-0.35380899461343257,1.7036466801653605,0.8915288539361712,0.6574823554758724
48061,TX,Cameron County,0.7251679059147105,2.868209676934654,0.7944605610590648,0.8253643929332817,76.332932659,0.8153072271364797,3.096478776880398,1.2126064062620971,1.182635734952842,1.8987675822854402
48063,TX,Camp County,0.3986277547994964,1.3160259964070036,0.5999746708451396,0.4837784081531381,70.654290599,0.4499059668943553,1.4438048064650895,0.9197360367190952,0.6989422261414693,1.0574251905616359
48067,TX,Cass County,0.5639978751975557,1.160136093032993,0.8424760209773057,0.772392801268544,70.72936495500001,0.6349565653995366,1.2778223980756362,1.2849114227060383,1.1076267586444861,1.2961408190691173
48069,TX,Castro County,0.24929942366908764,0.3422679978800037,1.5862177642633877,0.8610022278717209,75.390129892,0.2828062696640064,0.4070045116042308,2.4048894270803394,1.2330997182421712,1.3029093915555665
48071,TX,Chambers County,-1.0835339821836516,-0.5125380199743752,0.9445096307784873,0.3975730812693711,76.16174030999998,-1.2086458673185532,-0.5031427043374135,1.4385607233077893,0.5768735263220718,0.09141430108787363
48073,TX,Cherokee County,0.5195889377534446,1.513249050609499,0.6391262047125269,0.4593790596368106,73.13322437000001,0.5852625793685005,1.6537963249530752,0.9786931373051823,0.6643921947513639,1.1687421486082663
48075,TX,Childress County,0.6301705854254477,0.8427213051985925,0.04954112985665576,1.2129346492257507,73.61238169999999,0.7090044018702721,0.9398577845703042,0.09085495757838316,1.7314440161172064,1.0450132981787446
48083,TX,Coleman County,0.5163954984026565,0.1348786484983329,1.19118015407371,1.0244135500724436,70.52583453399998,0.5816890930474476,0.1861885194222102,1.810014339985967,1.4644938600880284,1.2169838090466234
48085,TX,Collin County,-2.816289772806569,-1.1220808916980467,-0.44310821963959124,-1.110678703218701,81.31184798900001,-3.1476146202363418,-1.1521481349366203,-0.6510106702231073,-1.5588452394217909,-1.9597586389622934
48087,TX,Collingsworth County,0.24561771639172908,1.257009276392289,1.606687969121929,1.0238992492538224,71.22880443199999,0.2786864072997768,1.3809672710553302,2.4357148841607867,1.4637655984536888,1.6736097393833087
48089,TX,Colorado County,-0.001405664566136583,0.8983234297292574,1.0026758581848618,0.30864094299759787,73.954775073,0.0022651022841282823,0.9990596593641318,1.5261514708766197,0.4509435996757585,0.8966706495664051
48091,TX,Comal County,-1.7325791291624322,-0.5961134895976468,-0.21948842385335782,-0.17751703673286798,78.29897825699999,-1.934933014090905,-0.5921289531585984,-0.3142684409693185,-0.23746713592227486,-0.9268899447760863
48093,TX,Comanche County,0.3676030374108755,-0.026081593093937084,0.8098374799696461,1.3041374582946121,74.801670096,0.4151890391482848,0.014807512851599426,1.2357620393973396,1.8605892641588224,1.06162757447874
48095,TX,Concho County,0.7980171571586424,0.9917895838331073,0.7377111481395745,0.3576866238685016,84.20009638,0.8968261708906148,1.0985769278034885,1.1271491964110478,0.5203933971777234,1.0967300327908829
48097,TX,Cooke County,-0.15211020491942343,-0.16759892757226091,0.7824384750719082,0.20742458821614573,76.55157835899999,-0.1663745849985283,-0.13587182876818663,1.1945027136915798,0.30761894358704867,0.3612294352752615
48099,TX,Coryell County,0.24816735918727453,0.04254957577529113,0.5668078701275274,1.1659142186478664,75.319004839,0.281539479693716,0.08788194841762288,0.86979116322703,1.6648620190054781,0.8742885872212075
48109,TX,Culberson County,1.7480563994592955,1.7498306260640546,1.4716329805067834,0.9351842525247642,73.09116015800001,1.9599283199848236,1.9056944840038617,2.232339696475775,1.3381431491612024,2.2386829455697406
48111,TX,Dallam County,0.13830285687247706,1.1485686807578896,0.8608264974058998,1.1863693477747241,70.39561311,0.1586001490643979,1.2655060972331824,1.312544845403289,1.6938269462021478,1.3338212354035166
48113,TX,Dallas County,-0.8206946880632755,0.21258413778690066,0.23319638924383324,-0.6270455416326782,76.72275707699998,-0.9145264183480983,0.26892475812686256,0.36741581053319244,-0.8740097036323277,-0.34687518665223027
48115,TX,Dawson County,1.1239883056448967,1.9295371132312547,1.34044695286299,1.3714561459401389,70.693303738,1.261590712257609,2.0970353912572115,2.034790659100079,1.95591405407021,2.212558876364449
48117,TX,Deaf Smith County,0.9283983706642962,2.41327376384817,1.4872781597402853,0.39652746293695657,74.23805062500001,1.042723879224969,2.612089750505913,2.255899294648384,0.5753929070267321,1.952679963424136
48121,TX,Denton County,-2.3198696727671537,-0.9123580804485035,-0.19519330296492912,-0.9413309840577309,80.74353463800001,-2.5921162242675027,-0.9288476096813757,-0.27768315951337585,-1.3190450247177412,-1.5407110094454737
48123,TX,DeWitt County,0.48417276056153596,1.2656186398671623,0.6626958734624939,0.2846261256975722,74.573584391,0.545631570028042,1.3901340153622477,1.014185982514756,0.41693807321720133,1.013621749655377
48125,TX,Dickens County,0.7235013267184629,0.23610039900115914,1.436781217124435,1.089490842208281,73.26890596300001,0.8134423105664274,0.2939634911568867,2.1798574891044002,1.55664478307565,1.4582867573298832
48127,TX,Dimmit County,1.659918708452796,3.2755160654910505,0.7431487901034158,1.497476046054477,70.971518138,1.8613014795836789,3.5301546844393483,1.1353375755764519,2.134361093416967,2.607491142166456
48133,TX,Eastland County,0.33110945763856925,0.3000217927105016,0.9742612251492986,1.0279711626034382,72.013278058,0.3743524069791453,0.3620232348981605,1.4833627417384772,1.4695315201934793,1.1106762066616525
48135,TX,Ector County,0.06171753269181407,1.0657898979381442,0.7040858330635454,0.5889502787025824,71.458720019,0.07290050730183834,1.1773681137038432,1.0765138601330058,0.8478679823520424,0.9557470248045146
48137,TX,Edwards County,1.0545848289654405,2.2425597444892067,1.6708558954894772,1.5656644363805117,NA,1.1839276201164215,2.4303234945408816,2.532343407121505,2.2309174020671234,2.5220987912086956
48139,TX,Ellis County,-1.0783921409678432,0.31412732072293587,0.4545143448402258,-0.1480039383269848,76.772297885,-1.202892102417653,0.37704197222774605,0.7006917688596348,-0.19567591860103425,-0.09658902988723961
48141,TX,El Paso County,0.1270112348625601,1.5159921859030903,0.5800275910882657,0.6410435955454616,76.46969800100001,0.14596472613551714,1.656717054215932,0.8896983377720222,0.9216333015748805,1.0880198035037552
48143,TX,Erath County,-0.3963408718800056,0.07931423259945095,0.4415395783186979,0.2934148295903073,76.749937433,-0.4396708188380348,0.12702679456359295,0.6811534637326443,0.4293830774421766,0.24021019255858927
48145,TX,Falls County,1.1293844816794145,1.7528626205046642,1.5676315900199893,0.6510141667498153,73.93852988700002,1.2676290800257597,1.908922773511928,2.376901074233419,0.9357518567427441,1.9536129213188398
48147,TX,Fannin County,0.0015399816889207496,0.29798390828458104,0.7910877699339713,0.5662746378138943,73.29505581299999,0.005561305982661131,0.3598534153157972,1.2075274229892698,0.8157587600926584,0.7191323292955883
48149,TX,Fayette County,-0.382790283294925,-0.30468802057347094,0.6780305612099933,-0.022933511669099897,76.394841658,-0.42450759272602145,-0.28183623908457717,1.0372780210297183,-0.018573355222665747,0.09403804960288643
48153,TX,Floyd County,0.8208561748495339,1.7042691635339917,1.0601349993133775,0.6501088940310822,72.93383347900001,0.9223832297038796,1.8571833160782394,1.6126774387883371,0.934469970022371,1.6036382816421675
48155,TX,Foard County,1.1499894732614462,1.2332916330672092,2.632485365332401,2.2839476789797795,NA,1.290686244253923,1.3557141181877332,3.980431892546106,3.2480227793760528,2.9728826615738884
48157,TX,Fort Bend County,-2.4686901792742746,-0.6034468826179503,-0.1561116652695528,-0.6748599454157993,80.957480855,-2.758647661341489,-0.5999371191066909,-0.21883131344063153,-0.9417159848267018,-1.3605110510912173
48159,TX,Franklin County,-0.5771266840335697,-0.34355575255953663,0.6924765061980788,1.1993856809654195,74.45686379100002,-0.6419717100736134,-0.3232203160777156,1.05903172893318,1.7122583694846856,0.5437363511118244
48161,TX,Freestone County,0.49681784381634375,0.42749003500798277,1.2535001234577945,0.868152639310161,74.44407246600001,0.5597815278246349,0.4977439287454413,1.9038600808947264,1.2432248631608953,1.265822466780007
48163,TX,Frio County,0.901332234673494,2.2733576993444387,1.2783592858381008,1.265742087711359,72.41843734,1.0124366383844563,2.4631153470579528,1.9412947352279613,1.8062205477974647,2.174546499273577
48165,TX,Gaines County,0.29938047783929594,1.117569335107119,2.0177231566879357,1.1960407975802974,73.82982635699999,0.33884740348951103,1.2324998156315619,3.0546802350416202,1.7075219386789664,1.9067519584517976
48167,TX,Galveston County,-1.1649677808715726,-0.40748002037213665,0.03735028982211275,-0.27886336456703054,76.055944864,-1.2997709940916184,-0.3912831199952441,0.07249714343552151,-0.38097583680414826,-0.6019710055334042
48171,TX,Gillespie County,-0.8727794077980735,-0.8395690567987397,0.26190691798086707,-0.17562333649988793,78.65263187899998,-0.9728096713124114,-0.8513461346774539,0.4106501199822798,-0.23478561340337942,-0.49622770240066066
48175,TX,Goliad County,0.3939269134192478,0.5770915068220391,1.07622001188124,0.32894296593035105,77.84469066600002,0.4446456846329708,0.6570307847436069,1.636899368562636,0.4796917250259037,0.9688782068142062
48177,TX,Gonzales County,0.4312187161481313,0.9551271392356936,1.0661775612769138,0.9679791685611829,74.236352277,0.48637553521121363,1.0595409112301524,1.621776748529012,1.3845814947480084,1.3704888272982456
48179,TX,Gray County,0.6148536169407084,0.339727122747398,0.8607573273975239,0.2890819365263969,72.295596335,0.6918645813358048,0.40429913707516374,1.3124406843976137,0.4232476025024299,0.85254555104208
48181,TX,Grayson County,-0.1364044742482652,-0.23767300130514038,0.3216769181172218,-0.05418373257552064,74.41059173400001,-0.14879973620684103,-0.21048258464208203,0.5006559399842603,-0.06282437743918333,0.02364770702006729
48183,TX,Gregg County,-0.02887135731248322,0.4241946405113878,-0.05825138272818309,-0.24330866544410823,72.12959110699998,-0.028469246030045834,0.49423518633621755,-0.07146649905770387,-0.3306295757168619,0.019168184104471377
48185,TX,Grimes County,0.13387808069355445,0.8865844900160246,1.2438267829498018,0.6128159141107825,74.887496339,0.15364878615681724,0.9865607261852058,1.8892932924959642,0.881662263865188,1.1774790393214323
48187,TX,Guadalupe County,-1.047761716357513,-0.021770314257081824,0.4845624515492225,0.37805223494368967,78.21960175500001,-1.168616391709058,0.019397909208846882,0.7459402961756865,0.5492315647810744,0.04394011524236644
48189,TX,Hale County,0.8259606792018104,1.4470639679687234,0.911687122641981,0.7555546932752587,72.57888790099999,0.9280952143307721,1.583326338261157,1.3891343095114301,1.0837836154831557,1.50056444988307
48193,TX,Hamilton County,0.14450246257502808,-0.37103567983033914,0.2929897623542226,1.1626754095201146,74.264762179,0.16553756159691405,-0.3524793278036491,0.45745682718381053,1.660275791756193,0.581275839416512
48195,TX,Hansford County,-0.3450761760814585,0.13270049203189085,0.8675159648911989,0.4386472161783799,76.543527533,-0.3823051797680972,0.18386934641405384,1.3226183104362048,0.6350354337794794,0.5296228052898954
48197,TX,Hardeman County,0.3349063632174414,0.3992904455714449,0.3117641164849886,1.4432701194906599,73.77493611799999,0.3786011772415524,0.4677186630357015,0.48572855438294354,2.0576042708708084,1.0204746908230489
48199,TX,Hardin County,-0.021407056715680273,-0.3320668064289163,0.69909572893241,0.24774020400584776,73.69597823099998,-0.0201166289457979,-0.31098756137491823,1.0689994145383348,0.3647067707523326,0.3319447568653979
48201,TX,Harris County,-0.7859668824673487,0.8530743164411552,0.3325642290649138,-0.2866516391448257,77.349626032,-0.8756657027918118,0.9508810625564406,0.5170508094376322,-0.3920042104083663,0.06029002987885876
48203,TX,Harrison County,-0.005139484805044614,0.9519266467245618,0.6739107866618164,0.16908674468675883,74.48425487100002,-0.0019130749359011173,1.0561332148782243,1.0310741782057926,0.25333168683989044,0.7040569889826808
48207,TX,Haskell County,0.47249906222792254,0.9304633228104434,0.5196964941139137,0.644947738518026,74.134885884,0.5325686003802951,1.0332803288464645,0.798847579157205,0.9271616566522013,0.9910330864747661
48209,TX,Hays County,-1.4004304566333732,0.019688511933015983,0.15482208634381717,-0.4205890907438796,79.403998653,-1.5632557697601015,0.06354083104723078,0.24939433849861392,-0.581662682394263,-0.5515292445516857
48211,TX,Hemphill County,-0.19678007074904044,-0.0823247403979396,1.0710372232819536,0.06477933258840726,80.58076379500001,-0.21636055215522748,-0.04507688532217913,1.629094765304957,0.10563002342018465,0.44354174383307127
48213,TX,Henderson County,0.27544696784057876,0.46247957486256414,0.7688156574713764,0.08951728013858262,71.973596294,0.31206559829440317,0.5349987346552794,1.1739885282126425,0.14065951872877433,0.6507961110440649
48215,TX,Hidalgo County,0.6107366851237145,3.0958363867584433,0.8365146714801135,1.056987238675748,77.30545105499999,0.6872576989382716,3.338842321231781,1.2759344083411543,1.510618942607448,2.050989003467063
48217,TX,Hill County,0.3235495028171873,0.40887532608249144,0.910935570243687,0.4270334768195232,72.584912319,0.3658927519882593,0.47792408055739755,1.3880025696799327,0.6185901152031866,0.8581323982236195
48219,TX,Hockley County,0.6044568362126661,1.0481594187701806,0.5972253404582407,0.8265237813761306,71.045797991,0.6802304935597282,1.1585962155242813,0.9155959039540849,1.1842774553072586,1.1857686114455608
48221,TX,Hood County,-0.9585713020379483,-0.4753371355256733,0.2831852916691419,-0.5579705133180493,76.03460603500001,-1.06881154479335,-0.463533388651336,0.44269257385132116,-0.7761978954627028,-0.561725093993419
48223,TX,Hopkins County,0.014586366456793176,0.1747857474728361,0.9328221715343494,0.3149515584413819,73.99048324200001,0.02016032365170799,0.22867925330721578,1.4209609349422458,0.4598795744017935,0.6411526023659904
48225,TX,Houston County,0.814477857235555,1.3086862632338352,1.2759173572854234,0.8821435058182192,72.548036774,0.915245836993021,1.4359898898947996,1.9376175095082262,1.263036247743755,1.671428687199655
48227,TX,Howard County,0.3015781577083254,0.6176931193999435,0.35705954777418314,0.9208980712300849,71.5529554,0.341306626317116,0.7002609959010769,0.5539375626852139,1.31791359213653,0.8771017030655406
48231,TX,Hunt County,-0.06927080634286673,0.32490085860142087,0.8316502979985848,0.22387355998300362,74.14739822,-0.07367657976335168,0.3885130022639611,1.2686092966964821,0.3309110610179544,0.5763282661024275
48233,TX,Hutchinson County,0.36911928385683307,0.10495881273262198,0.60962757107065,0.3793968364282549,70.978061031,0.41688573206735874,0.15433163650982054,0.9342720447199705,0.5511355510070929,0.6191589321021358
48239,TX,Jackson County,0.3433248346138949,0.796468929336029,1.1611323134703293,0.6596429739491125,76.27565052599999,0.3880215197233902,0.8906109727291058,1.7647662133902455,0.9479704436199875,1.2016249452864116
48241,TX,Jasper County,1.0341172915364174,1.4481127239909433,0.5865747046019325,0.9410126836173388,71.032609139,1.1610242682772196,1.5844429920444578,0.8995574363013729,1.3463963398998307,1.5026963944742135
48243,TX,Jeff Davis County,0.7452228946429917,0.645562162644711,0.8942184040997987,1.4446473445468864,79.74095644600001,0.8377489334027024,0.7299343154500549,1.36282869911849,2.0595544528148886,1.5022885734904616
48245,TX,Jefferson County,0.31844534774585875,1.1597971929740358,0.46584406134477707,0.28105765535338134,73.36571862,0.3601811582097759,1.2774615572080013,0.7177528433460955,0.41188503820178074,0.8331059522190788
48249,TX,Jim Wells County,0.97412093161936,1.9786437679228825,0.6583094408968171,0.9608641101986575,71.17959294599999,1.0938878213540422,2.1493212714665937,1.007580587516321,1.3745064105873315,1.6935281740068182
48251,TX,Johnson County,-0.36034917691954604,-0.18258681775922286,0.4896997959483788,-0.12325284626151009,75.363574235,-0.3993958001247563,-0.15183005349002796,0.7536764663986041,-0.16062781036038634,0.01259099842482553
48253,TX,Jones County,0.6905585142271284,1.48939184189823,1.4599401829040524,1.10539283289835,73.628166782,0.7765790177702945,1.6283945710636922,2.2147318692388653,1.5791623628847746,1.866205286273399
48255,TX,Karnes County,0.48504344236708363,1.6530471705434178,0.7900578187433334,0.678938456904205,74.057265306,0.5466058705173706,1.8026451479540004,1.205976450908562,0.9752932855122443,1.363939678430663
48257,TX,Kaufman County,-0.6591048016607918,0.3515584879982153,0.6177419221181101,-0.219634560350472,74.749231714,-0.7337059344590704,0.4168964795352101,0.9464911984449903,-0.2971065054770792,0.10012371375674213
48259,TX,Kendall County,-2.3529580525339013,-1.2017974174377215,-0.3038471651154035,-0.6488320457180756,79.80288775399998,-2.6291424081069095,-1.2370256070777503,-0.441301696186045,-0.9048598879939073,-1.569202204835985
48263,TX,Kent County,-0.4518570229724187,-0.619027337615653,3.0744280351549427,1.1866112742455395,NA,-0.5017938732424608,-0.6165262720174965,4.645939878165935,1.6941695195768087,1.5720500885407747
48265,TX,Kerr County,-0.49272489302793693,-0.05848260723061856,0.07668742343669122,-0.09074708531172837,76.53702355000001,-0.5475253741641617,-0.019691182986092064,0.13173373301943342,-0.11459891494038435,-0.16560531358104666
48267,TX,Kimble County,-0.25878199376975025,0.23515529986879596,0.2920916103267561,1.0569268291312668,78.568689558,-0.2857412415798763,0.2929572051386058,0.45610432744256674,1.510533401321102,0.5942401582573615
48273,TX,Kleberg County,0.341951829736637,1.830715486955473,0.5583643781639566,0.9802667609475155,73.43063457500001,0.38648511536161356,1.9918159307584546,0.8570763662364393,1.4019810045083825,1.3961037792479905
48275,TX,Knox County,0.9395829545334553,1.0121234651199646,2.098747373792306,1.1243269013656048,71.01335816699999,1.0552395255463074,1.1202272496963717,3.176692132044472,1.6059734336577625,2.094786295226291
48277,TX,Lamar County,0.23486536957814363,0.458382953545028,0.36952177204293535,0.2966808686375221,72.39741555,0.2666544379911748,0.5306368930104561,0.5727040460681606,0.43400786287556914,0.5431056896322526
48279,TX,Lamb County,0.7767200077363428,1.7039401118605464,1.3122701204566507,0.9349661280651841,72.173581789,0.8729944760380961,1.856832961192766,1.9923600266756967,1.3378342799747813,1.8244048655349454
48281,TX,Lampasas County,-0.1968167152264354,0.004645484515144227,0.7209862832991141,0.39263759940722454,74.82403085599998,-0.21640155764314467,0.04752389944200406,1.1019637326172755,0.5698847719646204,0.4524781330467641
48285,TX,Lavaca County,0.2927742654098398,-0.02011848056731643,0.6308958649667252,0.12464921074940458,77.29095461000001,0.3314549945042566,0.021156684653259702,0.9662993197374089,0.19040713000563478,0.4543890194431287
48287,TX,Lee County,0.18488344342234136,0.4760099861766949,1.1910157170353655,0.27681207946722297,76.33094706,0.21072422927324286,0.5494051215207019,1.8097667192658544,0.405873206367923,0.8958726843027718
48289,TX,Leon County,0.564682807111343,0.5630477230092934,1.5488881708184339,1.1570797033037887,73.25587787599997,0.6357230101495105,0.64207778900951,2.3486759310005563,1.6523521447254335,1.5892221993081928
48291,TX,Liberty County,0.7125559447317439,0.8602419302298449,1.3601709161081312,0.9557333432587567,72.77372493,0.8011943332254496,0.9585127165205709,2.0644923736980023,1.3672411281266026,1.5629134352502623
48293,TX,Limestone County,0.6281248232020396,1.5108045069025038,0.7169967803489589,0.869108113913609,72.638252724,0.7067151762052626,1.6511935184651727,1.0959560618190511,1.2445778368896605,1.414493526603654
48299,TX,Llano County,-0.5192443373780979,-0.39481859510106465,0.4006396458335429,0.2891453812400023,76.20528188,-0.5772008623189115,-0.3778019784033251,0.6195635030006059,0.4233374416571571,0.026462236485072642
48303,TX,Lubbock County,-0.4853320468793804,0.42855661728470906,-0.12031197057889226,-0.06448973467116782,73.42642436800001,-0.5392527152270206,0.4988795628769976,-0.16492164522743744,-0.07741791036375406,-0.08511230845620073
48305,TX,Lynn County,0.24082772624407373,1.5199723885235852,0.3715710487016655,1.3175496633150057,71.856984599,0.2733263667947331,1.6609549400733805,0.5757899892781179,1.8795812509389216,1.3215304834501649
48307,TX,McCulloch County,0.537810000769159,0.24096835366573313,1.1037220863795771,0.8877796082410121,71.060843222,0.605652106861994,0.2991466032229589,1.6783139036359394,1.2710170967199081,1.1603082122981683
48309,TX,McLennan County,-0.125389863370588,0.5291700012652037,-0.023587482026769246,-0.06377322941719057,75.316297346,-0.1364742911366579,0.6060067816887805,-0.019267188367050436,-0.07640332265869614,0.11255332791093066
48311,TX,McMullen County,0.42540085762459184,1.252915352773678,2.3167176780831134,1.781298087553453,NA,0.4798653010818075,1.3766083017617947,3.504926964385428,2.5362595472396747,2.377636607282132
48313,TX,Madison County,0.33535905184981296,1.0193632969385262,1.3552467469862717,1.1380511941013516,72.852207345,0.37910773974604356,1.1279357971748851,2.0570772176225414,1.6254073437275227,1.5623376800380833
48321,TX,Matagorda County,0.3021182553997648,1.3695448469433786,0.8657010598850052,0.8010021341295275,73.59270041299999,0.34191100031655164,1.5007885335314293,1.3198853003486106,1.1481382234377162,1.297768300627355
48323,TX,Maverick County,0.8655421411259325,2.9133047714156155,1.2804366104956215,1.681521168970045,72.71751527500003,0.9723872134001204,3.144493383513016,1.9444229150637309,2.3949731654841178,2.545811379348013
48325,TX,Medina County,-0.29243937178755586,0.9089532295176133,0.8007329389512026,0.25271767438150017,76.65849758999998,-0.3234041393955034,1.0103776455286106,1.2220517887994276,0.3717549817980919,0.6866421953493524
48327,TX,Menard County,0.8017977203953565,1.1482597358691857,0.849207610691785,0.5900369410990383,74.823710284,0.9010566539304568,1.2651771508705456,1.2950483183189947,0.8494067209738082,1.2977580004415805
48329,TX,Midland County,-1.0890639951283958,0.12609934391649985,0.2569754928891267,-0.153679514304217,75.55080593,-1.21483399974963,0.17684083181103072,0.40322403736310874,-0.20371266302636515,-0.25242983087547927
48331,TX,Milam County,0.41416006308455616,0.2580104829099351,1.3922829393583114,0.5138874815475556,74.697277951,0.4672867545324045,0.317292060977528,2.1128488899764277,0.7415773575757363,1.0955436833968542
48333,TX,Mills County,-0.18625342761550767,-0.5839707451932863,0.6883818319076526,0.6181614894101178,75.39069009,-0.2045811472214837,-0.5792000724737616,1.0528656838217518,0.889231719839253,0.34871783818080987
48337,TX,Montague County,0.27604124897114235,-0.08322038880955865,1.2407402522597464,1.0922169627279785,71.699490065,0.31273060403199604,-0.04603051911893662,1.8846453800802716,1.5605050316173572,1.117474225730673
48339,TX,Montgomery County,-1.6379398030200996,-0.5548519118410516,0.22057547394600907,-0.43722966049770956,78.218318321,-1.829030787602768,-0.5481960498610899,0.34841035917022234,-0.6052261069241979,-0.7929938722331684
48341,TX,Moore County,0.6667656567579144,1.191596601066359,1.2834421095308763,0.3762892682746934,74.81168843500001,0.7499546039751758,1.311319698282472,1.9489488043822207,0.54673516395657,1.3718988466188318
48343,TX,Morris County,0.8576211885163243,0.41585331067791464,0.8555032587486869,1.1826725479269706,71.343691867,0.9635235987543129,0.48535382849991854,1.3045287426876182,1.6885921936964672,1.3372894966098814
48347,TX,Nacogdoches County,0.27258288102339784,0.7930991493606363,0.28148666226968566,0.4631865347641696,73.54020824500002,0.3088606603139846,0.8870230290332508,0.4401346596530821,0.6697836659654117,0.694175135478875
48349,TX,Navarro County,0.5029672188212264,1.209821067038445,0.9236006845186202,0.44553143166238574,73.762759573,0.5666627317709536,1.330724038705989,1.407074578934301,0.6447836391837953,1.1889432211455393
48353,TX,Nolan County,1.005368281978914,1.7163699844195903,0.2989881917794412,0.7451679147935117,73.48065144200001,1.1288538773248429,1.8700675590638944,0.4664896790812363,1.0690757013621583,1.3651336844930295
48355,TX,Nueces County,-0.03916018882343662,0.992162182756432,0.1085889892279403,-0.012014717807934304,74.563415034,-0.03998253769626657,1.09897364924162,0.17977332783017588,-0.0031120952471005315,0.3720003399350356
48357,TX,Ochiltree County,0.2181991784808181,1.066301184197494,1.0815072048535268,0.6207757596076806,73.92258731499999,0.24800482565529353,1.177912501267544,1.6448611911809021,0.8929335857856969,1.1932986305234023
48359,TX,Oldham County,-0.323645092775315,0.18411580805463068,2.240061995313031,1.0752457973852367,76.35665697,-0.3583236117383336,0.23861335354249727,3.389493509980324,1.536473476228654,1.4469516002068221
48361,TX,Orange County,-0.005197602605458651,0.053115525611383205,0.8146169553520111,0.573206032827813,71.899565011000007,-0.0019781092584530676,0.09913195090501355,1.2429593055841837,0.8255737727823561,0.6519926695125495
48363,TX,Palo Pinto County,0.1474058696189271,0.42337629070844496,0.9955761498616313,0.9090880552456015,73.15297047699998,0.16878649925194147,0.49336385555559864,1.5154602366797076,1.301190341402663,1.0473132962930396
48365,TX,Panola County,0.47699284176528084,0.2945646580751339,1.02587742826936,0.6767920636196872,71.1710643,0.5375971786442331,0.3562127986217926,1.5610900075342178,0.9722539438959723,1.0317646646670198
48367,TX,Parker County,-1.284661155214796,-0.8644457696344802,0.4021990867422153,-0.012949316449094986,76.89499926500002,-1.4337089177383024,-0.8778333966483751,0.6219118174963311,-0.004435508139360476,-0.5100084443152558
48369,TX,Parmer County,0.1173559631928042,1.433081642026442,2.0249921020275696,1.1205343133282715,75.666256937,0.13516039342463992,1.5684387792560168,3.0656263180991874,1.6006030429011437,1.9176740052466834
48371,TX,Pecos County,0.6758586175559459,1.4584999973289925,0.974230492446988,1.53879783736684,72.49417561100002,0.7601297059452874,1.5955027502964885,1.4833164622995274,2.192873687963586,1.8159153508751291
48373,TX,Polk County,0.6590159254953509,0.7704366130392352,0.5816595387670294,0.6542770642290552,70.110499109,0.741282587501222,0.8628932921008028,0.8921558380011063,0.9403721936445674,1.0346397425741727
48375,TX,Potter County,0.8294724009821836,1.5569899839318857,0.22115902915677998,0.018705287161782096,70.816868542,0.9320248614500795,1.7003691003600463,0.34928911716155653,0.04038812916658184,0.9098121507051277
48381,TX,Randall County,-0.9613825827493125,-0.9362484772874511,-0.016224114681495094,-0.6182632326768317,76.34680467800001,-1.071957392283524,-0.9542847003388415,-0.008178918091405998,-0.8615737547831585,-0.8718561028383972
48385,TX,Real County,0.6761006212585127,1.2559960702376436,0.5160206795427262,1.9867054300583644,71.206601359,0.7604005101866621,1.379888468681968,0.7933122821202266,2.8271210071902866,1.7342990139718757
48387,TX,Red River County,1.1311585096488839,0.9575955842893016,1.1423396090543094,1.0325048349144597,68.181879328,1.2696142327046416,1.062169166467388,1.7364668530562994,1.4759513031050362,1.66911419142503
48389,TX,Reeves County,0.8228016765941314,1.9134342445013197,1.4511725654449747,0.7630673569131489,73.616859873,0.9245602630238292,2.079890002903475,2.201528981551603,1.0944217177398088,1.8967724311173961
48393,TX,Roberts County,0.1708659343155206,-0.611921835340127,3.3192359245434084,1.5923599777702733,NA,0.1950385150491426,-0.6089607507426584,5.0145886112610665,2.268718894692015,2.0680684723531635
48395,TX,Robertson County,0.3220942741209144,0.5396329283408279,1.7674130692139043,0.18972099107374552,74.18344362900001,0.364264338460114,0.6171470915948604,2.677745909686578,0.2825502481430536,1.186674042731537
48397,TX,Rockwall County,-2.420494530947381,-0.9921374438689847,-0.31453812498325284,-0.6858607022326817,79.06415326300002,-2.7047163130013594,-1.0137919876924313,-0.4574008865377071,-0.9572933062082076,-1.545380528421894
48399,TX,Runnels County,0.46672155470805043,0.15634373036486254,0.9991643279341795,0.18953707482881826,72.750394361,0.5261035193738409,0.2090432772183931,1.5208635645866184,0.28228981856514357,0.7641700630511549
48401,TX,Rusk County,0.3756579364255351,0.3970420989998738,0.9236194827922368,0.2817329800533316,73.64109674100001,0.42420254098267685,0.46532475572825904,1.4071028866811244,0.41284131330749435,0.815702185656004
48403,TX,Sabine County,0.8221879646214054,0.2560075368919289,0.9405976889701899,0.5133733784762542,70.34821519900001,0.9238735140053888,0.3151594417587893,1.4326698494671906,0.7408493759560907,1.0273687234763491
48405,TX,San Augustine County,1.1329510302291668,2.242184075544981,1.1999371147095639,1.0613099953581495,70.62171550599999,1.2716200787753573,2.4299235043249015,1.823201179888209,1.5167400642008715,2.1198800470122983
48407,TX,San Jacinto County,0.606166379948975,0.8599285070200764,2.0223221891305356,0.432955514991945,73.590584793,0.6821434878226172,0.9581790019048289,3.061605777709641,0.6269758556918582,1.6042976446448942
48409,TX,San Patricio County,0.21495358164422335,0.9696846013895891,0.8675327973599999,0.41532070019229167,73.15275982199998,0.24437297465541102,1.0750408414760821,1.3226436579375205,0.6020045576066246,0.9766437819570476
48411,TX,San Saba County,0.45971601268459,0.6385516965759415,1.348342969998167,1.0617244059653226,74.74117245000001,0.5182642571106578,0.722469983143458,2.0466810304465737,1.517326879028187,1.446495627586949
48415,TX,Scurry County,0.3294935299923944,1.1869100931236964,0.39175330859903695,0.6474143903874956,72.882027211,0.3725441699327796,1.3063297800233455,0.6061818388249127,0.9306544916949734,0.9681083220162872
48417,TX,Shackelford County,-0.4413301273643393,-0.6796300274281375,1.498379652597529,-0.09485804503992956,75.569028054,-0.49001418578751044,-0.6810524548699015,2.272616694106019,-0.12042012723864569,0.29537488259125366
48419,TX,Shelby County,0.9359395199640101,1.667646464177821,1.1367650955174675,1.0050050255411258,71.275456239,1.0511624906740622,1.8181896179021872,1.7280723631641968,1.4370109487576732,1.816701953756018
48423,TX,Smith County,-0.4413900670985181,0.33563950025503064,0.03315474756521325,-0.12234586288143792,75.42274807299998,-0.4900812588697415,0.3999468768505728,0.06617920433022255,-0.15934350130472333,-0.05518313562815611
48425,TX,Somervell County,-0.9950088333980823,-0.7168036965885509,0.3496254618559422,-0.6863134200819708,76.704146105,-1.1095854583033218,-0.7206327933162902,0.5427427994677135,-0.9579343649599745,-0.6759937123319745
48427,TX,Starr County,1.6308139371853403,3.2291174484656495,1.4485675143944103,1.7755041411783035,73.93294329000001,1.8287329881933667,3.4807521636016845,2.197606114638132,2.52805518764376,3.0211393277027523
48429,TX,Stephens County,0.89973192653428,0.47034528301224504,0.7800772539021255,0.862407617567696,73.741612122,1.010645879701803,0.5433736784721362,1.1909470227578756,1.2350897819555027,1.198219164953729
48433,TX,Stonewall County,0.2569607972627864,0.24583635051334635,1.009487857137451,0.7235121081579634,NA,0.2913794131404285,0.3043297602030524,1.5364094523084701,1.038410587556535,0.95450629838722
48439,TX,Tarrant County,-1.0440369769232634,0.3205243273322306,0.08467381916009409,-0.6355139715636103,76.98778968900002,-1.164448375988173,0.38385312895126095,0.14376020272506032,-0.8860011926568325,-0.45845872466443666
48441,TX,Taylor County,-0.28110427088151174,-0.07875832507537742,-0.1573843407978726,-0.059468042906986394,73.48395795100001,-0.3107200632048889,-0.041279575863748794,-0.22074779669747535,-0.07030708082796544,-0.19359531012623898
48445,TX,Terry County,1.368871620065399,1.8467409439954223,1.3524848399605949,1.1612937146341953,70.843939573,1.5356172642633017,2.0088788956937194,2.052918146080829,1.6583192804317979,2.1843808846966644
48447,TX,Throckmorton County,0.3783091405601186,0.21122822618283346,1.4634825916137997,1.7246991235792564,NA,0.4271692613955493,0.26748106312971887,2.220066274458467,2.456114129395942,1.6169198935158708
48449,TX,Titus County,0.5378759921600865,1.1246450536082235,0.6994501747947512,0.8187767343724898,74.520283758,0.6057259518005956,1.2400336248936115,1.0695331637505407,1.1733074608839524,1.230896920141034
48451,TX,Tom Green County,-0.24752606713895867,0.28702470879720543,0.0094121552905743755,-0.5353952284827466,74.90845992300001,-0.27314576208972025,0.3481847037086648,0.03042595885964476,-0.7442307796531009,-0.19230419083567324
48453,TX,Travis County,-2.383537619838328,-0.6906042407631112,-0.4806271607592896,-0.6270163317211567,80.372919943,-2.663361209049259,-0.6927371523396818,-0.7075092991904927,-0.8739683417345173,-1.4864860331013596
48455,TX,Trinity County,0.8062579040270521,0.5631977622256661,1.4482898908743662,0.5840004288864207,72.08870240099999,0.9060476380846776,0.6422375419501906,2.1971880498478287,0.8408588826455378,1.3807420129315486
48457,TX,Tyler County,0.9049960460796975,1.2052689698484786,1.247007776236679,1.2943697107406398,71.63726967300002,1.016536475113704,1.3258772331178124,1.8940834532547564,1.84675791188421,1.8313993947881393
48459,TX,Upshur County,0.3553188177491193,0.5355625100401229,0.9429854438434169,0.5648743281190001,73.36476568800002,0.4014428908410493,0.6128131493825634,1.4362654966955364,0.8137758897761789,0.9827357655653932
48463,TX,Uvalde County,0.4432888042224622,1.292598447378119,0.9009865929136297,1.4338800970237637,72.078869588,0.49988206841557237,1.4188605289569634,1.3730207081987538,2.044307785894254,1.606455302233768
48465,TX,Val Verde County,0.3033830920884363,1.9995476956406286,0.7653951261400573,1.2521156330183003,74.883973891,0.34332636353746826,2.171578545300846,1.168837654419511,1.7869251786171778,1.6469764083072997
48467,TX,Van Zandt County,0.2903347016474698,0.10400739296070424,1.4627861060309155,0.5308423409494614,73.83866490100002,0.3287251015028397,0.1533186206459684,2.2190174580645565,0.7655858233820536,1.0436542850423576
48469,TX,Victoria County,0.0567818250358916,1.0373474039092305,0.10366232805046105,-0.07026134546257606,74.73175951500001,0.06737740764165463,1.147084217458201,0.1723544190441739,-0.08559064226604995,0.3917414911490678
48471,TX,Walker County,0.743383872563846,1.148157022107671,0.7615347940010373,0.16966237290964956,76.56246260500001,0.8356910517515854,1.2650677872931622,1.1630244980055933,0.25414678947087244,1.0590933680918717
48473,TX,Waller County,-0.3892548325831825,0.6919831723288358,1.4472911502758943,0.6598502479144333,75.929083195,-0.43174147942803737,0.7793606786748443,2.1956840768458266,0.9482639482602195,1.0511566627435553
48477,TX,Washington County,-0.5452873359838469,0.10098527877725576,0.33513963973214667,0.05660210050274714,76.88718816199999,-0.6063432035548196,0.1501008510551231,0.5209290418019843,0.09405087715508353,0.04778886954991678
48479,TX,Webb County,0.19060689841253536,1.1678004494137566,1.0293444192886534,0.6263299452473169,75.76638134199999,0.21712882503034492,1.285982954361197,1.56631084355428,0.900798438737303,1.1952581902032593
48481,TX,Wharton County,0.32564868338394004,1.4179723303914669,0.6465615498894367,0.5725478538843668,73.71472232900001,0.36824175324261527,1.552351272111548,0.9898897968019,0.8246417764570789,1.124481029786633
48483,TX,Wheeler County,0.42210661105985076,0.5695564260737893,1.2170461930021172,0.9823303759671977,71.33263812099999,0.47617901061433,0.6490078735547863,1.8489652189995744,1.4049031302224935,1.3183401003984212
48485,TX,Wichita County,0.062322709542224054,0.4753859716773762,-0.16389081440460013,0.15597744120356277,72.95866532500001,0.07357770544440655,0.548740707551451,-0.23054569683063186,0.23476861551264772,0.18862391956365196
48487,TX,Wilbarger County,0.7308362613251767,1.7877876957909031,0.5417497309556105,0.4335431670150315,71.36071683099999,0.821650165986146,1.9461089413375947,0.8320568758128276,0.6278079842968703,1.2727508351971253
48489,TX,Willacy County,1.3895033238862697,2.873170825487495,1.4290232427305583,1.2316434830490297,72.85256883499999,1.5587043197183243,3.101761116322246,2.1681749921112217,1.7579361495212604,2.5850389237319304
48491,TX,Williamson County,-2.213358865977545,-1.002821941049832,-0.26767379385698414,-0.6289665547275961,80.71365880500001,-2.472929708007833,-1.0251682124261945,-0.3868293198279633,-0.8767299017837579,-1.433524634912199
48493,TX,Wilson County,-0.8737730204620057,-0.0941841088010384,0.45469476663693764,0.25586728495577266,76.81994863199999,-0.9739215324980983,-0.057704043893195944,0.7009634605397793,0.3762149018707489,0.013713931725752177
48497,TX,Wise County,-0.5401506095858751,-0.2051243627036147,0.738326208296544,0.4507422918607018,75.134574163,-0.6005951621794249,-0.1758267069492369,1.1280753967398467,0.6521623355166419,0.30220461612050403
48499,TX,Wood County,0.10362604542574332,0.18831091211521991,0.8059992489336657,0.6940316523186764,73.62287044599998,0.11979649640318407,0.24308005382487785,1.2299821643603253,0.9966655928506154,0.7795913852425993
48501,TX,Yoakum County,0.14945194307724385,1.482217640654072,1.416478414014902,0.9906449848208977,72.124274975,0.17107607319151227,1.6207559031640848,2.14928411721142,1.4166768051097365,1.612994778895606
48503,TX,Young County,-0.09011752286804395,-0.14111398999298433,0.36028065412199006,0.7061239180747192,71.20461409800002,-0.09700423629868049,-0.10767222359615884,0.5587881284788654,1.0137885156683784,0.41181432298258436
49001,UT,Beaver County,-0.756282176901154,-1.1732965640490662,-0.18343922907366406,0.3779686298411288,74.855930428,-0.8424482598931072,-1.206679573215288,-0.2599830581827135,0.549113178057924,-0.5298575693387598
49003,UT,Box Elder County,-0.46990606981448696,-0.9154963694082177,-0.4328434150025168,-0.356889780054987,77.49842645100001,-0.5219909131462426,-0.9321890753470874,-0.6355532140341777,-0.4914630124171495,-0.7770841644586722
49005,UT,Cache County,-1.1854743165242219,-0.9324906943325221,-0.34138091905431334,-0.5698056584716182,80.24841928200001,-1.3227179852811775,-0.9502836338710055,-0.4978226313260357,-0.7929567296704535,-1.0728970348083033
49007,UT,Carbon County,0.6104097844412071,-0.2705758206291352,-0.4589532274070882,-0.3654778646705239,72.757057884,0.6868918942402759,-0.24551557315511607,-0.6748711840895592,-0.5036239351913426,-0.22191391033594876
49009,UT,Daggett County,0.27001291302308406,-0.8007755955834888,3.0050591495607337,-0.05799939462239945,NA,0.30598484383968755,-0.8100411368366272,4.541479389354045,-0.06822744151712286,1.1949494854967668
49011,UT,Davis County,-1.7803858707291131,-1.3314459219542205,-0.5659195851802332,-0.8575550734435035,79.34763935000001,-1.988429172394486,-1.3750677160147877,-0.8359485593954563,-1.2004164334863274,-1.6256598913017017
49013,UT,Duchesne County,0.167398995961215,-0.7308282516667193,-0.0977022381937233,0.7203758749738879,75.725102969,0.19115898097188283,-0.7355653154237676,-0.1308743389080472,1.033969610172078,0.10798539496898028
49015,UT,Emery County,0.21659573211752614,-0.8444555335435586,0.5956923821468093,0.40828742012992336,74.84514251899999,0.2462105552726881,-0.8565489679661383,0.913287468793729,0.592045273375424,0.26944325917151857
49017,UT,Garfield County,-0.18116292324811661,-0.7200389315899538,-0.0234755219486409,1.1299679624847871,77.56309406400001,-0.1988848286990597,-0.7240774814302494,-0.019098591100588355,1.6139613042605712,0.20227953236004986
49019,UT,Grand County,-0.34727653905985134,-0.44751786813208555,-0.6288723280864824,-0.10019879478909677,80.26892159100001,-0.38476740501834267,-0.43391306750366315,-0.9307471746493391,-0.12798275012412746,-0.5652053421904062
49021,UT,Iron County,-0.4069969739791458,-0.4615833344575583,-0.13536137641878915,0.15828281508006353,78.33867442,-0.4515950894767188,-0.44888914950315933,-0.1875840864198815,0.23803307725619507,-0.2559080657020973
49023,UT,Juab County,-0.6325349666519057,-1.283251575922657,-0.5420711312610367,0.025427347969182366,77.67971759899999,-0.7039740587203139,-1.3237532084556842,-0.800035900103506,0.049906719867741804,-0.8362898736349602
49025,UT,Kane County,-0.7330665427423425,-1.076373910455715,0.025534188978411306,0.32654164834477634,78.261112022,-0.8164697639869277,-1.103482027237444,0.05470363760923386,0.47629140481228405,-0.41815352446417625
49027,UT,Millard County,-0.25726612951970146,-0.5827708261316713,-0.11529919402270533,-0.1365311229028609,76.66620449700001,-0.2840449763413379,-0.5779224691690663,-0.1573730579194732,-0.17943015151544536,-0.3608968924494315
49029,UT,Morgan County,-2.0999285208200145,-1.5167300254582872,0.10358397870976441,-0.532697257921426,81.03533615999999,-2.3460001683211904,-1.5723473413802678,0.17223643516195994,-0.7404103920914892,-1.3506934362591991
49031,UT,Piute County,1.4047148795635307,0.3996157841180895,1.8755796681850192,1.597506571469388,NA,1.5757261824072812,0.4680650644019557,2.8406306916007567,2.276006588203075,2.1556887409617014
49035,UT,Salt Lake County,-1.5053551982007425,-1.1226944128538716,-0.7340712299081603,-0.7944359790551235,78.55001705199999,-1.6806674652847002,-1.1528013762103502,-1.0891629919517853,-1.1110383629622629,-1.5154157502981433
49037,UT,San Juan County,0.554813784715857,1.537730522974773,-0.4973315254882225,2.1739323768646392,72.760090831,0.6246794885232956,1.6798627580969774,-0.7326638924916441,3.0922386141174414,1.4041595970977832
49039,UT,Sanpete County,-0.04109042027639673,-0.5320772811836604,-0.3908345849197654,0.20595131920761545,77.16448855399999,-0.04214248342747851,-0.5239469614667976,-0.5722933982353469,0.305532761226207,-0.25073437124543796
49041,UT,Sevier County,-0.14789015182484908,-0.7965194539775433,-0.291569331918124,0.029568205615439616,77.248604838,-0.16165230899730826,-0.8055094473627651,-0.4228128816930277,0.05577026829668485,-0.40167000163972577
49043,UT,Summit County,-3.107552754515801,-1.5429601431083122,-0.7520263086189943,-1.5343101804242343,84.01005929900002,-3.473540422055675,-1.6002756292658813,-1.116200997286936,-2.1587170280268624,-2.513435052580429
49045,UT,Tooele County,-0.8595384524129408,-0.8063206774353763,0.1607300423908719,-0.19402430313130192,77.123493058,-0.9579929274356985,-0.8159452141410101,0.2582909492956313,-0.2608417998748421,-0.5348223649743381
49047,UT,Uintah County,0.06794546205843574,-0.2844701993548968,0.03242659149912591,0.40151412082438775,74.586354235,0.07986961426001928,-0.2603094911322413,0.06508269632172174,0.5824541277977364,0.14062225834334618
49049,UT,Utah County,-1.7941752229235375,-1.0299919306737837,-0.4985300591760104,-0.5430657332743151,79.40119618800001,-2.0038595770554655,-1.0540972207589547,-0.7344687278124279,-0.7550923885665235,-1.3690567723025922
49051,UT,Wasatch County,-2.2725636009155323,-1.4249056937221662,-0.28144490252803844,-0.9124502397680273,80.99171564000002,-2.5391803197159426,-1.4745781889179255,-0.4075668123065809,-1.2781492351801174,-1.715860033287463
49053,UT,Washington County,-0.7994061874696483,-0.9157818511620548,-0.39925673313636234,-0.6086383321274949,80.16807105599997,-0.8907044016098505,-0.9324930395425071,-0.5849760543284317,-0.8479446771098877,-0.9802733534461565
49057,UT,Weber County,-0.7801165869084646,-1.215000729096379,-0.4380018784404946,-0.3900626426034252,76.946747773,-0.8691191713386218,-1.2510837174517278,-0.6433211867734488,-0.5384365388447601,-0.9940744877382884
50001,VT,Addison County,-1.620109122262733,-1.264382058121917,-0.9631628444966329,-0.8531833994870891,80.64671015199998,-1.809078101241029,-1.3036620547508788,-1.434145066229403,-1.194226043922428,-1.72839500751059
50003,VT,Bennington County,-1.037275390613494,-1.151404932064878,-1.086917125229472,-1.0222151624275493,76.71107396000002,-1.156882102283737,-1.1833706499196377,-1.6205028626273237,-1.4335788574456951,-1.6239958326025168
50005,VT,Caledonia County,-0.46301706136465204,-0.7251111957056497,-0.9433144278224757,0.14490252784853633,76.73219302900002,-0.5142820529623071,-0.729478130193824,-1.4042559410090085,0.2190862867896981,-0.7312434840394738
50007,VT,Chittenden County,-2.407887195720266,-1.0651577768272051,-1.4370384658971074,-1.1146210835197343,80.80917113099999,-2.6906085955750347,-1.0915397472553243,-2.147739909558761,-1.5644277394242512,-2.2562075083518685
50009,VT,Essex County,0.3793902844435827,-0.4197169007805647,0.061315130241990534,0.8288981012668606,77.414818732,0.42837907077479914,-0.40431223116539844,0.10858506560863422,1.1876395461721019,0.39748143647709083
50011,VT,Franklin County,-0.5737659448759866,-0.5073140142962252,-0.8010112559904632,0.08591279601429394,77.57066354300001,-0.6382110138182466,-0.49758049007508764,-1.1899659353137841,0.13555548738318432,-0.6593730627198161
50013,VT,Grand Isle County,-1.6767284357315573,-1.5262247913038887,-0.23640569170377385,-0.562913627364135,78.52636030599999,-1.8724356039092158,-1.5824568101017011,-0.33974363858678835,-0.7831974571658706,-1.3781834590369615
50015,VT,Lamoille County,-1.2489656049642528,-0.9384165296064714,-0.8731556661851356,-0.6646355456186105,79.18035850799998,-1.3937652875230324,-0.9565931150445839,-1.2986060019578722,-0.9272380026092065,-1.3776924060840043
50017,VT,Orange County,-0.9955874431335019,-1.268126913468513,-0.7122368373848187,-0.25082650078983093,79.07380693199998,-1.1102329276138756,-1.3076493566610405,-1.0562832462796226,-0.34127500122920906,-1.148660609571867
50019,VT,Orleans County,-0.30400534745845076,-0.8628678731257867,-0.8247687150311482,0.20644375619417352,76.200411028,-0.33634656644969924,-0.876153345169519,-1.2257415681938604,0.306230063178013,-0.6418544629501297
50021,VT,Rutland County,-0.5303724342155628,-0.4657442600016085,-0.9211201500498136,-0.9023217546037355,76.53231180299998,-0.5896532991620346,-0.4533194585095975,-1.370834255117709,-1.2638070702601678,-1.1071671538884724
50023,VT,Washington County,-1.625356819593654,-1.166647622667781,-1.1936636593009,-0.9385468455677065,78.97741554400001,-1.8149503200525259,-1.199600171151267,-1.781249212126231,-1.315102621412982,-1.8397227609499236
50025,VT,Windham County,-0.9940628391522222,-0.9276419177601791,-1.0683612961241473,-0.12399708350550381,78.556427656,-1.1085268825403152,-0.9451209415105584,-1.5925602055981911,-0.16168166719285307,-1.146387386704204
50027,VT,Windsor County,-1.1338689157532658,-1.2006299518768355,-1.0714455502054883,-0.6472715641934619,77.924869142,-1.2649710943931594,-1.2357825583535318,-1.5972046897382655,-0.9026502107304752,-1.50546234992198
53001,WA,Adams County,0.38511517846278015,0.4607494456815336,-0.0325683688586178,0.7801970543489368,77.00199096800002,0.4347852768178326,0.5331565947727281,-0.0327912318972738,1.1186777581711114,0.6183170094762319
53003,WA,Asotin County,-0.0604162849762338,-0.2925192893258469,-0.8196902471665319,-0.6018003270321143,76.694406098,-0.063768293584275,-0.2688796891361258,-1.218094058348357,-0.8382619066648899,-0.719223562263311
53005,WA,Benton County,-1.0871556162058007,-0.7601662126254406,-0.7056429370554104,-0.4420811678585063,77.840331499,-1.2126985071893608,-0.7668026522349991,-1.0463536929116155,-0.6120959514814281,-1.0952262925067149
53007,WA,Chelan County,-0.6324575256502378,-0.4165393276864918,-0.7715222193022016,-0.226665915255173,79.29114460000002,-0.7038874015680244,-0.4009289380619166,-1.1455592944882795,-0.30706306364131974,-0.7699318254444897
53009,WA,Clallam County,-0.5275052701529914,-0.7877909097711401,-0.8694224566037256,0.11988014089516946,77.272649719,-0.586444917717344,-0.7962158064164576,-1.2929842755257575,0.18365401882911433,-0.7502284088149775
53011,WA,Clark County,-1.2281802332239173,-1.0158894539115537,-0.7629912358010155,-0.5984519657759061,78.574991011,-1.3705062763338085,-1.0390817322212829,-1.1327127466600055,-0.8335205511147614,-1.3173665078083574
53013,WA,Columbia County,-0.397492811525893,-0.8472380578189211,-0.5964777200417011,0.5685850023320953,76.61531891699998,-0.4409598492892445,-0.8595116363021288,-0.8819651225485924,0.8190302886981461,-0.4104614187898289
53015,WA,Cowlitz County,0.05221532366664078,-0.377263290018505,-0.6696126022221317,0.04163883023984473,75.09348022,0.06226745301732147,-0.359110121172367,-0.9920967107430197,0.0728625467807723,-0.36610701795240214
53017,WA,Douglas County,-0.4394397955131958,-0.15698148370181303,0.2331168469465492,-0.20973673850392655,80.67460241399999,-0.4878988880566658,-0.12456699845901227,0.367296030214043,-0.28309096505135933,-0.15903599912343175
53019,WA,Ferry County,0.6697259000304427,0.40297238996967666,-0.6993444382718801,1.5236143102628987,73.45502133699999,0.7532671418628166,0.47163898106494756,-1.03686897572072,2.1713734689023005,0.7103143172994163
53021,WA,Franklin County,-0.3136430400356565,0.2707279227194675,0.2651787159461344,0.015462450109065287,78.88095538900001,-0.3471312280035999,0.3308328435583581,0.4155770207363854,0.03579619828410816,0.13098181468941655
53023,WA,Garfield County,-0.06551049660678311,-1.0139189276705438,-0.09846979535616088,0.5492553065593374,76.973428458,-0.06946876056631554,-1.0369836316759722,-0.13203017982566445,0.791659000679408,-0.1345188403820558
53025,WA,Grant County,0.13196624428813572,-0.06592153054378663,-0.0550720132315079,0.5536844259038131,76.85429364000002,0.15150942464329148,-0.027611711388638605,-0.06667878351504523,0.7979307342168733,0.25744779039085336
53027,WA,Grays Harbor County,0.3936521949140192,-0.3172734872324564,-0.3384943921425835,0.5058200571350315,74.64320197800001,0.444338272243776,-0.2952365044099827,-0.49347589849927764,0.730153701468546,0.1161411882239064
53029,WA,Island County,-1.2179311595201336,-1.2716887661039318,-0.6203080682551234,-0.36787741472030466,80.76120466700003,-1.3590374739985158,-1.3114418080383226,-0.9178505170105075,-0.507021752534153,-1.2329294534834385
53031,WA,Jefferson County,-1.1283946579021085,-1.4559193185935848,-0.8273894423565968,-0.18090098952410877,80.096422307,-1.25884535239521,-1.5075996741945872,-1.229688041531496,-0.24225888989397484,-1.275992601520713
53033,WA,King County,-2.8992905296837046,-1.4461285159543025,-1.2125310406813068,-1.0102952200685409,81.05660592900001,-3.2404931868088633,-1.4971750028915651,-1.8096610262229271,-1.4166999484700562,-2.3976173965797654
53035,WA,Kitsap County,-1.4665804372412448,-1.0518066642993713,-0.8919639767153889,-0.4478853172400686,79.53664066600001,-1.6372781715889655,-1.0773242672012266,-1.3269288630631988,-0.6203147587660425,-1.4034759271212853
53037,WA,Kittitas County,-0.8145076336748792,-0.7474255950422425,-0.41583338077315746,-0.09842702689194868,79.804026773,-0.9076030508449427,-0.7532371913227898,-0.6099383223563707,-0.12547388656076292,-0.7214057664435453
53039,WA,Klickitat County,-0.540390177358246,-0.48678025461879254,-0.0825403335598283,0.387542140868367,79.43764847100002,-0.6008632405937907,-0.4757173494175848,-0.10804248921334557,0.5626694870013067,-0.18724275386222994
53041,WA,Lewis County,-3.4392047011161386e-4,-0.038964375633975055,-0.6270657369316306,0.6495718634354402,75.597313346000007,0.0034532031330351386,0.0010906830475366268,-0.9280266841368778,0.93370952250778,0.0030788150304960106
53043,WA,Lincoln County,-0.19339150398396343,-1.1103976531894557,-0.1520794875018861,0.6282965699590737,79.405327443,-0.21256871656580603,-1.1397085091271681,-0.21275937993645452,0.903583223973609,-0.1991343956869225
53045,WA,Mason County,-0.2915611202137223,-0.6220638939562744,-0.05507594771842287,-0.015966696499152985,76.56124993100002,-0.32242136826983203,-0.6197594187686198,-0.06668470833887427,-0.008708186787957154,-0.3063464877262336
53047,WA,Okanogan County,0.14683659154944972,0.1067557438415245,-0.29994200600230536,0.8042926135558504,76.052597479,0.1681494721564838,0.15624490315961756,-0.43542103619924977,1.1527976170027483,0.3136312180788118
53049,WA,Pacific County,0.06922385288951496,-0.2884697039775263,-0.08590964624124542,0.1005701072523894,76.090536298,0.0813001446838063,-0.2645679286272989,-0.11311623440394604,0.15631057283277588,-0.04216992716028099
53051,WA,Pend Oreille County,0.1660915548027089,-0.8203123330843771,-0.3738949975251148,0.7390795255664264,72.88578581699997,0.18969594297983514,-0.8308427068696138,-0.5467845902970417,1.0604544040037387,-0.03837767882473201
53053,WA,Pierce County,-1.1130093745520642,-0.5087566844410217,-0.9089407177167347,-0.10663258949501037,77.38620221599999,-1.2416290869341677,-0.4991165604681161,-1.3524936194845056,-0.13709314948163728,-0.9725104012486879
53057,WA,Skagit County,-0.8580545323589197,-0.5112175405962974,-0.7873181323463492,-0.4357737740670241,78.53004371,-0.9563324080294754,-0.5017367354923619,-1.1693458781084078,-0.6031645386881874,-0.9725848053752627
53061,WA,Snohomish County,-1.683086754887811,-1.2079715365704142,-0.7433866793924123,-0.5702701611665204,79.26466904900003,-1.879550618172491,-1.243599446313952,-1.10319084317488,-0.7936144760311368,-1.511286825995949
53063,WA,Spokane County,-0.7117680470082157,-0.6447209700270575,-1.006608617473022,-0.7046372456085965,76.89560571,-0.7926365625998018,-0.6438833419470763,-1.4995687304997554,-0.9838813178758723,-1.1801298010330445
53065,WA,Stevens County,0.09239600169516712,-0.5848856847784464,-0.6155623885271523,0.8426124105361806,76.877859367,0.10722998010277705,-0.580174246378478,-0.9107041426687243,1.2070593194267665,-0.05316317461099719
53067,WA,Thurston County,-1.4144794643992764,-0.9648272446434751,-0.9909242858524147,-0.1593066061478782,78.308292243,-1.5789767312568124,-0.9847136924152172,-1.4759501739416951,-0.21168075281791843,-1.2798850704638587
53071,WA,Walla Walla County,-0.4954402660385862,-0.4839578231336862,-0.790932364367822,-0.5918992676056547,77.71541990600001,-0.5505639001057039,-0.4727121902297687,-1.1747884398622637,-0.8242417817525151,-0.9098829300779784
53073,WA,Whatcom County,-1.1681105955691422,-1.117729972241952,-0.9577972846561572,-0.6707010577086483,79.636309935,-1.303287830986798,-1.1475155315774501,-1.4260652333348074,-0.9358269054222318,-1.4488900304382513
53075,WA,Whitman County,-0.9516745548993516,-0.4313171533831824,-0.43682551340824377,-0.5279597427130842,78.07292308800001,-1.0610940249495946,-0.4166634984587587,-0.6415497345548132,-0.7337019630098776,-0.85891505412743685
53077,WA,Yakima County,0.15094297706797105,0.6792876464135749,-0.3263794214851654,-0.14271239958155774,74.991676812,0.1727445531545883,0.7658432287208851,-0.47523233373713525,-0.18818297961399028,0.08284227543308159
54001,WV,Barbour County,1.2537838628739308,1.021684737446257,0.0701948483446856,0.3711875760348029,72.048230912,1.4068330661407122,1.1304075306102541,0.12195676223564118,0.5395110519310821,0.9629898100939974
54003,WV,Berkeley County,-0.41648368338980607,-0.19757236571959988,-0.37528885824363944,0.037452607548823874,73.25304764,-0.462210799558212,-0.1677857843466404,-0.5488835626352241,0.06693476041860955,-0.33475763922751706
54005,WV,Boone County,0.7768830232665215,-0.02677209855659629,0.11639664344739598,1.297041824953541,68.87046650799999,0.8731768918297312,0.014072303211862385,0.19153063615727756,1.8505416862694932,0.8818893157572371
54009,WV,Brooke County,0.41628283657279264,-0.1500690672418301,0.32010637167251177,-0.13927675175118695,73.082235547,0.46966215647045434,-0.11720706361405846,0.4982909020005755,-0.18331802429335026,0.20093308049922845
54011,WV,Cabell County,0.11144727644206293,0.04759900851622241,-0.9633564502855226,-0.23148590456665352,69.468349412,0.1285485217215028,0.09325828767501226,-1.4344366112812084,-0.3138882779252251,-0.4595671649106231
54013,WV,Calhoun County,1.6384269908703961,1.3972384848346082,-0.20702601717605007,1.3637719637324661,71.47769563700001,1.8372520612730776,1.5302750917674903,-0.29550168290289214,1.9450330776250921,1.5104147166557271
54017,WV,Doddridge County,0.7450832540436798,0.13113536702763992,0.9556884744826235,0.1435768937001224,76.751630519,0.8375926743613707,0.18220289328262265,1.4553946030462765,0.21720915874224847,0.8105625101987906
54019,WV,Fayette County,0.8010726834072828,0.8478885786299466,-0.18225646839812576,0.45990280587844684,69.79762692400003,0.9002453312546405,0.9453595936700588,-0.25820197495994185,0.6651338313191137,0.6781393264339396
54021,WV,Gilmer County,0.517951644596286,0.39378497473950674,0.22679442221078072,0.9029028114438028,75.18400280099999,0.5834304341301022,0.4618567612176564,0.35777528366150085,1.292431895767748,0.8114942916385582
54023,WV,Grant County,0.8217040299014318,0.09955559631046937,-0.26956760348843245,0.14074384555276695,74.33346122,0.9233319868579634,0.14857860917843116,-0.3896811499838491,0.21319749825240752,0.2695735003872673
54025,WV,Greenbrier County,0.7370503114685166,0.21365402155003635,-0.7349305476126409,0.2599303290460857,71.3649125,0.8286037419731402,0.2700639074871388,-1.0904570122706334,0.381968264538025,0.11746563243931853
54027,WV,Hampshire County,0.6651866217369853,0.6367449848678975,0.007450019685889639,0.6401802152738929,74.44656150200001,0.7481876500963238,0.7205463026864429,0.02747123870485404,0.9204107355106951,0.7275363095514497
54029,WV,Hancock County,0.3519697190560215,-0.18779625179748,-0.5910631695495002,-0.09479785846665109,72.64166569700002,0.3976952203663658,-0.15737675272648455,-0.8738115161259575,-0.12033490168458458,-0.22694429792371348
54031,WV,Hardy County,0.882966420855873,0.38581816735750796,0.3554096823164285,0.21466060091315645,72.662276677,0.9918851334886215,0.45337417287922854,0.5514530806193049,0.3178653018311478,0.6968171032393287
54033,WV,Harrison County,0.11665542216278554,-0.12041548449537905,-0.9231813801582488,-0.6912149929227462,73.07922578800002,0.13437648193827018,-0.08563367127046902,-1.373938198662953,-0.9648751033733938,-0.6894390686121252
54035,WV,Jackson County,0.4604659941777973,0.7429771295247448,-0.10884909308110971,0.2139648651771675,73.21157869500001,0.5191034929039907,0.8336560476852325,-0.1476600476631666,0.31688012423505135,0.4582008342787406
54037,WV,Jefferson County,-1.3078666954619411,-0.57033235240283775,-0.29660768237190743,0.014563164202273049,75.862407405,-1.459676118469812,-0.5646787132777856,-0.4303999799532852,0.03452278902535031,-0.7286249562307152
54039,WV,Kanawha County,-0.026190217333023846,-0.057698572534795045,-0.9866440749848179,-0.12070365067945282,70.96435957700001,-0.025469027147209795,-0.018856388915038873,-1.4695047349582493,-0.1570180915467607,-0.5030186016061773
54041,WV,Lewis County,0.690455974535591,0.29684315410792816,-0.2459662256272204,0.043794001768361415,70.32740195,0.7764642749664321,0.35863880730384085,-0.35414055499089525,0.07591431858982223,0.2579677685721875
54043,WV,Lincoln County,1.0940286514296365,1.1983057003161626,0.14906246664208406,0.8365844440359582,68.694793577,1.2280655994367609,1.318463152909771,0.240721102879216,1.1985235820212443,1.1999403235104533
54045,WV,Logan County,1.2788119969913376,1.2228713625106238,0.13447796513110843,0.8171678216053513,66.16952092000001,1.4348397652151625,1.3446192264364558,0.21875874693441405,1.171029203881665,1.2551760915931958
54047,WV,McDowell County,1.927552832407446,2.2874637066820362,0.3012574820763416,1.7300546550725817,65.092720417,2.1607863847104642,2.4781345947448052,0.4699069341176944,2.463697683566713,2.2797529658632953
54049,WV,Marion County,-0.03685227768698146,-0.05138422428723386,-0.43551898591589133,-0.23723608241188993,73.49976939900002,-0.03739996512469328,-0.012133241957757104,-0.6395822746579413,-0.3220306602891912,-0.30441143930683917
54051,WV,Marshall County,0.3329897502948078,0.33369751925743707,0.043711637146137294,-0.2284943548054214,74.33517092999999,0.3764564707638502,0.3978791696030175,0.08207650232643739,-0.30965217555198077,0.16460527478131945
54053,WV,Mason County,0.7000265235296455,0.40534946152639223,0.09279919983837556,0.8409709644371579,71.136413946,0.7871738022686431,0.4741699471721694,0.15599596563469004,1.20473499448799,0.7893908735152279
54055,WV,Mercer County,0.7138908622569158,0.4662564219888726,-0.3100573349220114,0.29286941684730794,68.68476882299998,0.8026881175100199,0.5390200995325123,-0.45065340146494964,0.42861076061664405,0.3972930131015824
54057,WV,Mineral County,-0.09028705545206897,-0.10463326056006932,-0.0406854312436957,-0.024290272408017788,73.55020257599999,-0.09719394473007334,-0.06882968665166075,-0.04501446854290658,-0.02049455922887547,-0.06970425647670588
54059,WV,Mingo County,1.6643060208146192,1.5962442752469186,0.10443469384663967,1.3507725188073607,65.77965362100002,1.8662109201551094,1.7421647630108745,0.1735175011366609,1.926625568510011,1.718582841413781
54061,WV,Monongalia County,-1.2463672802266519,-0.8109525409971804,-1.1955804721246674,-0.6732727920839254,77.607705425,-1.3908577396138544,-0.820876950274524,-1.7841356820877488,-0.9394685396787111,-1.4858125439200298
54063,WV,Monroe County,0.7383455054276231,0.019422113863868894,0.159258131100323,0.5917393419264666,72.24896572500002,0.830053075242875,0.06325718603783433,0.2560744429818652,0.8518173591917438,0.6024735447807529
54065,WV,Morgan County,0.25141382592450473,-0.012621119279443016,-0.02462874636233954,0.011091268852063574,73.09953943500001,0.28517230411995176,0.02913943437722,-0.020835196567619556,0.029606506393761698,0.09726603471811851
54067,WV,Nicholas County,0.7193632752248438,-0.4404004523717666,-0.4125215964299793,0.08779719553338819,71.68333846599998,0.8088117950676404,-0.4263348614503022,-0.6049512073354998,0.13822383988008144,-0.025364084142572237
54069,WV,Ohio County,-0.2915635192474153,-0.10024272771473837,-1.0762996753678988,-0.9057316797896489,73.22486087,-0.3224240528093344,-0.06415490528347548,-1.604514368751789,-1.2686356017323248,-0.9813603925803344
54071,WV,Pendleton County,0.5322589039558081,1.0750385154053501,-0.1819837188247035,0.6669188860691555,74.74706226900003,0.5994403813991466,1.1872154980966385,-0.25779124969718364,0.9582733003528594,0.7487673696231026
54073,WV,Pleasants County,0.6341793197358377,-0.5392561870084307,0.20434853603717984,-0.7334534617064821,74.75304544100001,0.7134902103198295,-0.5315906385273808,0.32397470835420294,-1.0246857340290239,-0.1561912119727854
54075,WV,Pocahontas County,1.2279175887145362,0.6214500311373425,0.013388264639410605,0.6678908833987536,72.20621527100002,1.3778884810924976,0.7042611347476833,0.03641346064219657,0.9596496706369364,0.9267138882243143
54077,WV,Preston County,0.33867415706430787,0.1698216522917939,0.20881683949227936,-0.040929051217236834,74.04467668300002,0.3828173712234427,0.22339377646881506,0.3307033902276583,-0.04405544774058501,0.26880043293656075
54079,WV,Putnam County,-0.7388908361832145,-0.6116393197278018,-0.5147139615684159,-0.524691679434526,75.44020102600001,-0.8229871988446206,-0.6086599447204182,-0.7588395727570052,-0.7290743112189505,-0.8789508633776763
54081,WV,Raleigh County,0.6474334279360441,1.1586541279252436,-0.7051323694725604,0.5881942046847884,69.480244834,0.7283216723106464,1.2762444887151871,-1.0455848447627782,0.8467973643791672,0.5436401964018189
54083,WV,Randolph County,0.6637764005196752,0.6107200826917762,-0.34079080161211284,-0.005451016579346692,74.31990294500001,0.7466096003273585,0.6928365161781481,-0.49693399147056383,0.006182254695530994,0.2856099722799647
54085,WV,Ritchie County,1.0235445562890848,0.6435782386150448,0.7243997387038116,0.5793955022537818,73.30878219599997,1.1491932858685094,0.7278219497266916,1.1071039509883496,0.8343382019970221,1.149568851893655
54087,WV,Roane County,1.3047596747841106,1.0690934429375167,0.07998568461017913,0.8847693197128232,72.65338318399999,1.463875441634907,1.180885534289468,0.13670048391157388,1.2667544598272633,1.218738996774498
54089,WV,Summers County,1.074508927794441,1.1771756429624685,0.21246538202864926,0.49212459301340034,69.408530904,1.206222859450517,1.2959651095274558,0.3361976191393015,0.7107606133708133,1.0684911493968599
54093,WV,Tucker County,0.1869175319440739,0.23390991871386824,-0.35500147130319937,-0.4203959333872166,75.063728958,0.213000391964865,0.2916311964684881,-0.518333405481031,-0.5813891671923521,-0.1791556091658719
54095,WV,Tyler County,0.431704380857637,-0.3042623393040559,0.5637633312156549,-0.4112320244431489,74.750934587,0.4869189982319247,-0.28138299868366246,0.8652064849492004,-0.5684128640971389,0.15122925994217642
54097,WV,Upshur County,0.7752883091218452,0.5480195448758225,-0.33530344790733535,0.11813512260977303,74.74165648800003,0.8713923928754662,0.6260766680497091,-0.4886707529108738,0.18118303332323454,0.35825081836117434
54099,WV,Wayne County,0.5698861845200274,0.22690693766404174,-0.33576402988561627,0.5419657143288208,70.35587285399997,0.6415456345837651,0.28417483377021163,-0.4893643292625341,0.7813367725995524,0.3665935481270388
54101,WV,Webster County,1.3107549210814966,0.6432170110853784,0.16698135903807632,0.8151950546838372,73.46924593100002,1.4705841742212218,0.7274373358802979,0.2677046163466613,1.168235721136908,1.094025393984199
54103,WV,Wetzel County,0.8954156558677986,-0.17178370285255376,-0.3194991182695713,0.22679515304219833,70.186594034,1.0058159354034004,-0.14032753157226865,-0.46487149499915525,0.3350481031130228,0.22147623951208062
54105,WV,Wirt County,0.7273685758592867,1.175133585832608,0.25657283567704003,0.06655986952535328,72.426651723,0.8177697958845459,1.2937908470951422,0.4026176881499434,0.10815130414296956,0.7894676203857347
54107,WV,Wood County,0.31799066802693543,-0.2518334724829239,-0.6227785813280987,-0.6262425051873751,73.358277084,0.35967236766217037,-0.22555982222544815,-0.9215707872874269,-0.8728725857960028,-0.49985227254584397
54109,WV,Wyoming County,1.2636205772385969,0.9207288726492153,0.3170276765290029,1.1642251951136733,68.67504502099999,1.4178404348003248,1.0229156583505745,0.4936547888954145,1.6624703233384424,1.383917878819134
55001,WI,Adams County,0.610969331522035,-0.1619797911231264,0.6359422100769722,0.2307774191811799,75.932958939,0.6875180322750659,-0.12988890248040372,0.9738984569069686,0.34068708236746875,0.5636411379256668
55003,WI,Ashland County,0.2900882996669132,-0.4100635881168003,-1.1201614048505149,-0.5014379866460102,74.005555442,0.3284493755502607,-0.3940339511088394,-1.6705644092366754,-0.6961465543470218,-0.7322567481726515
55005,WI,Barron County,0.20366809011767967,-0.54563583061398,-0.5664183273189372,-0.36425047030960783,77.64553539399999,0.231744411790577,-0.5383833081448282,-0.8366995999686733,-0.5018859169131369,-0.49530439844301644
55007,WI,Bayfield County,-0.7022731258239426,-1.0006734061639002,-0.4157515659125777,-0.7594243226387993,79.38505757499999,-0.7820116634724388,-1.0228805787362811,-0.6098151198534758,-1.0614610626751626,-1.0465207643707035
55009,WI,Brown County,-0.8055296467448428,-0.7858990455922565,-0.7361018285065974,-1.1298098811432509,78.727876589,-0.8975566056299557,-0.7942014606123973,-1.0922208084404963,-1.5859354216609014,-1.3155881680242967
55011,WI,Buffalo County,0.029763769095152687,-1.1330236468851356,0.16443184314576087,-0.5468380487627831,81.71721168300003,0.03714396879402299,-1.1637993376191411,0.2638653781339721,-0.7604340729337407,-0.48868106496824415
55013,WI,Burnett County,0.09796341709514365,-0.38924412205265624,0.10996253869314887,-0.1375717307403932,79.17672197499999,0.11345996620554287,-0.37186660708003266,0.18184171407155694,-0.18090367583628825,-0.07751242342517185
55015,WI,Calumet County,-1.064155041536101,-1.218945177472349,0.3754918836233243,-1.1361524213141572,81.220724035,-1.18696066471609,-1.2552835342906707,0.5816942549868551,-1.5949166025252666,-1.0402883432844803
55017,WI,Chippewa County,-0.2518205407292131,-1.240120604881102,-0.4445677726545698,-0.8765790655771117,78.831804053,-0.2779513152708414,-1.2778298850414842,-0.6532085665866646,-1.2273548382122341,-1.0345315713676482
55019,WI,Clark County,0.46389978483235916,-0.279574572419592,0.8802945950369979,0.172373724721074,76.81791552700001,0.5229459344178425,-0.2550969152584298,1.3418612597778612,0.25798612518639974,0.5622808879301063
55021,WI,Columbia County,-0.5603935179553748,-1.011292406991637,-0.3054669215398657,-0.7711030316661789,78.54410088500002,-0.6232471521534579,-1.0341870668020834,-0.44374083797715436,-1.0779983797769637,-0.9571086922532545
55023,WI,Crawford County,0.317968647145281,-0.6780098400872074,-0.4936273852265923,-0.29624100587366003,78.666662435,0.3596477261046752,-0.6793273745980608,-0.727085940661465,-0.4055829713851502,-0.43723799885324877
55025,WI,Dane County,-2.199151791348249,-0.6980820083722193,-1.1571143729318631,-1.2508776907699313,80.76954610199999,-2.457031868320526,-0.7006990398658969,-1.7262107566698546,-1.7573701884594495,-1.999405640905134
55027,WI,Dodge County,-0.12282316249433473,-0.8436653445265332,-0.37231836620330566,-0.9678356642347109,76.727974453,-0.13360213060251092,-0.8557076211355222,-0.5444103892825445,-1.3565762535325832,-0.8701405750540403
55029,WI,Door County,-0.8180253498834795,-1.2819895368885712,-0.45678884524499186,-0.5300854827002719,80.227428057,-0.9115394057814087,-1.3224094634547234,-0.6716119070132212,-0.7367120590882785,-1.096527465285915
55031,WI,Douglas County,-0.2992861123730045,-0.8363110568574953,-0.39883573838101355,-0.6730340879227926,76.41201405100001,-0.33106570147272285,-0.8478772077933117,-0.58434209116823,-0.9391305291677104,-0.8135779456370839
55033,WI,Dunn County,-0.5212059227571408,-1.0414809830530798,-0.6375792701614967,-0.752758834033868,79.82135191599998,-0.5793958933652525,-1.0663300885890985,-0.9438586931265617,-1.0520225794969473,-1.0963270883189908
55035,WI,Eau Claire County,-0.8787070348857795,-1.1169754950610018,-1.1424418595645989,-1.3992648656726236,78.748994752,-0.9794427374168272,-1.1467122086113146,-1.7041158663553508,-1.9674897966672813,-1.7454496223613212
55037,WI,Florence County,0.15947692479244352,-1.040652078210293,0.2195074122401312,-0.638981765927048,77.806456979,0.18229411464867365,-1.0654475194223108,0.34680199762712477,-0.8909116681980556,-0.42968586732978326
55039,WI,Fond du Lac County,-0.2220382088264723,-0.9335097306459575,-0.6066105345015214,-1.148627759190373,77.84919307100002,-0.24462462765510917,-0.9513686438548433,-0.8972238187557775,-1.6125819641613364,-1.1156524037917581
55043,WI,Grant County,-0.10966387208463765,-0.6708695032831564,-0.260378073995487,-0.5738509256618257,78.02084534699999,-0.11887677054135616,-0.6717247635642674,-0.3758429178346433,-0.7986849198436258,-0.59161365071141
55045,WI,Green County,-0.5764174920137075,-0.8515913218708879,-0.6242855858043057,-0.7765245178697554,79.19321965500002,-0.6411781180546036,-0.8641467360492053,-0.9238401393590051,-1.085675327314692,-1.0581631640644573
55047,WI,Green Lake County,-0.109902526954138,-0.71608955896448,-0.24128710624711758,-0.9138026597910679,76.86789187599999,-0.11914382740949479,-0.7198724215398037,-0.3470944118466333,-1.280064292634106,-0.7424563433028959
55049,WI,Iowa County,-0.7404632762890162,-0.9842497391301448,-0.3570584981095859,-0.4884242141963425,79.694649117,-0.8247467729562662,-1.0053936232000469,-0.5214310194019361,-0.6777187571319105,-0.9119854620576653
55051,WI,Iron County,0.17874153216629599,-1.1557734962936672,-0.0122433224266289,0.03382131861268009,79.01612317800002,0.20385137732658462,-1.1880220403958943,-0.0021843644635094117,0.06179277285093518,-0.27834485538516196
55053,WI,Jackson County,0.27747506277953693,-0.15063381473195267,-0.5200137033392783,-0.15286736846187815,76.41603539,0.3143350541149357,-0.11780837355468717,-0.766820292228262,-0.2025626460770448,-0.2326728808214031
55055,WI,Jefferson County,-0.6889202801727341,-1.2520452257165362,-0.34581200378128,-1.0375383495618882,78.037468907,-0.7670697134178843,-1.2905265205679541,-0.5044952666521031,-1.4552768382804537,-1.2094521528027498
55057,WI,Juneau County,0.3028278015163469,-0.4402207761860149,-0.47262611865054127,0.37284802279035345,76.03598122,0.34270498857286114,-0.4261435528062154,-0.6954607739399423,0.541862282230837,-0.07136138721121567
55059,WI,Kenosha County,-0.7558010370105392,-0.6151923591443053,-0.5407383049610355,-0.9847906718532687,76.73401789,-0.841909860183966,-0.6124430123000997,-0.7980288376344055,-1.3805849292170445,-1.0937257807403067
55061,WI,Kewaunee County,-0.3177853656238132,-1.017335785798191,-0.19283243406966294,-0.536634147108782,79.91635066800002,-0.35176652625123134,-1.0406217014218446,-0.27412799905912055,-0.7459851165523287,-0.7262975901434424
55063,WI,La Crosse County,-0.8620117296506726,-1.3050237940831328,-1.2105072148086946,-1.5204616889857365,78.857685737,-0.9607605461083454,-1.346934986929086,-1.806613408575443,-2.1391072497745647,-1.882627391114794
55065,WI,Lafayette County,-0.06756309420963003,-1.0081174216715971,0.20740830513113515,-0.14871958593003695,79.44292422700002,-0.07176563508018073,-1.030806529008324,0.32858232129865494,-0.19668929185291267,-0.29222861087974705
55067,WI,Langlade County,0.6053655070891711,-0.7359628324151428,-0.39478619538541065,-0.20765339104122996,76.703692373,0.6812473041488282,-0.7410323152758923,-0.5782440078970068,-0.28014089774999285,-0.27642040480163965
55069,WI,Lincoln County,0.14044755887826557,-0.5864531941923214,-0.2540381595657822,-0.8379390037714436,75.864859716,0.1610000892037115,-0.5818432382891594,-0.3662958340855019,-1.1726396335251876,-0.5900027747065107
55071,WI,Manitowoc County,-0.14444073472475885,-0.9088400139062605,-0.5075610925146135,-0.9985680550092262,78.003617118,-0.15779238135542697,-0.9251017791630586,-0.7480682854375212,-1.4000940165270317,-0.9727283795514393
55073,WI,Marathon County,-0.5446920229473913,-1.1850238662953405,-0.8098671506404657,-1.0357982488835178,78.40255956500002,-0.6056770431055868,-1.2191661155032611,-1.2033017569300837,-1.4528128162177578,-1.349018441448254
55075,WI,Marinette County,0.31568011535922924,-0.9642787317738005,-0.4259814753157879,-0.2895561390344987,76.02339023199998,0.35708683919422474,-0.9841296681444294,-0.6252200283741612,-0.39611704818735893,-0.496254377783716
55077,WI,Marquette County,0.509937768310805,-0.8028270862994574,0.2024371229476799,-0.1395807853652473,74.87662510199999,0.5744628370853332,-0.8122254435970729,0.321096369687807,-0.1837485427927439,-0.0302304546496478
55078,WI,Menominee County,0.20080609942331631,1.101039414994684,-1.1706806130032525,0.8233695573033488,62.955563473999995,0.22854181938976498,1.2148997280610114,-1.7466397437734775,1.1798110024159811,0.2639093944244661
55079,WI,Milwaukee County,-0.4215844263189476,0.2437836228930455,-0.8256211648853569,-0.857224608723966,74.340074598,-0.4679185751200044,0.3021441364595593,-1.2270252464264784,-1.199948487941564,-0.7805619487679243
55081,WI,Monroe County,0.006104379635673174,-0.07174619383506488,-0.5336193575125714,-0.6049419820225448,76.905849539,0.010668906858981649,-0.03381347058034506,-0.7873086318256675,-0.8427105614502264,-0.49769458415509
55083,WI,Oconto County,-0.0620884013300797,-0.8625044976605057,0.06583812595683819,-0.2885639774625223,78.480861838,-0.06563940628168775,-0.8757664443275045,0.11539610688773058,-0.39471212487832463,-0.36750543325805746
55085,WI,Oneida County,-0.3375222871994995,-0.7320033000359173,-0.8235796433574775,-0.8318998185647036,77.92837742799999,-0.3738523126160179,-0.73681643787668,-1.2239509814315095,-1.16408801017656,-1.053306357228544
55087,WI,Outagamie County,-0.9201277432921279,-1.2855902143066196,-0.9289373593809247,-1.475360824805954,79.0206435,-1.025792869246285,-1.3262432531790478,-1.3826059521959868,-2.0752434022587334,-1.7490998844885224
55089,WI,Ozaukee County,-2.170479785220128,-1.4643095267147634,-1.1923719504304109,-1.5614187624063702,81.037064517,-2.4249476448732574,-1.5165330747593484,-1.7793040671400009,-2.197103395507014,-2.3837263849915713
55093,WI,Pierce County,-1.001288144493992,-1.2744380202993413,-0.28571495823613197,-0.9601923669311269,79.78784354400001,-1.116612061862062,-1.314369052348264,-0.4139969589451004,-1.3457531710397854,-1.2616440658449173
55095,WI,Polk County,-0.3515565692299778,-1.0172119300853388,-0.6358149072482664,-0.28597502929149826,77.751527616,-0.38955679588711434,-1.0404898271370637,-0.9412017928350426,-0.3910461154962962,-0.8316048681069311
55097,WI,Portage County,-0.8229194984281167,-0.9070440218012582,-0.5117394280229066,-1.0173560566642277,79.319816019,-0.9170160004357415,-0.9231895123094349,-0.7543603134249626,-1.4266982533779982,-1.2106249882248241
55099,WI,Price County,0.5653692293551293,-0.5691354120664833,-0.06291493338195464,-0.197054581928616,78.390994078,0.6364911225916746,-0.5634042815447058,-0.07848919773188662,-0.26513274344236853,-0.08144616864923736
55101,WI,Racine County,-0.5766069137133261,-0.4754553687939963,-0.48827108318867063,-0.9962634676278498,75.83146803199999,-0.6413900825787867,-0.46365927648757976,-0.7190200488093387,-1.3968306684784346,-0.9696707403130123
55103,WI,Richland County,0.156742498234587,-0.7944194300658417,-0.5076894149650801,0.49730421546191894,78.478652867,0.17923426762260986,-0.8032734653075104,-0.7482615223013754,0.7180950763408168,-0.196952421917014
55105,WI,Rock County,-0.3356319835687635,-0.6170337408176765,-0.6170457740792575,-0.8513824037887885,76.310749147,-0.371737046464054,-0.6144036072988474,-0.9129379277229612,-1.1916757931291293,-0.9304896182780793
55107,WI,Rusk County,0.4536713338552,-0.3263080125553385,-0.10142726823286216,0.3633417708722316,76.329843746,0.5115002090924443,-0.304855936068425,-0.13648374801696192,0.5284012137128159,0.18020050003057805
55109,WI,St. Croix County,-1.6820016263138435,-1.4740856211235727,-0.5410503082449087,-1.2387957123388886,79.764712155,-1.87833634989002,-1.5269420856028777,-0.7984986738623502,-1.74026183272742,-1.7894875670725232
55111,WI,Sauk County,-0.4399338921960298,-1.1511759478389822,-0.7420134906091895,-0.8350452015635471,77.67151954,-0.4884517865286375,-1.183126840971946,-1.1011230000734993,-1.1685419439064393,-1.1865343478886674
55113,WI,Sawyer County,-0.045657729586176976,-0.638762683621666,-0.5688078327258321,-0.3159828702206663,74.89585362100001,-0.04725334214426905,-0.6375393087156983,-0.8402978832722722,-0.4335378994616861,-0.5896565053799938
55115,WI,Shawano County,0.13407093139756585,-0.34770502958262495,-0.47462055571433515,-0.36376172881722113,77.574552943,0.15386458776664586,-0.3276382224235479,-0.698464135876693,-0.5011938478649691,-0.4134795934710657
55117,WI,Sheboygan County,-0.4014372330069453,-1.0121118502756976,-0.5783478546401848,-1.247394083960788,78.10522893599999,-0.44537369112517255,-1.0350595618571392,-0.8546639112675758,-1.7524373221361482,-1.2305760804462533
55119,WI,Taylor County,0.3858005670159538,-0.5918509376831795,0.0017698282974092233,-0.11646694378896028,79.234309108,0.43555223255123887,-0.587590438364918,0.018917611759529628,-0.15101881841210138,-0.08554182616870483
55121,WI,Trempealeau County,-0.032877561410514594,-0.9378112423069613,0.26337960023705775,-1.1197474336776951,79.36569794,-0.03295222315003659,-0.955948640697203,0.41286778726968854,-1.5716867676214876,-0.646583576621471
55123,WI,Vernon County,-0.16822575609833912,-0.7612391155417212,-0.21358041403854838,-0.3283808727004517,77.76736906600001,-0.18440802649159158,-0.7679450162121264,-0.3053717492050795,-0.4510937524208151,-0.5144497822535096
55125,WI,Vilas County,-0.36852118398223466,-0.642323237656403,-0.5324159905979372,-0.9917564262146781,76.46180509900002,-0.4085403468802344,-0.6413303774192854,-0.7854965182960069,-1.3904485955227823,-0.9711506590425804
55127,WI,Walworth County,-0.7885563953799615,-1.0186659429085625,-0.30757307588385396,-0.9638913369157653,78.04246395300001,-0.8785633901924282,-1.0420379745475397,-0.4469124315583646,-1.3509909965085596,-1.1194775403836812
55129,WI,Washburn County,0.1131923849840519,-0.7095721626919405,-0.4863028557607375,-0.310113914280571,75.947764176,0.13050131331029913,-0.7129330809774507,-0.7160561551637411,-0.42522732461901164,-0.5189345215501185
55131,WI,Washington County,-1.3574256463418206,-1.3960662991287218,-0.6524675703514,-1.6023759464830092,79.56033855999999,-1.5151330141867374,-1.4438716962746583,-0.9662785302349912,-2.2550996979308784,-1.8606403047126638
55133,WI,Waukesha County,-2.2343365475422132,-1.4660078044273948,-1.1764566210840555,-1.6696304747774926,80.33807271999999,-2.4964039155578357,-1.5183413010700697,-1.7553376581530113,-2.3503336367447036,-2.4446987189040916
55135,WI,Waupaca County,-0.04300146261076909,-0.9492647197796679,-0.30470047554977325,-0.8848209288012197,76.46476663300001,-0.0442809563686187,-0.968143630457336,-0.4425866703400768,-1.2390255036365725,-0.8110554684561729
55137,WI,Waushara County,0.36229979533746515,-0.6869612445402086,-0.26981143467865665,-0.308366275918423,77.607972688,0.40925466528836246,-0.6888583040387734,-0.3900483279354657,-0.4227526290249732,-0.3288747703850869
55139,WI,Winnebago County,-0.5694070413572188,-0.8837375160783179,-0.8077940876986858,-1.2395444481522233,77.93312677700001,-0.6333333629885034,-0.8983741146004827,-1.2001799946820504,-1.7413220596361958,-1.3466858007248508
55141,WI,Wood County,0.04447053553889749,-0.8045515053325701,-0.9473742272354883,-0.7104974998740006,77.068580189,0.053600967954089106,-0.8140615036496727,-1.4103694691063509,-0.9921795709496468,-0.9522424677042217
56001,WY,Albany County,-1.4609385976535518,-1.4935862002308284,-0.44302225627336467,-0.3204321785617904,78.53538694599999,-1.630964904174878,-1.5477051563031383,-0.6508812206121035,-0.4398382210767172,-1.2853245928500932
56003,WY,Big Horn County,0.15096639501976378,-0.6442407408783856,0.41920161455515187,0.7677961733391728,76.08134200599999,0.17277075804568098,-0.6433720221697835,0.6475154054906203,1.101117829148187,0.3847589734592041
56005,WY,Campbell County,-0.777441411661955,-0.8319861100342422,-0.1540884413893246,0.013176894877491047,76.54071952900001,-0.8661256270436716,-0.843272258567334,-0.21578460231511545,0.032559800191680935,-0.5697850908886358
56007,WY,Carbon County,-0.003505150297788709,-0.24560135121798457,0.03631934368883888,0.5907763283675149,75.774670843,-8.424045239592674e-5,-0.21892422572727102,0.0709446731010477,0.8504537101308431,0.21145857825784317
56009,WY,Converse County,-0.4463547146005234,-0.8270064394011566,-0.09362575198817338,-0.00864535906940242,77.238739694,-0.49563674246860406,-0.8379701979028743,-0.12473568267883108,0.0016589932146632096,-0.4385430967307262
56011,WY,Crook County,-0.2278786901288896,-1.2133467669843092,0.43183546532573147,0.13592807915817423,76.790998092,-0.25116017687022196,-1.24932267578832,0.6665403359874336,0.20637826371467993,-0.18893187597643876
56013,WY,Fremont County,0.0026969697747603605,-0.7431859365377952,-0.2636358830181841,0.28014950514207454,70.518910676,0.006855985681947949,-0.7487230520867889,-0.3807487530668462,0.4105990768866012,-0.2143567901924032
56015,WY,Goshen County,-0.06043752406633825,-1.1426444638651316,-0.498644567080734,0.8931915956301746,75.842428275,-0.06379206031024745,-1.1740430181812018,-0.7346411617732418,1.278680593720793,-0.20887122303144595
56017,WY,Hot Springs County,-0.3310171100352961,-0.6216682997091189,-0.5828429659060945,0.02948524015354323,73.04492368100004,-0.3665729629685697,-0.6193382132609716,-0.8614329622055941,0.05565278731923594,-0.539399123742935
56019,WY,Johnson County,-0.4030540769844975,-0.5621583334938418,-0.6066406046060412,0.30482875594400455,79.34248632799999,-0.44718295355429427,-0.5559754982820012,-0.8972691004089258,0.4455454562671972,-0.4380007344630346
56021,WY,Laramie County,-0.8022714765137828,-1.1556758098739142,-0.6013145339840406,0.03202104771484789,76.00439133699999,-0.8939106848926536,-1.1879180296365917,-0.8892487331238663,0.059243548391553685,-0.8766245663732388
56023,WY,Lincoln County,-0.5994458036396071,-1.2324581686466602,0.22785634107472497,-0.16821399754695043,79.05479510299999,-0.6669469984223447,-1.2696713732148914,0.35937439488630973,-0.22429382124619882,-0.5423634539644359
56025,WY,Natrona County,-0.40242914484403625,-0.8452401001160549,-0.47018729662744496,-0.3158544206565244,74.87356770599999,-0.4464836490708778,-0.8573843283482174,-0.6917882262483428,-0.4333560119629204,-0.7312682844932407
56027,WY,Niobrara County,0.41864940015003593,-0.7826739113564474,0.15662152864530385,1.3764462156461075,78.264533377,0.4723103616317936,-0.7907675272000803,0.2521040637708588,1.9629801060537153,0.5709906137158395
56029,WY,Park County,-0.6456246487081804,-1.222058059738532,-0.5328833588672552,-0.06414361760865067,78.126106662,-0.7186215264304759,-1.258597948402111,-0.7862003139163334,-0.07692780074600684,-0.8551031961753411
56031,WY,Platte County,-0.0435322343190826,-0.9292494021256505,-0.06230926302131426,0.2303129977851235,75.13886672199999,-0.04487489451207902,-0.9468324964006092,-0.07757713721095691,0.34002945112779664,-0.21954649123670522
56033,WY,Sheridan County,-0.6780422135212011,-1.5751052633479348,-0.5256389120847365,-0.07240875139119174,78.16052997000001,-0.7548970625206123,-1.634501864319348,-0.7752911224886306,-0.08863141780935276,-0.979431388969612
56035,WY,Sublette County,-0.7964124159461147,-1.2731009980889938,0.26332044691585765,0.1999787866269785,80.189299958,-0.8873543453186405,-1.3129454696675356,0.4127787100876857,0.2970755195092264,-0.4487073302244734
56037,WY,Sweetwater County,-0.34963207055349566,-1.1303454017878836,-0.1648601595821426,0.036032376625035833,74.630018279,-0.38740326518248513,-1.160947699624135,-0.2320054041649239,0.06492368118978345,-0.5164410086888979
56039,WY,Teton County,-2.8825429876116586,-1.489500664203136,-0.6855519198385804,-1.2046926752357936,87.57692817299998,-3.221752542026947,-1.5433551176235243,-1.016099242934213,-1.6919711580144703,-2.249843810961922
56041,WY,Uinta County,-0.2737349992472973,-0.9698998929912601,-0.4461490211012368,0.14318998155694992,74.94611867300002,-0.3024737843536905,-0.9901147502865412,-0.6555897203886462,0.2166612823642019,-0.5212832763967108
56043,WY,Washakie County,0.09921642423628702,-0.8709620919392123,-0.6001381763503612,0.2556476289655208,76.072057385,0.11486209206021188,-0.8847715937129175,-0.8874772920465138,0.3759038640021293,-0.3857979048342383
56045,WY,Weston County,-0.024877841741477225,-1.1887129782542551,0.15771393687070034,0.1560410287979807,77.998806693,-0.024000467481807605,-1.2230940651299276,0.2537490879950417,0.2348586569898491,-0.22834686809293428
