"","county_fips","rural","RUCC_2023","Population_2020","avg_county_collectivism_score","county_collectivism_score","location"
"1",1001,0,2,58805,34.3218569236812,34.9926248375025,"Alabama Autauga"
"2",1003,0,3,231767,34.3218569236812,32.0175086988589,"Alabama Baldwin"
"3",1005,1,6,25223,34.3218569236812,32.6434118446218,"Alabama Barbour"
"4",1007,0,1,22293,34.3218569236812,36.7474914326301,"Alabama Bibb"
"5",1009,0,1,59134,34.3218569236812,38.7346383728751,"Alabama Blount"
"6",1011,1,8,10357,34.3218569236812,34.695306362291,"Alabama Bullock"
"7",1013,1,6,19051,34.3218569236812,35.5049707587357,"Alabama Butler"
"8",1015,0,3,116441,34.3218569236812,35.9751799518766,"Alabama Calhoun"
"9",1017,1,6,34772,34.3218569236812,39.8157831386821,"Alabama Chambers"
"10",1019,1,8,24971,34.3218569236812,32.071538024072,"Alabama Cherokee"
"11",1021,0,1,45014,34.3218569236812,40.3852913981638,"Alabama Chilton"
"12",1023,1,9,12665,34.3218569236812,36.4073111236918,"Alabama Choctaw"
"13",1025,1,9,23087,34.3218569236812,36.1084738635897,"Alabama Clarke"
"14",1027,1,9,14236,34.3218569236812,37.216842310679,"Alabama Clay"
"15",1029,1,8,15056,34.3218569236812,38.9017691078054,"Alabama Cleburne"
"16",1031,1,4,53465,34.3218569236812,34.7742896049112,"Alabama Coffee"
"17",1033,0,3,57227,34.3218569236812,32.1936888938557,"Alabama Colbert"
"18",1035,1,9,11597,34.3218569236812,26.6582925221877,"Alabama Conecuh"
"19",1037,1,8,10387,34.3218569236812,35.7141754740895,"Alabama Coosa"
"20",1039,1,6,37570,34.3218569236812,33.4040825807601,"Alabama Covington"
"21",1041,1,8,13194,34.3218569236812,36.427687849796,"Alabama Crenshaw"
"22",1043,1,4,87866,34.3218569236812,37.8466698128646,"Alabama Cullman"
"23",1045,1,4,49326,34.3218569236812,31.1931494367188,"Alabama Dale"
"24",1047,1,4,38462,34.3218569236812,27.9787598769138,"Alabama Dallas"
"25",1049,1,6,71608,34.3218569236812,39.0247002596605,"Alabama DeKalb"
"26",1051,0,2,87977,34.3218569236812,36.1257512841177,"Alabama Elmore"
"27",1053,1,6,36757,34.3218569236812,28.8710620961264,"Alabama Escambia"
"28",1055,0,3,103436,34.3218569236812,34.8967058678071,"Alabama Etowah"
"29",1057,1,8,16321,34.3218569236812,34.3670379835002,"Alabama Fayette"
"30",1059,1,6,32113,34.3218569236812,35.0128731758165,"Alabama Franklin"
"31",1061,0,3,26659,34.3218569236812,32.7655937220571,"Alabama Geneva"
"32",1063,0,2,7730,34.3218569236812,19.1207907702511,"Alabama Greene"
"33",1065,0,2,14785,34.3218569236812,29.0875206725587,"Alabama Hale"
"34",1067,0,3,17146,34.3218569236812,31.2558070377275,"Alabama Henry"
"35",1069,0,3,107202,34.3218569236812,36.3894427271242,"Alabama Houston"
"36",1071,1,6,52579,34.3218569236812,34.0748631376742,"Alabama Jackson"
"37",1073,0,1,674721,34.3218569236812,35.8470037899292,"Alabama Jefferson"
"38",1075,1,8,13972,34.3218569236812,35.5623967911027,"Alabama Lamar"
"39",1077,0,3,93564,34.3218569236812,36.3029548697919,"Alabama Lauderdale"
"40",1079,0,3,33073,34.3218569236812,33.9226507548907,"Alabama Lawrence"
"41",1081,0,3,174241,34.3218569236812,34.5159329396648,"Alabama Lee"
"42",1083,0,2,103570,34.3218569236812,35.3153749536193,"Alabama Limestone"
"43",1085,0,2,10311,34.3218569236812,26.8155167968402,"Alabama Lowndes"
"44",1087,0,3,19532,34.3218569236812,33.7115565004381,"Alabama Macon"
"45",1089,0,2,388153,34.3218569236812,33.148438931848,"Alabama Madison"
"46",1091,1,6,19323,34.3218569236812,32.2254700398023,"Alabama Marengo"
"47",1093,1,9,29341,34.3218569236812,30.6824035090231,"Alabama Marion"
"48",1095,1,4,97612,34.3218569236812,37.4505779829981,"Alabama Marshall"
"49",1097,0,2,414809,34.3218569236812,35.9622492245162,"Alabama Mobile"
"50",1099,1,8,19772,34.3218569236812,30.0565518173602,"Alabama Monroe"
"51",1101,0,2,228954,34.3218569236812,34.9560728391207,"Alabama Montgomery"
"52",1103,0,3,123421,34.3218569236812,35.621080246721,"Alabama Morgan"
"53",1105,1,8,8511,34.3218569236812,28.8653455073756,"Alabama Perry"
"54",1107,0,2,19123,34.3218569236812,32.0128518197923,"Alabama Pickens"
"55",1109,1,6,33009,34.3218569236812,28.8756387910518,"Alabama Pike"
"56",1111,1,8,21967,34.3218569236812,32.3608722730509,"Alabama Randolph"
"57",1113,0,2,59183,34.3218569236812,34.0389878593755,"Alabama Russell"
"58",1115,0,1,91103,34.3218569236812,39.0806029073253,"Alabama St. Clair"
"59",1117,0,1,223024,34.3218569236812,36.2011916531417,"Alabama Shelby"
"60",1119,1,8,12345,34.3218569236812,33.0199367998302,"Alabama Sumter"
"61",1121,1,4,82149,34.3218569236812,38.2528306566677,"Alabama Talladega"
"62",1123,1,6,41311,34.3218569236812,35.3015328865804,"Alabama Tallapoosa"
"63",1125,0,2,227036,34.3218569236812,36.8294198946698,"Alabama Tuscaloosa"
"64",1127,0,1,65342,34.3218569236812,37.0548473802899,"Alabama Walker"
"65",1129,1,8,15388,34.3218569236812,39.8850545112765,"Alabama Washington"
"66",1131,1,9,10600,34.3218569236812,35.5537784854392,"Alabama Wilcox"
"67",1133,1,8,23540,34.3218569236812,40.7342044605103,"Alabama Winston"
"68",2013,1,9,3420,NA,NA,NA
"69",2016,1,9,5232,NA,NA,NA
"70",2020,0,2,291247,NA,NA,NA
"71",2050,1,7,18666,NA,NA,NA
"72",2060,1,9,844,NA,NA,NA
"73",2063,1,9,7102,NA,NA,NA
"74",2066,1,9,2617,NA,NA,NA
"75",2068,1,9,1619,NA,NA,NA
"76",2070,1,9,4857,NA,NA,NA
"77",2090,0,3,95655,NA,NA,NA
"78",2100,1,9,2080,NA,NA,NA
"79",2105,1,9,2365,NA,NA,NA
"80",2110,1,5,32255,NA,NA,NA
"81",2122,1,7,58799,NA,NA,NA
"82",2130,1,7,13948,NA,NA,NA
"83",2150,1,7,13101,NA,NA,NA
"84",2158,1,9,8368,NA,NA,NA
"85",2164,1,9,1476,NA,NA,NA
"86",2170,0,2,107081,NA,NA,NA
"87",2180,1,9,10046,NA,NA,NA
"88",2185,1,9,11031,NA,NA,NA
"89",2188,1,9,7793,NA,NA,NA
"90",2195,1,9,3398,NA,NA,NA
"91",2198,1,9,5753,NA,NA,NA
"92",2220,1,7,8458,NA,NA,NA
"93",2230,1,9,1240,NA,NA,NA
"94",2240,1,9,6808,NA,NA,NA
"95",2275,1,9,2127,NA,NA,NA
"96",2282,1,9,662,NA,NA,NA
"97",2290,1,8,5343,NA,NA,NA
"98",4001,1,8,66021,31.0682579246013,32.5247053500914,"Arizona Apache"
"99",4003,0,3,125447,31.0682579246013,22.114415005845,"Arizona Cochise"
"100",4005,0,3,145101,31.0682579246013,35.0048863682612,"Arizona Coconino"
"101",4007,1,4,53272,31.0682579246013,23.7861516108781,"Arizona Gila"
"102",4009,1,7,38533,31.0682579246013,37.4962115658066,"Arizona Graham"
"103",4011,1,9,9563,31.0682579246013,30.8338633813764,"Arizona Greenlee"
"104",4012,1,6,16557,31.0682579246013,22.7442484360816,"Arizona La Paz"
"105",4013,0,1,4420568,31.0682579246013,33.2004399237009,"Arizona Maricopa"
"106",4015,0,3,213267,31.0682579246013,23.2385357224111,"Arizona Mohave"
"107",4017,1,4,106717,31.0682579246013,38.0167524206906,"Arizona Navajo"
"108",4019,0,1,1043433,31.0682579246013,27.5686908940809,"Arizona Pima"
"109",4021,0,1,425264,31.0682579246013,36.1336769082415,"Arizona Pinal"
"110",4023,1,6,47669,31.0682579246013,43.9087368518434,"Arizona Santa Cruz"
"111",4025,0,3,236209,31.0682579246013,20.7941813663131,"Arizona Yavapai"
"112",4027,0,3,203881,31.0682579246013,38.6583730633975,"Arizona Yuma"
"113",5001,1,6,17149,33.3482804227826,32.9527562200821,"Arkansas Arkansas"
"114",5003,1,7,19062,33.3482804227826,32.524427632235,"Arkansas Ashley"
"115",5005,1,7,41627,33.3482804227826,24.2231831642157,"Arkansas Baxter"
"116",5007,0,2,284333,33.3482804227826,39.0011032413969,"Arkansas Benton"
"117",5009,1,7,37373,33.3482804227826,36.3496902844898,"Arkansas Boone"
"118",5011,1,7,10545,33.3482804227826,34.6575204877815,"Arkansas Bradley"
"119",5013,1,9,4739,33.3482804227826,37.6283179034344,"Arkansas Calhoun"
"120",5015,1,6,28260,33.3482804227826,32.2446222504829,"Arkansas Carroll"
"121",5017,1,9,10208,33.3482804227826,25.7402244395657,"Arkansas Chicot"
"122",5019,1,7,21446,33.3482804227826,39.1829184583203,"Arkansas Clark"
"123",5021,1,9,14552,33.3482804227826,27.9484757356964,"Arkansas Clay"
"124",5023,1,6,24711,33.3482804227826,31.9844910822578,"Arkansas Cleburne"
"125",5025,1,8,7550,33.3482804227826,30.1950967908269,"Arkansas Cleveland"
"126",5027,1,7,22801,33.3482804227826,34.8900089765797,"Arkansas Columbia"
"127",5029,1,6,20715,33.3482804227826,34.7667760852578,"Arkansas Conway"
"128",5031,0,3,111231,33.3482804227826,34.7233337614693,"Arkansas Craighead"
"129",5033,0,3,60133,33.3482804227826,33.5103670140648,"Arkansas Crawford"
"130",5035,0,1,48163,33.3482804227826,41.4092137071672,"Arkansas Crittenden"
"131",5037,1,6,16833,33.3482804227826,41.8994044694844,"Arkansas Cross"
"132",5039,1,8,6482,33.3482804227826,30.1622193423058,"Arkansas Dallas"
"133",5041,1,9,11395,33.3482804227826,35.3520309828349,"Arkansas Desha"
"134",5043,1,7,17350,33.3482804227826,34.5495804001734,"Arkansas Drew"
"135",5045,0,2,123498,33.3482804227826,37.6794383734958,"Arkansas Faulkner"
"136",5047,1,8,17097,33.3482804227826,28.2239590694118,"Arkansas Franklin"
"137",5049,1,9,12075,33.3482804227826,28.1508662822594,"Arkansas Fulton"
"138",5051,0,3,100180,33.3482804227826,30.9698834411184,"Arkansas Garland"
"139",5053,0,2,17958,33.3482804227826,37.1392911922841,"Arkansas Grant"
"140",5055,1,4,45736,33.3482804227826,31.8179840890512,"Arkansas Greene"
"141",5057,1,6,20065,33.3482804227826,35.9211101032249,"Arkansas Hempstead"
"142",5059,1,6,33040,33.3482804227826,35.5244876062154,"Arkansas Hot Spring"
"143",5061,1,8,12785,33.3482804227826,35.9758983609023,"Arkansas Howard"
"144",5063,1,7,37938,33.3482804227826,37.9012625605441,"Arkansas Independence"
"145",5065,1,9,13577,33.3482804227826,30.8000029370007,"Arkansas Izard"
"146",5067,1,6,16755,33.3482804227826,30.5532315987828,"Arkansas Jackson"
"147",5069,1,4,67260,33.3482804227826,32.9364282632541,"Arkansas Jefferson"
"148",5071,1,7,25749,33.3482804227826,35.131633778081,"Arkansas Johnson"
"149",5073,1,8,6308,33.3482804227826,33.6969047625375,"Arkansas Lafayette"
"150",5075,1,6,16216,33.3482804227826,32.4927905178498,"Arkansas Lawrence"
"151",5077,1,8,8600,33.3482804227826,27.2431677961715,"Arkansas Lee"
"152",5079,1,9,12941,33.3482804227826,27.0266777581423,"Arkansas Lincoln"
"153",5081,0,3,12026,33.3482804227826,34.2732082688468,"Arkansas Little River"
"154",5083,1,8,21131,33.3482804227826,42.0055112436954,"Arkansas Logan"
"155",5085,0,2,74015,33.3482804227826,36.8098577298272,"Arkansas Lonoke"
"156",5087,0,2,16521,33.3482804227826,30.507210542468,"Arkansas Madison"
"157",5089,1,9,16826,33.3482804227826,28.0078718502069,"Arkansas Marion"
"158",5091,0,3,42600,33.3482804227826,38.4565726151311,"Arkansas Miller"
"159",5093,1,4,40685,33.3482804227826,41.0271266705384,"Arkansas Mississippi"
"160",5095,1,9,6799,33.3482804227826,26.0882570862621,"Arkansas Monroe"
"161",5097,1,8,8484,33.3482804227826,30.7822354611176,"Arkansas Montgomery"
"162",5099,1,9,8310,33.3482804227826,39.8740121367495,"Arkansas Nevada"
"163",5101,1,9,7225,33.3482804227826,22.8800987365055,"Arkansas Newton"
"164",5103,1,7,22650,33.3482804227826,39.2783451612688,"Arkansas Ouachita"
"165",5105,0,2,10019,33.3482804227826,35.213366993936,"Arkansas Perry"
"166",5107,1,7,16568,33.3482804227826,35.371298609982,"Arkansas Phillips"
"167",5109,1,9,10171,33.3482804227826,34.2276647832776,"Arkansas Pike"
"168",5111,0,3,22965,33.3482804227826,34.9505387826219,"Arkansas Poinsett"
"169",5113,1,7,19221,33.3482804227826,30.4606974134293,"Arkansas Polk"
"170",5115,1,5,63381,33.3482804227826,35.6338310883861,"Arkansas Pope"
"171",5117,1,8,8282,33.3482804227826,21.5727838462634,"Arkansas Prairie"
"172",5119,0,2,399125,33.3482804227826,30.8362090022589,"Arkansas Pulaski"
"173",5121,1,7,18571,33.3482804227826,28.8860633830449,"Arkansas Randolph"
"174",5123,1,6,23090,33.3482804227826,30.0378752207718,"Arkansas St. Francis"
"175",5125,0,2,123416,33.3482804227826,37.2291942157893,"Arkansas Saline"
"176",5127,1,8,9836,33.3482804227826,35.102707155284,"Arkansas Scott"
"177",5129,1,9,7828,33.3482804227826,29.8918420912025,"Arkansas Searcy"
"178",5131,0,3,127799,33.3482804227826,33.4643911684157,"Arkansas Sebastian"
"179",5133,1,6,15839,33.3482804227826,45.6082806870406,"Arkansas Sevier"
"180",5135,1,9,17271,33.3482804227826,35.8011420410454,"Arkansas Sharp"
"181",5137,1,9,12359,33.3482804227826,28.6004010202521,"Arkansas Stone"
"182",5139,1,7,39054,33.3482804227826,34.5880582275474,"Arkansas Union"
"183",5141,1,8,15796,33.3482804227826,27.130298119924,"Arkansas Van Buren"
"184",5143,0,2,245871,33.3482804227826,34.4654827002289,"Arkansas Washington"
"185",5145,1,4,76822,33.3482804227826,36.2264782775831,"Arkansas White"
"186",5147,1,9,6269,33.3482804227826,25.0851059572634,"Arkansas Woodruff"
"187",5149,1,9,20263,33.3482804227826,35.6662325000815,"Arkansas Yell"
"188",6001,0,1,1682353,31.3996832532337,39.2324909531012,"California Alameda"
"189",6003,1,8,1204,31.3996832532337,24.5511488400436,"California Alpine"
"190",6005,1,6,40474,31.3996832532337,21.2112510366073,"California Amador"
"191",6007,0,3,211632,31.3996832532337,25.6371248473413,"California Butte"
"192",6009,1,6,45292,31.3996832532337,25.5954793728006,"California Calaveras"
"193",6011,1,6,21839,31.3996832532337,34.3944371452189,"California Colusa"
"194",6013,0,1,1165927,31.3996832532337,37.3825532925324,"California Contra Costa"
"195",6015,1,7,27743,31.3996832532337,25.7618016371999,"California Del Norte"
"196",6017,0,1,191185,31.3996832532337,25.995752955892,"California El Dorado"
"197",6019,0,1,1008654,31.3996832532337,40.213928712605,"California Fresno"
"198",6021,1,6,28917,31.3996832532337,36.8131075050693,"California Glenn"
"199",6023,1,5,136463,31.3996832532337,20.9699523768267,"California Humboldt"
"200",6025,0,3,179702,31.3996832532337,47.4532310860153,"California Imperial"
"201",6027,1,6,19016,31.3996832532337,23.5226610681245,"California Inyo"
"202",6029,0,2,909235,31.3996832532337,40.353362750126,"California Kern"
"203",6031,0,3,152486,31.3996832532337,43.6831392271294,"California Kings"
"204",6033,1,4,68163,31.3996832532337,21.6966873944697,"California Lake"
"205",6035,1,7,32730,31.3996832532337,24.7861909986491,"California Lassen"
"206",6037,0,1,10014009,31.3996832532337,38.149704977408,"California Los Angeles"
"207",6039,0,1,156255,31.3996832532337,42.5559822701622,"California Madera"
"208",6041,0,1,262321,31.3996832532337,21.2059561691465,"California Marin"
"209",6043,1,8,17131,31.3996832532337,28.1717858622236,"California Mariposa"
"210",6045,1,4,91601,31.3996832532337,19.9115229206119,"California Mendocino"
"211",6047,0,2,281202,31.3996832532337,43.104195489762,"California Merced"
"212",6049,1,8,8700,31.3996832532337,23.6177230480117,"California Modoc"
"213",6051,1,7,13195,31.3996832532337,26.7127998341338,"California Mono"
"214",6053,0,2,439035,31.3996832532337,41.9418263707844,"California Monterey"
"215",6055,0,3,138019,31.3996832532337,30.0644347246315,"California Napa"
"216",6057,1,4,102241,31.3996832532337,17.6300043326861,"California Nevada"
"217",6059,0,1,3186989,31.3996832532337,36.7035074893803,"California Orange"
"218",6061,0,1,404739,31.3996832532337,27.6145351814982,"California Placer"
"219",6063,1,9,19790,31.3996832532337,21.6694029829997,"California Plumas"
"220",6065,0,1,2418185,31.3996832532337,41.455900787489,"California Riverside"
"221",6067,0,1,1585055,31.3996832532337,32.7221502092632,"California Sacramento"
"222",6069,0,1,64209,31.3996832532337,46.8303347274003,"California San Benito"
"223",6071,0,1,2181654,31.3996832532337,43.3090625352572,"California San Bernardino"
"224",6073,0,1,3298634,31.3996832532337,33.8053600165426,"California San Diego"
"225",6075,0,1,873965,31.3996832532337,31.8328595814679,"California San Francisco"
"226",6077,0,2,779233,31.3996832532337,41.7849142451415,"California San Joaquin"
"227",6079,0,2,282424,31.3996832532337,26.3983845859494,"California San Luis Obispo"
"228",6081,0,1,764442,31.3996832532337,37.6703258402772,"California San Mateo"
"229",6083,0,2,448229,31.3996832532337,36.2120395881523,"California Santa Barbara"
"230",6085,0,1,1936259,31.3996832532337,41.9824857745357,"California Santa Clara"
"231",6087,0,2,270861,31.3996832532337,30.3368629500726,"California Santa Cruz"
"232",6089,0,3,182155,31.3996832532337,25.8588825315416,"California Shasta"
"233",6091,1,8,3236,31.3996832532337,16.4039655709305,"California Sierra"
"234",6093,1,7,44076,31.3996832532337,19.6366863525552,"California Siskiyou"
"235",6095,0,2,453491,31.3996832532337,36.2147724171982,"California Solano"
"236",6097,0,2,488863,31.3996832532337,25.3010391055905,"California Sonoma"
"237",6099,0,2,552878,31.3996832532337,38.6690204976655,"California Stanislaus"
"238",6101,0,3,99633,31.3996832532337,37.4381308106854,"California Sutter"
"239",6103,1,4,65829,31.3996832532337,30.7625764442359,"California Tehama"
"240",6105,1,8,16112,31.3996832532337,0,"California Trinity"
"241",6107,0,2,473117,31.3996832532337,47.0200827197964,"California Tulare"
"242",6109,1,4,55620,31.3996832532337,15.6855881487889,"California Tuolumne"
"243",6111,0,2,843843,31.3996832532337,36.6471638496667,"California Ventura"
"244",6113,0,1,216403,31.3996832532337,34.7167972847195,"California Yolo"
"245",6115,0,3,81575,31.3996832532337,34.1785592594365,"California Yuba"
"246",8001,0,1,519572,24.9399709263627,34.6929914856592,"Colorado Adams"
"247",8003,1,7,16376,24.9399709263627,25.020741344041,"Colorado Alamosa"
"248",8005,0,1,655070,24.9399709263627,28.192728720396,"Colorado Arapahoe"
"249",8007,1,7,13359,24.9399709263627,23.4590330531107,"Colorado Archuleta"
"250",8009,1,9,3506,24.9399709263627,15.25439591664,"Colorado Baca"
"251",8011,1,9,5650,24.9399709263627,17.7770522304882,"Colorado Bent"
"252",8013,0,2,330758,24.9399709263627,23.7667899526174,"Colorado Boulder"
"253",8014,0,1,74112,NA,NA,NA
"254",8015,1,6,19476,24.9399709263627,18.4008405912038,"Colorado Chaffee"
"255",8017,1,9,1748,24.9399709263627,28.6134442009405,"Colorado Cheyenne"
"256",8019,0,1,9397,24.9399709263627,10.2968888081267,"Colorado Clear Creek"
"257",8021,1,9,7461,24.9399709263627,29.2896508200259,"Colorado Conejos"
"258",8023,1,9,3499,24.9399709263627,30.540897939507,"Colorado Costilla"
"259",8025,1,8,5922,24.9399709263627,17.2514870896279,"Colorado Crowley"
"260",8027,1,8,4704,24.9399709263627,24.0438417412621,"Colorado Custer"
"261",8029,1,6,31196,24.9399709263627,20.5582726503219,"Colorado Delta"
"262",8031,0,1,715522,24.9399709263627,23.5661517402942,"Colorado Denver"
"263",8033,1,9,2326,24.9399709263627,22.2360211474098,"Colorado Dolores"
"264",8035,0,1,357978,24.9399709263627,33.0027428743445,"Colorado Douglas"
"265",8037,1,5,55731,24.9399709263627,26.7903158720118,"Colorado Eagle"
"266",8039,0,1,26062,24.9399709263627,38.1523396443091,"Colorado Elbert"
"267",8041,0,2,730395,24.9399709263627,29.9216613813997,"Colorado El Paso"
"268",8043,1,4,48939,24.9399709263627,21.1879612599343,"Colorado Fremont"
"269",8045,1,5,61685,24.9399709263627,35.3648583299826,"Colorado Garfield"
"270",8047,0,1,5808,24.9399709263627,19.5064483532738,"Colorado Gilpin"
"271",8049,1,9,15717,24.9399709263627,18.9692681476879,"Colorado Grand"
"272",8051,1,7,16918,24.9399709263627,28.9755001451583,"Colorado Gunnison"
"273",8053,1,9,788,24.9399709263627,17.968836954585,"Colorado Hinsdale"
"274",8055,1,8,6820,24.9399709263627,14.1194221447778,"Colorado Huerfano"
"275",8057,1,9,1379,24.9399709263627,19.5475124632606,"Colorado Jackson"
"276",8059,0,1,582910,24.9399709263627,23.8796670713995,"Colorado Jefferson"
"277",8061,1,9,1446,24.9399709263627,39.9342388642349,"Colorado Kiowa"
"278",8063,1,9,7087,24.9399709263627,29.3507354628629,"Colorado Kit Carson"
"279",8065,1,9,7436,24.9399709263627,24.3758757687251,"Colorado Lake"
"280",8067,1,6,55638,24.9399709263627,18.9970051482897,"Colorado La Plata"
"281",8069,0,2,359066,24.9399709263627,25.7017445456205,"Colorado Larimer"
"282",8071,1,7,14555,24.9399709263627,22.6532684506297,"Colorado Las Animas"
"283",8073,1,8,5675,24.9399709263627,17.8420827131602,"Colorado Lincoln"
"284",8075,1,6,21528,24.9399709263627,29.331796872304,"Colorado Logan"
"285",8077,0,3,155703,24.9399709263627,22.0883329420009,"Colorado Mesa"
"286",8079,1,9,865,24.9399709263627,23.7835184275375,"Colorado Mineral"
"287",8081,1,7,13292,24.9399709263627,33.326764810025,"Colorado Moffat"
"288",8083,1,6,25849,24.9399709263627,26.4246510507942,"Colorado Montezuma"
"289",8085,1,5,42679,24.9399709263627,24.3966455310319,"Colorado Montrose"
"290",8087,1,6,29111,24.9399709263627,34.3051360624119,"Colorado Morgan"
"291",8089,1,6,18690,24.9399709263627,26.3118710384164,"Colorado Otero"
"292",8091,1,9,4874,24.9399709263627,21.9849283341366,"Colorado Ouray"
"293",8093,0,1,17390,24.9399709263627,30.758042232758,"Colorado Park"
"294",8095,1,9,4530,24.9399709263627,24.7227450761681,"Colorado Phillips"
"295",8097,1,7,17358,24.9399709263627,14.0941511001819,"Colorado Pitkin"
"296",8099,1,7,11999,24.9399709263627,26.9782940598408,"Colorado Prowers"
"297",8101,0,3,168162,24.9399709263627,24.8547322019286,"Colorado Pueblo"
"298",8103,1,9,6529,24.9399709263627,25.0886351696439,"Colorado Rio Blanco"
"299",8105,1,9,11539,24.9399709263627,25.2921451546648,"Colorado Rio Grande"
"300",8107,1,7,24829,24.9399709263627,25.1000930629193,"Colorado Routt"
"301",8109,1,9,6368,24.9399709263627,28.8191589911602,"Colorado Saguache"
"302",8111,1,9,705,24.9399709263627,28.0608858502722,"Colorado San Juan"
"303",8113,1,9,8072,24.9399709263627,17.316649164515,"Colorado San Miguel"
"304",8115,1,9,2404,24.9399709263627,24.3853029646472,"Colorado Sedgwick"
"305",8117,1,5,31055,24.9399709263627,23.7202040409567,"Colorado Summit"
"306",8119,0,2,24710,24.9399709263627,20.1770787870274,"Colorado Teller"
"307",8121,1,9,4817,24.9399709263627,25.3432399232003,"Colorado Washington"
"308",8123,0,2,328981,24.9399709263627,33.1139520197213,"Colorado Weld"
"309",8125,1,9,9988,24.9399709263627,32.2364984652648,"Colorado Yuma"
"310",9110,0,1,976248,NA,NA,NA
"311",9120,0,2,325778,NA,NA,NA
"312",9130,0,1,174225,NA,NA,NA
"313",9140,0,2,450376,NA,NA,NA
"314",9150,1,4,95348,NA,NA,NA
"315",9160,1,4,112503,NA,NA,NA
"316",9170,0,2,570487,NA,NA,NA
"317",9180,0,2,280430,NA,NA,NA
"318",9190,0,2,620549,NA,NA,NA
"319",10001,0,3,181851,30.4008618215342,32.4177956095085,"Delaware Kent"
"320",10003,0,1,570719,30.4008618215342,30.9973037952796,"Delaware New Castle"
"321",10005,1,4,237378,30.4008618215342,27.7874860598144,"Delaware Sussex"
"322",11001,0,1,689545,NA,NA,NA
"323",12001,0,2,278468,31.3695753959207,29.2266676872813,"Florida Alachua"
"324",12003,0,1,28259,31.3695753959207,39.4731124376977,"Florida Baker"
"325",12005,0,3,175216,31.3695753959207,31.9439113424632,"Florida Bay"
"326",12007,1,6,28303,31.3695753959207,32.0171225308468,"Florida Bradford"
"327",12009,0,2,606612,31.3695753959207,26.0395617801524,"Florida Brevard"
"328",12011,0,1,1944375,31.3695753959207,31.6607414576839,"Florida Broward"
"329",12013,1,8,13648,31.3695753959207,23.0391410157836,"Florida Calhoun"
"330",12015,0,3,186847,31.3695753959207,25.3004011163571,"Florida Charlotte"
"331",12017,0,3,153843,31.3695753959207,23.1491593656904,"Florida Citrus"
"332",12019,0,1,218245,31.3695753959207,38.6286880531201,"Florida Clay"
"333",12021,0,2,375752,31.3695753959207,29.9810423832635,"Florida Collier"
"334",12023,1,4,69698,31.3695753959207,36.1714771168804,"Florida Columbia"
"335",12027,1,6,33976,31.3695753959207,35.0007811938014,"Florida DeSoto"
"336",12029,1,8,16759,31.3695753959207,28.8474593981203,"Florida Dixie"
"337",12031,0,1,995567,31.3695753959207,33.7534460764015,"Florida Duval"
"338",12033,0,2,321905,31.3695753959207,31.0675987716849,"Florida Escambia"
"339",12035,0,2,115378,31.3695753959207,35.791050856516,"Florida Flagler"
"340",12037,1,8,12451,31.3695753959207,22.7278548156226,"Florida Franklin"
"341",12039,0,2,43826,31.3695753959207,32.4469688817146,"Florida Gadsden"
"342",12041,0,2,17864,31.3695753959207,34.7393432506961,"Florida Gilchrist"
"343",12043,1,8,12126,31.3695753959207,35.782685389873,"Florida Glades"
"344",12045,1,8,14192,31.3695753959207,39.3661225731633,"Florida Gulf"
"345",12047,1,8,14004,31.3695753959207,39.7647170445629,"Florida Hamilton"
"346",12049,1,6,25327,31.3695753959207,51.5599578246412,"Florida Hardee"
"347",12051,1,4,39619,31.3695753959207,43.3269929927898,"Florida Hendry"
"348",12053,0,1,194515,31.3695753959207,31.2598307672859,"Florida Hernando"
"349",12055,0,3,101235,31.3695753959207,29.0402020520969,"Florida Highlands"
"350",12057,0,1,1459762,31.3695753959207,35.4988355967472,"Florida Hillsborough"
"351",12059,1,8,19653,31.3695753959207,28.6092165701955,"Florida Holmes"
"352",12061,0,3,159788,31.3695753959207,24.5361026721099,"Florida Indian River"
"353",12063,1,6,47319,31.3695753959207,26.5314292617417,"Florida Jackson"
"354",12065,0,2,14510,31.3695753959207,36.1979400217276,"Florida Jefferson"
"355",12067,1,9,8226,31.3695753959207,30.4549626969242,"Florida Lafayette"
"356",12069,0,1,383956,31.3695753959207,32.2517726530959,"Florida Lake"
"357",12071,0,2,760822,31.3695753959207,28.4532638878584,"Florida Lee"
"358",12073,0,2,292198,31.3695753959207,29.7002775766179,"Florida Leon"
"359",12075,0,2,42915,31.3695753959207,27.6966409654998,"Florida Levy"
"360",12077,1,8,7974,31.3695753959207,34.1395559268035,"Florida Liberty"
"361",12079,1,8,17968,31.3695753959207,32.0611401837353,"Florida Madison"
"362",12081,0,2,399710,31.3695753959207,27.9869998123497,"Florida Manatee"
"363",12083,0,2,375908,31.3695753959207,27.9177345397564,"Florida Marion"
"364",12085,0,2,158431,31.3695753959207,22.8869861180067,"Florida Martin"
"365",12086,0,1,2701767,NA,NA,NA
"366",12087,1,4,82874,31.3695753959207,24.8857386638957,"Florida Monroe"
"367",12089,0,1,90352,31.3695753959207,33.9025058662136,"Florida Nassau"
"368",12091,0,2,211668,31.3695753959207,31.1113944092426,"Florida Okaloosa"
"369",12093,1,4,39644,31.3695753959207,34.3223821373684,"Florida Okeechobee"
"370",12095,0,1,1429908,31.3695753959207,38.0862276153295,"Florida Orange"
"371",12097,0,1,388656,31.3695753959207,42.6645777427371,"Florida Osceola"
"372",12099,0,1,1492191,31.3695753959207,26.6681111106953,"Florida Palm Beach"
"373",12101,0,1,561891,31.3695753959207,27.5461895170457,"Florida Pasco"
"374",12103,0,1,959107,31.3695753959207,21.6730366938181,"Florida Pinellas"
"375",12105,0,2,725046,31.3695753959207,34.0681092458613,"Florida Polk"
"376",12107,1,4,73321,31.3695753959207,29.0330632143605,"Florida Putnam"
"377",12109,0,1,273425,31.3695753959207,33.2169207688101,"Florida St. Johns"
"378",12111,0,2,329226,31.3695753959207,31.1475967169771,"Florida St. Lucie"
"379",12113,0,2,188000,31.3695753959207,34.8269709253871,"Florida Santa Rosa"
"380",12115,0,2,434006,31.3695753959207,23.7981985059534,"Florida Sarasota"
"381",12117,0,1,470856,31.3695753959207,34.1051314973381,"Florida Seminole"
"382",12119,0,3,129752,31.3695753959207,20.8574089893799,"Florida Sumter"
"383",12121,1,6,43474,31.3695753959207,33.4969189468633,"Florida Suwannee"
"384",12123,1,6,21796,31.3695753959207,32.3209581896745,"Florida Taylor"
"385",12125,1,8,16147,31.3695753959207,32.9616256728084,"Florida Union"
"386",12127,0,2,553543,31.3695753959207,25.7026078179153,"Florida Volusia"
"387",12129,0,2,33764,31.3695753959207,28.7482540176953,"Florida Wakulla"
"388",12131,0,2,75305,31.3695753959207,29.504221702825,"Florida Walton"
"389",12133,0,3,25318,31.3695753959207,29.7149295032115,"Florida Washington"
"390",13001,1,7,18444,34.3980392573834,46.460848747386,"Georgia Appling"
"391",13003,1,9,8286,34.3980392573834,42.9160813300504,"Georgia Atkinson"
"392",13005,1,9,11140,34.3980392573834,30.3373562112033,"Georgia Bacon"
"393",13007,1,8,2876,34.3980392573834,25.7174240226329,"Georgia Baker"
"394",13009,1,4,43799,34.3980392573834,30.4131052491181,"Georgia Baldwin"
"395",13011,1,8,18035,34.3980392573834,41.122292371237,"Georgia Banks"
"396",13013,0,1,83505,34.3980392573834,40.2166409926846,"Georgia Barrow"
"397",13015,0,1,108901,34.3980392573834,42.8475375248744,"Georgia Bartow"
"398",13017,1,7,17194,34.3980392573834,36.5123987248214,"Georgia Ben Hill"
"399",13019,1,8,18160,34.3980392573834,33.7979740275692,"Georgia Berrien"
"400",13021,0,3,157346,34.3980392573834,30.1491293861672,"Georgia Bibb"
"401",13023,1,6,12583,34.3980392573834,38.1677345883642,"Georgia Bleckley"
"402",13025,0,3,18021,34.3980392573834,30.829623641061,"Georgia Brantley"
"403",13027,0,3,16301,34.3980392573834,25.2992290248282,"Georgia Brooks"
"404",13029,0,2,44738,34.3980392573834,37.4465106115002,"Georgia Bryan"
"405",13031,1,4,81099,34.3980392573834,32.6663487741235,"Georgia Bulloch"
"406",13033,0,2,24596,34.3980392573834,29.6282903757841,"Georgia Burke"
"407",13035,0,1,25434,34.3980392573834,35.0466271538036,"Georgia Butts"
"408",13037,1,8,5573,34.3980392573834,29.5188663583833,"Georgia Calhoun"
"409",13039,1,4,54768,34.3980392573834,34.7864071247159,"Georgia Camden"
"410",13043,1,9,10981,34.3980392573834,29.6435018249858,"Georgia Candler"
"411",13045,0,1,119148,34.3980392573834,38.8908472676788,"Georgia Carroll"
"412",13047,0,2,67872,34.3980392573834,32.2173641916455,"Georgia Catoosa"
"413",13049,1,8,12518,34.3980392573834,30.6758986477367,"Georgia Charlton"
"414",13051,0,2,295291,34.3980392573834,30.1084295609343,"Georgia Chatham"
"415",13053,0,2,9565,34.3980392573834,44.88676173861,"Georgia Chattahoochee"
"416",13055,1,6,24965,34.3980392573834,27.8399238297419,"Georgia Chattooga"
"417",13057,0,1,266620,34.3980392573834,36.6154390185282,"Georgia Cherokee"
"418",13059,0,3,128671,34.3980392573834,26.5481758772427,"Georgia Clarke"
"419",13061,1,9,2848,34.3980392573834,28.0308083226826,"Georgia Clay"
"420",13063,0,1,297595,34.3980392573834,41.2653889851619,"Georgia Clayton"
"421",13065,1,8,6749,34.3980392573834,37.4604042257148,"Georgia Clinch"
"422",13067,0,1,766149,34.3980392573834,33.650712387821,"Georgia Cobb"
"423",13069,1,7,43092,34.3980392573834,36.6717506869041,"Georgia Coffee"
"424",13071,1,6,45898,34.3980392573834,35.4303517936689,"Georgia Colquitt"
"425",13073,0,2,156010,34.3980392573834,36.6806806851162,"Georgia Columbia"
"426",13075,1,6,17229,34.3980392573834,33.581165685862,"Georgia Cook"
"427",13077,0,1,146158,34.3980392573834,37.1807145747849,"Georgia Coweta"
"428",13079,0,3,12130,34.3980392573834,31.6183699048365,"Georgia Crawford"
"429",13081,1,6,20128,34.3980392573834,32.3626410939925,"Georgia Crisp"
"430",13083,0,2,16251,34.3980392573834,31.9185271109827,"Georgia Dade"
"431",13085,0,1,26798,34.3980392573834,35.8181801611761,"Georgia Dawson"
"432",13087,1,6,29367,34.3980392573834,38.759856705147,"Georgia Decatur"
"433",13089,0,1,764382,34.3980392573834,32.168700867575,"Georgia DeKalb"
"434",13091,1,7,19925,34.3980392573834,36.4714437897528,"Georgia Dodge"
"435",13093,1,8,11208,34.3980392573834,34.419906867261,"Georgia Dooly"
"436",13095,0,3,85790,34.3980392573834,29.5612026807321,"Georgia Dougherty"
"437",13097,0,1,144237,34.3980392573834,40.9446160826834,"Georgia Douglas"
"438",13099,1,8,10854,34.3980392573834,36.4149330887817,"Georgia Early"
"439",13101,0,3,3697,34.3980392573834,46.0025078356506,"Georgia Echols"
"440",13103,0,2,64769,34.3980392573834,36.6025824589905,"Georgia Effingham"
"441",13105,1,6,19637,34.3980392573834,33.8362229964386,"Georgia Elbert"
"442",13107,1,7,22768,34.3980392573834,32.8023762764019,"Georgia Emanuel"
"443",13109,1,8,10774,34.3980392573834,30.271945923685,"Georgia Evans"
"444",13111,1,8,25319,34.3980392573834,32.479246769824,"Georgia Fannin"
"445",13113,0,1,119194,34.3980392573834,40.1105275178846,"Georgia Fayette"
"446",13115,0,3,98584,34.3980392573834,35.3020433558143,"Georgia Floyd"
"447",13117,0,1,251283,34.3980392573834,38.8008411378092,"Georgia Forsyth"
"448",13119,1,8,23424,34.3980392573834,40.9584480833275,"Georgia Franklin"
"449",13121,0,1,1066710,34.3980392573834,27.5567671627051,"Georgia Fulton"
"450",13123,1,6,31353,34.3980392573834,34.8142165342701,"Georgia Gilmer"
"451",13125,1,9,2884,34.3980392573834,34.269328103441,"Georgia Glascock"
"452",13127,0,3,84499,34.3980392573834,29.9872754172813,"Georgia Glynn"
"453",13129,1,4,57544,34.3980392573834,37.4803141226538,"Georgia Gordon"
"454",13131,1,6,26236,34.3980392573834,35.7034922079074,"Georgia Grady"
"455",13133,1,8,18915,34.3980392573834,34.4776719021813,"Georgia Greene"
"456",13135,0,1,957062,34.3980392573834,42.403228204162,"Georgia Gwinnett"
"457",13137,1,6,46031,34.3980392573834,33.9779909973871,"Georgia Habersham"
"458",13139,0,3,203136,34.3980392573834,44.4433233535016,"Georgia Hall"
"459",13141,1,9,8735,34.3980392573834,22.4508501191947,"Georgia Hancock"
"460",13143,0,1,29919,34.3980392573834,40.9535168353457,"Georgia Haralson"
"461",13145,0,2,34668,34.3980392573834,40.2456554329631,"Georgia Harris"
"462",13147,1,6,25828,34.3980392573834,34.5749390235522,"Georgia Hart"
"463",13149,0,1,11412,34.3980392573834,37.7195481934578,"Georgia Heard"
"464",13151,0,1,240712,34.3980392573834,37.1889143012672,"Georgia Henry"
"465",13153,0,3,163633,34.3980392573834,35.524476956229,"Georgia Houston"
"466",13155,1,9,9666,34.3980392573834,28.1439677953761,"Georgia Irwin"
"467",13157,1,4,75907,34.3980392573834,40.2839095300314,"Georgia Jackson"
"468",13159,0,1,14588,34.3980392573834,40.4703042591526,"Georgia Jasper"
"469",13161,1,9,14779,34.3980392573834,41.6639155478943,"Georgia Jeff Davis"
"470",13163,1,8,15709,34.3980392573834,40.7275699580083,"Georgia Jefferson"
"471",13165,1,9,8674,34.3980392573834,24.7804107436136,"Georgia Jenkins"
"472",13167,1,9,9189,34.3980392573834,28.6460822077891,"Georgia Johnson"
"473",13169,0,3,28347,34.3980392573834,36.4557283308601,"Georgia Jones"
"474",13171,1,6,18500,34.3980392573834,31.1918208648315,"Georgia Lamar"
"475",13173,0,3,9877,34.3980392573834,32.2392211737424,"Georgia Lanier"
"476",13175,1,4,49570,34.3980392573834,33.8254484401803,"Georgia Laurens"
"477",13177,0,3,33163,34.3980392573834,44.9461062494806,"Georgia Lee"
"478",13179,0,3,65256,34.3980392573834,37.7344302413808,"Georgia Liberty"
"479",13181,0,2,7690,34.3980392573834,29.1673513701212,"Georgia Lincoln"
"480",13183,0,3,16168,34.3980392573834,35.0577504601352,"Georgia Long"
"481",13185,0,3,118251,34.3980392573834,32.0622364507178,"Georgia Lowndes"
"482",13187,0,1,33488,34.3980392573834,29.6778862698957,"Georgia Lumpkin"
"483",13189,0,2,21632,34.3980392573834,40.1917072184542,"Georgia McDuffie"
"484",13191,0,3,10975,34.3980392573834,29.3726150996075,"Georgia McIntosh"
"485",13193,1,8,12082,34.3980392573834,28.7564570464234,"Georgia Macon"
"486",13195,0,3,30120,34.3980392573834,36.1317521166281,"Georgia Madison"
"487",13197,0,2,7498,34.3980392573834,39.8696035339403,"Georgia Marion"
"488",13199,0,1,20613,34.3980392573834,41.6571010866177,"Georgia Meriwether"
"489",13201,1,9,6000,34.3980392573834,28.6844096362316,"Georgia Miller"
"490",13205,1,6,21755,34.3980392573834,35.0486027151535,"Georgia Mitchell"
"491",13207,0,3,27957,34.3980392573834,33.723656716437,"Georgia Monroe"
"492",13209,1,9,8610,34.3980392573834,30.93095973859,"Georgia Montgomery"
"493",13211,0,1,20097,34.3980392573834,36.6981665305799,"Georgia Morgan"
"494",13213,0,3,39973,34.3980392573834,40.3762914795315,"Georgia Murray"
"495",13215,0,2,206922,34.3980392573834,30.4413097086075,"Georgia Muscogee"
"496",13217,0,1,112483,34.3980392573834,38.4933535493279,"Georgia Newton"
"497",13219,0,3,41799,34.3980392573834,37.4872402679716,"Georgia Oconee"
"498",13221,0,3,14825,34.3980392573834,31.5218732957993,"Georgia Oglethorpe"
"499",13223,0,1,168661,34.3980392573834,39.9828132537613,"Georgia Paulding"
"500",13225,0,3,27981,34.3980392573834,30.2566212663464,"Georgia Peach"
"501",13227,0,1,33216,34.3980392573834,36.072653699295,"Georgia Pickens"
"502",13229,1,8,19716,34.3980392573834,40.3294417136812,"Georgia Pierce"
"503",13231,0,1,18889,34.3980392573834,38.0027058813339,"Georgia Pike"
"504",13233,1,4,42853,34.3980392573834,39.2684700465541,"Georgia Polk"
"505",13235,1,8,9855,34.3980392573834,31.4889687618282,"Georgia Pulaski"
"506",13237,1,8,22047,34.3980392573834,31.6526803444019,"Georgia Putnam"
"507",13239,1,8,2235,34.3980392573834,31.2548891363646,"Georgia Quitman"
"508",13241,1,9,16883,34.3980392573834,29.2121599581337,"Georgia Rabun"
"509",13243,1,8,6425,34.3980392573834,32.1620878378752,"Georgia Randolph"
"510",13245,0,2,206607,34.3980392573834,29.8059337528698,"Georgia Richmond"
"511",13247,0,1,93570,34.3980392573834,40.1577374926927,"Georgia Rockdale"
"512",13249,1,8,4547,34.3980392573834,41.9404529532474,"Georgia Schley"
"513",13251,1,8,14067,34.3980392573834,31.985962331674,"Georgia Screven"
"514",13253,1,8,9147,34.3980392573834,35.2464205327596,"Georgia Seminole"
"515",13255,0,1,67306,34.3980392573834,36.046865231314,"Georgia Spalding"
"516",13257,1,7,26784,34.3980392573834,31.5009416203219,"Georgia Stephens"
"517",13259,0,2,5314,34.3980392573834,34.2449726006644,"Georgia Stewart"
"518",13261,1,6,29616,34.3980392573834,33.3312889853225,"Georgia Sumter"
"519",13263,0,2,5733,34.3980392573834,30.74126012953,"Georgia Talbot"
"520",13265,1,8,1559,34.3980392573834,28.7224647071024,"Georgia Taliaferro"
"521",13267,1,8,22842,34.3980392573834,31.6752596754542,"Georgia Tattnall"
"522",13269,1,8,7816,34.3980392573834,33.2299926293976,"Georgia Taylor"
"523",13271,1,9,12477,34.3980392573834,27.5919314165614,"Georgia Telfair"
"524",13273,0,3,9185,34.3980392573834,37.5186177546713,"Georgia Terrell"
"525",13275,1,4,45798,34.3980392573834,37.9028734086329,"Georgia Thomas"
"526",13277,1,5,41344,34.3980392573834,34.5194038751529,"Georgia Tift"
"527",13279,1,7,27030,34.3980392573834,35.0268643481948,"Georgia Toombs"
"528",13281,1,9,12493,34.3980392573834,33.1947981998511,"Georgia Towns"
"529",13283,1,9,6406,34.3980392573834,31.6105694247026,"Georgia Treutlen"
"530",13285,1,4,69426,34.3980392573834,37.8323314072364,"Georgia Troup"
"531",13287,1,9,9006,34.3980392573834,33.9766174793233,"Georgia Turner"
"532",13289,0,3,8022,34.3980392573834,27.7236470834717,"Georgia Twiggs"
"533",13291,1,8,24632,34.3980392573834,26.1748255692609,"Georgia Union"
"534",13293,1,6,27700,34.3980392573834,33.2538908031983,"Georgia Upson"
"535",13295,0,2,67654,34.3980392573834,32.0858497072848,"Georgia Walker"
"536",13297,0,1,96673,34.3980392573834,38.4210176397214,"Georgia Walton"
"537",13299,1,5,36251,34.3980392573834,31.1017827408976,"Georgia Ware"
"538",13301,1,8,5215,34.3980392573834,31.8953390083289,"Georgia Warren"
"539",13303,1,7,19988,34.3980392573834,35.8118270627467,"Georgia Washington"
"540",13305,1,6,30144,34.3980392573834,39.4728957528863,"Georgia Wayne"
"541",13307,1,8,2348,34.3980392573834,24.5250360413636,"Georgia Webster"
"542",13309,1,9,7471,34.3980392573834,21.0860434414827,"Georgia Wheeler"
"543",13311,1,8,28003,34.3980392573834,31.972785085772,"Georgia White"
"544",13313,0,3,102864,34.3980392573834,38.8535867087513,"Georgia Whitfield"
"545",13315,1,9,8766,34.3980392573834,31.144419688165,"Georgia Wilcox"
"546",13317,1,8,9565,34.3980392573834,28.696617458676,"Georgia Wilkes"
"547",13319,1,8,8877,34.3980392573834,28.9525241431422,"Georgia Wilkinson"
"548",13321,0,3,20784,34.3980392573834,31.5144873780735,"Georgia Worth"
"549",15001,1,5,200629,37.2039497753568,32.9958920562068,"Hawaii Hawaii"
"550",15003,0,1,1016508,37.2039497753568,40.4350921274614,"Hawaii Honolulu"
"551",15005,0,3,82,NA,NA,NA
"552",15007,1,5,73298,37.2039497753568,36.7642188112002,"Hawaii Kauai"
"553",15009,0,3,164754,37.2039497753568,38.6205961065588,"Hawaii Maui"
"554",16001,0,2,494967,31.6213229477424,27.8466286700742,"Idaho Ada"
"555",16003,1,9,4379,31.6213229477424,21.2298007921276,"Idaho Adams"
"556",16005,0,3,87018,31.6213229477424,28.856028961732,"Idaho Bannock"
"557",16007,1,9,6372,31.6213229477424,37.32501831475,"Idaho Bear Lake"
"558",16009,1,8,9530,31.6213229477424,28.7531558324546,"Idaho Benewah"
"559",16011,1,6,47992,31.6213229477424,40.3619104706583,"Idaho Bingham"
"560",16013,1,7,24272,31.6213229477424,24.3578508242253,"Idaho Blaine"
"561",16015,0,2,7610,31.6213229477424,22.9084293215554,"Idaho Boise"
"562",16017,1,6,47110,31.6213229477424,22.1631694039453,"Idaho Bonner"
"563",16019,0,3,123964,31.6213229477424,36.3049714576908,"Idaho Bonneville"
"564",16021,1,9,12056,31.6213229477424,22.0785012989692,"Idaho Boundary"
"565",16023,0,3,2574,31.6213229477424,27.2941329078154,"Idaho Butte"
"566",16025,1,9,1077,31.6213229477424,38.7597531577942,"Idaho Camas"
"567",16027,0,2,231105,31.6213229477424,36.9357196838308,"Idaho Canyon"
"568",16029,1,8,7027,31.6213229477424,39.8704179633675,"Idaho Caribou"
"569",16031,1,6,24655,31.6213229477424,40.8225563392029,"Idaho Cassia"
"570",16033,1,8,790,31.6213229477424,36.9921608418376,"Idaho Clark"
"571",16035,1,8,8734,31.6213229477424,20.0857392899276,"Idaho Clearwater"
"572",16037,1,8,4275,31.6213229477424,19.2916097971364,"Idaho Custer"
"573",16039,1,6,28666,31.6213229477424,28.1788981228064,"Idaho Elmore"
"574",16041,0,3,14194,31.6213229477424,50.1432873182255,"Idaho Franklin"
"575",16043,1,8,13388,31.6213229477424,45.6129718707985,"Idaho Fremont"
"576",16045,0,2,19123,31.6213229477424,27.7407888879796,"Idaho Gem"
"577",16047,1,8,15598,31.6213229477424,25.8799343140346,"Idaho Gooding"
"578",16049,1,8,16541,31.6213229477424,26.7230492816537,"Idaho Idaho"
"579",16051,0,3,30891,31.6213229477424,48.8565733876785,"Idaho Jefferson"
"580",16053,0,3,24237,31.6213229477424,37.502687506038,"Idaho Jerome"
"581",16055,0,3,171362,31.6213229477424,30.8886984762337,"Idaho Kootenai"
"582",16057,1,4,39517,31.6213229477424,25.5989860231187,"Idaho Latah"
"583",16059,1,9,7974,31.6213229477424,16.1410133359785,"Idaho Lemhi"
"584",16061,1,8,3533,31.6213229477424,23.8422601482997,"Idaho Lewis"
"585",16063,1,8,5127,31.6213229477424,34.3350606350827,"Idaho Lincoln"
"586",16065,1,4,52913,31.6213229477424,71.0833919521355,"Idaho Madison"
"587",16067,1,7,21613,31.6213229477424,34.392242513758,"Idaho Minidoka"
"588",16069,0,3,42090,31.6213229477424,23.6950865316833,"Idaho Nez Perce"
"589",16071,1,8,4564,31.6213229477424,33.3362434979091,"Idaho Oneida"
"590",16073,0,2,11913,31.6213229477424,35.6812943199505,"Idaho Owyhee"
"591",16075,1,6,25386,31.6213229477424,33.8640581399013,"Idaho Payette"
"592",16077,1,8,7878,31.6213229477424,39.5143192849321,"Idaho Power"
"593",16079,1,8,13169,31.6213229477424,17.0988395255096,"Idaho Shoshone"
"594",16081,1,9,11630,31.6213229477424,27.9823689731455,"Idaho Teton"
"595",16083,0,3,90046,31.6213229477424,30.717207188066,"Idaho Twin Falls"
"596",16085,1,9,11746,31.6213229477424,23.5472003044309,"Idaho Valley"
"597",16087,1,6,10500,31.6213229477424,26.7441928322209,"Idaho Washington"
"598",17001,1,5,65737,25.9359101624384,29.1684299779834,"Illinois Adams"
"599",17003,0,3,5240,25.9359101624384,20.9328258778262,"Illinois Alexander"
"600",17005,0,1,16725,25.9359101624384,19.4123717516761,"Illinois Bond"
"601",17007,0,2,53448,25.9359101624384,31.8136977984888,"Illinois Boone"
"602",17009,1,9,6244,25.9359101624384,19.4527600967618,"Illinois Brown"
"603",17011,1,7,33244,25.9359101624384,23.478980614166,"Illinois Bureau"
"604",17013,0,1,4437,25.9359101624384,30.5440933001986,"Illinois Calhoun"
"605",17015,1,9,15702,25.9359101624384,19.5855407401428,"Illinois Carroll"
"606",17017,1,6,13042,25.9359101624384,32.1659237005168,"Illinois Cass"
"607",17019,0,3,205865,25.9359101624384,25.713492798399,"Illinois Champaign"
"608",17021,1,6,34032,25.9359101624384,16.3405950279278,"Illinois Christian"
"609",17023,1,8,15455,25.9359101624384,35.4105344832207,"Illinois Clark"
"610",17025,1,9,13288,25.9359101624384,22.1391913049332,"Illinois Clay"
"611",17027,0,1,36899,25.9359101624384,27.6323689744727,"Illinois Clinton"
"612",17029,1,5,46863,25.9359101624384,25.8853502470038,"Illinois Coles"
"613",17031,0,1,5275541,25.9359101624384,32.9725602712183,"Illinois Cook"
"614",17033,1,6,18679,25.9359101624384,26.3828517101974,"Illinois Crawford"
"615",17035,1,9,10450,25.9359101624384,24.9932374627588,"Illinois Cumberland"
"616",17037,0,1,100420,25.9359101624384,29.7432138324243,"Illinois DeKalb"
"617",17039,1,6,15516,25.9359101624384,17.8154834598989,"Illinois De Witt"
"618",17041,1,8,19740,25.9359101624384,29.4902213379598,"Illinois Douglas"
"619",17043,0,1,932877,25.9359101624384,34.6275496911812,"Illinois DuPage"
"620",17045,1,6,16866,25.9359101624384,26.2431828953057,"Illinois Edgar"
"621",17047,1,9,6245,25.9359101624384,34.1804337245622,"Illinois Edwards"
"622",17049,1,7,34668,25.9359101624384,31.0223268694457,"Illinois Effingham"
"623",17051,1,6,21488,25.9359101624384,27.5446545376822,"Illinois Fayette"
"624",17053,0,3,13534,25.9359101624384,22.3385266840302,"Illinois Ford"
"625",17055,1,7,37804,25.9359101624384,25.5669890409542,"Illinois Franklin"
"626",17057,1,6,33609,25.9359101624384,23.0649456921304,"Illinois Fulton"
"627",17059,1,8,4946,25.9359101624384,27.4771595641178,"Illinois Gallatin"
"628",17061,1,8,11985,25.9359101624384,28.2715693754042,"Illinois Greene"
"629",17063,0,1,52533,25.9359101624384,27.4781338920126,"Illinois Grundy"
"630",17065,1,9,7993,25.9359101624384,23.9895204896854,"Illinois Hamilton"
"631",17067,1,9,17620,25.9359101624384,19.1279853058144,"Illinois Hancock"
"632",17069,1,9,3649,25.9359101624384,28.491413892789,"Illinois Hardin"
"633",17071,1,9,6387,25.9359101624384,23.6632458430161,"Illinois Henderson"
"634",17073,0,2,49284,25.9359101624384,22.3938732591089,"Illinois Henry"
"635",17075,1,8,27077,25.9359101624384,23.6456971915689,"Illinois Iroquois"
"636",17077,1,5,52974,25.9359101624384,24.6636633060701,"Illinois Jackson"
"637",17079,1,9,9287,25.9359101624384,26.6900279331275,"Illinois Jasper"
"638",17081,1,7,37113,25.9359101624384,29.7487450596595,"Illinois Jefferson"
"639",17083,0,1,21512,25.9359101624384,27.4204392068568,"Illinois Jersey"
"640",17085,1,8,22035,25.9359101624384,19.8820205453959,"Illinois Jo Daviess"
"641",17087,1,8,13308,25.9359101624384,26.3374958597593,"Illinois Johnson"
"642",17089,0,1,516522,25.9359101624384,36.5178685763914,"Illinois Kane"
"643",17091,0,3,107502,25.9359101624384,28.2687221767399,"Illinois Kankakee"
"644",17093,0,1,131869,25.9359101624384,35.3307080100452,"Illinois Kendall"
"645",17095,1,4,49967,25.9359101624384,15.3712486014389,"Illinois Knox"
"646",17097,0,1,714342,25.9359101624384,35.1011249426235,"Illinois Lake"
"647",17099,1,4,109658,25.9359101624384,24.3728874076296,"Illinois LaSalle"
"648",17101,1,9,15280,25.9359101624384,25.7056567763013,"Illinois Lawrence"
"649",17103,1,6,34145,25.9359101624384,20.4487531948739,"Illinois Lee"
"650",17105,1,6,35815,25.9359101624384,24.8361998268531,"Illinois Livingston"
"651",17107,1,6,27987,25.9359101624384,25.6654123369593,"Illinois Logan"
"652",17109,1,7,27238,25.9359101624384,17.3742575548507,"Illinois McDonough"
"653",17111,0,1,310229,25.9359101624384,31.4474234064838,"Illinois McHenry"
"654",17113,0,3,170954,25.9359101624384,26.655441913455,"Illinois McLean"
"655",17115,0,3,103998,25.9359101624384,25.218127693063,"Illinois Macon"
"656",17117,0,1,44967,25.9359101624384,24.8275814525614,"Illinois Macoupin"
"657",17119,0,1,265859,25.9359101624384,27.2022542969592,"Illinois Madison"
"658",17121,1,7,37729,25.9359101624384,28.4330651560514,"Illinois Marion"
"659",17123,0,2,11742,25.9359101624384,25.459351460014,"Illinois Marshall"
"660",17125,1,8,13086,25.9359101624384,16.9329225864301,"Illinois Mason"
"661",17127,0,3,14169,25.9359101624384,35.2914889114781,"Illinois Massac"
"662",17129,0,3,12297,25.9359101624384,30.1489846075551,"Illinois Menard"
"663",17131,0,2,15699,25.9359101624384,26.4350406194407,"Illinois Mercer"
"664",17133,0,1,34962,25.9359101624384,32.9094156911712,"Illinois Monroe"
"665",17135,1,6,28288,25.9359101624384,18.8062046103932,"Illinois Montgomery"
"666",17137,1,4,32915,25.9359101624384,18.8665758162563,"Illinois Morgan"
"667",17139,1,8,14526,25.9359101624384,31.0988920336445,"Illinois Moultrie"
"668",17141,1,6,51788,25.9359101624384,24.0420957788339,"Illinois Ogle"
"669",17143,0,2,181830,25.9359101624384,22.7959056604188,"Illinois Peoria"
"670",17145,1,7,20945,25.9359101624384,23.6281896590512,"Illinois Perry"
"671",17147,0,3,16673,25.9359101624384,21.1974749444609,"Illinois Piatt"
"672",17149,1,9,14739,25.9359101624384,21.232683736954,"Illinois Pike"
"673",17151,1,8,3763,25.9359101624384,22.850840901048,"Illinois Pope"
"674",17153,1,8,5193,25.9359101624384,27.5572274546406,"Illinois Pulaski"
"675",17155,1,8,5637,25.9359101624384,24.1059487298294,"Illinois Putnam"
"676",17157,1,6,30163,25.9359101624384,26.4857440289744,"Illinois Randolph"
"677",17159,1,7,15813,25.9359101624384,25.5670136763207,"Illinois Richland"
"678",17161,0,2,144672,25.9359101624384,24.1024662083584,"Illinois Rock Island"
"679",17163,0,1,257400,25.9359101624384,29.2613951811071,"Illinois St. Clair"
"680",17165,1,7,23768,25.9359101624384,24.4919066850221,"Illinois Saline"
"681",17167,0,3,196343,25.9359101624384,22.8960941217227,"Illinois Sangamon"
"682",17169,1,9,6902,25.9359101624384,22.7211500513865,"Illinois Schuyler"
"683",17171,1,9,4949,25.9359101624384,33.8561347757659,"Illinois Scott"
"684",17173,1,8,20990,25.9359101624384,28.013668138915,"Illinois Shelby"
"685",17175,0,2,5400,25.9359101624384,17.6812139705213,"Illinois Stark"
"686",17177,1,4,44630,25.9359101624384,24.1416976863199,"Illinois Stephenson"
"687",17179,0,2,131343,25.9359101624384,24.9217019051431,"Illinois Tazewell"
"688",17181,1,6,17244,25.9359101624384,22.4575147243829,"Illinois Union"
"689",17183,1,4,74188,25.9359101624384,20.8790366052442,"Illinois Vermilion"
"690",17185,1,7,11361,25.9359101624384,26.2888962416188,"Illinois Wabash"
"691",17187,1,6,16835,25.9359101624384,24.3867451918045,"Illinois Warren"
"692",17189,1,8,13761,25.9359101624384,26.4686168196592,"Illinois Washington"
"693",17191,1,9,16179,25.9359101624384,27.1408340179448,"Illinois Wayne"
"694",17193,1,6,13877,25.9359101624384,24.5377864768187,"Illinois White"
"695",17195,1,4,55691,25.9359101624384,25.7709297932807,"Illinois Whiteside"
"696",17197,0,1,696355,25.9359101624384,37.7639233486605,"Illinois Will"
"697",17199,1,5,67153,25.9359101624384,24.8572819696823,"Illinois Williamson"
"698",17201,0,2,285350,25.9359101624384,30.058315502154,"Illinois Winnebago"
"699",17203,0,2,38467,25.9359101624384,29.6334682951576,"Illinois Woodford"
"700",18001,1,6,35809,28.7678575281139,37.0867411597229,"Indiana Adams"
"701",18003,0,2,385410,28.7678575281139,30.1882412931889,"Indiana Allen"
"702",18005,0,3,82208,28.7678575281139,28.1502311371974,"Indiana Bartholomew"
"703",18007,0,3,8719,28.7678575281139,25.0468940895956,"Indiana Benton"
"704",18009,1,6,12112,28.7678575281139,23.3278220063746,"Indiana Blackford"
"705",18011,0,1,70812,28.7678575281139,32.8423849544657,"Indiana Boone"
"706",18013,0,1,15475,28.7678575281139,34.3281570539103,"Indiana Brown"
"707",18015,0,3,20306,28.7678575281139,25.5760869636477,"Indiana Carroll"
"708",18017,1,4,37870,28.7678575281139,27.1293049648592,"Indiana Cass"
"709",18019,0,1,121093,28.7678575281139,27.3822387103645,"Indiana Clark"
"710",18021,0,3,26466,28.7678575281139,32.348164226108,"Indiana Clay"
"711",18023,1,6,33190,28.7678575281139,25.6473537665605,"Indiana Clinton"
"712",18025,1,8,10526,28.7678575281139,25.6400138300721,"Indiana Crawford"
"713",18027,1,7,33381,28.7678575281139,41.2695152804086,"Indiana Daviess"
"714",18029,0,1,50679,28.7678575281139,31.3244143591835,"Indiana Dearborn"
"715",18031,1,6,26472,28.7678575281139,30.0674410973017,"Indiana Decatur"
"716",18033,1,4,43265,28.7678575281139,28.9347144324462,"Indiana DeKalb"
"717",18035,0,3,111903,28.7678575281139,25.9643571031748,"Indiana Delaware"
"718",18037,1,5,43637,28.7678575281139,26.8008785915705,"Indiana Dubois"
"719",18039,0,3,207047,28.7678575281139,38.0137342996807,"Indiana Elkhart"
"720",18041,1,6,23398,28.7678575281139,28.2168056359926,"Indiana Fayette"
"721",18043,0,1,80484,28.7678575281139,29.8007189177806,"Indiana Floyd"
"722",18045,1,8,16479,28.7678575281139,28.3768430301214,"Indiana Fountain"
"723",18047,0,1,22785,28.7678575281139,28.5751739210069,"Indiana Franklin"
"724",18049,1,7,20480,28.7678575281139,28.8425399840119,"Indiana Fulton"
"725",18051,1,6,33011,28.7678575281139,29.8936296719789,"Indiana Gibson"
"726",18053,1,4,66674,28.7678575281139,26.8752157089046,"Indiana Grant"
"727",18055,1,6,30803,28.7678575281139,28.3556651060835,"Indiana Greene"
"728",18057,0,1,347467,28.7678575281139,33.2955338172003,"Indiana Hamilton"
"729",18059,0,1,79840,28.7678575281139,27.3885837776907,"Indiana Hancock"
"730",18061,0,1,39654,28.7678575281139,31.1545387730778,"Indiana Harrison"
"731",18063,0,1,174788,28.7678575281139,33.6548702056612,"Indiana Hendricks"
"732",18065,1,6,48914,28.7678575281139,23.8605456941702,"Indiana Henry"
"733",18067,0,3,83658,28.7678575281139,25.4444159057106,"Indiana Howard"
"734",18069,1,6,36662,28.7678575281139,26.8881588661425,"Indiana Huntington"
"735",18071,1,4,46428,28.7678575281139,31.8145861460636,"Indiana Jackson"
"736",18073,0,1,32918,28.7678575281139,27.5056909032172,"Indiana Jasper"
"737",18075,1,6,20478,28.7678575281139,29.9252553819295,"Indiana Jay"
"738",18077,1,6,33147,28.7678575281139,25.3488591863562,"Indiana Jefferson"
"739",18079,1,6,27613,28.7678575281139,32.4436687217246,"Indiana Jennings"
"740",18081,0,1,161765,28.7678575281139,28.8763557174292,"Indiana Johnson"
"741",18083,1,7,36282,28.7678575281139,27.6027075925879,"Indiana Knox"
"742",18085,1,4,80240,28.7678575281139,27.6954036906786,"Indiana Kosciusko"
"743",18087,1,8,40446,28.7678575281139,53.2274697634036,"Indiana LaGrange"
"744",18089,0,1,498700,28.7678575281139,30.147413026708,"Indiana Lake"
"745",18091,0,3,112417,28.7678575281139,23.642427372916,"Indiana LaPorte"
"746",18093,1,6,45011,28.7678575281139,27.7594983123747,"Indiana Lawrence"
"747",18095,0,1,130129,28.7678575281139,24.7599787383813,"Indiana Madison"
"748",18097,0,1,977203,28.7678575281139,26.8152569038846,"Indiana Marion"
"749",18099,1,6,46095,28.7678575281139,30.0433926352231,"Indiana Marshall"
"750",18101,1,9,9812,28.7678575281139,23.0893695428209,"Indiana Martin"
"751",18103,1,6,35962,28.7678575281139,23.2750826730068,"Indiana Miami"
"752",18105,0,3,139718,28.7678575281139,25.8338851153926,"Indiana Monroe"
"753",18107,1,6,37936,28.7678575281139,28.0520983309057,"Indiana Montgomery"
"754",18109,0,1,71780,28.7678575281139,32.2554438796353,"Indiana Morgan"
"755",18111,0,1,13830,28.7678575281139,32.741285534505,"Indiana Newton"
"756",18113,1,6,47457,28.7678575281139,31.1348858265461,"Indiana Noble"
"757",18115,0,1,5940,28.7678575281139,25.08585014337,"Indiana Ohio"
"758",18117,1,8,19867,28.7678575281139,26.8698081004518,"Indiana Orange"
"759",18119,0,3,21321,28.7678575281139,23.6363927509325,"Indiana Owen"
"760",18121,1,8,16156,28.7678575281139,27.246060972455,"Indiana Parke"
"761",18123,1,7,19170,28.7678575281139,23.2857353097933,"Indiana Perry"
"762",18125,1,8,12250,28.7678575281139,24.7679016406012,"Indiana Pike"
"763",18127,0,1,173215,28.7678575281139,29.7573843006358,"Indiana Porter"
"764",18129,0,2,25222,28.7678575281139,32.6645742653052,"Indiana Posey"
"765",18131,1,8,12514,28.7678575281139,24.5023550359788,"Indiana Pulaski"
"766",18133,1,6,36726,28.7678575281139,29.4118602069531,"Indiana Putnam"
"767",18135,1,6,24502,28.7678575281139,24.8373994395825,"Indiana Randolph"
"768",18137,1,6,28995,28.7678575281139,30.2514170550446,"Indiana Ripley"
"769",18139,1,6,16752,28.7678575281139,23.5704233442506,"Indiana Rush"
"770",18141,0,2,272912,28.7678575281139,26.077958134165,"Indiana St. Joseph"
"771",18143,1,6,24384,28.7678575281139,25.9828747071845,"Indiana Scott"
"772",18145,0,1,45055,28.7678575281139,24.4402151507791,"Indiana Shelby"
"773",18147,1,8,19810,28.7678575281139,27.211375609854,"Indiana Spencer"
"774",18149,1,8,23371,28.7678575281139,30.7902603338121,"Indiana Starke"
"775",18151,1,7,34435,28.7678575281139,27.763690849081,"Indiana Steuben"
"776",18153,0,3,20817,28.7678575281139,29.6417992305452,"Indiana Sullivan"
"777",18155,1,8,9737,28.7678575281139,20.2234520202987,"Indiana Switzerland"
"778",18157,0,3,186251,28.7678575281139,23.8378175746345,"Indiana Tippecanoe"
"779",18159,0,1,15359,28.7678575281139,35.9408470624867,"Indiana Tipton"
"780",18161,1,8,7087,28.7678575281139,31.5948522861506,"Indiana Union"
"781",18163,0,2,180136,28.7678575281139,25.5122835421307,"Indiana Vanderburgh"
"782",18165,0,3,15439,28.7678575281139,29.7434916453599,"Indiana Vermillion"
"783",18167,0,3,106153,28.7678575281139,26.1159384980702,"Indiana Vigo"
"784",18169,1,6,30976,28.7678575281139,27.6328442401204,"Indiana Wabash"
"785",18171,0,3,8440,28.7678575281139,34.4620288129175,"Indiana Warren"
"786",18173,0,2,63898,28.7678575281139,32.0416678383445,"Indiana Warrick"
"787",18175,0,1,28182,28.7678575281139,31.5993826261273,"Indiana Washington"
"788",18177,1,5,66553,28.7678575281139,28.6986781995882,"Indiana Wayne"
"789",18179,0,2,28180,28.7678575281139,29.4866431735635,"Indiana Wells"
"790",18181,1,6,24688,28.7678575281139,30.5035971701249,"Indiana White"
"791",18183,0,2,34191,28.7678575281139,29.7720879847326,"Indiana Whitley"
"792",19001,1,8,7496,26.1904378492231,20.3852100395273,"Iowa Adair"
"793",19003,1,9,3704,26.1904378492231,14.9248832196929,"Iowa Adams"
"794",19005,1,8,14061,26.1904378492231,24.6426988663175,"Iowa Allamakee"
"795",19007,1,7,12317,26.1904378492231,22.7132046978251,"Iowa Appanoose"
"796",19009,1,9,5674,26.1904378492231,22.0617657233858,"Iowa Audubon"
"797",19011,0,2,25575,26.1904378492231,28.7367956441145,"Iowa Benton"
"798",19013,0,3,131144,26.1904378492231,28.2791675323693,"Iowa Black Hawk"
"799",19015,0,3,26715,26.1904378492231,24.6745956260225,"Iowa Boone"
"800",19017,0,3,24988,26.1904378492231,30.7513692945011,"Iowa Bremer"
"801",19019,1,6,20565,26.1904378492231,25.008382368159,"Iowa Buchanan"
"802",19021,1,7,20823,26.1904378492231,36.3300481616288,"Iowa Buena Vista"
"803",19023,1,8,14334,26.1904378492231,31.5693054040532,"Iowa Butler"
"804",19025,1,9,9927,26.1904378492231,21.0184303564918,"Iowa Calhoun"
"805",19027,1,7,20760,26.1904378492231,27.6792845626121,"Iowa Carroll"
"806",19029,1,6,13127,26.1904378492231,21.1169637154452,"Iowa Cass"
"807",19031,1,8,18505,26.1904378492231,23.7283009629152,"Iowa Cedar"
"808",19033,1,5,43127,26.1904378492231,24.9210581300831,"Iowa Cerro Gordo"
"809",19035,1,9,11658,26.1904378492231,22.3997594468598,"Iowa Cherokee"
"810",19037,1,8,12012,26.1904378492231,28.4597817796956,"Iowa Chickasaw"
"811",19039,1,6,9748,26.1904378492231,29.2466981922121,"Iowa Clarke"
"812",19041,1,7,16384,26.1904378492231,24.3223307909002,"Iowa Clay"
"813",19043,1,8,17043,26.1904378492231,23.6931903266425,"Iowa Clayton"
"814",19045,1,4,46460,26.1904378492231,24.8590288274185,"Iowa Clinton"
"815",19047,1,7,16525,26.1904378492231,30.5232100269222,"Iowa Crawford"
"816",19049,0,2,99678,26.1904378492231,30.5925980002217,"Iowa Dallas"
"817",19051,1,9,9110,26.1904378492231,32.9589310490893,"Iowa Davis"
"818",19053,1,9,7645,26.1904378492231,29.0721593519535,"Iowa Decatur"
"819",19055,1,8,17488,26.1904378492231,25.9653436470019,"Iowa Delaware"
"820",19057,1,5,38910,26.1904378492231,23.5536848945459,"Iowa Des Moines"
"821",19059,1,7,17703,26.1904378492231,19.7874543727613,"Iowa Dickinson"
"822",19061,0,3,99266,26.1904378492231,29.4808293149765,"Iowa Dubuque"
"823",19063,1,7,9388,26.1904378492231,22.7477978852498,"Iowa Emmet"
"824",19065,1,6,19509,26.1904378492231,22.1743859036109,"Iowa Fayette"
"825",19067,1,7,15627,26.1904378492231,23.954028544302,"Iowa Floyd"
"826",19069,1,9,10019,26.1904378492231,27.5288831482694,"Iowa Franklin"
"827",19071,1,8,6605,26.1904378492231,28.6417702469156,"Iowa Fremont"
"828",19073,1,8,8771,26.1904378492231,22.2740292382749,"Iowa Greene"
"829",19075,0,3,12329,26.1904378492231,29.8961152335366,"Iowa Grundy"
"830",19077,0,2,10623,26.1904378492231,26.521092369274,"Iowa Guthrie"
"831",19079,1,6,15039,26.1904378492231,21.0635980920865,"Iowa Hamilton"
"832",19081,1,9,10795,26.1904378492231,32.2666574283621,"Iowa Hancock"
"833",19083,1,6,16878,26.1904378492231,23.4021559492626,"Iowa Hardin"
"834",19085,0,2,14582,26.1904378492231,29.4642702730385,"Iowa Harrison"
"835",19087,1,6,20482,26.1904378492231,26.7402101062811,"Iowa Henry"
"836",19089,1,8,9469,26.1904378492231,31.0575440561209,"Iowa Howard"
"837",19091,1,7,9597,26.1904378492231,23.757432635335,"Iowa Humboldt"
"838",19093,1,8,7005,26.1904378492231,25.4398397305155,"Iowa Ida"
"839",19095,1,8,16662,26.1904378492231,27.970145432191,"Iowa Iowa"
"840",19097,1,6,19485,26.1904378492231,29.4726540815734,"Iowa Jackson"
"841",19099,0,2,37813,26.1904378492231,24.5626988765508,"Iowa Jasper"
"842",19101,1,7,15663,26.1904378492231,15.1429556259112,"Iowa Jefferson"
"843",19103,0,3,152854,26.1904378492231,30.7359311358041,"Iowa Johnson"
"844",19105,0,2,20646,26.1904378492231,26.5657862879231,"Iowa Jones"
"845",19107,1,8,10033,26.1904378492231,22.5809404363285,"Iowa Keokuk"
"846",19109,1,7,14828,26.1904378492231,23.8196316164808,"Iowa Kossuth"
"847",19111,1,7,33555,26.1904378492231,23.9485716997307,"Iowa Lee"
"848",19113,0,2,230299,26.1904378492231,26.7135068319279,"Iowa Linn"
"849",19115,1,8,10837,26.1904378492231,35.5273649378211,"Iowa Louisa"
"850",19117,1,8,8634,26.1904378492231,30.6238024195461,"Iowa Lucas"
"851",19119,1,8,11934,26.1904378492231,33.5613083144233,"Iowa Lyon"
"852",19121,0,2,16548,26.1904378492231,22.9348700342096,"Iowa Madison"
"853",19123,1,7,22190,26.1904378492231,27.6203433905515,"Iowa Mahaska"
"854",19125,1,6,33414,26.1904378492231,31.011033675334,"Iowa Marion"
"855",19127,1,4,40105,26.1904378492231,35.9503547407098,"Iowa Marshall"
"856",19129,0,2,14484,26.1904378492231,24.6321118048329,"Iowa Mills"
"857",19131,1,9,10565,26.1904378492231,27.7077069437688,"Iowa Mitchell"
"858",19133,1,8,8751,26.1904378492231,19.7732479243983,"Iowa Monona"
"859",19135,1,9,7577,26.1904378492231,24.1675927440495,"Iowa Monroe"
"860",19137,1,6,10330,26.1904378492231,26.514849748634,"Iowa Montgomery"
"861",19139,1,4,43235,26.1904378492231,28.4132549354924,"Iowa Muscatine"
"862",19141,1,7,14182,26.1904378492231,27.1226706166398,"Iowa O'Brien"
"863",19143,1,9,6192,26.1904378492231,21.6280174859964,"Iowa Osceola"
"864",19145,1,6,15211,26.1904378492231,25.0634414383451,"Iowa Page"
"865",19147,1,9,8996,26.1904378492231,23.0079341094805,"Iowa Palo Alto"
"866",19149,1,6,25698,26.1904378492231,33.1591499792282,"Iowa Plymouth"
"867",19151,1,9,7078,26.1904378492231,22.4550672366134,"Iowa Pocahontas"
"868",19153,0,2,492401,26.1904378492231,28.548927522444,"Iowa Polk"
"869",19155,0,2,93667,26.1904378492231,27.0106703511126,"Iowa Pottawattamie"
"870",19157,1,6,18662,26.1904378492231,18.4656047906183,"Iowa Poweshiek"
"871",19159,1,9,4663,26.1904378492231,18.3129078010248,"Iowa Ringgold"
"872",19161,1,9,9814,26.1904378492231,25.5716253152647,"Iowa Sac"
"873",19163,0,2,174669,26.1904378492231,25.5947433089365,"Iowa Scott"
"874",19165,1,8,11746,26.1904378492231,25.499716720433,"Iowa Shelby"
"875",19167,1,6,35872,26.1904378492231,39.9523929499634,"Iowa Sioux"
"876",19169,0,3,98537,26.1904378492231,24.7560877781768,"Iowa Story"
"877",19171,1,6,17135,26.1904378492231,31.8801666369952,"Iowa Tama"
"878",19173,1,9,5896,26.1904378492231,26.5386945076018,"Iowa Taylor"
"879",19175,1,6,12138,26.1904378492231,19.632661430853,"Iowa Union"
"880",19177,1,9,7203,26.1904378492231,25.9109035265931,"Iowa Van Buren"
"881",19179,1,5,35437,26.1904378492231,30.8137187298999,"Iowa Wapello"
"882",19181,0,2,52403,26.1904378492231,26.2226721900161,"Iowa Warren"
"883",19183,0,3,22565,26.1904378492231,25.4839469963399,"Iowa Washington"
"884",19185,1,9,6497,26.1904378492231,24.1755589732743,"Iowa Wayne"
"885",19187,1,5,36999,26.1904378492231,20.6533414502781,"Iowa Webster"
"886",19189,1,9,10679,26.1904378492231,24.4758940971324,"Iowa Winnebago"
"887",19191,1,7,20070,26.1904378492231,26.9943785078113,"Iowa Winneshiek"
"888",19193,0,3,105941,26.1904378492231,32.519596169305,"Iowa Woodbury"
"889",19195,1,9,7443,26.1904378492231,24.166945553048,"Iowa Worth"
"890",19197,1,9,12943,26.1904378492231,26.8989720946849,"Iowa Wright"
"891",20001,1,7,12526,25.8692499024288,25.9122868463908,"Kansas Allen"
"892",20003,1,8,7836,25.8692499024288,26.7670524339952,"Kansas Anderson"
"893",20005,1,6,16348,25.8692499024288,29.1601933310845,"Kansas Atchison"
"894",20007,1,9,4228,25.8692499024288,22.5658314746149,"Kansas Barber"
"895",20009,1,7,25493,25.8692499024288,24.556833041456,"Kansas Barton"
"896",20011,1,6,14360,25.8692499024288,31.707779391714,"Kansas Bourbon"
"897",20013,1,8,9508,25.8692499024288,21.390139078702,"Kansas Brown"
"898",20015,0,2,67380,25.8692499024288,30.6177093435162,"Kansas Butler"
"899",20017,1,8,2572,25.8692499024288,23.591980630424,"Kansas Chase"
"900",20019,1,9,3379,25.8692499024288,26.1561995681622,"Kansas Chautauqua"
"901",20021,0,3,19362,25.8692499024288,28.1396455130676,"Kansas Cherokee"
"902",20023,1,9,2616,25.8692499024288,9.0902594794416,"Kansas Cheyenne"
"903",20025,1,9,1991,25.8692499024288,19.6849054340294,"Kansas Clark"
"904",20027,1,8,8117,25.8692499024288,21.1597245342265,"Kansas Clay"
"905",20029,1,7,9032,25.8692499024288,14.4003002103666,"Kansas Cloud"
"906",20031,1,8,8360,25.8692499024288,26.948095558957,"Kansas Coffey"
"907",20033,1,9,1689,25.8692499024288,4.86836471540649,"Kansas Comanche"
"908",20035,1,4,34549,25.8692499024288,24.5739374937921,"Kansas Cowley"
"909",20037,1,4,38972,25.8692499024288,25.8003843974854,"Kansas Crawford"
"910",20039,1,9,2764,25.8692499024288,9.48914684300465,"Kansas Decatur"
"911",20041,1,6,18402,25.8692499024288,23.2604071190008,"Kansas Dickinson"
"912",20043,0,3,7510,25.8692499024288,26.8402436324981,"Kansas Doniphan"
"913",20045,0,3,118785,25.8692499024288,27.4564223876825,"Kansas Douglas"
"914",20047,1,9,2907,25.8692499024288,18.8193411353114,"Kansas Edwards"
"915",20049,1,8,2483,25.8692499024288,26.7054822039818,"Kansas Elk"
"916",20051,1,5,28934,25.8692499024288,29.652708612828,"Kansas Ellis"
"917",20053,1,9,6376,25.8692499024288,19.1643455960702,"Kansas Ellsworth"
"918",20055,1,5,38470,25.8692499024288,40.3365056062949,"Kansas Finney"
"919",20057,1,5,34287,25.8692499024288,37.2150050481945,"Kansas Ford"
"920",20059,1,6,25996,25.8692499024288,30.1576762700537,"Kansas Franklin"
"921",20061,0,3,36739,25.8692499024288,37.9989159834428,"Kansas Geary"
"922",20063,1,9,2718,25.8692499024288,20.2005845061289,"Kansas Gove"
"923",20065,1,9,2415,25.8692499024288,16.399875186195,"Kansas Graham"
"924",20067,1,7,7352,25.8692499024288,49.2054933256878,"Kansas Grant"
"925",20069,1,9,5653,25.8692499024288,34.0926473676195,"Kansas Gray"
"926",20071,1,9,1284,25.8692499024288,28.414746227428,"Kansas Greeley"
"927",20073,1,8,6016,25.8692499024288,18.0344089509194,"Kansas Greenwood"
"928",20075,1,9,2518,25.8692499024288,30.9339761242298,"Kansas Hamilton"
"929",20077,1,8,5485,25.8692499024288,21.8581072459912,"Kansas Harper"
"930",20079,0,2,34024,25.8692499024288,25.3566493690921,"Kansas Harvey"
"931",20081,1,9,3780,25.8692499024288,34.734894497788,"Kansas Haskell"
"932",20083,1,9,1723,25.8692499024288,17.8071558253105,"Kansas Hodgeman"
"933",20085,0,3,13232,25.8692499024288,29.287601123212,"Kansas Jackson"
"934",20087,0,3,18368,25.8692499024288,28.7598807688071,"Kansas Jefferson"
"935",20089,1,9,2932,25.8692499024288,19.8442534800029,"Kansas Jewell"
"936",20091,0,1,609863,25.8692499024288,28.6063552790688,"Kansas Johnson"
"937",20093,1,9,3983,25.8692499024288,42.6175574894316,"Kansas Kearny"
"938",20095,1,8,7470,25.8692499024288,22.7317580618981,"Kansas Kingman"
"939",20097,1,9,2460,25.8692499024288,23.5017406737918,"Kansas Kiowa"
"940",20099,1,7,20184,25.8692499024288,26.2235715974279,"Kansas Labette"
"941",20101,1,9,1574,25.8692499024288,23.2989514978504,"Kansas Lane"
"942",20103,0,1,81881,25.8692499024288,30.2870280164437,"Kansas Leavenworth"
"943",20105,1,9,2939,25.8692499024288,16.6766520204198,"Kansas Lincoln"
"944",20107,0,1,9591,25.8692499024288,26.8694803599413,"Kansas Linn"
"945",20109,1,9,2762,25.8692499024288,33.782475635155,"Kansas Logan"
"946",20111,1,4,32179,25.8692499024288,30.8138348460817,"Kansas Lyon"
"947",20113,1,7,30223,25.8692499024288,28.3297092295674,"Kansas McPherson"
"948",20115,1,8,11823,25.8692499024288,22.234345066028,"Kansas Marion"
"949",20117,1,8,10038,25.8692499024288,28.3249545278357,"Kansas Marshall"
"950",20119,1,9,4055,25.8692499024288,32.3221543025611,"Kansas Meade"
"951",20121,0,1,34191,25.8692499024288,30.5787304147157,"Kansas Miami"
"952",20123,1,9,5796,25.8692499024288,28.9061620640918,"Kansas Mitchell"
"953",20125,1,7,31486,25.8692499024288,25.6458955277476,"Kansas Montgomery"
"954",20127,1,8,5386,25.8692499024288,16.8434962946836,"Kansas Morris"
"955",20129,1,9,2701,25.8692499024288,22.768655199002,"Kansas Morton"
"956",20131,1,9,10273,25.8692499024288,30.928788774109,"Kansas Nemaha"
"957",20133,1,7,15904,25.8692499024288,31.1399439727864,"Kansas Neosho"
"958",20135,1,9,2687,25.8692499024288,34.3839418104517,"Kansas Ness"
"959",20137,1,9,5459,25.8692499024288,22.5160943016627,"Kansas Norton"
"960",20139,0,3,15766,25.8692499024288,23.9236446052578,"Kansas Osage"
"961",20141,1,9,3500,25.8692499024288,17.7889182540596,"Kansas Osborne"
"962",20143,1,9,5735,25.8692499024288,27.1457078773828,"Kansas Ottawa"
"963",20145,1,9,6253,25.8692499024288,11.7338146016552,"Kansas Pawnee"
"964",20147,1,9,4981,25.8692499024288,20.7813694340935,"Kansas Phillips"
"965",20149,0,3,25348,25.8692499024288,33.3812074658018,"Kansas Pottawatomie"
"966",20151,1,7,9157,25.8692499024288,20.9647102208727,"Kansas Pratt"
"967",20153,1,9,2561,25.8692499024288,28.9455881966069,"Kansas Rawlins"
"968",20155,1,4,61898,25.8692499024288,19.5069171125902,"Kansas Reno"
"969",20157,1,9,4674,25.8692499024288,19.6691010399216,"Kansas Republic"
"970",20159,1,9,9427,25.8692499024288,25.9383136071986,"Kansas Rice"
"971",20161,0,3,71959,25.8692499024288,26.9342068349129,"Kansas Riley"
"972",20163,1,9,4919,25.8692499024288,28.2851625904305,"Kansas Rooks"
"973",20165,1,9,2956,25.8692499024288,13.3050430669905,"Kansas Rush"
"974",20167,1,9,6691,25.8692499024288,19.5135511131522,"Kansas Russell"
"975",20169,1,5,54303,25.8692499024288,21.570687348356,"Kansas Saline"
"976",20171,1,9,5151,25.8692499024288,42.2481185158659,"Kansas Scott"
"977",20173,0,2,523824,25.8692499024288,28.3739423508897,"Kansas Sedgwick"
"978",20175,1,7,21964,25.8692499024288,38.4847142329358,"Kansas Seward"
"979",20177,0,3,178909,25.8692499024288,24.9252468598363,"Kansas Shawnee"
"980",20179,1,9,2447,25.8692499024288,13.4266644583904,"Kansas Sheridan"
"981",20181,1,9,5927,25.8692499024288,20.6076928049919,"Kansas Sherman"
"982",20183,1,9,3570,25.8692499024288,21.6283049851033,"Kansas Smith"
"983",20185,1,9,4072,25.8692499024288,25.6461950313261,"Kansas Stafford"
"984",20187,1,9,2084,25.8692499024288,24.3787938625662,"Kansas Stanton"
"985",20189,1,9,5250,25.8692499024288,39.2672215196015,"Kansas Stevens"
"986",20191,0,2,22382,25.8692499024288,24.7827619892182,"Kansas Sumner"
"987",20193,1,7,7930,25.8692499024288,31.9539466702205,"Kansas Thomas"
"988",20195,1,9,2808,25.8692499024288,33.4163345388578,"Kansas Trego"
"989",20197,0,3,6877,25.8692499024288,22.9225082857135,"Kansas Wabaunsee"
"990",20199,1,9,1512,25.8692499024288,21.1489877062034,"Kansas Wallace"
"991",20201,1,9,5530,25.8692499024288,21.9869030125125,"Kansas Washington"
"992",20203,1,9,2152,25.8692499024288,46.4556692287985,"Kansas Wichita"
"993",20205,1,9,8624,25.8692499024288,25.6932545759058,"Kansas Wilson"
"994",20207,1,9,3115,25.8692499024288,15.6033627580559,"Kansas Woodson"
"995",20209,0,1,169245,25.8692499024288,34.4822991223869,"Kansas Wyandotte"
"996",21001,1,7,18903,34.5201826016318,27.8662436194117,"Kentucky Adair"
"997",21003,0,3,20588,34.5201826016318,34.7661192350218,"Kentucky Allen"
"998",21005,1,6,23852,34.5201826016318,34.192875461908,"Kentucky Anderson"
"999",21007,0,3,7728,34.5201826016318,33.6894895975239,"Kentucky Ballard"
"1000",21009,1,6,44485,34.5201826016318,33.3066282132314,"Kentucky Barren"
"1001",21011,1,8,12750,34.5201826016318,41.0097621714948,"Kentucky Bath"
"1002",21013,1,7,24097,34.5201826016318,43.2873540011956,"Kentucky Bell"
"1003",21015,0,1,135968,34.5201826016318,33.8396515864368,"Kentucky Boone"
"1004",21017,0,2,20252,34.5201826016318,26.9296610246206,"Kentucky Bourbon"
"1005",21019,0,2,48261,34.5201826016318,32.2442804257798,"Kentucky Boyd"
"1006",21021,1,7,30614,34.5201826016318,33.4881540774033,"Kentucky Boyle"
"1007",21023,0,1,8400,34.5201826016318,39.5619871016886,"Kentucky Bracken"
"1008",21025,1,9,13718,34.5201826016318,32.717374314532,"Kentucky Breathitt"
"1009",21027,1,8,20432,34.5201826016318,34.1665971886949,"Kentucky Breckinridge"
"1010",21029,0,1,82217,34.5201826016318,37.5361908237777,"Kentucky Bullitt"
"1011",21031,0,3,12371,34.5201826016318,38.1719726647608,"Kentucky Butler"
"1012",21033,1,7,12649,34.5201826016318,35.3466897600852,"Kentucky Caldwell"
"1013",21035,1,7,37103,34.5201826016318,30.1336959964206,"Kentucky Calloway"
"1014",21037,0,1,93076,34.5201826016318,30.7727654602072,"Kentucky Campbell"
"1015",21039,0,3,4826,34.5201826016318,37.1505165844607,"Kentucky Carlisle"
"1016",21041,1,6,10810,34.5201826016318,36.6468149796723,"Kentucky Carroll"
"1017",21043,0,2,26627,34.5201826016318,34.4803819584543,"Kentucky Carter"
"1018",21045,1,9,15941,34.5201826016318,37.3377400460018,"Kentucky Casey"
"1019",21047,0,2,72748,34.5201826016318,34.4305255061399,"Kentucky Christian"
"1020",21049,0,2,36972,34.5201826016318,30.9722926526233,"Kentucky Clark"
"1021",21051,1,9,20345,34.5201826016318,46.1952747586339,"Kentucky Clay"
"1022",21053,1,9,9253,34.5201826016318,27.3032669208142,"Kentucky Clinton"
"1023",21055,1,8,8990,34.5201826016318,33.0139857885876,"Kentucky Crittenden"
"1024",21057,1,9,5888,34.5201826016318,23.6305879793286,"Kentucky Cumberland"
"1025",21059,0,3,103312,34.5201826016318,31.7131001139332,"Kentucky Daviess"
"1026",21061,0,3,12126,34.5201826016318,45.5011931149178,"Kentucky Edmonson"
"1027",21063,1,8,7354,34.5201826016318,27.386481071714,"Kentucky Elliott"
"1028",21065,1,8,14163,34.5201826016318,39.4985343973379,"Kentucky Estill"
"1029",21067,0,2,322570,34.5201826016318,27.2683781153899,"Kentucky Fayette"
"1030",21069,1,9,15082,34.5201826016318,31.623549257249,"Kentucky Fleming"
"1031",21071,1,7,35942,34.5201826016318,34.7853431715955,"Kentucky Floyd"
"1032",21073,1,4,51541,34.5201826016318,29.456087632923,"Kentucky Franklin"
"1033",21075,1,9,6515,34.5201826016318,34.6964954320976,"Kentucky Fulton"
"1034",21077,0,1,8690,34.5201826016318,38.5607209179802,"Kentucky Gallatin"
"1035",21079,1,8,16953,34.5201826016318,39.0743473788522,"Kentucky Garrard"
"1036",21081,0,1,24941,34.5201826016318,39.7261307221231,"Kentucky Grant"
"1037",21083,1,6,36649,34.5201826016318,32.068403450117,"Kentucky Graves"
"1038",21085,1,6,26420,34.5201826016318,29.8618995873202,"Kentucky Grayson"
"1039",21087,1,8,11107,34.5201826016318,39.7856167603463,"Kentucky Green"
"1040",21089,0,2,35962,34.5201826016318,30.090810321329,"Kentucky Greenup"
"1041",21091,1,8,9095,34.5201826016318,46.2390211094352,"Kentucky Hancock"
"1042",21093,0,3,110702,34.5201826016318,33.9380287175657,"Kentucky Hardin"
"1043",21095,1,7,26831,34.5201826016318,44.9030045519713,"Kentucky Harlan"
"1044",21097,1,6,18692,34.5201826016318,31.9933844060898,"Kentucky Harrison"
"1045",21099,1,8,19288,34.5201826016318,31.5140445925193,"Kentucky Hart"
"1046",21101,1,4,44793,34.5201826016318,34.8512771443966,"Kentucky Henderson"
"1047",21103,0,1,15678,34.5201826016318,36.627734722053,"Kentucky Henry"
"1048",21105,1,8,4521,34.5201826016318,35.5456469718929,"Kentucky Hickman"
"1049",21107,1,5,45423,34.5201826016318,35.464424284735,"Kentucky Hopkins"
"1050",21109,1,9,12955,34.5201826016318,36.9130454106296,"Kentucky Jackson"
"1051",21111,0,1,782969,34.5201826016318,28.3085756477744,"Kentucky Jefferson"
"1052",21113,0,2,52991,34.5201826016318,37.563149510341,"Kentucky Jessamine"
"1053",21115,1,7,22680,34.5201826016318,36.6110825731606,"Kentucky Johnson"
"1054",21117,0,1,169064,34.5201826016318,30.3096534762297,"Kentucky Kenton"
"1055",21119,1,9,14251,34.5201826016318,31.957192156214,"Kentucky Knott"
"1056",21121,1,7,30193,34.5201826016318,35.0157315936835,"Kentucky Knox"
"1057",21123,0,3,14867,34.5201826016318,32.3632024482765,"Kentucky Larue"
"1058",21125,1,5,62613,34.5201826016318,40.1764492863667,"Kentucky Laurel"
"1059",21127,0,2,16293,34.5201826016318,35.1107795080818,"Kentucky Lawrence"
"1060",21129,1,9,7395,34.5201826016318,27.628738831088,"Kentucky Lee"
"1061",21131,1,9,10513,34.5201826016318,31.3377590659974,"Kentucky Leslie"
"1062",21133,1,9,21548,34.5201826016318,33.1115737651638,"Kentucky Letcher"
"1063",21135,1,8,13080,34.5201826016318,28.7591179328175,"Kentucky Lewis"
"1064",21137,1,9,24275,34.5201826016318,32.5561223957004,"Kentucky Lincoln"
"1065",21139,0,3,8888,34.5201826016318,35.1550197284801,"Kentucky Livingston"
"1066",21141,1,6,27432,34.5201826016318,36.3023489896432,"Kentucky Logan"
"1067",21143,1,8,8680,34.5201826016318,24.1936192525459,"Kentucky Lyon"
"1068",21145,0,3,67875,34.5201826016318,30.3621723871365,"Kentucky McCracken"
"1069",21147,1,9,16888,34.5201826016318,30.1168313596784,"Kentucky McCreary"
"1070",21149,0,3,9152,34.5201826016318,37.8639303267965,"Kentucky McLean"
"1071",21151,1,4,92701,34.5201826016318,32.2632186126658,"Kentucky Madison"
"1072",21153,1,9,11637,34.5201826016318,33.7546001955138,"Kentucky Magoffin"
"1073",21155,1,6,19581,34.5201826016318,26.6959176330507,"Kentucky Marion"
"1074",21157,1,8,31659,34.5201826016318,34.6615164044282,"Kentucky Marshall"
"1075",21159,1,8,11287,34.5201826016318,35.0244478668413,"Kentucky Martin"
"1076",21161,1,6,17120,34.5201826016318,29.7675503015095,"Kentucky Mason"
"1077",21163,0,1,30003,34.5201826016318,39.7035344504908,"Kentucky Meade"
"1078",21165,1,9,6113,34.5201826016318,26.0517368623382,"Kentucky Menifee"
"1079",21167,1,6,22641,34.5201826016318,32.2098881320237,"Kentucky Mercer"
"1080",21169,1,9,10286,34.5201826016318,38.8477627509728,"Kentucky Metcalfe"
"1081",21171,1,8,11338,34.5201826016318,30.6424934321076,"Kentucky Monroe"
"1082",21173,1,6,28114,34.5201826016318,35.4011152419574,"Kentucky Montgomery"
"1083",21175,1,9,13726,34.5201826016318,30.3964979039286,"Kentucky Morgan"
"1084",21177,1,6,30928,34.5201826016318,36.4883488886047,"Kentucky Muhlenberg"
"1085",21179,0,1,46738,34.5201826016318,32.9834040267418,"Kentucky Nelson"
"1086",21181,1,8,7537,34.5201826016318,40.1244990851671,"Kentucky Nicholas"
"1087",21183,1,6,23772,34.5201826016318,38.3246459131287,"Kentucky Ohio"
"1088",21185,0,1,67607,34.5201826016318,37.5890241513528,"Kentucky Oldham"
"1089",21187,1,8,11278,34.5201826016318,31.459405170013,"Kentucky Owen"
"1090",21189,1,9,4051,34.5201826016318,28.7148149252061,"Kentucky Owsley"
"1091",21191,0,1,14644,34.5201826016318,38.1364755676456,"Kentucky Pendleton"
"1092",21193,1,7,28473,34.5201826016318,42.6378929747149,"Kentucky Perry"
"1093",21195,1,7,58669,34.5201826016318,33.5602297422837,"Kentucky Pike"
"1094",21197,1,8,13129,34.5201826016318,34.2439798207719,"Kentucky Powell"
"1095",21199,1,5,65034,34.5201826016318,33.5566935080967,"Kentucky Pulaski"
"1096",21201,1,8,2193,34.5201826016318,30.431062472079,"Kentucky Robertson"
"1097",21203,1,9,16037,34.5201826016318,41.0898309723489,"Kentucky Rockcastle"
"1098",21205,1,6,24662,34.5201826016318,35.2386951297186,"Kentucky Rowan"
"1099",21207,1,9,17991,34.5201826016318,29.1721535225029,"Kentucky Russell"
"1100",21209,0,2,57155,34.5201826016318,35.6240829226602,"Kentucky Scott"
"1101",21211,0,1,48065,34.5201826016318,37.7045743736609,"Kentucky Shelby"
"1102",21213,1,6,19594,34.5201826016318,38.4256986692025,"Kentucky Simpson"
"1103",21215,0,1,19490,34.5201826016318,42.0911408876388,"Kentucky Spencer"
"1104",21217,1,7,26023,34.5201826016318,34.1497677652794,"Kentucky Taylor"
"1105",21219,1,8,12243,34.5201826016318,40.7972308562725,"Kentucky Todd"
"1106",21221,0,2,14061,34.5201826016318,37.1802925125483,"Kentucky Trigg"
"1107",21223,1,8,8474,34.5201826016318,37.3419105061772,"Kentucky Trimble"
"1108",21225,1,8,13668,34.5201826016318,34.5023108111486,"Kentucky Union"
"1109",21227,0,3,134554,34.5201826016318,34.7320031714826,"Kentucky Warren"
"1110",21229,1,8,12027,34.5201826016318,34.8412264320494,"Kentucky Washington"
"1111",21231,1,7,19555,34.5201826016318,34.22708362575,"Kentucky Wayne"
"1112",21233,1,9,13017,34.5201826016318,39.3041672291405,"Kentucky Webster"
"1113",21235,1,7,36712,34.5201826016318,42.7869499759695,"Kentucky Whitley"
"1114",21237,1,9,6562,34.5201826016318,29.8853502006858,"Kentucky Wolfe"
"1115",21239,0,2,26871,34.5201826016318,31.5780531073487,"Kentucky Woodford"
"1116",22001,0,2,57576,35.5564111614341,35.5819508431666,"Louisiana Acadia Parish"
"1117",22003,1,6,22750,35.5564111614341,36.083066257325,"Louisiana Allen Parish"
"1118",22005,0,2,126500,35.5564111614341,40.7130596872635,"Louisiana Ascension Parish"
"1119",22007,0,2,21039,35.5564111614341,37.5164480210518,"Louisiana Assumption Parish"
"1120",22009,1,6,39693,35.5564111614341,29.7173505349149,"Louisiana Avoyelles Parish"
"1121",22011,1,6,36549,35.5564111614341,44.465058813093,"Louisiana Beauregard Parish"
"1122",22013,1,8,12981,35.5564111614341,30.6698512456371,"Louisiana Bienville Parish"
"1123",22015,0,2,128746,35.5564111614341,34.6332345113184,"Louisiana Bossier Parish"
"1124",22017,0,2,237848,35.5564111614341,33.4415753981775,"Louisiana Caddo Parish"
"1125",22019,0,2,216785,35.5564111614341,37.4284831132619,"Louisiana Calcasieu Parish"
"1126",22021,1,8,9645,35.5564111614341,36.6002991400923,"Louisiana Caldwell Parish"
"1127",22023,0,2,5617,35.5564111614341,51.8863683205841,"Louisiana Cameron Parish"
"1128",22025,1,9,8906,35.5564111614341,43.949028667732,"Louisiana Catahoula Parish"
"1129",22027,1,9,14170,35.5564111614341,27.5893291072697,"Louisiana Claiborne Parish"
"1130",22029,1,6,18687,35.5564111614341,28.167900485131,"Louisiana Concordia Parish"
"1131",22031,0,2,26812,35.5564111614341,35.0928448409869,"Louisiana De Soto Parish"
"1132",22033,0,2,456781,35.5564111614341,32.1416649109788,"Louisiana East Baton Rouge Parish"
"1133",22035,1,8,7459,35.5564111614341,35.3397729895404,"Louisiana East Carroll Parish"
"1134",22037,0,2,19539,35.5564111614341,26.1502607217848,"Louisiana East Feliciana Parish"
"1135",22039,1,6,32350,35.5564111614341,32.2941460441307,"Louisiana Evangeline Parish"
"1136",22041,1,6,19774,35.5564111614341,37.0589514833433,"Louisiana Franklin Parish"
"1137",22043,0,3,22169,35.5564111614341,30.4196218041332,"Louisiana Grant Parish"
"1138",22045,1,4,69929,35.5564111614341,40.0203639369099,"Louisiana Iberia Parish"
"1139",22047,0,2,30241,35.5564111614341,37.6128304156449,"Louisiana Iberville Parish"
"1140",22049,1,6,15031,35.5564111614341,36.1497413743353,"Louisiana Jackson Parish"
"1141",22051,0,1,440781,35.5564111614341,32.9159340499859,"Louisiana Jefferson Parish"
"1142",22053,0,2,32250,35.5564111614341,37.7051587221865,"Louisiana Jefferson Davis Parish"
"1143",22055,0,2,241753,35.5564111614341,31.1887796653327,"Louisiana Lafayette Parish"
"1144",22057,0,3,97557,35.5564111614341,37.3680929026681,"Louisiana Lafourche Parish"
"1145",22059,1,8,14791,35.5564111614341,48.1913866715258,"Louisiana LaSalle Parish"
"1146",22061,1,4,48396,35.5564111614341,29.9450394657683,"Louisiana Lincoln Parish"
"1147",22063,0,2,142282,35.5564111614341,38.8676911260613,"Louisiana Livingston Parish"
"1148",22065,1,6,10017,35.5564111614341,32.5395879839821,"Louisiana Madison Parish"
"1149",22067,0,3,25629,35.5564111614341,31.4390085699432,"Louisiana Morehouse Parish"
"1150",22069,1,6,37515,35.5564111614341,29.8847490128516,"Louisiana Natchitoches Parish"
"1151",22071,0,1,383997,35.5564111614341,23.2093835616919,"Louisiana Orleans Parish"
"1152",22073,0,3,160368,35.5564111614341,34.178281955723,"Louisiana Ouachita Parish"
"1153",22075,0,1,23515,35.5564111614341,44.3788124432741,"Louisiana Plaquemines Parish"
"1154",22077,0,2,20758,35.5564111614341,30.907733004496,"Louisiana Pointe Coupee Parish"
"1155",22079,0,3,130023,35.5564111614341,33.9318488374938,"Louisiana Rapides Parish"
"1156",22081,1,8,7620,35.5564111614341,34.2302037735155,"Louisiana Red River Parish"
"1157",22083,0,3,20043,35.5564111614341,37.787502001042,"Louisiana Richland Parish"
"1158",22085,1,8,22155,35.5564111614341,38.2941246094582,"Louisiana Sabine Parish"
"1159",22087,0,1,43764,35.5564111614341,34.7667285180484,"Louisiana St. Bernard Parish"
"1160",22089,0,1,52549,35.5564111614341,38.1180341405967,"Louisiana St. Charles Parish"
"1161",22091,0,2,10920,35.5564111614341,30.1991608080584,"Louisiana St. Helena Parish"
"1162",22093,0,1,20192,35.5564111614341,48.1770324836771,"Louisiana St. James Parish"
"1163",22095,0,1,42477,35.5564111614341,40.4424002026445,"Louisiana St. John the Baptist Parish"
"1164",22097,1,4,82540,35.5564111614341,38.4199090115374,"Louisiana St. Landry Parish"
"1165",22099,0,2,51767,35.5564111614341,33.4499035197683,"Louisiana St. Martin Parish"
"1166",22101,1,4,49406,35.5564111614341,36.9907561651373,"Louisiana St. Mary Parish"
"1167",22103,0,2,264570,35.5564111614341,35.8113793785666,"Louisiana St. Tammany Parish"
"1168",22105,0,3,133157,35.5564111614341,35.6949111281307,"Louisiana Tangipahoa Parish"
"1169",22107,1,9,4147,35.5564111614341,24.2059846093193,"Louisiana Tensas Parish"
"1170",22109,0,3,109580,35.5564111614341,40.8860039414834,"Louisiana Terrebonne Parish"
"1171",22111,0,3,21107,35.5564111614341,34.6141057550372,"Louisiana Union Parish"
"1172",22113,0,2,57359,35.5564111614341,36.5547522136268,"Louisiana Vermilion Parish"
"1173",22115,1,4,48750,35.5564111614341,38.464406703619,"Louisiana Vernon Parish"
"1174",22117,1,6,45463,35.5564111614341,36.3333474166912,"Louisiana Washington Parish"
"1175",22119,1,6,36967,35.5564111614341,34.8368628219444,"Louisiana Webster Parish"
"1176",22121,0,2,27199,35.5564111614341,41.242097513983,"Louisiana West Baton Rouge Parish"
"1177",22123,1,8,9751,35.5564111614341,36.2486347913986,"Louisiana West Carroll Parish"
"1178",22125,0,2,15310,35.5564111614341,27.4405117814073,"Louisiana West Feliciana Parish"
"1179",22127,1,8,13755,35.5564111614341,35.0268704023012,"Louisiana Winn Parish"
"1180",23001,0,3,111139,18.7970088598253,23.6873651573499,"Maine Androscoggin"
"1181",23003,1,7,67105,18.7970088598253,22.0539523478532,"Maine Aroostook"
"1182",23005,0,2,303069,18.7970088598253,22.8985916987241,"Maine Cumberland"
"1183",23007,1,8,29456,18.7970088598253,16.2949956768181,"Maine Franklin"
"1184",23009,1,8,55478,18.7970088598253,14.3519114763544,"Maine Hancock"
"1185",23011,1,4,123642,18.7970088598253,19.7580150728266,"Maine Kennebec"
"1186",23013,1,7,40607,18.7970088598253,16.458607071006,"Maine Knox"
"1187",23015,1,8,35237,18.7970088598253,15.6045214185023,"Maine Lincoln"
"1188",23017,1,6,57777,18.7970088598253,16.416327688807,"Maine Oxford"
"1189",23019,0,3,152199,18.7970088598253,19.7726675398256,"Maine Penobscot"
"1190",23021,1,8,16800,18.7970088598253,17.8260921502912,"Maine Piscataquis"
"1191",23023,0,2,36699,18.7970088598253,21.1879745493388,"Maine Sagadahoc"
"1192",23025,1,6,50477,18.7970088598253,19.6503256498213,"Maine Somerset"
"1193",23027,1,8,39607,18.7970088598253,17.1740279966291,"Maine Waldo"
"1194",23029,1,9,31095,18.7970088598253,14.9318617320732,"Maine Washington"
"1195",23031,0,2,211972,18.7970088598253,22.6849045309832,"Maine York"
"1196",24001,1,4,68106,31.3229740385615,22.9786709287034,"Maryland Allegany"
"1197",24003,0,1,588261,31.3229740385615,31.3064961748845,"Maryland Anne Arundel"
"1198",24005,0,1,854535,31.3229740385615,29.3893965331602,"Maryland Baltimore"
"1199",24009,0,3,92783,31.3229740385615,35.5727620966189,"Maryland Calvert"
"1200",24011,1,6,33293,31.3229740385615,31.2342584322385,"Maryland Caroline"
"1201",24013,0,1,172891,31.3229740385615,32.3085162714341,"Maryland Carroll"
"1202",24015,0,1,103725,31.3229740385615,35.1863737385865,"Maryland Cecil"
"1203",24017,0,1,166617,31.3229740385615,39.2022074165777,"Maryland Charles"
"1204",24019,1,6,32531,31.3229740385615,26.1037089619854,"Maryland Dorchester"
"1205",24021,0,1,271717,31.3229740385615,34.0258131839458,"Maryland Frederick"
"1206",24023,1,8,28806,31.3229740385615,25.8574427206619,"Maryland Garrett"
"1207",24025,0,1,260924,31.3229740385615,34.2422835163592,"Maryland Harford"
"1208",24027,0,1,332317,31.3229740385615,36.7790739142591,"Maryland Howard"
"1209",24029,1,6,19198,31.3229740385615,21.1075457754728,"Maryland Kent"
"1210",24031,0,1,1062061,31.3229740385615,38.4343031076247,"Maryland Montgomery"
"1211",24033,0,1,967201,31.3229740385615,40.4525161958367,"Maryland Prince George's"
"1212",24035,0,1,49874,31.3229740385615,32.0051502570875,"Maryland Queen Anne's"
"1213",24037,0,3,113777,31.3229740385615,35.4616502878697,"Maryland St. Mary's"
"1214",24039,0,3,24620,31.3229740385615,28.2078724196432,"Maryland Somerset"
"1215",24041,1,6,37526,31.3229740385615,21.5017525395299,"Maryland Talbot"
"1216",24043,0,2,154705,31.3229740385615,31.7926954926827,"Maryland Washington"
"1217",24045,0,3,103588,31.3229740385615,33.2693974939646,"Maryland Wicomico"
"1218",24047,1,4,52460,31.3229740385615,27.2797690207786,"Maryland Worcester"
"1219",24510,0,1,585708,31.3229740385615,28.0517204455709,"Maryland Baltimore city"
"1220",25001,0,3,228996,26.6170539279408,19.0548191565,"Massachusetts Barnstable"
"1221",25003,0,3,129026,26.6170539279408,21.2432237261695,"Massachusetts Berkshire"
"1222",25005,0,1,579200,26.6170539279408,30.3763440298339,"Massachusetts Bristol"
"1223",25007,1,7,20600,26.6170539279408,20.215194089454,"Massachusetts Dukes"
"1224",25009,0,1,809829,26.6170539279408,30.0106100159286,"Massachusetts Essex"
"1225",25011,1,4,71029,26.6170539279408,17.0832625899102,"Massachusetts Franklin"
"1226",25013,0,2,465825,26.6170539279408,28.0026619302659,"Massachusetts Hampden"
"1227",25015,0,3,162308,26.6170539279408,22.3453716555066,"Massachusetts Hampshire"
"1228",25017,0,1,1632002,26.6170539279408,33.6240891462302,"Massachusetts Middlesex"
"1229",25019,1,7,14255,26.6170539279408,24.6612475044074,"Massachusetts Nantucket"
"1230",25021,0,1,725981,26.6170539279408,31.9166106086801,"Massachusetts Norfolk"
"1231",25023,0,1,530819,26.6170539279408,30.6316190615511,"Massachusetts Plymouth"
"1232",25025,0,1,797936,26.6170539279408,34.8646006488164,"Massachusetts Suffolk"
"1233",25027,0,2,862111,26.6170539279408,28.6091008279171,"Massachusetts Worcester"
"1234",26001,1,9,10167,25.6032170440914,20.709610316054,"Michigan Alcona"
"1235",26003,1,9,8842,25.6032170440914,25.0886409502742,"Michigan Alger"
"1236",26005,1,4,120502,25.6032170440914,32.4112078956903,"Michigan Allegan"
"1237",26007,1,7,28907,25.6032170440914,21.3259231773265,"Michigan Alpena"
"1238",26009,1,8,23431,25.6032170440914,27.0985474655804,"Michigan Antrim"
"1239",26011,1,8,15002,25.6032170440914,21.686214962216,"Michigan Arenac"
"1240",26013,1,9,8158,25.6032170440914,23.1402620318679,"Michigan Baraga"
"1241",26015,0,1,62423,25.6032170440914,25.8142684693654,"Michigan Barry"
"1242",26017,0,3,103856,25.6032170440914,20.9920538152321,"Michigan Bay"
"1243",26019,0,3,17970,25.6032170440914,24.0965522432288,"Michigan Benzie"
"1244",26021,0,3,154316,25.6032170440914,27.3695068803423,"Michigan Berrien"
"1245",26023,1,6,44862,25.6032170440914,28.934851616931,"Michigan Branch"
"1246",26025,0,3,134310,25.6032170440914,25.016183252829,"Michigan Calhoun"
"1247",26027,0,2,51589,25.6032170440914,30.4040930758451,"Michigan Cass"
"1248",26029,1,7,26054,25.6032170440914,26.9463085809251,"Michigan Charlevoix"
"1249",26031,1,7,25579,25.6032170440914,25.1993518940583,"Michigan Cheboygan"
"1250",26033,1,7,36785,25.6032170440914,23.4504685685328,"Michigan Chippewa"
"1251",26035,1,8,30856,25.6032170440914,23.3778364707693,"Michigan Clare"
"1252",26037,0,2,79128,25.6032170440914,28.4214825140999,"Michigan Clinton"
"1253",26039,1,9,12988,25.6032170440914,21.9448612610063,"Michigan Crawford"
"1254",26041,1,5,36903,25.6032170440914,27.3776285201545,"Michigan Delta"
"1255",26043,1,7,25947,25.6032170440914,26.4611266249724,"Michigan Dickinson"
"1256",26045,0,2,109175,25.6032170440914,26.0294722859112,"Michigan Eaton"
"1257",26047,1,7,34112,25.6032170440914,28.0068394199767,"Michigan Emmet"
"1258",26049,0,2,406211,25.6032170440914,27.7863073532146,"Michigan Genesee"
"1259",26051,1,8,25386,25.6032170440914,26.4307104251525,"Michigan Gladwin"
"1260",26053,1,7,14380,25.6032170440914,17.7988338499394,"Michigan Gogebic"
"1261",26055,0,3,95238,25.6032170440914,24.0462790124793,"Michigan Grand Traverse"
"1262",26057,1,6,41761,25.6032170440914,24.2606670627042,"Michigan Gratiot"
"1263",26059,1,6,45746,25.6032170440914,25.3203373473022,"Michigan Hillsdale"
"1264",26061,1,5,37361,25.6032170440914,23.6711995236771,"Michigan Houghton"
"1265",26063,1,9,31407,25.6032170440914,20.9072861274695,"Michigan Huron"
"1266",26065,0,2,284900,25.6032170440914,27.0813931263947,"Michigan Ingham"
"1267",26067,0,1,66804,25.6032170440914,27.2554610914944,"Michigan Ionia"
"1268",26069,1,7,25237,25.6032170440914,16.9132945356863,"Michigan Iosco"
"1269",26071,1,9,11631,25.6032170440914,16.7462591120109,"Michigan Iron"
"1270",26073,1,4,64394,25.6032170440914,28.0437511427944,"Michigan Isabella"
"1271",26075,0,3,160366,25.6032170440914,24.0051462413356,"Michigan Jackson"
"1272",26077,0,2,261670,25.6032170440914,26.3471155308292,"Michigan Kalamazoo"
"1273",26079,0,3,17939,25.6032170440914,25.2914304972618,"Michigan Kalkaska"
"1274",26081,0,1,657974,25.6032170440914,30.4251509194792,"Michigan Kent"
"1275",26083,1,9,2046,25.6032170440914,18.3807455556995,"Michigan Keweenaw"
"1276",26085,1,9,12096,25.6032170440914,18.6529447295118,"Michigan Lake"
"1277",26087,0,1,88619,25.6032170440914,31.9621664436002,"Michigan Lapeer"
"1278",26089,0,3,22301,25.6032170440914,18.809020892635,"Michigan Leelanau"
"1279",26091,1,4,99423,25.6032170440914,25.132549385261,"Michigan Lenawee"
"1280",26093,0,1,193866,25.6032170440914,29.9542258208624,"Michigan Livingston"
"1281",26095,1,9,5339,25.6032170440914,23.9374037785979,"Michigan Luce"
"1282",26097,1,9,10834,25.6032170440914,27.016111096257,"Michigan Mackinac"
"1283",26099,0,1,881217,25.6032170440914,28.9671515261642,"Michigan Macomb"
"1284",26101,1,6,25032,25.6032170440914,21.1085288636353,"Michigan Manistee"
"1285",26103,1,5,66017,25.6032170440914,26.758416392202,"Michigan Marquette"
"1286",26105,1,7,29052,25.6032170440914,24.4585794436742,"Michigan Mason"
"1287",26107,1,6,39714,25.6032170440914,25.777430737833,"Michigan Mecosta"
"1288",26109,1,7,23502,25.6032170440914,24.8850974983523,"Michigan Menominee"
"1289",26111,0,3,83494,25.6032170440914,25.7245193341523,"Michigan Midland"
"1290",26113,1,8,15052,25.6032170440914,30.397242927719,"Michigan Missaukee"
"1291",26115,0,3,154809,25.6032170440914,27.9361333466099,"Michigan Monroe"
"1292",26117,0,1,66614,25.6032170440914,26.8420858295279,"Michigan Montcalm"
"1293",26119,1,9,9153,25.6032170440914,20.781385442831,"Michigan Montmorency"
"1294",26121,0,3,175824,25.6032170440914,29.1390832426739,"Michigan Muskegon"
"1295",26123,1,6,49978,25.6032170440914,31.1728171401872,"Michigan Newaygo"
"1296",26125,0,1,1274395,25.6032170440914,27.5331118695553,"Michigan Oakland"
"1297",26127,1,8,26659,25.6032170440914,29.488025450114,"Michigan Oceana"
"1298",26129,1,9,20770,25.6032170440914,25.2181604033905,"Michigan Ogemaw"
"1299",26131,1,9,5816,25.6032170440914,19.4723549465847,"Michigan Ontonagon"
"1300",26133,1,9,22891,25.6032170440914,29.7341198365892,"Michigan Osceola"
"1301",26135,1,9,8219,25.6032170440914,20.9376488179279,"Michigan Oscoda"
"1302",26137,1,7,25091,25.6032170440914,27.5358544748888,"Michigan Otsego"
"1303",26139,0,1,296200,25.6032170440914,34.6816283453342,"Michigan Ottawa"
"1304",26141,1,9,12982,25.6032170440914,25.5105295723496,"Michigan Presque Isle"
"1305",26143,1,7,23459,25.6032170440914,17.6188726620401,"Michigan Roscommon"
"1306",26145,0,3,190124,25.6032170440914,27.684403222807,"Michigan Saginaw"
"1307",26147,0,1,160383,25.6032170440914,27.6462597243938,"Michigan St. Clair"
"1308",26149,1,4,60939,25.6032170440914,32.7741186619584,"Michigan St. Joseph"
"1309",26151,1,8,40611,25.6032170440914,25.065720454853,"Michigan Sanilac"
"1310",26153,1,9,8047,25.6032170440914,23.5021663826081,"Michigan Schoolcraft"
"1311",26155,1,4,68094,25.6032170440914,24.4139748858764,"Michigan Shiawassee"
"1312",26157,1,6,53323,25.6032170440914,26.0307027448275,"Michigan Tuscola"
"1313",26159,1,6,75587,25.6032170440914,30.2001907524432,"Michigan Van Buren"
"1314",26161,0,2,372258,25.6032170440914,29.8421202426723,"Michigan Washtenaw"
"1315",26163,0,1,1793561,25.6032170440914,30.0794884122027,"Michigan Wayne"
"1316",26165,1,6,33673,25.6032170440914,28.6700081757705,"Michigan Wexford"
"1317",27001,1,8,15697,28.1161614148274,21.0768687654654,"Minnesota Aitkin"
"1318",27003,0,1,363887,28.1161614148274,32.8503730262555,"Minnesota Anoka"
"1319",27005,1,6,35183,28.1161614148274,26.2091836699673,"Minnesota Becker"
"1320",27007,1,7,46228,28.1161614148274,30.8536020091258,"Minnesota Beltrami"
"1321",27009,0,3,41379,28.1161614148274,29.5711167601438,"Minnesota Benton"
"1322",27011,1,9,5166,28.1161614148274,22.3925796289275,"Minnesota Big Stone"
"1323",27013,0,3,69112,28.1161614148274,31.6719872361084,"Minnesota Blue Earth"
"1324",27015,1,6,25912,28.1161614148274,27.536659258058,"Minnesota Brown"
"1325",27017,0,2,36207,28.1161614148274,28.7150209919253,"Minnesota Carlton"
"1326",27019,0,1,106922,28.1161614148274,34.0805042701283,"Minnesota Carver"
"1327",27021,1,9,30066,28.1161614148274,26.0773655978758,"Minnesota Cass"
"1328",27023,1,7,12598,28.1161614148274,26.5954977568417,"Minnesota Chippewa"
"1329",27025,0,1,56621,28.1161614148274,35.6070947361064,"Minnesota Chisago"
"1330",27027,0,3,65318,28.1161614148274,27.4097691493534,"Minnesota Clay"
"1331",27029,1,8,8524,28.1161614148274,30.1533642496105,"Minnesota Clearwater"
"1332",27031,1,9,5600,28.1161614148274,21.6169339590925,"Minnesota Cook"
"1333",27033,1,9,11517,28.1161614148274,26.8389615119549,"Minnesota Cottonwood"
"1334",27035,1,4,66123,28.1161614148274,26.4101635880386,"Minnesota Crow Wing"
"1335",27037,0,1,439882,28.1161614148274,32.7977364128319,"Minnesota Dakota"
"1336",27039,0,3,20867,28.1161614148274,36.2262636664692,"Minnesota Dodge"
"1337",27041,1,6,39006,28.1161614148274,27.9240445773758,"Minnesota Douglas"
"1338",27043,1,8,13921,28.1161614148274,24.9382219199417,"Minnesota Faribault"
"1339",27045,0,3,21228,28.1161614148274,31.181425687804,"Minnesota Fillmore"
"1340",27047,1,7,30895,28.1161614148274,26.4188990102088,"Minnesota Freeborn"
"1341",27049,1,6,47582,28.1161614148274,26.3155619365736,"Minnesota Goodhue"
"1342",27051,1,9,6074,28.1161614148274,23.7283962592708,"Minnesota Grant"
"1343",27053,0,1,1281565,28.1161614148274,28.1882204664329,"Minnesota Hennepin"
"1344",27055,0,3,18843,28.1161614148274,28.6182914505418,"Minnesota Houston"
"1345",27057,1,9,21344,28.1161614148274,26.2833023134997,"Minnesota Hubbard"
"1346",27059,0,1,41135,28.1161614148274,26.6932919999256,"Minnesota Isanti"
"1347",27061,1,6,45014,28.1161614148274,26.619339352135,"Minnesota Itasca"
"1348",27063,1,9,9989,28.1161614148274,25.7731933689045,"Minnesota Jackson"
"1349",27065,1,8,16032,28.1161614148274,26.5574459210238,"Minnesota Kanabec"
"1350",27067,1,4,43732,28.1161614148274,33.5129228425933,"Minnesota Kandiyohi"
"1351",27069,1,9,4207,28.1161614148274,24.0820261621018,"Minnesota Kittson"
"1352",27071,1,7,12062,28.1161614148274,22.9408654746445,"Minnesota Koochiching"
"1353",27073,1,9,6719,28.1161614148274,28.3890206200858,"Minnesota Lac qui Parle"
"1354",27075,1,8,10905,28.1161614148274,24.8795448344032,"Minnesota Lake"
"1355",27077,1,9,3763,28.1161614148274,21.7743210708058,"Minnesota Lake of the Woods"
"1356",27079,0,1,28674,28.1161614148274,29.5348481937205,"Minnesota Le Sueur"
"1357",27081,1,9,5640,28.1161614148274,23.92083101755,"Minnesota Lincoln"
"1358",27083,1,7,25269,28.1161614148274,27.7258575815998,"Minnesota Lyon"
"1359",27085,1,4,36771,28.1161614148274,27.8731501128564,"Minnesota McLeod"
"1360",27087,1,8,5411,28.1161614148274,29.6596279068176,"Minnesota Mahnomen"
"1361",27089,1,8,9040,28.1161614148274,22.7899971121278,"Minnesota Marshall"
"1362",27091,1,6,20025,28.1161614148274,26.7151301088368,"Minnesota Martin"
"1363",27093,1,6,23400,28.1161614148274,28.3110568183714,"Minnesota Meeker"
"1364",27095,0,1,26459,28.1161614148274,31.5627676450521,"Minnesota Mille Lacs"
"1365",27097,1,6,34010,28.1161614148274,30.9699740227454,"Minnesota Morrison"
"1366",27099,1,4,40029,28.1161614148274,33.936131682106,"Minnesota Mower"
"1367",27101,1,9,8179,28.1161614148274,23.9874569870864,"Minnesota Murray"
"1368",27103,0,3,34454,28.1161614148274,25.3525569696533,"Minnesota Nicollet"
"1369",27105,1,7,22290,28.1161614148274,36.2033210238035,"Minnesota Nobles"
"1370",27107,1,8,6441,28.1161614148274,26.0745938979956,"Minnesota Norman"
"1371",27109,0,3,162847,28.1161614148274,33.6764405700303,"Minnesota Olmsted"
"1372",27111,1,6,60081,28.1161614148274,28.1009822017645,"Minnesota Otter Tail"
"1373",27113,1,6,13992,28.1161614148274,24.6538839766267,"Minnesota Pennington"
"1374",27115,1,8,28876,28.1161614148274,27.7560352002996,"Minnesota Pine"
"1375",27117,1,8,9424,28.1161614148274,26.6170251122992,"Minnesota Pipestone"
"1376",27119,0,3,31192,28.1161614148274,27.498258961411,"Minnesota Polk"
"1377",27121,1,8,11308,28.1161614148274,26.5625820523828,"Minnesota Pope"
"1378",27123,0,1,552352,28.1161614148274,28.6150250942645,"Minnesota Ramsey"
"1379",27125,1,8,3935,28.1161614148274,26.9696753420179,"Minnesota Red Lake"
"1380",27127,1,9,15425,28.1161614148274,28.0385106261907,"Minnesota Redwood"
"1381",27129,1,9,14723,28.1161614148274,24.8802412083555,"Minnesota Renville"
"1382",27131,1,4,67097,28.1161614148274,30.1393800962625,"Minnesota Rice"
"1383",27133,0,2,9704,28.1161614148274,27.5238280759688,"Minnesota Rock"
"1384",27135,1,9,15331,28.1161614148274,30.5426953541843,"Minnesota Roseau"
"1385",27137,0,2,200231,28.1161614148274,22.7313804338996,"Minnesota St. Louis"
"1386",27139,0,1,150928,28.1161614148274,37.788690022776,"Minnesota Scott"
"1387",27141,0,1,97183,28.1161614148274,34.5533797479487,"Minnesota Sherburne"
"1388",27143,1,8,14836,28.1161614148274,26.7824285171474,"Minnesota Sibley"
"1389",27145,0,3,158292,28.1161614148274,30.775615687289,"Minnesota Stearns"
"1390",27147,1,5,37406,28.1161614148274,27.2197897213779,"Minnesota Steele"
"1391",27149,1,7,9671,28.1161614148274,33.4886137909617,"Minnesota Stevens"
"1392",27151,1,9,9838,28.1161614148274,23.1393660141282,"Minnesota Swift"
"1393",27153,1,8,25262,28.1161614148274,30.4939005141188,"Minnesota Todd"
"1394",27155,1,9,3360,28.1161614148274,22.0017235419425,"Minnesota Traverse"
"1395",27157,0,3,21387,28.1161614148274,30.1304656622182,"Minnesota Wabasha"
"1396",27159,1,9,14065,28.1161614148274,29.9219442368174,"Minnesota Wadena"
"1397",27161,1,6,18968,28.1161614148274,30.48599334604,"Minnesota Waseca"
"1398",27163,0,1,267568,28.1161614148274,32.5628016911676,"Minnesota Washington"
"1399",27165,1,8,11253,28.1161614148274,30.397051371048,"Minnesota Watonwan"
"1400",27167,1,8,6506,28.1161614148274,19.7552332119159,"Minnesota Wilkin"
"1401",27169,1,4,49671,28.1161614148274,24.1165685290982,"Minnesota Winona"
"1402",27171,0,1,141337,28.1161614148274,33.3249183675383,"Minnesota Wright"
"1403",27173,1,9,9528,28.1161614148274,30.7349322176197,"Minnesota Yellow Medicine"
"1404",28001,1,7,29538,36.0100260925749,32.4604214551786,"Mississippi Adams"
"1405",28003,1,7,34740,36.0100260925749,32.2986964723224,"Mississippi Alcorn"
"1406",28005,1,8,12720,36.0100260925749,29.0334562386319,"Mississippi Amite"
"1407",28007,1,6,17889,36.0100260925749,34.0681064105452,"Mississippi Attala"
"1408",28009,0,1,7646,36.0100260925749,32.8130368624961,"Mississippi Benton"
"1409",28011,1,7,30985,36.0100260925749,33.845887526436,"Mississippi Bolivar"
"1410",28013,1,9,13266,36.0100260925749,39.6199779739947,"Mississippi Calhoun"
"1411",28015,1,8,9998,36.0100260925749,35.1516133975045,"Mississippi Carroll"
"1412",28017,1,9,17106,36.0100260925749,35.6579344947185,"Mississippi Chickasaw"
"1413",28019,1,9,8246,36.0100260925749,37.8302983756349,"Mississippi Choctaw"
"1414",28021,1,8,9135,36.0100260925749,27.5988634584866,"Mississippi Claiborne"
"1415",28023,1,9,15615,36.0100260925749,35.3256817296929,"Mississippi Clarke"
"1416",28025,1,7,18636,36.0100260925749,32.5569401779661,"Mississippi Clay"
"1417",28027,1,6,21390,36.0100260925749,35.1924340786072,"Mississippi Coahoma"
"1418",28029,0,2,28368,36.0100260925749,36.1245771718283,"Mississippi Copiah"
"1419",28031,1,8,18340,36.0100260925749,37.6278558984304,"Mississippi Covington"
"1420",28033,0,1,185314,36.0100260925749,42.0288261945722,"Mississippi DeSoto"
"1421",28035,0,3,78158,36.0100260925749,36.1272268147805,"Mississippi Forrest"
"1422",28037,1,9,7675,36.0100260925749,42.0280248016418,"Mississippi Franklin"
"1423",28039,1,8,24350,36.0100260925749,39.4009999900798,"Mississippi George"
"1424",28041,1,8,13530,36.0100260925749,37.4259565494706,"Mississippi Greene"
"1425",28043,1,7,21629,36.0100260925749,36.6490881860862,"Mississippi Grenada"
"1426",28045,0,2,46053,36.0100260925749,29.8147594223893,"Mississippi Hancock"
"1427",28047,0,2,208621,36.0100260925749,33.5925696641788,"Mississippi Harrison"
"1428",28049,0,2,227742,36.0100260925749,38.8884948955065,"Mississippi Hinds"
"1429",28051,0,2,17000,36.0100260925749,31.9028012992394,"Mississippi Holmes"
"1430",28053,1,8,7785,36.0100260925749,44.0811761700223,"Mississippi Humphreys"
"1431",28055,1,9,1338,36.0100260925749,11.9248016790661,"Mississippi Issaquena"
"1432",28057,1,9,23863,36.0100260925749,33.9358971245431,"Mississippi Itawamba"
"1433",28059,0,2,143252,36.0100260925749,35.07831093102,"Mississippi Jackson"
"1434",28061,1,8,16367,36.0100260925749,34.187643645349,"Mississippi Jasper"
"1435",28063,1,9,7260,36.0100260925749,38.5737964351108,"Mississippi Jefferson"
"1436",28065,1,8,11321,36.0100260925749,35.8373413136151,"Mississippi Jefferson Davis"
"1437",28067,1,4,67246,36.0100260925749,39.4240337009332,"Mississippi Jones"
"1438",28069,1,9,8988,36.0100260925749,34.3687443682847,"Mississippi Kemper"
"1439",28071,1,4,55813,36.0100260925749,28.519026603343,"Mississippi Lafayette"
"1440",28073,0,3,64222,36.0100260925749,41.346760854994,"Mississippi Lamar"
"1441",28075,1,5,72984,36.0100260925749,38.5340865843229,"Mississippi Lauderdale"
"1442",28077,1,8,12016,36.0100260925749,38.2788367557784,"Mississippi Lawrence"
"1443",28079,1,8,21275,36.0100260925749,36.6906163698213,"Mississippi Leake"
"1444",28081,1,5,83343,36.0100260925749,36.3930118061318,"Mississippi Lee"
"1445",28083,1,6,28339,36.0100260925749,30.8451247397701,"Mississippi Leflore"
"1446",28085,1,6,34907,36.0100260925749,42.2966154674811,"Mississippi Lincoln"
"1447",28087,1,5,58879,36.0100260925749,32.8408677283136,"Mississippi Lowndes"
"1448",28089,0,2,109145,36.0100260925749,36.869356877025,"Mississippi Madison"
"1449",28091,1,6,24441,36.0100260925749,33.1299795206419,"Mississippi Marion"
"1450",28093,0,1,33752,36.0100260925749,43.0608962530119,"Mississippi Marshall"
"1451",28095,1,7,34180,36.0100260925749,36.6538288501252,"Mississippi Monroe"
"1452",28097,1,9,9822,36.0100260925749,31.6916266518529,"Mississippi Montgomery"
"1453",28099,1,7,29087,36.0100260925749,40.1495923682535,"Mississippi Neshoba"
"1454",28101,1,8,21291,36.0100260925749,35.4444785316757,"Mississippi Newton"
"1455",28103,1,9,10285,36.0100260925749,42.8173443852707,"Mississippi Noxubee"
"1456",28105,1,5,51788,36.0100260925749,38.6972588033508,"Mississippi Oktibbeha"
"1457",28107,1,6,33208,36.0100260925749,36.6999203216866,"Mississippi Panola"
"1458",28109,1,6,56145,36.0100260925749,40.3351546706885,"Mississippi Pearl River"
"1459",28111,0,3,11511,36.0100260925749,43.2304749064246,"Mississippi Perry"
"1460",28113,1,6,40324,36.0100260925749,32.3400782485067,"Mississippi Pike"
"1461",28115,1,9,31184,36.0100260925749,50.1067395869094,"Mississippi Pontotoc"
"1462",28117,1,7,25008,36.0100260925749,37.0181247101091,"Mississippi Prentiss"
"1463",28119,1,8,6176,36.0100260925749,36.4726025461981,"Mississippi Quitman"
"1464",28121,0,2,157031,36.0100260925749,37.3569404116353,"Mississippi Rankin"
"1465",28123,0,2,27990,36.0100260925749,42.3512129170225,"Mississippi Scott"
"1466",28125,1,8,3800,36.0100260925749,44.7958329809672,"Mississippi Sharkey"
"1467",28127,0,2,25949,36.0100260925749,44.0839753051546,"Mississippi Simpson"
"1468",28129,1,8,14209,36.0100260925749,34.5125681726106,"Mississippi Smith"
"1469",28131,0,2,18333,36.0100260925749,38.9707066944017,"Mississippi Stone"
"1470",28133,1,7,25971,36.0100260925749,34.0573023020965,"Mississippi Sunflower"
"1471",28135,1,9,12715,36.0100260925749,34.6746551357316,"Mississippi Tallahatchie"
"1472",28137,0,1,28064,36.0100260925749,44.253362412538,"Mississippi Tate"
"1473",28139,1,8,21815,36.0100260925749,40.6835201721059,"Mississippi Tippah"
"1474",28141,1,8,18850,36.0100260925749,27.7765626781516,"Mississippi Tishomingo"
"1475",28143,0,1,9782,36.0100260925749,34.0885350630695,"Mississippi Tunica"
"1476",28145,1,7,27777,36.0100260925749,38.0881431946461,"Mississippi Union"
"1477",28147,1,9,13884,36.0100260925749,30.8145010398052,"Mississippi Walthall"
"1478",28149,1,4,44722,36.0100260925749,33.5308787191126,"Mississippi Warren"
"1479",28151,1,5,44922,36.0100260925749,34.7427749791996,"Mississippi Washington"
"1480",28153,1,9,19779,36.0100260925749,30.2606686366437,"Mississippi Wayne"
"1481",28155,1,9,9926,36.0100260925749,36.8621312929696,"Mississippi Webster"
"1482",28157,1,8,8587,36.0100260925749,26.8992110251419,"Mississippi Wilkinson"
"1483",28159,1,9,17714,36.0100260925749,29.9632247079019,"Mississippi Winston"
"1484",28161,1,9,12481,36.0100260925749,36.7010057409214,"Mississippi Yalobusha"
"1485",28163,0,2,26743,36.0100260925749,34.4157469592642,"Mississippi Yazoo"
"1486",29001,1,7,25314,29.1541892152804,24.8695292464115,"Missouri Adair"
"1487",29003,0,3,18135,29.1541892152804,31.3895673418604,"Missouri Andrew"
"1488",29005,1,9,5305,29.1541892152804,18.4395077920709,"Missouri Atchison"
"1489",29007,1,6,24962,29.1541892152804,28.4047773963519,"Missouri Audrain"
"1490",29009,1,6,34534,29.1541892152804,34.6275999762108,"Missouri Barry"
"1491",29011,1,8,11637,29.1541892152804,29.9948330102787,"Missouri Barton"
"1492",29013,0,1,16042,29.1541892152804,28.1209401798413,"Missouri Bates"
"1493",29015,1,9,19394,29.1541892152804,24.0734530488252,"Missouri Benton"
"1494",29017,0,3,10567,29.1541892152804,33.5998815331933,"Missouri Bollinger"
"1495",29019,0,3,183610,29.1541892152804,27.8800621786136,"Missouri Boone"
"1496",29021,0,3,84793,29.1541892152804,27.0452175141662,"Missouri Buchanan"
"1497",29023,1,5,42130,29.1541892152804,29.5235628676618,"Missouri Butler"
"1498",29025,0,1,8815,29.1541892152804,25.0298176499298,"Missouri Caldwell"
"1499",29027,0,3,44283,29.1541892152804,27.6829182495837,"Missouri Callaway"
"1500",29029,1,7,42745,29.1541892152804,28.2074725130419,"Missouri Camden"
"1501",29031,0,3,81710,29.1541892152804,31.2051223327915,"Missouri Cape Girardeau"
"1502",29033,1,8,8495,29.1541892152804,33.6666382883129,"Missouri Carroll"
"1503",29035,1,9,5202,29.1541892152804,25.9988938500044,"Missouri Carter"
"1504",29037,0,1,107824,29.1541892152804,29.7775860542962,"Missouri Cass"
"1505",29039,1,8,14188,29.1541892152804,27.1589839848987,"Missouri Cedar"
"1506",29041,1,8,7408,29.1541892152804,28.5966126314015,"Missouri Chariton"
"1507",29043,0,2,88842,29.1541892152804,39.6100703145932,"Missouri Christian"
"1508",29045,1,9,6634,29.1541892152804,19.0579247586784,"Missouri Clark"
"1509",29047,0,1,253335,29.1541892152804,29.670080461303,"Missouri Clay"
"1510",29049,0,1,21184,29.1541892152804,29.0590825624631,"Missouri Clinton"
"1511",29051,0,3,77279,29.1541892152804,26.9012943301134,"Missouri Cole"
"1512",29053,0,3,17103,29.1541892152804,31.3182187632124,"Missouri Cooper"
"1513",29055,1,8,23056,29.1541892152804,34.2745731138003,"Missouri Crawford"
"1514",29057,1,8,7569,29.1541892152804,27.7233429940048,"Missouri Dade"
"1515",29059,0,2,17071,29.1541892152804,32.762236374028,"Missouri Dallas"
"1516",29061,1,8,8430,29.1541892152804,33.9350778781341,"Missouri Daviess"
"1517",29063,0,3,11029,29.1541892152804,16.1062652235031,"Missouri DeKalb"
"1518",29065,1,9,14421,29.1541892152804,25.1977472795538,"Missouri Dent"
"1519",29067,1,8,11578,29.1541892152804,27.3961773766497,"Missouri Douglas"
"1520",29069,1,7,28283,29.1541892152804,33.275743328447,"Missouri Dunklin"
"1521",29071,0,1,104682,29.1541892152804,33.7843806696928,"Missouri Franklin"
"1522",29073,1,8,14794,29.1541892152804,29.8841864484041,"Missouri Gasconade"
"1523",29075,1,8,6162,29.1541892152804,26.7433166100119,"Missouri Gentry"
"1524",29077,0,2,298915,29.1541892152804,25.8609508740929,"Missouri Greene"
"1525",29079,1,7,9808,29.1541892152804,25.2758684338788,"Missouri Grundy"
"1526",29081,1,9,8157,29.1541892152804,23.4925600668906,"Missouri Harrison"
"1527",29083,1,6,21946,29.1541892152804,24.1141785996513,"Missouri Henry"
"1528",29085,1,8,8279,29.1541892152804,18.7248174936559,"Missouri Hickory"
"1529",29087,1,8,4223,29.1541892152804,26.1804901518077,"Missouri Holt"
"1530",29089,0,3,10151,29.1541892152804,30.0041037249261,"Missouri Howard"
"1531",29091,1,7,39750,29.1541892152804,30.395175686647,"Missouri Howell"
"1532",29093,1,9,9537,29.1541892152804,29.7779088844217,"Missouri Iron"
"1533",29095,0,1,717204,29.1541892152804,26.2998744015097,"Missouri Jackson"
"1534",29097,0,3,122761,29.1541892152804,31.0917381124244,"Missouri Jasper"
"1535",29099,0,1,226739,29.1541892152804,32.6658551642448,"Missouri Jefferson"
"1536",29101,1,4,54013,29.1541892152804,31.8218404608262,"Missouri Johnson"
"1537",29103,1,9,3744,29.1541892152804,18.1061783101989,"Missouri Knox"
"1538",29105,1,6,36039,29.1541892152804,35.2098306825753,"Missouri Laclede"
"1539",29107,0,1,32984,29.1541892152804,33.8842673854747,"Missouri Lafayette"
"1540",29109,1,6,38001,29.1541892152804,32.3226343201215,"Missouri Lawrence"
"1541",29111,1,9,10032,29.1541892152804,26.5287050659236,"Missouri Lewis"
"1542",29113,0,1,59574,29.1541892152804,34.0247849901924,"Missouri Lincoln"
"1543",29115,1,9,11874,29.1541892152804,29.6353504083938,"Missouri Linn"
"1544",29117,1,7,14557,29.1541892152804,26.6007715442713,"Missouri Livingston"
"1545",29119,1,8,23303,29.1541892152804,38.436708374888,"Missouri McDonald"
"1546",29121,1,7,15209,29.1541892152804,28.129285271806,"Missouri Macon"
"1547",29123,1,9,12626,29.1541892152804,38.4974163404617,"Missouri Madison"
"1548",29125,1,8,8432,29.1541892152804,30.2943706790098,"Missouri Maries"
"1549",29127,1,7,28525,29.1541892152804,28.7520228314566,"Missouri Marion"
"1550",29129,1,9,3538,29.1541892152804,36.2434567042039,"Missouri Mercer"
"1551",29131,1,6,24722,29.1541892152804,31.5308877881217,"Missouri Miller"
"1552",29133,1,8,12577,29.1541892152804,29.8313046483232,"Missouri Mississippi"
"1553",29135,0,3,15473,29.1541892152804,25.7750092199101,"Missouri Moniteau"
"1554",29137,1,9,8666,29.1541892152804,25.1093525510657,"Missouri Monroe"
"1555",29139,1,8,11322,29.1541892152804,29.3717801550031,"Missouri Montgomery"
"1556",29141,1,8,21006,29.1541892152804,27.8561294369946,"Missouri Morgan"
"1557",29143,1,9,16434,29.1541892152804,26.629376876628,"Missouri New Madrid"
"1558",29145,0,3,58648,29.1541892152804,33.9558468071385,"Missouri Newton"
"1559",29147,1,6,21241,29.1541892152804,24.3820411335454,"Missouri Nodaway"
"1560",29149,1,9,8635,29.1541892152804,31.2774681885358,"Missouri Oregon"
"1561",29151,0,3,13274,29.1541892152804,36.8104822875086,"Missouri Osage"
"1562",29153,1,9,8553,29.1541892152804,27.4058649745003,"Missouri Ozark"
"1563",29155,1,7,15661,29.1541892152804,33.5178313753375,"Missouri Pemiscot"
"1564",29157,1,6,18956,29.1541892152804,35.2277724086584,"Missouri Perry"
"1565",29159,1,5,42980,29.1541892152804,29.933169842255,"Missouri Pettis"
"1566",29161,1,5,44638,29.1541892152804,31.1150110386504,"Missouri Phelps"
"1567",29163,1,8,17587,29.1541892152804,29.0310467065239,"Missouri Pike"
"1568",29165,0,1,106718,29.1541892152804,28.8745692541905,"Missouri Platte"
"1569",29167,0,2,31519,29.1541892152804,28.5183395015478,"Missouri Polk"
"1570",29169,1,5,53955,29.1541892152804,32.1724719416339,"Missouri Pulaski"
"1571",29171,1,9,4681,29.1541892152804,21.4725774491594,"Missouri Putnam"
"1572",29173,1,9,10355,29.1541892152804,30.16201485974,"Missouri Ralls"
"1573",29175,1,6,24716,29.1541892152804,26.0872848345515,"Missouri Randolph"
"1574",29177,0,1,23158,29.1541892152804,28.7350462198587,"Missouri Ray"
"1575",29179,1,9,6096,29.1541892152804,30.1566761947848,"Missouri Reynolds"
"1576",29181,1,9,10679,29.1541892152804,31.0873170811916,"Missouri Ripley"
"1577",29183,0,1,405262,29.1541892152804,33.3171719618449,"Missouri St. Charles"
"1578",29185,1,8,9284,29.1541892152804,25.9207310130069,"Missouri St. Clair"
"1579",29186,1,8,18479,29.1541892152804,33.6136996109317,"Missouri Ste. Genevieve"
"1580",29187,1,4,66922,29.1541892152804,33.4052818816323,"Missouri St. Francois"
"1581",29189,0,1,1004125,29.1541892152804,27.8661637733231,"Missouri St. Louis"
"1582",29195,1,7,23333,29.1541892152804,23.0349572310272,"Missouri Saline"
"1583",29197,1,9,4032,29.1541892152804,22.2200571142782,"Missouri Schuyler"
"1584",29199,1,9,4716,29.1541892152804,23.6962143763208,"Missouri Scotland"
"1585",29201,1,4,38059,29.1541892152804,36.1643663313932,"Missouri Scott"
"1586",29203,1,9,7031,29.1541892152804,29.9355050083744,"Missouri Shannon"
"1587",29205,1,9,6103,29.1541892152804,20.8454812668425,"Missouri Shelby"
"1588",29207,1,6,28672,29.1541892152804,26.4795278671771,"Missouri Stoddard"
"1589",29209,1,6,31076,29.1541892152804,28.6556853229356,"Missouri Stone"
"1590",29211,1,9,5999,29.1541892152804,35.9075692907355,"Missouri Sullivan"
"1591",29213,1,4,56066,29.1541892152804,32.1145813702249,"Missouri Taney"
"1592",29215,1,9,24487,29.1541892152804,31.9750223458468,"Missouri Texas"
"1593",29217,1,6,19707,29.1541892152804,21.7946211590271,"Missouri Vernon"
"1594",29219,0,1,35532,29.1541892152804,36.2474970008826,"Missouri Warren"
"1595",29221,1,8,23514,29.1541892152804,34.6925850218435,"Missouri Washington"
"1596",29223,1,9,10974,29.1541892152804,28.961298039712,"Missouri Wayne"
"1597",29225,0,2,39085,29.1541892152804,34.4557652044386,"Missouri Webster"
"1598",29227,1,9,1973,29.1541892152804,24.8819438868279,"Missouri Worth"
"1599",29229,1,8,18188,29.1541892152804,30.3881642579206,"Missouri Wright"
"1600",29510,0,1,301578,29.1541892152804,25.767355555043,"Missouri St. Louis city"
"1601",30001,1,9,9371,19.9955874605431,15.3384649949782,"Montana Beaverhead"
"1602",30003,1,8,13124,19.9955874605431,40.7730942587625,"Montana Big Horn"
"1603",30005,1,9,7044,19.9955874605431,30.0920056973858,"Montana Blaine"
"1604",30007,0,3,6774,19.9955874605431,20.0580548987903,"Montana Broadwater"
"1605",30009,0,3,10473,19.9955874605431,18.4190429891069,"Montana Carbon"
"1606",30011,1,9,1415,19.9955874605431,6.42057807852091,"Montana Carter"
"1607",30013,0,3,84414,19.9955874605431,19.1538690577619,"Montana Cascade"
"1608",30015,1,8,5895,19.9955874605431,19.7746152202786,"Montana Chouteau"
"1609",30017,1,7,11867,19.9955874605431,22.9878764587945,"Montana Custer"
"1610",30019,1,9,1661,19.9955874605431,1.66155050011955,"Montana Daniels"
"1611",30021,1,7,8940,19.9955874605431,28.0854661771567,"Montana Dawson"
"1612",30023,1,7,9421,19.9955874605431,8.16366479125861,"Montana Deer Lodge"
"1613",30025,1,9,3049,19.9955874605431,36.1158147858018,"Montana Fallon"
"1614",30027,1,7,11446,19.9955874605431,14.225598185402,"Montana Fergus"
"1615",30029,1,5,104357,19.9955874605431,21.2497909842626,"Montana Flathead"
"1616",30031,0,3,118960,19.9955874605431,21.6893888930916,"Montana Gallatin"
"1617",30033,1,9,1173,19.9955874605431,18.0214889121821,"Montana Garfield"
"1618",30035,1,9,13778,19.9955874605431,40.0969631686813,"Montana Glacier"
"1619",30037,1,8,823,19.9955874605431,9.05413037101403,"Montana Golden Valley"
"1620",30039,1,8,3309,19.9955874605431,13.9417922096873,"Montana Granite"
"1621",30041,1,7,16309,19.9955874605431,28.3403153806993,"Montana Hill"
"1622",30043,0,3,12085,19.9955874605431,30.709787136898,"Montana Jefferson"
"1623",30045,1,8,2023,19.9955874605431,1.88207794251151,"Montana Judith Basin"
"1624",30047,1,6,31134,19.9955874605431,27.459486711033,"Montana Lake"
"1625",30049,0,3,70973,19.9955874605431,19.8778087201047,"Montana Lewis and Clark"
"1626",30051,1,9,1959,19.9955874605431,14.5706859367413,"Montana Liberty"
"1627",30053,1,9,19677,19.9955874605431,22.4045706879594,"Montana Lincoln"
"1628",30055,1,9,1729,19.9955874605431,23.0675748585035,"Montana McCone"
"1629",30057,1,8,8623,19.9955874605431,15.5283917539613,"Montana Madison"
"1630",30059,1,8,1927,19.9955874605431,19.6663897339749,"Montana Meagher"
"1631",30061,0,3,4535,19.9955874605431,16.9266318193297,"Montana Mineral"
"1632",30063,0,3,117922,19.9955874605431,20.7693436662958,"Montana Missoula"
"1633",30065,1,8,4730,19.9955874605431,20.54644269713,"Montana Musselshell"
"1634",30067,1,6,17191,19.9955874605431,18.4881167465944,"Montana Park"
"1635",30069,1,9,496,19.9955874605431,13.9044716411746,"Montana Petroleum"
"1636",30071,1,9,4217,19.9955874605431,26.3342585727665,"Montana Phillips"
"1637",30073,1,9,5898,19.9955874605431,23.6591705721295,"Montana Pondera"
"1638",30075,1,9,1694,19.9955874605431,19.4991330066101,"Montana Powder River"
"1639",30077,1,8,6946,19.9955874605431,20.2688501337513,"Montana Powell"
"1640",30079,1,9,1088,19.9955874605431,10.4712118043269,"Montana Prairie"
"1641",30081,1,6,44174,19.9955874605431,22.220923321306,"Montana Ravalli"
"1642",30083,1,7,11491,19.9955874605431,23.0258055486415,"Montana Richland"
"1643",30085,1,9,10794,19.9955874605431,27.824573708188,"Montana Roosevelt"
"1644",30087,1,8,8329,19.9955874605431,30.8882133548397,"Montana Rosebud"
"1645",30089,1,8,12400,19.9955874605431,12.6210902286833,"Montana Sanders"
"1646",30091,1,9,3539,19.9955874605431,14.707374664448,"Montana Sheridan"
"1647",30093,1,5,35133,19.9955874605431,15.31454820072,"Montana Silver Bow"
"1648",30095,0,3,8963,19.9955874605431,32.1960351570396,"Montana Stillwater"
"1649",30097,1,8,3678,19.9955874605431,21.6384618470589,"Montana Sweet Grass"
"1650",30099,1,8,6226,19.9955874605431,22.1624776989595,"Montana Teton"
"1651",30101,1,9,4971,19.9955874605431,12.7455766785538,"Montana Toole"
"1652",30103,1,8,762,19.9955874605431,10.7447556910569,"Montana Treasure"
"1653",30105,1,9,7578,19.9955874605431,14.2904740880402,"Montana Valley"
"1654",30107,1,9,2069,19.9955874605431,18.2104266498766,"Montana Wheatland"
"1655",30109,1,9,937,19.9955874605431,19.689620022494,"Montana Wibaux"
"1656",30111,0,3,164731,19.9955874605431,21.774570774977,"Montana Yellowstone"
"1657",31001,1,4,31205,25.0821201338302,23.8010471343117,"Nebraska Adams"
"1658",31003,1,9,6295,25.0821201338302,21.7584728719392,"Nebraska Antelope"
"1659",31005,1,9,434,25.0821201338302,13.1688702167888,"Nebraska Arthur"
"1660",31007,1,8,674,25.0821201338302,37.8271338591237,"Nebraska Banner"
"1661",31009,1,9,431,25.0821201338302,7.00628706015303,"Nebraska Blaine"
"1662",31011,1,9,5379,25.0821201338302,28.3914914079592,"Nebraska Boone"
"1663",31013,1,7,10842,25.0821201338302,23.5544462312036,"Nebraska Box Butte"
"1664",31015,1,9,1810,25.0821201338302,28.6829200424559,"Nebraska Boyd"
"1665",31017,1,9,2903,25.0821201338302,11.2669729627044,"Nebraska Brown"
"1666",31019,1,4,50084,25.0821201338302,26.2069597641695,"Nebraska Buffalo"
"1667",31021,1,8,6722,25.0821201338302,19.4915992453364,"Nebraska Burt"
"1668",31023,1,8,8369,25.0821201338302,25.2222097970166,"Nebraska Butler"
"1669",31025,0,2,26598,25.0821201338302,29.8352819343331,"Nebraska Cass"
"1670",31027,1,9,8380,25.0821201338302,26.6032942962465,"Nebraska Cedar"
"1671",31029,1,9,3893,25.0821201338302,34.8974134011415,"Nebraska Chase"
"1672",31031,1,9,5455,25.0821201338302,26.4959141355765,"Nebraska Cherry"
"1673",31033,1,7,9468,25.0821201338302,19.1206161093626,"Nebraska Cheyenne"
"1674",31035,1,9,6104,25.0821201338302,28.1711017839301,"Nebraska Clay"
"1675",31037,1,7,10582,25.0821201338302,38.2582910237169,"Nebraska Colfax"
"1676",31039,1,9,9013,25.0821201338302,28.0337657392332,"Nebraska Cuming"
"1677",31041,1,9,10545,25.0821201338302,23.0370356248117,"Nebraska Custer"
"1678",31043,0,3,21582,25.0821201338302,40.016566579597,"Nebraska Dakota"
"1679",31045,1,9,8199,25.0821201338302,23.1006741081379,"Nebraska Dawes"
"1680",31047,1,7,24111,25.0821201338302,37.4830904919395,"Nebraska Dawson"
"1681",31049,1,9,1838,25.0821201338302,20.4503424264636,"Nebraska Deuel"
"1682",31051,1,8,5606,25.0821201338302,25.628867713538,"Nebraska Dixon"
"1683",31053,1,4,37167,25.0821201338302,25.4728896948464,"Nebraska Dodge"
"1684",31055,0,2,584526,25.0821201338302,29.2631903494884,"Nebraska Douglas"
"1685",31057,1,9,1654,25.0821201338302,12.2719196616916,"Nebraska Dundy"
"1686",31059,1,8,5551,25.0821201338302,17.7792443220546,"Nebraska Fillmore"
"1687",31061,1,9,2889,25.0821201338302,27.5318266146759,"Nebraska Franklin"
"1688",31063,1,9,2519,25.0821201338302,21.4156050326325,"Nebraska Frontier"
"1689",31065,1,9,4636,25.0821201338302,27.1775517746852,"Nebraska Furnas"
"1690",31067,1,6,21704,25.0821201338302,18.5545263380956,"Nebraska Gage"
"1691",31069,1,9,1874,25.0821201338302,7.40944947514777,"Nebraska Garden"
"1692",31071,1,9,1813,25.0821201338302,34.5704523112818,"Nebraska Garfield"
"1693",31073,1,9,1893,25.0821201338302,36.7552302927717,"Nebraska Gosper"
"1694",31075,1,9,611,25.0821201338302,16.7537676127704,"Nebraska Grant"
"1695",31077,1,8,2188,25.0821201338302,23.7184960527311,"Nebraska Greeley"
"1696",31079,0,3,62895,25.0821201338302,29.4175358766716,"Nebraska Hall"
"1697",31081,1,8,9429,25.0821201338302,33.8236339417032,"Nebraska Hamilton"
"1698",31083,1,9,3073,25.0821201338302,20.9513291432406,"Nebraska Harlan"
"1699",31085,1,9,856,25.0821201338302,21.781202214498,"Nebraska Hayes"
"1700",31087,1,9,2616,25.0821201338302,15.147419175402,"Nebraska Hitchcock"
"1701",31089,1,9,10127,25.0821201338302,25.5268891923206,"Nebraska Holt"
"1702",31091,1,9,711,25.0821201338302,13.368801317444,"Nebraska Hooker"
"1703",31093,0,3,6475,25.0821201338302,27.7971331694029,"Nebraska Howard"
"1704",31095,1,9,7240,25.0821201338302,21.6940421071583,"Nebraska Jefferson"
"1705",31097,1,8,5290,25.0821201338302,23.7378663851728,"Nebraska Johnson"
"1706",31099,1,9,6688,25.0821201338302,26.5875618741483,"Nebraska Kearney"
"1707",31101,1,9,8335,25.0821201338302,14.250516499454,"Nebraska Keith"
"1708",31103,1,9,769,25.0821201338302,20.2936552218897,"Nebraska Keya Paha"
"1709",31105,1,8,3434,25.0821201338302,15.3011388764188,"Nebraska Kimball"
"1710",31107,1,9,8391,25.0821201338302,26.6779429216841,"Nebraska Knox"
"1711",31109,0,2,322608,25.0821201338302,27.2962643337049,"Nebraska Lancaster"
"1712",31111,1,5,34676,25.0821201338302,20.1753538213771,"Nebraska Lincoln"
"1713",31113,1,9,716,25.0821201338302,32.5138447348208,"Nebraska Logan"
"1714",31115,1,9,607,25.0821201338302,18.2137555635541,"Nebraska Loup"
"1715",31117,1,9,399,25.0821201338302,72.8529016500853,"Nebraska McPherson"
"1716",31119,1,5,35585,25.0821201338302,27.388960089281,"Nebraska Madison"
"1717",31121,0,3,7668,25.0821201338302,19.6574191532379,"Nebraska Merrick"
"1718",31123,1,9,4555,25.0821201338302,26.5816851647962,"Nebraska Morrill"
"1719",31125,1,8,3380,25.0821201338302,22.8949729285864,"Nebraska Nance"
"1720",31127,1,9,7074,25.0821201338302,14.9339914302261,"Nebraska Nemaha"
"1721",31129,1,9,4095,25.0821201338302,21.0928998964954,"Nebraska Nuckolls"
"1722",31131,1,6,15912,25.0821201338302,29.3564798521017,"Nebraska Otoe"
"1723",31133,1,9,2544,25.0821201338302,21.7077944606272,"Nebraska Pawnee"
"1724",31135,1,9,2858,25.0821201338302,21.9160653706523,"Nebraska Perkins"
"1725",31137,1,7,8968,25.0821201338302,20.6022204266315,"Nebraska Phelps"
"1726",31139,1,9,7317,25.0821201338302,30.0372925555982,"Nebraska Pierce"
"1727",31141,1,5,34296,25.0821201338302,31.7982446763349,"Nebraska Platte"
"1728",31143,1,8,5214,25.0821201338302,25.5846901962855,"Nebraska Polk"
"1729",31145,1,7,10702,25.0821201338302,15.3895737036029,"Nebraska Red Willow"
"1730",31147,1,9,7871,25.0821201338302,15.6017358824708,"Nebraska Richardson"
"1731",31149,1,9,1262,25.0821201338302,15.4252214713339,"Nebraska Rock"
"1732",31151,1,6,14292,25.0821201338302,30.355968449186,"Nebraska Saline"
"1733",31153,0,2,190604,25.0821201338302,30.3067285540626,"Nebraska Sarpy"
"1734",31155,0,2,22278,25.0821201338302,26.5645604828375,"Nebraska Saunders"
"1735",31157,1,5,36084,25.0821201338302,22.225494262714,"Nebraska Scotts Bluff"
"1736",31159,0,2,17609,25.0821201338302,34.1708884907301,"Nebraska Seward"
"1737",31161,1,9,5127,25.0821201338302,30.8850113814779,"Nebraska Sheridan"
"1738",31163,1,8,2959,25.0821201338302,20.7797981377503,"Nebraska Sherman"
"1739",31165,1,9,1135,25.0821201338302,27.9065646612083,"Nebraska Sioux"
"1740",31167,1,9,5842,25.0821201338302,25.3418512263992,"Nebraska Stanton"
"1741",31169,1,9,5034,25.0821201338302,24.1601928841812,"Nebraska Thayer"
"1742",31171,1,9,669,25.0821201338302,40.4623870960421,"Nebraska Thomas"
"1743",31173,1,8,6773,25.0821201338302,45.5544177334873,"Nebraska Thurston"
"1744",31175,1,9,4059,25.0821201338302,26.9379321122063,"Nebraska Valley"
"1745",31177,0,2,20865,25.0821201338302,29.7567800665265,"Nebraska Washington"
"1746",31179,1,7,9697,25.0821201338302,20.9599578398357,"Nebraska Wayne"
"1747",31181,1,9,3395,25.0821201338302,26.2360474254603,"Nebraska Webster"
"1748",31183,1,9,774,25.0821201338302,10.1527748185631,"Nebraska Wheeler"
"1749",31185,1,6,14125,25.0821201338302,26.3169660510615,"Nebraska York"
"1750",32001,1,6,25516,29.7171540477207,25.4050260304542,"Nevada Churchill"
"1751",32003,0,1,2265461,29.7171540477207,34.2665197956027,"Nevada Clark"
"1752",32005,1,4,49488,29.7171540477207,30.1597771002811,"Nevada Douglas"
"1753",32007,1,5,53702,29.7171540477207,39.2184028089669,"Nevada Elko"
"1754",32009,1,9,729,29.7171540477207,8.80855761376617,"Nevada Esmeralda"
"1755",32011,1,9,1855,29.7171540477207,56.5453227337577,"Nevada Eureka"
"1756",32013,1,7,17285,29.7171540477207,32.7433590583928,"Nevada Humboldt"
"1757",32015,1,9,5734,29.7171540477207,44.8925980831675,"Nevada Lander"
"1758",32017,1,8,4499,29.7171540477207,37.0973657926382,"Nevada Lincoln"
"1759",32019,0,2,59235,29.7171540477207,30.7431831116256,"Nevada Lyon"
"1760",32021,1,8,4554,29.7171540477207,22.7630624913197,"Nevada Mineral"
"1761",32023,1,4,51591,29.7171540477207,27.1729356952114,"Nevada Nye"
"1762",32027,1,8,6650,29.7171540477207,25.4474803909047,"Nevada Pershing"
"1763",32029,0,2,4104,29.7171540477207,9.28512026212155,"Nevada Storey"
"1764",32031,0,2,486492,29.7171540477207,31.1657907614361,"Nevada Washoe"
"1765",32033,1,9,9080,29.7171540477207,24.4330168164921,"Nevada White Pine"
"1766",32510,0,3,58639,29.7171540477207,25.0441002651138,"Nevada Carson City"
"1767",33001,1,4,63705,NA,NA,NA
"1768",33003,1,6,50107,NA,NA,NA
"1769",33005,1,4,76458,NA,NA,NA
"1770",33007,1,7,31268,NA,NA,NA
"1771",33009,1,5,91118,NA,NA,NA
"1772",33011,0,2,422937,NA,NA,NA
"1773",33013,1,4,153808,NA,NA,NA
"1774",33015,0,1,314176,NA,NA,NA
"1775",33017,0,1,130889,NA,NA,NA
"1776",33019,1,7,43063,NA,NA,NA
"1777",34001,0,2,274534,NA,NA,NA
"1778",34003,0,1,955732,NA,NA,NA
"1779",34005,0,1,461860,NA,NA,NA
"1780",34007,0,1,523485,NA,NA,NA
"1781",34009,0,2,95263,NA,NA,NA
"1782",34011,0,3,154152,NA,NA,NA
"1783",34013,0,1,863728,NA,NA,NA
"1784",34015,0,1,302294,NA,NA,NA
"1785",34017,0,1,724854,NA,NA,NA
"1786",34019,0,1,128947,NA,NA,NA
"1787",34021,0,2,387340,NA,NA,NA
"1788",34023,0,1,863162,NA,NA,NA
"1789",34025,0,1,643615,NA,NA,NA
"1790",34027,0,1,509285,NA,NA,NA
"1791",34029,0,1,637229,NA,NA,NA
"1792",34031,0,1,524118,NA,NA,NA
"1793",34033,0,1,64837,NA,NA,NA
"1794",34035,0,1,345361,NA,NA,NA
"1795",34037,0,1,144221,NA,NA,NA
"1796",34039,0,1,575345,NA,NA,NA
"1797",34041,0,2,109632,NA,NA,NA
"1798",35001,0,2,676444,NA,NA,NA
"1799",35003,1,9,3579,NA,NA,NA
"1800",35005,1,5,65157,NA,NA,NA
"1801",35006,1,6,27172,NA,NA,NA
"1802",35007,1,7,12387,NA,NA,NA
"1803",35009,1,5,48430,NA,NA,NA
"1804",35011,1,9,1698,NA,NA,NA
"1805",35013,0,3,219561,NA,NA,NA
"1806",35015,1,5,62314,NA,NA,NA
"1807",35017,1,7,28185,NA,NA,NA
"1808",35019,1,9,4452,NA,NA,NA
"1809",35021,1,9,657,NA,NA,NA
"1810",35023,1,9,4178,NA,NA,NA
"1811",35025,1,5,74455,NA,NA,NA
"1812",35027,1,7,20269,NA,NA,NA
"1813",35028,1,6,19419,NA,NA,NA
"1814",35029,1,6,25427,NA,NA,NA
"1815",35031,1,5,72902,NA,NA,NA
"1816",35033,1,8,4189,NA,NA,NA
"1817",35035,1,4,67839,NA,NA,NA
"1818",35037,1,7,8746,NA,NA,NA
"1819",35039,1,6,40363,NA,NA,NA
"1820",35041,1,7,19191,NA,NA,NA
"1821",35043,0,2,148834,NA,NA,NA
"1822",35045,0,3,121661,NA,NA,NA
"1823",35047,1,6,27201,NA,NA,NA
"1824",35049,0,3,154823,NA,NA,NA
"1825",35051,1,6,11576,NA,NA,NA
"1826",35053,1,6,16595,NA,NA,NA
"1827",35055,1,7,34489,NA,NA,NA
"1828",35057,0,2,15045,NA,NA,NA
"1829",35059,1,9,4079,NA,NA,NA
"1830",35061,0,2,76205,NA,NA,NA
"1831",36001,0,2,314848,NA,NA,NA
"1832",36003,1,7,46456,NA,NA,NA
"1833",36005,0,1,1472654,NA,NA,NA
"1834",36007,0,3,198683,NA,NA,NA
"1835",36009,1,4,77042,NA,NA,NA
"1836",36011,1,4,76248,NA,NA,NA
"1837",36013,1,4,127657,NA,NA,NA
"1838",36015,0,3,84148,NA,NA,NA
"1839",36017,1,6,47220,NA,NA,NA
"1840",36019,1,4,79843,NA,NA,NA
"1841",36021,1,6,61570,NA,NA,NA
"1842",36023,1,4,46809,NA,NA,NA
"1843",36025,1,8,44308,NA,NA,NA
"1844",36027,0,2,295911,NA,NA,NA
"1845",36029,0,1,954236,NA,NA,NA
"1846",36031,1,6,37381,NA,NA,NA
"1847",36033,1,7,47555,NA,NA,NA
"1848",36035,1,4,53324,NA,NA,NA
"1849",36037,1,4,58388,NA,NA,NA
"1850",36039,1,6,47931,NA,NA,NA
"1851",36041,1,8,5107,NA,NA,NA
"1852",36043,0,2,60139,NA,NA,NA
"1853",36045,0,3,116721,NA,NA,NA
"1854",36047,0,1,2736074,NA,NA,NA
"1855",36049,1,8,26582,NA,NA,NA
"1856",36051,0,1,61834,NA,NA,NA
"1857",36053,0,2,68016,NA,NA,NA
"1858",36055,0,1,759443,NA,NA,NA
"1859",36057,1,4,49532,NA,NA,NA
"1860",36059,0,1,1395774,NA,NA,NA
"1861",36061,0,1,1694251,NA,NA,NA
"1862",36063,0,1,212666,NA,NA,NA
"1863",36065,0,2,232125,NA,NA,NA
"1864",36067,0,2,476516,NA,NA,NA
"1865",36069,0,1,112458,NA,NA,NA
"1866",36071,0,2,401310,NA,NA,NA
"1867",36073,0,1,40343,NA,NA,NA
"1868",36075,0,2,117525,NA,NA,NA
"1869",36077,1,7,58524,NA,NA,NA
"1870",36079,0,1,97668,NA,NA,NA
"1871",36081,0,1,2405464,NA,NA,NA
"1872",36083,0,2,161130,NA,NA,NA
"1873",36085,0,1,495747,NA,NA,NA
"1874",36087,0,1,338329,NA,NA,NA
"1875",36089,1,4,108505,NA,NA,NA
"1876",36091,0,2,235509,NA,NA,NA
"1877",36093,0,2,158061,NA,NA,NA
"1878",36095,0,2,29714,NA,NA,NA
"1879",36097,1,8,17898,NA,NA,NA
"1880",36099,1,6,33814,NA,NA,NA
"1881",36101,1,4,93584,NA,NA,NA
"1882",36103,0,1,1525920,NA,NA,NA
"1883",36105,1,6,78624,NA,NA,NA
"1884",36107,0,3,48455,NA,NA,NA
"1885",36109,0,3,105740,NA,NA,NA
"1886",36111,0,3,181851,NA,NA,NA
"1887",36113,0,3,65737,NA,NA,NA
"1888",36115,0,3,61302,NA,NA,NA
"1889",36117,0,1,91283,NA,NA,NA
"1890",36119,0,1,1004457,NA,NA,NA
"1891",36121,1,8,40531,NA,NA,NA
"1892",36123,1,6,24774,NA,NA,NA
"1893",37001,0,3,171415,NA,NA,NA
"1894",37003,0,2,36444,NA,NA,NA
"1895",37005,1,9,10888,NA,NA,NA
"1896",37007,0,1,22055,NA,NA,NA
"1897",37009,1,9,26577,NA,NA,NA
"1898",37011,1,9,17806,NA,NA,NA
"1899",37013,1,6,44652,NA,NA,NA
"1900",37015,1,9,17934,NA,NA,NA
"1901",37017,1,8,29606,NA,NA,NA
"1902",37019,0,2,136693,NA,NA,NA
"1903",37021,0,2,269452,NA,NA,NA
"1904",37023,0,2,87570,NA,NA,NA
"1905",37025,0,1,225804,NA,NA,NA
"1906",37027,0,2,80652,NA,NA,NA
"1907",37029,0,1,10355,NA,NA,NA
"1908",37031,1,4,67686,NA,NA,NA
"1909",37033,1,8,22736,NA,NA,NA
"1910",37035,0,2,160610,NA,NA,NA
"1911",37037,0,2,76285,NA,NA,NA
"1912",37039,1,9,28774,NA,NA,NA
"1913",37041,1,8,13708,NA,NA,NA
"1914",37043,1,9,11089,NA,NA,NA
"1915",37045,1,4,99519,NA,NA,NA
"1916",37047,1,6,50623,NA,NA,NA
"1917",37049,1,4,100720,NA,NA,NA
"1918",37051,0,2,334728,NA,NA,NA
"1919",37053,0,1,28100,NA,NA,NA
"1920",37055,1,4,36915,NA,NA,NA
"1921",37057,0,2,168930,NA,NA,NA
"1922",37059,0,2,42712,NA,NA,NA
"1923",37061,1,8,48715,NA,NA,NA
"1924",37063,0,2,324833,NA,NA,NA
"1925",37065,0,3,48900,NA,NA,NA
"1926",37067,0,2,382590,NA,NA,NA
"1927",37069,0,1,68573,NA,NA,NA
"1928",37071,0,1,227943,NA,NA,NA
"1929",37073,0,1,10478,NA,NA,NA
"1930",37075,1,9,8030,NA,NA,NA
"1931",37077,1,6,60992,NA,NA,NA
"1932",37079,1,8,20451,NA,NA,NA
"1933",37081,0,2,541299,NA,NA,NA
"1934",37083,1,4,48622,NA,NA,NA
"1935",37085,1,4,133568,NA,NA,NA
"1936",37087,1,4,62089,NA,NA,NA
"1937",37089,0,2,116281,NA,NA,NA
"1938",37091,1,8,21552,NA,NA,NA
"1939",37093,0,2,52082,NA,NA,NA
"1940",37095,1,9,4589,NA,NA,NA
"1941",37097,0,1,186693,NA,NA,NA
"1942",37099,1,7,43109,NA,NA,NA
"1943",37101,0,1,215999,NA,NA,NA
"1944",37103,1,8,9172,NA,NA,NA
"1945",37105,1,4,63285,NA,NA,NA
"1946",37107,1,4,55122,NA,NA,NA
"1947",37109,0,1,86810,NA,NA,NA
"1948",37111,1,6,44578,NA,NA,NA
"1949",37113,1,7,37014,NA,NA,NA
"1950",37115,0,2,21193,NA,NA,NA
"1951",37117,1,6,22031,NA,NA,NA
"1952",37119,0,1,1115482,NA,NA,NA
"1953",37121,1,8,14903,NA,NA,NA
"1954",37123,1,8,25751,NA,NA,NA
"1955",37125,0,3,99727,NA,NA,NA
"1956",37127,0,3,94970,NA,NA,NA
"1957",37129,0,2,225702,NA,NA,NA
"1958",37131,1,9,17471,NA,NA,NA
"1959",37133,0,3,204576,NA,NA,NA
"1960",37135,0,2,148696,NA,NA,NA
"1961",37137,1,9,12276,NA,NA,NA
"1962",37139,1,4,40568,NA,NA,NA
"1963",37141,0,2,60203,NA,NA,NA
"1964",37143,1,8,13005,NA,NA,NA
"1965",37145,0,2,39097,NA,NA,NA
"1966",37147,0,3,170243,NA,NA,NA
"1967",37149,1,8,19328,NA,NA,NA
"1968",37151,0,2,144171,NA,NA,NA
"1969",37153,1,4,42946,NA,NA,NA
"1970",37155,1,4,116530,NA,NA,NA
"1971",37157,0,2,91096,NA,NA,NA
"1972",37159,0,1,146875,NA,NA,NA
"1973",37161,1,4,64444,NA,NA,NA
"1974",37163,1,6,59036,NA,NA,NA
"1975",37165,1,6,34174,NA,NA,NA
"1976",37167,1,6,62504,NA,NA,NA
"1977",37169,0,2,44520,NA,NA,NA
"1978",37171,1,6,71359,NA,NA,NA
"1979",37173,1,9,14117,NA,NA,NA
"1980",37175,1,6,32986,NA,NA,NA
"1981",37177,1,9,3245,NA,NA,NA
"1982",37179,0,1,238267,NA,NA,NA
"1983",37181,1,6,42578,NA,NA,NA
"1984",37183,0,1,1129410,NA,NA,NA
"1985",37185,1,8,18642,NA,NA,NA
"1986",37187,1,9,11003,NA,NA,NA
"1987",37189,1,5,54086,NA,NA,NA
"1988",37191,0,3,117333,NA,NA,NA
"1989",37193,1,6,65969,NA,NA,NA
"1990",37195,1,4,78784,NA,NA,NA
"1991",37197,0,2,37214,NA,NA,NA
"1992",37199,1,8,18470,NA,NA,NA
"1993",38001,1,9,2200,NA,NA,NA
"1994",38003,1,6,10853,NA,NA,NA
"1995",38005,1,9,5964,NA,NA,NA
"1996",38007,1,9,945,NA,NA,NA
"1997",38009,1,8,6379,NA,NA,NA
"1998",38011,1,9,2993,NA,NA,NA
"1999",38013,1,8,2201,NA,NA,NA
"2000",38015,0,3,98458,NA,NA,NA
"2001",38017,0,3,184525,NA,NA,NA
"2002",38019,1,9,3704,NA,NA,NA
"2003",38021,1,9,4999,NA,NA,NA
"2004",38023,1,9,2195,NA,NA,NA
"2005",38025,1,9,4095,NA,NA,NA
"2006",38027,1,9,2347,NA,NA,NA
"2007",38029,1,8,3301,NA,NA,NA
"2008",38031,1,9,3397,NA,NA,NA
"2009",38033,1,9,1736,NA,NA,NA
"2010",38035,0,3,73170,NA,NA,NA
"2011",38037,1,8,2301,NA,NA,NA
"2012",38039,1,9,2306,NA,NA,NA
"2013",38041,1,9,2489,NA,NA,NA
"2014",38043,1,8,2394,NA,NA,NA
"2015",38045,1,9,4093,NA,NA,NA
"2016",38047,1,9,1876,NA,NA,NA
"2017",38049,0,3,5345,NA,NA,NA
"2018",38051,1,9,2530,NA,NA,NA
"2019",38053,1,7,14704,NA,NA,NA
"2020",38055,1,8,9771,NA,NA,NA
"2021",38057,1,8,8350,NA,NA,NA
"2022",38059,0,3,33291,NA,NA,NA
"2023",38061,1,8,9809,NA,NA,NA
"2024",38063,1,8,3015,NA,NA,NA
"2025",38065,0,3,1877,NA,NA,NA
"2026",38067,1,9,6844,NA,NA,NA
"2027",38069,1,9,3990,NA,NA,NA
"2028",38071,1,7,11605,NA,NA,NA
"2029",38073,1,8,5703,NA,NA,NA
"2030",38075,0,3,2282,NA,NA,NA
"2031",38077,1,6,16529,NA,NA,NA
"2032",38079,1,9,12187,NA,NA,NA
"2033",38081,1,9,3862,NA,NA,NA
"2034",38083,1,8,1265,NA,NA,NA
"2035",38085,1,9,3898,NA,NA,NA
"2036",38087,1,9,706,NA,NA,NA
"2037",38089,1,5,33646,NA,NA,NA
"2038",38091,1,8,1798,NA,NA,NA
"2039",38093,1,7,21593,NA,NA,NA
"2040",38095,1,9,2162,NA,NA,NA
"2041",38097,1,8,7997,NA,NA,NA
"2042",38099,1,8,10563,NA,NA,NA
"2043",38101,0,3,69919,NA,NA,NA
"2044",38103,1,9,3982,NA,NA,NA
"2045",38105,1,5,40950,NA,NA,NA
"2046",39001,1,8,27477,29.7818111710668,30.7303366681029,"Ohio Adams"
"2047",39003,0,3,102206,29.7818111710668,28.2222451911174,"Ohio Allen"
"2048",39005,1,6,52447,29.7818111710668,30.8262912133006,"Ohio Ashland"
"2049",39007,0,1,97574,29.7818111710668,27.0320469748223,"Ohio Ashtabula"
"2050",39009,1,4,62431,29.7818111710668,23.281202132859,"Ohio Athens"
"2051",39011,1,4,46422,29.7818111710668,32.1078401788716,"Ohio Auglaize"
"2052",39013,0,3,66497,29.7818111710668,26.2894350499964,"Ohio Belmont"
"2053",39015,0,1,43676,29.7818111710668,35.3360287950636,"Ohio Brown"
"2054",39017,0,1,390357,29.7818111710668,33.2973816826514,"Ohio Butler"
"2055",39019,0,2,26721,29.7818111710668,27.4024958014612,"Ohio Carroll"
"2056",39021,1,6,38714,29.7818111710668,32.0169187967769,"Ohio Champaign"
"2057",39023,0,3,136001,29.7818111710668,27.9054867642795,"Ohio Clark"
"2058",39025,0,1,208601,29.7818111710668,30.433800185524,"Ohio Clermont"
"2059",39027,1,6,42018,29.7818111710668,30.9209614270812,"Ohio Clinton"
"2060",39029,1,4,101877,29.7818111710668,25.7945818743304,"Ohio Columbiana"
"2061",39031,1,7,36612,29.7818111710668,35.0674448655569,"Ohio Coshocton"
"2062",39033,1,4,42025,29.7818111710668,28.8220121787117,"Ohio Crawford"
"2063",39035,0,1,1264817,29.7818111710668,26.3555328400001,"Ohio Cuyahoga"
"2064",39037,1,6,51881,29.7818111710668,29.6832015382334,"Ohio Darke"
"2065",39039,1,6,38286,29.7818111710668,36.0364202077419,"Ohio Defiance"
"2066",39041,0,1,214124,29.7818111710668,34.0231781963299,"Ohio Delaware"
"2067",39043,0,3,75622,29.7818111710668,28.4036847472728,"Ohio Erie"
"2068",39045,0,1,158921,29.7818111710668,33.5297392101673,"Ohio Fairfield"
"2069",39047,1,6,28951,29.7818111710668,29.7241532887674,"Ohio Fayette"
"2070",39049,0,1,1323807,29.7818111710668,30.2130849094964,"Ohio Franklin"
"2071",39051,0,2,42713,29.7818111710668,29.2111607255042,"Ohio Fulton"
"2072",39053,1,6,29220,29.7818111710668,28.7373122306203,"Ohio Gallia"
"2073",39055,0,1,95397,29.7818111710668,38.859807931869,"Ohio Geauga"
"2074",39057,0,2,167966,29.7818111710668,29.7286675630227,"Ohio Greene"
"2075",39059,1,6,38438,29.7818111710668,26.2722951357547,"Ohio Guernsey"
"2076",39061,0,1,830639,29.7818111710668,29.7328983437714,"Ohio Hamilton"
"2077",39063,1,4,74920,29.7818111710668,25.134130902995,"Ohio Hancock"
"2078",39065,1,6,30696,29.7818111710668,28.6781928595384,"Ohio Hardin"
"2079",39067,1,8,14483,29.7818111710668,24.9467048099812,"Ohio Harrison"
"2080",39069,1,6,27662,29.7818111710668,27.2799503705684,"Ohio Henry"
"2081",39071,1,6,43317,29.7818111710668,32.6954698118003,"Ohio Highland"
"2082",39073,0,1,28050,29.7818111710668,33.2884081026589,"Ohio Hocking"
"2083",39075,1,9,44223,29.7818111710668,53.6579768255341,"Ohio Holmes"
"2084",39077,1,4,58565,29.7818111710668,28.3906448756267,"Ohio Huron"
"2085",39079,1,7,32653,29.7818111710668,34.3631798629474,"Ohio Jackson"
"2086",39081,0,3,65249,29.7818111710668,25.2137558664133,"Ohio Jefferson"
"2087",39083,1,6,62721,29.7818111710668,30.2378829187498,"Ohio Knox"
"2088",39085,0,1,232603,29.7818111710668,26.1704594697076,"Ohio Lake"
"2089",39087,0,2,58240,29.7818111710668,30.6068547919683,"Ohio Lawrence"
"2090",39089,0,1,178519,29.7818111710668,32.6683480022216,"Ohio Licking"
"2091",39091,1,4,46150,29.7818111710668,33.1728903926217,"Ohio Logan"
"2092",39093,0,1,312964,29.7818111710668,28.0352021386059,"Ohio Lorain"
"2093",39095,0,2,431279,29.7818111710668,26.0417380619784,"Ohio Lucas"
"2094",39097,0,1,43824,29.7818111710668,28.3468105503502,"Ohio Madison"
"2095",39099,0,2,228614,29.7818111710668,25.9795284937287,"Ohio Mahoning"
"2096",39101,1,4,65359,29.7818111710668,23.8085590643067,"Ohio Marion"
"2097",39103,0,1,182470,29.7818111710668,31.0643038934791,"Ohio Medina"
"2098",39105,1,8,22210,29.7818111710668,23.870734410431,"Ohio Meigs"
"2099",39107,1,7,42528,29.7818111710668,36.4220883483754,"Ohio Mercer"
"2100",39109,0,2,108774,29.7818111710668,28.2841100464784,"Ohio Miami"
"2101",39111,1,8,13385,29.7818111710668,27.321469662455,"Ohio Monroe"
"2102",39113,0,2,537309,29.7818111710668,27.4197515338673,"Ohio Montgomery"
"2103",39115,1,8,13802,29.7818111710668,30.8221564614058,"Ohio Morgan"
"2104",39117,0,1,34950,29.7818111710668,33.1634414804064,"Ohio Morrow"
"2105",39119,1,4,86410,29.7818111710668,26.8908892801505,"Ohio Muskingum"
"2106",39121,1,9,14115,29.7818111710668,18.2675840169861,"Ohio Noble"
"2107",39123,0,3,40364,29.7818111710668,23.1033723080349,"Ohio Ottawa"
"2108",39125,1,8,18806,29.7818111710668,28.2275334723205,"Ohio Paulding"
"2109",39127,0,1,35408,29.7818111710668,34.775003499763,"Ohio Perry"
"2110",39129,0,1,58539,29.7818111710668,28.8351700648298,"Ohio Pickaway"
"2111",39131,1,9,27088,29.7818111710668,33.3207532161168,"Ohio Pike"
"2112",39133,0,2,161791,29.7818111710668,26.7766966256119,"Ohio Portage"
"2113",39135,1,6,40999,29.7818111710668,30.066887567232,"Ohio Preble"
"2114",39137,1,6,34451,29.7818111710668,34.5800989792775,"Ohio Putnam"
"2115",39139,0,3,124936,29.7818111710668,27.0890185491832,"Ohio Richland"
"2116",39141,1,4,77093,29.7818111710668,31.3872106595867,"Ohio Ross"
"2117",39143,1,4,58896,29.7818111710668,27.6022747808895,"Ohio Sandusky"
"2118",39145,1,4,74008,29.7818111710668,30.3231212292837,"Ohio Scioto"
"2119",39147,1,4,55069,29.7818111710668,27.2365442000013,"Ohio Seneca"
"2120",39149,1,4,48230,29.7818111710668,37.3093694292034,"Ohio Shelby"
"2121",39151,0,2,374853,29.7818111710668,26.7104517874761,"Ohio Stark"
"2122",39153,0,2,540428,29.7818111710668,28.0431485949258,"Ohio Summit"
"2123",39155,0,2,201977,29.7818111710668,25.6946768487896,"Ohio Trumbull"
"2124",39157,1,4,93263,29.7818111710668,28.0357437390635,"Ohio Tuscarawas"
"2125",39159,0,1,62784,29.7818111710668,35.0519779227103,"Ohio Union"
"2126",39161,1,6,28931,29.7818111710668,29.1208903120149,"Ohio Van Wert"
"2127",39163,1,8,12800,29.7818111710668,30.1882190279688,"Ohio Vinton"
"2128",39165,0,1,242337,29.7818111710668,36.7273854505083,"Ohio Warren"
"2129",39167,1,4,59771,29.7818111710668,26.4373982875788,"Ohio Washington"
"2130",39169,1,4,116894,29.7818111710668,32.2883080068577,"Ohio Wayne"
"2131",39171,1,7,37102,29.7818111710668,27.7264932655559,"Ohio Williams"
"2132",39173,0,2,132248,29.7818111710668,26.8804284749138,"Ohio Wood"
"2133",39175,1,7,21900,29.7818111710668,29.0203427987878,"Ohio Wyandot"
"2134",40001,1,8,19495,29.8023704321701,31.4697663184411,"Oklahoma Adair"
"2135",40003,1,8,5699,29.8023704321701,22.8008151027118,"Oklahoma Alfalfa"
"2136",40005,1,9,14143,29.8023704321701,33.5212023519632,"Oklahoma Atoka"
"2137",40007,1,9,5049,29.8023704321701,33.3024339684809,"Oklahoma Beaver"
"2138",40009,1,7,22410,29.8023704321701,29.511281735156,"Oklahoma Beckham"
"2139",40011,1,8,8735,29.8023704321701,22.4852091628872,"Oklahoma Blaine"
"2140",40013,1,6,46067,29.8023704321701,34.6114609117743,"Oklahoma Bryan"
"2141",40015,1,6,26945,29.8023704321701,28.3123038491482,"Oklahoma Caddo"
"2142",40017,0,1,154405,29.8023704321701,29.0854020728771,"Oklahoma Canadian"
"2143",40019,1,5,48003,29.8023704321701,30.6541496364902,"Oklahoma Carter"
"2144",40021,1,6,47078,29.8023704321701,27.6219980218535,"Oklahoma Cherokee"
"2145",40023,1,9,14204,29.8023704321701,29.0742617653131,"Oklahoma Choctaw"
"2146",40025,1,9,2296,29.8023704321701,18.1229248664914,"Oklahoma Cimarron"
"2147",40027,0,1,295528,29.8023704321701,25.5164624231046,"Oklahoma Cleveland"
"2148",40029,1,9,5266,29.8023704321701,28.9536384401496,"Oklahoma Coal"
"2149",40031,0,3,121125,29.8023704321701,29.8141839581273,"Oklahoma Comanche"
"2150",40033,0,3,5527,29.8023704321701,30.340383701771,"Oklahoma Cotton"
"2151",40035,1,6,14107,29.8023704321701,27.7758987838863,"Oklahoma Craig"
"2152",40037,0,1,71754,29.8023704321701,30.2274362373014,"Oklahoma Creek"
"2153",40039,1,5,28513,29.8023704321701,32.8356663345119,"Oklahoma Custer"
"2154",40041,1,6,40397,29.8023704321701,28.1525601333843,"Oklahoma Delaware"
"2155",40043,1,9,4484,29.8023704321701,35.4242369478508,"Oklahoma Dewey"
"2156",40045,1,9,3749,29.8023704321701,24.9157870064244,"Oklahoma Ellis"
"2157",40047,0,3,62846,29.8023704321701,29.3483011905497,"Oklahoma Garfield"
"2158",40049,1,6,25656,29.8023704321701,29.2991295216649,"Oklahoma Garvin"
"2159",40051,0,1,54795,29.8023704321701,31.5241135247782,"Oklahoma Grady"
"2160",40053,1,8,4169,29.8023704321701,25.8466529306893,"Oklahoma Grant"
"2161",40055,1,9,5491,29.8023704321701,20.0379428919466,"Oklahoma Greer"
"2162",40057,1,9,2488,29.8023704321701,46.179596448542,"Oklahoma Harmon"
"2163",40059,1,9,3272,29.8023704321701,39.7469539804095,"Oklahoma Harper"
"2164",40061,1,8,11561,29.8023704321701,30.4713282001936,"Oklahoma Haskell"
"2165",40063,1,9,13367,29.8023704321701,18.6111263526488,"Oklahoma Hughes"
"2166",40065,1,7,24785,29.8023704321701,30.0341118008372,"Oklahoma Jackson"
"2167",40067,1,8,5337,29.8023704321701,28.9011258022675,"Oklahoma Jefferson"
"2168",40069,1,9,10272,29.8023704321701,31.2969056181392,"Oklahoma Johnston"
"2169",40071,1,4,43700,29.8023704321701,28.5393959748987,"Oklahoma Kay"
"2170",40073,1,8,15184,29.8023704321701,34.5603413429896,"Oklahoma Kingfisher"
"2171",40075,1,8,8509,29.8023704321701,34.2608701370659,"Oklahoma Kiowa"
"2172",40077,1,9,9444,29.8023704321701,32.1856743406728,"Oklahoma Latimer"
"2173",40079,1,6,48129,29.8023704321701,32.3919529325235,"Oklahoma Le Flore"
"2174",40081,0,1,33458,29.8023704321701,27.4966143102309,"Oklahoma Lincoln"
"2175",40083,0,1,49555,29.8023704321701,27.9363354591018,"Oklahoma Logan"
"2176",40085,1,9,10146,29.8023704321701,34.2167902665677,"Oklahoma Love"
"2177",40087,0,1,41662,29.8023704321701,31.0858537659442,"Oklahoma McClain"
"2178",40089,1,7,30814,29.8023704321701,33.1617231802797,"Oklahoma McCurtain"
"2179",40091,1,8,18941,29.8023704321701,27.4379201828536,"Oklahoma McIntosh"
"2180",40093,1,8,7782,29.8023704321701,32.4402259863346,"Oklahoma Major"
"2181",40095,1,9,15312,29.8023704321701,30.5813994888792,"Oklahoma Marshall"
"2182",40097,1,6,39046,29.8023704321701,31.3604242575508,"Oklahoma Mayes"
"2183",40099,1,9,13904,29.8023704321701,28.3696616612728,"Oklahoma Murray"
"2184",40101,1,4,66339,29.8023704321701,30.2246246768332,"Oklahoma Muskogee"
"2185",40103,1,8,10924,29.8023704321701,33.7776874209858,"Oklahoma Noble"
"2186",40105,1,8,9320,29.8023704321701,31.0422466030176,"Oklahoma Nowata"
"2187",40107,1,8,11310,29.8023704321701,33.1122047624083,"Oklahoma Okfuskee"
"2188",40109,0,1,796292,29.8023704321701,26.3197839441624,"Oklahoma Oklahoma"
"2189",40111,0,1,36706,29.8023704321701,32.7573927391855,"Oklahoma Okmulgee"
"2190",40113,0,1,45818,29.8023704321701,28.5738096083557,"Oklahoma Osage"
"2191",40115,1,6,30285,29.8023704321701,30.1126588524492,"Oklahoma Ottawa"
"2192",40117,0,1,15553,29.8023704321701,32.6454126556249,"Oklahoma Pawnee"
"2193",40119,1,4,81646,29.8023704321701,22.0042290553433,"Oklahoma Payne"
"2194",40121,1,7,43773,29.8023704321701,30.7349637361579,"Oklahoma Pittsburg"
"2195",40123,1,7,38065,29.8023704321701,29.0296380044482,"Oklahoma Pontotoc"
"2196",40125,1,4,72454,29.8023704321701,26.4656638580737,"Oklahoma Pottawatomie"
"2197",40127,1,9,10812,29.8023704321701,32.7933284661191,"Oklahoma Pushmataha"
"2198",40129,1,9,3442,29.8023704321701,26.2045138551803,"Oklahoma Roger Mills"
"2199",40131,0,1,95240,29.8023704321701,31.6999938836225,"Oklahoma Rogers"
"2200",40133,1,7,23556,29.8023704321701,32.5871902695113,"Oklahoma Seminole"
"2201",40135,0,3,39281,29.8023704321701,30.744069042125,"Oklahoma Sequoyah"
"2202",40137,1,4,42848,29.8023704321701,31.5325528037611,"Oklahoma Stephens"
"2203",40139,1,7,21384,29.8023704321701,35.3697110025211,"Oklahoma Texas"
"2204",40141,1,8,6968,29.8023704321701,28.5638290793622,"Oklahoma Tillman"
"2205",40143,0,1,669279,29.8023704321701,27.0909676638013,"Oklahoma Tulsa"
"2206",40145,0,1,80981,29.8023704321701,28.4664985740493,"Oklahoma Wagoner"
"2207",40147,1,4,52455,29.8023704321701,28.5602951575815,"Oklahoma Washington"
"2208",40149,1,9,10924,29.8023704321701,28.7688799509882,"Oklahoma Washita"
"2209",40151,1,7,8624,29.8023704321701,23.4402168801471,"Oklahoma Woods"
"2210",40153,1,7,20470,29.8023704321701,30.3082254513469,"Oklahoma Woodward"
"2211",41001,1,7,16668,23.0624783074666,18.7661188468478,"Oregon Baker"
"2212",41003,0,3,95184,23.0624783074666,25.2867332648849,"Oregon Benton"
"2213",41005,0,1,421401,23.0624783074666,27.9493205567394,"Oregon Clackamas"
"2214",41007,1,4,41072,23.0624783074666,18.8249731415845,"Oregon Clatsop"
"2215",41009,0,1,52589,23.0624783074666,29.1352431066471,"Oregon Columbia"
"2216",41011,1,5,64929,23.0624783074666,19.8967218954766,"Oregon Coos"
"2217",41013,0,3,24738,23.0624783074666,24.9932139448954,"Oregon Crook"
"2218",41015,1,7,23446,23.0624783074666,17.6992047544848,"Oregon Curry"
"2219",41017,0,3,198253,23.0624783074666,23.3581027984866,"Oregon Deschutes"
"2220",41019,1,4,111201,23.0624783074666,26.7495181975223,"Oregon Douglas"
"2221",41021,1,9,1995,23.0624783074666,2.91418254350293,"Oregon Gilliam"
"2222",41023,1,9,7233,23.0624783074666,12.5819420485627,"Oregon Grant"
"2223",41025,1,9,7495,23.0624783074666,17.1987869156614,"Oregon Harney"
"2224",41027,1,6,23977,23.0624783074666,29.1176839636868,"Oregon Hood River"
"2225",41029,0,3,223259,23.0624783074666,22.4948922031498,"Oregon Jackson"
"2226",41031,0,3,24502,23.0624783074666,33.3195551011587,"Oregon Jefferson"
"2227",41033,0,3,88090,23.0624783074666,24.7192459847825,"Oregon Josephine"
"2228",41035,1,5,69413,23.0624783074666,21.0093184687449,"Oregon Klamath"
"2229",41037,1,9,8160,23.0624783074666,13.1753748086544,"Oregon Lake"
"2230",41039,0,2,382971,23.0624783074666,23.866042644826,"Oregon Lane"
"2231",41041,1,5,50395,23.0624783074666,17.0449562651079,"Oregon Lincoln"
"2232",41043,0,3,128610,23.0624783074666,26.6411809478663,"Oregon Linn"
"2233",41045,1,6,31571,23.0624783074666,25.6758755073033,"Oregon Malheur"
"2234",41047,0,2,345920,23.0624783074666,30.361263605866,"Oregon Marion"
"2235",41049,1,8,12186,23.0624783074666,37.5561436260374,"Oregon Morrow"
"2236",41051,0,1,815428,23.0624783074666,26.6706413411768,"Oregon Multnomah"
"2237",41053,0,2,87433,23.0624783074666,27.3959730078374,"Oregon Polk"
"2238",41055,1,9,1870,23.0624783074666,20.5477374946386,"Oregon Sherman"
"2239",41057,1,7,27390,23.0624783074666,15.4101087748411,"Oregon Tillamook"
"2240",41059,1,4,80075,23.0624783074666,30.1639922850939,"Oregon Umatilla"
"2241",41061,1,7,26196,23.0624783074666,24.0276376373587,"Oregon Union"
"2242",41063,1,9,7391,23.0624783074666,20.4383073622223,"Oregon Wallowa"
"2243",41065,1,7,26670,23.0624783074666,20.6021428309757,"Oregon Wasco"
"2244",41067,0,1,600372,23.0624783074666,29.0003217051243,"Oregon Washington"
"2245",41069,1,9,1451,23.0624783074666,19.0712356158011,"Oregon Wheeler"
"2246",41071,0,1,107722,23.0624783074666,26.5855258712478,"Oregon Yamhill"
"2247",42001,0,3,103852,30.2781561391947,33.2447135860567,"Pennsylvania Adams"
"2248",42003,0,1,1250578,30.2781561391947,28.46190301268,"Pennsylvania Allegheny"
"2249",42005,0,1,65558,30.2781561391947,33.5864098210802,"Pennsylvania Armstrong"
"2250",42007,0,1,168215,30.2781561391947,28.8479060959047,"Pennsylvania Beaver"
"2251",42009,1,8,47577,30.2781561391947,31.0337480754719,"Pennsylvania Bedford"
"2252",42011,0,2,428849,30.2781561391947,33.4238967043337,"Pennsylvania Berks"
"2253",42013,0,3,122822,30.2781561391947,28.0300826471228,"Pennsylvania Blair"
"2254",42015,1,6,59967,30.2781561391947,26.6701592184782,"Pennsylvania Bradford"
"2255",42017,0,1,646538,30.2781561391947,35.6343411501785,"Pennsylvania Bucks"
"2256",42019,0,1,193763,30.2781561391947,30.085330873206,"Pennsylvania Butler"
"2257",42021,0,3,133472,30.2781561391947,28.5113073651564,"Pennsylvania Cambria"
"2258",42023,1,9,4547,30.2781561391947,24.7079064138474,"Pennsylvania Cameron"
"2259",42025,0,2,64749,30.2781561391947,30.4947542654757,"Pennsylvania Carbon"
"2260",42027,0,3,158172,30.2781561391947,28.4295383586338,"Pennsylvania Centre"
"2261",42029,0,1,534413,30.2781561391947,35.9467811546654,"Pennsylvania Chester"
"2262",42031,1,6,37241,30.2781561391947,31.5930156593095,"Pennsylvania Clarion"
"2263",42033,1,4,80562,30.2781561391947,28.8370464280024,"Pennsylvania Clearfield"
"2264",42035,1,6,37450,30.2781561391947,30.5300184585682,"Pennsylvania Clinton"
"2265",42037,1,4,64727,30.2781561391947,26.5640349124549,"Pennsylvania Columbia"
"2266",42039,1,4,83938,30.2781561391947,28.7585898583902,"Pennsylvania Crawford"
"2267",42041,0,2,259469,30.2781561391947,28.6136605733573,"Pennsylvania Cumberland"
"2268",42043,0,2,286401,30.2781561391947,32.4104776489415,"Pennsylvania Dauphin"
"2269",42045,0,1,576830,30.2781561391947,34.4485992190742,"Pennsylvania Delaware"
"2270",42047,1,7,30990,30.2781561391947,27.9703568324873,"Pennsylvania Elk"
"2271",42049,0,2,270876,30.2781561391947,28.2190451692319,"Pennsylvania Erie"
"2272",42051,0,1,128804,30.2781561391947,28.9702701787825,"Pennsylvania Fayette"
"2273",42053,1,9,6973,30.2781561391947,15.0635120550012,"Pennsylvania Forest"
"2274",42055,0,3,155932,30.2781561391947,32.355065477884,"Pennsylvania Franklin"
"2275",42057,1,8,14556,30.2781561391947,32.4252477816925,"Pennsylvania Fulton"
"2276",42059,1,6,35954,30.2781561391947,30.5334529449871,"Pennsylvania Greene"
"2277",42061,1,6,44092,30.2781561391947,31.7664190029704,"Pennsylvania Huntingdon"
"2278",42063,1,4,83246,30.2781561391947,29.7044404752551,"Pennsylvania Indiana"
"2279",42065,1,7,44492,30.2781561391947,27.5015068462698,"Pennsylvania Jefferson"
"2280",42067,1,8,23509,30.2781561391947,34.0410405869649,"Pennsylvania Juniata"
"2281",42069,0,2,215896,30.2781561391947,32.3604663276963,"Pennsylvania Lackawanna"
"2282",42071,0,2,552984,30.2781561391947,35.2968288423513,"Pennsylvania Lancaster"
"2283",42073,0,1,86070,30.2781561391947,31.3910671241557,"Pennsylvania Lawrence"
"2284",42075,0,3,143257,30.2781561391947,32.1183829832191,"Pennsylvania Lebanon"
"2285",42077,0,2,374557,30.2781561391947,35.6391745348106,"Pennsylvania Lehigh"
"2286",42079,0,2,325594,30.2781561391947,32.5603344606993,"Pennsylvania Luzerne"
"2287",42081,0,3,114188,30.2781561391947,30.5589547157651,"Pennsylvania Lycoming"
"2288",42083,1,7,40432,30.2781561391947,29.2758737948505,"Pennsylvania McKean"
"2289",42085,1,4,110652,30.2781561391947,25.4926866798276,"Pennsylvania Mercer"
"2290",42087,1,4,46143,30.2781561391947,33.0295133863242,"Pennsylvania Mifflin"
"2291",42089,1,4,168327,30.2781561391947,39.3353350162514,"Pennsylvania Monroe"
"2292",42091,0,1,856553,30.2781561391947,34.4988016540418,"Pennsylvania Montgomery"
"2293",42093,1,6,18136,30.2781561391947,28.4429534583463,"Pennsylvania Montour"
"2294",42095,0,2,312951,30.2781561391947,31.8776294504539,"Pennsylvania Northampton"
"2295",42097,1,4,91647,30.2781561391947,28.6789450166729,"Pennsylvania Northumberland"
"2296",42099,0,2,45842,30.2781561391947,32.2781777839117,"Pennsylvania Perry"
"2297",42101,0,1,1603797,30.2781561391947,34.1100671102051,"Pennsylvania Philadelphia"
"2298",42103,1,6,58535,30.2781561391947,33.4640261930499,"Pennsylvania Pike"
"2299",42105,1,9,16396,30.2781561391947,27.9353887630907,"Pennsylvania Potter"
"2300",42107,1,4,143049,30.2781561391947,32.0593042945211,"Pennsylvania Schuylkill"
"2301",42109,1,7,39736,30.2781561391947,32.0156940256128,"Pennsylvania Snyder"
"2302",42111,1,6,74129,30.2781561391947,29.2711103188682,"Pennsylvania Somerset"
"2303",42113,1,8,5840,30.2781561391947,23.8817569240329,"Pennsylvania Sullivan"
"2304",42115,1,8,38434,30.2781561391947,26.182508901516,"Pennsylvania Susquehanna"
"2305",42117,1,8,41045,30.2781561391947,28.1941007891185,"Pennsylvania Tioga"
"2306",42119,1,6,42681,30.2781561391947,24.4019114418201,"Pennsylvania Union"
"2307",42121,1,4,50454,30.2781561391947,30.3396493350304,"Pennsylvania Venango"
"2308",42123,1,6,38587,30.2781561391947,28.65328636573,"Pennsylvania Warren"
"2309",42125,0,1,209349,30.2781561391947,28.0940420055635,"Pennsylvania Washington"
"2310",42127,1,6,51155,30.2781561391947,26.877789164886,"Pennsylvania Wayne"
"2311",42129,0,1,354663,30.2781561391947,28.5544545323586,"Pennsylvania Westmoreland"
"2312",42131,0,2,26069,30.2781561391947,32.5716413507656,"Pennsylvania Wyoming"
"2313",42133,0,2,456438,30.2781561391947,31.7800257285832,"Pennsylvania York"
"2314",44001,0,1,50793,NA,NA,NA
"2315",44003,0,1,170363,NA,NA,NA
"2316",44005,0,1,85643,NA,NA,NA
"2317",44007,0,1,660741,NA,NA,NA
"2318",44009,0,1,129839,NA,NA,NA
"2319",45001,1,6,24295,NA,NA,NA
"2320",45003,0,2,168808,NA,NA,NA
"2321",45005,1,8,8039,NA,NA,NA
"2322",45007,0,2,203718,NA,NA,NA
"2323",45009,1,9,13311,NA,NA,NA
"2324",45011,1,8,20589,NA,NA,NA
"2325",45013,0,3,187117,NA,NA,NA
"2326",45015,0,2,229861,NA,NA,NA
"2327",45017,0,2,14119,NA,NA,NA
"2328",45019,0,2,408235,NA,NA,NA
"2329",45021,1,6,56216,NA,NA,NA
"2330",45023,0,1,32294,NA,NA,NA
"2331",45025,1,6,43273,NA,NA,NA
"2332",45027,1,8,31144,NA,NA,NA
"2333",45029,1,6,38604,NA,NA,NA
"2334",45031,0,3,62905,NA,NA,NA
"2335",45033,1,6,28292,NA,NA,NA
"2336",45035,0,2,161540,NA,NA,NA
"2337",45037,0,2,25657,NA,NA,NA
"2338",45039,0,2,20948,NA,NA,NA
"2339",45041,0,3,137059,NA,NA,NA
"2340",45043,1,4,63404,NA,NA,NA
"2341",45045,0,2,525534,NA,NA,NA
"2342",45047,1,4,69351,NA,NA,NA
"2343",45049,1,8,18561,NA,NA,NA
"2344",45051,0,2,351029,NA,NA,NA
"2345",45053,0,3,28791,NA,NA,NA
"2346",45055,0,2,65403,NA,NA,NA
"2347",45057,0,1,96016,NA,NA,NA
"2348",45059,0,2,67539,NA,NA,NA
"2349",45061,1,8,16531,NA,NA,NA
"2350",45063,0,2,293991,NA,NA,NA
"2351",45065,1,8,9526,NA,NA,NA
"2352",45067,1,6,29183,NA,NA,NA
"2353",45069,1,6,26667,NA,NA,NA
"2354",45071,1,6,37719,NA,NA,NA
"2355",45073,1,4,78607,NA,NA,NA
"2356",45075,1,4,84223,NA,NA,NA
"2357",45077,0,2,131404,NA,NA,NA
"2358",45079,0,2,416147,NA,NA,NA
"2359",45081,0,2,18862,NA,NA,NA
"2360",45083,0,2,327997,NA,NA,NA
"2361",45085,0,3,105556,NA,NA,NA
"2362",45087,0,2,27244,NA,NA,NA
"2363",45089,1,6,31026,NA,NA,NA
"2364",45091,0,1,282090,NA,NA,NA
"2365",46003,1,9,2747,NA,NA,NA
"2366",46005,1,7,19149,NA,NA,NA
"2367",46007,1,9,3381,NA,NA,NA
"2368",46009,1,9,7003,NA,NA,NA
"2369",46011,1,5,34375,NA,NA,NA
"2370",46013,1,5,38301,NA,NA,NA
"2371",46015,1,9,5247,NA,NA,NA
"2372",46017,1,9,1948,NA,NA,NA
"2373",46019,1,7,10243,NA,NA,NA
"2374",46021,1,9,1377,NA,NA,NA
"2375",46023,1,9,9373,NA,NA,NA
"2376",46025,1,9,3837,NA,NA,NA
"2377",46027,1,6,14967,NA,NA,NA
"2378",46029,1,5,28325,NA,NA,NA
"2379",46031,1,9,3902,NA,NA,NA
"2380",46033,0,3,8318,NA,NA,NA
"2381",46035,1,7,19956,NA,NA,NA
"2382",46037,1,9,5449,NA,NA,NA
"2383",46039,1,9,4295,NA,NA,NA
"2384",46041,1,9,5239,NA,NA,NA
"2385",46043,1,9,2835,NA,NA,NA
"2386",46045,1,9,3986,NA,NA,NA
"2387",46047,1,9,6973,NA,NA,NA
"2388",46049,1,9,2125,NA,NA,NA
"2389",46051,1,9,7556,NA,NA,NA
"2390",46053,1,9,3994,NA,NA,NA
"2391",46055,1,9,1872,NA,NA,NA
"2392",46057,1,9,6164,NA,NA,NA
"2393",46059,1,9,3145,NA,NA,NA
"2394",46061,1,8,3461,NA,NA,NA
"2395",46063,1,9,1311,NA,NA,NA
"2396",46065,1,7,17765,NA,NA,NA
"2397",46067,1,8,7427,NA,NA,NA
"2398",46069,1,9,1262,NA,NA,NA
"2399",46071,1,9,2806,NA,NA,NA
"2400",46073,1,9,1663,NA,NA,NA
"2401",46075,1,9,917,NA,NA,NA
"2402",46077,1,9,5187,NA,NA,NA
"2403",46079,1,6,11059,NA,NA,NA
"2404",46081,1,6,25768,NA,NA,NA
"2405",46083,0,2,65161,NA,NA,NA
"2406",46085,1,9,3718,NA,NA,NA
"2407",46087,0,2,5682,NA,NA,NA
"2408",46089,1,9,2411,NA,NA,NA
"2409",46091,1,9,4306,NA,NA,NA
"2410",46093,0,3,29852,NA,NA,NA
"2411",46095,1,9,1918,NA,NA,NA
"2412",46097,1,8,2298,NA,NA,NA
"2413",46099,0,2,197214,NA,NA,NA
"2414",46101,1,8,6336,NA,NA,NA
"2415",46102,1,9,13672,NA,NA,NA
"2416",46103,0,3,109222,NA,NA,NA
"2417",46105,1,9,2835,NA,NA,NA
"2418",46107,1,9,2472,NA,NA,NA
"2419",46109,1,9,10280,NA,NA,NA
"2420",46111,1,9,2330,NA,NA,NA
"2421",46115,1,9,6361,NA,NA,NA
"2422",46117,1,9,2980,NA,NA,NA
"2423",46119,1,9,1446,NA,NA,NA
"2424",46121,1,9,9319,NA,NA,NA
"2425",46123,1,9,5624,NA,NA,NA
"2426",46125,0,2,8673,NA,NA,NA
"2427",46127,0,3,16811,NA,NA,NA
"2428",46129,1,9,5315,NA,NA,NA
"2429",46135,1,7,23310,NA,NA,NA
"2430",46137,1,9,2413,NA,NA,NA
"2431",47001,0,2,77123,33.1408518566711,30.9943671445239,"Tennessee Anderson"
"2432",47003,1,4,50237,33.1408518566711,39.9690839184148,"Tennessee Bedford"
"2433",47005,1,9,15864,33.1408518566711,24.7847256645797,"Tennessee Benton"
"2434",47007,1,8,14913,33.1408518566711,37.3493907687133,"Tennessee Bledsoe"
"2435",47009,0,2,135280,33.1408518566711,31.7808685904943,"Tennessee Blount"
"2436",47011,0,3,108620,33.1408518566711,35.7139921473691,"Tennessee Bradley"
"2437",47013,0,2,39272,33.1408518566711,33.3417086065086,"Tennessee Campbell"
"2438",47015,0,1,14506,33.1408518566711,27.3757260665882,"Tennessee Cannon"
"2439",47017,1,6,28440,33.1408518566711,33.7734451861284,"Tennessee Carroll"
"2440",47019,0,3,56356,33.1408518566711,30.3261704173795,"Tennessee Carter"
"2441",47021,0,1,41072,33.1408518566711,36.5393392764784,"Tennessee Cheatham"
"2442",47023,0,3,17341,33.1408518566711,38.4359344657792,"Tennessee Chester"
"2443",47025,1,6,32043,33.1408518566711,37.1211261504235,"Tennessee Claiborne"
"2444",47027,1,8,7581,33.1408518566711,27.4726537970784,"Tennessee Clay"
"2445",47029,1,6,35999,33.1408518566711,35.5663166013899,"Tennessee Cocke"
"2446",47031,1,4,57889,33.1408518566711,30.3694802891607,"Tennessee Coffee"
"2447",47033,0,3,13911,33.1408518566711,37.3494493232031,"Tennessee Crockett"
"2448",47035,1,4,61145,33.1408518566711,32.7992636320366,"Tennessee Cumberland"
"2449",47037,0,1,715884,33.1408518566711,28.3021586436431,"Tennessee Davidson"
"2450",47039,1,9,11435,33.1408518566711,34.7129248906383,"Tennessee Decatur"
"2451",47041,1,8,20080,33.1408518566711,37.0734812098299,"Tennessee DeKalb"
"2452",47043,0,1,54315,33.1408518566711,33.7512458555836,"Tennessee Dickson"
"2453",47045,1,6,36801,33.1408518566711,31.8447764977811,"Tennessee Dyer"
"2454",47047,0,1,41990,33.1408518566711,38.0420030015553,"Tennessee Fayette"
"2455",47049,1,8,18489,33.1408518566711,26.3318409264084,"Tennessee Fentress"
"2456",47051,1,7,42774,33.1408518566711,30.9653489575851,"Tennessee Franklin"
"2457",47053,0,3,50429,33.1408518566711,35.7670298386058,"Tennessee Gibson"
"2458",47055,1,6,30346,33.1408518566711,31.1621318954252,"Tennessee Giles"
"2459",47057,0,2,23527,33.1408518566711,34.0768755239007,"Tennessee Grainger"
"2460",47059,1,4,70152,33.1408518566711,31.3388005916762,"Tennessee Greene"
"2461",47061,1,8,13529,33.1408518566711,33.6446856016937,"Tennessee Grundy"
"2462",47063,0,3,64499,33.1408518566711,36.2100912112741,"Tennessee Hamblen"
"2463",47065,0,2,366207,33.1408518566711,30.1465015717606,"Tennessee Hamilton"
"2464",47067,1,8,6662,33.1408518566711,27.9076142797558,"Tennessee Hancock"
"2465",47069,1,6,25462,33.1408518566711,27.8497022258423,"Tennessee Hardeman"
"2466",47071,1,6,26831,33.1408518566711,29.0795091257495,"Tennessee Hardin"
"2467",47073,0,2,56721,33.1408518566711,32.7957885519883,"Tennessee Hawkins"
"2468",47075,1,6,17864,33.1408518566711,35.3595864265766,"Tennessee Haywood"
"2469",47077,1,6,27842,33.1408518566711,32.2639545527949,"Tennessee Henderson"
"2470",47079,1,7,32199,33.1408518566711,26.8189793271004,"Tennessee Henry"
"2471",47081,0,1,24925,33.1408518566711,34.4238651514877,"Tennessee Hickman"
"2472",47083,1,8,8283,33.1408518566711,29.1288244421524,"Tennessee Houston"
"2473",47085,1,8,18990,33.1408518566711,30.6485568520197,"Tennessee Humphreys"
"2474",47087,1,8,11617,33.1408518566711,22.4062741610293,"Tennessee Jackson"
"2475",47089,0,3,54683,33.1408518566711,36.5158562096592,"Tennessee Jefferson"
"2476",47091,1,8,17948,33.1408518566711,33.8765137539801,"Tennessee Johnson"
"2477",47093,0,2,478971,33.1408518566711,29.8581977250763,"Tennessee Knox"
"2478",47095,1,9,7005,33.1408518566711,25.9721052919368,"Tennessee Lake"
"2479",47097,1,6,25143,33.1408518566711,35.7485318667565,"Tennessee Lauderdale"
"2480",47099,1,6,44159,33.1408518566711,32.3774652646937,"Tennessee Lawrence"
"2481",47101,1,8,12582,33.1408518566711,28.674667371998,"Tennessee Lewis"
"2482",47103,1,6,35319,33.1408518566711,32.9198049268796,"Tennessee Lincoln"
"2483",47105,0,2,54886,33.1408518566711,33.9264471414056,"Tennessee Loudon"
"2484",47107,1,4,53276,33.1408518566711,37.4389305442248,"Tennessee McMinn"
"2485",47109,1,8,25866,33.1408518566711,32.187863240955,"Tennessee McNairy"
"2486",47111,0,1,25216,33.1408518566711,38.0240452021384,"Tennessee Macon"
"2487",47113,0,3,98823,33.1408518566711,38.4184843791752,"Tennessee Madison"
"2488",47115,0,2,28837,33.1408518566711,35.8306077330529,"Tennessee Marion"
"2489",47117,1,6,34318,33.1408518566711,33.2761601904508,"Tennessee Marshall"
"2490",47119,0,1,100974,33.1408518566711,33.515372476527,"Tennessee Maury"
"2491",47121,1,8,12758,33.1408518566711,35.932252858877,"Tennessee Meigs"
"2492",47123,1,6,46250,33.1408518566711,34.7870496607777,"Tennessee Monroe"
"2493",47125,0,2,220069,33.1408518566711,36.4296462000353,"Tennessee Montgomery"
"2494",47127,1,9,6461,33.1408518566711,32.1181940422919,"Tennessee Moore"
"2495",47129,0,2,21035,33.1408518566711,36.7953912196245,"Tennessee Morgan"
"2496",47131,1,7,30787,33.1408518566711,33.7625979599949,"Tennessee Obion"
"2497",47133,1,9,22511,33.1408518566711,29.9396905026978,"Tennessee Overton"
"2498",47135,1,9,8366,33.1408518566711,35.3190044058479,"Tennessee Perry"
"2499",47137,1,9,5001,33.1408518566711,26.3689993957195,"Tennessee Pickett"
"2500",47139,0,3,17544,33.1408518566711,38.4629522596188,"Tennessee Polk"
"2501",47141,1,4,79854,33.1408518566711,32.1111461882591,"Tennessee Putnam"
"2502",47143,1,6,32870,33.1408518566711,38.7774308691133,"Tennessee Rhea"
"2503",47145,0,2,53404,33.1408518566711,32.3751432547968,"Tennessee Roane"
"2504",47147,0,1,72803,33.1408518566711,37.9062030244796,"Tennessee Robertson"
"2505",47149,0,1,341486,33.1408518566711,37.7103991730412,"Tennessee Rutherford"
"2506",47151,1,8,21850,33.1408518566711,35.8687416119718,"Tennessee Scott"
"2507",47153,0,2,15826,33.1408518566711,38.9801361660683,"Tennessee Sequatchie"
"2508",47155,1,4,98380,33.1408518566711,38.0529870727975,"Tennessee Sevier"
"2509",47157,0,1,929744,33.1408518566711,35.1281703949715,"Tennessee Shelby"
"2510",47159,0,1,19904,33.1408518566711,34.0807998467285,"Tennessee Smith"
"2511",47161,0,2,13657,33.1408518566711,25.0269126353815,"Tennessee Stewart"
"2512",47163,0,2,158163,33.1408518566711,28.638723886261,"Tennessee Sullivan"
"2513",47165,0,1,196281,33.1408518566711,35.9358294727235,"Tennessee Sumner"
"2514",47167,0,1,60970,33.1408518566711,40.9684464049832,"Tennessee Tipton"
"2515",47169,0,1,11615,33.1408518566711,34.7370528451167,"Tennessee Trousdale"
"2516",47171,0,3,17928,33.1408518566711,26.1462334493786,"Tennessee Unicoi"
"2517",47173,0,2,19802,33.1408518566711,37.1567125886875,"Tennessee Union"
"2518",47175,1,9,6168,33.1408518566711,28.4385681373456,"Tennessee Van Buren"
"2519",47177,1,6,40953,33.1408518566711,31.6008137692142,"Tennessee Warren"
"2520",47179,0,3,133001,33.1408518566711,29.7205308717081,"Tennessee Washington"
"2521",47181,1,8,16232,33.1408518566711,27.2559424493816,"Tennessee Wayne"
"2522",47183,1,6,32902,33.1408518566711,33.0494050792518,"Tennessee Weakley"
"2523",47185,1,7,27351,33.1408518566711,31.9222750531718,"Tennessee White"
"2524",47187,0,1,247726,33.1408518566711,36.7757607697814,"Tennessee Williamson"
"2525",47189,0,1,147737,33.1408518566711,38.4241361846385,"Tennessee Wilson"
"2526",48001,1,7,57922,36.2844034726996,34.644226156129,"Texas Anderson"
"2527",48003,1,6,18610,36.2844034726996,49.2665522833022,"Texas Andrews"
"2528",48005,1,5,86395,36.2844034726996,40.9178451122953,"Texas Angelina"
"2529",48007,0,2,23830,36.2844034726996,27.6436771470495,"Texas Aransas"
"2530",48009,0,3,8560,36.2844034726996,34.0789668117189,"Texas Archer"
"2531",48011,0,2,1848,36.2844034726996,38.2829527492391,"Texas Armstrong"
"2532",48013,0,1,48981,36.2844034726996,44.142445340202,"Texas Atascosa"
"2533",48015,0,1,30167,36.2844034726996,39.3625840259316,"Texas Austin"
"2534",48017,1,6,6904,36.2844034726996,46.3867355717488,"Texas Bailey"
"2535",48019,0,1,20851,36.2844034726996,27.5846518157492,"Texas Bandera"
"2536",48021,0,1,97216,36.2844034726996,36.4955871277062,"Texas Bastrop"
"2537",48023,1,9,3465,36.2844034726996,27.3886397660298,"Texas Baylor"
"2538",48025,1,6,31047,36.2844034726996,30.0527117666333,"Texas Bee"
"2539",48027,0,2,370647,36.2844034726996,36.0175191682681,"Texas Bell"
"2540",48029,0,1,2009324,36.2844034726996,37.3101336080852,"Texas Bexar"
"2541",48031,1,8,11374,36.2844034726996,32.1177591821127,"Texas Blanco"
"2542",48033,1,9,631,36.2844034726996,64.7378773428205,"Texas Borden"
"2543",48035,0,2,18235,36.2844034726996,32.6491264781083,"Texas Bosque"
"2544",48037,0,3,92893,36.2844034726996,35.5971579770666,"Texas Bowie"
"2545",48039,0,1,372031,36.2844034726996,40.457354076565,"Texas Brazoria"
"2546",48041,0,2,233849,36.2844034726996,31.4060353140156,"Texas Brazos"
"2547",48043,1,7,9546,36.2844034726996,20.8488964238467,"Texas Brewster"
"2548",48045,1,8,1435,36.2844034726996,32.1168172797812,"Texas Briscoe"
"2549",48047,1,9,7076,36.2844034726996,37.9979699191777,"Texas Brooks"
"2550",48049,1,5,38095,36.2844034726996,35.2318488211779,"Texas Brown"
"2551",48051,0,2,17642,36.2844034726996,40.7615794510113,"Texas Burleson"
"2552",48053,1,6,49130,36.2844034726996,35.8581196750263,"Texas Burnet"
"2553",48055,0,1,45883,36.2844034726996,36.5751938904077,"Texas Caldwell"
"2554",48057,1,6,20106,36.2844034726996,40.4839652462145,"Texas Calhoun"
"2555",48059,0,3,13708,36.2844034726996,33.7734714042358,"Texas Callahan"
"2556",48061,0,2,421017,36.2844034726996,43.3534422313275,"Texas Cameron"
"2557",48063,1,8,12464,36.2844034726996,39.3117888112773,"Texas Camp"
"2558",48065,0,2,5807,36.2844034726996,24.0270216460974,"Texas Carson"
"2559",48067,1,6,28454,36.2844034726996,35.6164579759949,"Texas Cass"
"2560",48069,1,9,7371,36.2844034726996,52.8373393841032,"Texas Castro"
"2561",48071,0,1,46571,36.2844034726996,43.4264768006772,"Texas Chambers"
"2562",48073,1,6,50412,36.2844034726996,41.1381167611809,"Texas Cherokee"
"2563",48075,1,9,6664,36.2844034726996,28.2192088607358,"Texas Childress"
"2564",48077,0,3,10218,36.2844034726996,38.2349544904969,"Texas Clay"
"2565",48079,0,2,2547,36.2844034726996,40.0833515162946,"Texas Cochran"
"2566",48081,1,8,3285,36.2844034726996,24.1106916954946,"Texas Coke"
"2567",48083,1,8,7684,36.2844034726996,31.6705453511749,"Texas Coleman"
"2568",48085,0,1,1064465,36.2844034726996,38.6930732448607,"Texas Collin"
"2569",48087,1,9,2652,36.2844034726996,44.1445955364288,"Texas Collingsworth"
"2570",48089,1,8,20557,36.2844034726996,31.1368626813848,"Texas Colorado"
"2571",48091,0,1,161501,36.2844034726996,37.0441489820868,"Texas Comal"
"2572",48093,1,9,13594,36.2844034726996,33.1252194403673,"Texas Comanche"
"2573",48095,1,8,3303,36.2844034726996,24.8827353220642,"Texas Concho"
"2574",48097,1,6,41668,36.2844034726996,42.0648013240348,"Texas Cooke"
"2575",48099,0,2,83093,36.2844034726996,33.8084494850661,"Texas Coryell"
"2576",48101,1,9,1380,36.2844034726996,19.1166073872462,"Texas Cottle"
"2577",48103,1,8,4675,36.2844034726996,43.8890333662841,"Texas Crane"
"2578",48105,1,8,3098,36.2844034726996,61.0361538666424,"Texas Crockett"
"2579",48107,0,2,5133,36.2844034726996,41.0081637058192,"Texas Crosby"
"2580",48109,1,9,2188,36.2844034726996,1.65543963041043,"Texas Culberson"
"2581",48111,1,7,7115,36.2844034726996,40.533644433727,"Texas Dallam"
"2582",48113,0,1,2613539,36.2844034726996,38.2665897326125,"Texas Dallas"
"2583",48115,1,6,12456,36.2844034726996,34.3289935396897,"Texas Dawson"
"2584",48117,1,6,18583,36.2844034726996,47.6774774282609,"Texas Deaf Smith"
"2585",48119,1,8,5230,36.2844034726996,37.3573257249955,"Texas Delta"
"2586",48121,0,1,906422,36.2844034726996,36.4872097342892,"Texas Denton"
"2587",48123,1,6,19824,36.2844034726996,30.4727198261263,"Texas DeWitt"
"2588",48125,1,8,1770,36.2844034726996,25.5743947121252,"Texas Dickens"
"2589",48127,1,7,8615,36.2844034726996,37.5205650303486,"Texas Dimmit"
"2590",48129,1,8,3258,36.2844034726996,29.186619214713,"Texas Donley"
"2591",48131,1,9,9831,36.2844034726996,38.6511825612163,"Texas Duval"
"2592",48133,1,8,17725,36.2844034726996,37.2081518599673,"Texas Eastland"
"2593",48135,0,3,165171,36.2844034726996,38.2517000180854,"Texas Ector"
"2594",48137,1,9,1422,36.2844034726996,8.76458090956648,"Texas Edwards"
"2595",48139,0,1,192455,36.2844034726996,42.8563001272122,"Texas Ellis"
"2596",48141,0,2,865657,36.2844034726996,41.0087527374889,"Texas El Paso"
"2597",48143,1,5,42545,36.2844034726996,34.6989583893679,"Texas Erath"
"2598",48145,0,2,16968,36.2844034726996,23.3767821969853,"Texas Falls"
"2599",48147,1,6,35662,36.2844034726996,31.8814663347424,"Texas Fannin"
"2600",48149,1,6,24435,36.2844034726996,32.2472742280077,"Texas Fayette"
"2601",48151,1,8,3672,36.2844034726996,31.5867708240016,"Texas Fisher"
"2602",48153,1,8,5402,36.2844034726996,41.8649260115908,"Texas Floyd"
"2603",48155,1,9,1095,36.2844034726996,31.0377774200012,"Texas Foard"
"2604",48157,0,1,822779,36.2844034726996,46.5661397326783,"Texas Fort Bend"
"2605",48159,1,9,10359,36.2844034726996,34.1660902831134,"Texas Franklin"
"2606",48161,1,9,19435,36.2844034726996,28.7788758798256,"Texas Freestone"
"2607",48163,1,6,18385,36.2844034726996,30.6718488529383,"Texas Frio"
"2608",48165,1,6,21598,36.2844034726996,46.372695090215,"Texas Gaines"
"2609",48167,0,1,350682,36.2844034726996,33.0565141826728,"Texas Galveston"
"2610",48169,0,2,5816,36.2844034726996,28.0384024024479,"Texas Garza"
"2611",48171,1,7,26725,36.2844034726996,36.1153563107996,"Texas Gillespie"
"2612",48173,1,8,1116,36.2844034726996,44.3696023499426,"Texas Glasscock"
"2613",48175,0,3,7012,36.2844034726996,22.5671626056192,"Texas Goliad"
"2614",48177,1,6,19653,36.2844034726996,40.4522393644027,"Texas Gonzales"
"2615",48179,1,6,21227,36.2844034726996,37.1578189546901,"Texas Gray"
"2616",48181,0,3,135543,36.2844034726996,33.7882461964652,"Texas Grayson"
"2617",48183,0,2,124239,36.2844034726996,38.2300847095482,"Texas Gregg"
"2618",48185,1,6,29268,36.2844034726996,32.9481076084435,"Texas Grimes"
"2619",48187,0,1,172706,36.2844034726996,37.3812139548115,"Texas Guadalupe"
"2620",48189,1,4,32522,36.2844034726996,38.9484188358728,"Texas Hale"
"2621",48191,1,9,2825,36.2844034726996,24.1045561458183,"Texas Hall"
"2622",48193,1,8,8222,36.2844034726996,25.0305264736065,"Texas Hamilton"
"2623",48195,1,9,5285,36.2844034726996,47.9636872345713,"Texas Hansford"
"2624",48197,1,9,3549,36.2844034726996,33.7134927670741,"Texas Hardeman"
"2625",48199,0,2,56231,36.2844034726996,36.0201874140072,"Texas Hardin"
"2626",48201,0,1,4731145,36.2844034726996,39.3743988786655,"Texas Harris"
"2627",48203,0,2,68839,36.2844034726996,35.7736805219834,"Texas Harrison"
"2628",48205,1,9,5382,36.2844034726996,21.0843428116138,"Texas Hartley"
"2629",48207,1,8,5416,36.2844034726996,43.0214076251023,"Texas Haskell"
"2630",48209,0,1,241067,36.2844034726996,35.2693571046264,"Texas Hays"
"2631",48211,1,9,3382,36.2844034726996,45.3790126366746,"Texas Hemphill"
"2632",48213,1,4,82150,36.2844034726996,33.7817586974448,"Texas Henderson"
"2633",48215,0,2,870781,36.2844034726996,47.1786573400519,"Texas Hidalgo"
"2634",48217,1,6,35874,36.2844034726996,31.3734932524007,"Texas Hill"
"2635",48219,0,2,21537,36.2844034726996,36.1740463961399,"Texas Hockley"
"2636",48221,1,4,61598,36.2844034726996,32.3282750787315,"Texas Hood"
"2637",48223,1,6,36787,36.2844034726996,36.4383868207863,"Texas Hopkins"
"2638",48225,1,7,22066,36.2844034726996,32.9290102070941,"Texas Houston"
"2639",48227,1,4,34860,36.2844034726996,33.5419167433701,"Texas Howard"
"2640",48229,0,2,3202,36.2844034726996,30.6907745690559,"Texas Hudspeth"
"2641",48231,0,1,99956,36.2844034726996,35.5138129852147,"Texas Hunt"
"2642",48233,1,6,20617,36.2844034726996,32.7387582023723,"Texas Hutchinson"
"2643",48235,0,3,1513,36.2844034726996,23.0363462885033,"Texas Irion"
"2644",48237,1,8,8472,36.2844034726996,31.4513944098489,"Texas Jack"
"2645",48239,1,6,14988,36.2844034726996,47.6893489982448,"Texas Jackson"
"2646",48241,1,6,32980,36.2844034726996,38.4695288805592,"Texas Jasper"
"2647",48243,1,9,1996,36.2844034726996,9.18241735740934,"Texas Jeff Davis"
"2648",48245,0,2,256526,36.2844034726996,35.6895201608204,"Texas Jefferson"
"2649",48247,1,8,4838,36.2844034726996,57.0199064779298,"Texas Jim Hogg"
"2650",48249,1,6,38891,36.2844034726996,47.9840301861741,"Texas Jim Wells"
"2651",48251,0,1,179927,36.2844034726996,38.2493479269178,"Texas Johnson"
"2652",48253,0,3,19663,36.2844034726996,32.4932614567441,"Texas Jones"
"2653",48255,1,8,14710,36.2844034726996,32.6954866720852,"Texas Karnes"
"2654",48257,0,1,145310,36.2844034726996,43.7199677136507,"Texas Kaufman"
"2655",48259,0,1,44279,36.2844034726996,35.8068648247873,"Texas Kendall"
"2656",48261,1,9,350,36.2844034726996,52.0228650672003,"Texas Kenedy"
"2657",48263,1,9,753,36.2844034726996,19.3246610927368,"Texas Kent"
"2658",48265,1,4,52598,36.2844034726996,27.6088283132989,"Texas Kerr"
"2659",48267,1,9,4286,36.2844034726996,22.9709474054732,"Texas Kimble"
"2660",48269,1,9,265,36.2844034726996,100,"Texas King"
"2661",48271,1,9,3129,36.2844034726996,22.0218441464315,"Texas Kinney"
"2662",48273,1,4,31040,36.2844034726996,39.4046542902517,"Texas Kleberg"
"2663",48275,1,9,3353,36.2844034726996,31.6835244785684,"Texas Knox"
"2664",48277,1,5,50088,36.2844034726996,31.458823348955,"Texas Lamar"
"2665",48279,1,6,13045,36.2844034726996,39.900042437632,"Texas Lamb"
"2666",48281,0,2,21627,36.2844034726996,36.8703475911805,"Texas Lampasas"
"2667",48283,1,8,6664,36.2844034726996,45.0774731876526,"Texas La Salle"
"2668",48285,1,8,20337,36.2844034726996,36.445650397113,"Texas Lavaca"
"2669",48287,1,8,17478,36.2844034726996,33.2843709529377,"Texas Lee"
"2670",48289,1,8,15719,36.2844034726996,39.645407983789,"Texas Leon"
"2671",48291,0,1,91628,36.2844034726996,42.1543217019862,"Texas Liberty"
"2672",48293,1,6,22146,36.2844034726996,35.6035027488165,"Texas Limestone"
"2673",48295,1,9,3059,36.2844034726996,41.9986835053131,"Texas Lipscomb"
"2674",48297,1,8,11335,36.2844034726996,32.2486053501504,"Texas Live Oak"
"2675",48299,1,7,21243,36.2844034726996,22.8937365937857,"Texas Llano"
"2676",48301,1,9,64,36.2844034726996,29.186665822329,"Texas Loving"
"2677",48303,0,2,310639,36.2844034726996,34.1189902897506,"Texas Lubbock"
"2678",48305,0,2,5596,36.2844034726996,38.4904879463785,"Texas Lynn"
"2679",48307,1,9,7630,36.2844034726996,25.2972007536814,"Texas McCulloch"
"2680",48309,0,2,260579,36.2844034726996,36.6176584480932,"Texas McLennan"
"2681",48311,1,8,600,36.2844034726996,35.6284798902488,"Texas McMullen"
"2682",48313,1,8,13455,36.2844034726996,33.9040592153109,"Texas Madison"
"2683",48315,1,8,9725,36.2844034726996,23.1631210527361,"Texas Marion"
"2684",48317,0,3,5237,36.2844034726996,40.8749774349648,"Texas Martin"
"2685",48319,1,9,3953,36.2844034726996,31.6217663861567,"Texas Mason"
"2686",48321,1,6,36255,36.2844034726996,37.914275500594,"Texas Matagorda"
"2687",48323,0,3,57887,36.2844034726996,53.0550306750697,"Texas Maverick"
"2688",48325,0,1,50748,36.2844034726996,42.3461180865708,"Texas Medina"
"2689",48327,1,9,1962,36.2844034726996,11.335140177607,"Texas Menard"
"2690",48329,0,3,169983,36.2844034726996,38.8229670732411,"Texas Midland"
"2691",48331,1,6,24754,36.2844034726996,33.4691746767547,"Texas Milam"
"2692",48333,1,9,4456,36.2844034726996,33.8281935417098,"Texas Mills"
"2693",48335,1,7,8990,36.2844034726996,32.3410797175579,"Texas Mitchell"
"2694",48337,1,6,19965,36.2844034726996,31.9148787481554,"Texas Montague"
"2695",48339,0,1,620443,36.2844034726996,39.5355430305312,"Texas Montgomery"
"2696",48341,1,7,21358,36.2844034726996,42.304909287547,"Texas Moore"
"2697",48343,1,8,11973,36.2844034726996,44.7733217604031,"Texas Morris"
"2698",48345,1,8,1063,36.2844034726996,41.9313261108518,"Texas Motley"
"2699",48347,1,5,64653,36.2844034726996,36.6425909036559,"Texas Nacogdoches"
"2700",48349,1,4,52624,36.2844034726996,37.7928686959244,"Texas Navarro"
"2701",48351,1,8,12217,36.2844034726996,31.1230139512858,"Texas Newton"
"2702",48353,1,6,14738,36.2844034726996,31.6940126615834,"Texas Nolan"
"2703",48355,0,2,353178,36.2844034726996,36.4457059586489,"Texas Nueces"
"2704",48357,1,7,10015,36.2844034726996,44.5852540608537,"Texas Ochiltree"
"2705",48359,0,2,1758,36.2844034726996,34.5919279500081,"Texas Oldham"
"2706",48361,0,2,84808,36.2844034726996,38.5332851247352,"Texas Orange"
"2707",48363,1,6,28409,36.2844034726996,36.7157126130061,"Texas Palo Pinto"
"2708",48365,1,6,22491,36.2844034726996,33.7745322763107,"Texas Panola"
"2709",48367,0,1,148222,36.2844034726996,37.9813398669154,"Texas Parker"
"2710",48369,1,9,9869,36.2844034726996,47.5494706289522,"Texas Parmer"
"2711",48371,1,7,15193,36.2844034726996,30.4853972306986,"Texas Pecos"
"2712",48373,1,6,50123,36.2844034726996,31.2586321750115,"Texas Polk"
"2713",48375,0,2,118525,36.2844034726996,35.0749059708417,"Texas Potter"
"2714",48377,1,9,6131,36.2844034726996,12.2357904722274,"Texas Presidio"
"2715",48379,1,8,12164,36.2844034726996,40.8833378285849,"Texas Rains"
"2716",48381,0,2,140753,36.2844034726996,31.9273778252887,"Texas Randall"
"2717",48383,1,8,3385,36.2844034726996,43.8854288626968,"Texas Reagan"
"2718",48385,1,9,2758,36.2844034726996,25.9040422130196,"Texas Real"
"2719",48387,1,8,11587,36.2844034726996,35.1196051040051,"Texas Red River"
"2720",48389,1,7,14748,36.2844034726996,29.8512643092126,"Texas Reeves"
"2721",48391,1,8,6741,36.2844034726996,35.46439250637,"Texas Refugio"
"2722",48393,1,9,827,36.2844034726996,43.8481413622815,"Texas Roberts"
"2723",48395,0,2,16757,36.2844034726996,37.3903724930814,"Texas Robertson"
"2724",48397,0,1,107819,36.2844034726996,49.0705784255546,"Texas Rockwall"
"2725",48399,1,8,9900,36.2844034726996,35.8861606301838,"Texas Runnels"
"2726",48401,0,2,52214,36.2844034726996,34.0118349050485,"Texas Rusk"
"2727",48403,1,9,9894,36.2844034726996,30.9380084833144,"Texas Sabine"
"2728",48405,1,9,7918,36.2844034726996,38.8518593211765,"Texas San Augustine"
"2729",48407,0,1,27402,36.2844034726996,30.6045511159034,"Texas San Jacinto"
"2730",48409,0,2,68755,36.2844034726996,39.7963151722006,"Texas San Patricio"
"2731",48411,1,9,5730,36.2844034726996,33.3155735748146,"Texas San Saba"
"2732",48413,1,8,2451,36.2844034726996,38.7213653818202,"Texas Schleicher"
"2733",48415,1,7,16932,36.2844034726996,31.8168544275852,"Texas Scurry"
"2734",48417,1,8,3105,36.2844034726996,32.6671259506537,"Texas Shackelford"
"2735",48419,1,7,24022,36.2844034726996,37.6306827441863,"Texas Shelby"
"2736",48421,1,9,2782,36.2844034726996,40.0010831231063,"Texas Sherman"
"2737",48423,0,3,233479,36.2844034726996,35.840287268904,"Texas Smith"
"2738",48425,1,8,9205,36.2844034726996,38.9599138579615,"Texas Somervell"
"2739",48427,1,4,65920,36.2844034726996,52.7268354244701,"Texas Starr"
"2740",48429,1,7,9101,36.2844034726996,31.1145447161336,"Texas Stephens"
"2741",48431,1,8,1372,36.2844034726996,53.7534104678812,"Texas Sterling"
"2742",48433,1,9,1245,36.2844034726996,45.113173973501,"Texas Stonewall"
"2743",48435,1,9,3372,36.2844034726996,44.3081281063184,"Texas Sutton"
"2744",48437,1,8,6971,36.2844034726996,31.444199957179,"Texas Swisher"
"2745",48439,0,1,2110640,36.2844034726996,37.853483730923,"Texas Tarrant"
"2746",48441,0,3,143208,36.2844034726996,36.7069539201553,"Texas Taylor"
"2747",48443,1,9,760,36.2844034726996,14.9832030728216,"Texas Terrell"
"2748",48445,1,6,11831,36.2844034726996,40.2599844580985,"Texas Terry"
"2749",48447,1,9,1440,36.2844034726996,23.920561583192,"Texas Throckmorton"
"2750",48449,1,7,31247,36.2844034726996,51.8251507276782,"Texas Titus"
"2751",48451,0,3,120003,36.2844034726996,33.6640359152888,"Texas Tom Green"
"2752",48453,0,1,1290188,36.2844034726996,29.5708312993938,"Texas Travis"
"2753",48455,1,8,13602,36.2844034726996,26.2142405227194,"Texas Trinity"
"2754",48457,1,8,19798,36.2844034726996,39.2991445794241,"Texas Tyler"
"2755",48459,0,2,40892,36.2844034726996,34.301429575738,"Texas Upshur"
"2756",48461,1,8,3308,36.2844034726996,39.4464728751089,"Texas Upton"
"2757",48463,1,6,24564,36.2844034726996,43.7352990343758,"Texas Uvalde"
"2758",48465,1,5,47586,36.2844034726996,38.1858596011112,"Texas Val Verde"
"2759",48467,1,8,59541,36.2844034726996,35.4704851091291,"Texas Van Zandt"
"2760",48469,0,3,91319,36.2844034726996,36.2295971489216,"Texas Victoria"
"2761",48471,1,4,76400,36.2844034726996,27.4520958424895,"Texas Walker"
"2762",48473,0,1,56794,36.2844034726996,43.326769992837,"Texas Waller"
"2763",48475,1,6,11644,36.2844034726996,48.1648484159325,"Texas Ward"
"2764",48477,1,6,35805,36.2844034726996,31.4344064463287,"Texas Washington"
"2765",48479,0,2,267114,36.2844034726996,52.658086653596,"Texas Webb"
"2766",48481,1,4,41570,36.2844034726996,39.178387677268,"Texas Wharton"
"2767",48483,1,9,4990,36.2844034726996,41.1573026214684,"Texas Wheeler"
"2768",48485,0,3,129350,36.2844034726996,32.8967888963727,"Texas Wichita"
"2769",48487,1,6,12887,36.2844034726996,33.4059869110112,"Texas Wilbarger"
"2770",48489,1,6,20164,36.2844034726996,38.4166861483388,"Texas Willacy"
"2771",48491,0,1,609017,36.2844034726996,33.8465736105901,"Texas Williamson"
"2772",48493,0,1,49753,36.2844034726996,45.7101032100309,"Texas Wilson"
"2773",48495,1,6,7791,36.2844034726996,38.8559169184665,"Texas Winkler"
"2774",48497,0,1,68632,36.2844034726996,42.5596596245154,"Texas Wise"
"2775",48499,1,6,44843,36.2844034726996,33.2479576890898,"Texas Wood"
"2776",48501,1,9,7694,36.2844034726996,64.7299049167842,"Texas Yoakum"
"2777",48503,1,7,17867,36.2844034726996,33.7865401442863,"Texas Young"
"2778",48505,1,6,13889,36.2844034726996,38.1759783187363,"Texas Zapata"
"2779",48507,1,7,9670,36.2844034726996,45.9601865819735,"Texas Zavala"
"2780",49001,1,9,7072,40.8080684052859,45.7158076554566,"Utah Beaver"
"2781",49003,1,4,57666,40.8080684052859,46.5059616290679,"Utah Box Elder"
"2782",49005,0,3,133154,40.8080684052859,50.5661811321399,"Utah Cache"
"2783",49007,1,7,20412,40.8080684052859,36.1168541580944,"Utah Carbon"
"2784",49009,1,9,935,40.8080684052859,15.4983441613267,"Utah Daggett"
"2785",49011,0,2,362679,40.8080684052859,45.2926128387076,"Utah Davis"
"2786",49013,1,7,19596,40.8080684052859,42.2994876319512,"Utah Duchesne"
"2787",49015,1,9,9825,40.8080684052859,48.3275906492958,"Utah Emery"
"2788",49017,1,9,5083,40.8080684052859,42.2963661589308,"Utah Garfield"
"2789",49019,1,7,9669,40.8080684052859,19.1269686255511,"Utah Grand"
"2790",49021,1,4,57289,40.8080684052859,39.3447796166683,"Utah Iron"
"2791",49023,0,2,11786,40.8080684052859,50.7691687835859,"Utah Juab"
"2792",49025,1,8,7667,40.8080684052859,27.8870793492259,"Utah Kane"
"2793",49027,1,9,12975,40.8080684052859,44.5462986932205,"Utah Millard"
"2794",49029,0,2,12295,40.8080684052859,56.5786774126954,"Utah Morgan"
"2795",49031,1,9,1438,40.8080684052859,15.3996677493765,"Utah Piute"
"2796",49033,1,8,2510,40.8080684052859,49.889593561386,"Utah Rich"
"2797",49035,0,1,1185238,40.8080684052859,40.1532483021236,"Utah Salt Lake"
"2798",49037,1,9,14518,40.8080684052859,37.1022416917633,"Utah San Juan"
"2799",49039,1,6,28437,40.8080684052859,44.4313626990065,"Utah Sanpete"
"2800",49041,1,7,21522,40.8080684052859,41.1548533772629,"Utah Sevier"
"2801",49043,1,4,42357,40.8080684052859,34.603764020601,"Utah Summit"
"2802",49045,0,1,72698,40.8080684052859,53.134712291025,"Utah Tooele"
"2803",49047,1,7,35620,40.8080684052859,41.4131410511487,"Utah Uintah"
"2804",49049,0,2,659399,40.8080684052859,56.2826898490034,"Utah Utah"
"2805",49051,1,4,34788,40.8080684052859,40.1335023695535,"Utah Wasatch"
"2806",49053,0,3,180279,40.8080684052859,40.35997232495,"Utah Washington"
"2807",49055,1,9,2486,40.8080684052859,39.612619791807,"Utah Wayne"
"2808",49057,0,2,262223,40.8080684052859,38.8904361783652,"Utah Weber"
"2809",50001,1,6,37363,22.4184816729991,23.6733568282868,"Vermont Addison"
"2810",50003,1,6,37347,22.4184816729991,21.887138724964,"Vermont Bennington"
"2811",50005,1,9,30233,22.4184816729991,21.9170000307519,"Vermont Caledonia"
"2812",50007,0,3,168323,22.4184816729991,30.8713166918472,"Vermont Chittenden"
"2813",50009,1,9,5920,22.4184816729991,17.9525317323971,"Vermont Essex"
"2814",50011,0,3,49946,22.4184816729991,28.3172042765909,"Vermont Franklin"
"2815",50013,0,3,7293,22.4184816729991,24.3056561139334,"Vermont Grand Isle"
"2816",50015,1,8,25945,22.4184816729991,23.6546362840511,"Vermont Lamoille"
"2817",50017,1,9,29277,22.4184816729991,22.3644433917226,"Vermont Orange"
"2818",50019,1,9,27393,22.4184816729991,22.0557058057175,"Vermont Orleans"
"2819",50021,1,7,60572,22.4184816729991,21.4733272597989,"Vermont Rutland"
"2820",50023,1,4,59807,22.4184816729991,22.9326032440476,"Vermont Washington"
"2821",50025,1,7,45905,22.4184816729991,12.7239248130152,"Vermont Windham"
"2822",50027,1,7,57753,22.4184816729991,19.7298982248633,"Vermont Windsor"
"2823",51001,1,9,33413,32.0448054045702,32.9945150801323,"Virginia Accomack"
"2824",51003,0,3,112395,32.0448054045702,25.0409962218372,"Virginia Albemarle"
"2825",51005,1,6,15223,32.0448054045702,22.8297368264177,"Virginia Alleghany"
"2826",51007,0,1,13265,32.0448054045702,39.525091949203,"Virginia Amelia"
"2827",51009,0,2,31307,32.0448054045702,33.9545275084648,"Virginia Amherst"
"2828",51011,0,2,16119,32.0448054045702,33.777980658213,"Virginia Appomattox"
"2829",51013,0,1,238643,32.0448054045702,28.0293163611043,"Virginia Arlington"
"2830",51015,0,3,77487,32.0448054045702,30.6793103199833,"Virginia Augusta"
"2831",51017,1,9,4209,32.0448054045702,23.5791988981268,"Virginia Bath"
"2832",51019,0,2,79462,32.0448054045702,32.3783551721053,"Virginia Bedford"
"2833",51021,1,8,6270,32.0448054045702,22.8487093053956,"Virginia Bland"
"2834",51023,0,2,33596,32.0448054045702,29.8027150965277,"Virginia Botetourt"
"2835",51025,1,8,15849,32.0448054045702,31.7779463033187,"Virginia Brunswick"
"2836",51027,1,9,20355,32.0448054045702,31.7067819166152,"Virginia Buchanan"
"2837",51029,1,8,16824,32.0448054045702,28.1613391209922,"Virginia Buckingham"
"2838",51031,0,2,55696,32.0448054045702,33.4025366109879,"Virginia Campbell"
"2839",51033,1,8,30887,32.0448054045702,39.1936717202022,"Virginia Caroline"
"2840",51035,1,6,29155,32.0448054045702,30.803847222141,"Virginia Carroll"
"2841",51036,0,1,6773,32.0448054045702,28.5445871084102,"Virginia Charles City"
"2842",51037,1,8,11529,32.0448054045702,26.7209840844987,"Virginia Charlotte"
"2843",51041,0,1,364548,32.0448054045702,36.9081655878561,"Virginia Chesterfield"
"2844",51043,0,1,14783,32.0448054045702,34.055089148853,"Virginia Clarke"
"2845",51045,0,2,4892,32.0448054045702,40.3398958878181,"Virginia Craig"
"2846",51047,0,1,52552,32.0448054045702,42.8814156511934,"Virginia Culpeper"
"2847",51049,1,8,9675,32.0448054045702,33.3237701701041,"Virginia Cumberland"
"2848",51051,1,9,14124,32.0448054045702,30.5449526683501,"Virginia Dickenson"
"2849",51053,0,1,27947,32.0448054045702,39.2618801258875,"Virginia Dinwiddie"
"2850",51057,1,8,10599,32.0448054045702,34.8564798079096,"Virginia Essex"
"2851",51059,0,1,1150309,32.0448054045702,39.8351588315981,"Virginia Fairfax"
"2852",51061,0,1,72972,32.0448054045702,33.9249164940411,"Virginia Fauquier"
"2853",51063,0,3,15476,32.0448054045702,24.5576278885251,"Virginia Floyd"
"2854",51065,0,3,27249,32.0448054045702,32.9837453438946,"Virginia Fluvanna"
"2855",51067,0,2,54477,32.0448054045702,33.4084581370073,"Virginia Franklin"
"2856",51069,0,3,91419,32.0448054045702,34.754477718803,"Virginia Frederick"
"2857",51071,0,3,16787,32.0448054045702,30.9156175730429,"Virginia Giles"
"2858",51073,0,1,38711,32.0448054045702,31.747947185632,"Virginia Gloucester"
"2859",51075,0,1,24727,32.0448054045702,32.8344277336163,"Virginia Goochland"
"2860",51077,1,9,15333,32.0448054045702,30.7344763700424,"Virginia Grayson"
"2861",51079,0,3,20552,32.0448054045702,37.0733810658323,"Virginia Greene"
"2862",51081,1,6,11391,32.0448054045702,29.7269224445495,"Virginia Greensville"
"2863",51083,1,6,34022,32.0448054045702,27.4992303130475,"Virginia Halifax"
"2864",51085,0,1,109979,32.0448054045702,33.8575901195485,"Virginia Hanover"
"2865",51087,0,1,334389,32.0448054045702,29.6746259307048,"Virginia Henrico"
"2866",51089,1,4,50948,32.0448054045702,26.9890835252199,"Virginia Henry"
"2867",51091,1,8,2232,32.0448054045702,25.1279098699646,"Virginia Highland"
"2868",51093,0,1,38606,32.0448054045702,32.8434342461138,"Virginia Isle of Wight"
"2869",51095,0,1,78254,32.0448054045702,32.6880447908299,"Virginia James City"
"2870",51097,0,1,6608,32.0448054045702,36.0910996673226,"Virginia King and Queen"
"2871",51099,1,8,26723,32.0448054045702,38.9116410013046,"Virginia King George"
"2872",51101,0,1,17810,32.0448054045702,31.9492969027372,"Virginia King William"
"2873",51103,1,9,10919,32.0448054045702,16.063743788001,"Virginia Lancaster"
"2874",51105,1,8,22173,32.0448054045702,31.6403434920786,"Virginia Lee"
"2875",51107,0,1,420959,32.0448054045702,43.3951480846805,"Virginia Loudoun"
"2876",51109,1,8,37596,32.0448054045702,34.0608591802756,"Virginia Louisa"
"2877",51111,1,9,11936,32.0448054045702,31.0569061687133,"Virginia Lunenburg"
"2878",51113,1,8,13837,32.0448054045702,34.0025526829617,"Virginia Madison"
"2879",51115,0,1,8533,32.0448054045702,22.6225845058676,"Virginia Mathews"
"2880",51117,1,7,30319,32.0448054045702,24.3707439363299,"Virginia Mecklenburg"
"2881",51119,1,8,10625,32.0448054045702,22.6124032556894,"Virginia Middlesex"
"2882",51121,0,3,99721,32.0448054045702,28.7642404076638,"Virginia Montgomery"
"2883",51125,0,3,14775,32.0448054045702,33.1818287118179,"Virginia Nelson"
"2884",51127,0,1,22945,32.0448054045702,40.5951857964522,"Virginia New Kent"
"2885",51131,1,8,12282,32.0448054045702,28.6051152992302,"Virginia Northampton"
"2886",51133,1,9,11839,32.0448054045702,27.3435225587701,"Virginia Northumberland"
"2887",51135,1,8,15642,32.0448054045702,29.3116215254798,"Virginia Nottoway"
"2888",51137,1,6,36254,32.0448054045702,39.4702194420949,"Virginia Orange"
"2889",51139,1,8,23709,32.0448054045702,32.9669080882564,"Virginia Page"
"2890",51141,1,8,17608,32.0448054045702,28.5033139255464,"Virginia Patrick"
"2891",51143,1,4,60501,32.0448054045702,30.7100157645852,"Virginia Pittsylvania"
"2892",51145,0,1,30333,32.0448054045702,35.1727977117956,"Virginia Powhatan"
"2893",51147,1,6,21849,32.0448054045702,35.5051777612143,"Virginia Prince Edward"
"2894",51149,0,1,43010,32.0448054045702,37.541675924556,"Virginia Prince George"
"2895",51153,0,1,482204,32.0448054045702,45.0975327521119,"Virginia Prince William"
"2896",51155,0,3,33800,32.0448054045702,29.2375938503691,"Virginia Pulaski"
"2897",51157,0,1,7348,32.0448054045702,29.9491375356196,"Virginia Rappahannock"
"2898",51159,1,9,8923,32.0448054045702,31.4093600887763,"Virginia Richmond"
"2899",51161,0,2,96929,32.0448054045702,26.1156936284163,"Virginia Roanoke"
"2900",51163,1,6,22650,32.0448054045702,25.529725245995,"Virginia Rockbridge"
"2901",51165,0,3,83757,32.0448054045702,32.3798845783837,"Virginia Rockingham"
"2902",51167,1,8,25781,32.0448054045702,29.6550198243421,"Virginia Russell"
"2903",51169,0,2,21576,32.0448054045702,26.3427641163597,"Virginia Scott"
"2904",51171,1,6,44186,32.0448054045702,30.1839454712882,"Virginia Shenandoah"
"2905",51173,1,7,29800,32.0448054045702,30.6190360012529,"Virginia Smyth"
"2906",51175,1,6,17996,32.0448054045702,32.5739522149833,"Virginia Southampton"
"2907",51177,0,1,140032,32.0448054045702,42.410418285624,"Virginia Spotsylvania"
"2908",51179,0,1,156927,32.0448054045702,43.9462898526379,"Virginia Stafford"
"2909",51181,0,1,6561,32.0448054045702,34.6491637236583,"Virginia Surry"
"2910",51183,0,1,10829,32.0448054045702,25.4682625206118,"Virginia Sussex"
"2911",51185,1,7,40429,32.0448054045702,31.5778453559301,"Virginia Tazewell"
"2912",51187,0,1,40727,32.0448054045702,37.5376524645793,"Virginia Warren"
"2913",51191,0,2,53935,32.0448054045702,29.3459165485991,"Virginia Washington"
"2914",51193,1,8,18477,32.0448054045702,25.2737704635395,"Virginia Westmoreland"
"2915",51195,1,7,36130,32.0448054045702,32.0811505003727,"Virginia Wise"
"2916",51197,1,6,28290,32.0448054045702,31.4434288094994,"Virginia Wythe"
"2917",51199,0,1,70045,32.0448054045702,36.1166603302751,"Virginia York"
"2918",51510,0,1,159467,32.0448054045702,24.2936226281936,"Virginia Alexandria city"
"2919",51520,0,2,17219,32.0448054045702,29.2835857290773,"Virginia Bristol city"
"2920",51530,1,6,6641,32.0448054045702,30.4723272264646,"Virginia Buena Vista city"
"2921",51540,0,3,46553,32.0448054045702,28.3312732094861,"Virginia Charlottesville city"
"2922",51550,0,1,249422,32.0448054045702,38.0134720689672,"Virginia Chesapeake city"
"2923",51570,0,1,18170,32.0448054045702,37.6207364734146,"Virginia Colonial Heights city"
"2924",51580,1,6,5737,32.0448054045702,26.9199307180214,"Virginia Covington city"
"2925",51590,1,4,42590,32.0448054045702,27.4823745258452,"Virginia Danville city"
"2926",51595,1,6,5766,32.0448054045702,40.004764829733,"Virginia Emporia city"
"2927",51600,0,1,24146,32.0448054045702,46.1077686471393,"Virginia Fairfax city"
"2928",51610,0,1,14658,32.0448054045702,36.1668250813869,"Virginia Falls Church city"
"2929",51620,1,6,8180,32.0448054045702,34.228450326276,"Virginia Franklin city"
"2930",51630,0,1,27982,32.0448054045702,39.7815950566174,"Virginia Fredericksburg city"
"2931",51640,1,6,6720,32.0448054045702,36.7982315531475,"Virginia Galax city"
"2932",51650,0,1,137148,32.0448054045702,33.1956376650179,"Virginia Hampton city"
"2933",51660,0,3,51814,32.0448054045702,34.6435557166061,"Virginia Harrisonburg city"
"2934",51670,0,1,23033,32.0448054045702,37.3950643075911,"Virginia Hopewell city"
"2935",51678,1,6,7320,32.0448054045702,26.1954803781007,"Virginia Lexington city"
"2936",51680,0,2,79009,32.0448054045702,32.9556229237072,"Virginia Lynchburg city"
"2937",51683,0,1,42772,32.0448054045702,44.6310766780997,"Virginia Manassas city"
"2938",51685,0,1,17219,32.0448054045702,36.9609601307369,"Virginia Manassas Park city"
"2939",51690,1,4,13485,32.0448054045702,38.4190014042837,"Virginia Martinsville city"
"2940",51700,0,1,186247,32.0448054045702,30.882663795644,"Virginia Newport News city"
"2941",51710,0,1,238005,32.0448054045702,30.2374153340169,"Virginia Norfolk city"
"2942",51720,1,7,3687,32.0448054045702,20.019500093937,"Virginia Norton city"
"2943",51730,0,1,33458,32.0448054045702,31.0112663021101,"Virginia Petersburg city"
"2944",51735,0,1,12460,32.0448054045702,39.0978862653358,"Virginia Poquoson city"
"2945",51740,0,1,97915,32.0448054045702,31.3079538126013,"Virginia Portsmouth city"
"2946",51750,0,3,16070,32.0448054045702,31.2863643168856,"Virginia Radford city"
"2947",51760,0,1,226610,32.0448054045702,24.7071437615556,"Virginia Richmond city"
"2948",51770,0,2,100011,32.0448054045702,26.5351085883853,"Virginia Roanoke city"
"2949",51775,0,2,25346,32.0448054045702,30.3399193132938,"Virginia Salem city"
"2950",51790,0,3,25750,32.0448054045702,22.8696673783837,"Virginia Staunton city"
"2951",51800,0,1,94324,32.0448054045702,34.7512141949224,"Virginia Suffolk city"
"2952",51810,0,1,459470,32.0448054045702,31.7164499775356,"Virginia Virginia Beach city"
"2953",51820,0,3,22196,32.0448054045702,27.8241221144387,"Virginia Waynesboro city"
"2954",51830,0,1,15425,32.0448054045702,25.1536206513548,"Virginia Williamsburg city"
"2955",51840,0,3,28120,32.0448054045702,31.8234437682103,"Virginia Winchester city"
"2956",53001,1,6,20613,26.4848346338056,41.308281243844,"Washington Adams"
"2957",53003,0,3,22285,26.4848346338056,16.8485226761265,"Washington Asotin"
"2958",53005,0,2,206873,26.4848346338056,31.2863799372596,"Washington Benton"
"2959",53007,0,3,79074,26.4848346338056,28.591605329253,"Washington Chelan"
"2960",53009,1,5,77155,26.4848346338056,19.4385642776117,"Washington Clallam"
"2961",53011,0,1,503311,26.4848346338056,30.2763830156948,"Washington Clark"
"2962",53013,1,8,3952,26.4848346338056,20.7974651224094,"Washington Columbia"
"2963",53015,0,3,110730,26.4848346338056,27.3999004197189,"Washington Cowlitz"
"2964",53017,0,3,42938,26.4848346338056,32.4444848134643,"Washington Douglas"
"2965",53019,1,8,7178,26.4848346338056,16.3711924283666,"Washington Ferry"
"2966",53021,0,2,96749,26.4848346338056,42.8851711434214,"Washington Franklin"
"2967",53023,1,8,2286,26.4848346338056,19.4928680715571,"Washington Garfield"
"2968",53025,1,5,99123,26.4848346338056,36.0364598076035,"Washington Grant"
"2969",53027,1,4,75636,26.4848346338056,21.0187478955943,"Washington Grays Harbor"
"2970",53029,1,4,86857,26.4848346338056,28.0437716282014,"Washington Island"
"2971",53031,1,6,32977,26.4848346338056,9.10621783099731,"Washington Jefferson"
"2972",53033,0,1,2269675,26.4848346338056,31.3315704883189,"Washington King"
"2973",53035,0,2,275611,26.4848346338056,28.3989733747101,"Washington Kitsap"
"2974",53037,1,4,44337,26.4848346338056,26.184713316483,"Washington Kittitas"
"2975",53039,1,9,22735,26.4848346338056,14.1143266672283,"Washington Klickitat"
"2976",53041,1,4,82149,26.4848346338056,27.9262135945275,"Washington Lewis"
"2977",53043,1,8,10876,26.4848346338056,25.8038383530645,"Washington Lincoln"
"2978",53045,1,4,65726,26.4848346338056,27.8114197564939,"Washington Mason"
"2979",53047,1,6,42104,26.4848346338056,30.1284511847377,"Washington Okanogan"
"2980",53049,1,7,23365,26.4848346338056,17.8855533632214,"Washington Pacific"
"2981",53051,1,8,13401,26.4848346338056,26.4666529917778,"Washington Pend Oreille"
"2982",53053,0,1,921130,26.4848346338056,32.676910808416,"Washington Pierce"
"2983",53055,1,9,17788,26.4848346338056,13.0598301981909,"Washington San Juan"
"2984",53057,0,3,129523,26.4848346338056,28.5938738133417,"Washington Skagit"
"2985",53059,0,1,12036,26.4848346338056,24.2003312760234,"Washington Skamania"
"2986",53061,0,1,827957,26.4848346338056,32.3775874374359,"Washington Snohomish"
"2987",53063,0,2,539339,26.4848346338056,25.1048800623425,"Washington Spokane"
"2988",53065,0,2,46445,26.4848346338056,25.3262029706599,"Washington Stevens"
"2989",53067,0,2,294793,26.4848346338056,28.9920448566313,"Washington Thurston"
"2990",53069,1,8,4422,26.4848346338056,31.1959974131149,"Washington Wahkiakum"
"2991",53071,0,3,62584,26.4848346338056,23.5041282776325,"Washington Walla Walla"
"2992",53073,0,3,226847,26.4848346338056,27.9387591004483,"Washington Whatcom"
"2993",53075,1,4,47973,26.4848346338056,24.3595968835753,"Washington Whitman"
"2994",53077,0,2,256728,26.4848346338056,38.1806788889206,"Washington Yakima"
"2995",54001,1,9,15465,NA,NA,NA
"2996",54003,0,2,122076,NA,NA,NA
"2997",54005,0,3,21809,NA,NA,NA
"2998",54007,1,8,12447,NA,NA,NA
"2999",54009,0,3,22559,NA,NA,NA
"3000",54011,0,2,94350,NA,NA,NA
"3001",54013,1,8,6229,NA,NA,NA
"3002",54015,0,3,8051,NA,NA,NA
"3003",54017,1,9,7808,NA,NA,NA
"3004",54019,0,3,40488,NA,NA,NA
"3005",54021,1,9,7408,NA,NA,NA
"3006",54023,1,9,10976,NA,NA,NA
"3007",54025,1,6,32977,NA,NA,NA
"3008",54027,0,3,23093,NA,NA,NA
"3009",54029,0,3,29095,NA,NA,NA
"3010",54031,1,8,14299,NA,NA,NA
"3011",54033,1,5,65921,NA,NA,NA
"3012",54035,1,8,27791,NA,NA,NA
"3013",54037,0,1,57701,NA,NA,NA
"3014",54039,0,3,180745,NA,NA,NA
"3015",54041,1,9,17033,NA,NA,NA
"3016",54043,1,8,20463,NA,NA,NA
"3017",54045,1,6,32567,NA,NA,NA
"3018",54047,1,9,19111,NA,NA,NA
"3019",54049,1,4,56205,NA,NA,NA
"3020",54051,0,3,30591,NA,NA,NA
"3021",54053,1,6,25453,NA,NA,NA
"3022",54055,1,4,59664,NA,NA,NA
"3023",54057,1,7,26938,NA,NA,NA
"3024",54059,1,8,23568,NA,NA,NA
"3025",54061,0,3,105822,NA,NA,NA
"3026",54063,1,8,12376,NA,NA,NA
"3027",54065,0,2,17063,NA,NA,NA
"3028",54067,1,8,24604,NA,NA,NA
"3029",54069,0,3,42425,NA,NA,NA
"3030",54071,1,8,6143,NA,NA,NA
"3031",54073,1,8,7653,NA,NA,NA
"3032",54075,1,9,7869,NA,NA,NA
"3033",54077,0,3,34216,NA,NA,NA
"3034",54079,0,2,57440,NA,NA,NA
"3035",54081,0,3,74591,NA,NA,NA
"3036",54083,1,7,27932,NA,NA,NA
"3037",54085,1,8,8444,NA,NA,NA
"3038",54087,1,8,14028,NA,NA,NA
"3039",54089,1,8,11959,NA,NA,NA
"3040",54091,1,6,16705,NA,NA,NA
"3041",54093,1,9,6762,NA,NA,NA
"3042",54095,1,9,8313,NA,NA,NA
"3043",54097,1,7,23816,NA,NA,NA
"3044",54099,0,2,38982,NA,NA,NA
"3045",54101,1,9,8378,NA,NA,NA
"3046",54103,1,7,14442,NA,NA,NA
"3047",54105,0,3,5194,NA,NA,NA
"3048",54107,0,3,84296,NA,NA,NA
"3049",54109,1,8,21382,NA,NA,NA
"3050",55001,1,8,20654,26.9902909149583,21.3181556016189,"Wisconsin Adams"
"3051",55003,1,7,16027,26.9902909149583,24.7569949620081,"Wisconsin Ashland"
"3052",55005,1,6,46711,26.9902909149583,26.6133140537472,"Wisconsin Barron"
"3053",55007,1,8,16220,26.9902909149583,27.9855026130318,"Wisconsin Bayfield"
"3054",55009,0,2,268740,26.9902909149583,29.26108914901,"Wisconsin Brown"
"3055",55011,1,8,13317,26.9902909149583,23.1238038526989,"Wisconsin Buffalo"
"3056",55013,1,8,16526,26.9902909149583,20.8605410947622,"Wisconsin Burnett"
"3057",55015,0,3,52442,26.9902909149583,33.5480808295673,"Wisconsin Calumet"
"3058",55017,0,3,66297,26.9902909149583,24.8173618277482,"Wisconsin Chippewa"
"3059",55019,1,8,34659,26.9902909149583,31.9527741296139,"Wisconsin Clark"
"3060",55021,0,2,58490,26.9902909149583,28.064281028357,"Wisconsin Columbia"
"3061",55023,1,6,16113,26.9902909149583,27.1459819562484,"Wisconsin Crawford"
"3062",55025,0,2,561504,26.9902909149583,27.8232494506738,"Wisconsin Dane"
"3063",55027,1,4,89396,26.9902909149583,26.5122648006064,"Wisconsin Dodge"
"3064",55029,1,6,30066,26.9902909149583,20.8165562062962,"Wisconsin Door"
"3065",55031,0,2,44295,26.9902909149583,25.9341436918849,"Wisconsin Douglas"
"3066",55033,1,6,45440,26.9902909149583,22.5289490874939,"Wisconsin Dunn"
"3067",55035,0,3,105710,26.9902909149583,25.2428729235222,"Wisconsin Eau Claire"
"3068",55037,1,9,4558,26.9902909149583,25.3985252077393,"Wisconsin Florence"
"3069",55039,0,3,104154,26.9902909149583,28.8376240694359,"Wisconsin Fond du Lac"
"3070",55041,1,9,9179,26.9902909149583,27.665604681946,"Wisconsin Forest"
"3071",55043,1,6,51938,26.9902909149583,25.6620915677841,"Wisconsin Grant"
"3072",55045,0,2,37093,26.9902909149583,22.5394964521087,"Wisconsin Green"
"3073",55047,1,6,19018,26.9902909149583,28.5118997416885,"Wisconsin Green Lake"
"3074",55049,0,2,23709,26.9902909149583,26.9578829857684,"Wisconsin Iowa"
"3075",55051,1,9,6137,26.9902909149583,20.2826868243204,"Wisconsin Iron"
"3076",55053,1,8,21145,26.9902909149583,24.679725796814,"Wisconsin Jackson"
"3077",55055,1,4,84900,26.9902909149583,28.7950128547135,"Wisconsin Jefferson"
"3078",55057,1,8,26718,26.9902909149583,26.900478402438,"Wisconsin Juneau"
"3079",55059,0,3,169151,26.9902909149583,30.1259493429427,"Wisconsin Kenosha"
"3080",55061,0,2,20563,26.9902909149583,31.2501183060881,"Wisconsin Kewaunee"
"3081",55063,0,3,120784,26.9902909149583,25.3986091265743,"Wisconsin La Crosse"
"3082",55065,1,8,16611,26.9902909149583,25.1064247874231,"Wisconsin Lafayette"
"3083",55067,1,6,19491,26.9902909149583,23.7327055698551,"Wisconsin Langlade"
"3084",55069,1,6,28415,26.9902909149583,24.8176114874183,"Wisconsin Lincoln"
"3085",55071,1,4,81359,26.9902909149583,27.2008971628205,"Wisconsin Manitowoc"
"3086",55073,0,3,138013,26.9902909149583,31.193357567937,"Wisconsin Marathon"
"3087",55075,1,6,41872,26.9902909149583,26.8480071271089,"Wisconsin Marinette"
"3088",55077,1,8,15592,26.9902909149583,24.0836594211492,"Wisconsin Marquette"
"3089",55078,1,9,4255,26.9902909149583,55.4079713994597,"Wisconsin Menominee"
"3090",55079,0,1,939489,26.9902909149583,28.1685744677539,"Wisconsin Milwaukee"
"3091",55081,1,4,46274,26.9902909149583,27.8496553024444,"Wisconsin Monroe"
"3092",55083,0,2,38965,26.9902909149583,30.9546144224653,"Wisconsin Oconto"
"3093",55085,1,7,37845,26.9902909149583,21.2042084148237,"Wisconsin Oneida"
"3094",55087,0,3,190705,26.9902909149583,30.1588025714451,"Wisconsin Outagamie"
"3095",55089,0,1,91503,26.9902909149583,27.1132922297441,"Wisconsin Ozaukee"
"3096",55091,1,8,7318,26.9902909149583,27.6913358412468,"Wisconsin Pepin"
"3097",55093,0,1,42212,26.9902909149583,29.3190500494696,"Wisconsin Pierce"
"3098",55095,1,8,44977,26.9902909149583,27.0304271225454,"Wisconsin Polk"
"3099",55097,1,4,70377,26.9902909149583,29.3624134145033,"Wisconsin Portage"
"3100",55099,1,9,14054,26.9902909149583,19.6863832399843,"Wisconsin Price"
"3101",55101,0,3,197727,26.9902909149583,28.0133254219642,"Wisconsin Racine"
"3102",55103,1,8,17304,26.9902909149583,23.0394583206363,"Wisconsin Richland"
"3103",55105,0,3,163687,26.9902909149583,27.7981463998152,"Wisconsin Rock"
"3104",55107,1,8,14188,26.9902909149583,22.4310147226896,"Wisconsin Rusk"
"3105",55109,0,1,93536,26.9902909149583,29.4499195366226,"Wisconsin St. Croix"
"3106",55111,1,4,65763,26.9902909149583,29.6810148745588,"Wisconsin Sauk"
"3107",55113,1,9,18074,26.9902909149583,22.6149605725711,"Wisconsin Sawyer"
"3108",55115,1,6,40881,26.9902909149583,28.5562151558301,"Wisconsin Shawano"
"3109",55117,0,3,118034,26.9902909149583,26.4842747479202,"Wisconsin Sheboygan"
"3110",55119,1,8,19913,26.9902909149583,30.983627594321,"Wisconsin Taylor"
"3111",55121,1,8,30760,26.9902909149583,28.6738166284512,"Wisconsin Trempealeau"
"3112",55123,0,3,30714,26.9902909149583,27.3159354363177,"Wisconsin Vernon"
"3113",55125,1,9,23047,26.9902909149583,19.0921476891277,"Wisconsin Vilas"
"3114",55127,1,4,106478,26.9902909149583,28.6479572388296,"Wisconsin Walworth"
"3115",55129,1,8,16623,26.9902909149583,24.7790822477082,"Wisconsin Washburn"
"3116",55131,0,1,136761,26.9902909149583,32.6119396064735,"Wisconsin Washington"
"3117",55133,0,1,406978,26.9902909149583,31.6677011161188,"Wisconsin Waukesha"
"3118",55135,1,6,51812,26.9902909149583,27.7655883067254,"Wisconsin Waupaca"
"3119",55137,1,8,24520,26.9902909149583,24.9722186609745,"Wisconsin Waushara"
"3120",55139,0,3,171730,26.9902909149583,25.5356174772541,"Wisconsin Winnebago"
"3121",55141,1,4,74207,26.9902909149583,24.9459699032355,"Wisconsin Wood"
"3122",56001,1,4,37066,23.6905741442987,22.5411159877884,"Wyoming Albany"
"3123",56003,1,9,11521,23.6905741442987,22.5330790704574,"Wyoming Big Horn"
"3124",56005,1,5,47026,23.6905741442987,35.7096207174545,"Wyoming Campbell"
"3125",56007,1,7,14537,23.6905741442987,25.1927668571839,"Wyoming Carbon"
"3126",56009,1,6,13751,23.6905741442987,25.7829411550436,"Wyoming Converse"
"3127",56011,1,9,7181,23.6905741442987,27.8915716854173,"Wyoming Crook"
"3128",56013,1,7,39234,23.6905741442987,23.8941095770678,"Wyoming Fremont"
"3129",56015,1,7,12498,23.6905741442987,17.8401199121497,"Wyoming Goshen"
"3130",56017,1,9,4621,23.6905741442987,20.0934385548595,"Wyoming Hot Springs"
"3131",56019,1,9,8447,23.6905741442987,12.6425203846233,"Wyoming Johnson"
"3132",56021,0,3,100512,23.6905741442987,21.7088177901905,"Wyoming Laramie"
"3133",56023,1,9,19581,23.6905741442987,36.6167786980587,"Wyoming Lincoln"
"3134",56025,0,3,79955,23.6905741442987,23.0833024116359,"Wyoming Natrona"
"3135",56027,1,9,2467,23.6905741442987,8.45520705095883,"Wyoming Niobrara"
"3136",56029,1,7,29624,23.6905741442987,20.2266084741522,"Wyoming Park"
"3137",56031,1,8,8605,23.6905741442987,16.3986149668086,"Wyoming Platte"
"3138",56033,1,7,30921,23.6905741442987,18.8209170641779,"Wyoming Sheridan"
"3139",56035,1,9,8728,23.6905741442987,27.6092399367821,"Wyoming Sublette"
"3140",56037,1,5,42272,23.6905741442987,30.6395113842869,"Wyoming Sweetwater"
"3141",56039,1,7,23331,23.6905741442987,25.9325299885033,"Wyoming Teton"
"3142",56041,1,7,20450,23.6905741442987,28.676531052201,"Wyoming Uinta"
"3143",56043,1,9,7685,23.6905741442987,23.3107210911461,"Wyoming Washakie"
"3144",56045,1,9,6838,23.6905741442987,29.2831415079234,"Wyoming Weston"
"3145",60010,1,7,17059,NA,NA,NA
"3146",60020,1,9,832,NA,NA,NA
"3147",60030,NA,NA,0,NA,NA,NA
"3148",60040,NA,NA,0,NA,NA,NA
"3149",60050,1,5,31819,NA,NA,NA
"3150",66010,1,5,153836,NA,NA,NA
"3151",69085,1,9,7,NA,NA,NA
"3152",69100,1,9,1893,NA,NA,NA
"3153",69110,1,5,43385,NA,NA,NA
"3154",69120,1,9,2044,NA,NA,NA
"3155",72001,1,6,18020,NA,NA,NA
"3156",72003,0,2,38136,NA,NA,NA
"3157",72005,0,2,55101,NA,NA,NA
"3158",72007,0,1,24223,NA,NA,NA
"3159",72009,0,1,24637,NA,NA,NA
"3160",72011,0,2,25596,NA,NA,NA
"3161",72013,0,3,87754,NA,NA,NA
"3162",72015,0,3,15843,NA,NA,NA
"3163",72017,0,1,22657,NA,NA,NA
"3164",72019,0,1,28983,NA,NA,NA
"3165",72021,0,1,185187,NA,NA,NA
"3166",72023,0,3,47158,NA,NA,NA
"3167",72025,0,1,127244,NA,NA,NA
"3168",72027,0,3,32827,NA,NA,NA
"3169",72029,0,1,42337,NA,NA,NA
"3170",72031,0,1,154815,NA,NA,NA
"3171",72033,0,1,23155,NA,NA,NA
"3172",72035,0,1,41652,NA,NA,NA
"3173",72037,0,1,11307,NA,NA,NA
"3174",72039,0,1,16984,NA,NA,NA
"3175",72041,0,1,39970,NA,NA,NA
"3176",72043,1,4,34668,NA,NA,NA
"3177",72045,0,1,18883,NA,NA,NA
"3178",72047,0,1,34571,NA,NA,NA
"3179",72049,1,9,1792,NA,NA,NA
"3180",72051,0,1,35879,NA,NA,NA
"3181",72053,0,1,32124,NA,NA,NA
"3182",72054,0,1,11692,NA,NA,NA
"3183",72055,1,6,13787,NA,NA,NA
"3184",72057,0,3,36614,NA,NA,NA
"3185",72059,0,2,17784,NA,NA,NA
"3186",72061,0,1,89780,NA,NA,NA
"3187",72063,0,1,40622,NA,NA,NA
"3188",72065,0,3,38486,NA,NA,NA
"3189",72067,0,3,15654,NA,NA,NA
"3190",72069,0,1,50896,NA,NA,NA
"3191",72071,0,2,42943,NA,NA,NA
"3192",72073,1,6,14779,NA,NA,NA
"3193",72075,0,2,46538,NA,NA,NA
"3194",72077,0,1,37012,NA,NA,NA
"3195",72079,0,3,23334,NA,NA,NA
"3196",72081,1,4,28105,NA,NA,NA
"3197",72083,1,8,8874,NA,NA,NA
"3198",72085,0,1,35180,NA,NA,NA
"3199",72087,0,1,23693,NA,NA,NA
"3200",72089,0,1,17781,NA,NA,NA
"3201",72091,0,1,39492,NA,NA,NA
"3202",72093,1,8,4755,NA,NA,NA
"3203",72095,0,1,10589,NA,NA,NA
"3204",72097,0,3,73077,NA,NA,NA
"3205",72099,0,2,37460,NA,NA,NA
"3206",72101,0,1,28727,NA,NA,NA
"3207",72103,0,1,23386,NA,NA,NA
"3208",72105,0,1,29241,NA,NA,NA
"3209",72107,0,1,21434,NA,NA,NA
"3210",72109,0,3,15985,NA,NA,NA
"3211",72111,0,2,20399,NA,NA,NA
"3212",72113,0,2,137491,NA,NA,NA
"3213",72115,0,3,23638,NA,NA,NA
"3214",72117,0,2,15187,NA,NA,NA
"3215",72119,0,1,47060,NA,NA,NA
"3216",72121,0,3,22729,NA,NA,NA
"3217",72123,1,4,25789,NA,NA,NA
"3218",72125,0,3,31879,NA,NA,NA
"3219",72127,0,1,342259,NA,NA,NA
"3220",72129,0,1,37693,NA,NA,NA
"3221",72131,0,2,39345,NA,NA,NA
"3222",72133,1,6,20281,NA,NA,NA
"3223",72135,0,1,66852,NA,NA,NA
"3224",72137,0,1,75293,NA,NA,NA
"3225",72139,0,1,67740,NA,NA,NA
"3226",72141,1,6,28287,NA,NA,NA
"3227",72143,0,1,35395,NA,NA,NA
"3228",72145,0,1,54414,NA,NA,NA
"3229",72147,1,6,8249,NA,NA,NA
"3230",72149,0,2,22093,NA,NA,NA
"3231",72151,0,1,30426,NA,NA,NA
"3232",72153,0,2,34172,NA,NA,NA
"3233",78010,1,5,41004,NA,NA,NA
"3234",78020,1,9,3881,NA,NA,NA
"3235",78030,1,5,42261,NA,NA,NA
