county_fips,pop_total,White,pct_white,BlackAmerican ,pct_black,NativeAmerican,pct_native,AsianAmerican,pct_asian,NativeHawaiian_PI,pct_nativehawaiian,OtherRace,pct_otherrace,Multiracial,pct_multiracial,Latino,pct_latino
1001,58761,42635,0.725566277,11496,0.195639965,59,0.001004067,636,0.010823505,0,0,141,0.002399551,1930,0.032844914,1864,0.03172172
1003,233420,192161,0.823241367,19318,0.082760689,512,0.002193471,2046,0.008765316,22,9.43E-05,992,0.00424985,7159,0.030670037,11210,0.048025019
1005,24877,11084,0.445552116,11662,0.468786429,63,0.00253246,126,0.005064919,3,0.000120593,290,0.011657354,447,0.017968405,1202,0.048317723
1007,22251,16520,0.742438542,4598,0.206642398,15,0.000674127,69,0.003100984,0,0,17,0.000764011,382,0.017167768,650,0.02921217
1009,59077,50614,0.85674628,729,0.012339828,75,0.00126953,100,0.001692706,117,0.001980466,87,0.001472654,1634,0.027658818,5721,0.096839718
1011,10328,2125,0.205751356,7117,0.689097599,0,0,43,0.004163439,0,0,0,0,136,0.013168087,907,0.08781952
1013,18981,9655,0.508666561,8462,0.445814235,69,0.003635214,243,0.012802276,0,0,8,0.000421474,222,0.011695906,322,0.016964333
1015,116162,81851,0.704628019,25204,0.216972848,174,0.001497908,708,0.006094936,207,0.001781994,427,0.003675901,2855,0.024577745,4736,0.040770648
1017,34612,18794,0.54299087,14107,0.407575407,10,0.000288917,60,0.001733503,3,8.67E-05,63,0.001820178,446,0.012885704,1129,0.032618745
1019,25069,22749,0.907455423,1000,0.039889904,113,0.004507559,21,0.000837688,0,0,16,0.000638238,691,0.027563924,479,0.019107264
1021,45140,35714,0.791182986,4254,0.094240142,17,0.000376606,229,0.005073106,15,0.0003323,318,0.00704475,929,0.020580416,3664,0.081169694
1023,12669,7162,0.565316915,5055,0.399005446,28,0.002210119,15,0.001183992,0,0,0,0,266,0.020996132,143,0.011287394
1025,23058,11809,0.512143291,10479,0.454462659,15,0.000650533,90,0.003903201,0,0,146,0.006331859,184,0.007979877,335,0.01452858
1027,14209,11385,0.801252727,1790,0.125976494,0,0,36,0.002533605,0,0,12,0.000844535,549,0.038637483,437,0.030755155
1029,15144,13964,0.922081352,411,0.027139461,22,0.001452721,15,0.000990491,0,0,28,0.001848917,303,0.020007924,401,0.026479134
1031,53559,36875,0.688493064,8598,0.160533244,277,0.005171867,563,0.010511772,8,0.000149368,71,0.001325641,2667,0.049795553,4500,0.084019493
1033,57270,44485,0.776759211,9171,0.160136197,170,0.002968395,214,0.003736686,53,0.000925441,78,0.00136197,1262,0.02203597,1837,0.032076131
1035,11576,5751,0.496803732,5553,0.479699378,33,0.002850726,36,0.003109883,0,0,12,0.001036628,111,0.009588804,80,0.00691085
1037,10329,6632,0.642075709,3120,0.302062155,9,0.000871333,0,0,0,0,57,0.005518443,227,0.021976958,284,0.027495401
1039,37542,30958,0.824623089,4606,0.122689255,101,0.00269032,218,0.00580683,0,0,85,0.002264131,825,0.021975388,749,0.019950988
1041,13205,9226,0.698674744,3026,0.229155623,10,0.000757289,154,0.011662249,6,0.000454373,0,0,448,0.033926543,335,0.025369178
1043,88284,80170,0.908092067,959,0.01086267,243,0.002752481,278,0.003148928,27,0.000305831,84,0.000951475,2467,0.027943908,4056,0.04594264
1045,49455,33286,0.673056314,10087,0.203963199,218,0.004408048,611,0.012354666,12,0.000242645,193,0.003902538,1581,0.031968456,3467,0.070104135
1047,38326,10365,0.270443041,26311,0.686505244,208,0.005427125,240,0.006262068,0,0,11,0.000287011,761,0.019855972,430,0.011219538
1049,71680,56705,0.791085379,1043,0.014550781,354,0.004938616,66,0.000920759,33,0.000460379,394,0.005496652,2064,0.028794643,11021,0.15375279
1051,87694,63533,0.724485142,18224,0.207813533,210,0.002394691,602,0.00686478,0,0,30,0.000342099,2356,0.026866148,2739,0.031233608
1053,36755,22117,0.60174126,11115,0.302407836,1118,0.03041763,90,0.002448646,0,0,63,0.001714053,1312,0.035695824,940,0.025574752
1055,103348,79648,0.77067771,15507,0.150046445,127,0.001228858,743,0.007189302,2,1.94E-05,395,0.003822038,2365,0.022883849,4561,0.044132446
1057,16297,13666,0.838559244,2074,0.127262686,24,0.001472664,36,0.002208996,40,0.002454439,28,0.001718108,368,0.022580843,61,0.00374302
1059,32011,24088,0.752491331,1360,0.042485396,57,0.001780638,35,0.001093374,14,0.00043735,73,0.002280466,492,0.015369717,5892,0.184061729
1061,26647,21535,0.808158517,2377,0.089203287,61,0.002289188,143,0.005366458,6,0.000225166,503,0.018876421,837,0.031410665,1185,0.044470297
1063,7706,1321,0.171424864,6305,0.818193615,7,0.000908383,0,0,0,0,0,0,49,0.006358682,24,0.003114456
1065,14742,5663,0.384140551,8373,0.567969068,42,0.002849003,9,0.000610501,0,0,0,0,630,0.042735043,25,0.001695835
1067,17282,12012,0.695058442,4344,0.251359796,60,0.00347182,96,0.005554913,8,0.000462909,0,0,293,0.016954056,469,0.027138063
1069,107040,69420,0.648542601,29026,0.271169656,248,0.002316891,976,0.009118087,17,0.000158819,457,0.004269432,3052,0.028512706,3844,0.035911809
1071,52618,46699,0.887509978,1708,0.032460375,397,0.007544947,213,0.004048044,17,0.000323083,59,0.001121289,1840,0.034969022,1685,0.032023262
1073,672265,328951,0.489317457,286423,0.426056689,570,0.00084788,11690,0.017388976,160,0.000238001,2913,0.004333113,13608,0.020242018,27950,0.041575867
1075,13885,11900,0.857039971,1527,0.109974793,49,0.003528988,23,0.001656464,0,0,37,0.002664746,273,0.019661505,76,0.005473533
1077,94329,78667,0.833964104,9197,0.097499178,213,0.002258054,574,0.006085085,64,0.000678476,125,0.001325149,2686,0.028474806,2803,0.029715146
1079,33116,25273,0.763165841,3366,0.10164271,1669,0.050398599,97,0.002929098,17,0.000513347,13,0.000392559,1852,0.055924629,829,0.025033217
1081,175126,117221,0.669352352,38635,0.220612588,224,0.001279079,7530,0.042997613,49,0.000279799,581,0.003317611,4106,0.023445976,6780,0.038714982
1083,104199,77842,0.747051315,13547,0.130010845,438,0.004203495,1872,0.017965623,61,0.000585418,86,0.000825344,3765,0.036132784,6588,0.063225175
1085,10153,2493,0.245543189,7595,0.748054762,0,0,0,0,0,0,0,0,46,0.004530681,19,0.001871368
1087,19198,3098,0.161370976,15130,0.788102927,7,0.000364621,73,0.003802479,0,0,11,0.000572976,426,0.022189811,453,0.023596208
1089,389781,247345,0.634574287,94612,0.242731175,1699,0.004358858,9547,0.024493241,193,0.00049515,1024,0.002627116,14750,0.037841762,20611,0.052878411
1091,19180,8539,0.445203337,9749,0.508289885,36,0.001876955,151,0.007872784,0,0,0,0,163,0.008498436,542,0.028258603
1093,29203,26508,0.907714961,1113,0.038112523,23,0.00078759,85,0.00291066,8,0.000273944,0,0,676,0.023148307,790,0.027052015
1095,97923,77450,0.790927566,2672,0.027286746,129,0.001317362,595,0.006076203,78,0.000796544,186,0.001899452,2062,0.021057361,14751,0.150638767
1097,413878,231005,0.55814757,149056,0.360144777,1589,0.003839296,8297,0.02004697,95,0.000229536,1285,0.00310478,9986,0.024127883,12565,0.030359188
1099,19816,10632,0.536536132,8384,0.423092451,260,0.013120711,47,0.002371821,13,0.000656036,0,0,436,0.022002422,44,0.002220428
1101,228132,72150,0.316264268,134336,0.588852068,156,0.000683815,7593,0.033283362,8,3.51E-05,263,0.001152841,5029,0.022044255,8597,0.037684323
1103,123102,91445,0.742839271,15886,0.129047457,272,0.00220955,592,0.00480902,15,0.00012185,334,0.002713197,3713,0.030161979,10845,0.088097675
1105,8479,2405,0.283641939,5943,0.700908126,1,0.000117938,0,0,0,0,0,0,48,0.005661045,82,0.009670952
1107,18925,10141,0.535852048,7416,0.391862616,33,0.001743725,10,0.000528402,0,0,19,0.001003963,319,0.016856011,987,0.052153236
1109,32997,18245,0.552929054,12282,0.372215656,112,0.003394248,658,0.019941207,0,0,0,0,901,0.027305513,799,0.024214323
1111,22179,16553,0.746336625,4203,0.189503584,21,0.000946842,62,0.002795437,0,0,87,0.00392263,584,0.026331214,669,0.030163668
1113,58849,25923,0.440500263,26170,0.444697446,88,0.001495353,459,0.007799623,58,0.000985573,590,0.010025659,2110,0.035854475,3451,0.058641608
1115,91719,77572,0.84575715,8839,0.096370436,290,0.003161831,373,0.004066769,61,0.000665075,310,0.003379889,1949,0.021249687,2325,0.025349164
1117,223916,169919,0.758851534,29071,0.129829936,331,0.001478233,4483,0.020020901,22,9.83E-05,1120,0.005001876,5775,0.025790922,13195,0.058928348
1119,12196,3069,0.251639882,8813,0.722613972,10,0.000819941,41,0.003361758,0,0,0,0,178,0.014594949,85,0.006969498
1121,81105,50504,0.62269897,25788,0.317958202,124,0.001528882,350,0.004315394,21,0.000258924,34,0.00041921,2287,0.028198015,1997,0.024622403
1123,41251,28305,0.686165184,10927,0.264890548,26,0.000630288,190,0.004605949,0,0,59,0.001430268,734,0.017793508,1010,0.024484255
1125,231558,140053,0.604829028,74051,0.319794609,156,0.000673697,3654,0.015780064,24,0.000103646,229,0.000988953,4130,0.017835704,9261,0.039994299
1127,64978,56899,0.87566561,3890,0.059866416,100,0.001538982,122,0.001877559,0,0,260,0.004001354,1839,0.028301887,1868,0.028748192
1129,15434,10084,0.653362706,3607,0.233704808,1042,0.067513282,62,0.004017105,0,0,20,0.00129584,358,0.023195542,261,0.016910717
1131,10441,2860,0.273920123,7328,0.701848482,7,0.000670434,4,0.000383105,0,0,0,0,220,0.021070779,22,0.002107078
1133,23655,21834,0.923018389,263,0.011118157,43,0.001817798,105,0.004438808,0,0,0,0,642,0.02714014,768,0.032466709
2013,3407,536,0.157323158,172,0.050484297,1248,0.366304667,676,0.198415028,10,0.002935134,15,0.0044027,345,0.101262107,405,0.118872909
2016,5219,1222,0.234144472,201,0.038513125,426,0.081624832,2114,0.40505844,183,0.035064189,0,0,271,0.051925656,802,0.153669285
2020,290674,160574,0.552419549,14793,0.050892065,20464,0.070401894,27795,0.095622588,8376,0.028815787,1928,0.00663286,28582,0.098330088,28162,0.09688517
2050,18538,1632,0.088035387,214,0.011543856,15275,0.82398317,260,0.014025245,40,0.00215773,0,0,718,0.038731255,399,0.021523357
2060,854,379,0.443793911,3,0.003512881,257,0.300936768,48,0.056206089,17,0.019906323,11,0.012880562,65,0.076112412,74,0.086651054
2063,7000,4934,0.704857143,113,0.016142857,369,0.052714286,478,0.068285714,94,0.013428571,120,0.017142857,478,0.068285714,414,0.059142857
2066,2614,1370,0.524100995,1,0.000382555,886,0.338944147,12,0.004590666,0,0,0,0,174,0.066564652,171,0.065416985
2068,2101,1581,0.75249881,48,0.022846264,64,0.030461685,73,0.034745359,0,0,30,0.014278915,270,0.128510233,35,0.016658734
2070,4854,694,0.142974866,76,0.01565719,3397,0.699835187,78,0.016069221,3,0.000618047,2,0.000412031,442,0.09105892,162,0.033374536
2090,96299,65269,0.677774432,3786,0.03931505,6423,0.066698512,2981,0.030955669,653,0.006780963,510,0.005296005,8639,0.089710174,8038,0.083469195
2100,2079,1514,0.728234728,0,0,129,0.062049062,68,0.032708033,0,0,0,0,198,0.095238095,170,0.081770082
2105,2329,1158,0.497209103,0,0,650,0.279089738,19,0.008158008,4,0.001717475,0,0,268,0.115070846,230,0.09875483
2110,32108,19855,0.618381712,332,0.010340102,2967,0.092406877,2176,0.067771272,437,0.013610315,117,0.003643952,3924,0.122212533,2300,0.071633238
2122,59235,46195,0.77985988,374,0.006313835,4372,0.073807715,1013,0.017101376,219,0.003697139,391,0.006600827,4048,0.068337976,2623,0.044281253
2130,13910,8608,0.61883537,89,0.006398275,1949,0.140115025,1166,0.083824587,29,0.002084831,40,0.002875629,1244,0.089432063,785,0.05643422
2150,13065,6007,0.459778033,102,0.007807118,1484,0.113585917,2964,0.226865672,2,0.000153081,51,0.003903559,1305,0.099885189,1150,0.088021431
2158,8372,262,0.031294792,70,0.008361204,7606,0.908504539,14,0.001672241,12,0.001433349,0,0,332,0.039655996,76,0.009077879
2164,999,171,0.171171171,22,0.022022022,617,0.617617618,35,0.035035035,0,0,0,0,153,0.153153153,1,0.001001001
2170,108661,83383,0.767368237,1384,0.012736861,6489,0.059717838,1946,0.017908909,411,0.003782406,473,0.004352988,8501,0.078234141,6074,0.05589862
2180,10018,1391,0.13885007,99,0.009882212,7518,0.750449191,130,0.012976642,2,0.000199641,0,0,677,0.067578359,201,0.020063885
2185,10924,3417,0.31279751,193,0.017667521,5386,0.493042841,585,0.053551813,209,0.019132186,13,0.00119004,693,0.063438301,428,0.039179788
2188,7682,737,0.095938558,95,0.012366571,6180,0.804478001,99,0.012887269,11,0.001431919,0,0,364,0.047383494,196,0.025514189
2195,3374,1842,0.545939538,39,0.01155898,224,0.066390041,602,0.178423237,16,0.004742146,11,0.003260225,334,0.098992294,306,0.090693539
2198,5799,2536,0.437316779,22,0.003793758,2177,0.375409553,80,0.013795482,45,0.007759959,22,0.003793758,681,0.11743404,236,0.040696672
2220,8462,5068,0.598912787,48,0.005672418,767,0.090640511,648,0.076577641,103,0.012172063,63,0.007445048,1139,0.134601749,626,0.073977783
2230,1303,997,0.765157329,40,0.030698388,64,0.049117421,29,0.022256332,0,0,0,0,141,0.108211819,32,0.024558711
2240,6888,4945,0.717915215,61,0.008855981,876,0.1271777,214,0.031068525,2,0.00029036,5,0.0007259,294,0.042682927,491,0.071283391
2275,2134,1187,0.556232427,1,0.000468604,465,0.217900656,18,0.008434864,46,0.021555764,0,0,294,0.137769447,123,0.057638238
2282,564,173,0.306737589,12,0.021276596,136,0.241134752,114,0.20212766,12,0.021276596,0,0,80,0.141843972,37,0.065602837
2290,5355,1165,0.217553688,10,0.001867414,3580,0.66853408,72,0.013445378,4,0.000746965,6,0.001120448,375,0.070028011,143,0.026704015
4001,66054,12006,0.181760378,581,0.008795834,47415,0.717821782,374,0.005662034,71,0.001074878,37,0.000560148,936,0.014170224,4634,0.070154722
4003,125504,67368,0.536779704,4121,0.032835607,651,0.005187086,2371,0.018891828,401,0.003195117,283,0.002254908,5500,0.043823304,44809,0.357032445
4005,144705,76644,0.529656888,2107,0.014560658,35471,0.245126291,2646,0.018285477,162,0.001119519,559,0.003863032,5802,0.040095366,21314,0.147292768
4007,53419,32681,0.611786069,354,0.006626856,8118,0.151968401,383,0.007169734,15,0.000280799,42,0.000786237,1550,0.029015893,10276,0.192366012
4009,38453,19395,0.504381973,730,0.018984214,4450,0.115725691,241,0.006267391,24,0.000624139,100,0.002600577,628,0.016331626,12885,0.335084389
4011,9483,4243,0.447432247,171,0.018032268,318,0.033533692,71,0.007487082,0,0,0,0,103,0.010861542,4577,0.482653169
4012,16681,9358,0.560997542,69,0.004136443,2024,0.121335651,153,0.009172112,3,0.000179845,0,0,375,0.022480667,4699,0.28169774
4013,4430871,2359261,0.532459871,239826,0.054126153,60562,0.013668193,184817,0.041711212,8260,0.001864193,16505,0.003725001,158887,0.03585909,1402753,0.316586287
4015,214229,161721,0.754897796,2312,0.01079219,3215,0.015007305,2294,0.010708167,442,0.002063213,308,0.001437714,6719,0.031363634,37218,0.173729981
4017,107110,44883,0.419036505,1008,0.009410886,44591,0.416310335,394,0.003678461,152,0.001419102,150,0.001400429,3204,0.029913173,12728,0.118831108
4019,1042393,521766,0.500546339,32787,0.031453588,21221,0.020357965,29112,0.027928046,1498,0.001437078,2737,0.002625689,36191,0.034719151,397081,0.380932144
4021,433338,237577,0.548248711,18929,0.043681837,16638,0.038394971,6423,0.014822148,1462,0.00337381,1359,0.00313612,15604,0.036008843,135346,0.312333559
4023,47838,7201,0.150528868,79,0.001651407,84,0.001755926,65,0.001358752,73,0.001525984,50,0.001045194,554,0.011580752,39732,0.830553117
4025,237830,187377,0.787861077,1493,0.006277593,2636,0.011083547,2321,0.009759072,128,0.0005382,581,0.002442921,7214,0.030332591,36080,0.151704999
4027,204374,59640,0.291817942,3159,0.015456956,1653,0.008088113,2199,0.010759686,73,0.000357188,360,0.001761477,3909,0.019126699,133381,0.652631939
5001,17024,11613,0.682154605,4379,0.257225094,46,0.002702068,8,0.000469925,0,0,0,0,329,0.019325658,649,0.03812265
5003,19018,12850,0.675675676,4707,0.247502366,0,0,25,0.001314544,55,0.002891997,26,0.001367126,191,0.010043117,1164,0.061205174
5005,41801,38471,0.920336834,100,0.002392287,181,0.00433004,230,0.005502261,18,0.000430612,8,0.000191383,1675,0.040070812,1118,0.026745772
5007,286528,185091,0.645978753,5191,0.018116903,2172,0.007580411,11917,0.041591049,1963,0.006850988,1289,0.004498688,29184,0.10185392,49721,0.173529289
5009,37662,35027,0.93003558,123,0.003265891,115,0.003053476,165,0.004381074,2,5.31E-05,54,0.001433806,1087,0.028861983,1089,0.028915087
5011,10461,5703,0.545167766,2722,0.260204569,0,0,6,0.000573559,0,0,27,0.002581015,329,0.031450148,1674,0.160022942
5013,4773,3410,0.714435366,991,0.207626231,21,0.004399749,8,0.001676095,0,0,0,0,110,0.023046302,233,0.048816258
5015,28362,20772,0.732388407,103,0.00363162,264,0.009308229,346,0.012199422,330,0.011635287,33,0.001163529,2097,0.073936958,4417,0.155736549
5017,10234,3953,0.386261481,5483,0.535763142,4,0.000390854,26,0.002540551,0,0,0,0,140,0.013679891,628,0.061364081
5019,21469,14508,0.675765057,5142,0.239508128,12,0.000558945,140,0.00652103,9,0.000419209,13,0.000605524,553,0.02575807,1092,0.050864037
5021,14537,13682,0.941184564,98,0.006741418,35,0.002407649,6,0.00041274,0,0,0,0,600,0.041273991,116,0.007979638
5023,24948,23058,0.924242424,96,0.003848004,196,0.007856341,53,0.002124419,8,0.000320667,93,0.003727754,763,0.030583614,681,0.027296777
5025,7548,6339,0.839825119,992,0.131425543,2,0.000264971,0,0,0,0,0,0,215,0.028484367,0,0
5027,22707,13413,0.590698903,8082,0.355925486,44,0.001937728,104,0.004580085,6,0.000264236,11,0.000484432,366,0.016118378,681,0.029990752
5029,20782,16724,0.804734867,2290,0.110191512,75,0.003608892,85,0.004090078,0,0,22,0.001058608,676,0.032528149,910,0.043787893
5031,111038,81107,0.730443632,17988,0.161998595,349,0.003143068,1357,0.012221041,22,0.00019813,437,0.00393559,3704,0.03335795,6074,0.054701994
5033,60593,49452,0.816133877,697,0.011502979,598,0.009869127,790,0.01303781,12,0.000198043,281,0.004637499,3608,0.059544832,5155,0.085075834
5035,47945,19282,0.402169152,24003,0.500636146,65,0.00135572,367,0.007654604,0,0,2,4.17E-05,2802,0.058441965,1424,0.029700699
5037,16827,12140,0.721459559,3286,0.195281393,49,0.002911987,5,0.000297141,0,0,0,0,988,0.05871516,359,0.02133476
5039,6472,3356,0.518541409,2853,0.440822002,0,0,4,0.000618047,37,0.005716934,0,0,140,0.021631644,82,0.012669963
5041,11285,4922,0.436154187,5376,0.476384581,8,0.000708906,25,0.00221533,0,0,6,0.000531679,186,0.016482056,762,0.067523261
5043,17309,11259,0.650470853,4625,0.267202034,0,0,125,0.007221677,0,0,0,0,602,0.034779594,698,0.040325842
5045,124611,98354,0.789288265,14080,0.11299163,340,0.002728491,1302,0.010448516,13,0.000104325,328,0.002632191,4706,0.037765526,5488,0.044041056
5047,17160,15156,0.883216783,95,0.005536131,80,0.004662005,140,0.008158508,0,0,0,0,1069,0.062296037,620,0.036130536
5049,12183,11317,0.928917344,23,0.001887877,0,0,4,0.000328326,0,0,0,0,769,0.063120742,70,0.005745711
5051,100021,80802,0.807850351,7864,0.078623489,480,0.004798992,735,0.007348457,80,0.000799832,61,0.000609872,3795,0.037942032,6204,0.062026974
5053,18022,16436,0.911996449,464,0.02574631,18,0.000998779,64,0.003551215,22,0.00122073,70,0.003884142,370,0.020530463,578,0.032071912
5055,45954,41596,0.905166036,1142,0.024850938,74,0.001610306,197,0.004286896,67,0.00145798,40,0.000870436,1405,0.030574052,1433,0.031183357
5057,20037,10674,0.532714478,6189,0.308878575,101,0.005040675,38,0.001896491,0,0,19,0.000948246,294,0.014672855,2722,0.13584868
5059,33129,27088,0.817652208,3789,0.114371095,99,0.002988318,83,0.002505358,7,0.000211295,5,0.000150925,809,0.024419693,1249,0.037701108
5061,12779,7999,0.625948822,2770,0.216761875,15,0.001173801,104,0.008138352,27,0.002112841,0,0,156,0.012207528,1708,0.133656781
5063,37910,32196,0.849274598,713,0.018807702,29,0.00076497,274,0.007227644,127,0.00335004,164,0.004326035,1711,0.04513321,2696,0.071115801
5065,13748,12069,0.877873145,249,0.018111725,126,0.009164969,5,0.000363689,4,0.000290951,17,0.001236543,908,0.06604597,370,0.026913006
5067,16784,12735,0.758758341,2041,0.121603908,15,0.000893708,73,0.00434938,8,0.000476644,0,0,1378,0.082102002,534,0.031816015
5069,66934,25322,0.378312965,37451,0.55952132,85,0.001269908,523,0.007813667,269,0.004018884,148,0.002211133,1546,0.02309738,1590,0.023754743
5071,25925,20074,0.774310511,359,0.013847637,38,0.001465767,782,0.030163934,36,0.001388621,27,0.001041466,873,0.03367406,3736,0.144108004
5073,6277,3627,0.577823801,2088,0.332642982,17,0.0027083,61,0.009718018,0,0,3,0.000477935,260,0.041421061,221,0.035207902
5075,16258,15103,0.928958051,227,0.013962357,31,0.001906754,10,0.000615082,9,0.000553574,17,0.001045639,573,0.035244187,288,0.017714356
5077,8666,3522,0.406415878,4775,0.551003923,9,0.001038541,16,0.001846296,0,0,0,0,91,0.010500808,253,0.029194553
5079,13016,8179,0.628380455,3884,0.298401967,56,0.004302397,0,0,0,0,19,0.001459742,297,0.02281807,581,0.044637369
5081,12024,8620,0.716899534,2238,0.186127745,126,0.010479042,27,0.002245509,0,0,0,0,531,0.044161677,482,0.040086494
5083,21247,18828,0.886148633,336,0.015813997,89,0.004188827,381,0.017931943,0,0,9,0.000423589,932,0.043865016,672,0.031627995
5085,74292,62641,0.843172885,4086,0.054999192,76,0.00102299,748,0.010068379,87,0.001171055,97,0.001305659,2967,0.039937005,3590,0.048322834
5087,16737,12680,0.757602916,8,0.000477983,13,0.000776722,89,0.00531756,161,0.009619406,51,0.003047141,2679,0.160064528,1056,0.063093744
5089,16905,15630,0.924578527,88,0.00520556,62,0.003667554,114,0.006743567,23,0.001360544,10,0.000591541,554,0.032771369,424,0.025081337
5091,42682,28614,0.6703997,10750,0.251862612,371,0.008692189,148,0.003467504,0,0,286,0.006700717,908,0.021273605,1605,0.037603674
5093,40361,22811,0.565174302,14015,0.347241149,12,0.000297317,164,0.004063328,20,0.000495528,100,0.002477639,1329,0.032927826,1910,0.047322911
5095,6787,3656,0.538676882,2954,0.435243849,9,0.001326065,22,0.003241491,0,0,0,0,146,0.021511714,0,0
5097,8555,7684,0.898188194,61,0.007130333,60,0.007013442,72,0.008416131,0,0,6,0.000701344,257,0.030040912,415,0.048509643
5099,8292,5202,0.627351664,2798,0.337433671,10,0.001205982,13,0.001567776,8,0.000964785,2,0.000241196,137,0.016521949,122,0.014712976
5101,7243,6664,0.920060748,10,0.001380643,88,0.012149662,0,0,14,0.001932901,0,0,335,0.046251553,132,0.018224493
5103,22606,12303,0.544236044,9266,0.409891179,32,0.001415553,8,0.000353888,0,0,0,0,394,0.017429001,603,0.026674334
5105,10055,9101,0.90512183,234,0.023272004,12,0.001193436,7,0.000696171,0,0,0,0,369,0.03669816,332,0.033018399
5107,16373,5530,0.337751176,10129,0.618640445,1,6.11E-05,93,0.005680083,0,0,14,0.000855066,252,0.015391193,354,0.021620961
5109,10205,8694,0.851935326,425,0.041646252,3,0.000293974,28,0.002743753,0,0,5,0.000489956,356,0.03488486,694,0.068005879
5111,22997,19569,0.850937079,988,0.042962125,60,0.002609036,5,0.00021742,12,0.000521807,17,0.000739227,1524,0.066269513,822,0.035743793
5113,19384,16892,0.871440363,25,0.001289723,290,0.014960792,34,0.001754024,39,0.002011969,71,0.003662815,745,0.03843376,1288,0.066446554
5115,63475,52258,0.823284758,1499,0.023615597,191,0.003009059,598,0.009421032,35,0.000551398,142,0.002237101,2447,0.03855061,6305,0.099330445
5117,8217,6917,0.841791408,866,0.105391262,4,0.000486796,17,0.002068882,0,0,17,0.002068882,225,0.027382256,171,0.020810515
5119,398322,200813,0.504147398,148333,0.372394696,909,0.002282073,8874,0.022278458,117,0.000293732,1049,0.002633548,12898,0.032380838,25329,0.063589257
5121,18619,16796,0.902089264,258,0.013856813,52,0.002792846,71,0.003813309,269,0.014447607,6,0.000322251,711,0.038186798,456,0.024491111
5123,23138,8950,0.386809577,12326,0.532716743,91,0.003932924,25,0.001080474,62,0.002679575,38,0.00164232,371,0.016034229,1275,0.055104158
5125,123988,101114,0.815514405,10317,0.083209665,199,0.001604994,1413,0.011396264,82,0.000661354,457,0.003685841,3673,0.029623835,6733,0.054303642
5127,9871,8224,0.833147604,119,0.012055516,50,0.005065343,63,0.006382332,5,0.000506534,0,0,590,0.059771046,820,0.083071624
5129,7880,6950,0.881979695,33,0.004187817,112,0.014213198,21,0.002664975,0,0,0,0,525,0.066624365,239,0.030329949
5131,128184,86775,0.676956562,7614,0.059398989,1050,0.00819135,5784,0.045122636,142,0.001107783,114,0.000889347,7318,0.057089808,19387,0.151243525
5133,15913,8726,0.548356689,711,0.04468045,353,0.022183121,43,0.002702193,204,0.012819707,79,0.004964494,339,0.021303337,5458,0.342990008
5135,17422,15906,0.912983584,175,0.010044771,30,0.001721961,91,0.005223281,0,0,0,0,774,0.044426587,446,0.025599816
5137,12393,11204,0.904058743,17,0.001371742,78,0.006293876,47,0.003792463,0,0,0,0,798,0.064391189,249,0.020091987
5139,38815,23430,0.603632616,12569,0.323818112,52,0.001339688,299,0.007703208,0,0,2,5.15E-05,868,0.022362489,1595,0.041092361
5141,15900,14605,0.918553459,118,0.007421384,126,0.007924528,50,0.003144654,17,0.001069182,0,0,434,0.027295597,550,0.034591195
5143,247331,161938,0.654742026,8422,0.034051534,1241,0.005017568,6152,0.02487355,6578,0.026595938,1221,0.004936704,18967,0.076686707,42812,0.173095973
5145,77118,66310,0.859851137,3297,0.042752665,97,0.001257813,667,0.008649083,0,0,181,0.002347053,2960,0.038382738,3606,0.046759511
5147,6259,4340,0.693401502,1720,0.274804282,1,0.00015977,0,0,17,0.002716089,0,0,150,0.02396549,31,0.004952868
5149,20342,15028,0.738767083,393,0.019319634,52,0.002556287,222,0.010913381,0,0,0,0,357,0.017549897,4290,0.210893717
6001,1663823,487452,0.292971067,165390,0.099403602,4870,0.002926994,530999,0.319143923,12278,0.007379391,9609,0.005775254,83622,0.050258952,369603,0.222140817
6003,1515,880,0.580858086,0,0,363,0.23960396,3,0.001980198,0,0,6,0.003960396,50,0.0330033,213,0.140594059
6005,40577,30393,0.749020381,668,0.016462528,395,0.009734579,506,0.012470119,15,0.000369668,278,0.006851172,2182,0.053774306,6140,0.151317249
6007,213605,147001,0.68819082,3695,0.017298284,1514,0.007087849,10818,0.050644882,605,0.002832331,619,0.002897872,10992,0.05145947,38361,0.179588493
6009,45674,35747,0.78265534,450,0.009852432,372,0.008144677,896,0.019617288,37,0.000810089,11,0.000240837,1964,0.043000394,6197,0.135678942
6011,21811,7303,0.334831049,306,0.014029618,153,0.007014809,127,0.00582275,23,0.001054514,42,0.001925634,577,0.026454541,13280,0.608867085
6013,1162648,471751,0.405755654,97612,0.083956623,1960,0.001685807,209562,0.18024544,5405,0.004648871,6959,0.005985475,62504,0.053760037,306895,0.263962093
6015,27462,16676,0.607239094,730,0.026582186,1749,0.063688005,830,0.030223582,79,0.002876702,194,0.007064307,1597,0.058153084,5607,0.204173039
6017,191713,144831,0.755457376,1248,0.006509731,661,0.003447862,9446,0.049271567,308,0.001606568,681,0.003552185,8608,0.04490045,25930,0.13525426
6019,1008280,275765,0.273500417,42216,0.041869322,4220,0.004185345,105291,0.10442635,1539,0.001526362,3787,0.003755901,28688,0.028452414,546774,0.542283889
6021,28657,14223,0.496318526,72,0.002512475,289,0.010084796,985,0.034372056,41,0.001430715,40,0.00139582,589,0.020553442,12418,0.43333217
6023,136132,97416,0.715599565,1601,0.011760644,4593,0.033739312,4256,0.031263773,324,0.002380043,833,0.006119061,9980,0.073311198,17129,0.125826404
6025,179578,17181,0.095674303,4084,0.022742207,1277,0.007111116,2337,0.013013844,44,0.000245019,88,0.000490038,1185,0.006598804,153382,0.85412467
6027,18829,11213,0.595517553,121,0.006426257,1513,0.080354772,268,0.014233363,176,0.009347283,42,0.002230602,996,0.052897127,4500,0.238993043
6029,906883,285219,0.314504738,44199,0.048737268,3429,0.003781083,43481,0.047945545,1044,0.001151196,3313,0.003653172,24493,0.027007894,501705,0.553219103
6031,152515,45886,0.30086221,9091,0.059607252,1133,0.007428777,5705,0.037406157,255,0.001671967,286,0.001875225,4537,0.029747894,85622,0.561400518
6033,68024,45259,0.665338704,1507,0.022153946,1579,0.023212396,905,0.013304128,199,0.002925438,249,0.003660473,2654,0.039015642,15672,0.230389274
6035,31873,20076,0.629874816,2516,0.078938286,592,0.018573714,531,0.016659869,302,0.009475104,160,0.005019923,1179,0.036990556,6517,0.204467731
6037,9936690,2505177,0.252113833,753155,0.07579536,18662,0.00187809,1452646,0.14619013,20597,0.002072823,49953,0.005027127,298906,0.030081043,4837594,0.486841594
6039,157243,49917,0.317451333,3854,0.024509835,729,0.004636136,3572,0.022716433,91,0.000578722,448,0.002849093,4777,0.030379731,93855,0.596878716
6041,260485,180340,0.692323934,5725,0.021978233,249,0.000955909,16170,0.062076511,430,0.001650767,2012,0.007724053,12416,0.047664933,43143,0.16562566
6043,17130,13233,0.772504378,135,0.007880911,238,0.013893754,227,0.013251605,62,0.003619381,155,0.009048453,857,0.050029189,2223,0.129772329
6045,91145,57251,0.628131,557,0.006111142,2633,0.028888036,1906,0.020911734,86,0.000943551,485,0.005321192,3813,0.04183444,24414,0.267858906
6047,282290,71154,0.252059938,7706,0.027298169,760,0.002692267,20194,0.071536363,772,0.002734776,529,0.001873959,6443,0.022824046,174732,0.618980481
6049,8651,6565,0.758871807,166,0.019188533,249,0.0287828,123,0.014218009,0,0,40,0.004623743,183,0.021153624,1325,0.153161484
6051,13219,8490,0.642257357,23,0.00173992,152,0.0114986,539,0.040774643,0,0,144,0.010893411,289,0.021862471,3582,0.270973599
6053,437609,125138,0.28595847,8977,0.020513746,647,0.001478489,24715,0.056477358,1885,0.004307498,1250,0.002856431,13043,0.029805146,261954,0.598602862
6055,137384,69244,0.504017935,2405,0.017505678,273,0.001987131,10866,0.07909218,411,0.002991615,612,0.004454667,5391,0.039240377,48182,0.350710418
6057,102322,84998,0.830691347,376,0.003674674,317,0.003098063,1423,0.013907078,149,0.001456187,217,0.002120756,4640,0.045347042,10202,0.099704853
6059,3175227,1221176,0.384594865,48898,0.015399844,3771,0.001187632,682736,0.215019588,8655,0.002725789,11475,0.003613915,121149,0.038154437,1077367,0.33930393
6061,406608,279960,0.688525558,6389,0.015712923,903,0.002220812,35057,0.086218176,568,0.001396923,1740,0.004279306,21522,0.052930587,60469,0.148715716
6063,19650,16122,0.820458015,225,0.011450382,203,0.010330789,110,0.005597964,40,0.002035623,14,0.000712468,977,0.049720102,1959,0.099694656
6065,2429487,788083,0.324382473,148072,0.060947846,7457,0.003069372,161597,0.066514865,6771,0.002787008,8604,0.003541488,75626,0.031128382,1233277,0.507628565
6067,1579211,666690,0.422166512,145484,0.092124485,4428,0.002803932,267722,0.169528961,17204,0.010894048,7436,0.00470868,91897,0.058191717,378350,0.239581665
6069,64753,20076,0.310039689,541,0.008354825,201,0.003104103,1888,0.02915695,109,0.00168332,45,0.000694948,2125,0.032817012,39768,0.614149151
6071,2180563,563779,0.258547449,163402,0.074935693,6234,0.002858895,163835,0.075134266,6445,0.002955659,8300,0.003806356,68421,0.031377676,1200147,0.550384006
6073,3289701,1433598,0.435783678,149105,0.045324788,9338,0.002838556,387969,0.117934426,12385,0.00376478,13667,0.004154481,148992,0.045290438,1134647,0.344908853
6075,851036,325900,0.382945022,41934,0.049274061,1758,0.002065718,294027,0.345493023,3010,0.003536866,5959,0.007002054,46931,0.055145728,131517,0.154537528
6077,779445,223577,0.286841278,52568,0.06744286,1931,0.002477404,130109,0.166925184,4310,0.005529576,2740,0.003515322,32828,0.042117147,331382,0.425151229
6079,281712,188336,0.668540921,3349,0.011888027,669,0.002374766,9571,0.033974414,401,0.00142344,1282,0.004550747,12158,0.043157551,65946,0.234090135
6081,754250,279215,0.370188929,16015,0.021233013,976,0.001294001,228200,0.302552204,8827,0.011703016,5878,0.007793172,34746,0.046066954,180393,0.239168711
6083,445213,189629,0.425928713,7763,0.017436598,1380,0.00309964,23531,0.052853353,389,0.000873739,1629,0.003658923,13316,0.029909279,207576,0.466239755
6085,1916831,559111,0.291685078,43576,0.022733355,2973,0.001550997,742635,0.387428521,6496,0.003388927,7915,0.004129211,77773,0.040573739,476352,0.248510171
6087,268571,149686,0.557342379,2193,0.008165439,182,0.000677661,12536,0.04667667,452,0.001682981,1324,0.004929795,10275,0.03825804,91923,0.342267036
6089,181852,140667,0.773524624,1740,0.00956822,2671,0.014687768,5507,0.030282867,185,0.001017311,497,0.002732992,10597,0.058272661,19988,0.109913556
6091,2916,2526,0.866255144,7,0.002400549,27,0.009259259,0,0,0,0,0,0,24,0.008230453,332,0.113854595
6093,44049,32689,0.742105383,682,0.015482758,1234,0.028014257,693,0.01573248,183,0.004154464,83,0.001884265,2528,0.057390633,5957,0.13523576
6095,450995,160034,0.354846506,58379,0.129444894,1592,0.003529973,69009,0.153015,3746,0.008306079,3253,0.00721294,28784,0.063823324,126198,0.279821284
6097,488436,297441,0.60896617,7012,0.014356026,1527,0.003126305,21167,0.043336282,1372,0.002808966,1957,0.004006666,21346,0.043702757,136614,0.279696828
6099,552063,212780,0.385427026,14902,0.026993296,2245,0.004066565,31968,0.057906435,2975,0.005388878,1782,0.003227892,16984,0.030764605,268427,0.486225304
6101,99101,42672,0.430591013,1764,0.017800022,696,0.007023138,16255,0.164024581,352,0.003551932,932,0.009404547,4437,0.044772505,31993,0.322832262
6103,65484,42716,0.652312015,565,0.008628062,524,0.008001955,1225,0.01870686,18,0.000274876,223,0.003405412,2628,0.040131941,17585,0.26853888
6105,15889,12533,0.788784694,217,0.013657247,490,0.030838945,392,0.024671156,54,0.003398578,373,0.02347536,632,0.039775946,1198,0.075398074
6107,473446,125362,0.264786269,6183,0.013059568,2100,0.004435564,16306,0.034441098,568,0.001199714,1708,0.003607592,8265,0.017457112,312954,0.661013083
6109,54993,43547,0.791864419,806,0.014656411,556,0.010110378,799,0.014529122,151,0.002745804,300,0.00545524,1755,0.031913153,7079,0.128725474
6111,842009,366252,0.434973973,13991,0.016616212,1408,0.001672191,59860,0.071091877,1396,0.00165794,3284,0.003900196,28779,0.03417897,367039,0.435908642
6113,217141,96203,0.443043921,5395,0.024845607,781,0.003596741,31399,0.144601895,888,0.004089509,948,0.004365827,11538,0.053135981,69989,0.32232052
6115,81705,42155,0.515941497,2768,0.033877976,445,0.005446423,6219,0.076115293,353,0.004320421,262,0.003206658,5150,0.063031638,24353,0.298060094
8001,520149,247045,0.474950447,17428,0.033505784,1876,0.003606659,19984,0.03841976,711,0.001366916,1985,0.003816214,16001,0.030762339,215119,0.41357188
8003,16460,7520,0.456865128,172,0.010449575,79,0.004799514,339,0.020595383,6,0.00036452,106,0.006439854,341,0.020716889,7897,0.479769137
8005,654453,377947,0.5775006,69253,0.105818141,1907,0.002913884,39827,0.060855401,1465,0.002238511,2223,0.00339673,29668,0.045332514,132163,0.201944219
8007,13509,10231,0.757346954,47,0.003479162,189,0.013990673,73,0.005403805,14,0.001036346,45,0.003331113,412,0.030498186,2498,0.184913761
8009,3496,2885,0.825228833,11,0.003146453,26,0.007437071,81,0.023169336,4,0.001144165,2,0.000572082,65,0.018592677,422,0.120709382
8011,5561,3023,0.543607265,231,0.041539291,48,0.008631541,14,0.002517533,8,0.00143859,0,0,415,0.074626866,1822,0.327638914
8013,328658,250580,0.762433898,2585,0.007865319,838,0.002549763,14988,0.045603637,182,0.000553767,935,0.002844903,12893,0.039229229,45657,0.138919485
8014,73946,55164,0.746003841,887,0.01199524,111,0.001501095,5110,0.069104482,0,0,292,0.003948828,2635,0.035634111,9747,0.131812404
8015,19564,16545,0.845685954,207,0.010580658,27,0.001380086,204,0.010427315,74,0.003782458,56,0.0028624,483,0.024688203,1968,0.100592926
8017,1726,1380,0.799536501,16,0.009269988,0,0,3,0.001738123,5,0.002896871,2,0.001158749,114,0.066048667,206,0.119351101
8019,9403,8092,0.860576412,173,0.018398383,53,0.005636499,78,0.008295225,14,0.001488887,61,0.006487291,190,0.020206317,742,0.078910986
8021,7553,3385,0.448166292,11,0.001456375,107,0.014166556,2,0.000264795,0,0,82,0.010856613,96,0.012710181,3870,0.512379187
8023,3534,1186,0.335597057,38,0.010752688,11,0.00311262,56,0.015846067,0,0,0,0,127,0.035936616,2116,0.598754952
8025,5782,3031,0.524213075,239,0.041335178,222,0.038395019,57,0.009858181,0,0,0,0,336,0.05811138,1897,0.328087167
8027,4885,4256,0.871238485,70,0.01432958,4,0.000818833,56,0.011463664,0,0,134,0.027430911,52,0.010644831,313,0.064073695
8029,31173,24753,0.794052545,182,0.005838386,170,0.005453437,195,0.006255413,0,0,300,0.009623713,735,0.023578096,4838,0.155198409
8031,710800,382813,0.538566404,60387,0.084956387,2466,0.00346933,24807,0.034900113,783,0.001101576,3158,0.004442881,28867,0.040611986,207519,0.291951322
8033,2329,1785,0.766423358,0,0,136,0.058394161,0,0,0,0,8,0.003434951,81,0.034778875,319,0.136968656
8035,360206,285943,0.793831863,4786,0.013286841,739,0.002051604,19157,0.053183456,245,0.000680166,1457,0.004044908,13716,0.038078211,34163,0.094842951
8037,55650,35735,0.642138365,545,0.009793351,73,0.00131177,610,0.010961366,49,0.000880503,145,0.002605571,2111,0.037933513,16382,0.294375562
8039,26457,22295,0.842688135,76,0.002872586,85,0.00321276,250,0.009449295,11,0.000415769,117,0.00442227,1446,0.054654723,2177,0.082284462
8041,730323,488923,0.669461321,40741,0.055784906,1901,0.002602958,19665,0.026926442,1860,0.002546818,3047,0.004172127,41182,0.056388749,133004,0.18211668
8043,49107,38425,0.782475004,1781,0.036267742,505,0.010283666,284,0.00578329,29,0.000590547,149,0.003034191,1228,0.025006618,6706,0.136558943
8045,61683,40314,0.653567433,318,0.005155391,191,0.003096477,529,0.008576107,78,0.00126453,374,0.006063259,1656,0.026846943,18223,0.295429859
8047,5856,4942,0.843920765,9,0.001536885,36,0.006147541,10,0.00170765,0,0,0,0,298,0.050887978,561,0.09579918
8049,15724,12905,0.820719919,119,0.007568049,54,0.003434241,15,0.000953956,0,0,56,0.003561435,1032,0.065632155,1543,0.098130247
8051,17018,14477,0.850687507,91,0.005347279,18,0.001057704,102,0.005993654,25,0.001469033,79,0.004642144,531,0.031202256,1695,0.099600423
8053,911,817,0.896816685,9,0.009879254,12,0.013172338,1,0.001097695,0,0,0,0,50,0.054884742,22,0.024149286
8055,6896,4241,0.6149942,3,0.000435035,180,0.026102088,5,0.000725058,0,0,21,0.003045244,164,0.023781903,2282,0.330916473
8057,1440,1250,0.868055556,9,0.00625,0,0,0,0,0,0,0,0,16,0.011111111,165,0.114583333
8059,580519,444084,0.764977546,6112,0.01052851,1678,0.002890517,16221,0.027942238,410,0.000706265,1670,0.002876736,18841,0.032455441,91503,0.157622748
8061,1347,1236,0.917594655,8,0.005939124,6,0.004454343,0,0,0,0,0,0,15,0.011135857,82,0.060876021
8063,7039,5386,0.765165506,2,0.000284131,43,0.006108822,11,0.001562722,0,0,7,0.000994459,257,0.036510868,1333,0.189373491
8065,7403,4482,0.605430231,9,0.001215723,120,0.016209645,24,0.003241929,2,0.000270161,67,0.009050385,430,0.05808456,2269,0.306497366
8067,55983,42947,0.767143597,114,0.002036332,2983,0.053284033,429,0.007663041,1,1.79E-05,544,0.009717236,1671,0.029848347,7294,0.130289552
8069,359363,290258,0.807701405,3143,0.008746031,1144,0.003183411,7506,0.020886958,287,0.000798635,1534,0.004268664,11576,0.032212554,43915,0.122202341
8071,14422,7560,0.52419914,146,0.010123423,154,0.010678131,139,0.009638053,11,0.000762724,64,0.004437665,461,0.031965053,5887,0.408195812
8073,5583,4198,0.751925488,366,0.065556153,15,0.002686728,47,0.008418413,0,0,2,0.00035823,128,0.022926742,827,0.148128246
8075,21302,16256,0.763120834,238,0.01117266,84,0.003943292,124,0.00582105,245,0.011501267,47,0.002206366,723,0.033940475,3585,0.168294057
8077,156131,124316,0.796228808,1033,0.006616239,710,0.004547463,1542,0.009876322,60,0.000384293,618,0.003958215,4217,0.02700937,23635,0.15137929
8079,794,737,0.928211587,0,0,1,0.001259446,6,0.007556675,0,0,0,0,29,0.036523929,21,0.026448363
8081,13232,10377,0.784235187,30,0.002267231,110,0.00831318,36,0.002720677,0,0,80,0.006045949,411,0.031061064,2188,0.165356711
8083,26070,18540,0.711162255,334,0.012811661,2470,0.094744918,219,0.00840046,0,0,69,0.00264672,1055,0.040467971,3383,0.129766015
8085,42823,32013,0.747565561,157,0.003666254,397,0.009270719,225,0.005254186,5,0.00011676,96,0.002241786,1000,0.023351937,8930,0.208532798
8087,29045,16502,0.568152866,929,0.031984851,40,0.001377173,112,0.003856085,21,0.000723016,44,0.001514891,694,0.023893958,10703,0.36849716
8089,18580,9500,0.511302476,229,0.012325081,75,0.004036598,152,0.00818084,5,0.000269107,296,0.015931109,356,0.019160388,7967,0.428794403
8091,4936,4482,0.90802269,40,0.008103728,9,0.001823339,15,0.003038898,0,0,7,0.001418152,177,0.035858995,206,0.041734198
8093,17597,15446,0.877763255,90,0.005114508,93,0.005284992,104,0.005910098,0,0,47,0.00267091,644,0.036597147,1173,0.06665909
8095,4493,3156,0.702425996,0,0,0,0,9,0.002003116,0,0,12,0.002670821,48,0.010683285,1268,0.282216782
8097,17325,14041,0.81044733,69,0.003982684,77,0.004444444,391,0.022568543,0,0,34,0.001962482,848,0.048946609,1865,0.107647908
8099,11968,6757,0.564588904,159,0.013285428,60,0.005013369,67,0.005598262,0,0,9,0.000752005,191,0.015959225,4725,0.394802807
8101,168135,84917,0.505052488,2862,0.017022036,1017,0.006048711,1199,0.007131174,42,0.000249799,639,0.003800517,4102,0.024397062,73357,0.436298213
8103,6511,5363,0.823682998,19,0.002918139,70,0.010751037,4,0.000614345,0,0,0,0,334,0.051297804,721,0.110735678
8105,11442,5908,0.516343297,48,0.004195071,81,0.007079182,17,0.001485754,15,0.00131096,0,0,287,0.025083027,5086,0.444502709
8107,24944,20834,0.835230917,38,0.001523412,130,0.005211674,268,0.010744067,44,0.001763951,53,0.002124759,1771,0.070999038,1806,0.072402181
8109,6454,3763,0.583049272,82,0.012705299,37,0.005732879,71,0.01100093,0,0,0,0,209,0.032383018,2292,0.355128602
8111,690,541,0.784057971,0,0,5,0.007246377,0,0,0,0,0,0,18,0.026086957,126,0.182608696
8113,8082,6840,0.846325167,44,0.005444197,64,0.007918832,57,0.00705271,0,0,19,0.002350903,138,0.017074981,920,0.11383321
8115,2391,1808,0.756168967,12,0.005018821,3,0.001254705,38,0.015892932,0,0,14,0.005855291,51,0.021329987,465,0.194479297
8117,30955,24115,0.779034082,93,0.003004361,125,0.00403812,343,0.011080601,193,0.006234857,0,0,1520,0.049103537,4566,0.147504442
8119,24758,20896,0.844010017,214,0.008643671,24,0.000969384,49,0.001979158,28,0.001130948,29,0.001171339,1551,0.062646417,1967,0.079449067
8121,4817,4124,0.856134524,46,0.009549512,0,0,18,0.003736766,2,0.000415196,8,0.001660785,96,0.019929417,523,0.108573801
8123,331466,211196,0.637157356,4104,0.01238136,788,0.002377318,5393,0.016270145,296,0.000893003,1015,0.003062154,8088,0.024400693,100586,0.303457972
8125,9938,7117,0.716140068,17,0.001710606,104,0.010464882,0,0,0,0,45,0.004528074,103,0.010364258,2552,0.256792111
9110,977165,593343,0.607208609,114765,0.1174469,925,0.000946616,56690,0.058014767,234,0.000239468,4795,0.004907053,31900,0.032645459,174513,0.178591128
9120,326381,193916,0.594139978,35413,0.108502027,310,0.00094981,17620,0.053985986,48,0.000147067,3954,0.012114676,8651,0.026505832,66469,0.203654625
9130,175244,142415,0.81266691,7795,0.044480838,114,0.000650522,6007,0.034277921,0,0,368,0.002099929,6249,0.035658853,12296,0.070165027
9140,451887,277686,0.614503183,47360,0.104804962,216,0.000477996,18149,0.040162696,70,0.000154906,2887,0.006388765,19342,0.042802736,86177,0.190704756
9150,95687,77810,0.813172113,1363,0.014244359,113,0.001180934,1359,0.014202556,63,0.000658397,227,0.002372318,3437,0.035919195,11315,0.118250128
9160,112696,87840,0.779442039,4939,0.043825868,31,0.000275076,2811,0.02494321,0,0,505,0.004481082,4338,0.038492937,12232,0.108539788
9170,571298,350326,0.613210619,70625,0.123621998,362,0.000633645,24056,0.042107622,93,0.000162787,3394,0.005940857,14798,0.025902419,107644,0.188420054
9180,280293,209147,0.746172755,14246,0.050825386,1028,0.003667591,10708,0.038202881,0,0,1381,0.004926987,11905,0.042473412,31878,0.113730989
9190,620666,376161,0.606060264,59464,0.095806762,466,0.000750806,32149,0.051797585,187,0.000301289,4717,0.007599901,22638,0.036473723,124884,0.201209668
10001,182400,106801,0.585531798,46601,0.255487939,584,0.003201754,4154,0.022774123,26,0.000142544,788,0.004320175,9284,0.050899123,14162,0.077642544
10003,570567,311658,0.546225071,141068,0.247241779,491,0.000860547,33149,0.058098348,188,0.000329497,2492,0.004367585,19836,0.034765418,61685,0.108111755
10005,240668,179073,0.744066515,25847,0.107396912,724,0.003008294,3091,0.012843419,39,0.000162049,1025,0.004258979,8020,0.033323915,22849,0.094939917
11001,670587,243730,0.363457687,291880,0.435260451,829,0.00123623,26512,0.039535511,356,0.000530878,3720,0.005547379,26392,0.039356564,77168,0.1150753
12001,279729,166674,0.595840975,53526,0.191349485,429,0.001533627,16581,0.059275227,164,0.000586282,1404,0.005019144,10564,0.037765123,30387,0.108630138
12003,27969,21842,0.780936036,3217,0.115020201,51,0.001823447,195,0.006972005,0,0,11,0.000393293,1770,0.063284351,883,0.031570668
12005,181055,135743,0.749733506,18507,0.102217558,405,0.002236889,3681,0.020330839,237,0.001308995,1235,0.006821132,8267,0.045660159,12980,0.071690923
12007,27816,20183,0.725589589,4800,0.172562554,17,0.000611159,260,0.009347138,0,0,6,0.000215703,1235,0.044398907,1315,0.04727495
12009,610723,439832,0.720182472,56385,0.092324998,773,0.001265713,14281,0.02338376,460,0.000753206,3995,0.006541427,25642,0.041986301,69355,0.113562122
12011,1940907,641300,0.330412534,534904,0.275594864,2695,0.001388526,69448,0.03578121,1037,0.000534286,15218,0.007840664,65843,0.03392383,610462,0.314524086
12013,13753,10349,0.752490366,1707,0.124118374,146,0.010615866,31,0.002254054,0,0,88,0.006398604,558,0.040572966,874,0.063549771
12015,189900,156277,0.822943655,9634,0.050731964,226,0.0011901,2416,0.012722486,72,0.000379147,662,0.003486045,5347,0.028156925,15266,0.080389679
12017,155173,133833,0.862476075,3305,0.021298808,435,0.002803323,2128,0.013713726,42,0.000270666,640,0.004124429,4809,0.030991216,9981,0.064321757
12019,219650,153832,0.700350558,24542,0.111732301,87,0.000396085,6240,0.028408832,45,0.000204871,1485,0.006760756,9708,0.044197587,23711,0.10794901
12021,380221,233909,0.615192217,24232,0.063731356,227,0.000597021,5338,0.014039204,4,1.05E-05,864,0.002272363,6825,0.017950087,108822,0.286207232
12023,69832,49883,0.714328675,11590,0.165969756,67,0.000959446,659,0.009436934,21,0.000300722,495,0.007088441,2387,0.034182037,4730,0.06773399
12027,34258,18468,0.539085761,4180,0.122015296,52,0.001517894,54,0.001576274,4,0.000116761,62,0.001809796,459,0.01339833,10979,0.320479888
12029,16737,13903,0.830674553,1337,0.079882894,75,0.00448109,51,0.003047141,0,0,12,0.000716974,608,0.036326701,751,0.044870646
12031,995708,499087,0.501238315,287418,0.288656915,1310,0.001315647,46484,0.046684369,650,0.000652802,7197,0.007228023,43762,0.043950636,109800,0.110273293
12033,321296,202039,0.628825133,69147,0.215212763,646,0.002010607,9296,0.028932822,282,0.000877695,1136,0.00353568,19114,0.059490314,19636,0.061114984
12035,117515,86196,0.733489342,10770,0.091647875,163,0.001387057,2776,0.023622516,132,0.001123261,412,0.003505935,3854,0.032795813,13212,0.112428201
12037,12276,9485,0.772645813,1321,0.107608341,9,0.000733138,44,0.003584229,0,0,186,0.015151515,557,0.045373086,674,0.054903877
12039,43746,13880,0.317286152,23853,0.545261281,144,0.00329173,17,0.000388607,0,0,35,0.000800073,943,0.021556257,4874,0.111415901
12041,18070,15798,0.87426674,563,0.031156613,11,0.000608744,47,0.002600996,3,0.000166021,18,0.000996126,505,0.027946873,1125,0.062257886
12043,12179,6936,0.569504885,1847,0.151654487,430,0.035306675,63,0.005172838,0,0,92,0.007553986,111,0.009114049,2700,0.221693078
12045,15002,11620,0.774563392,2218,0.147846954,39,0.002599653,57,0.003799493,0,0,11,0.000733236,467,0.031129183,590,0.03932809
12047,13492,7424,0.550252001,4222,0.312926178,100,0.0074118,69,0.005114142,0,0,0,0,232,0.017195375,1445,0.107100504
12049,25528,11625,0.455382325,1628,0.063773112,3,0.000117518,270,0.010576622,0,0,47,0.001841116,645,0.025266374,11310,0.443042933
12051,39902,11547,0.289383991,4129,0.103478522,465,0.011653551,373,0.009347902,0,0,0,0,599,0.015011779,22789,0.571124254
12053,196621,145865,0.741858703,9677,0.049216513,412,0.002095402,2438,0.012399489,211,0.001073131,1412,0.007181329,5913,0.030073085,30693,0.156102349
12055,102339,66090,0.645794858,9165,0.089555301,117,0.001143259,1440,0.014070882,18,0.000175886,466,0.004553494,2993,0.029245938,22050,0.215460382
12057,1468560,679457,0.462668873,228064,0.155297707,1688,0.001149425,61154,0.041642153,936,0.000637359,9014,0.006137986,48797,0.033227788,439450,0.29923871
12059,19529,16638,0.851963746,1269,0.064980286,122,0.00624712,125,0.006400737,48,0.002457883,25,0.001280147,671,0.034359158,631,0.032310922
12061,160986,118294,0.734809238,13139,0.081615793,470,0.002919509,2446,0.015193868,55,0.000341645,904,0.005615395,4438,0.027567615,21240,0.131936939
12063,47704,31105,0.652041758,12216,0.256079155,169,0.00354268,270,0.005659903,91,0.001907597,81,0.001697971,1315,0.027565823,2457,0.051505115
12065,14458,8754,0.605477936,4629,0.320168765,13,0.000899156,33,0.002282473,4,0.000276663,80,0.005533269,299,0.020680592,646,0.044681145
12067,8107,5633,0.694831627,1262,0.155667941,0,0,2,0.0002467,0,0,0,0,128,0.015788824,1082,0.133464907
12069,386829,257501,0.665671395,37681,0.097409967,607,0.001569169,7962,0.020582738,517,0.001336508,1976,0.0051082,13288,0.034351096,67297,0.173970928
12071,772902,497786,0.644048016,59756,0.077313812,558,0.000721954,12661,0.016381119,374,0.000483891,4275,0.005531102,18690,0.024181591,178802,0.231338514
12073,294128,161620,0.549488658,90250,0.306839199,181,0.000615378,10277,0.03494057,121,0.000411386,1295,0.004402845,9999,0.033995403,20385,0.06930656
12075,43268,33674,0.778265693,3652,0.084404179,76,0.001756494,354,0.008181566,0,0,165,0.003813442,1355,0.031316446,3992,0.09226218
12077,7704,5584,0.724818276,1144,0.148494289,56,0.007268951,8,0.001038422,0,0,12,0.001557632,297,0.038551402,603,0.078271028
12079,17986,9742,0.541643501,6436,0.357833871,16,0.000889581,16,0.000889581,0,0,62,0.003447126,575,0.031969309,1139,0.063327032
12081,405069,282634,0.697742854,32273,0.079672846,505,0.001246701,8880,0.021922191,136,0.000335745,1086,0.002681025,11222,0.027703922,68333,0.168694716
12083,378225,256840,0.679066693,45305,0.119783198,485,0.001282306,5890,0.015572741,47,0.000124265,1427,0.003772887,11413,0.03017516,56818,0.150222751
12085,159399,122277,0.767112717,7935,0.049780739,126,0.000790469,2359,0.01479934,3,1.88E-05,558,0.003500649,3363,0.021097999,22778,0.142899265
12086,2688237,350398,0.130344906,399445,0.148589949,1832,0.000681488,39384,0.014650494,483,0.000179672,10593,0.003940501,37363,0.0138987,1848739,0.68771429
12087,82044,52339,0.63793818,5069,0.061783921,9,0.000109697,783,0.009543659,124,0.001511384,404,0.004924187,2248,0.027399932,21068,0.25678904
12089,91538,77891,0.850914374,5001,0.054633049,236,0.002578164,903,0.009864756,28,0.000305884,442,0.004828596,2458,0.026852236,4579,0.050022941
12091,212021,151067,0.71250961,19679,0.092816278,250,0.001179128,6784,0.031996831,237,0.001117814,914,0.004310894,11773,0.055527519,21317,0.100541927
12093,39870,24624,0.617607223,3068,0.076950088,58,0.001454728,343,0.00860296,7,0.000175571,174,0.004364184,935,0.023451216,10661,0.267394031
12095,1427403,535722,0.375312368,276200,0.193498262,1186,0.00083088,74033,0.051865521,1162,0.000814066,12399,0.008686405,56818,0.039805157,469883,0.329187342
12097,393745,112392,0.285443625,36629,0.093027213,332,0.000843185,10314,0.026194618,76,0.000193018,2634,0.006689609,10588,0.0268905,220780,0.560718231
12099,1494805,773159,0.517230676,270090,0.180685775,836,0.00055927,41602,0.027831055,638,0.000426812,9446,0.006319219,48334,0.032334652,350700,0.234612541
12101,569211,400621,0.703818092,32118,0.056425473,857,0.001505593,16052,0.028200439,348,0.000611373,2156,0.003787699,17867,0.031389063,99192,0.174262268
12103,959918,695118,0.724143104,94392,0.098333399,1192,0.001241773,33372,0.03476547,705,0.000734438,3677,0.003830536,31506,0.032821554,99956,0.104129728
12105,736229,400555,0.544063056,105841,0.143760977,1063,0.001443844,12503,0.016982488,246,0.000334135,4321,0.005869098,18896,0.025665927,192804,0.261880475
12107,73604,51852,0.704472583,11490,0.156105646,181,0.002459105,417,0.005665453,0,0,151,0.002051519,1786,0.024264986,7727,0.104980708
12109,278722,222891,0.799689296,14605,0.052399882,209,0.000749851,8650,0.031034508,174,0.000624278,1226,0.004398648,8732,0.031328707,22235,0.079774829
12111,334682,179974,0.537746279,66174,0.197722017,432,0.001290778,6624,0.019791922,149,0.000445199,1820,0.005437998,10421,0.03113702,69088,0.206428789
12113,188994,151252,0.800300539,10774,0.057007101,353,0.001867784,3578,0.018931818,319,0.001687884,1570,0.008307142,9496,0.050244981,11652,0.061652751
12115,439392,357827,0.814368491,17886,0.040706249,563,0.001281316,7763,0.017667595,133,0.000302691,1444,0.003286359,10423,0.023721415,43353,0.098665884
12117,471321,268944,0.570617477,51947,0.110215755,389,0.00082534,23445,0.049743169,186,0.000394636,2138,0.004536187,16126,0.034214474,108146,0.229452963
12119,131832,111094,0.842693731,8908,0.067570848,303,0.00229838,1396,0.010589235,6,4.55E-05,598,0.004536076,1465,0.011112628,8062,0.061153589
12121,43881,32701,0.745220027,4912,0.111939108,9,0.0002051,245,0.005583282,0,0,45,0.001025501,1422,0.032405825,4547,0.103621157
12123,21421,15443,0.720928061,4328,0.202044722,45,0.002100742,26,0.001213762,71,0.003314504,139,0.006488959,481,0.022454601,888,0.041454647
12125,15524,10991,0.708000515,2577,0.166001031,37,0.002383406,18,0.001159495,0,0,20,0.001288328,992,0.063901056,889,0.057266169
12127,558520,385498,0.690213421,57687,0.103285469,816,0.001461004,10294,0.018430853,127,0.000227387,2109,0.003776051,14614,0.02616558,87375,0.156440235
12129,33732,26246,0.778074232,4905,0.145410886,83,0.002460572,27,0.000800427,0,0,110,0.003260998,923,0.027362742,1438,0.042630143
12131,76618,63660,0.830875251,2816,0.036753765,254,0.003315148,847,0.011054844,0,0,404,0.005272912,3570,0.046594795,5067,0.066133285
12133,25014,19097,0.763452467,3495,0.139721756,274,0.010953866,251,0.010034381,0,0,13,0.000519709,794,0.031742224,1090,0.043575598
13001,18441,12556,0.680874139,3344,0.181335069,18,0.000976086,105,0.005693834,0,0,22,0.001192994,498,0.027005043,1898,0.102922835
13003,8265,4482,0.542286751,1259,0.152329099,0,0,0,0,0,0,0,0,266,0.032183908,2258,0.273200242
13005,11138,8109,0.728048124,1679,0.150745197,0,0,70,0.006284791,0,0,0,0,312,0.02801221,968,0.086909679
13007,2878,1505,0.522932592,977,0.339471855,6,0.002084781,284,0.098679639,0,0,0,0,82,0.028492008,24,0.008339124
13009,43778,22746,0.519576043,18171,0.415071497,50,0.001142126,695,0.015875554,59,0.001347709,50,0.001142126,846,0.019324775,1161,0.02652017
13011,18381,15866,0.86317393,537,0.02921495,17,0.000924868,247,0.013437789,0,0,0,0,305,0.016593221,1409,0.076655242
13013,84399,56269,0.666702212,10480,0.124172087,110,0.001303333,3494,0.041398595,10,0.000118485,189,0.002239363,2714,0.032156779,11133,0.131909146
13015,109410,82267,0.751914816,11530,0.10538342,48,0.000438717,1204,0.011004479,126,0.001151631,993,0.009075953,2753,0.025162234,10489,0.095868751
13017,17169,9350,0.544586173,6411,0.373405557,0,0,63,0.003669404,0,0,23,0.001339624,201,0.011707147,1121,0.065292096
13019,18187,14573,0.801286633,1869,0.102765712,0,0,194,0.01066696,27,0.001484577,0,0,494,0.027162259,1030,0.056633859
13021,156554,56305,0.359652261,84745,0.541314818,73,0.000466293,3373,0.021545282,39,0.000249115,1232,0.007869489,4934,0.031516282,5853,0.037386461
13023,12413,8506,0.685249335,3252,0.261983404,0,0,116,0.009345041,0,0,0,0,114,0.00918392,425,0.034238299
13025,18105,16473,0.909859155,667,0.036840652,0,0,126,0.006959403,0,0,0,0,365,0.020160177,474,0.026180613
13027,16275,8709,0.535115207,5610,0.344700461,6,0.000368664,105,0.006451613,0,0,208,0.012780338,399,0.024516129,1238,0.076067588
13029,44995,31644,0.703278142,6055,0.134570508,33,0.000733415,768,0.017068563,25,0.000555617,216,0.004800533,2585,0.057450828,3669,0.081542394
13031,79829,49978,0.62606321,22001,0.275601598,79,0.000989615,1196,0.014982024,263,0.003294542,194,0.002430195,2568,0.032168761,3550,0.044470055
13033,24337,11627,0.477749928,11033,0.453342647,0,0,122,0.005012943,0,0,38,0.001561409,654,0.026872663,863,0.03546041
13035,25522,16657,0.652652613,7067,0.276898362,21,0.00082282,21,0.00082282,0,0,108,0.004231643,709,0.027779955,939,0.036791787
13037,5594,1782,0.318555595,3465,0.619413657,0,0,0,0,0,0,0,0,33,0.005899178,314,0.05613157
13039,55105,37950,0.688685237,9434,0.171200436,37,0.000671445,910,0.016513928,53,0.0009618,103,0.001869159,2501,0.045386081,4117,0.074711914
13043,10946,6614,0.604238991,2429,0.221907546,36,0.003288873,92,0.008404897,0,0,26,0.002375297,411,0.037547963,1338,0.122236433
13045,120060,81977,0.682800267,23905,0.199108779,160,0.001332667,1037,0.008637348,0,0,1799,0.014984175,2232,0.018590705,8950,0.07454606
13047,68052,60556,0.889848939,1469,0.021586434,45,0.000661259,1042,0.01531182,35,0.000514313,380,0.005583965,2217,0.032578029,2308,0.033915241
13049,12547,7585,0.604526979,3587,0.285885072,68,0.005419622,99,0.007890332,0,0,0,0,454,0.036183948,754,0.060094046
13051,296266,138653,0.468001728,116974,0.394827621,286,0.000965349,8474,0.028602675,333,0.00112399,1828,0.006170131,9620,0.03247082,20098,0.067837686
13053,9402,5115,0.544033184,1514,0.161029568,179,0.019038502,300,0.031908105,73,0.007764305,165,0.017549458,402,0.04275686,1654,0.175920017
13055,24902,20417,0.819893984,2366,0.095012449,25,0.001003935,15,0.000602361,0,0,0,0,661,0.026544053,1418,0.056943217
13057,268567,204695,0.762174802,18527,0.068984648,62,0.000230855,5374,0.020009904,134,0.000498944,1427,0.005313385,8398,0.031269665,29950,0.111517796
13059,128864,70669,0.548399863,33989,0.263758691,232,0.001800348,5221,0.040515582,36,0.000279364,468,0.003631736,4029,0.03126552,14220,0.110348895
13061,2855,1038,0.36357268,1747,0.611908932,0,0,44,0.015411559,0,0,0,0,14,0.004903678,12,0.004203152
13063,296312,25480,0.085990443,204469,0.690046303,219,0.000739086,14969,0.050517698,251,0.00084708,1447,0.004883366,9653,0.032577148,39824,0.134398877
13065,6713,4287,0.638611649,1778,0.264859228,98,0.01459854,11,0.001638612,0,0,0,0,155,0.023089528,384,0.057202443
13067,765813,377833,0.493375015,206203,0.26926025,557,0.000727332,42348,0.055298095,291,0.000379988,6150,0.008030681,29425,0.038423218,103006,0.134505421
13069,43056,24473,0.568399294,12375,0.287416388,52,0.001207729,330,0.007664437,0,0,154,0.003576737,375,0.008709588,5297,0.123025827
13071,45813,24934,0.544255997,10400,0.227009801,70,0.001527951,378,0.008250933,0,0,51,0.001113221,766,0.016720145,9214,0.201121952
13073,156921,102875,0.655584657,26446,0.168530662,24,0.000152943,6628,0.042237814,0,0,1498,0.009546205,7946,0.050636945,11504,0.073310774
13075,17242,10785,0.625507482,4648,0.269574295,0,0,42,0.002435912,0,0,46,0.002667904,583,0.033812783,1138,0.066001624
13077,147449,102293,0.693751738,26259,0.178088695,138,0.000935917,2781,0.018860759,3,2.03E-05,291,0.001973564,4495,0.030485117,11189,0.075883865
13079,12156,8812,0.72490951,2677,0.220220467,92,0.007568279,0,0,0,0,0,0,102,0.008390918,473,0.038910826
13081,20255,9851,0.48634905,9071,0.447840039,4,0.000197482,125,0.006171316,0,0,42,0.002073562,350,0.017279684,812,0.040088867
13083,16239,14977,0.922285855,159,0.009791243,2,0.00012316,133,0.008190159,0,0,49,0.003017427,500,0.030790073,419,0.025802081
13085,27355,24380,0.891244745,357,0.013050631,27,0.000987022,212,0.007749954,0,0,122,0.004459879,665,0.024309998,1592,0.05819777
13087,29063,14342,0.493479682,11639,0.400474831,64,0.002202113,141,0.004851529,0,0,376,0.012937412,561,0.019302894,1940,0.06675154
13089,761209,220545,0.28972989,399012,0.524181926,879,0.001154742,47090,0.061862117,483,0.000634517,3388,0.004450814,24844,0.032637554,64968,0.085348439
13091,19977,12714,0.636431897,6050,0.302848276,49,0.002452821,4,0.00020023,0,0,89,0.004455123,255,0.012764679,816,0.040846974
13093,11236,4663,0.41500534,5358,0.476860093,3,0.000266999,0,0,0,0,0,0,380,0.033819865,832,0.074047704
13095,85038,20262,0.23826995,59117,0.69518333,85,0.000999553,651,0.007655401,5,5.88E-05,229,0.002692914,2004,0.023565935,2685,0.03157412
13097,144735,50732,0.350516461,69608,0.480934121,89,0.000614917,2672,0.018461326,0,0,846,0.005845165,5276,0.036452828,15512,0.107175182
13099,10753,4718,0.438761276,5657,0.526085744,7,0.000650981,0,0,0,0,4,0.000371989,137,0.012740631,230,0.02138938
13101,3707,2078,0.560561101,153,0.041273267,2,0.00053952,59,0.015915835,0,0,0,0,266,0.071756137,1149,0.309954141
13103,65314,49286,0.754600851,8912,0.136448541,59,0.000903329,423,0.006476406,109,0.001668861,213,0.003261169,2715,0.041568423,3597,0.055072419
13105,19570,12308,0.628921819,5321,0.271895759,148,0.007562596,218,0.011139499,0,0,68,0.003474706,295,0.015074093,1212,0.061931528
13107,22907,13449,0.58711311,7264,0.317108308,82,0.003579692,46,0.00200812,0,0,0,0,971,0.042388789,1095,0.047801982
13109,10759,5998,0.557486755,2943,0.273538433,20,0.001858909,104,0.009666326,0,0,0,0,396,0.036806395,1298,0.120643182
13111,25436,23674,0.930728102,68,0.002673376,0,0,121,0.004757037,0,0,109,0.004285265,756,0.029721654,708,0.027834565
13113,119259,69543,0.583125802,29340,0.246019168,55,0.000461181,5513,0.046227119,132,0.001106835,1803,0.015118356,3654,0.030639197,9219,0.077302342
13115,98541,68814,0.698328614,13577,0.137780213,60,0.000608884,1294,0.01313159,58,0.000588587,259,0.002628348,2832,0.028739306,11647,0.118194457
13117,253225,167333,0.660807582,10017,0.039557706,137,0.000541021,41860,0.165307533,0,0,1197,0.004727021,8334,0.032911442,24347,0.096147695
13119,23480,19253,0.819974446,2158,0.091908007,27,0.001149915,353,0.015034072,0,0,22,0.000936968,424,0.018057922,1243,0.052938671
13121,1061944,407576,0.383801782,456706,0.430065992,1226,0.001154486,80192,0.07551434,207,0.000194926,7373,0.006942927,31141,0.029324522,77523,0.073001025
13123,31519,26558,0.842602874,155,0.004917669,69,0.002189156,116,0.00368032,0,0,47,0.001491164,659,0.020908024,3915,0.124210793
13125,2903,2528,0.870823286,307,0.10575267,0,0,0,0,2,0.000688942,0,0,29,0.009989666,37,0.012745436
13127,84566,53485,0.632464584,20760,0.245488731,253,0.002991746,982,0.011612232,92,0.001087908,150,0.001773763,3062,0.036208405,5782,0.068372632
13129,57785,43928,0.760197283,1904,0.032949727,54,0.000934499,651,0.011265899,48,0.000830665,95,0.001644025,1400,0.024227741,9705,0.16795016
13131,26075,14985,0.574688399,7589,0.291045062,50,0.001917546,57,0.002186002,0,0,19,0.000728667,283,0.010853308,3092,0.118581016
13133,19020,11153,0.586382755,5954,0.313038906,0,0,222,0.011671924,0,0,80,0.004206099,362,0.019032597,1249,0.065667718
13135,957977,323347,0.337531068,266852,0.278557836,1270,0.00132571,121801,0.127143971,214,0.000223387,3776,0.00394164,31647,0.03303524,209070,0.218241148
13137,46326,34864,0.752579545,1597,0.034473082,72,0.001554203,941,0.020312567,17,0.000366965,90,0.001942754,1196,0.025817036,7549,0.162953849
13139,204953,120616,0.588505657,13482,0.065780935,145,0.000707479,4175,0.020370524,7,3.42E-05,857,0.004181446,5584,0.027245271,60087,0.293174533
13141,8588,2178,0.253609688,6156,0.716814159,0,0,75,0.008733116,0,0,0,0,118,0.013740102,61,0.007102934
13143,30178,27132,0.899065544,1409,0.046689641,1,3.31E-05,182,0.006030883,0,0,146,0.004837961,643,0.021306912,665,0.02203592
13145,34914,26434,0.757117489,5418,0.155181303,17,0.000486911,233,0.006673541,3,8.59E-05,57,0.001632583,1201,0.034398809,1551,0.04442344
13147,26110,19414,0.743546534,4596,0.176024512,49,0.001876676,330,0.012638836,0,0,20,0.00076599,673,0.025775565,1028,0.039371888
13149,11489,9678,0.842370964,980,0.085298982,0,0,59,0.005135347,2,0.00017408,9,0.000783358,395,0.034380712,366,0.031856558
13151,240853,89290,0.370724052,115266,0.478574068,96,0.000398583,7968,0.03308242,11,4.57E-05,992,0.004118695,8899,0.036947848,18331,0.076108664
13153,164117,88489,0.539182413,51400,0.313191199,181,0.001102872,5299,0.032287941,267,0.001626888,484,0.002949116,6889,0.041976151,11108,0.067683421
13155,9487,6433,0.678085802,2483,0.261726573,14,0.001475704,20,0.002108148,0,0,27,0.002846,117,0.012332666,393,0.041425108
13157,77033,60524,0.78568925,5457,0.07083977,9,0.000116833,1359,0.01764179,23,0.000298573,348,0.004517544,2209,0.028676022,7104,0.092220217
13159,14882,11117,0.747009811,2758,0.185324553,0,0,15,0.001007929,0,0,27,0.001814272,358,0.024055906,607,0.040787529
13161,14791,10294,0.695963762,2304,0.155770401,9,0.000608478,38,0.00256913,0,0,0,0,200,0.013521736,1946,0.131566493
13163,15591,6470,0.414983003,8138,0.521967802,9,0.000577256,68,0.004361491,0,0,91,0.005836701,188,0.012058239,627,0.040215509
13165,8704,4918,0.565027574,3036,0.348805147,2,0.000229779,2,0.000229779,0,0,0,0,92,0.010569853,654,0.075137868
13167,9225,5627,0.6099729,3030,0.328455285,0,0,19,0.002059621,0,0,8,0.000867209,270,0.029268293,271,0.029376694
13169,28382,19929,0.70217039,6989,0.246247622,0,0,156,0.005496441,0,0,96,0.003382425,633,0.022302868,579,0.020400254
13171,18676,12288,0.657956736,5024,0.269008353,0,0,93,0.004979653,0,0,14,0.000749625,715,0.038284429,542,0.029021204
13173,9964,6582,0.660578081,2305,0.231332798,9,0.000903252,132,0.013247692,0,0,88,0.008831794,120,0.012043356,728,0.073063027
13175,49407,28292,0.572631409,18500,0.374440869,121,0.002449046,476,0.009634262,0,0,79,0.001598964,502,0.010160504,1437,0.029084947
13177,32968,22632,0.686483863,7754,0.235197768,4,0.00012133,887,0.026904877,17,0.000515652,112,0.003397234,480,0.014559573,1082,0.032819704
13179,65550,24731,0.377284516,26320,0.401525553,168,0.002562929,1213,0.018504958,313,0.004774981,350,0.005339436,4155,0.063386728,8300,0.1266209
13181,7726,5209,0.67421693,2175,0.281516956,0,0,6,0.000776598,0,0,8,0.001035465,157,0.020320994,171,0.022133057
13183,16804,9354,0.556653178,3863,0.229885741,33,0.001963818,130,0.007736253,58,0.003451559,69,0.004106165,1332,0.079266841,1965,0.116936444
13185,118257,61586,0.520781011,43485,0.367716076,196,0.001657407,2077,0.017563442,69,0.000583475,244,0.002063303,3240,0.027397955,7360,0.062237331
13187,33405,30015,0.898518186,363,0.010866637,111,0.003322856,310,0.009280048,101,0.003023499,10,0.000299356,759,0.02272115,1736,0.051968268
13189,21715,11483,0.528804974,8938,0.411604881,0,0,34,0.001565738,0,0,0,0,494,0.022749252,766,0.035275155
13191,11183,6979,0.624072253,3548,0.317267281,4,0.000357686,157,0.014039167,0,0,0,0,205,0.018331396,290,0.025932219
13193,12099,3956,0.326969171,7277,0.601454666,11,0.000909166,95,0.007851889,0,0,65,0.005372345,123,0.010166129,572,0.047276634
13195,30378,24133,0.794423596,2661,0.087596287,30,0.000987557,480,0.015800909,0,0,198,0.006517875,913,0.030054645,1963,0.064619132
13197,7508,4359,0.580580714,2211,0.294485882,24,0.00319659,108,0.014384656,0,0,7,0.000932339,177,0.023574853,622,0.082844965
13199,20679,11711,0.566323323,7902,0.382126795,22,0.001063881,163,0.007882393,13,0.000628657,48,0.002321195,261,0.0126215,559,0.027032255
13201,5923,3927,0.663008611,1618,0.273172379,68,0.011480669,40,0.006753334,15,0.0025325,28,0.004727334,54,0.009117002,173,0.029208172
13205,21634,9919,0.458491264,9669,0.446935379,244,0.011278543,15,0.000693353,0,0,123,0.005685495,585,0.027040769,1079,0.049875196
13207,28287,20450,0.722946937,6114,0.216141691,14,0.000494927,295,0.010428819,0,0,38,0.001343373,659,0.023296921,717,0.025347333
13209,8687,5678,0.653620352,2045,0.235409232,24,0.002762749,37,0.004259238,0,0,3,0.000345344,255,0.029354207,645,0.074248878
13211,20171,14681,0.727827078,4310,0.213673095,0,0,32,0.001586436,0,0,70,0.003470329,423,0.020970701,655,0.032472361
13213,40063,32147,0.802411202,177,0.004418042,28,0.000698899,324,0.008087263,2,4.99E-05,145,0.0036193,871,0.021740758,6369,0.158974615
13215,204572,78514,0.383796414,93648,0.457775258,129,0.000630585,5246,0.025643783,315,0.0015398,740,0.003617308,9624,0.047044561,16356,0.079952291
13217,113298,47766,0.421596145,52596,0.464227083,92,0.000812018,1619,0.014289749,0,0,182,0.001606383,3898,0.034404844,7145,0.063063779
13219,41978,34817,0.829410644,1434,0.034160751,56,0.001334032,1683,0.040092429,27,0.000643194,29,0.000690838,1534,0.036542951,2398,0.057125161
13221,14974,11157,0.745091492,2503,0.167156404,0,0,37,0.00247095,10,0.000667824,0,0,386,0.025778015,881,0.058835315
13223,169898,111514,0.656358521,35057,0.206341452,77,0.000453213,1882,0.011077235,265,0.001559759,354,0.002083603,7855,0.046233623,12894,0.075892594
13225,28054,12612,0.44956156,12220,0.435588508,18,0.00064162,76,0.002709061,100,0.003564554,37,0.001318885,694,0.024738005,2297,0.081877807
13227,33439,30948,0.925506146,174,0.005203505,65,0.001943838,103,0.003080236,20,0.000598104,31,0.000927061,987,0.029516433,1111,0.033224678
13229,19822,16588,0.836847947,1929,0.097316113,27,0.001362123,0,0,0,0,0,0,273,0.013772576,1005,0.050701241
13231,19145,16590,0.86654479,1646,0.085975451,2,0.000104466,71,0.00370854,0,0,79,0.004126404,391,0.020423087,366,0.019117263
13233,43019,30372,0.706013622,5202,0.120923313,13,0.000302192,289,0.006717962,0,0,392,0.009112253,804,0.018689416,5947,0.138241242
13235,9887,5569,0.563264893,3583,0.362395064,0,0,124,0.012541721,0,0,0,0,198,0.020026297,413,0.041772024
13237,22206,14530,0.654327659,5652,0.254525804,0,0,65,0.002927137,114,0.005133748,32,0.001441052,391,0.017607854,1422,0.064036747
13239,2180,921,0.422477064,1146,0.525688073,0,0,0,0,0,0,0,0,30,0.013761468,83,0.038073394
13241,16915,14895,0.880579367,194,0.01146911,0,0,175,0.010345847,0,0,2,0.000118238,299,0.017676618,1350,0.079810819
13243,6365,1952,0.306677141,4116,0.64666143,0,0,11,0.001728201,0,0,11,0.001728201,65,0.010212097,210,0.03299293
13245,206153,67416,0.327019253,113697,0.551517562,185,0.000897392,3201,0.015527303,144,0.00069851,1395,0.006766819,9152,0.044394212,10963,0.05317895
13247,93641,25330,0.270501169,52976,0.565735095,124,0.001324206,1703,0.018186478,277,0.002958106,568,0.006065719,2874,0.030691684,9789,0.104537542
13249,4565,3441,0.753778751,814,0.178313253,0,0,0,0,0,0,0,0,48,0.010514786,262,0.057393209
13251,14026,7758,0.553115642,5618,0.400541851,12,0.000855554,56,0.003992585,0,0,0,0,217,0.015471268,365,0.0260231
13253,9117,5622,0.616650214,3010,0.330152462,4,0.000438741,53,0.005813316,0,0,0,0,104,0.011407261,324,0.035538006
13255,67415,37819,0.560987911,23260,0.345027071,171,0.002536527,582,0.008633094,0,0,255,0.003782541,1884,0.027946303,3444,0.051086553
13257,26732,21672,0.810713751,2853,0.106726021,20,0.000748167,315,0.01178363,38,0.001421517,0,0,720,0.026934012,1114,0.041672901
13259,5121,1093,0.213434876,3123,0.609841828,9,0.001757469,168,0.032806093,0,0,37,0.007225151,34,0.006639328,657,0.128295255
13261,29378,11471,0.390462251,14979,0.509871332,42,0.001429641,378,0.012866771,2,6.81E-05,18,0.000612703,701,0.023861393,1787,0.06082783
13263,5793,2347,0.405144139,3275,0.565337476,3,0.000517866,9,0.001553599,0,0,19,0.00327982,86,0.014845503,54,0.009321595
13265,1635,579,0.35412844,822,0.502752294,0,0,1,0.000611621,4,0.002446483,43,0.026299694,88,0.05382263,98,0.059938838
13267,24309,13623,0.560409725,6816,0.280389979,24,0.000987289,69,0.002838455,0,0,191,0.007857172,547,0.022501954,3039,0.125015426
13269,7799,4524,0.580074369,3000,0.384664701,3,0.000384665,70,0.00897551,0,0,0,0,148,0.018976792,54,0.006923965
13271,12619,5882,0.466122514,4423,0.350503209,6,0.000475473,12,0.000950947,0,0,11,0.000871701,91,0.007211348,2194,0.173864807
13273,9004,3239,0.359729009,5259,0.584073745,0,0,212,0.023545091,0,0,0,0,24,0.002665482,270,0.029986673
13275,45665,26243,0.574685207,16378,0.358655425,102,0.002233658,357,0.007817804,0,0,22,0.000481769,779,0.017059017,1784,0.039067119
13277,41247,22313,0.540960555,11927,0.289160424,59,0.001430407,464,0.011249303,1,2.42E-05,43,0.0010425,1238,0.030014304,5202,0.126118263
13279,26946,15702,0.582720998,6407,0.23777184,72,0.002672011,229,0.008498478,0,0,20,0.000742225,1262,0.04683441,3254,0.120760039
13281,12546,11740,0.935756416,165,0.013151602,14,0.001115894,24,0.00191296,5,0.000398533,12,0.00095648,224,0.017854296,362,0.028853818
13283,6411,4227,0.659335517,1829,0.285290906,5,0.00077991,0,0,0,0,0,0,290,0.045234753,60,0.009358914
13285,69527,38336,0.551382916,25119,0.361284105,61,0.000877357,1667,0.023976297,0,0,175,0.002517008,1457,0.020955888,2712,0.039006429
13287,8894,4810,0.540814032,3408,0.383179672,1,0.000112435,0,0,0,0,8,0.000899483,210,0.023611423,457,0.051382955
13289,7955,4387,0.551477058,3305,0.415461974,22,0.002765556,56,0.007039598,0,0,0,0,105,0.013199246,80,0.010056568
13291,24880,23108,0.928778135,138,0.005546624,47,0.001889068,59,0.002371383,0,0,0,0,593,0.023834405,935,0.037580386
13293,27638,18425,0.666654606,7487,0.270895144,77,0.002786019,112,0.004052392,214,0.007742963,19,0.000687459,636,0.023011795,668,0.024169622
13295,68065,61162,0.898582238,2637,0.038742379,130,0.001909939,378,0.005553515,5,7.35E-05,36,0.000528906,1906,0.028002645,1811,0.02660692
13297,97752,69715,0.713182339,18818,0.19250757,41,0.000419429,1422,0.014547017,21,0.000214829,444,0.004542107,2009,0.020552009,5282,0.0540347
13299,35917,22411,0.623966367,10727,0.298660801,128,0.003563772,443,0.012333992,26,0.000723891,45,0.001252889,504,0.014032352,1633,0.045465935
13301,5197,1995,0.383875313,3104,0.597267654,0,0,24,0.004618049,0,0,0,0,74,0.014238984,0,0
13303,19975,8373,0.419173967,10139,0.507584481,19,0.000951189,145,0.007259074,0,0,35,0.00175219,704,0.035244055,560,0.028035044
13305,30277,21338,0.704759388,6026,0.199028966,70,0.002311986,293,0.009677313,9,0.000297255,149,0.004921227,426,0.014070086,1966,0.064933778
13307,2354,905,0.384451997,1048,0.44519966,0,0,0,0,0,0,0,0,56,0.023789295,345,0.146559048
13309,7550,4189,0.554834437,2889,0.382649007,9,0.001192053,0,0,0,0,1,0.00013245,34,0.004503311,428,0.056688742
13311,28165,25477,0.9045624,590,0.020947985,23,0.000816616,176,0.00624889,0,0,62,0.002201314,872,0.030960412,965,0.034262382
13313,103033,58304,0.565876952,3304,0.032067396,56,0.000543515,1595,0.015480477,6,5.82E-05,67,0.000650277,1816,0.017625421,37885,0.367697728
13315,8839,5255,0.594524267,2973,0.336350266,0,0,0,0,1,0.000113135,5,0.000565675,189,0.021382509,416,0.047064148
13317,9610,4937,0.513735692,3857,0.401352758,16,0.001664932,0,0,0,0,16,0.001664932,240,0.024973985,544,0.0566077
13319,8852,4898,0.553321283,3387,0.382625395,0,0,1,0.000112969,0,0,128,0.014460009,160,0.018075011,278,0.031405332
13321,20706,13900,0.671303004,5294,0.255674684,66,0.003187482,179,0.008644837,7,0.000338066,0,0,738,0.035641843,522,0.025210084
15001,202163,59763,0.295617892,1512,0.007479113,231,0.001142642,42442,0.209939504,22620,0.111889911,714,0.003531804,47338,0.234157586,27543,0.136241548
15003,1010100,175963,0.174203544,23555,0.023319473,1495,0.001480051,420208,0.416006336,94883,0.093934264,2330,0.002306702,188273,0.186390456,103393,0.102359172
15005,50,13,0.26,1,0.02,9,0.18,6,0.12,6,0.12,0,0,9,0.18,6,0.12
15007,73511,21242,0.288963556,383,0.005210105,66,0.000897825,20838,0.28346778,6512,0.088585382,234,0.003183197,15735,0.214049598,8501,0.115642557
15009,164765,48243,0.292798835,1213,0.007362,255,0.001547659,45867,0.278378296,16769,0.101775256,583,0.003538373,32255,0.195763663,19580,0.118835918
16001,497494,411348,0.826840123,5815,0.011688583,1668,0.003352804,12672,0.025471664,990,0.001989974,2384,0.004792018,18300,0.036784363,44317,0.089080471
16003,4464,4009,0.898073477,12,0.002688172,33,0.007392473,0,0,0,0,0,0,217,0.048611111,193,0.043234767
16005,87434,71925,0.822620491,751,0.008589336,1921,0.021970858,1501,0.017167235,198,0.002264565,147,0.001681268,2803,0.032058467,8188,0.09364778
16007,6436,5951,0.924642635,8,0.001243008,21,0.003262896,54,0.008390305,0,0,34,0.005282784,91,0.014139217,277,0.043039155
16009,9731,8141,0.836604666,79,0.008118385,726,0.074606926,4,0.000411057,33,0.003391224,19,0.001952523,299,0.030726544,430,0.044188675
16011,48253,35476,0.735208174,79,0.001637204,2461,0.05100201,175,0.003626718,20,0.000414482,47,0.000974033,1209,0.025055437,8786,0.182081943
16013,24248,17231,0.710615308,103,0.004247773,332,0.013691851,103,0.004247773,2,8.25E-05,45,0.001855823,745,0.030724183,5687,0.234534807
16015,7809,6738,0.862850557,28,0.003585606,76,0.00973236,61,0.0078115,0,0,60,0.007683442,394,0.050454604,452,0.057881931
16017,47976,43438,0.905411039,141,0.002938969,264,0.005502751,287,0.005982158,60,0.001250625,237,0.00493997,1757,0.036622478,1792,0.037352009
16019,124490,101354,0.814153747,333,0.002674914,603,0.004843763,1091,0.008763756,27,0.000216885,348,0.002795405,3587,0.028813559,17147,0.137737971
16021,12335,10915,0.884880422,46,0.003729226,249,0.020186461,170,0.013781921,7,0.000567491,18,0.001459262,269,0.021807864,661,0.053587353
16023,2605,2313,0.887907869,0,0,1,0.000383877,0,0,10,0.003838772,0,0,138,0.052975048,143,0.054894434
16025,1133,898,0.792586055,0,0,0,0,0,0,0,0,24,0.021182701,43,0.037952339,168,0.148278906
16027,235006,160446,0.682731505,1373,0.005842404,825,0.003510549,1758,0.00748066,420,0.001787188,1534,0.006527493,8245,0.035084211,60405,0.257035991
16029,7058,6303,0.893029187,0,0,8,0.001133466,5,0.000708416,0,0,0,0,231,0.032728818,511,0.072400113
16031,24859,16814,0.676374754,30,0.001206806,41,0.001649302,90,0.003620419,5,0.000201134,72,0.002896335,858,0.034514663,6949,0.279536586
16033,756,360,0.476190476,4,0.005291005,0,0,0,0,0,0,64,0.084656085,8,0.010582011,320,0.423280423
16035,8810,7797,0.885017026,19,0.00215664,101,0.011464245,76,0.008626561,2,0.000227015,34,0.003859251,408,0.04631101,373,0.042338252
16037,4344,3869,0.890653775,6,0.001381215,34,0.007826888,1,0.000230203,0,0,20,0.004604052,245,0.056399632,169,0.038904236
16039,28752,20376,0.708681135,644,0.022398442,223,0.007755982,834,0.029006678,105,0.00365192,125,0.004347524,1305,0.045388147,5140,0.178770173
16041,14376,12943,0.900319978,0,0,16,0.001112966,36,0.002504174,0,0,69,0.004799666,313,0.021772398,999,0.069490818
16043,13519,11260,0.832901842,44,0.003254679,153,0.011317405,7,0.00051779,0,0,217,0.016051483,180,0.013314594,1658,0.122642207
16045,19250,16297,0.846597403,22,0.001142857,55,0.002857143,52,0.002701299,0,0,124,0.006441558,969,0.050337662,1731,0.089922078
16047,15520,10181,0.655992268,15,0.000966495,254,0.016365979,47,0.003028351,0,0,24,0.001546392,369,0.023775773,4630,0.298324742
16049,16787,15135,0.901590516,15,0.000893549,517,0.030797641,87,0.005182582,0,0,5,0.00029785,412,0.024542801,616,0.036695062
16051,31383,26968,0.859318739,17,0.000541695,244,0.00777491,74,0.002357965,2,6.37E-05,74,0.002357965,623,0.019851512,3381,0.107733486
16053,24474,14251,0.582291411,1,4.09E-05,15,0.000612895,13,0.000531176,24,0.000980633,50,0.002042984,849,0.034689875,9271,0.378810166
16055,173396,151685,0.874789499,507,0.002923943,1388,0.008004798,1176,0.006782163,183,0.001055388,943,0.005438418,8468,0.04883619,9046,0.0521696
16057,39872,34551,0.866547953,486,0.012189005,261,0.006545947,775,0.019437199,88,0.002207063,116,0.00290931,1752,0.04394061,1843,0.046222913
16059,8043,7414,0.92179535,1,0.000124332,31,0.003854283,3,0.000372995,4,0.000497327,45,0.005594927,259,0.032201915,286,0.035558871
16061,3630,2928,0.80661157,67,0.0184573,90,0.024793388,35,0.009641873,0,0,49,0.013498623,267,0.073553719,194,0.053443526
16063,5203,3331,0.640207573,25,0.00480492,36,0.006919085,20,0.003843936,0,0,8,0.001537574,128,0.024601192,1655,0.31808572
16065,52487,45165,0.86049879,487,0.009278488,154,0.00293406,949,0.018080668,65,0.001238402,106,0.002019548,1179,0.022462705,4382,0.08348734
16067,21626,13142,0.607694442,21,0.000971053,174,0.008045871,30,0.001387219,0,0,38,0.001757144,482,0.022287987,7739,0.357856284
16069,42200,36348,0.861327014,37,0.000876777,2015,0.047748815,357,0.008459716,27,0.00063981,78,0.001848341,1434,0.033981043,1904,0.045118483
16071,4572,4227,0.924540682,0,0,31,0.006780402,0,0,0,0,31,0.006780402,79,0.01727909,204,0.044619423
16073,12043,8241,0.684297932,45,0.00373661,368,0.03055717,16,0.001328573,0,0,23,0.001909823,245,0.020343768,3105,0.257826123
16075,25571,19417,0.759336749,20,0.000782136,98,0.003832466,201,0.007860467,5,0.000195534,188,0.007352079,1033,0.040397325,4609,0.180243244
16077,7918,4792,0.605203334,3,0.000378884,163,0.020586007,0,0,0,0,2,0.000252589,235,0.029679212,2723,0.343899975
16079,13399,11945,0.891484439,115,0.00858273,179,0.013359206,3,0.000223897,43,0.003209195,9,0.000671692,562,0.041943429,543,0.040525412
16081,11813,9451,0.800050792,0,0,123,0.010412258,0,0,0,0,0,0,306,0.025903665,1933,0.163633285
16083,90592,69238,0.764283822,494,0.00545302,230,0.002538856,1406,0.015520134,3,3.31E-05,239,0.002638202,3217,0.035510862,15765,0.174021989
16085,11830,11540,0.975486052,6,0.000507185,1,8.45E-05,6,0.000507185,9,0.000760778,2,0.000169062,96,0.008114962,170,0.014370245
16087,10612,8316,0.783641161,20,0.001884659,34,0.00320392,14,0.001319261,25,0.002355824,25,0.002355824,437,0.041179796,1741,0.164059555
17001,65583,59490,0.907094826,2565,0.039110745,40,0.000609914,487,0.007425705,9,0.000137231,96,0.001463794,1698,0.025890856,1198,0.018266929
17003,5261,3340,0.634860293,1748,0.332256225,0,0,13,0.002471013,0,0,0,0,109,0.020718495,51,0.009693975
17005,16750,14503,0.865850746,1160,0.069253731,120,0.007164179,77,0.004597015,0,0,14,0.000835821,239,0.014268657,637,0.038029851
17007,53459,37709,0.705381694,1117,0.020894517,49,0.00091659,502,0.009390374,0,0,22,0.00041153,1497,0.028002768,12563,0.235002525
17009,6334,4775,0.753868014,1039,0.164035365,25,0.003946953,3,0.000473634,0,0,0,0,53,0.00836754,439,0.069308494
17011,33203,28545,0.859711472,204,0.006144023,20,0.000602355,303,0.009125681,0,0,111,0.003343071,732,0.022046201,3288,0.099027196
17013,4472,4251,0.950581395,33,0.007379249,9,0.002012522,1,0.000223614,0,0,0,0,142,0.031753131,36,0.008050089
17015,15594,13926,0.893035783,515,0.033025523,41,0.002629216,103,0.006605105,0,0,17,0.001090163,272,0.017442606,720,0.046171604
17017,12955,9495,0.732921652,438,0.03380934,19,0.001466615,98,0.007564647,101,0.007796218,11,0.000849093,157,0.012118873,2636,0.203473562
17019,206525,134489,0.651199613,26903,0.130265101,121,0.000585885,22674,0.109788161,59,0.00028568,849,0.004110882,8102,0.039230117,13328,0.06453456
17021,33893,31527,0.930192075,876,0.025846045,43,0.001268699,232,0.006845071,6,0.000177028,54,0.001593249,494,0.014575281,661,0.019502552
17023,15467,14872,0.961531001,129,0.008340337,3,0.000193961,28,0.001810306,0,0,0,0,177,0.011443719,258,0.016680675
17025,13248,12629,0.953275966,61,0.004604469,73,0.005510266,42,0.00317029,0,0,23,0.001736111,394,0.029740338,26,0.00196256
17027,36998,33694,0.910697876,1085,0.02932591,15,0.000405427,225,0.00608141,0,0,11,0.000297313,748,0.020217309,1220,0.032974755
17029,47076,42236,0.897187527,1669,0.03545331,23,0.000488572,435,0.009240377,0,0,151,0.003207579,1177,0.025002124,1385,0.029420512
17031,5225367,2148173,0.411104713,1170790,0.224058903,3917,0.000749612,398558,0.076273686,1179,0.00022563,19681,0.003766434,130587,0.024990972,1352482,0.25883005
17033,18729,16999,0.907629879,845,0.045117198,26,0.001388221,66,0.003523947,0,0,22,0.001174649,312,0.016658658,459,0.024507448
17035,10447,10032,0.960275677,12,0.001148655,0,0,8,0.00076577,0,0,8,0.00076577,212,0.020292907,175,0.01675122
17037,100686,74958,0.744472916,7590,0.075382873,73,0.000725026,2371,0.023548458,0,0,143,0.001420257,3195,0.031732316,12356,0.122718153
17039,15535,14631,0.941808819,131,0.008432572,21,0.001351786,30,0.001931123,0,0,0,0,252,0.016221435,470,0.030254265
17041,19714,17484,0.886882419,219,0.011108857,37,0.001876839,116,0.005884143,0,0,50,0.002536269,317,0.016079943,1491,0.075631531
17043,930559,600034,0.64481027,44192,0.047489735,303,0.000325611,116439,0.125128014,184,0.000197731,3028,0.003253958,28573,0.0307052,137806,0.148089482
17045,16852,16263,0.965048659,81,0.004806551,6,0.000356041,66,0.003916449,2,0.00011868,0,0,210,0.012461429,224,0.013292191
17047,6182,5912,0.956324814,8,0.00129408,1,0.00016176,19,0.003073439,0,0,6,0.00097056,150,0.024263992,86,0.013911356
17049,34594,32918,0.951552292,190,0.005492282,16,0.000462508,231,0.006677459,0,0,22,0.000635948,445,0.012863502,772,0.022316009
17051,21464,19176,0.893402907,742,0.034569512,95,0.004426016,100,0.004658964,92,0.004286247,0,0,767,0.035734253,492,0.022922102
17053,13484,12255,0.908854939,72,0.005339662,19,0.001409077,90,0.006674577,0,0,83,0.006155443,412,0.030554732,553,0.041011569
17055,37810,35850,0.948161862,154,0.004072997,23,0.000608305,99,0.002618355,0,0,13,0.000343824,941,0.024887596,730,0.019307062
17057,33691,31003,0.920216081,873,0.025911965,153,0.004541272,103,0.003057196,0,0,37,0.001098216,556,0.016502924,966,0.028672346
17059,4967,4673,0.940809342,15,0.003019932,21,0.004227904,6,0.001207973,0,0,0,0,236,0.04751359,16,0.00322126
17061,12015,11589,0.96454432,103,0.008572618,10,0.000832293,25,0.002080732,1,8.32E-05,15,0.001248439,114,0.00948814,158,0.013150229
17063,52624,44264,0.841137124,949,0.018033597,39,0.000741107,314,0.005966859,0,0,156,0.002964427,1151,0.02187215,5751,0.109284737
17065,8008,7615,0.950924076,8,0.000999001,13,0.001623377,34,0.004245754,24,0.002997003,14,0.001748252,142,0.017732268,158,0.01973027
17067,17582,16729,0.951484473,127,0.007223297,11,0.00062564,56,0.003185076,3,0.000170629,0,0,343,0.019508588,313,0.017802298
17069,3665,3547,0.967803547,40,0.010914052,0,0,0,0,0,0,7,0.001909959,33,0.009004093,38,0.010368349
17071,6374,6012,0.943206778,11,0.001725761,2,0.000313775,0,0,0,0,35,0.005491057,194,0.030436147,120,0.018826483
17073,49157,43510,0.885123177,1019,0.020729499,11,0.000223773,229,0.004658543,14,0.000284802,240,0.004882316,1067,0.021705963,3067,0.062391928
17075,27043,23933,0.884997966,258,0.009540362,20,0.000739563,74,0.002736383,0,0,57,0.002107754,659,0.024368598,2042,0.075509374
17077,53176,38813,0.729896946,7675,0.144332029,62,0.00116594,1935,0.036388596,27,0.000507748,348,0.006544306,1826,0.034338799,2490,0.046825636
17079,9295,8958,0.963743948,22,0.002366864,0,0,12,0.001291017,3,0.000322754,0,0,130,0.013986014,170,0.018289403
17081,37043,31235,0.843209243,2406,0.064951543,67,0.001808709,361,0.009745431,6,0.000161974,75,0.002024674,1812,0.048916125,1081,0.029182302
17083,21462,20451,0.952893486,151,0.007035691,0,0,127,0.005917435,38,0.001770571,20,0.00093188,356,0.016587457,319,0.01486348
17085,21942,20498,0.934190138,175,0.007975572,30,0.001367241,111,0.005058791,16,0.000729195,22,0.001002643,365,0.016634764,725,0.033041655
17087,13313,10849,0.81491775,1178,0.08848494,0,0,42,0.003154811,0,0,10,0.000751145,697,0.052354841,537,0.040336513
17089,517254,287176,0.555193387,25719,0.049722187,364,0.000703716,19899,0.038470461,235,0.000454322,2322,0.00448909,12930,0.02499739,168609,0.325969446
17091,107421,75035,0.698513326,15575,0.144990272,51,0.000474768,1042,0.009700152,0,0,218,0.002029398,3163,0.029444894,12337,0.11484719
17093,132795,86242,0.649437102,10362,0.078030046,53,0.000399111,3908,0.029428819,0,0,389,0.002929327,3934,0.029624609,27907,0.210150985
17095,49751,40484,0.813732387,3973,0.079857691,28,0.000562803,499,0.010029949,0,0,176,0.003537617,1506,0.030270748,3085,0.062008804
17097,713159,420382,0.589464621,46314,0.06494204,719,0.00100819,59847,0.083918173,256,0.000358966,3185,0.004466045,20000,0.028044237,162456,0.227797728
17099,109495,91651,0.837033655,2906,0.026540025,23,0.000210055,953,0.008703594,17,0.000155258,207,0.001890497,2273,0.020758939,11465,0.104707978
17101,15302,12969,0.84753627,1228,0.080250948,34,0.002221932,67,0.004378513,0,0,30,0.001960528,625,0.040844334,349,0.022807476
17103,34221,29180,0.852692791,1800,0.052599281,7,0.000204553,209,0.006107361,0,0,0,0,703,0.020542941,2322,0.067853073
17105,35771,31790,0.888708731,1271,0.035531576,0,0,189,0.00528361,0,0,13,0.000363423,681,0.019037768,1827,0.051074893
17107,28027,24296,0.866878367,1680,0.059942199,14,0.000499518,83,0.00296143,1,3.57E-05,14,0.000499518,964,0.034395404,975,0.034787883
17109,27370,23729,0.866971136,1428,0.052173913,2,7.31E-05,685,0.025027402,7,0.000255754,58,0.002119109,637,0.023273657,824,0.030105955
17111,311133,244957,0.787306393,4593,0.014762176,163,0.000523892,8777,0.028209801,0,0,657,0.002111637,7361,0.023658693,44625,0.143427409
17113,171284,134088,0.782840195,14412,0.084140959,158,0.000922445,8641,0.050448378,15,8.76E-05,358,0.002090096,4509,0.0263247,9103,0.053145653
17115,103542,77402,0.74754206,17530,0.169303278,23,0.000222132,1400,0.013521083,66,0.000637422,276,0.002665585,4231,0.040862645,2614,0.025245794
17117,44907,42666,0.950096867,484,0.01077783,48,0.001068876,206,0.004587258,6,0.000133609,47,0.001046607,868,0.019328835,582,0.012960118
17119,265512,221238,0.833250475,22557,0.084956612,182,0.000685468,2509,0.009449667,35,0.000131821,319,0.001201452,8943,0.033682093,9729,0.036642412
17121,37543,33856,0.901792611,1619,0.043123885,11,0.000292997,254,0.006765575,5,0.000133181,22,0.000585995,935,0.024904776,841,0.02240098
17123,11740,10905,0.928875639,61,0.005195911,1,8.52E-05,21,0.001788756,0,0,29,0.002470187,364,0.031005111,359,0.030579216
17125,13074,12534,0.95869665,65,0.0049717,8,0.000611901,40,0.003059507,0,0,0,0,249,0.019045434,178,0.013614808
17127,14135,12189,0.862327556,896,0.063388751,0,0,56,0.003961797,0,0,31,0.002193138,509,0.036009904,454,0.032118854
17129,12284,11684,0.951155975,116,0.009443178,0,0,47,0.003826115,0,0,16,0.001302507,257,0.020921524,164,0.0133507
17131,15692,14773,0.941435126,96,0.006117767,0,0,67,0.004269692,0,0,7,0.000446087,313,0.01994647,436,0.027784859
17133,34905,33386,0.956481879,217,0.006216874,25,0.00071623,214,0.006130927,0,0,144,0.004125483,338,0.009683426,581,0.01664518
17135,28352,26200,0.924097065,780,0.027511287,36,0.001269752,132,0.004655756,0,0,45,0.00158719,623,0.021973758,536,0.018905192
17137,32882,28895,0.878748251,1630,0.049571194,31,0.000942765,253,0.007694179,0,0,21,0.000638647,1165,0.035429718,887,0.026975245
17139,14531,13920,0.957951965,147,0.010116303,1,6.88E-05,21,0.001445186,0,0,6,0.00041291,188,0.012937857,248,0.01706696
17141,51672,43699,0.845699799,556,0.01076018,53,0.001025701,249,0.004818857,0,0,135,0.002612634,1335,0.025836043,5645,0.109246787
17143,181186,123195,0.67993664,31787,0.1754385,210,0.00115903,7969,0.043982427,16,8.83E-05,470,0.002594019,8000,0.044153522,9539,0.052647556
17145,20996,18066,0.860449609,1654,0.07877691,10,0.000476281,131,0.006239284,0,0,0,0,467,0.022242332,668,0.031815584
17147,16698,15960,0.95580309,154,0.009222661,1,5.99E-05,12,0.000718649,0,0,20,0.001197748,300,0.017966223,251,0.01503174
17149,14776,14114,0.955197618,102,0.006903086,6,0.000406064,44,0.002977802,88,0.005955604,13,0.000879805,186,0.012587981,223,0.015092041
17151,3799,3398,0.894445907,126,0.033166623,51,0.013424585,1,0.000263227,0,0,0,0,105,0.027638852,118,0.031060805
17153,5177,3249,0.627583543,1623,0.313502028,2,0.000386324,11,0.002124783,0,0,1,0.000193162,193,0.037280278,98,0.018929882
17155,5628,5116,0.909026297,16,0.002842928,1,0.000177683,41,0.007285004,0,0,27,0.004797441,74,0.013148543,353,0.062722104
17157,30413,26285,0.864268569,2403,0.079012264,19,0.000624733,213,0.007003584,17,0.000558971,35,0.001150824,476,0.015651202,965,0.031729852
17159,15716,14804,0.941969967,97,0.006172054,5,0.000318147,47,0.002990583,0,0,136,0.008653601,344,0.021888521,283,0.018007126
17161,143819,100211,0.696785543,14636,0.101766804,158,0.001098603,3751,0.026081394,65,0.000451957,318,0.002211113,5203,0.036177417,19477,0.135427169
17163,256791,154225,0.60058569,72267,0.281423414,716,0.00278826,3984,0.015514562,43,0.000167451,1281,0.004988493,12751,0.049655167,11524,0.044876962
17165,23662,21780,0.92046319,589,0.024892232,18,0.000760713,167,0.00705773,32,0.001352379,14,0.000591666,642,0.027132111,420,0.017749979
17167,196122,154515,0.787851439,24688,0.125880829,152,0.000775028,4243,0.021634493,20,0.000101977,540,0.002753388,7040,0.035896024,4924,0.025106821
17169,6879,6289,0.91423172,235,0.034161942,1,0.00014537,23,0.003343509,0,0,0,0,158,0.022968455,173,0.025149004
17171,4899,4686,0.956521739,0,0,6,0.00122474,38,0.007756685,0,0,0,0,102,0.020820576,67,0.01367626
17173,21042,20307,0.96506986,57,0.002708868,30,0.00142572,72,0.003421728,40,0.00190096,1,4.75E-05,274,0.013021576,261,0.012403764
17175,5395,5025,0.93141798,60,0.011121409,1,0.000185357,46,0.008526413,0,0,0,0,139,0.025764597,124,0.022984245
17177,44482,36010,0.809540938,3861,0.086799155,35,0.000786835,405,0.009104806,0,0,60,0.00134886,2075,0.046648082,2036,0.045771323
17179,131276,121908,0.928638898,1519,0.011571041,142,0.00108169,1357,0.010337,53,0.00040373,176,0.001340687,2736,0.020841586,3385,0.025785368
17181,17122,15511,0.905910524,250,0.014601098,28,0.001635323,59,0.003445859,4,0.000233618,0,0,363,0.021200794,907,0.052972784
17183,74113,57360,0.773953288,10750,0.145048777,54,0.000728617,727,0.009809345,9,0.000121436,54,0.000728617,1124,0.01516603,4035,0.05444389
17185,11321,10450,0.923063334,109,0.009628125,4,0.000353326,126,0.011129759,0,0,0,0,287,0.025351117,345,0.03047434
17187,16760,13720,0.818615752,637,0.03800716,30,0.001789976,245,0.014618138,23,0.001372315,86,0.005131265,286,0.017064439,1733,0.103400955
17189,13781,13152,0.954357449,75,0.005442276,11,0.0007982,21,0.001523837,0,0,0,0,310,0.022494739,212,0.015383499
17191,16127,15445,0.957710672,107,0.006634836,0,0,87,0.00539468,0,0,4,0.000248031,206,0.012773609,278,0.017238172
17193,13834,13280,0.959953737,107,0.007734567,8,0.000578285,68,0.004915426,3,0.000216857,0,0,163,0.011782565,205,0.014818563
17195,55569,45883,0.825694182,607,0.010923357,40,0.000719826,279,0.005020785,14,0.000251939,69,0.0012417,1606,0.028901006,7071,0.127247206
17197,696774,424563,0.609326697,78677,0.112916096,467,0.000670232,40631,0.058313025,56,8.04E-05,1779,0.002553195,20914,0.030015471,129687,0.186124913
17199,67120,59415,0.885205602,2204,0.03283671,192,0.002860548,997,0.014853993,0,0,96,0.001430274,2297,0.034222288,1919,0.028590584
17201,284591,188165,0.661176917,36916,0.129715978,98,0.000344354,8094,0.028440815,89,0.000312729,725,0.002547516,10452,0.03672639,40052,0.140735301
17203,38414,36357,0.946451814,245,0.006377883,11,0.000286354,195,0.005076274,0,0,86,0.002238767,780,0.020305097,740,0.01926381
18001,35827,33254,0.928182656,213,0.005945237,9,0.000251207,51,0.001423507,0,0,39,0.001088564,588,0.016412203,1673,0.046696625
18003,385456,276507,0.717350359,42662,0.110679299,274,0.000710846,18178,0.047159728,164,0.00042547,1365,0.00354126,15455,0.040095368,30851,0.08003767
18005,82371,65268,0.792366245,1322,0.016049338,52,0.00063129,6647,0.080695876,0,0,497,0.006033677,2072,0.025154484,6513,0.07906909
18007,8709,7906,0.907796532,104,0.01194167,0,0,5,0.000574119,16,0.00183718,12,0.001377885,150,0.017223562,516,0.059249053
18009,12074,11427,0.946413782,124,0.010270002,13,0.001076694,17,0.001407984,0,0,20,0.001656452,332,0.027497101,141,0.011677986
18011,71235,62878,0.882684074,1536,0.021562434,37,0.000519408,2208,0.030995999,0,0,122,0.001712641,1966,0.027598793,2488,0.034926651
18013,15513,14722,0.949010507,92,0.00593051,13,0.000838007,88,0.005672662,56,0.003609876,13,0.000838007,205,0.013214723,324,0.020885709
18015,20397,18891,0.926165613,143,0.007010835,7,0.000343188,23,0.001127617,0,0,15,0.000735402,359,0.017600628,959,0.047016718
18017,37820,29009,0.767028027,476,0.012585933,70,0.001850873,535,0.014145955,0,0,113,0.002987837,1246,0.032945531,6371,0.168455843
18019,121484,98943,0.814452932,8379,0.068972046,25,0.000205788,1261,0.010379968,14,0.000115242,429,0.003531329,5318,0.043775312,7115,0.058567383
18021,26396,24958,0.945522049,100,0.003788453,1,3.79E-05,55,0.002083649,18,0.000681922,40,0.001515381,760,0.028792241,464,0.017578421
18023,33020,26600,0.80557238,221,0.006692913,1,3.03E-05,145,0.004391278,0,0,20,0.000605694,422,0.012780133,5611,0.169927317
18025,10511,10016,0.952906479,82,0.007801351,0,0,9,0.000856246,0,0,16,0.001522215,309,0.029397774,79,0.007515936
18027,33337,29592,0.887662357,531,0.015928248,27,0.000809911,81,0.002429733,0,0,138,0.004139545,1071,0.032126466,1897,0.056903741
18029,50709,48452,0.955491136,261,0.005147015,8,0.000157763,277,0.005462541,42,0.000828255,150,0.002958055,776,0.015303003,743,0.014652231
18031,26432,24802,0.938332324,58,0.00219431,1,3.78E-05,157,0.00593977,0,0,122,0.004615617,689,0.026066889,603,0.022813257
18033,43312,40839,0.94290266,102,0.002355006,13,0.000300148,172,0.003971186,0,0,16,0.000369413,842,0.01944034,1328,0.030661249
18035,112156,96143,0.85722565,6951,0.061976176,53,0.000472556,1669,0.014881059,22,0.000196155,286,0.00255002,4029,0.035923178,3003,0.026775206
18037,43584,38633,0.886403267,392,0.008994126,18,0.000412996,220,0.005047724,0,0,97,0.002225587,441,0.010118392,3783,0.086797907
18039,206841,151411,0.73201638,9981,0.048254456,303,0.001464893,2177,0.010524993,123,0.00059466,512,0.002475331,6653,0.032164803,35681,0.172504484
18041,23391,21954,0.938566115,256,0.01094438,59,0.002522338,43,0.001838314,0,0,3,0.000128254,736,0.031465093,340,0.014535505
18043,80191,69459,0.86616952,4027,0.050217605,34,0.000423988,936,0.011672133,0,0,114,0.001421606,2622,0.032696936,2999,0.037398212
18045,16468,15524,0.942676706,48,0.002914744,20,0.001214477,88,0.005343697,0,0,55,0.003339811,269,0.01633471,464,0.028175856
18047,22850,21981,0.961969365,21,0.000919037,0,0,132,0.005776805,0,0,67,0.002932166,355,0.015536105,294,0.012866521
18049,20420,18398,0.900979432,241,0.011802155,15,0.000734574,18,0.000881489,0,0,242,0.011851126,385,0.018854065,1121,0.05489716
18051,33006,30005,0.909077137,587,0.017784645,6,0.000181785,159,0.004817306,190,0.005756529,276,0.008362116,1134,0.03435739,649,0.019663092
18053,66560,55894,0.839753606,4479,0.067292668,86,0.001292067,564,0.008473558,0,0,85,0.001277043,2307,0.034660457,3145,0.047250601
18055,30900,29555,0.956472492,185,0.005987055,1,3.24E-05,45,0.001456311,0,0,29,0.000938511,491,0.015889968,594,0.019223301
18057,349527,283765,0.811854306,14118,0.040391729,130,0.000371931,22566,0.064561536,139,0.00039768,1913,0.005473111,11236,0.032146301,15660,0.044803406
18059,80170,72422,0.90335537,2171,0.027079955,124,0.001546713,692,0.008631658,0,0,137,0.001708869,2298,0.028664089,2326,0.029013347
18061,39684,37642,0.948543494,295,0.007433726,4,0.000100796,257,0.006476162,0,0,38,0.000957565,601,0.015144643,847,0.021343615
18063,175639,142034,0.808670056,14086,0.080198589,175,0.000996362,5672,0.032293511,18,0.000102483,751,0.004275816,4940,0.028125872,7963,0.045337311
18065,48913,45358,0.927319935,1153,0.023572465,35,0.000715556,234,0.004784004,0,0,97,0.001983113,1021,0.020873796,1015,0.02075113
18067,83452,69759,0.835917653,6443,0.077206059,88,0.001054498,1043,0.012498203,6,7.19E-05,168,0.002013133,2790,0.033432392,3155,0.037806164
18069,36699,34382,0.936864765,344,0.009373552,60,0.001634922,258,0.007030164,58,0.001580425,47,0.001280689,538,0.0146598,1012,0.027575683
18071,46212,39744,0.860036354,502,0.010862979,5,0.000108197,842,0.018220376,30,0.000649182,218,0.004717389,1080,0.023370553,3791,0.082034969
18073,33045,29203,0.883734302,319,0.009653503,10,0.000302618,51,0.00154335,0,0,0,0,1313,0.039733696,2149,0.065032531
18075,20451,19266,0.942056623,59,0.002884945,7,0.000342282,87,0.004254071,0,0,1,4.89E-05,329,0.016087233,702,0.03432595
18077,33057,30442,0.920894213,686,0.020752034,43,0.001300783,248,0.007502193,0,0,56,0.001694044,570,0.017242944,1012,0.030613788
18079,27610,25989,0.941289388,218,0.00789569,38,0.001376313,65,0.002354219,0,0,47,0.001702282,445,0.016117349,808,0.029264759
18081,161952,139567,0.861780034,4099,0.025309968,64,0.000395179,6818,0.042098893,61,0.000376655,545,0.003365195,4568,0.028205888,6230,0.038468188
18083,36148,32766,0.90644019,833,0.023044152,19,0.000525617,338,0.009350448,41,0.001134226,16,0.000442625,1211,0.033501162,924,0.02556158
18085,80442,69605,0.865281818,597,0.007421496,68,0.00084533,1224,0.015215932,0,0,506,0.006290246,1655,0.02057383,6787,0.084371348
18087,40364,37817,0.936899217,69,0.001709444,7,0.000173422,39,0.000966208,0,0,19,0.000470716,659,0.016326429,1754,0.043454563
18089,497682,261728,0.525894045,114698,0.230464433,608,0.001221664,7336,0.014740336,106,0.000212987,1642,0.003299296,11149,0.022401855,100415,0.201765384
18091,112215,86922,0.774602326,11782,0.104994876,180,0.001604064,668,0.005952858,5,4.46E-05,506,0.004509201,4079,0.036349864,8073,0.071942254
18093,45113,42577,0.943785605,143,0.003169818,75,0.001662492,316,0.007004633,4,8.87E-05,291,0.006450469,896,0.019861237,811,0.01797708
18095,130545,108813,0.833528668,10336,0.079175763,89,0.000681757,765,0.005860048,2,1.53E-05,510,0.003906699,3977,0.030464591,6053,0.046367153
18097,971737,510594,0.525444642,270848,0.278725622,659,0.000678167,37696,0.038792389,172,0.000177003,5054,0.005200996,38741,0.039867783,107973,0.111113398
18099,46208,39925,0.864027874,350,0.007574446,7,0.000151489,306,0.00662223,22,0.000476108,69,0.001493248,583,0.012616863,4946,0.107037742
18101,9863,9329,0.945858258,20,0.002027781,11,0.001115279,2,0.000202778,0,0,49,0.004968062,323,0.032748657,129,0.013079185
18103,35952,31353,0.872079439,1496,0.041611037,74,0.0020583,183,0.00509012,6,0.000166889,51,0.001418558,1467,0.040804406,1322,0.036771251
18105,140065,115885,0.827365866,5012,0.035783386,67,0.000478349,9218,0.065812301,1,7.14E-06,142,0.001013815,4454,0.031799522,5286,0.037739621
18107,38018,34302,0.902256826,281,0.007391236,3,7.89E-05,162,0.004261139,19,0.000499763,324,0.008522279,965,0.025382713,1962,0.051607133
18109,71757,67914,0.946444249,337,0.004696406,10,0.000139359,430,0.005992447,0,0,236,0.003288878,1510,0.021043243,1320,0.018395418
18111,13829,12243,0.885313472,157,0.011352954,10,0.000723118,33,0.00238629,0,0,21,0.001518548,348,0.025164509,1017,0.073541109
18113,47431,40759,0.859332504,173,0.003647404,49,0.00103308,328,0.006915309,67,0.001412578,123,0.002593241,856,0.018047269,5076,0.107018617
18115,5974,5662,0.947773686,18,0.003013057,26,0.004352193,26,0.004352193,0,0,3,0.000502176,239,0.040006696,0,0
18117,19768,18440,0.93282072,315,0.015934844,6,0.000303521,86,0.004350465,0,0,9,0.000455281,558,0.028227438,354,0.01790773
18119,21361,20419,0.955900941,105,0.0049155,9,0.000421329,110,0.005149572,0,0,19,0.000889471,412,0.019287487,287,0.013435701
18121,16327,15419,0.944386599,307,0.018803209,7,0.000428738,0,0,0,0,14,0.000857475,423,0.025908005,157,0.009615974
18123,19186,17861,0.930939227,606,0.031585531,15,0.00078182,135,0.007036381,0,0,1,5.21E-05,275,0.014333368,293,0.015271552
18125,12227,11703,0.957144026,70,0.005725035,11,0.000899648,30,0.002453586,0,0,0,0,134,0.010959352,279,0.022818353
18127,173355,140325,0.809466124,6920,0.039918087,130,0.000749906,2371,0.013677137,19,0.000109602,280,0.001615183,4653,0.026840876,18657,0.107623086
18129,25226,23964,0.949972251,256,0.01014826,8,0.000317133,100,0.003964164,0,0,173,0.006858004,396,0.015698089,329,0.013042099
18131,12498,11579,0.926468235,24,0.001920307,0,0,32,0.00256041,35,0.002800448,3,0.000240038,403,0.032245159,422,0.033765402
18133,36942,33745,0.913458936,984,0.026636349,42,0.001136917,972,0.026311515,0,0,54,0.001461751,381,0.010313464,764,0.020681068
18135,24586,22606,0.919466363,52,0.002115025,11,0.000447409,110,0.004474091,17,0.00069145,211,0.00858212,589,0.023956723,990,0.040266819
18137,28990,27501,0.948637461,97,0.003345981,0,0,199,0.006864436,0,0,82,0.002828562,578,0.01993791,533,0.01838565
18139,16716,15874,0.949629098,96,0.005743001,0,0,11,0.000658052,0,0,48,0.0028715,384,0.022972003,303,0.018126346
18141,272388,192343,0.7061361,34285,0.125868247,272,0.000998576,6882,0.02526543,176,0.000646137,1389,0.005099344,11092,0.040721324,25949,0.095264843
18143,24403,22929,0.93959759,37,0.001516207,70,0.0028685,14,0.0005737,0,0,144,0.005900914,595,0.024382248,614,0.025160841
18145,44940,41010,0.912550067,624,0.01388518,0,0,403,0.008967512,0,0,51,0.001134846,667,0.014842012,2185,0.048620383
18147,19935,18727,0.93940306,130,0.006521194,0,0,80,0.004013042,0,0,55,0.002758967,307,0.01540005,636,0.031903687
18149,23308,21450,0.920284881,40,0.001716149,17,0.000729363,66,0.002831646,0,0,32,0.001372919,666,0.02857388,1037,0.044491162
18151,34507,31947,0.925812154,108,0.0031298,19,0.000550613,168,0.004868577,0,0,138,0.003999189,747,0.021647782,1380,0.039991886
18153,20791,18895,0.908806695,750,0.036073301,0,0,23,0.001106248,0,0,106,0.00509836,643,0.030926843,374,0.017988553
18155,9896,9340,0.943815683,30,0.003031528,15,0.001515764,2,0.000202102,0,0,0,0,302,0.030517381,207,0.020917542
18157,186955,138148,0.738937177,10995,0.058810944,181,0.000968147,14549,0.077820866,14,7.49E-05,940,0.005027948,5458,0.029194191,16670,0.089165842
18159,15328,14454,0.942980167,79,0.005153967,17,0.001109081,73,0.004762526,0,0,4,0.00026096,232,0.015135699,469,0.030597599
18161,7041,6650,0.944468115,29,0.004118733,0,0,48,0.006817213,0,0,0,0,154,0.021871893,160,0.022724045
18163,179900,147455,0.819649805,17518,0.09737632,32,0.000177877,2433,0.01352418,439,0.002440245,516,0.00286826,6081,0.033802112,5426,0.030161201
18165,15488,14826,0.957257231,67,0.00432593,16,0.001033058,27,0.001743285,13,0.00083936,0,0,298,0.019240702,241,0.015560434
18167,106355,90210,0.848197076,7310,0.068732077,121,0.001137699,2157,0.020281134,114,0.001071882,301,0.002830144,3143,0.029551972,2999,0.028198016
18169,31032,28996,0.934390307,323,0.01040861,68,0.002191286,114,0.003673627,18,0.000580046,63,0.002030162,586,0.018883733,864,0.027842227
18171,8454,8025,0.949254791,8,0.000946298,2,0.000236574,34,0.004021765,1,0.000118287,15,0.001774308,179,0.021173409,190,0.022474568
18173,64065,58146,0.907609459,1322,0.020635292,15,0.000234137,1563,0.024397097,5,7.80E-05,252,0.003933505,1411,0.022024506,1351,0.021087958
18175,28133,26960,0.958305193,54,0.001919454,2,7.11E-05,30,0.001066363,0,0,37,0.001315181,653,0.023211175,397,0.014111542
18177,66522,57927,0.870794624,2618,0.039355401,15,0.000225489,712,0.010703226,3,4.51E-05,237,0.003562731,2798,0.042061273,2212,0.033252157
18179,28167,26227,0.931125075,317,0.011254305,7,0.000248518,54,0.001917137,0,0,26,0.000923066,596,0.021159513,940,0.033372386
18181,24630,21727,0.882135607,120,0.004872107,27,0.001096224,71,0.002882663,0,0,5,0.000203004,448,0.0181892,2232,0.090621194
18183,34259,31966,0.933068683,106,0.003094077,59,0.001722175,75,0.002189206,0,0,112,0.003269214,1125,0.032838086,816,0.023818559
19001,7479,7046,0.942104559,48,0.00641797,0,0,9,0.001203369,12,0.001604493,49,0.006551678,119,0.015911218,196,0.026206712
19003,3680,3470,0.942934783,11,0.00298913,16,0.004347826,0,0,0,0,1,0.000271739,110,0.029891304,72,0.019565217
19005,14046,12509,0.890573829,241,0.01715791,36,0.002563007,84,0.00598035,0,0,0,0,129,0.009184109,1047,0.074540795
19007,12279,11514,0.93769851,50,0.004071993,16,0.001303038,34,0.002768955,0,0,0,0,374,0.030458506,291,0.023698998
19009,5651,5359,0.94832773,17,0.003008317,4,0.000707839,2,0.00035392,0,0,22,0.003893116,123,0.021766059,124,0.021943019
19011,25652,24397,0.951075939,94,0.003664432,19,0.000740683,61,0.002377982,0,0,61,0.002377982,578,0.022532356,442,0.017230625
19013,131041,104065,0.794140765,12602,0.096168375,138,0.001053106,3402,0.02596134,588,0.004487145,165,0.001259148,3864,0.029486954,6217,0.047443167
19015,26700,25010,0.93670412,347,0.012996255,16,0.000599251,40,0.001498127,0,0,0,0,540,0.020224719,747,0.027977528
19017,25012,23376,0.934591396,290,0.011594435,29,0.001159443,220,0.008795778,5,0.000199904,141,0.005637294,487,0.019470654,464,0.018551095
19019,20631,19666,0.953225728,160,0.00775532,19,0.000920944,14,0.00067859,19,0.000920944,0,0,371,0.017982647,382,0.018515826
19021,20687,11478,0.554841205,606,0.029293759,15,0.000725093,2119,0.102431479,430,0.020786001,78,0.003770484,388,0.01875574,5573,0.269396239
19023,14376,13706,0.953394546,72,0.005008347,12,0.000834725,152,0.010573178,0,0,68,0.004730106,131,0.00911241,235,0.016346689
19025,9893,9174,0.927322349,114,0.011523299,11,0.001111897,33,0.003335692,0,0,25,0.002527039,320,0.032346103,216,0.02183362
19027,20728,19321,0.932120803,210,0.010131223,9,0.000434195,89,0.004293709,0,0,60,0.002894635,415,0.020021227,624,0.030104207
19029,13116,12349,0.941521805,98,0.00747179,30,0.002287283,49,0.003735895,0,0,17,0.001296127,171,0.013037511,402,0.030649588
19031,18479,17472,0.945505709,87,0.004708047,20,0.00108231,112,0.006060934,0,0,11,0.00059527,332,0.01796634,445,0.02408139
19033,42979,38351,0.892319505,632,0.014704856,78,0.00181484,538,0.012517741,122,0.002838596,15,0.000349008,934,0.021731543,2309,0.053723912
19035,11601,10507,0.905697785,162,0.013964313,0,0,1,8.62E-05,0,0,12,0.001034394,391,0.033703991,528,0.045513318
19037,11957,11347,0.948983859,93,0.007777871,33,0.00275989,4,0.000334532,2,0.000167266,17,0.001421761,98,0.008196036,363,0.030358786
19039,9737,7622,0.782787306,4,0.000410804,18,0.001848619,52,0.005340454,0,0,22,0.002259423,411,0.042210126,1608,0.165143268
19041,16423,15145,0.922182305,94,0.00572368,28,0.001704926,56,0.003409852,0,0,67,0.004079644,348,0.021189795,685,0.041709797
19043,17123,16326,0.953454418,64,0.003737663,11,0.000642411,61,0.00356246,0,0,2,0.000116802,283,0.016527478,376,0.021958769
19045,46488,41804,0.899242815,1384,0.029771124,48,0.001032525,438,0.009421786,2,4.30E-05,43,0.00092497,1178,0.025339873,1591,0.034223886
19047,16450,10392,0.631732523,387,0.023525836,2,0.000121581,369,0.022431611,0,0,15,0.000911854,414,0.025167173,4871,0.296109422
19049,100367,82926,0.826227744,2302,0.022935826,71,0.000707404,4582,0.045652455,5,4.98E-05,328,0.003268006,3742,0.037283171,6411,0.063875577
19051,9093,8680,0.954580446,0,0,0,0,42,0.004618938,0,0,85,0.00934785,131,0.014406686,155,0.017046079
19053,7684,7015,0.912935971,96,0.012493493,20,0.002602811,47,0.006116606,1,0.000130141,15,0.001952108,234,0.030452889,256,0.033315981
19055,17523,16724,0.954402785,1,5.71E-05,15,0.000856018,36,0.002054443,0,0,60,0.003424071,405,0.023112481,282,0.016093135
19057,38824,33045,0.851148774,2026,0.052184216,9,0.000231815,446,0.01148774,1,2.58E-05,39,0.001004533,1794,0.046208531,1464,0.037708634
19059,17692,16569,0.936524983,21,0.001186977,8,0.000452182,182,0.010287135,0,0,0,0,458,0.025887407,454,0.025661316
19061,98812,88476,0.89539732,2934,0.02969275,108,0.001092985,1211,0.012255596,684,0.006922236,106,0.001072744,2570,0.026008987,2723,0.027557382
19063,9349,7770,0.831104931,327,0.034977003,23,0.002460156,23,0.002460156,8,0.000855706,23,0.002460156,253,0.027061718,922,0.098620173
19065,19519,17866,0.915313284,164,0.00840207,103,0.00527691,95,0.004867053,1,5.12E-05,13,0.000666018,705,0.036118654,572,0.02930478
19067,15601,13954,0.894429844,147,0.009422473,14,0.000897378,243,0.015575925,10,0.000640985,0,0,590,0.037818089,643,0.041215307
19069,10015,8366,0.83534698,53,0.005292062,2,0.0001997,3,0.000299551,0,0,20,0.001997004,208,0.020768847,1363,0.136095856
19071,6639,6175,0.930109956,34,0.005121253,9,0.001355626,0,0,0,0,0,0,215,0.032384395,206,0.031028769
19073,8801,8178,0.929212589,19,0.002158846,21,0.002386092,65,0.007385524,0,0,7,0.000795364,228,0.025906147,283,0.032155437
19075,12351,11782,0.953930856,104,0.008420371,14,0.001133511,56,0.004534046,0,0,53,0.004291151,124,0.010039673,218,0.017650393
19077,10619,9963,0.938223938,50,0.004708541,14,0.001318392,30,0.002825125,5,0.000470854,0,0,249,0.023448536,308,0.029004614
19079,14979,13101,0.874624474,207,0.013819347,5,0.000333801,263,0.017557914,125,0.008345016,60,0.004005608,221,0.014753989,997,0.06655985
19081,10790,9873,0.915013902,89,0.008248378,0,0,46,0.004263207,0,0,47,0.004355885,174,0.016126043,561,0.051992586
19083,16861,15382,0.912282783,92,0.005456379,140,0.008303185,141,0.008362493,5,0.000296542,44,0.002609572,287,0.017021529,770,0.045667517
19085,14623,13908,0.951104425,23,0.001572865,1,6.84E-05,45,0.003077344,4,0.000273542,2,0.000136771,340,0.023251043,300,0.020515626
19087,20436,17719,0.867048346,518,0.025347426,30,0.001467998,459,0.022460364,4,0.000195733,48,0.002348796,565,0.027647289,1093,0.053484048
19089,9479,9019,0.951471674,16,0.001687942,12,0.001265956,30,0.003164891,7,0.000738475,0,0,224,0.023631185,171,0.018039878
19091,9606,8798,0.915885905,36,0.003747658,6,0.00062461,67,0.006974807,70,0.007287112,23,0.002394337,121,0.012596294,485,0.050489278
19093,6969,6485,0.930549577,54,0.007748601,4,0.00057397,28,0.004017793,0,0,0,0,148,0.021236906,250,0.035873153
19095,16575,15437,0.931342383,66,0.0039819,0,0,31,0.001870287,0,0,7,0.000422323,418,0.025218703,616,0.037164404
19097,19470,18441,0.947149461,125,0.006420134,30,0.001540832,89,0.004571135,142,0.007293272,39,0.002003082,273,0.014021572,331,0.017000514
19099,37808,34870,0.922291579,690,0.018250106,76,0.002010157,212,0.005607279,0,0,30,0.000793483,876,0.0231697,1054,0.027877698
19101,15785,13130,0.831802344,761,0.048210326,6,0.000380108,931,0.058980044,0,0,33,0.002090592,356,0.022553057,568,0.035983529
19103,153360,117253,0.764560511,11254,0.07338289,151,0.000984611,9382,0.061176317,80,0.000521648,457,0.002979917,5701,0.03717397,9082,0.059220136
19105,20733,19109,0.921670766,472,0.022765639,26,0.001254039,132,0.006366662,0,0,3,0.000144697,519,0.025032557,472,0.022765639
19107,10026,9590,0.956513066,60,0.00598444,5,0.000498703,12,0.001196888,0,0,0,0,141,0.014063435,218,0.021743467
19109,14718,13639,0.926688409,120,0.008153282,18,0.001222992,84,0.005707297,4,0.000271776,16,0.001087104,276,0.018752548,561,0.038116592
19111,33442,30203,0.903145745,956,0.028586807,52,0.001554931,143,0.00427606,0,0,21,0.000627953,816,0.024400455,1251,0.03740805
19113,229308,191900,0.8368657,13105,0.057150208,240,0.001046627,5311,0.023160989,385,0.001678965,1157,0.005045616,8981,0.039165664,8229,0.035886232
19115,10823,8379,0.774184607,59,0.005451354,19,0.001755521,220,0.020327081,0,0,5,0.000461979,376,0.03474083,1765,0.163078629
19117,8666,8227,0.949342257,29,0.003346411,2,0.000230787,36,0.004154166,0,0,0,0,153,0.017655204,219,0.025271175
19119,12023,11376,0.946186476,24,0.001996174,13,0.001081261,40,0.003326957,35,0.002911087,17,0.001413957,153,0.012725609,365,0.03035848
19121,16609,15655,0.942561262,126,0.007586248,12,0.0007225,64,0.003853333,0,0,10,0.000602083,341,0.020531037,401,0.024143537
19123,22059,20402,0.924883268,368,0.016682533,8,0.000362664,224,0.010154585,1,4.53E-05,12,0.000543996,511,0.023165148,533,0.024162473
19125,33487,31424,0.938394004,187,0.005584257,29,0.000866008,335,0.010003882,10,0.000298623,25,0.000746558,742,0.022157852,735,0.021948816
19127,40049,26957,0.673100452,684,0.017079078,80,0.001997553,1683,0.042023521,0,0,140,0.003495718,791,0.019750805,9714,0.242552873
19129,14605,13647,0.934406025,38,0.002601849,9,0.000616227,103,0.007052379,0,0,11,0.000753167,252,0.017254365,545,0.037315988
19131,10537,10122,0.960614976,58,0.005504413,6,0.000569422,89,0.008446427,0,0,0,0,76,0.007212679,186,0.017652083
19133,8671,8155,0.940491293,26,0.002998501,59,0.00680429,0,0,20,0.002306539,0,0,218,0.025141276,193,0.022258102
19135,7574,7167,0.946263533,11,0.001452337,8,0.001056245,59,0.007789807,0,0,11,0.001452337,294,0.038817006,24,0.003168735
19137,10285,9474,0.921147302,46,0.004472533,200,0.019445795,31,0.003014098,25,0.002430724,95,0.009236753,307,0.029849295,107,0.0104035
19139,42968,32284,0.751349842,1163,0.027066654,48,0.00111711,282,0.006563024,0,0,97,0.002257494,1088,0.025321169,8006,0.186324707
19141,14138,12786,0.904371198,197,0.013934078,16,0.001131702,98,0.006931674,0,0,7,0.00049512,221,0.015631631,813,0.057504598
19143,6149,5312,0.863880306,58,0.009432428,16,0.002602049,85,0.013823386,0,0,10,0.001626281,124,0.020165881,544,0.08846967
19145,15225,13800,0.906403941,234,0.015369458,35,0.002298851,131,0.008604269,2,0.000131363,0,0,462,0.030344828,561,0.036847291
19147,8938,8122,0.908704408,183,0.020474379,0,0,50,0.005594093,0,0,0,0,257,0.028753636,326,0.036473484
19149,25621,22956,0.895983763,451,0.017602748,68,0.002654073,133,0.005191054,97,0.003785957,5,0.000195152,421,0.016431833,1490,0.058155419
19151,7061,6457,0.914459708,11,0.001557853,6,0.000849738,43,0.006089789,62,0.008780626,0,0,161,0.022801303,321,0.045460983
19153,493378,372677,0.755357961,35214,0.071373268,502,0.001017475,23994,0.048632083,44,8.92E-05,955,0.001935636,16050,0.032530838,43942,0.089063558
19155,93543,80350,0.858963258,1352,0.014453246,158,0.001689063,829,0.008862234,75,0.00080177,116,0.001240071,2730,0.029184439,7933,0.084805918
19157,18608,16989,0.912994411,196,0.010533104,41,0.002203353,414,0.022248495,0,0,0,0,329,0.017680567,639,0.034340069
19159,4690,4424,0.943283582,6,0.001279318,0,0,4,0.000852878,0,0,0,0,120,0.025586354,136,0.028997868
19161,9778,9160,0.936796891,29,0.002965842,0,0,60,0.006136224,42,0.004295357,28,0.002863571,80,0.008181632,379,0.038760483
19163,174315,136030,0.780368872,12045,0.069099045,263,0.001508763,4916,0.028201819,42,0.000240943,535,0.003069156,7816,0.044838367,12668,0.072673034
19165,11737,10892,0.928005453,108,0.00920167,10,0.000852006,0,0,0,0,46,0.00391923,299,0.025474994,382,0.032546647
19167,35815,30815,0.86039369,180,0.005025827,30,0.000837638,158,0.004411559,6,0.000167528,82,0.002289543,456,0.012732095,4088,0.114142119
19169,98573,81336,0.825134672,2326,0.023596725,138,0.001399978,7154,0.072575655,22,0.000223185,182,0.001846347,3664,0.037170422,3751,0.038053017
19171,17017,13382,0.786390081,162,0.009519892,1083,0.06364224,104,0.006111536,5,0.000293824,22,0.001292825,294,0.017276841,1965,0.115472763
19173,5916,5212,0.881000676,7,0.001183232,0,0,0,0,0,0,47,0.007944557,121,0.020453009,529,0.089418526
19175,12107,11292,0.932683571,47,0.003882052,1,8.26E-05,76,0.00627736,0,0,9,0.000743372,300,0.024779053,382,0.031551995
19177,7207,6907,0.958373803,30,0.00416262,2,0.000277508,46,0.006382684,0,0,15,0.00208131,89,0.012349105,118,0.016372971
19179,35292,28037,0.794429332,1054,0.029865125,4,0.00011334,494,0.013997507,519,0.014705882,12,0.00034002,1103,0.031253542,4069,0.115295251
19181,52709,48930,0.928304464,357,0.006773037,25,0.000474302,389,0.007380144,41,0.000777856,53,0.001005521,1205,0.022861371,1709,0.032423305
19183,22534,20185,0.895757522,91,0.004038342,0,0,91,0.004038342,10,0.000443774,42,0.00186385,533,0.023653146,1582,0.070205024
19185,6484,6109,0.94216533,19,0.00293029,0,0,4,0.000616903,0,0,0,0,235,0.03624306,117,0.018044417
19187,36986,31464,0.850700265,1256,0.033958795,95,0.002568539,430,0.011626021,0,0,107,0.002892987,1461,0.039501433,2173,0.05875196
19189,10704,9627,0.899383408,59,0.005511958,15,0.001401345,329,0.030736173,0,0,18,0.001681614,82,0.007660688,574,0.053624813
19191,20050,18947,0.944987531,163,0.008129676,54,0.002693267,132,0.006583541,1,4.99E-05,11,0.000548628,256,0.01276808,486,0.024239401
19193,105526,73089,0.692616038,4399,0.041686409,1560,0.014783087,2455,0.023264409,575,0.005448894,208,0.001971078,4153,0.03935523,19087,0.180874855
19195,7417,6967,0.93932857,77,0.010381556,2,0.000269651,22,0.002966159,0,0,0,0,108,0.014561143,241,0.032492922
19197,12897,10655,0.826161123,21,0.001628286,14,0.001085524,28,0.002171048,0,0,123,0.009537102,294,0.022795999,1762,0.13662092
20001,12554,11179,0.890473156,219,0.017444639,93,0.007407997,99,0.007885933,109,0.008682492,0,0,336,0.026764378,519,0.041341405
20003,7799,7201,0.923323503,77,0.009873061,67,0.008590845,4,0.000512886,0,0,0,0,246,0.031542505,204,0.0261572
20005,16309,14158,0.868109633,599,0.036728187,20,0.001226317,77,0.00472132,0,0,105,0.006438163,819,0.050217671,531,0.03255871
20007,4081,3540,0.867434452,9,0.002205342,98,0.024013722,32,0.007841215,0,0,7,0.001715266,83,0.020338152,312,0.07645185
20009,25477,20401,0.800761471,244,0.009577266,43,0.001687797,92,0.0036111,0,0,13,0.000510264,630,0.024728186,4054,0.159123916
20011,14405,12785,0.887539049,407,0.028254078,7,0.000485942,63,0.004373481,0,0,50,0.003471017,641,0.044498438,452,0.031377994
20013,9486,7656,0.807084124,88,0.009276829,641,0.067573266,29,0.003057137,0,0,81,0.008538899,454,0.047860004,537,0.056609741
20015,67618,58516,0.865390872,1584,0.023425715,483,0.007143068,917,0.013561478,81,0.001197906,47,0.000695081,2249,0.033260374,3741,0.055325505
20017,2570,2265,0.881322957,13,0.005058366,14,0.005447471,0,0,0,0,0,0,107,0.041634241,171,0.066536965
20019,3389,2830,0.835054588,31,0.009147241,133,0.039244615,14,0.004131012,0,0,14,0.004131012,215,0.063440543,152,0.044850988
20021,19380,16677,0.860526316,168,0.008668731,458,0.023632611,53,0.002734778,32,0.001651187,57,0.002941176,1308,0.06749226,627,0.032352941
20023,2619,2345,0.895379916,1,0.000381825,25,0.009545628,0,0,9,0.003436426,0,0,43,0.01641848,196,0.074837724
20025,1977,1667,0.843196763,0,0,48,0.024279211,18,0.009104704,0,0,0,0,102,0.051593323,142,0.071825999
20027,8088,7458,0.922106825,150,0.018545994,54,0.006676558,32,0.003956479,0,0,0,0,137,0.016938675,257,0.03177547
20029,9008,8150,0.904751332,62,0.006882771,41,0.00455151,0,0,169,0.018761101,6,0.000666075,233,0.025865897,347,0.038521314
20031,8334,7688,0.922486201,40,0.004799616,10,0.001199904,46,0.005519558,0,0,17,0.002039837,243,0.029157667,290,0.034797216
20033,1825,1747,0.957260274,0,0,0,0,0,0,0,0,0,0,30,0.016438356,48,0.02630137
20035,34661,26964,0.777934855,714,0.020599521,408,0.011771155,619,0.017858688,0,0,52,0.001500245,1884,0.054355039,4020,0.115980497
20037,39012,33321,0.854121809,698,0.017891931,152,0.003896237,676,0.017328002,58,0.001486722,86,0.00220445,1519,0.038936737,2502,0.064134113
20039,2771,2554,0.921688921,29,0.010465536,26,0.009382894,4,0.001443522,0,0,15,0.005413208,42,0.015156983,101,0.036448935
20041,18492,16483,0.891358425,221,0.011951114,49,0.002649795,129,0.00697599,0,0,77,0.004163963,554,0.029958901,979,0.052941813
20043,7501,6687,0.891481136,354,0.047193708,10,0.001333156,8,0.001066524,0,0,2,0.000266631,216,0.028796161,224,0.029862685
20045,119094,91777,0.770626564,4673,0.039237913,1474,0.012376778,5797,0.048675836,4,3.36E-05,624,0.005239559,6795,0.057055771,7950,0.066753993
20047,2849,2118,0.743418743,10,0.003510004,28,0.00982801,13,0.004563005,0,0,0,0,70,0.024570025,610,0.214110214
20049,2453,2166,0.883000408,2,0.000815328,19,0.007745618,11,0.004484305,0,0,20,0.008153282,119,0.048512026,116,0.047289034
20051,28921,25541,0.883129906,245,0.008471353,30,0.001037309,452,0.015628782,56,0.001936309,36,0.00124477,700,0.024203866,1861,0.064347706
20053,6374,5396,0.846564167,203,0.031848133,72,0.01129589,22,0.003451522,0,0,0,0,289,0.045340446,392,0.061499843
20055,38187,15014,0.393170451,1599,0.041872889,37,0.000968916,1583,0.041453898,0,0,9,0.000235682,428,0.011208003,19517,0.511090162
20057,34212,13022,0.380626681,623,0.018209985,26,0.000759967,378,0.011048755,32,0.000935344,95,0.002776803,714,0.02086987,19322,0.564772594
20059,25968,23253,0.895448244,150,0.00577634,71,0.002734134,132,0.005083179,0,0,28,0.00107825,1135,0.04370764,1199,0.046172212
20061,36247,20032,0.552652633,5729,0.15805446,174,0.004800397,1097,0.030264574,327,0.009021436,131,0.003614092,2671,0.073688857,6086,0.167903551
20063,2758,2600,0.94271211,8,0.002900653,0,0,30,0.010877447,0,0,9,0.003263234,47,0.017041334,64,0.023205221
20065,2430,2124,0.874074074,103,0.042386831,0,0,32,0.013168724,0,0,0,0,71,0.029218107,100,0.041152263
20067,7336,3513,0.47887132,9,0.001226827,115,0.015676118,30,0.004089422,0,0,0,0,38,0.005179935,3631,0.494956379
20069,5719,4550,0.795593635,0,0,3,0.000524567,12,0.002098269,0,0,4,0.000699423,170,0.029725476,980,0.171358629
20071,1279,988,0.772478499,2,0.001563722,15,0.011727912,0,0,0,0,0,0,11,0.008600469,263,0.205629398
20073,6001,5454,0.908848525,30,0.004999167,48,0.007998667,20,0.003332778,0,0,4,0.000666556,187,0.031161473,258,0.042992835
20075,2520,1635,0.648809524,0,0,0,0,0,0,0,0,0,0,28,0.011111111,857,0.340079365
20077,5457,4784,0.876672164,8,0.001466007,30,0.005497526,11,0.00201576,6,0.001099505,14,0.002565512,216,0.039582188,388,0.071101338
20079,33959,27502,0.809858948,525,0.015459819,27,0.000795076,266,0.007832975,18,0.000530051,86,0.002532466,1261,0.037133013,4274,0.125857652
20081,3735,2438,0.652744311,13,0.003480589,34,0.009103079,0,0,0,0,0,0,63,0.01686747,1187,0.317804552
20083,1770,1607,0.907909605,2,0.001129944,1,0.000564972,0,0,0,0,0,0,42,0.023728814,118,0.066666667
20085,13274,11003,0.828913666,139,0.010471599,825,0.062151575,28,0.002109387,0,0,32,0.002410728,531,0.040003013,716,0.053940033
20087,18387,16972,0.923043455,122,0.006635123,93,0.005057921,44,0.002392995,0,0,14,0.000761408,547,0.029749279,595,0.032359819
20089,2929,2716,0.927278935,33,0.011266644,7,0.002389894,8,0.002731308,0,0,2,0.000682827,113,0.03857972,50,0.017070673
20091,610742,477384,0.781645932,28675,0.046951086,659,0.001079015,32571,0.053330211,106,0.000173559,1665,0.002726192,19953,0.032670096,49729,0.081423907
20093,3964,2461,0.620837538,28,0.007063572,3,0.000756811,23,0.00580222,0,0,34,0.008577195,122,0.030776993,1293,0.326185671
20095,7369,6708,0.910299905,19,0.002578369,3,0.000407111,1,0.000135704,0,0,124,0.016827249,221,0.029990501,293,0.039761162
20097,2445,2159,0.883026585,18,0.007361963,14,0.005725971,62,0.025357873,0,0,5,0.00204499,50,0.020449898,137,0.05603272
20099,20096,16946,0.843252389,814,0.040505573,159,0.007912022,12,0.000597134,0,0,56,0.002786624,1092,0.054339172,1017,0.050607086
20101,1528,1276,0.835078534,7,0.004581152,5,0.003272251,40,0.02617801,0,0,0,0,13,0.008507853,187,0.122382199
20103,82050,63960,0.77952468,5733,0.069872029,346,0.004216941,1056,0.012870201,36,0.000438757,611,0.007446679,4228,0.051529555,6080,0.074101158
20105,2929,2723,0.929668829,5,0.001707067,2,0.000682827,0,0,0,0,0,0,86,0.029361557,113,0.03857972
20107,9696,8879,0.915738449,53,0.005466172,19,0.001959571,57,0.005878713,21,0.002165842,0,0,372,0.038366337,295,0.030424917
20109,2752,2464,0.895348837,0,0,41,0.014898256,15,0.005450581,0,0,0,0,64,0.023255814,168,0.061046512
20111,32182,22493,0.698931079,577,0.017929277,99,0.003076254,520,0.016158101,0,0,35,0.001087564,1226,0.03809583,7232,0.224721894
20113,30085,27169,0.903074622,531,0.017649992,20,0.000664783,215,0.007146418,0,0,0,0,714,0.023732757,1436,0.047731428
20115,11867,10886,0.917333783,122,0.01028061,67,0.005645909,55,0.004634701,0,0,19,0.001601079,248,0.020898289,470,0.039605629
20117,10014,9342,0.932893948,74,0.007389654,22,0.002196924,68,0.006790493,0,0,0,0,207,0.020671061,301,0.030057919
20119,4019,2974,0.739985071,37,0.00920627,1,0.000248818,32,0.00796218,0,0,6,0.001492909,87,0.021647176,882,0.219457577
20121,34312,31393,0.914927722,367,0.010695966,160,0.004663092,177,0.005158545,0,0,15,0.000437165,967,0.02818256,1233,0.03593495
20123,5829,5417,0.929318923,12,0.002058672,9,0.001544004,36,0.006176016,0,0,0,0,159,0.027277406,196,0.033624979
20125,31448,24474,0.77823709,1533,0.048747138,876,0.027855508,178,0.005660137,5,0.000158993,116,0.003688629,1940,0.061689138,2326,0.073963368
20127,5385,4826,0.896193129,9,0.001671309,0,0,30,0.005571031,0,0,3,0.000557103,215,0.03992572,302,0.056081708
20129,2688,1898,0.70610119,25,0.009300595,0,0,37,0.013764881,0,0,0,0,85,0.031622024,643,0.23921131
20131,10219,9627,0.942068696,48,0.004697133,54,0.005284274,16,0.001565711,0,0,7,0.000684999,236,0.023094236,231,0.022604952
20133,15826,13942,0.88095539,188,0.011879186,20,0.001263743,88,0.00556047,0,0,4,0.000252749,583,0.036838114,1001,0.063250348
20135,2677,2192,0.818827045,8,0.00298842,3,0.001120657,4,0.00149421,0,0,1,0.000373552,102,0.038102353,367,0.137093762
20137,5431,4699,0.865218192,156,0.028723992,36,0.006628614,28,0.005155588,0,0,16,0.00294605,185,0.034063708,311,0.057263856
20139,15787,14604,0.925064927,58,0.003673909,36,0.002280357,22,0.001393552,2,0.000126687,32,0.002026984,465,0.029454615,568,0.03597897
20141,3493,3246,0.929287146,17,0.004866877,8,0.002290295,11,0.003149155,0,0,17,0.004866877,103,0.029487547,91,0.026052104
20143,5768,5374,0.931692094,43,0.007454924,25,0.004334258,4,0.000693481,0,0,0,0,139,0.024098474,183,0.031726768
20145,6288,5240,0.833333333,358,0.056933842,77,0.012245547,0,0,0,0,0,0,141,0.022423664,472,0.075063613
20147,4960,4592,0.925806452,40,0.008064516,55,0.01108871,19,0.003830645,2,0.000403226,10,0.002016129,68,0.013709677,174,0.035080645
20149,25482,22605,0.887096774,431,0.0169139,58,0.002276116,110,0.004316773,0,0,151,0.005925752,754,0.029589514,1373,0.053881171
20151,9175,7934,0.864741144,206,0.022452316,20,0.002179837,17,0.001852861,0,0,10,0.001089918,297,0.032370572,691,0.075313351
20153,2544,2254,0.886006289,14,0.005503145,12,0.004716981,11,0.004323899,0,0,0,0,56,0.022012579,197,0.077437107
20155,61881,51335,0.829576122,1259,0.020345502,292,0.004718734,394,0.006367059,263,0.004250093,170,0.002747208,1967,0.031786817,6201,0.100208465
20157,4686,4412,0.941527956,58,0.012377294,5,0.001067008,13,0.002774221,0,0,28,0.005975245,58,0.012377294,112,0.023900982
20159,9441,7635,0.808706705,189,0.020019066,40,0.004236839,41,0.00434276,21,0.002224341,104,0.011015782,300,0.031776295,1111,0.117678212
20161,72105,54492,0.755731225,4497,0.062367381,251,0.003481035,3119,0.043256362,182,0.002524097,307,0.00425768,3116,0.043214756,6141,0.085167464
20163,4925,4624,0.938883249,85,0.017258883,10,0.002030457,15,0.003045685,5,0.001015228,8,0.001624365,51,0.01035533,127,0.025786802
20165,2939,2595,0.882953386,16,0.005444029,11,0.00374277,16,0.005444029,0,0,0,0,141,0.047975502,160,0.054440286
20167,6702,6025,0.898985377,55,0.008206506,25,0.00373023,10,0.001492092,0,0,20,0.002984184,273,0.040734109,294,0.043867502
20169,54160,42963,0.793260709,1610,0.029726736,85,0.001569424,1072,0.019793205,16,0.000295421,8,0.00014771,1882,0.034748892,6524,0.120457903
20171,5128,3889,0.758385335,0,0,0,0,27,0.005265211,3,0.000585023,19,0.003705148,108,0.021060842,1082,0.21099844
20173,522700,346814,0.663504879,41009,0.078456093,2706,0.005176966,21845,0.041792615,316,0.000604553,1822,0.003485747,27263,0.052158026,80925,0.154821121
20175,21942,6173,0.281332604,649,0.029577978,4,0.000182299,523,0.023835566,0,0,0,0,500,0.022787348,14093,0.642284204
20177,178625,129055,0.722491253,13887,0.077743877,808,0.004523443,2454,0.013738279,121,0.000677397,881,0.00493212,7842,0.043902029,23577,0.131991603
20179,2450,2247,0.917142857,3,0.00122449,10,0.004081633,0,0,0,0,0,0,44,0.017959184,146,0.059591837
20181,5940,4924,0.828956229,27,0.004545455,10,0.001683502,2,0.0003367,0,0,0,0,218,0.036700337,759,0.127777778
20183,3561,3335,0.936534681,21,0.00589722,8,0.00224656,12,0.00336984,0,0,3,0.00084246,87,0.02443134,95,0.026677899
20185,4054,3348,0.825851011,10,0.0024667,41,0.010113468,5,0.00123335,0,0,2,0.00049334,105,0.025900345,543,0.133941786
20187,2060,1147,0.556796117,0,0,0,0,1,0.000485437,0,0,0,0,35,0.016990291,877,0.425728155
20189,5275,3084,0.58464455,20,0.003791469,2,0.000379147,0,0,0,0,0,0,157,0.029763033,2012,0.381421801
20191,22517,19809,0.879735311,225,0.00999245,193,0.008571302,131,0.005817827,0,0,80,0.003552871,753,0.0334414,1326,0.05888884
20193,7907,7172,0.907044391,42,0.005311749,1,0.00012647,24,0.003035285,0,0,26,0.003288226,39,0.004932338,603,0.07626154
20195,2798,2704,0.966404575,2,0.000714796,3,0.001072194,11,0.00393138,0,0,0,0,55,0.019656898,23,0.008220157
20197,6922,6256,0.903785033,70,0.010112684,12,0.001733603,49,0.007078879,5,0.000722335,0,0,188,0.02715978,342,0.049407686
20199,1489,1327,0.891202149,10,0.006715917,5,0.003357958,9,0.006044325,0,0,0,0,37,0.024848892,101,0.067830759
20201,5529,5104,0.923132574,10,0.001808645,16,0.002893833,41,0.007415446,0,0,26,0.004702478,90,0.016277808,242,0.043769217
20203,2131,1532,0.718911309,15,0.007038949,3,0.00140779,0,0,0,0,5,0.002346316,45,0.021116847,531,0.249178789
20205,8667,7891,0.910464982,18,0.002076843,37,0.004269067,2,0.00023076,3,0.000346141,18,0.002076843,372,0.042921426,326,0.037613938
20207,3134,2895,0.92373963,2,0.000638162,17,0.005424378,0,0,0,0,0,0,193,0.061582642,27,0.008615188
20209,167989,65724,0.391239903,33837,0.201423903,512,0.003047819,8801,0.052390335,372,0.002214431,832,0.004952705,7173,0.042699224,50738,0.302031681
21001,18887,17308,0.916397522,307,0.016254567,3,0.000158839,59,0.003123842,24,0.001270715,6,0.000317679,712,0.037697887,468,0.024778948
21003,20773,19544,0.940836663,167,0.008039282,10,0.000481394,10,0.000481394,0,0,53,0.002551389,486,0.023395754,503,0.024214124
21005,23839,22107,0.927345946,728,0.030538194,0,0,28,0.001174546,14,0.000587273,6,0.000251688,442,0.018541046,514,0.021561307
21007,7742,7113,0.918754844,301,0.038878843,0,0,30,0.003874968,0,0,0,0,173,0.022345647,125,0.016145699
21009,44511,39734,0.892678214,1535,0.034485857,9,0.000202197,366,0.008222687,0,0,154,0.003459819,1105,0.024825324,1608,0.036125901
21011,12739,12083,0.948504592,216,0.016955805,4,0.000313996,17,0.001334485,0,0,11,0.00086349,180,0.014129838,228,0.017897794
21013,24248,22635,0.93347905,469,0.019341801,49,0.002020785,28,0.001154734,0,0,48,0.001979545,690,0.028455955,329,0.013568129
21015,136150,116591,0.85634227,4889,0.035908924,68,0.000499449,3156,0.023180316,275,0.002019831,527,0.003870731,4470,0.032831436,6174,0.045347044
21017,20228,17080,0.844374135,985,0.048694878,0,0,24,0.001186474,0,0,23,0.001137038,665,0.032875222,1451,0.071732252
21019,48242,44500,0.922432735,966,0.020024045,15,0.000310932,159,0.003295883,16,0.000331661,44,0.000912068,1595,0.033062477,947,0.019630198
21021,30613,25859,0.844706497,2430,0.079378042,7,0.000228661,226,0.007382485,3,9.80E-05,183,0.005977853,869,0.028386633,1036,0.033841832
21023,8420,8041,0.954988124,115,0.013657957,134,0.015914489,14,0.001662708,0,0,0,0,49,0.005819477,67,0.007957245
21025,13580,13044,0.960530191,140,0.010309278,23,0.001693667,102,0.007511046,0,0,0,0,114,0.008394698,157,0.011561119
21027,20528,19094,0.930144193,342,0.016660171,0,0,0,0,4,0.000194856,83,0.004043258,605,0.029471941,400,0.019485581
21029,82482,76124,0.922916515,972,0.011784389,31,0.00037584,532,0.006449892,0,0,420,0.00509202,2264,0.027448413,2139,0.025932931
21031,12365,11589,0.937242216,50,0.004043672,9,0.000727861,83,0.006712495,0,0,0,0,167,0.013505863,467,0.037767893
21033,12635,11312,0.895290859,757,0.05991294,0,0,0,0,0,0,47,0.003719826,242,0.019153146,277,0.021923229
21035,37345,33130,0.887133485,1254,0.033578792,60,0.001606641,596,0.015959298,113,0.00302584,148,0.003963047,994,0.026616682,1050,0.028116214
21037,93122,84820,0.910848135,2454,0.026352527,34,0.000365112,905,0.009718434,16,0.000171818,163,0.001750392,2614,0.028070703,2116,0.02272288
21039,4782,4414,0.923044751,58,0.012128816,12,0.00250941,26,0.005437056,7,0.001463823,5,0.001045588,142,0.029694688,118,0.024675868
21041,10842,9464,0.872901679,354,0.032650802,0,0,0,0,0,0,4,0.000368936,275,0.025364324,745,0.068714259
21043,26671,25395,0.952157774,108,0.004049342,30,0.001124817,30,0.001124817,0,0,22,0.000824866,821,0.030782498,265,0.009935885
21045,15942,15011,0.941600803,146,0.009158198,30,0.001881822,16,0.001003638,0,0,5,0.000313637,246,0.015430937,488,0.030610965
21047,72766,47066,0.646813072,14329,0.196918891,90,0.001236841,894,0.012285958,249,0.003421928,261,0.00358684,3732,0.051287689,6145,0.084448781
21049,36897,32873,0.890939643,1422,0.038539719,30,0.000813074,232,0.006287774,0,0,49,0.001328021,1060,0.028728623,1231,0.033363146
21051,20322,18577,0.914132467,831,0.040891645,6,0.000295247,11,0.000541285,10,0.000492078,11,0.000541285,626,0.030804055,250,0.012301939
21053,9295,8700,0.93598709,14,0.001506186,0,0,11,0.001183432,0,0,35,0.003765465,226,0.024314147,309,0.033243679
21055,8979,8476,0.943980399,64,0.007127743,53,0.005902662,25,0.002784274,0,0,64,0.007127743,122,0.013587259,175,0.019489921
21057,5974,5556,0.930030131,162,0.027117509,15,0.00251088,49,0.00820221,0,0,0,0,87,0.014563107,105,0.017576163
21059,102916,89150,0.866240429,4795,0.046591395,82,0.000796766,2126,0.020657624,59,0.000573283,343,0.003332815,2812,0.027323254,3549,0.034484434
21061,12179,11595,0.952048608,96,0.007882421,15,0.001231628,0,0,0,0,3,0.000246326,279,0.022908285,191,0.015682733
21063,7378,7049,0.95540797,213,0.028869612,0,0,0,0,0,0,0,0,46,0.006234752,70,0.009487666
21065,14138,13579,0.960461168,20,0.001414627,5,0.000353657,103,0.00728533,0,0,0,0,313,0.022138916,118,0.008346301
21067,321276,223753,0.696451027,46923,0.146051993,156,0.000485564,13185,0.04103948,32,9.96E-05,815,0.00253676,12573,0.039134576,23839,0.074200999
21069,15111,14281,0.945073126,132,0.008735358,23,0.00152207,79,0.00522798,0,0,17,0.001125008,322,0.02130898,257,0.017007478
21071,35780,34495,0.964086082,293,0.008188932,4,0.000111794,132,0.003689212,0,0,39,0.001089994,749,0.020933482,68,0.001900503
21073,51475,41746,0.810995629,4490,0.087226809,17,0.000330257,881,0.017115104,115,0.002234094,111,0.002156387,2122,0.041223895,1993,0.038717824
21075,6480,4520,0.697530864,1530,0.236111111,28,0.004320988,0,0,60,0.009259259,0,0,247,0.038117284,95,0.014660494
21077,8720,7668,0.879357798,236,0.02706422,0,0,6,0.000688073,0,0,28,0.003211009,271,0.031077982,511,0.058600917
21079,17175,15905,0.926055313,403,0.023464338,40,0.002328967,0,0,0,0,132,0.00768559,274,0.015953421,421,0.024512373
21081,25085,23230,0.926051425,220,0.008770181,6,0.000239187,35,0.001395256,0,0,19,0.000757425,798,0.03181184,777,0.030974686
21083,36701,31201,0.850140323,1482,0.040380371,3,8.17E-05,137,0.003732868,0,0,97,0.00264298,1068,0.029100025,2713,0.073921692
21085,26465,25171,0.951105233,135,0.005101077,10,0.000377858,88,0.003325146,0,0,48,0.001813716,619,0.023389382,394,0.014887587
21087,11198,10510,0.938560457,201,0.017949634,87,0.007769245,11,0.000982318,0,0,0,0,190,0.016967316,199,0.017771031
21089,35853,34160,0.952779405,302,0.008423284,21,0.000585725,236,0.006582434,0,0,3,8.37E-05,695,0.01938471,436,0.012160768
21091,9058,8558,0.944800177,81,0.008942371,4,0.000441599,10,0.001103996,0,0,72,0.007948775,173,0.019099139,160,0.017663943
21093,111005,83627,0.753362461,12498,0.112589523,175,0.001576506,2122,0.019116256,403,0.003630467,378,0.003405252,5144,0.046340255,6658,0.05997928
21095,26589,25096,0.94384896,548,0.020610027,4,0.000150438,122,0.004588364,24,0.000902629,52,0.001955696,664,0.024972733,79,0.002971153
21097,18803,17560,0.933893528,389,0.020688188,0,0,0,0,3,0.000159549,0,0,371,0.019730894,480,0.025527841
21099,19345,17526,0.905970535,818,0.042284828,14,0.000723701,102,0.00527268,0,0,33,0.001705867,459,0.023727061,393,0.020315327
21101,44770,38000,0.848782667,3225,0.072034845,71,0.001585883,134,0.002993076,46,0.001027474,143,0.003194103,1836,0.041009605,1315,0.029372348
21103,15731,14205,0.902994088,374,0.023774712,1,6.36E-05,84,0.005339775,0,0,31,0.001970631,456,0.02898735,580,0.036869875
21105,4491,3868,0.861278112,422,0.093965709,6,0.001336005,2,0.000445335,0,0,0,0,93,0.020708083,100,0.022266756
21107,45223,39707,0.878026668,2723,0.060212724,46,0.001017182,269,0.005948301,6,0.000132676,8,0.000176901,1443,0.031908542,1021,0.022577007
21109,13002,12632,0.97154284,28,0.002153515,32,0.00246116,10,0.000769112,0,0,0,0,160,0.012305799,140,0.010767574
21111,779232,507410,0.65116679,169366,0.217349903,403,0.000517176,23126,0.029677939,331,0.000424777,3006,0.003857644,26606,0.034143875,48984,0.062861895
21113,53381,46659,0.874075045,2246,0.042074896,32,0.000599464,715,0.013394279,6,0.0001124,213,0.003990184,1415,0.026507559,2095,0.039246174
21115,22631,21831,0.964650258,103,0.004551279,12,0.000530246,269,0.011886351,0,0,0,0,288,0.012725907,128,0.005655959
21117,169066,147519,0.872552731,7383,0.043669336,124,0.000733441,2126,0.012574971,0,0,243,0.001437309,5577,0.032987117,6094,0.036045095
21119,14282,13773,0.964360734,154,0.010782804,28,0.00196051,21,0.001470382,0,0,7,0.000490127,146,0.010222658,153,0.010712785
21121,30207,28736,0.951302678,225,0.007448605,36,0.001191777,26,0.000860728,17,0.000562783,0,0,718,0.023769325,449,0.014864104
21123,14902,13530,0.907931821,434,0.029123608,4,0.00026842,24,0.001610522,0,0,91,0.006106563,322,0.021607838,497,0.033351228
21125,62442,59514,0.953108485,406,0.006502034,55,0.000880817,166,0.002658467,0,0,57,0.000912847,1257,0.020130681,987,0.015806669
21127,16228,15643,0.963951195,36,0.002218388,1,6.16E-05,66,0.004067045,0,0,0,0,237,0.014604387,245,0.015097363
21129,7338,6755,0.920550559,149,0.02030526,0,0,10,0.001362769,0,0,10,0.001362769,243,0.03311529,171,0.023303352
21131,10468,10149,0.969526175,44,0.004203286,0,0,26,0.00248376,0,0,0,0,176,0.016813145,73,0.006973634
21133,21490,20794,0.967612843,141,0.006561191,8,0.000372266,43,0.002000931,0,0,50,0.002326664,255,0.011865984,199,0.009260121
21135,13063,12683,0.970910204,4,0.000306208,0,0,24,0.00183725,32,0.002449667,25,0.001913802,291,0.022276659,4,0.000306208
21137,24320,22645,0.931126645,437,0.01796875,0,0,65,0.002672697,0,0,159,0.006537829,557,0.022902961,457,0.018791118
21139,8980,8483,0.944654788,31,0.003452116,0,0,3,0.000334076,0,0,0,0,234,0.026057906,229,0.025501114
21141,27498,24228,0.881082261,1603,0.058295149,11,0.000400029,121,0.00440032,0,0,60,0.002181977,621,0.022583461,854,0.031056804
21143,8721,7662,0.878568971,563,0.064556817,46,0.005274624,62,0.007109276,9,0.001031992,22,0.002522646,138,0.015823873,219,0.025111799
21145,67573,55578,0.822488272,7077,0.10473118,118,0.00174626,658,0.009737617,8,0.00011839,118,0.00174626,2134,0.031580661,1882,0.027851361
21147,16892,15061,0.891605494,1137,0.067309969,0,0,38,0.002249586,24,0.001420791,10,0.000591996,346,0.020483069,276,0.016339095
21149,9173,8687,0.947018424,91,0.009920419,27,0.002943421,37,0.004033577,0,0,0,0,143,0.015589229,188,0.020494931
21151,92955,82542,0.887978054,3620,0.038943575,137,0.001473831,817,0.008789199,212,0.002280673,229,0.002463558,2848,0.030638481,2550,0.027432629
21153,11647,11299,0.970121061,4,0.000343436,28,0.002404053,48,0.004121233,0,0,0,0,116,0.009959646,152,0.013050571
21155,19627,17155,0.874051052,1351,0.068833749,18,0.000917104,123,0.006266877,20,0.001019004,15,0.000764253,388,0.019768686,557,0.028379273
21157,31706,30449,0.960354507,195,0.006150255,86,0.00271242,73,0.002302403,3,9.46E-05,0,0,325,0.010250426,575,0.018135369
21159,11298,9924,0.878385555,729,0.064524695,95,0.008408568,10,0.000885112,0,0,0,0,334,0.029562754,206,0.018233316
21161,17068,15028,0.880478088,1156,0.067729084,0,0,95,0.005565971,16,0.000937427,10,0.000585892,388,0.022732599,375,0.02197094
21163,29964,26552,0.886130023,1071,0.035742891,33,0.001101322,244,0.008143105,83,0.002769991,39,0.001301562,745,0.024863169,1197,0.039947938
21165,6174,5927,0.959993521,12,0.001943635,0,0,0,0,0,0,0,0,86,0.013929381,149,0.024133463
21167,22662,20467,0.903141823,790,0.034860118,11,0.000485394,42,0.001853323,3,0.00013238,0,0,602,0.026564293,747,0.032962669
21169,10313,9767,0.947057112,196,0.019005139,29,0.002811985,7,0.000678755,0,0,0,0,110,0.01066615,204,0.019780859
21171,11331,10557,0.931691819,295,0.026034772,6,0.000529521,24,0.002118083,0,0,0,0,85,0.007501544,364,0.032124261
21173,28188,26093,0.925677593,759,0.026926352,42,0.001489996,118,0.004186179,0,0,55,0.001951185,283,0.010039733,838,0.029728963
21175,13840,12755,0.921604046,563,0.040679191,15,0.001083815,133,0.009609827,72,0.005202312,0,0,150,0.01083815,152,0.010982659
21177,30735,28440,0.925329429,593,0.019293965,65,0.002114853,351,0.011420205,13,0.000422971,15,0.000488043,747,0.024304539,511,0.016625996
21179,46779,42112,0.900233011,2235,0.047777849,7,0.00014964,239,0.00510913,0,0,29,0.000619936,1049,0.022424592,1108,0.023685842
21181,7613,7295,0.958229345,55,0.007224484,0,0,0,0,0,0,0,0,263,0.034546171,0,0
21183,23782,22227,0.934614414,232,0.009755277,5,0.000210243,35,0.001471701,0,0,95,0.003994618,366,0.015389791,822,0.034563956
21185,67997,59334,0.87259732,2615,0.038457579,50,0.000735327,1125,0.016544848,5,7.35E-05,300,0.004411959,1795,0.026398223,2773,0.040781211
21187,11229,10563,0.940689287,117,0.01041945,3,0.000267165,17,0.001513937,0,0,52,0.004630867,414,0.036868822,63,0.005610473
21189,4054,3705,0.913912185,54,0.013320178,0,0,6,0.00148002,0,0,73,0.018006907,216,0.05328071,0,0
21191,14638,13685,0.934895478,84,0.005738489,3,0.000204946,57,0.003893975,6,0.000409892,36,0.002459352,556,0.037983331,211,0.014414538
21193,28136,26473,0.940894228,269,0.009560705,48,0.001705999,211,0.007499289,53,0.001883708,2,7.11E-05,769,0.027331533,311,0.011053455
21195,58196,55758,0.958107086,444,0.00762939,22,0.000378033,306,0.005258093,36,0.000618599,17,0.000292116,1034,0.017767544,579,0.009949137
21197,13089,12361,0.944380778,35,0.002674001,23,0.001757201,0,0,0,0,27,0.002062801,384,0.029337612,259,0.019787608
21199,65145,60775,0.932918873,594,0.009118121,86,0.001320132,549,0.008427354,0,0,105,0.001611789,1284,0.019709878,1752,0.026893852
21201,2207,2128,0.964204803,7,0.003171726,0,0,0,0,0,0,0,0,33,0.014952424,39,0.017671047
21203,16171,15598,0.964566199,16,0.000989426,9,0.000556552,13,0.000803908,0,0,30,0.001855173,328,0.020283223,177,0.01094552
21205,24551,23092,0.940572685,505,0.020569427,11,0.000448047,179,0.007290945,0,0,1,4.07E-05,250,0.010182885,513,0.020895279
21207,18021,16738,0.928805283,194,0.010765218,0,0,0,0,0,0,10,0.000554908,386,0.021419455,693,0.038455136
21209,57286,49325,0.861030618,2777,0.048476067,27,0.000471319,563,0.009827881,0,0,112,0.001955102,1892,0.033027267,2590,0.045211745
21211,48105,38219,0.794491217,2386,0.049599834,56,0.00116412,537,0.011163081,0,0,164,0.003409209,2121,0.044091051,4622,0.096081488
21213,19574,16614,0.848778993,1813,0.092622867,6,0.000306529,76,0.003882702,0,0,13,0.000664146,513,0.026208235,539,0.027536528
21215,19549,18262,0.93416543,341,0.017443347,15,0.000767303,86,0.004399202,0,0,26,0.001329991,305,0.015601821,514,0.026292905
21217,26056,23286,0.893690513,1136,0.043598403,22,0.000844335,241,0.009249309,0,0,0,0,705,0.027057108,666,0.025560332
21219,12281,10445,0.850500774,982,0.079960915,4,0.000325706,13,0.001058546,0,0,46,0.003745623,202,0.016448172,589,0.047960264
21221,14154,12332,0.871273138,896,0.06330366,0,0,42,0.002967359,0,0,59,0.004168433,472,0.033347464,353,0.024939946
21223,8510,7840,0.921269095,25,0.00293772,11,0.001292597,55,0.006462985,16,0.001880141,37,0.004347826,235,0.027614571,291,0.034195065
21225,13495,11817,0.875657651,1176,0.087143386,0,0,48,0.003556873,0,0,4,0.000296406,191,0.01415339,259,0.019192293
21227,135307,103610,0.765740132,11645,0.086063544,127,0.000938606,6681,0.049376603,694,0.005129077,196,0.001448558,4702,0.034750604,7652,0.056552876
21229,12025,10558,0.878004158,660,0.054885655,0,0,63,0.005239085,0,0,16,0.001330561,664,0.055218295,64,0.005322245
21231,19666,18233,0.927133123,97,0.004932371,268,0.013627581,8,0.000406793,0,0,0,0,331,0.016831079,729,0.037069053
21233,12951,11421,0.881862404,534,0.041232337,0,0,6,0.000463285,29,0.002239209,2,0.000154428,207,0.015983322,752,0.058065014
21235,36648,34942,0.953449029,329,0.008977298,44,0.001200611,93,0.002537656,0,0,55,0.001500764,622,0.016972277,563,0.015362366
21237,6573,6474,0.984938384,10,0.001521375,0,0,5,0.000760688,0,0,15,0.002282063,69,0.01049749,0,0
21239,26886,23108,0.859480771,999,0.037156885,13,0.000483523,101,0.003756602,0,0,44,0.001636539,828,0.030796697,1793,0.066688983
22001,57674,44413,0.770069702,9511,0.164909665,13,0.000225405,95,0.001647189,0,0,40,0.000693553,1822,0.031591358,1780,0.030863127
22003,22798,15964,0.700236863,3962,0.173787174,371,0.016273357,164,0.007193613,0,0,19,0.000833406,858,0.03763488,1460,0.064040705
22005,126973,84232,0.663385129,28849,0.227205784,251,0.001976798,1428,0.011246485,97,0.000763942,683,0.005379096,3604,0.028383987,7829,0.061658778
22007,21067,13714,0.650970712,6091,0.289125172,98,0.004651825,88,0.004177149,0,0,16,0.000759482,346,0.016423791,714,0.033891869
22009,39529,25469,0.644311771,10079,0.254977358,304,0.007690556,251,0.006349769,12,0.000303575,47,0.001189,2497,0.063168813,870,0.022009158
22011,36553,28938,0.791672366,4148,0.113479058,60,0.001641452,242,0.006620524,13,0.000355648,246,0.006729954,1458,0.039887287,1448,0.039613712
22013,12958,6933,0.535036271,5396,0.416422287,28,0.002160827,5,0.000385862,0,0,65,0.005016206,246,0.018984411,285,0.021994135
22015,128877,82536,0.640424591,30369,0.235643288,447,0.003468423,2524,0.019584565,9,6.98E-05,339,0.002630415,3739,0.029012159,8914,0.069166725
22017,236259,102807,0.435145328,116167,0.491693438,661,0.002797777,2990,0.012655603,134,0.000567174,266,0.001125883,6034,0.025539768,7200,0.03047503
22019,210770,139663,0.662632253,51769,0.245618447,347,0.001646344,3092,0.014670019,56,0.000265692,990,0.004697063,6030,0.028609385,8823,0.041860796
22021,9658,7431,0.769413957,1957,0.202629944,0,0,7,0.000724788,0,0,13,0.001346034,168,0.017394906,82,0.008490371
22023,5447,4747,0.871488893,60,0.011015238,128,0.023499174,50,0.009179365,0,0,1,0.000183587,243,0.044611713,218,0.04002203
22025,8895,5886,0.661720067,2806,0.315458123,10,0.001124227,7,0.000786959,0,0,0,0,89,0.010005621,97,0.010905003
22027,14203,6469,0.455467155,7028,0.494825037,2,0.000140815,19,0.001337746,0,0,0,0,432,0.030416109,253,0.017813138
22029,18677,10645,0.569952348,7316,0.391711731,17,0.00091021,63,0.003373133,0,0,10,0.000535418,271,0.014509825,355,0.019007335
22031,26821,15852,0.591029417,9164,0.34167257,137,0.005107938,73,0.002721748,0,0,26,0.00096939,690,0.02572611,879,0.032772827
22033,454369,197541,0.434758973,204823,0.450785595,469,0.001032201,14077,0.030981427,0,0,1498,0.00329688,15479,0.034067025,20482,0.045077899
22035,7371,2037,0.276353276,4891,0.66354633,50,0.00678334,0,0,0,0,35,0.004748338,248,0.033645367,110,0.014923348
22037,19452,10539,0.541795188,7796,0.400781411,152,0.007814107,58,0.002981699,0,0,0,0,556,0.028583179,351,0.018044417
22039,32335,20969,0.648492346,8121,0.251152002,74,0.002288542,85,0.00262873,20,0.000618525,583,0.018029998,1131,0.034977578,1352,0.041812278
22041,19752,12940,0.655123532,6007,0.304121102,9,0.00045565,44,0.002227623,4,0.000202511,0,0,420,0.02126367,328,0.016605913
22043,22185,16677,0.751724138,3281,0.14789272,205,0.009240478,75,0.003380663,0,0,39,0.001757945,718,0.03236421,1190,0.053639847
22045,69958,40147,0.573872895,21683,0.309943109,76,0.001086366,1858,0.026558792,0,0,388,0.005546185,2711,0.038751823,3095,0.04424083
22047,30210,14270,0.472360146,13694,0.453293611,19,0.000628931,11,0.000364118,29,0.000959947,189,0.006256207,1034,0.034227077,964,0.031909964
22049,15093,10158,0.673027231,3877,0.256874048,67,0.004439144,14,0.000927582,12,0.000795071,182,0.01205857,486,0.032200358,297,0.019677996
22051,436171,221346,0.507475279,115266,0.264267913,767,0.001758485,17966,0.041190267,87,0.000199463,2238,0.005131015,12422,0.028479656,66079,0.151497922
22053,32277,24864,0.770331815,5388,0.166930012,107,0.003315054,2,6.20E-05,0,0,26,0.000805527,1053,0.03262385,837,0.025931778
22055,243175,156204,0.642352215,62336,0.25634214,253,0.001040403,4478,0.018414722,118,0.000485247,929,0.003820294,7487,0.030788527,11370,0.046756451
22057,97220,73964,0.760789961,12823,0.131896729,1868,0.019214153,604,0.006212713,2,2.06E-05,166,0.001707468,3421,0.035188233,4372,0.044970171
22059,14764,11777,0.797683555,1732,0.117312381,58,0.003928475,278,0.018829585,78,0.005283121,0,0,259,0.017542671,582,0.039420211
22061,48323,25668,0.531175631,18055,0.373631604,231,0.004780332,670,0.013865033,32,0.000662211,335,0.006932517,1782,0.03687685,1550,0.032075823
22063,143425,121384,0.846323863,10684,0.074491895,133,0.000927314,1168,0.008143629,1,6.97E-06,265,0.001847656,3423,0.023866132,6367,0.04439254
22065,10028,3377,0.33675708,6243,0.622556841,17,0.001695253,0,0,0,0,0,0,97,0.009672916,294,0.02931791
22067,25438,12196,0.479440208,12269,0.48230993,13,0.000511046,131,0.005149776,38,0.001493828,87,0.00342008,312,0.012265115,392,0.015410017
22069,37478,19084,0.509205401,15117,0.403356636,273,0.007284273,237,0.00632371,0,0,639,0.017050003,1180,0.031485138,948,0.02529484
22071,380408,117202,0.308095518,215595,0.566746756,404,0.001062018,10646,0.027985742,61,0.000160354,3137,0.008246409,11835,0.031111333,21528,0.05659187
22073,159585,90693,0.568305292,59433,0.37242222,174,0.001090328,1786,0.011191528,19,0.000119059,574,0.003596829,3197,0.020033211,3709,0.023241533
22075,23305,14388,0.617378245,4577,0.196395623,225,0.009654581,996,0.04273761,23,0.000986913,49,0.002102553,1162,0.049860545,1885,0.08088393
22077,20652,12360,0.59848925,6984,0.338175479,40,0.001936858,63,0.003050552,0,0,23,0.001113694,533,0.025808638,649,0.031425528
22079,129536,78322,0.604635005,40238,0.310631793,488,0.003767292,1523,0.011757349,15,0.000115798,292,0.0022542,4086,0.031543355,4572,0.035295208
22081,7631,4249,0.556807758,2979,0.390381339,0,0,0,0,0,0,13,0.001703578,222,0.029091862,168,0.022015463
22083,20028,12137,0.606001598,7127,0.355851807,21,0.001048532,0,0,0,0,0,0,270,0.013481126,473,0.023616936
22085,22209,14695,0.661668693,3200,0.144085731,1238,0.055743167,77,0.003467063,0,0,138,0.006213697,1900,0.085550903,961,0.043270746
22087,44038,26325,0.597779191,10385,0.235819065,312,0.00708479,1076,0.024433444,0,0,22,0.000499569,1251,0.028407285,4667,0.105976657
22089,52191,33536,0.642562894,12160,0.232990362,525,0.010059206,492,0.009426913,3,5.75E-05,345,0.006610335,1704,0.032649307,3426,0.065643502
22091,10872,4838,0.444996321,5627,0.517568065,0,0,15,0.001379691,0,0,0,0,172,0.015820456,220,0.020235467
22093,20090,9853,0.490443006,9732,0.48442011,0,0,5,0.00024888,0,0,0,0,129,0.006421105,371,0.018466899
22095,41986,12916,0.307626352,23434,0.558138427,68,0.001619587,379,0.009026818,1,2.38E-05,636,0.015147906,1491,0.035511837,3061,0.072905254
22097,82574,44269,0.536113062,33350,0.403880156,81,0.000980938,459,0.00555865,176,0.002131422,144,0.00174389,2039,0.024693003,2056,0.024898879
22099,51856,33297,0.64210506,14903,0.287392009,110,0.002121259,493,0.009507097,74,0.001427029,78,0.001504165,1254,0.024182351,1647,0.031761031
22101,49114,27416,0.558211508,14534,0.295923769,738,0.015026265,625,0.012725496,13,0.00026469,54,0.001099483,2168,0.0441422,3566,0.072606589
22103,266168,201872,0.75843828,31846,0.119646238,792,0.002975564,3667,0.013777013,689,0.002588591,2036,0.007649304,9054,0.03401611,16212,0.0609089
22105,133953,82634,0.616888013,39602,0.295641008,100,0.00074653,954,0.007121901,43,0.000321008,364,0.002717371,3924,0.029293857,6332,0.047270311
22107,4127,1709,0.414102253,2168,0.525321056,0,0,34,0.00823843,0,0,0,0,87,0.021080688,129,0.031257572
22109,108862,71509,0.656877515,20654,0.189726443,5696,0.052323125,1301,0.01195091,24,0.000220463,104,0.000955338,3756,0.034502398,5818,0.05344381
22111,21049,14607,0.693952207,4976,0.236400779,29,0.001377738,6,0.000285049,6,0.000285049,0,0,326,0.015487672,1099,0.052211506
22113,57202,44210,0.772875074,7718,0.134925352,89,0.00155589,1026,0.017936436,127,0.002220202,81,0.001416034,1777,0.031065347,2174,0.038005664
22115,48452,33815,0.697907207,6414,0.132378436,452,0.00932882,783,0.016160324,176,0.003632461,82,0.001692397,2066,0.042640139,4664,0.096260216
22117,45514,29265,0.64298897,13809,0.303401151,115,0.002526695,41,0.000900822,0,0,87,0.0019115,995,0.021861405,1202,0.026409456
22119,36761,22711,0.617801474,12323,0.33521939,81,0.002203422,93,0.002529855,7,0.000190419,20,0.000544055,698,0.018987514,828,0.02252387
22121,27377,14827,0.541586003,11214,0.409613909,0,0,129,0.004711985,0,0,17,0.000620959,271,0.00989882,919,0.033568324
22123,9800,7781,0.793979592,1509,0.153979592,8,0.000816327,1,0.000102041,7,0.000714286,32,0.003265306,50,0.005102041,412,0.042040816
22125,15358,8004,0.52116161,6794,0.442375309,92,0.005990363,0,0,0,0,0,0,243,0.015822373,225,0.014650345
22127,13665,8885,0.650201244,4064,0.297402122,19,0.001390413,34,0.002488108,0,0,8,0.000585437,211,0.015440907,444,0.032491767
23001,111532,99400,0.891224043,4803,0.043063874,16,0.000143457,1125,0.010086791,5,4.48E-05,47,0.000421404,3877,0.034761324,2259,0.020254277
23003,67237,62656,0.93186787,492,0.0073174,1069,0.015898984,261,0.003881791,30,0.000446183,54,0.000803129,1684,0.025045734,991,0.014738909
23005,303357,266745,0.879310515,9415,0.03103604,388,0.001279021,6540,0.021558758,96,0.000316459,1232,0.004061222,12046,0.03970899,6895,0.022728996
23007,29839,28143,0.943161634,120,0.004021582,38,0.001273501,155,0.005194544,3,0.00010054,101,0.003384832,817,0.027380274,462,0.015483093
23009,55851,52271,0.935900879,437,0.00782439,251,0.0044941,475,0.008504772,0,0,221,0.003956957,1265,0.02264955,931,0.016669352
23011,124003,115775,0.933646767,913,0.007362725,332,0.002677355,1121,0.009040104,0,0,285,0.002298331,3374,0.027209019,2203,0.017765699
23013,40729,38451,0.944069336,154,0.00378109,97,0.002381595,146,0.003584669,4,9.82E-05,31,0.000761128,1166,0.02862825,680,0.01669572
23015,35466,33003,0.930553206,168,0.004736931,128,0.00360909,304,0.00857159,0,0,25,0.0007049,1261,0.03555518,577,0.016269103
23017,58276,54456,0.934449859,163,0.002797035,105,0.001801771,275,0.004718924,4,6.86E-05,181,0.00310591,2168,0.037202279,924,0.015855584
23019,152640,140822,0.922575996,1385,0.009073637,1556,0.01019392,1464,0.009591195,34,0.000222746,675,0.00442217,4206,0.027555031,2498,0.016365304
23021,16936,15720,0.928200283,105,0.006199811,26,0.001535191,108,0.006376949,0,0,31,0.00183042,532,0.031412376,414,0.024444969
23023,36868,34431,0.933899316,212,0.005750244,62,0.001681675,242,0.006563958,0,0,102,0.002766627,1090,0.029564934,729,0.019773245
23025,50656,48096,0.949463045,235,0.004639135,88,0.001737208,213,0.004204833,19,0.000375079,44,0.000868604,1313,0.025919931,648,0.012792167
23027,39772,37108,0.933018204,166,0.004173791,95,0.002388615,167,0.004198934,0,0,405,0.010183043,1175,0.029543397,656,0.016494016
23029,31096,27323,0.878666066,202,0.006496012,1431,0.046018781,121,0.003891176,12,0.000385902,77,0.002476203,1061,0.034120144,869,0.027945716
23031,212691,195238,0.917941991,2123,0.009981617,390,0.001833646,2227,0.010470589,27,0.000126945,632,0.002971447,7892,0.037105472,4162,0.019568294
24001,68161,59108,0.867182113,4895,0.071815261,68,0.000997638,631,0.009257493,5,7.34E-05,134,0.001965934,1943,0.028506037,1377,0.020202168
24003,588109,380026,0.646182935,101009,0.171752175,565,0.000960706,23572,0.040081005,268,0.000455698,2690,0.004573982,28755,0.048893998,51224,0.0870995
24005,850737,459907,0.540598328,252089,0.296318369,1212,0.001424647,51521,0.060560432,352,0.000413759,3520,0.004137589,30439,0.035779565,51697,0.060767311
24009,93244,70462,0.755673287,11305,0.121241045,84,0.000900862,1837,0.019701,49,0.000525503,380,0.004075329,4808,0.051563639,4319,0.046319334
24011,33320,24411,0.732623049,4385,0.131602641,20,0.00060024,152,0.004561825,0,0,250,0.007503001,1366,0.040996399,2736,0.082112845
24013,173225,150328,0.86781931,6339,0.036594025,221,0.001275797,3846,0.022202338,24,0.000138548,860,0.004964641,4438,0.025619859,7169,0.041385481
24015,103876,85729,0.825301321,6816,0.065616697,109,0.001049328,1394,0.013419847,36,0.000346567,557,0.005362163,4166,0.04010551,5069,0.048798568
24017,167035,58914,0.352704523,80640,0.482773072,467,0.002795821,5328,0.031897507,25,0.000149669,815,0.004879217,9577,0.057335289,11269,0.067464903
24019,32557,19973,0.6134779,8327,0.255766809,4,0.000122861,438,0.013453328,0,0,165,0.005068035,1658,0.050926068,1992,0.061184999
24021,273829,190325,0.695050561,26801,0.097874951,376,0.00137312,13508,0.049330056,81,0.000295805,733,0.002676853,11933,0.043578292,30072,0.109820362
24023,28856,27597,0.956369559,364,0.012614361,13,0.000450513,120,0.004158581,17,0.000589132,103,0.003569448,280,0.009703355,362,0.012545051
24025,261059,192241,0.736389092,36600,0.140198193,115,0.000440513,7464,0.028591238,120,0.000459666,1281,0.004906937,10290,0.039416377,12948,0.049597984
24027,332011,160556,0.483586387,65349,0.196827816,325,0.000978883,62531,0.188340145,188,0.000566246,2063,0.00621365,16176,0.048721277,24823,0.074765595
24029,19289,14823,0.768469076,2715,0.140753798,4,0.000207372,187,0.009694645,1,5.18E-05,112,0.005806418,547,0.028358132,900,0.046658717
24031,1056910,437619,0.414055123,191958,0.181621898,1411,0.001335024,160373,0.151737612,389,0.000368054,8959,0.008476597,44715,0.042307292,211486,0.2000984
24033,957189,110790,0.115745166,578048,0.603901633,2033,0.002123927,38720,0.040451781,278,0.000290434,5503,0.005749126,30844,0.032223521,190973,0.199514411
24035,50316,42341,0.841501709,2925,0.058132602,9,0.00017887,557,0.011070037,0,0,285,0.005664202,1896,0.037681851,2303,0.045770729
24037,113814,81673,0.717600647,16247,0.142750452,62,0.000544748,2818,0.024759696,0,0,417,0.003663873,6126,0.053824661,6471,0.056855923
24039,24672,12785,0.518198768,9595,0.388902399,38,0.001540208,206,0.008349546,0,0,42,0.001702335,1018,0.041261349,988,0.040045396
24041,37663,28773,0.763959323,4563,0.121153387,40,0.00106205,488,0.012957014,0,0,128,0.003398561,927,0.024613015,2744,0.07285665
24043,154645,117939,0.762643474,17099,0.110569369,114,0.000737172,2693,0.017414077,131,0.000847101,361,0.002334379,6678,0.043182773,9630,0.062271654
24045,103815,63056,0.607388142,26794,0.258093724,92,0.000886192,2922,0.028146222,28,0.000269711,229,0.002205847,4745,0.045706304,5949,0.057303858
24047,52827,41717,0.789690878,6459,0.122267023,20,0.000378594,802,0.015181631,0,0,284,0.005376039,1522,0.028811025,2023,0.038294811
24510,584548,157912,0.270143769,354555,0.60654557,1078,0.00184416,14875,0.025447012,113,0.000193312,2661,0.004552235,18973,0.032457557,34381,0.058816385
25001,229436,198399,0.864724803,6384,0.027824753,912,0.003974965,3406,0.014845098,20,8.72E-05,3023,0.013175788,9245,0.040294461,8047,0.035072962
25003,128763,111255,0.864029263,3507,0.027236085,129,0.001001841,2204,0.017116718,27,0.000209688,426,0.003308404,4386,0.03406258,6829,0.053035422
25005,576699,450686,0.781492598,21656,0.037551652,513,0.000889545,13247,0.022970388,155,0.000268771,10008,0.01735394,28283,0.049042915,52151,0.09043019
25007,20543,16658,0.810884486,595,0.028963637,135,0.006571582,305,0.014846906,0,0,551,0.026821788,1551,0.07550017,748,0.03641143
25009,806103,539047,0.668707349,27648,0.034298346,385,0.000477606,27727,0.034396349,183,0.000227018,5102,0.006329216,23005,0.028538537,183006,0.227025579
25011,70980,63125,0.889335024,816,0.011496196,42,0.000591716,1297,0.018272753,8,0.000112708,314,0.004423781,2115,0.029797126,3263,0.045970696
25013,464575,280568,0.603924017,35003,0.075344132,387,0.000833019,11595,0.024958295,15,3.23E-05,1123,0.002417263,11340,0.024409406,124544,0.26808158
25015,153931,127389,0.827572094,3059,0.01987254,113,0.000734095,7515,0.048820575,124,0.000805556,418,0.002715502,5773,0.037503817,9540,0.06197582
25017,1623109,1109162,0.683356447,78817,0.048559277,1107,0.000682024,210187,0.12949654,626,0.00038568,18460,0.011373235,68293,0.042075424,136457,0.084071372
25019,14065,9954,0.707714184,1318,0.093707785,0,0,259,0.018414504,0,0,120,0.008531817,294,0.020902951,2120,0.150728759
25021,722112,515933,0.71447781,49012,0.067873128,542,0.000750576,85499,0.118401301,184,0.000254808,5191,0.007188636,28306,0.039198905,37445,0.051854837
25023,529548,412546,0.779053079,46332,0.087493485,427,0.000806348,8623,0.016283699,218,0.000411672,12199,0.023036627,26104,0.04929487,23099,0.04362022
25025,785443,344133,0.438138732,144979,0.184582459,1252,0.001594005,68618,0.087362164,387,0.000492716,7135,0.009084046,34093,0.043406078,184846,0.235339802
25027,858898,630832,0.734466724,40722,0.047411916,816,0.000950055,43809,0.051006057,265,0.000308535,6790,0.007905479,28463,0.033138976,107201,0.124812259
26001,10238,9603,0.937976167,44,0.004297714,31,0.003027935,32,0.00312561,2,0.000195351,26,0.002539559,311,0.030377027,189,0.018460637
26003,8866,7266,0.819535303,691,0.077938191,283,0.031919693,70,0.00789533,0,0,6,0.000676743,375,0.042296413,175,0.019738326
26005,120189,103592,0.86190916,1520,0.012646748,287,0.002387906,872,0.00725524,21,0.000174725,463,0.003852266,4133,0.034387506,9301,0.07738645
26007,28911,27248,0.942478641,222,0.007678738,30,0.001037667,134,0.004634914,0,0,97,0.003355124,738,0.025526616,442,0.015288299
26009,23662,22075,0.932930437,148,0.006254754,107,0.004522018,85,0.003592258,0,0,106,0.004479757,558,0.023582115,583,0.024638661
26011,15031,14046,0.934468765,84,0.005588451,97,0.00645333,19,0.001264054,0,0,21,0.001397113,426,0.028341428,338,0.02248686
26013,8245,5946,0.721164342,639,0.077501516,916,0.111097635,45,0.005457853,11,0.001334142,12,0.001455428,525,0.063674955,151,0.01831413
26015,62581,57935,0.925760215,363,0.005800483,133,0.002125246,362,0.005784503,23,0.000367524,142,0.002269059,1421,0.022706572,2202,0.035186398
26017,103752,92264,0.889274424,1288,0.012414219,134,0.001291541,529,0.005098697,55,0.00053011,201,0.001937312,3318,0.031980106,5963,0.057473591
26019,18058,16680,0.923690331,130,0.007199025,190,0.010521652,57,0.003156496,0,0,171,0.009469487,384,0.021264813,446,0.024698195
26021,153938,113481,0.7371864,21433,0.139231379,469,0.003046681,2468,0.016032429,44,0.000285829,823,0.005346308,6137,0.0398667,9083,0.059004274
26023,44795,39818,0.88889385,824,0.01839491,86,0.001919857,209,0.004665699,0,0,73,0.001629646,1278,0.02852997,2507,0.055966068
26025,134011,102246,0.762967219,13271,0.099029184,367,0.002738581,3589,0.026781384,13,9.70E-05,270,0.00201476,6598,0.049234764,7657,0.057137101
26027,51604,43699,0.8468142,2495,0.048348965,499,0.009669793,465,0.009010929,6,0.00011627,430,0.008332687,1852,0.035888691,2158,0.041818464
26029,26174,24244,0.926262703,132,0.005043173,241,0.009207611,109,0.004164438,0,0,48,0.001833881,769,0.029380301,631,0.024107893
26031,25709,23206,0.902641098,203,0.007896068,479,0.018631608,143,0.005562254,3,0.000116691,46,0.001789257,1210,0.04706523,419,0.016297795
26033,36670,24807,0.676493046,1906,0.051977093,4648,0.126752113,313,0.008535588,22,0.000599945,297,0.008099264,3893,0.106163076,784,0.021379875
26035,30998,29088,0.938383121,212,0.006839151,119,0.003838957,102,0.003290535,0,0,32,0.001032325,732,0.023614427,713,0.023001484
26037,79249,70157,0.885273,1337,0.016870875,216,0.002725586,998,0.012593219,8,0.000100948,284,0.003583641,2441,0.03080165,3808,0.04805108
26039,13197,12207,0.924982951,40,0.003030992,27,0.00204592,122,0.009244525,0,0,35,0.002652118,461,0.034932182,305,0.023111313
26041,36839,33485,0.908955183,104,0.002823095,680,0.018458699,72,0.00195445,1,2.71E-05,67,0.001818725,1882,0.051087163,548,0.01487554
26043,25937,24251,0.934996337,214,0.008250761,98,0.003778386,150,0.005783244,59,0.002274743,53,0.002043413,648,0.024983614,464,0.017889501
26045,109072,88907,0.815122121,7519,0.068936116,295,0.002704635,2452,0.022480563,20,0.000183365,207,0.001897829,3351,0.030722825,6321,0.057952545
26047,34072,30427,0.893020662,283,0.00830594,846,0.024829772,88,0.002582766,17,0.000498943,204,0.005987321,1519,0.044582062,688,0.020192533
26049,405280,288406,0.711621595,78323,0.193256514,942,0.002324319,4003,0.009877122,48,0.000118437,1550,0.003824516,16652,0.041087643,15356,0.037889854
26051,25461,24002,0.942696673,66,0.0025922,61,0.002395821,126,0.004948745,0,0,48,0.001885236,640,0.025136483,518,0.020344841
26053,14597,13255,0.908063301,241,0.016510242,316,0.021648284,79,0.005412071,34,0.002329246,13,0.000890594,381,0.026101254,278,0.019045009
26055,95315,87513,0.918145098,701,0.007354561,653,0.006850968,633,0.006641137,53,0.000556051,107,0.001122594,2704,0.028369092,2951,0.030960499
26057,41534,35161,0.846559445,2339,0.056315308,88,0.002118746,234,0.005633938,13,0.000312997,93,0.002239129,859,0.020681851,2747,0.066138585
26059,45698,42713,0.934679855,304,0.00665237,64,0.001400499,159,0.003479365,0,0,145,0.003173005,1109,0.02426802,1204,0.026346886
26061,37414,34079,0.910862244,415,0.011092105,161,0.004303202,1046,0.027957449,20,0.000534559,303,0.008098573,720,0.019244133,670,0.017907735
26063,31461,29696,0.943898795,144,0.004577095,50,0.001589269,148,0.004704237,0,0,74,0.002352118,508,0.016146976,841,0.026731509
26065,282540,192417,0.681025695,32076,0.113527288,806,0.002852693,17835,0.063123805,15,5.31E-05,1527,0.005404544,14592,0.051645785,23272,0.082367098
26067,66663,57256,0.858887239,2599,0.038987144,133,0.00199511,323,0.004845266,12,0.00018001,48,0.00072004,2834,0.042512338,3458,0.051872853
26069,25319,23354,0.9223903,173,0.006832813,207,0.008175678,172,0.006793317,0,0,29,0.001145385,697,0.027528733,687,0.027133773
26071,11585,10786,0.931031506,85,0.007337074,123,0.010617177,71,0.006128615,0,0,38,0.003280104,221,0.019076392,261,0.022529132
26073,64938,54720,0.842649912,1584,0.024392497,1709,0.02631741,956,0.014721735,28,0.000431181,244,0.00375743,2857,0.043995811,2840,0.043734023
26075,160637,133342,0.830082733,12501,0.077821423,332,0.002066772,1280,0.007968276,20,0.000124504,284,0.001767961,6762,0.04209491,6116,0.03807342
26077,261426,198298,0.758524401,27756,0.106171536,385,0.001472692,6317,0.024163626,146,0.000558475,897,0.003431181,13384,0.051196132,14243,0.054481957
26079,17934,16567,0.923776068,167,0.009311921,143,0.007973681,105,0.005854801,0,0,3,0.00016728,482,0.026876324,467,0.026039924
26081,657321,472300,0.718522609,60789,0.09247993,1304,0.00198381,20438,0.031092875,148,0.000225156,2606,0.003964577,26896,0.040917603,72840,0.110813438
26083,2088,2001,0.958333333,0,0,7,0.00335249,0,0,0,0,0,0,47,0.022509579,33,0.015804598
26085,12285,9949,0.80984941,1212,0.098656899,81,0.006593407,38,0.003093203,3,0.0002442,94,0.007651608,532,0.043304843,376,0.030606431
26087,88687,80153,0.903773947,957,0.010790759,109,0.001229041,327,0.003687124,3,3.38E-05,283,0.003190998,2405,0.027117841,4450,0.050176463
26089,22426,20088,0.895746009,79,0.003522697,593,0.026442522,132,0.005886025,17,0.000758049,63,0.002809239,476,0.021225363,978,0.043610095
26091,99263,84864,0.854940915,2060,0.020752949,110,0.001108167,306,0.00308272,40,0.00040297,127,0.001279429,3292,0.033164422,8464,0.085268428
26093,194302,181205,0.932594621,1108,0.005702463,379,0.001950572,1627,0.008373563,22,0.000113226,383,0.001971158,4354,0.022408416,5224,0.026885982
26095,5442,4379,0.804667402,529,0.097206909,197,0.036199926,10,0.00183756,10,0.00183756,0,0,229,0.042080118,88,0.016170526
26097,10843,7793,0.718712533,408,0.037627963,1582,0.145900581,89,0.00820806,14,0.001291156,29,0.002674537,676,0.06234437,252,0.023240801
26099,878453,669918,0.76261109,107772,0.122683854,1306,0.001486704,39934,0.045459461,448,0.000509987,2047,0.002330233,31820,0.036222769,25208,0.028695901
26101,25058,21993,0.877683774,790,0.031526858,261,0.010415835,104,0.004150371,3,0.000119722,15,0.000598611,991,0.039548248,901,0.035956581
26103,66376,60688,0.914306376,1043,0.015713511,738,0.011118477,427,0.006433048,18,0.000271182,111,0.001672291,2225,0.033521152,1126,0.016963963
26105,29178,26322,0.902118034,323,0.011069984,126,0.004318322,143,0.004900953,0,0,37,0.001268079,828,0.028377545,1399,0.047947083
26107,40128,36215,0.902487041,1003,0.024995016,267,0.006653708,372,0.009270335,0,0,39,0.00097189,1168,0.029106858,1064,0.026515152
26109,23433,21592,0.921435582,120,0.005120983,498,0.02125208,89,0.003798063,0,0,7,0.000298724,628,0.026799812,499,0.021294755
26111,83503,75271,0.901416716,1253,0.015005449,296,0.003544783,1772,0.021220794,0,0,197,0.002359197,2098,0.025124846,2616,0.031328216
26113,15089,13894,0.920803234,73,0.004837961,34,0.002253297,59,0.003910133,0,0,31,0.002054477,509,0.033733183,489,0.032407714
26115,154823,139170,0.898897451,3274,0.021146729,120,0.000775079,569,0.003675165,12,7.75E-05,304,0.001963533,5240,0.033845101,6134,0.039619436
26117,66901,59266,0.885876145,2121,0.031703562,176,0.002630753,152,0.002272014,26,0.000388634,343,0.005126979,2341,0.034992003,2476,0.03700991
26119,9261,8768,0.946766008,27,0.002915452,61,0.006586762,22,0.002375553,0,0,4,0.000431919,241,0.026023108,138,0.014901199
26121,175947,132454,0.752806243,22958,0.130482475,1087,0.006177997,1181,0.006712249,40,0.000227341,120,0.000682024,7368,0.041876247,10739,0.061035425
26123,50130,44470,0.887093557,438,0.008737283,230,0.004588071,163,0.003251546,13,0.000259326,266,0.005306204,1502,0.029962099,3048,0.060801915
26125,1272264,889221,0.698928053,166018,0.130490213,1688,0.001326769,102650,0.08068294,366,0.000287676,5272,0.004143794,49198,0.038669647,57851,0.045470909
26127,26707,21509,0.805369379,243,0.009098738,149,0.005579062,25,0.000936084,3,0.00011233,31,0.001160744,636,0.023813981,4111,0.153929681
26129,20820,19507,0.936935639,101,0.004851105,66,0.003170029,164,0.007877041,4,0.000192123,17,0.000816523,492,0.023631124,469,0.022526417
26131,5862,5503,0.938758103,52,0.008870693,17,0.002900034,31,0.005288298,0,0,5,0.000852951,162,0.027635619,92,0.015694302
26133,23022,21299,0.925158544,217,0.009425767,52,0.002258709,79,0.0034315,0,0,105,0.004560855,733,0.03183911,537,0.023325515
26135,8264,7777,0.9410697,31,0.00375121,38,0.004598258,6,0.000726041,0,0,6,0.000726041,247,0.029888674,159,0.019240077
26137,25221,23699,0.939653463,199,0.00789025,78,0.003092661,121,0.004797589,2,7.93E-05,8,0.000317196,647,0.025653225,467,0.018516316
26139,296183,244537,0.825628075,4651,0.015703129,395,0.001333635,7724,0.026078472,61,0.000205954,1188,0.004011034,7390,0.024950791,30237,0.102088911
26141,13083,12406,0.948253459,42,0.003210273,23,0.001758007,53,0.004051059,0,0,27,0.002063747,318,0.024306352,214,0.016357105
26143,23556,21842,0.927237222,94,0.003990491,33,0.001400917,119,0.005051791,0,0,21,0.000891493,931,0.039522839,516,0.021905247
26145,189821,129622,0.682864383,34953,0.184136634,336,0.001770089,2266,0.011937562,53,0.00027921,207,0.001090501,5225,0.027525932,17159,0.090395689
26147,160257,144743,0.903192996,3625,0.022619917,181,0.001129436,692,0.004318064,22,0.000137279,266,0.001659834,4896,0.030550928,5832,0.036391546
26149,60887,51896,0.85233301,1309,0.021498842,24,0.000394173,323,0.005304909,0,0,92,0.001510996,2010,0.033011973,5233,0.085946097
26151,40759,37903,0.929929586,173,0.004244461,46,0.001128585,81,0.001987291,0,0,58,0.001422999,845,0.020731618,1653,0.04055546
26153,8062,6834,0.847680476,45,0.005581742,453,0.056189531,35,0.004341355,0,0,2,0.000248077,579,0.071818407,114,0.014140412
26155,68124,63549,0.932843051,449,0.006590922,127,0.001864248,198,0.002906465,0,0,156,0.002289942,1568,0.023016852,2077,0.030488521
26157,53218,48939,0.919594874,558,0.010485174,143,0.002687061,258,0.004847984,0,0,78,0.00146567,1222,0.022962156,2020,0.037957082
26159,75636,60368,0.798138453,2548,0.033687662,213,0.002816119,472,0.006240415,0,0,128,0.001692316,2933,0.038777831,8974,0.118647205
26161,370231,254046,0.68618241,42224,0.114047716,664,0.001793475,33872,0.091488827,121,0.000326823,1609,0.004345935,18787,0.050743995,18908,0.051070818
26163,1781641,866868,0.486555934,666184,0.373915957,3226,0.00181069,61215,0.034358774,314,0.000176242,7876,0.004420644,63259,0.035506031,112699,0.063255729
26165,33766,31076,0.920334064,289,0.008558905,115,0.003405793,154,0.004560801,15,0.000444234,8,0.000236925,1331,0.03941835,778,0.023040929
27001,15859,14743,0.929629863,68,0.004287786,291,0.018349202,24,0.001513336,5,0.000315278,96,0.006053345,403,0.025411438,229,0.01443975
27003,363985,282295,0.775567674,28273,0.077676278,1674,0.004599091,18889,0.051894996,37,0.000101653,788,0.002164924,13408,0.036836683,18621,0.051158702
27005,35202,30087,0.854695756,264,0.007499574,1774,0.050394864,241,0.006846202,4,0.00011363,109,0.003096415,1918,0.054485541,805,0.022868019
27007,46274,32741,0.707546354,434,0.009378917,8689,0.187772831,304,0.006569564,42,0.000907637,184,0.003976315,2672,0.057743009,1208,0.026105372
27009,41300,36020,0.872154964,2271,0.054987893,107,0.002590799,415,0.010048426,6,0.000145278,107,0.002590799,1106,0.026779661,1268,0.030702179
27011,5161,4910,0.951366014,7,0.001356326,17,0.003293935,31,0.006006588,0,0,2,0.000387522,79,0.015307111,115,0.022282503
27013,69022,59457,0.861420996,3194,0.046275101,72,0.001043146,1693,0.024528411,33,0.000478108,86,0.00124598,1633,0.023659123,2854,0.041349135
27015,25880,23899,0.923454405,209,0.008075734,46,0.001777434,139,0.005370943,2,7.73E-05,25,0.000965997,306,0.011823802,1254,0.048454405
27017,36362,31841,0.875666905,724,0.019910896,1409,0.038749244,161,0.004427699,2,5.50E-05,36,0.000990045,1516,0.041691876,673,0.018508333
27019,107216,93189,0.869170646,1713,0.015977093,156,0.001455007,3480,0.032457842,28,0.000261155,549,0.005120504,3365,0.031385241,4736,0.044172512
27021,30288,24401,0.805632594,144,0.004754358,2765,0.09129028,151,0.004985473,2,6.60E-05,145,0.004787375,1938,0.063985737,742,0.024498151
27023,12466,10634,0.85304027,142,0.011390983,157,0.012594256,154,0.012353602,191,0.015321675,48,0.003850473,125,0.010027274,1015,0.081421466
27025,56927,52014,0.913696488,613,0.010768177,233,0.004092961,725,0.012735609,19,0.000333761,103,0.001809335,1767,0.031039753,1453,0.025523917
27027,65307,55436,0.848852344,2820,0.04318067,740,0.011331098,941,0.014408869,135,0.00206716,102,0.001561854,1957,0.02996616,3176,0.048631847
27029,8541,7113,0.832806463,15,0.001756235,552,0.064629434,56,0.006556609,0,0,23,0.002692893,568,0.066502751,214,0.025055614
27031,5611,4749,0.846373196,18,0.003207984,413,0.073605418,50,0.008911068,4,0.000712885,17,0.003029763,218,0.038852255,142,0.025307432
27033,11481,9585,0.834857591,178,0.015503876,15,0.001306506,430,0.037453184,39,0.003396917,8,0.000696803,177,0.015416776,1049,0.091368348
27035,66558,62397,0.937483097,406,0.006099943,470,0.00706151,288,0.004327053,0,0,399,0.005994771,1522,0.022867274,1076,0.016166351
27037,439179,331160,0.75404334,30600,0.069675463,782,0.001780595,22502,0.051236512,26,5.92E-05,1937,0.004410502,18393,0.041880418,33779,0.076913969
27039,20893,18937,0.906380127,160,0.007658067,56,0.002680324,114,0.005456373,0,0,101,0.004834155,459,0.021969081,1066,0.051021873
27041,39081,36980,0.946239861,148,0.003787006,100,0.002558788,191,0.004887285,120,0.003070546,84,0.002149382,691,0.017681226,767,0.019625905
27043,13931,12369,0.88787596,64,0.004594071,34,0.0024406,66,0.004737635,0,0,80,0.005742588,246,0.01765846,1072,0.076950686
27045,21251,20150,0.948190673,96,0.004517434,11,0.000517623,121,0.00569385,0,0,55,0.002588114,416,0.019575549,402,0.018916757
27047,30857,25557,0.828239946,345,0.011180607,34,0.001101857,909,0.02945847,8,0.00025926,4,0.00012963,716,0.023203811,3284,0.106426419
27049,47697,43114,0.903914292,749,0.015703294,479,0.01004256,407,0.008533031,0,0,247,0.005178523,973,0.020399606,1728,0.036228694
27051,6091,5684,0.933180102,38,0.006238713,28,0.004596946,8,0.001313413,0,0,20,0.003283533,159,0.026104088,154,0.025283205
27053,1270787,850175,0.669014556,167289,0.131642045,5687,0.00447518,90086,0.070889929,262,0.000206171,8485,0.006676965,58925,0.046368904,89878,0.070726251
27055,18826,17704,0.940401572,107,0.005683629,40,0.002124721,93,0.004939977,0,0,0,0,615,0.032667587,267,0.014182514
27057,21479,19621,0.913496904,146,0.006797337,489,0.022766423,58,0.002700312,0,0,20,0.000931142,577,0.026863448,568,0.026444434
27059,41257,38125,0.92408561,389,0.009428703,134,0.003247934,742,0.017984827,4,9.70E-05,19,0.000460528,848,0.020554088,996,0.024141358
27061,45054,40182,0.891863098,274,0.006081591,1285,0.02852133,125,0.002774448,26,0.000577085,130,0.002885426,2267,0.050317397,765,0.016979624
27063,9990,9091,0.91001001,27,0.002702703,3,0.0003003,146,0.014614615,0,0,11,0.001101101,286,0.028628629,426,0.042642643
27065,16145,15101,0.935336017,66,0.004087953,60,0.003716321,69,0.004273769,0,0,5,0.000309693,552,0.034190152,292,0.018086095
27067,43686,33876,0.775442934,2624,0.060065009,165,0.003776954,487,0.011147736,0,0,75,0.001716797,742,0.016984846,5717,0.130865724
27069,4191,3937,0.939393939,34,0.008112622,10,0.002386065,21,0.005010737,0,0,5,0.001193033,128,0.030541637,56,0.013361966
27071,12072,10972,0.908880053,91,0.007538105,218,0.018058317,83,0.006875414,0,0,0,0,540,0.04473161,168,0.013916501
27073,6736,6337,0.940766033,31,0.004602138,7,0.001039192,47,0.006977435,0,0,6,0.000890736,132,0.0195962,176,0.026128266
27075,10915,10375,0.950526798,31,0.002840128,33,0.003023362,15,0.001374256,0,0,0,0,284,0.02601924,177,0.016216216
27077,3786,3468,0.916006339,15,0.003961965,81,0.021394612,4,0.001056524,0,0,6,0.001584786,193,0.050977285,19,0.005018489
27079,28795,25928,0.900434103,251,0.008716791,114,0.003959021,125,0.004341031,0,0,38,0.001319674,423,0.01469005,1916,0.06653933
27081,5630,5324,0.945648313,9,0.001598579,6,0.001065719,19,0.003374778,3,0.00053286,1,0.00017762,143,0.025399645,125,0.022202487
27083,25352,20845,0.822223099,731,0.028834017,10,0.000394446,1233,0.048635216,1,3.94E-05,35,0.001380562,563,0.022207321,1934,0.076285895
27085,36727,32848,0.894382879,184,0.005009938,42,0.001143573,245,0.006670842,0,0,78,0.002123778,788,0.021455605,2542,0.069213385
27087,5389,2403,0.445908332,12,0.002226758,1889,0.350528855,24,0.004453516,9,0.001670069,7,0.001298942,787,0.146038226,258,0.047875302
27089,9017,8303,0.920816236,30,0.003327049,31,0.003437951,25,0.002772541,0,0,17,0.001885328,174,0.019296884,437,0.048464012
27091,19960,18150,0.909318637,122,0.006112224,24,0.001202405,98,0.00490982,2,0.0001002,152,0.00761523,336,0.016833667,1076,0.053907816
27093,23352,21724,0.930284344,75,0.003211716,15,0.000642343,49,0.002098321,0,0,61,0.002612196,430,0.01841384,998,0.042737239
27095,26680,23529,0.881896552,108,0.004047976,1177,0.044115442,160,0.005997001,26,0.000974513,67,0.002511244,905,0.03392054,708,0.026536732
27097,34023,32347,0.950739206,110,0.003233107,27,0.000793581,111,0.003262499,0,0,92,0.002704053,732,0.021514858,604,0.017752697
27099,40082,30078,0.750411656,1529,0.038146799,14,0.000349284,2165,0.054014271,190,0.004740282,155,0.003867073,887,0.022129634,5064,0.126341001
27101,8170,7382,0.903549572,47,0.005752754,2,0.000244798,110,0.013463892,0,0,73,0.008935129,176,0.021542228,380,0.046511628
27103,34380,29770,0.865910413,1037,0.030162885,73,0.002123328,502,0.014601513,0,0,72,0.002094241,1224,0.035602094,1702,0.049505526
27105,22194,12357,0.556772101,1094,0.049292602,43,0.001937461,1080,0.0486618,0,0,15,0.000675858,947,0.04266919,6658,0.299990989
27107,6457,5681,0.87982035,75,0.011615301,118,0.018274741,8,0.001238965,0,0,0,0,222,0.034381292,353,0.054669351
27109,162307,125916,0.775789091,11317,0.06972589,202,0.001244555,10062,0.061993629,106,0.000653083,528,0.003253094,5527,0.034052752,8649,0.053287905
27111,60072,54732,0.911106672,600,0.009988014,138,0.002297243,298,0.004960714,30,0.000499401,197,0.003279398,1833,0.030513384,2244,0.037355174
27113,13995,12454,0.889889246,169,0.012075741,163,0.011647017,175,0.012504466,0,0,56,0.004001429,342,0.024437299,636,0.045444802
27115,29090,25690,0.883121348,616,0.021175662,578,0.019869371,303,0.01041595,0,0,34,0.001168787,962,0.033069783,907,0.031179099
27117,9380,7994,0.852238806,59,0.006289979,83,0.008848614,80,0.008528785,0,0,21,0.002238806,428,0.045628998,715,0.076226013
27119,31128,26418,0.848689283,752,0.024158314,375,0.012047032,334,0.010729889,8,0.000257003,229,0.007356721,894,0.028720123,2118,0.068041635
27121,11312,10670,0.94324611,50,0.004420085,18,0.001591231,89,0.007867751,0,0,30,0.002652051,245,0.021658416,210,0.018564356
27123,547202,326115,0.595968216,64532,0.117930856,2101,0.003839533,81680,0.14926846,100,0.000182748,2153,0.003934562,28508,0.052097763,42013,0.076777863
27125,3912,3566,0.911554192,32,0.008179959,60,0.015337423,0,0,0,0,0,0,105,0.026840491,149,0.038087935
27127,15428,13247,0.858633653,106,0.006870625,566,0.036686544,400,0.025926886,0,0,33,0.002138968,478,0.030982629,598,0.038760695
27129,14707,12647,0.859930645,90,0.006119535,109,0.007411437,118,0.00802339,0,0,29,0.00197185,323,0.021962331,1391,0.094580812
27131,67152,53811,0.801331308,4258,0.063408387,159,0.002367763,1440,0.021443888,52,0.000774363,36,0.000536097,1536,0.022873481,5860,0.087264713
27133,9659,8950,0.926596956,16,0.001656486,65,0.006729475,67,0.006936536,0,0,0,0,235,0.024329641,326,0.033750906
27135,15294,13710,0.896429973,129,0.00843468,199,0.013011639,462,0.030207925,0,0,34,0.002223094,512,0.033477181,248,0.016215509
27137,200122,180574,0.902319585,3132,0.015650453,3374,0.016859716,1914,0.009564166,34,0.000169896,363,0.001813894,6949,0.034723818,3782,0.018898472
27139,151347,117789,0.778271125,7635,0.050446986,556,0.003673677,9624,0.063588971,14,9.25E-05,692,0.004572274,6520,0.04307981,8517,0.056274654
27141,97820,85839,0.877519935,3119,0.031885095,247,0.002525046,1302,0.013310162,0,0,550,0.005622572,3845,0.03930689,2918,0.029830301
27143,14950,13082,0.875050167,143,0.009565217,39,0.002608696,67,0.004481605,9,0.000602007,15,0.001003344,208,0.013913043,1387,0.09277592
27145,158622,131729,0.830458574,12732,0.080266293,162,0.001021296,2973,0.018742671,37,0.000233259,339,0.002137156,4672,0.02945367,5978,0.03768708
27147,37396,31819,0.850866403,1140,0.030484544,52,0.001390523,158,0.004225051,0,0,53,0.001417264,1081,0.028906835,3093,0.082709381
27149,9682,8272,0.854368932,151,0.015595951,144,0.01487296,103,0.010638298,33,0.003408387,9,0.00092956,202,0.020863458,768,0.079322454
27151,9806,8642,0.881297165,85,0.008668162,44,0.004487049,0,0,78,0.007954314,12,0.001223741,387,0.039465633,558,0.056903936
27153,25277,22179,0.877437987,112,0.004430906,59,0.002334138,122,0.004826522,54,0.002136329,56,0.002215453,815,0.03224275,1880,0.074375915
27155,3345,2885,0.862481315,19,0.00568012,185,0.055306428,0,0,0,0,18,0.005381166,91,0.027204783,147,0.043946188
27157,21460,20169,0.939841566,45,0.002096925,48,0.002236719,117,0.005452004,92,0.004287046,15,0.000698975,297,0.013839702,677,0.031547064
27159,14108,12928,0.916359512,76,0.005387014,24,0.001701162,71,0.005032606,0,0,4,0.000283527,694,0.049191948,311,0.02204423
27161,18953,16771,0.884873107,159,0.008389173,173,0.009127843,159,0.008389173,0,0,10,0.000527621,451,0.023795705,1230,0.064897378
27163,268651,214472,0.798329431,12826,0.047742238,489,0.001820205,18550,0.069048691,83,0.000308951,798,0.002970397,8953,0.033325765,12480,0.046454322
27165,11205,7806,0.69665328,45,0.004016064,7,0.000624721,157,0.014011602,0,0,16,0.001427934,130,0.011601963,3044,0.271664436
27167,6454,5932,0.919119926,31,0.004803223,18,0.002788968,4,0.000619771,0,0,27,0.004183452,209,0.032383018,233,0.036101642
27169,49792,44936,0.902474293,678,0.013616645,119,0.002389942,1180,0.023698586,4,8.03E-05,72,0.001446015,1215,0.02440151,1588,0.031892674
27171,142543,128129,0.898879636,2010,0.014101008,204,0.001431147,1902,0.013343342,7,4.91E-05,599,0.004202241,4931,0.03459307,4761,0.033400448
27173,9569,8474,0.88556798,78,0.008151322,216,0.022572892,53,0.005538719,0,0,0,0,257,0.026857561,491,0.051311527
28001,29425,10834,0.368190314,15707,0.533797791,57,0.001937128,264,0.008971963,0,0,158,0.005369584,354,0.012030586,2051,0.069702634
28003,34717,28038,0.807615865,3274,0.094305384,20,0.000576087,139,0.004003802,44,0.001267391,31,0.000892934,1960,0.056456491,1211,0.034882046
28005,12683,7348,0.579358196,5101,0.40219191,11,0.000867303,4,0.000315383,0,0,26,0.002049988,184,0.014507609,9,0.000709611
28007,17842,9387,0.526118148,7528,0.421925793,21,0.001176998,47,0.002634234,0,0,0,0,462,0.025893958,397,0.022250869
28009,7637,4593,0.601414168,2514,0.329186853,0,0,30,0.003928244,5,0.000654707,3,0.000392824,253,0.033128192,239,0.031295011
28011,30688,9443,0.307709854,19386,0.631712722,4,0.000130344,246,0.008016163,0,0,82,0.002672054,829,0.027013816,698,0.022745047
28013,13193,8419,0.638141439,3746,0.283938452,0,0,0,0,0,0,7,0.000530584,167,0.012658228,854,0.064731297
28015,9930,6281,0.632527694,3555,0.358006042,0,0,0,0,0,0,0,0,83,0.00835851,11,0.001107754
28017,17024,8358,0.490953947,7445,0.437323778,5,0.000293703,30,0.001762218,0,0,0,0,322,0.018914474,864,0.05075188
28019,8208,5502,0.670321637,2397,0.292032164,9,0.001096491,35,0.004264133,0,0,15,0.001827485,105,0.012792398,145,0.017665692
28021,9044,1000,0.110570544,7751,0.857032287,0,0,11,0.001216276,0,0,6,0.000663423,256,0.028306059,20,0.002211411
28023,15553,9730,0.625602778,5342,0.343470713,11,0.000707259,13,0.000835852,0,0,0,0,205,0.013180737,252,0.016202662
28025,18598,7067,0.379987095,11161,0.600118292,4,0.000215077,7,0.000376385,0,0,0,0,330,0.017743843,29,0.001559307
28027,21264,4170,0.196106095,16148,0.759405568,74,0.00348006,40,0.001881114,0,0,13,0.000611362,438,0.020598194,381,0.017917607
28029,28210,12260,0.43459766,14400,0.510457285,5,0.000177242,36,0.001276143,0,0,164,0.005813541,315,0.011166253,1030,0.036511875
28031,18323,10901,0.594935327,6394,0.348960323,0,0,22,0.001200677,32,0.001746439,16,0.000873219,493,0.026906074,465,0.02537794
28033,186214,111287,0.597629609,57322,0.307828627,246,0.001321061,2384,0.012802475,11,5.91E-05,281,0.001509017,4990,0.026797126,9693,0.052053014
28035,77917,44322,0.568836069,28101,0.360653003,67,0.000859889,668,0.008573225,165,0.002117638,17,0.000218181,2074,0.026618068,2503,0.032123927
28037,7690,4809,0.625357607,2749,0.357477243,9,0.001170351,0,0,0,0,18,0.002340702,103,0.013394018,2,0.000260078
28039,24547,21195,0.863445635,1888,0.076913676,58,0.002362814,159,0.00647737,0,0,0,0,459,0.018698823,788,0.032101682
28041,13672,9687,0.708528379,3478,0.254388531,96,0.00702165,1,7.31E-05,0,0,0,0,232,0.016968988,178,0.01301931
28043,21474,11079,0.515926236,9633,0.448588991,12,0.000558815,21,0.000977927,0,0,150,0.006985191,486,0.02263202,93,0.004330819
28045,46010,38790,0.843077592,3152,0.068506846,295,0.00641165,221,0.004803304,0,0,279,0.006063899,1475,0.032058248,1798,0.039078461
28047,208748,130325,0.624317359,51423,0.246340085,310,0.001485044,4871,0.023334355,63,0.000301799,590,0.002826374,9503,0.045523789,11663,0.055871194
28049,226541,53578,0.23650465,164769,0.727325297,149,0.000657718,1685,0.007437947,22,9.71E-05,278,0.001227151,2479,0.010942832,3581,0.015807293
28051,16848,2541,0.150819088,13980,0.82977208,23,0.001365147,33,0.001958689,0,0,0,0,193,0.011455366,78,0.00462963
28053,7744,1547,0.199767562,6084,0.785640496,7,0.000903926,13,0.001678719,17,0.002195248,0,0,52,0.006714876,24,0.003099174
28055,1206,332,0.275290216,849,0.7039801,0,0,0,0,0,0,0,0,13,0.010779436,12,0.009950249
28057,23888,21211,0.887935365,1439,0.060239451,89,0.00372572,49,0.002051239,6,0.000251172,54,0.002260549,610,0.025535834,430,0.01800067
28059,143721,95926,0.667445954,29149,0.202816568,253,0.001760355,3243,0.022564552,29,0.00020178,806,0.005608088,4100,0.028527494,10215,0.071075208
28061,16320,7207,0.441605392,8787,0.538419118,0,0,2,0.000122549,0,0,0,0,192,0.011764706,132,0.008088235
28063,7207,939,0.130289996,5561,0.771610934,17,0.002358818,33,0.004578882,0,0,0,0,47,0.006521437,610,0.084639933
28065,11291,4235,0.375077495,6889,0.610131964,0,0,11,0.000974227,0,0,0,0,134,0.011867859,22,0.001948455
28067,67152,43122,0.642155111,19433,0.289388254,253,0.003767572,213,0.003171909,0,0,38,0.00056588,924,0.013759828,3169,0.047191446
28069,8980,2996,0.33363029,5552,0.618262806,341,0.037973274,3,0.000334076,0,0,0,0,20,0.002227171,68,0.007572383
28071,56172,39287,0.699405398,13096,0.233141067,48,0.000854518,1276,0.022715944,0,0,83,0.001477605,913,0.01625365,1469,0.026151819
28073,64425,46616,0.723570043,13481,0.209251067,83,0.00128832,781,0.012122623,0,0,87,0.001350407,1386,0.021513388,1991,0.030904152
28075,72741,37326,0.513135646,31564,0.433923097,75,0.001031055,540,0.007423599,11,0.000151221,260,0.003574325,1330,0.018284049,1635,0.022477007
28077,11933,7648,0.640911757,3755,0.314673594,40,0.003352049,25,0.002095031,0,0,5,0.000419006,179,0.015000419,281,0.023548144
28079,21335,10173,0.476822123,8482,0.39756269,1210,0.056714319,80,0.003749707,0,0,0,0,292,0.013686431,1098,0.051464729
28081,83343,53057,0.636610153,24770,0.297205524,106,0.001271852,858,0.010294806,166,0.001991769,435,0.005219395,1460,0.017517968,2491,0.029888533
28083,27920,5920,0.212034384,20841,0.746454155,16,0.000573066,97,0.003474212,0,0,76,0.002722063,158,0.005659026,812,0.029083095
28085,34855,23389,0.671037154,10527,0.302022665,0,0,192,0.005508535,0,0,4,0.000114761,281,0.008061971,462,0.013254913
28087,58547,29248,0.499564452,26042,0.444805028,61,0.001041898,642,0.010965549,0,0,260,0.004440877,879,0.015013579,1415,0.024168617
28089,109257,60007,0.549227967,41056,0.37577455,20,0.000183055,2964,0.027128697,39,0.000356957,334,0.003057012,1456,0.013326377,3381,0.030945386
28091,24362,15475,0.635210574,7862,0.322715705,34,0.001395616,15,0.000615713,0,0,183,0.007511699,371,0.015228635,422,0.017322059
28093,33980,16006,0.471041789,15475,0.45541495,14,0.000412007,40,0.001177163,0,0,167,0.004914656,826,0.024308417,1452,0.042731018
28095,34168,22797,0.667203231,10302,0.301510185,9,0.000263404,94,0.002751112,0,0,0,0,456,0.013345821,510,0.014926247
28097,9803,5110,0.521268999,4505,0.459553198,0,0,0,0,0,0,0,0,126,0.012853208,62,0.006324595
28099,28970,16729,0.577459441,6596,0.227683811,4631,0.159855022,172,0.005937176,17,0.000586814,214,0.007386952,549,0.018950639,62,0.002140145
28101,21275,12605,0.592479436,6638,0.312009401,694,0.032620447,101,0.004747356,0,0,530,0.024911868,258,0.01212691,449,0.021104583
28103,10261,2622,0.25553065,7552,0.735990644,41,0.003995712,0,0,0,0,0,0,18,0.001754215,28,0.002728779
28105,51388,28755,0.559566436,18814,0.366116603,38,0.000739472,1574,0.030629719,32,0.000622713,75,0.001459485,1187,0.023098778,913,0.017766794
28107,33157,15548,0.46892059,16439,0.495792744,39,0.001176222,104,0.003136593,138,0.004162017,40,0.001206382,643,0.019392587,206,0.006212866
28109,56351,45306,0.80399638,7035,0.124842505,49,0.00086955,241,0.004276765,0,0,350,0.00621107,1454,0.025802559,1916,0.034001171
28111,11511,8915,0.774476588,1333,0.115802276,4,0.000347494,206,0.017895926,0,0,2,0.000173747,243,0.021110242,808,0.070193728
28113,40098,16982,0.423512395,21636,0.539578034,160,0.003990224,219,0.005461619,0,0,12,0.000299267,447,0.011147688,642,0.016010774
28115,31202,23420,0.750592911,4500,0.144221524,52,0.00166656,0,0,0,0,33,0.001057625,871,0.027914877,2326,0.074546503
28117,24945,19937,0.799238324,2669,0.10699539,37,0.001483263,612,0.024533975,0,0,242,0.009701343,1074,0.04305472,374,0.014992985
28119,6113,1514,0.247668902,4391,0.718305251,19,0.00310813,8,0.001308686,0,0,0,0,155,0.025355799,26,0.004253231
28121,157185,113901,0.724630213,33877,0.21552311,166,0.00105608,1940,0.012342145,0,0,549,0.0034927,2460,0.015650348,4292,0.027305404
28123,27943,13612,0.487134524,9955,0.35626096,28,0.00100204,28,0.00100204,0,0,48,0.001717783,976,0.034928247,3296,0.117954407
28125,3910,1035,0.264705882,2836,0.725319693,0,0,0,0,0,0,0,0,11,0.002813299,28,0.007161125
28127,25889,15843,0.611958747,9081,0.350766735,40,0.001545058,149,0.00575534,0,0,0,0,254,0.009811117,522,0.020163004
28129,14310,10517,0.734940601,3479,0.243116702,0,0,54,0.003773585,53,0.003703704,13,0.000908456,128,0.008944794,66,0.004612159
28131,18360,13993,0.762145969,2960,0.161220044,25,0.001361656,94,0.005119826,17,0.000925926,28,0.001525054,821,0.044716776,422,0.022984749
28133,25867,6096,0.235667066,19017,0.735183825,34,0.001314416,16,0.000618549,0,0,33,0.001275757,185,0.00715197,486,0.018788418
28135,12621,4403,0.348863006,7755,0.614452104,1,7.92E-05,8,0.000633864,0,0,19,0.001505427,195,0.01545044,240,0.019015926
28137,28094,18043,0.642236777,8542,0.304050687,14,0.000498327,10,0.000355948,19,0.000676301,13,0.000462732,507,0.018046558,946,0.03367267
28139,21769,16776,0.770637145,3166,0.145436171,3,0.000137811,0,0,9,0.000413432,81,0.003720888,700,0.032155818,1034,0.047498737
28141,18837,17138,0.909805171,249,0.013218665,82,0.004353135,121,0.006423528,0,0,75,0.003981526,509,0.027021288,663,0.035196687
28143,9787,1792,0.183100031,7858,0.802901809,0,0,0,0,0,0,0,0,8,0.000817411,129,0.01318075
28145,27880,21529,0.772202296,4374,0.156886657,47,0.001685796,69,0.002474892,0,0,154,0.005523673,437,0.015674319,1270,0.045552367
28147,13888,7320,0.527073733,5681,0.40905818,49,0.003528226,23,0.001656106,0,0,0,0,485,0.034922235,330,0.023761521
28149,44341,20745,0.467851424,21576,0.486592544,36,0.00081189,280,0.006314697,9,0.000202972,71,0.001601227,670,0.015110169,954,0.021515076
28151,44604,10854,0.243341404,32075,0.71910591,19,0.000425971,364,0.008160703,1,2.24E-05,60,0.001345171,446,0.009999103,785,0.017599318
28153,19760,11280,0.570850202,7487,0.378896761,0,0,8,0.000404858,0,0,74,0.003744939,188,0.00951417,723,0.036589069
28155,9942,7772,0.781734058,1838,0.184872259,12,0.001207001,80,0.008046671,0,0,5,0.000502917,78,0.007845504,157,0.015791591
28157,8531,2355,0.276052045,5748,0.673777986,0,0,0,0,0,0,146,0.017114055,129,0.015121322,153,0.017934591
28159,17741,8793,0.495631588,8284,0.466940984,93,0.005242095,19,0.001070966,0,0,0,0,287,0.016177217,265,0.014937151
28161,12499,7220,0.577646212,4791,0.383310665,24,0.001920154,13,0.001040083,0,0,0,0,121,0.009680774,330,0.026402112
28163,27467,9304,0.338733753,16598,0.604288783,105,0.003822769,12,0.000436888,0,0,0,0,362,0.013179452,1086,0.039538355
29001,25299,22367,0.884106091,1043,0.041226926,89,0.003517926,472,0.018656864,13,0.000513854,7,0.000276691,606,0.023953516,702,0.027748132
29003,18069,16799,0.929713875,140,0.007748077,5,0.000276717,125,0.006917926,0,0,2,0.000110687,513,0.028391167,485,0.026841552
29005,5270,4974,0.943833017,16,0.003036053,16,0.003036053,11,0.002087287,6,0.00113852,2,0.000379507,160,0.030360531,85,0.016129032
29007,24873,21632,0.869698066,1190,0.047843043,40,0.00160817,124,0.004985325,32,0.001286536,52,0.00209062,947,0.038073413,856,0.034414827
29009,34701,28146,0.811100545,107,0.003083485,111,0.003198755,507,0.01461053,14,0.000403447,4,0.00011527,2393,0.068960549,3419,0.09852742
29011,11683,10596,0.906958829,33,0.002824617,117,0.010014551,3,0.000256783,3,0.000256783,34,0.002910211,530,0.04536506,367,0.031413164
29013,16101,14842,0.921806099,346,0.021489348,69,0.004285448,65,0.004037016,10,0.000621079,0,0,335,0.020806161,434,0.026954848
29015,19616,18163,0.925927814,135,0.006882137,131,0.006678222,17,0.000866639,8,0.00040783,60,0.003058728,660,0.033646003,442,0.022532626
29017,10658,10003,0.938543817,59,0.005535748,17,0.001595046,6,0.000562957,0,0,61,0.0057234,332,0.03115031,180,0.016888722
29019,184043,142342,0.773417082,16765,0.091092842,302,0.001640921,8670,0.047108556,117,0.000635721,877,0.004765191,8258,0.044869949,6712,0.036469738
29021,84544,68540,0.81070212,4844,0.057295609,212,0.00250757,1131,0.01337765,70,0.000827971,94,0.001111847,3753,0.044391086,5900,0.069786147
29023,42280,36630,0.866367077,2166,0.051229896,148,0.003500473,82,0.001939451,29,0.000685904,338,0.007994324,1864,0.044087039,1023,0.024195837
29025,8876,8260,0.930599369,32,0.003605228,47,0.005295178,37,0.004168544,8,0.000901307,3,0.00033799,245,0.027602524,244,0.02748986
29027,44517,39598,0.889502887,1889,0.042433228,148,0.003324573,57,0.00128041,97,0.002178943,147,0.003302109,1591,0.035739156,990,0.022238695
29029,43227,40143,0.928655701,369,0.008536331,111,0.00256784,184,0.004256599,0,0,29,0.000670877,1039,0.024035903,1352,0.031276748
29031,81703,69106,0.845819615,6175,0.07557862,71,0.000869001,1269,0.015531865,84,0.001028114,95,0.001162748,2794,0.034197031,2109,0.025813006
29033,8513,7997,0.93938682,118,0.013861154,3,0.000352402,6,0.000704804,0,0,0,0,229,0.026900035,160,0.018794784
29035,5299,4914,0.927344782,54,0.010190602,0,0,6,0.001132289,0,0,0,0,202,0.0381204,123,0.023211927
29037,108205,92486,0.854729449,4634,0.042826117,290,0.002680098,630,0.005822282,125,0.001155215,664,0.0061365,4112,0.038001941,5264,0.048648399
29039,14314,13273,0.927273997,50,0.003493084,30,0.00209585,0,0,0,0,78,0.005449211,512,0.035769177,371,0.025918681
29041,7417,6959,0.938249966,196,0.026425779,7,0.000943778,0,0,0,0,41,0.005527841,139,0.018740731,75,0.010111905
29043,89568,81999,0.915494373,670,0.00748035,192,0.002143623,781,0.008719632,71,0.000792694,249,0.002780011,2512,0.028045731,3094,0.034543587
29045,6693,6408,0.957418198,11,0.001643508,38,0.005677574,62,0.00926341,0,0,0,0,110,0.016435081,64,0.009562229
29047,253085,199349,0.787676077,16133,0.063745382,682,0.002694747,5611,0.022170417,804,0.003176798,583,0.002303574,11310,0.044688543,18613,0.073544461
29049,21155,19577,0.925407705,177,0.008366816,36,0.001701725,108,0.005105176,14,0.000661782,47,0.002221697,675,0.031907351,521,0.024627748
29051,76890,61649,0.801781766,8718,0.113382755,91,0.001183509,1163,0.015125504,8,0.000104045,439,0.005709455,2476,0.032201847,2346,0.03051112
29053,16893,14831,0.877937607,922,0.05457882,32,0.001894276,56,0.003314983,0,0,69,0.004084532,619,0.036642396,364,0.021547386
29055,23023,21387,0.928940625,119,0.005168744,28,0.001216175,59,0.002562655,57,0.002475785,80,0.003474786,770,0.033444816,523,0.022716414
29057,7598,7062,0.92945512,42,0.00552777,28,0.00368518,27,0.003553567,1,0.000131614,2,0.000263227,259,0.034087918,177,0.023295604
29059,17158,16020,0.933675254,15,0.000874228,33,0.001923301,20,0.001165637,0,0,0,0,653,0.038058049,417,0.024303532
29061,8418,8028,0.953670706,45,0.005345688,18,0.002138275,26,0.00308862,11,0.001306724,0,0,146,0.017343787,144,0.017106201
29063,11838,10030,0.847271499,968,0.081770569,60,0.005068424,108,0.009123163,0,0,9,0.000760264,323,0.027285014,340,0.028721068
29065,14509,13411,0.924322834,61,0.004204287,21,0.001447377,133,0.009166724,14,0.000964918,0,0,576,0.039699497,293,0.020194362
29067,11803,11035,0.934931797,56,0.004744556,125,0.010590528,14,0.001186139,0,0,0,0,455,0.038549521,118,0.009997458
29069,28174,21633,0.767835593,2219,0.078760559,5,0.000177469,68,0.002413573,0,0,41,0.001455242,2187,0.07762476,2021,0.071732803
29071,104858,95285,0.908705106,901,0.008592573,87,0.000829693,369,0.003519045,47,0.000448225,190,0.001811974,5953,0.056772015,2026,0.019321368
29073,14801,13977,0.944328086,129,0.008715627,33,0.002229579,24,0.001621512,62,0.004188906,0,0,456,0.030808729,120,0.00810756
29075,6219,5890,0.947097604,31,0.004984724,18,0.002894356,98,0.01575816,0,0,7,0.001125583,47,0.007557485,128,0.020582087
29077,299188,256932,0.858764389,8899,0.02974384,627,0.002095672,5734,0.019165207,395,0.00132024,1241,0.004147894,12978,0.043377408,12382,0.04138535
29079,9878,9209,0.93227374,39,0.003948168,23,0.002328407,93,0.009414861,0,0,33,0.003340757,216,0.021866775,265,0.026827293
29081,8190,7696,0.93968254,83,0.01013431,29,0.003540904,33,0.004029304,1,0.0001221,0,0,129,0.015750916,219,0.026739927
29083,22064,20367,0.923087382,160,0.007251632,62,0.002810007,49,0.002220812,1,4.53E-05,12,0.000543872,786,0.03562364,627,0.028417331
29085,8452,7933,0.938594416,12,0.001419782,1,0.000118315,41,0.004850923,0,0,0,0,285,0.03371983,180,0.021296735
29087,4274,4048,0.947122134,28,0.00655124,11,0.002573701,23,0.005381376,0,0,0,0,103,0.024099204,61,0.014272344
29089,10142,8849,0.872510353,586,0.057779531,51,0.005028594,30,0.002957996,9,0.000887399,44,0.004338395,374,0.036876356,199,0.019621376
29091,39960,37122,0.928978979,143,0.003578579,148,0.003703704,187,0.00467968,0,0,293,0.007332332,1090,0.027277277,977,0.024449449
29093,9538,8808,0.923464039,62,0.006500315,19,0.001992032,88,0.009226253,9,0.000943594,4,0.000419375,357,0.03742923,191,0.020025163
29095,715526,437380,0.61127059,161952,0.226339784,1161,0.001622583,12439,0.017384414,2063,0.002883194,3730,0.005212948,28226,0.039447903,68575,0.095838586
29097,122788,101022,0.822735121,2230,0.018161384,888,0.007231977,1587,0.012924716,344,0.002801577,515,0.004194221,5544,0.045150992,10658,0.086800013
29099,226984,204792,0.902230994,2277,0.010031544,239,0.001052938,2242,0.009877348,62,0.000273147,573,0.002524407,11768,0.051845064,5031,0.022164558
29101,54025,45605,0.844146229,1907,0.035298473,99,0.001832485,955,0.017677001,183,0.003387321,252,0.004664507,2303,0.042628413,2721,0.050365571
29103,3772,3545,0.939819724,45,0.011930011,7,0.001855779,73,0.019353128,2,0.000530223,0,0,69,0.018292683,31,0.008218452
29105,36060,32863,0.911342207,172,0.004769828,197,0.005463117,248,0.006877427,64,0.00177482,123,0.003410982,1413,0.039184692,980,0.027176927
29107,32858,29846,0.908332826,687,0.02090815,82,0.002495587,226,0.006878081,16,0.000486944,76,0.002312983,822,0.025016739,1103,0.03356869
29109,38231,33374,0.872956501,96,0.002511051,157,0.004106615,178,0.004655908,36,0.000941644,49,0.001281682,1222,0.03196359,3119,0.081583009
29111,9987,9191,0.920296385,386,0.038650245,15,0.001501953,47,0.004706118,11,0.001101432,3,0.000300391,197,0.019725643,137,0.013717833
29113,60172,55558,0.923319817,1159,0.019261451,51,0.00084757,171,0.002841853,75,0.001246427,17,0.000282523,1518,0.025227681,1623,0.026972678
29115,11892,11191,0.941052809,88,0.007399933,33,0.002774975,43,0.003615876,1,8.41E-05,0,0,196,0.016481668,340,0.028590649
29117,14402,13234,0.918900153,412,0.028607138,45,0.003124566,120,0.008332176,5,0.000347174,20,0.001388696,258,0.017914179,308,0.021385919
29119,23381,16308,0.697489414,459,0.019631325,351,0.015012189,229,0.009794277,739,0.03160686,138,0.005902228,2445,0.104572088,2712,0.115991617
29121,15173,14037,0.925130165,287,0.018915178,57,0.003756673,93,0.006129309,3,0.00019772,23,0.001515851,413,0.027219403,260,0.017135702
29123,12649,11862,0.937781643,144,0.011384299,22,0.001739268,37,0.002925132,0,0,15,0.001185864,243,0.019211005,326,0.025772788
29125,8454,7896,0.933995742,28,0.003312042,91,0.010764135,16,0.001892595,0,0,19,0.002247457,249,0.029453513,155,0.018334516
29127,28525,25584,0.896897458,1555,0.054513585,74,0.002594216,198,0.00694128,10,0.00035057,9,0.000315513,970,0.034005259,125,0.004382121
29129,3517,3266,0.928632357,12,0.003411999,19,0.005402332,31,0.00881433,0,0,0,0,84,0.023883992,105,0.02985499
29131,24855,23393,0.941178837,260,0.010460672,34,0.001367934,111,0.004465902,14,0.000563267,3,0.0001207,510,0.02051901,530,0.021323677
29133,12305,8672,0.704754165,2970,0.241365299,1,8.13E-05,9,0.00073141,0,0,0,0,515,0.041852905,138,0.011214953
29135,15401,13692,0.88903318,409,0.026556717,18,0.001168755,49,0.003181612,0,0,57,0.003701058,333,0.021621973,843,0.054736705
29137,8668,7970,0.919473927,301,0.034725427,63,0.007268113,41,0.004730042,11,0.001269036,25,0.002884172,96,0.011075219,161,0.018574066
29139,11421,10586,0.926889064,190,0.016636021,23,0.002013834,25,0.00218895,0,0,3,0.000262674,352,0.030820419,242,0.021189038
29141,21169,19667,0.929047192,74,0.003495678,4,0.000188956,131,0.006188294,0,0,30,0.001417167,727,0.034342671,536,0.025320043
29143,16341,12437,0.761091732,1987,0.121595986,13,0.000795545,0,0,0,0,8,0.000489566,1548,0.094731045,348,0.021296126
29145,59019,48582,0.823158644,534,0.009047934,822,0.013927718,928,0.01572375,653,0.011064234,29,0.000491367,4000,0.067774784,3471,0.058811569
29147,21140,19610,0.927625355,457,0.021617786,52,0.002459792,260,0.012298959,2,9.46E-05,59,0.002790918,335,0.015846736,365,0.017265847
29149,8783,8195,0.933052488,6,0.000683138,36,0.004098827,21,0.002390983,8,0.000910851,4,0.000455425,342,0.038938859,171,0.01946943
29151,13374,12979,0.970465082,21,0.001570211,58,0.004336773,0,0,0,0,12,0.000897263,170,0.012711231,134,0.010019441
29153,8688,8192,0.942909761,52,0.005985267,45,0.005179558,0,0,0,0,0,0,219,0.025207182,180,0.020718232
29155,15555,10311,0.662873674,4035,0.259402122,19,0.001221472,6,0.000385728,0,0,0,0,700,0.045001607,484,0.031115397
29157,18970,17836,0.940221402,136,0.007169215,5,0.000263574,127,0.006694781,0,0,0,0,406,0.021402214,460,0.024248814
29159,43059,35912,0.83401844,1212,0.028147426,25,0.000580599,249,0.005782763,28,0.000650271,113,0.002624306,1577,0.036624167,3943,0.091572029
29161,44843,38673,0.862408849,913,0.020359922,164,0.003657204,1463,0.032624936,9,0.0002007,214,0.004772205,2115,0.047164552,1292,0.028811632
29163,17719,15774,0.890230826,890,0.050228568,191,0.010779389,63,0.003555505,13,0.000733676,0,0,377,0.021276596,411,0.02319544
29165,107033,83996,0.784767315,7688,0.071828315,116,0.001083778,2827,0.026412415,557,0.005204003,376,0.003512935,4387,0.040987359,7086,0.066203881
29167,31877,29439,0.923518524,369,0.011575744,103,0.00323117,242,0.007591681,6,0.000188223,97,0.003042946,723,0.02268093,898,0.028170781
29169,53726,37019,0.689033243,5205,0.096880468,358,0.00666344,1329,0.024736627,215,0.004001787,223,0.004150691,3146,0.058556379,6231,0.115977367
29171,4698,4464,0.950191571,11,0.002341422,16,0.003405705,0,0,0,0,0,0,84,0.017879949,123,0.026181354
29173,10356,9652,0.932020085,184,0.017767478,5,0.000482812,10,0.000965624,0,0,40,0.003862495,316,0.030513712,149,0.014387795
29175,24652,21586,0.875628752,1232,0.049975661,52,0.002109362,94,0.003813078,5,0.000202823,134,0.005435664,1000,0.04056466,549,0.022269998
29177,23122,21470,0.928552893,273,0.011806937,76,0.003286913,58,0.002508434,2,8.65E-05,80,0.003459908,536,0.023181386,627,0.027117031
29179,6102,5625,0.921828909,101,0.01655195,15,0.00245821,12,0.001966568,2,0.000327761,1,0.000163881,242,0.039659128,104,0.017043592
29181,10839,10071,0.929144755,11,0.001014854,12,0.001107113,93,0.008580127,0,0,23,0.002121967,386,0.035612141,243,0.022419042
29183,406262,345496,0.850426572,20000,0.049229315,233,0.000573522,11025,0.02713766,170,0.000418449,1157,0.002847916,13708,0.033741773,14473,0.035624794
29185,9330,8649,0.927009646,51,0.005466238,37,0.003965702,18,0.00192926,0,0,0,0,354,0.037942122,221,0.023687031
29186,18494,17430,0.942467827,283,0.01530226,18,0.000973289,94,0.00508273,0,0,8,0.000432573,413,0.022331567,248,0.013409755
29187,66814,60374,0.903613015,1955,0.029260335,266,0.003981202,346,0.005178555,15,0.000224504,282,0.004220672,2238,0.033495974,1338,0.020025743
29189,999703,630433,0.630620294,241129,0.241200637,628,0.000628187,46862,0.046875922,197,0.000197059,3992,0.003993186,45446,0.045459501,31016,0.031025214
29195,23219,18069,0.778198889,1262,0.054352039,26,0.001119773,178,0.007666135,219,0.009431931,112,0.004823636,776,0.033420905,2577,0.110986692
29197,4066,3879,0.954008854,16,0.003935071,18,0.004426955,37,0.009099852,0,0,0,0,64,0.015740285,52,0.012788982
29199,4720,4574,0.969067797,3,0.000635593,4,0.000847458,2,0.000423729,18,0.003813559,2,0.000423729,117,0.024788136,0,0
29201,38055,31152,0.818604651,4301,0.113020628,26,0.000683222,75,0.001970832,0,0,9,0.0002365,1488,0.039101301,1004,0.026382867
29203,7132,6632,0.929893438,20,0.002804262,10,0.001402131,23,0.003224902,0,0,0,0,420,0.058889512,27,0.003785754
29205,6049,5725,0.946437428,85,0.014051909,33,0.005455447,14,0.002314432,0,0,3,0.00049595,49,0.008100512,140,0.023144321
29207,28656,26826,0.936139028,376,0.013121161,14,0.000488554,8,0.000279174,0,0,20,0.000697934,859,0.02997627,553,0.019297878
29209,31314,29412,0.939260395,68,0.002171553,57,0.001820272,153,0.004885993,0,0,5,0.000159673,830,0.026505716,789,0.025196398
29211,5983,4573,0.764332275,188,0.031422363,13,0.002172823,47,0.007855591,0,0,2,0.00033428,43,0.00718703,1117,0.186695638
29213,56202,48971,0.871339098,1005,0.017881926,191,0.003398456,493,0.00877193,0,0,88,0.001565781,1891,0.033646489,3563,0.06339632
29215,24828,22371,0.901039149,593,0.023884324,166,0.006686,112,0.004511036,0,0,35,0.001409699,960,0.038666022,591,0.02380377
29217,19777,18461,0.933458057,107,0.005410325,29,0.00146635,133,0.006724984,1,5.06E-05,1,5.06E-05,552,0.02791121,493,0.024927947
29219,35729,32262,0.902963979,750,0.020991352,22,0.000615746,179,0.005009936,0,0,73,0.002043158,1133,0.031710935,1310,0.036664894
29221,23580,21692,0.919932146,393,0.016666667,0,0,22,0.000932994,35,0.001484309,10,0.000424088,1031,0.043723494,397,0.016836302
29223,11081,10285,0.928165328,114,0.01028788,0,0,74,0.006678098,0,0,31,0.002797581,356,0.032127064,221,0.019944048
29225,39265,36181,0.921456768,242,0.00616325,104,0.002648669,88,0.002241182,109,0.002776009,201,0.005119063,1444,0.036775754,896,0.022819305
29227,1982,1893,0.955095863,5,0.002522704,3,0.001513623,0,0,0,0,0,0,43,0.021695257,38,0.019172553
29229,18475,17204,0.93120433,35,0.001894452,41,0.002219215,68,0.00368065,14,0.000757781,15,0.000811908,649,0.035128552,449,0.024303112
29510,298018,132931,0.446050239,130231,0.436990383,474,0.001590508,10343,0.034705957,156,0.000523458,1166,0.003912515,9883,0.033162426,12834,0.043064513
30001,9469,8436,0.890907171,98,0.010349562,190,0.020065477,17,0.001795332,1,0.000105608,6,0.000633647,196,0.020699123,525,0.055444081
30003,13090,3432,0.262184874,0,0,8421,0.643315508,28,0.002139037,0,0,0,0,389,0.029717341,820,0.062643239
30005,7030,3031,0.431152205,56,0.007965861,3528,0.501849218,3,0.000426743,0,0,10,0.001422475,149,0.021194879,253,0.03598862
30007,6977,6220,0.891500645,19,0.002723233,76,0.010892934,25,0.003583202,0,0,0,0,484,0.06937079,153,0.021929196
30009,10645,9795,0.920150305,50,0.004697041,68,0.006387976,48,0.004509159,12,0.00112729,101,0.009488023,265,0.024894317,306,0.02874589
30011,1332,1242,0.932432432,0,0,14,0.010510511,0,0,0,0,0,0,61,0.045795796,15,0.011261261
30013,84423,70501,0.835092333,1235,0.014628715,2971,0.035191832,760,0.009002286,27,0.000319818,216,0.002558544,4452,0.052734444,4261,0.050472028
30015,5897,4494,0.762082415,8,0.001356622,967,0.163981686,23,0.003900288,0,0,0,0,228,0.038663727,177,0.030015262
30017,11957,10695,0.894455131,28,0.002341725,146,0.012210421,46,0.003847119,17,0.001421761,29,0.002425358,566,0.047336288,430,0.035962198
30019,1535,1389,0.904885993,5,0.003257329,37,0.024104235,28,0.018241042,0,0,4,0.002605863,50,0.03257329,22,0.014332248
30021,8915,8159,0.915199103,68,0.007627594,144,0.016152552,1,0.00011217,0,0,13,0.001458216,286,0.032080763,244,0.027369602
30023,9435,8454,0.896025437,51,0.005405405,164,0.017382088,45,0.004769475,6,0.00063593,20,0.002119767,342,0.036248013,353,0.037413884
30025,2941,2735,0.929955797,1,0.00034002,68,0.023121387,0,0,0,0,0,0,114,0.038762326,23,0.007820469
30027,11496,10719,0.932411273,55,0.004784273,153,0.013308977,175,0.015222686,0,0,0,0,158,0.013743911,236,0.02052888
30029,105950,96506,0.910863615,277,0.002614441,1015,0.009579991,871,0.008220859,0,0,445,0.004200094,3365,0.031760264,3471,0.032760736
30031,119685,107392,0.897288716,525,0.004386515,722,0.006032502,1641,0.013710991,3,2.51E-05,683,0.005706647,3626,0.030296194,5093,0.042553369
30033,976,952,0.975409836,11,0.011270492,3,0.00307377,0,0,0,0,0,0,10,0.010245902,0,0
30035,13781,3963,0.287569843,23,0.001668965,8800,0.638560337,80,0.005805094,27,0.001959219,128,0.00928815,268,0.019447065,492,0.035701328
30037,841,719,0.854934602,9,0.010701546,2,0.002378121,0,0,0,0,3,0.003567182,36,0.042806183,72,0.085612366
30039,3368,3148,0.934679335,0,0,24,0.007125891,30,0.008907363,1,0.000296912,0,0,61,0.018111639,104,0.03087886
30041,16238,11043,0.680071437,29,0.001785934,3721,0.229153837,41,0.002524941,6,0.000369504,53,0.003263949,696,0.042862421,649,0.039967976
30043,12273,11205,0.912979712,37,0.003014748,123,0.010022,49,0.003992504,0,0,11,0.000896276,482,0.039273201,366,0.02982156
30045,2039,1889,0.926434527,0,0,15,0.007356547,0,0,0,0,2,0.000980873,20,0.00980873,113,0.055419323
30047,31509,20251,0.642705259,79,0.00250722,6635,0.210574756,189,0.005998286,30,0.000952109,75,0.002380272,2845,0.090291663,1405,0.044590434
30049,71487,64132,0.897114161,380,0.005315652,899,0.012575713,459,0.006420748,0,0,244,0.003413208,2735,0.038258704,2638,0.036901814
30051,1993,1936,0.9713999,0,0,7,0.003512293,0,0,0,0,7,0.003512293,32,0.016056197,11,0.005519318
30053,20157,18364,0.911048271,14,0.000694548,275,0.013642903,64,0.003175076,31,0.001537927,26,0.001289874,681,0.033784789,702,0.034826611
30055,1746,1578,0.903780069,0,0,78,0.04467354,32,0.018327606,0,0,0,0,58,0.033218786,0,0
30057,8742,8016,0.916952642,0,0,22,0.002516587,74,0.008464882,0,0,48,0.005490734,185,0.021162205,397,0.045412949
30059,1948,1799,0.923511294,1,0.000513347,91,0.046714579,5,0.002566735,0,0,0,0,2,0.001026694,50,0.025667351
30061,4652,4195,0.901762683,33,0.007093723,65,0.013972485,30,0.006448839,0,0,7,0.001504729,168,0.0361135,154,0.033104041
30063,118541,103576,0.873756759,739,0.00623413,2382,0.020094313,2108,0.017782877,111,0.000936385,422,0.00355995,4893,0.041276858,4310,0.036358728
30065,4924,4450,0.903736799,0,0,111,0.022542648,0,0,0,0,0,0,195,0.03960195,168,0.034118603
30067,17320,15995,0.923498845,33,0.001905312,122,0.00704388,56,0.003233256,0,0,24,0.001385681,521,0.030080831,569,0.032852194
30069,416,408,0.980769231,0,0,0,0,8,0.019230769,0,0,0,0,0,0,0,0
30071,4233,3494,0.825419324,0,0,230,0.054334987,0,0,0,0,0,0,413,0.097566738,96,0.022678951
30073,5987,4723,0.788875898,3,0.000501086,979,0.163520962,9,0.001503257,0,0,0,0,132,0.02204777,141,0.023551027
30075,1773,1627,0.917653694,0,0,29,0.016356458,23,0.012972363,0,0,0,0,54,0.030456853,40,0.022560632
30077,6998,6145,0.878108031,62,0.008859674,311,0.044441269,108,0.015432981,0,0,6,0.000857388,215,0.030723064,151,0.021577594
30079,1283,1151,0.897116134,0,0,1,0.000779423,51,0.039750585,0,0,68,0.053000779,0,0,12,0.009353079
30081,44876,40454,0.901461806,95,0.002116944,197,0.004389874,200,0.004456725,7,0.000155985,178,0.003966485,2030,0.045235761,1715,0.038216419
30083,11366,9971,0.877265529,22,0.001935597,18,0.001583671,13,0.001143762,109,0.009590005,8,0.000703854,567,0.049885624,658,0.057891958
30085,10799,3501,0.324196685,35,0.003241041,6073,0.562366886,79,0.007315492,1,9.26E-05,13,0.001203815,701,0.064913418,396,0.036670062
30087,8310,4280,0.515042118,10,0.001203369,3144,0.37833935,49,0.00589651,1,0.000120337,0,0,383,0.046089049,443,0.053309266
30089,12615,11231,0.890289338,39,0.003091558,370,0.029330163,23,0.001823226,16,0.001268331,17,0.001347602,490,0.038842648,429,0.034007134
30091,3700,3317,0.896486486,0,0,57,0.015405405,1,0.00027027,7,0.001891892,9,0.002432432,141,0.038108108,168,0.045405405
30093,35306,31672,0.897071319,53,0.001501161,593,0.016796012,171,0.004843369,9,0.000254914,35,0.000991333,1137,0.032204158,1636,0.046337733
30095,8978,8236,0.917353531,8,0.000891067,36,0.004009802,36,0.004009802,0,0,24,0.002673201,259,0.028848296,379,0.042214302
30097,3697,3363,0.909656478,57,0.015417906,38,0.010278604,0,0,0,0,24,0.00649175,130,0.035163646,85,0.022991615
30099,6238,5754,0.922411029,55,0.008816929,101,0.016191087,0,0,0,0,11,0.001763386,205,0.032863097,112,0.017954473
30101,5018,4269,0.850737346,78,0.015544041,274,0.054603428,34,0.006775608,0,0,0,0,152,0.030290953,211,0.042048625
30103,680,642,0.944117647,0,0,1,0.001470588,8,0.011764706,0,0,0,0,0,0,29,0.042647059
30105,7552,6374,0.844014831,29,0.003840042,592,0.078389831,4,0.000529661,0,0,28,0.003707627,320,0.042372881,205,0.027145127
30107,2060,1929,0.936407767,49,0.023786408,11,0.005339806,8,0.003883495,0,0,0,0,19,0.009223301,44,0.021359223
30109,1119,988,0.882931189,10,0.00893655,2,0.00178731,6,0.00536193,0,0,24,0.021447721,8,0.00714924,81,0.072386059
30111,165524,139723,0.844125323,779,0.004706266,5965,0.03603707,1243,0.007509485,236,0.001425775,938,0.005666852,6372,0.038495928,10268,0.0620333
31001,31143,26094,0.83787689,205,0.006582539,61,0.001958707,361,0.01159169,2,6.42E-05,113,0.003628424,678,0.021770542,3629,0.116526988
31003,6302,5934,0.941605839,58,0.009203427,9,0.001428118,6,0.000952079,1,0.00015868,24,0.003808315,44,0.006981911,226,0.035861631
31005,485,451,0.929896907,0,0,1,0.002061856,0,0,0,0,1,0.002061856,26,0.053608247,6,0.012371134
31007,670,615,0.917910448,0,0,0,0,6,0.008955224,0,0,0,0,15,0.02238806,34,0.050746269
31009,384,384,1,0,0,0,0,0,0,0,0,0,0,0,0,0,0
31011,5397,5153,0.954789698,4,0.000741152,4,0.000741152,14,0.002594034,1,0.000185288,0,0,72,0.013340745,149,0.02760793
31013,10778,8629,0.800612359,365,0.033865281,217,0.020133605,76,0.007051401,0,0,0,0,62,0.005752459,1429,0.132584895
31015,1767,1637,0.926428976,5,0.002829655,50,0.028296548,0,0,0,0,9,0.005093379,9,0.005093379,57,0.032258065
31017,2691,2457,0.913043478,1,0.000371609,2,0.000743218,1,0.000371609,0,0,12,0.004459309,110,0.040876997,108,0.040133779
31019,50103,42815,0.854539648,405,0.008083348,112,0.002235395,771,0.0153883,0,0,73,0.001456999,1060,0.021156418,4867,0.097139892
31021,6717,6129,0.91246092,30,0.00446628,52,0.007741551,43,0.006401667,11,0.001637636,33,0.004912908,178,0.026499926,241,0.035879113
31023,8373,7651,0.913770453,10,0.001194315,23,0.002746925,6,0.000716589,0,0,7,0.000836021,266,0.031768781,410,0.048966917
31025,26749,24588,0.919211933,44,0.001644921,81,0.003028151,106,0.003962765,51,0.001906613,163,0.006093686,689,0.025757972,1027,0.038393959
31027,8375,8007,0.956059701,12,0.001432836,32,0.003820896,19,0.002268657,0,0,4,0.000477612,105,0.012537313,196,0.023402985
31029,3704,2844,0.767818575,13,0.003509719,0,0,75,0.02024838,0,0,0,0,78,0.021058315,694,0.187365011
31031,5473,4620,0.84414398,26,0.004750594,204,0.03727389,98,0.017906084,0,0,27,0.004933309,383,0.069979901,115,0.021012242
31033,9489,8312,0.87596164,101,0.010643903,40,0.004215407,89,0.009379281,16,0.001686163,16,0.001686163,140,0.014753926,775,0.081673517
31035,6088,5361,0.880584757,23,0.003777924,8,0.00131406,2,0.000328515,0,0,6,0.000985545,118,0.019382392,570,0.093626807
31037,10563,4993,0.472687683,345,0.032661176,235,0.022247468,2,0.00018934,3,0.00028401,0,0,111,0.010508378,4874,0.461421945
31039,9000,7864,0.873777778,39,0.004333333,25,0.002777778,19,0.002111111,3,0.000333333,4,0.000444444,119,0.013222222,927,0.103
31041,10566,9835,0.930815824,61,0.005773235,55,0.005205376,2,0.000189286,0,0,33,0.003123225,192,0.018171493,388,0.03672156
31043,21308,9597,0.450394218,1496,0.070208372,457,0.021447344,680,0.031912897,0,0,0,0,597,0.028017646,8481,0.398019523
31045,8279,7060,0.852759995,194,0.023432782,188,0.022708057,77,0.00930064,0,0,0,0,282,0.034062085,478,0.057736442
31047,24037,13513,0.56217498,1557,0.064775138,31,0.001289678,192,0.007987686,99,0.00411865,62,0.002579357,343,0.014269668,8240,0.342804843
31049,1858,1574,0.84714747,2,0.001076426,17,0.009149623,9,0.004843918,0,0,0,0,40,0.021528525,216,0.116254037
31051,5579,4596,0.823803549,11,0.00197168,17,0.003047141,47,0.008424449,0,0,0,0,69,0.012367808,839,0.150385374
31053,37175,29899,0.804277068,220,0.005917956,55,0.001479489,178,0.004788164,31,0.000833894,277,0.007451244,923,0.024828514,5592,0.150423672
31055,582638,394254,0.676670591,61552,0.105643642,1552,0.002663747,24179,0.041499181,160,0.000274613,1642,0.002818216,21492,0.036887398,77807,0.133542611
31057,1825,1775,0.97260274,4,0.002191781,0,0,0,0,0,0,0,0,19,0.010410959,27,0.014794521
31059,5557,5178,0.931797733,16,0.002879251,13,0.002339392,27,0.004858737,0,0,8,0.001439626,105,0.018895087,210,0.037790175
31061,2901,2730,0.941054809,6,0.002068252,19,0.006549466,5,0.001723544,7,0.002412961,4,0.001378835,48,0.016546019,82,0.028266115
31063,2491,2300,0.923323966,28,0.011240466,6,0.002408671,0,0,0,0,0,0,73,0.0293055,84,0.033721397
31065,4630,4276,0.923542117,15,0.003239741,31,0.006695464,7,0.001511879,0,0,0,0,73,0.015766739,228,0.04924406
31067,21654,20178,0.931837074,150,0.006927127,97,0.004479542,125,0.005772606,0,0,19,0.000877436,414,0.019118869,671,0.030987346
31069,1778,1661,0.934195726,0,0,4,0.002249719,3,0.001687289,0,0,17,0.009561305,19,0.010686164,74,0.041619798
31071,1833,1753,0.956355701,9,0.004909984,0,0,0,0,0,0,0,0,12,0.006546645,59,0.03218767
31073,1873,1750,0.934329952,5,0.002669514,9,0.004805125,0,0,4,0.002135611,0,0,24,0.012813668,81,0.043246129
31075,649,625,0.963020031,1,0.001540832,4,0.006163328,5,0.00770416,0,0,4,0.006163328,8,0.012326656,2,0.003081664
31077,2212,2106,0.952079566,14,0.006329114,11,0.004972875,0,0,0,0,0,0,35,0.015822785,46,0.02079566
31079,62575,39939,0.63825809,1897,0.030315621,241,0.003851378,598,0.009556532,77,0.001230523,87,0.001390332,939,0.015005993,18797,0.30039153
31081,9400,8781,0.934148936,13,0.001382979,12,0.001276596,35,0.003723404,2,0.000212766,9,0.000957447,183,0.019468085,365,0.038829787
31083,3094,2878,0.93018746,3,0.000969619,3,0.000969619,37,0.01195863,0,0,0,0,69,0.022301228,104,0.033613445
31085,919,847,0.921653972,0,0,2,0.002176279,0,0,0,0,0,0,8,0.008705114,62,0.067464635
31087,2620,2427,0.926335878,2,0.000763359,3,0.001145038,3,0.001145038,0,0,5,0.001908397,77,0.029389313,103,0.039312977
31089,10149,9349,0.9211745,43,0.004236871,28,0.002758893,24,0.002364765,0,0,20,0.001970638,150,0.014779781,535,0.052714553
31091,659,588,0.892261002,10,0.015174507,5,0.007587253,0,0,0,0,11,0.016691958,45,0.068285281,0,0
31093,6476,5955,0.919549104,29,0.004478073,0,0,28,0.004323657,0,0,0,0,277,0.042773317,187,0.028875849
31095,7185,6603,0.918997912,55,0.007654836,2,0.000278358,5,0.000695894,0,0,0,0,157,0.021851079,363,0.050521921
31097,5294,4223,0.797695504,291,0.054967888,79,0.014922554,40,0.007555723,0,0,0,0,116,0.021911598,545,0.102946732
31099,6655,6016,0.903981968,6,0.000901578,21,0.003155522,50,0.007513148,0,0,3,0.000450789,42,0.006311044,517,0.07768595
31101,8303,7390,0.890039745,119,0.014332169,8,0.000963507,35,0.004215344,0,0,0,0,110,0.013248224,641,0.077201012
31103,987,947,0.959473151,1,0.001013171,0,0,0,0,0,0,19,0.019250253,2,0.002026342,18,0.018237082
31105,3395,2845,0.837997054,7,0.002061856,48,0.014138439,1,0.000294551,0,0,0,0,137,0.040353461,357,0.105154639
31107,8415,7095,0.843137255,59,0.007011289,716,0.085086156,41,0.004872252,1,0.000118835,8,0.000950683,209,0.024836601,286,0.033986928
31109,322063,256351,0.795965386,11701,0.036331401,1067,0.003313016,13225,0.041063394,202,0.000627206,861,0.00267339,13866,0.043053688,24790,0.076972518
31111,34532,29821,0.863575814,395,0.011438666,206,0.005965481,258,0.007471331,18,0.000521256,95,0.002751071,405,0.011728252,3334,0.096548129
31113,839,735,0.876042908,0,0,15,0.017878427,0,0,0,0,7,0.008343266,68,0.081048868,14,0.016686532
31115,629,528,0.839427663,0,0,0,0,0,0,0,0,0,0,27,0.042925278,74,0.117647059
31117,456,449,0.984649123,0,0,0,0,0,0,0,0,0,0,4,0.00877193,3,0.006578947
31119,35538,27863,0.784033992,289,0.00813214,307,0.00863864,414,0.011649502,0,0,0,0,958,0.02695706,5707,0.160588666
31121,7675,6999,0.911921824,3,0.000390879,2,0.000260586,123,0.016026059,0,0,0,0,136,0.01771987,412,0.053680782
31123,4562,3685,0.807759754,4,0.000876808,14,0.003068829,51,0.011179307,0,0,2,0.000438404,85,0.018632179,721,0.158044717
31125,3366,3156,0.937611408,19,0.005644682,10,0.002970885,5,0.001485443,0,0,7,0.00207962,52,0.015448604,117,0.034759358
31127,7019,6337,0.902835162,103,0.014674455,34,0.004843995,26,0.003704231,0,0,0,0,305,0.043453483,214,0.030488674
31129,4092,3800,0.928641251,8,0.001955034,11,0.002688172,0,0,12,0.002932551,0,0,201,0.049120235,60,0.014662757
31131,15995,13868,0.867020944,112,0.007002188,20,0.001250391,23,0.001437949,0,0,0,0,617,0.038574555,1355,0.084713973
31133,2553,2400,0.940070505,6,0.002350176,0,0,0,0,0,0,0,0,94,0.036819428,53,0.02075989
31135,2860,2638,0.922377622,2,0.000699301,2,0.000699301,11,0.003846154,0,0,0,0,70,0.024475524,137,0.047902098
31137,8966,8156,0.909658711,56,0.006245818,27,0.003011376,5,0.000557662,16,0.001784519,4,0.00044613,147,0.016395271,555,0.061900513
31139,7301,6960,0.953294069,20,0.002739351,17,0.002328448,12,0.00164361,0,0,0,0,125,0.017120942,167,0.022873579
31141,34219,25818,0.754493118,227,0.006633741,23,0.000672141,152,0.004441977,0,0,53,0.001548847,648,0.018936848,7298,0.213273328
31143,5182,4700,0.90698572,8,0.001543805,8,0.001543805,0,0,0,0,2,0.000385951,143,0.027595523,321,0.061945195
31145,10690,9657,0.903367633,114,0.010664172,30,0.002806361,0,0,0,0,0,0,261,0.024415341,628,0.058746492
31147,7850,7158,0.911847134,29,0.003694268,163,0.020764331,4,0.000509554,0,0,0,0,327,0.041656051,169,0.021528662
31149,1312,1284,0.978658537,8,0.006097561,7,0.005335366,0,0,0,0,0,0,3,0.002286585,10,0.007621951
31151,14275,9610,0.673204904,102,0.007145359,30,0.002101576,419,0.029352014,17,0.001190893,22,0.001541156,210,0.014711033,3865,0.270753065
31153,191272,150197,0.785253461,7679,0.040147016,451,0.002357899,4830,0.025251997,233,0.001218161,948,0.004956293,6789,0.035493956,20145,0.105321218
31155,22374,21021,0.939528024,71,0.003173326,27,0.001206758,127,0.005676231,6,0.000268168,26,0.001162063,555,0.024805578,541,0.024179852
31157,36048,25389,0.704310919,202,0.00560364,487,0.013509765,202,0.00560364,3,8.32E-05,67,0.001858633,726,0.020139814,8972,0.248890368
31159,17644,16657,0.944060304,117,0.006631149,18,0.001020177,60,0.003400589,16,0.000906824,0,0,301,0.017059624,475,0.026921333
31161,5102,4068,0.797334379,44,0.008624069,422,0.082712662,63,0.012348099,0,0,11,0.002156017,181,0.035476284,313,0.061348491
31163,2970,2793,0.94040404,15,0.005050505,2,0.000673401,9,0.003030303,1,0.0003367,0,0,76,0.025589226,74,0.024915825
31165,1162,1079,0.928571429,4,0.003442341,0,0,1,0.000860585,0,0,6,0.005163511,17,0.014629948,55,0.047332186
31167,5828,5245,0.899965683,32,0.005490734,6,0.001029513,27,0.004632807,0,0,1,0.000171585,140,0.024021963,377,0.064687714
31169,5006,4696,0.938074311,11,0.002197363,13,0.002596884,1,0.00019976,0,0,8,0.001598082,129,0.025769077,148,0.029564523
31171,592,518,0.875,8,0.013513514,6,0.010135135,0,0,0,0,0,0,39,0.065878378,21,0.035472973
31173,6716,2297,0.342019059,12,0.001786778,3637,0.541542585,61,0.009082787,0,0,18,0.002680167,162,0.024121501,529,0.078767123
31175,4053,3909,0.964470762,0,0,29,0.007155194,11,0.002714039,0,0,0,0,20,0.004934616,84,0.020725389
31177,20884,19627,0.939810381,90,0.004309519,39,0.001867458,65,0.003112431,39,0.001867458,16,0.000766137,392,0.018770351,616,0.029496265
31179,9701,8645,0.891145243,142,0.014637666,27,0.002783218,36,0.003710958,0,0,8,0.000824657,182,0.018760952,661,0.068137305
31181,3410,3064,0.898533724,5,0.001466276,25,0.007331378,4,0.001173021,11,0.003225806,5,0.001466276,114,0.033431085,182,0.053372434
31183,771,758,0.983138781,0,0,0,0,1,0.001297017,0,0,0,0,8,0.010376135,4,0.005188067
31185,14212,12759,0.897762454,157,0.011047003,60,0.004221784,93,0.006543766,0,0,53,0.003729243,341,0.023993808,749,0.052701942
32001,25409,18070,0.711165335,479,0.018851588,857,0.033728207,705,0.027746074,46,0.001810382,42,0.001652958,1344,0.052894644,3866,0.152150813
32003,2265926,900470,0.397396031,261670,0.115480382,8787,0.003877885,224918,0.099260964,16250,0.007171461,12081,0.005331595,116313,0.051331332,725437,0.320150349
32005,49476,38629,0.78076239,331,0.006690112,619,0.012511117,1024,0.020696904,93,0.001879699,526,0.010631417,1702,0.034400517,6552,0.132427844
32007,53600,34089,0.635988806,458,0.008544776,2326,0.043395522,689,0.012854478,92,0.001716418,371,0.006921642,2151,0.040130597,13424,0.250447761
32009,980,621,0.633673469,2,0.002040816,13,0.013265306,19,0.019387755,0,0,0,0,28,0.028571429,297,0.303061224
32011,1622,1339,0.825524044,1,0.000616523,72,0.044389642,9,0.005548705,0,0,0,0,0,0,201,0.123921085
32013,17266,11066,0.640912777,129,0.007471331,543,0.031449091,243,0.014073902,24,0.001390015,32,0.001853353,414,0.02397776,4815,0.278871771
32015,5728,3951,0.689769553,6,0.001047486,171,0.029853352,23,0.004015363,0,0,0,0,348,0.06075419,1229,0.214560056
32017,4507,3779,0.838473486,190,0.042156645,121,0.026847127,0,0,3,0.000665631,0,0,84,0.018637675,330,0.073219436
32019,59435,42798,0.72008076,458,0.007705897,1239,0.020846303,860,0.014469589,48,0.000807605,158,0.002658366,2658,0.044721124,11216,0.188710356
32021,4568,2587,0.566330998,194,0.042469352,788,0.172504378,0,0,0,0,2,0.000437828,135,0.029553415,862,0.188704028
32023,51698,36847,0.712735502,1207,0.023347131,508,0.009826299,1005,0.019439824,216,0.004178111,79,0.001528106,3476,0.067236644,8360,0.161708383
32027,6587,4182,0.634886898,256,0.03886443,177,0.02687111,101,0.015333232,1,0.000151814,28,0.004250797,220,0.033399119,1622,0.246242599
32029,4095,3387,0.827106227,81,0.01978022,3,0.000732601,45,0.010989011,0,0,11,0.002686203,346,0.084493284,222,0.054212454
32031,486674,294288,0.604692258,11361,0.023344169,4659,0.009573143,25456,0.052306061,3204,0.006583462,1961,0.004029391,21789,0.044771243,123956,0.254700272
32033,8997,6382,0.70934756,631,0.070134489,279,0.031010337,46,0.005112815,0,0,0,0,115,0.012782038,1544,0.17161276
32510,58249,37439,0.642740648,1235,0.021202081,906,0.015553915,1518,0.026060533,14,0.000240347,84,0.001442085,2477,0.042524335,14576,0.250236056
33001,63914,59963,0.938182558,326,0.005100604,166,0.00259724,782,0.012235191,12,0.000187752,102,0.001595894,1285,0.020105141,1278,0.019995619
33003,50679,48051,0.948144202,287,0.005663095,106,0.002091596,421,0.008307188,0,0,26,0.000513033,941,0.018567849,847,0.016713037
33005,76610,71336,0.931157812,477,0.006226341,98,0.001279206,512,0.006683201,14,0.000182744,154,0.002010181,2357,0.030766219,1662,0.021694296
33007,31430,29592,0.94152084,554,0.017626472,6,0.0001909,160,0.005090678,1,3.18E-05,36,0.001145402,492,0.015653834,589,0.018740057
33009,90836,80703,0.888447312,929,0.010227223,156,0.001717381,3056,0.033643049,55,0.000605487,207,0.002278832,3345,0.036824607,2385,0.02625611
33011,422733,346139,0.818812347,9337,0.022087228,336,0.000794828,17683,0.041830186,47,0.000111181,1306,0.003089421,15327,0.036256928,32558,0.077017881
33013,153918,140243,0.911153991,2327,0.01511844,282,0.001832144,2980,0.019360958,25,0.000162424,308,0.002001066,3951,0.025669512,3802,0.024701464
33015,315169,285266,0.905120745,2545,0.008075033,28,8.88E-05,6432,0.020408099,67,0.000212584,1225,0.003886804,8673,0.027518569,10933,0.034689325
33017,130965,116049,0.886106975,1394,0.010644065,64,0.00048868,3879,0.0296186,98,0.000748292,494,0.003772,5197,0.039682358,3790,0.02893903
33019,43356,40368,0.931082203,301,0.006942522,90,0.002075837,327,0.007542209,6,0.000138389,116,0.002675524,1338,0.030860781,810,0.018682535
34001,274339,150753,0.549513558,35485,0.129347267,244,0.000889411,21120,0.076985044,149,0.000543124,1200,0.00437415,11210,0.040861853,54178,0.197485593
34003,953243,509075,0.534045359,50172,0.052632959,1018,0.001067933,157669,0.165402736,157,0.000164701,6024,0.00631948,23583,0.024739757,205545,0.215627075
34005,461853,299166,0.647751557,73251,0.158602412,157,0.000339935,24967,0.054058326,97,0.000210024,2993,0.006480417,20108,0.043537662,41114,0.089019666
34007,522581,284011,0.54347747,94675,0.181168087,238,0.000455432,30724,0.0587928,42,8.04E-05,3277,0.006270798,14701,0.028131524,94913,0.181623519
34009,95456,80479,0.843100486,3376,0.03536708,18,0.000188569,764,0.008003688,0,0,253,0.002650436,2606,0.027300536,7960,0.083389205
34011,153588,67762,0.441193322,27133,0.176660937,799,0.005202229,2194,0.01428497,32,0.00020835,1284,0.008360028,4582,0.02983306,49802,0.324257103
34013,853374,242992,0.28474268,312788,0.36653097,1353,0.001585471,48235,0.056522697,164,0.000192178,12366,0.014490716,30510,0.035752202,204966,0.240183085
34015,302621,230995,0.763314509,30333,0.100234286,132,0.000436189,9724,0.032132602,48,0.000158614,1269,0.004193364,8543,0.02823003,21577,0.071300405
34017,712029,197105,0.27682159,74216,0.10423171,1022,0.001435335,112065,0.157388252,120,0.000168532,5327,0.007481437,19885,0.027927233,302289,0.42454591
34019,129099,107167,0.830114873,3067,0.023756962,27,0.000209142,5716,0.044276098,56,0.000433776,577,0.004469438,3093,0.023958358,9396,0.072781354
34021,383732,179054,0.466612115,73261,0.190917098,426,0.00111015,46546,0.121298198,88,0.000229327,944,0.00246005,9706,0.025293695,73707,0.192079368
34023,860147,343728,0.399615415,81468,0.094714043,735,0.000854505,213825,0.248591229,297,0.00034529,5205,0.006051291,23420,0.027227904,191469,0.222600323
34025,643064,474258,0.737497356,40138,0.062416805,113,0.000175721,34593,0.053794024,241,0.000374768,3493,0.005431808,17809,0.027693978,72419,0.112615541
34027,508816,349082,0.686067262,15442,0.030348888,197,0.000387173,54415,0.106944357,22,4.32E-05,2893,0.005685749,14941,0.02936425,71824,0.141159083
34029,638691,530847,0.831148396,18144,0.028408103,182,0.000284958,11824,0.018512865,83,0.000129953,2940,0.004603165,12680,0.019853106,61991,0.097059454
34031,519986,205034,0.39430677,52273,0.100527707,387,0.000744251,27942,0.053736062,117,0.000225006,1739,0.003344321,7999,0.015383106,224495,0.431732777
34033,64840,46737,0.720805059,8810,0.135872918,82,0.001264651,583,0.008991363,12,0.000185071,143,0.002205429,1775,0.027375077,6698,0.103300432
34035,344978,181489,0.52608862,31715,0.091933399,270,0.000782659,65494,0.189849788,16,4.64E-05,2325,0.00673956,10193,0.029546812,53476,0.155012783
34037,144808,120099,0.829367162,3085,0.021304072,23,0.000158831,2712,0.018728247,0,0,646,0.004461079,3900,0.026932214,14343,0.099048395
34039,572079,214871,0.375596727,113481,0.19836596,421,0.000735912,31565,0.055175946,35,6.12E-05,8168,0.014277748,14302,0.025000044,189236,0.330786482
34041,109739,85711,0.781044114,5457,0.04972708,61,0.000555864,3075,0.028021032,23,0.000209588,122,0.001111729,3265,0.029752413,12025,0.109578181
35001,674692,247873,0.367386897,15933,0.02361522,26351,0.03905634,17506,0.025946654,378,0.000560256,3703,0.00548843,20587,0.030513182,342361,0.507433021
35003,3635,2884,0.793397524,17,0.004676754,81,0.022283356,0,0,0,0,0,0,90,0.024759285,563,0.154883081
35005,64701,23411,0.361833666,950,0.014682926,299,0.004621258,669,0.010339871,28,0.00043276,193,0.002982952,945,0.014605648,38206,0.59050092
35006,27211,4926,0.181029731,354,0.013009445,10696,0.393076329,70,0.002572489,12,0.000440998,24,0.000881996,668,0.024548896,10461,0.384440116
35007,12370,5702,0.460953921,71,0.005739693,175,0.01414713,76,0.006143897,0,0,18,0.001455133,244,0.019725141,6084,0.491835085
35009,48327,21624,0.447451735,2378,0.049206448,212,0.004386782,723,0.014960581,50,0.001034618,71,0.001469158,1794,0.037122106,21475,0.444368572
35011,1695,593,0.349852507,1,0.000589971,1,0.000589971,0,0,0,0,0,0,24,0.014159292,1076,0.63480826
35013,219870,57567,0.261822895,3444,0.015663801,1552,0.007058717,2305,0.010483468,149,0.000677673,361,0.001641879,2900,0.013189612,151592,0.689461955
35015,61264,26626,0.434610864,787,0.012846043,658,0.010740402,443,0.007231,0,0,410,0.006692348,788,0.012862366,31552,0.515016976
35017,28006,12797,0.456937799,216,0.007712633,269,0.009605085,228,0.008141113,0,0,36,0.001285439,421,0.015032493,14039,0.501285439
35019,4413,635,0.143893043,87,0.01971448,284,0.064355314,4,0.000906413,0,0,0,0,82,0.018581464,3321,0.752549286
35021,671,294,0.438152012,1,0.001490313,0,0,0,0,7,0.010432191,62,0.092399404,19,0.028315946,288,0.429210134
35023,4160,1534,0.36875,7,0.001682692,14,0.003365385,0,0,0,0,20,0.004807692,116,0.027884615,2469,0.593509615
35025,73103,23678,0.323899156,2630,0.035976636,502,0.006867023,440,0.006018905,0,0,173,0.002366524,693,0.009479775,44987,0.615391981
35027,20222,11990,0.592918604,326,0.016121056,500,0.024725546,57,0.002818712,0,0,14,0.000692315,393,0.019434279,6942,0.343289487
35028,19253,13567,0.704669402,224,0.01163455,171,0.008881733,1029,0.053446216,0,0,32,0.001662079,705,0.03661767,3525,0.18308835
35029,25393,6824,0.268735478,341,0.013428898,97,0.00381995,304,0.011971803,12,0.000472571,0,0,343,0.01350766,17472,0.68806364
35031,72073,5762,0.079946721,355,0.004925562,52895,0.733908676,877,0.012168218,56,0.00077699,77,0.001068361,1492,0.020701233,10559,0.146504239
35033,4208,777,0.184648289,0,0,0,0,0,0,0,0,0,0,4,0.00095057,3427,0.814401141
35035,67850,31813,0.468872513,2354,0.034694178,4027,0.059351511,807,0.011893884,45,0.000663228,279,0.004112012,2092,0.030832719,26433,0.389579956
35037,8641,4101,0.474597847,155,0.017937739,87,0.010068279,0,0,36,0.004166184,11,0.001273001,267,0.030899201,3984,0.461057748
35039,40285,4853,0.120466675,229,0.005684498,5622,0.139555666,217,0.00538662,9,0.000223408,290,0.007198709,354,0.00878739,28711,0.712697034
35041,19142,9428,0.492529516,359,0.018754571,166,0.00867203,96,0.00501515,32,0.001671717,55,0.002873263,574,0.029986417,8432,0.440497336
35043,149460,61890,0.414090727,3076,0.020580757,16948,0.113394888,2138,0.014304831,147,0.000983541,312,0.002087515,4259,0.028495919,60690,0.406061823
35045,121798,44055,0.361705447,700,0.005747221,46068,0.378232812,836,0.006863824,28,0.000229889,288,0.002364571,3450,0.028325588,26373,0.216530649
35047,27215,4199,0.154289914,297,0.010913099,534,0.019621532,191,0.007018188,0,0,203,0.007459122,559,0.020540143,21232,0.780158001
35049,154481,64946,0.420414161,1215,0.007865045,3726,0.024119471,2028,0.013127828,125,0.000809161,570,0.003689774,3392,0.021957393,78479,0.508017167
35051,11506,7061,0.613679819,22,0.001912046,304,0.026420998,31,0.002694246,0,0,6,0.000521467,385,0.033460803,3697,0.321310621
35053,16453,5464,0.33209749,149,0.009056099,1985,0.120646691,326,0.019814016,0,0,0,0,251,0.015255576,8278,0.503130128
35055,34475,12277,0.356113125,40,0.001160261,1572,0.04559826,228,0.006613488,3,8.70E-05,24,0.000696157,756,0.021928934,19575,0.567802756
35057,15203,7268,0.47806354,236,0.015523252,189,0.012431757,115,0.007564297,0,0,192,0.012629086,403,0.026507926,6800,0.447280142
35059,4074,2129,0.522582229,44,0.010800196,59,0.014482081,0,0,0,0,22,0.005400098,102,0.025036819,1718,0.421698576
35061,76613,23876,0.311644238,998,0.01302651,2564,0.033466905,470,0.006134729,0,0,234,0.003054312,1646,0.021484604,46825,0.611188702
36001,315041,220111,0.698674141,35953,0.114121654,152,0.000482477,22902,0.0726953,177,0.000561832,952,0.003021829,14181,0.045013189,20613,0.065429579
36003,47222,44195,0.935898522,722,0.015289484,51,0.001080005,439,0.009296514,26,0.000550591,38,0.00080471,865,0.018317733,886,0.018762441
36005,1443229,123902,0.085850548,408777,0.283237795,3225,0.002234573,54493,0.037757695,427,0.000295864,13053,0.009044303,25335,0.017554387,814017,0.564024836
36007,198365,161262,0.812955915,9913,0.049973534,197,0.000993119,9767,0.049237517,70,0.000352885,389,0.001961031,7336,0.036982331,9431,0.047543669
36009,77000,68387,0.888142857,1132,0.014701299,2050,0.026623377,549,0.00712987,0,0,139,0.001805195,2915,0.037857143,1828,0.02374026
36011,76171,67307,0.883630253,2561,0.03362172,96,0.001260322,575,0.007548805,8,0.000105027,327,0.004292972,2869,0.037665253,2428,0.031875648
36013,127440,109504,0.859259259,2804,0.022002511,233,0.001828311,894,0.007015066,61,0.000478657,131,0.001027935,3480,0.027306968,10333,0.081081293
36015,83584,70876,0.847961332,4410,0.052761294,102,0.001220329,1275,0.015254116,0,0,324,0.00387634,3723,0.044542018,2874,0.034384571
36017,47096,44046,0.935238661,302,0.006412434,13,0.000276032,247,0.005244607,5,0.000106166,148,0.003142517,1210,0.025692203,1125,0.023887379
36019,79839,71610,0.896930072,2693,0.033730382,206,0.002580193,1143,0.014316312,31,0.000388281,215,0.00269292,1601,0.020052856,2340,0.029308984
36021,61469,51705,0.841155705,2012,0.032731946,21,0.000341636,1377,0.022401536,5,8.13E-05,414,0.006735102,2597,0.042248938,3338,0.054303795
36023,46755,42383,0.906491284,992,0.021216982,31,0.000663031,596,0.0127473,0,0,255,0.005453962,1090,0.023313015,1408,0.030114426
36025,44637,40447,0.906131684,609,0.01364339,35,0.000784103,350,0.007841029,4,8.96E-05,131,0.002934785,1133,0.02538253,1928,0.043192867
36027,296467,203571,0.686656525,29581,0.09977839,257,0.000866876,9968,0.033622629,118,0.000398021,2105,0.007100284,10730,0.036192898,40137,0.135384377
36029,951232,700002,0.735889878,119278,0.125393174,3203,0.003367212,40925,0.043023153,185,0.000194485,2918,0.003067601,28010,0.029446024,56711,0.059618474
36031,37314,34292,0.919011631,894,0.023958836,90,0.002411963,115,0.003081953,10,0.000267996,272,0.007289489,575,0.015409766,1066,0.028568366
36033,47459,39509,0.832486989,1628,0.034303293,3415,0.071956847,312,0.006574096,0,0,230,0.004846288,943,0.019869782,1422,0.029962705
36035,53280,47737,0.895964715,791,0.014846096,20,0.000375375,442,0.008295796,37,0.000694444,71,0.001332583,2109,0.039583333,2073,0.038907658
36037,58204,52240,0.897532816,1165,0.020015806,269,0.004621675,476,0.008178132,0,0,133,0.002285066,1871,0.032145557,2050,0.035220947
36039,48067,40265,0.837684898,2216,0.046102316,127,0.002642145,533,0.011088689,4,8.32E-05,161,0.003349491,1624,0.033786173,3137,0.06526307
36041,5090,4686,0.920628684,55,0.010805501,4,0.000785855,16,0.003143418,0,0,0,0,227,0.04459725,102,0.020039293
36043,60293,55799,0.925463984,685,0.011361186,63,0.001044897,285,0.004726917,66,0.001094654,103,0.001708324,1789,0.02967177,1503,0.024928267
36045,117445,94266,0.802639533,6387,0.054382903,115,0.000979182,1842,0.015683937,289,0.002460726,296,0.002520329,4924,0.041926008,9326,0.079407382
36047,2679620,966614,0.360728014,759133,0.283298751,3617,0.001349818,319099,0.119083676,1096,0.000409013,22184,0.008278786,101404,0.037842679,506473,0.189009263
36049,26690,25245,0.945859873,191,0.007156238,21,0.000786812,60,0.002248033,0,0,110,0.004121394,624,0.023379543,439,0.016448108
36051,61980,55558,0.896385931,1264,0.020393675,35,0.000564698,594,0.009583737,0,0,174,0.002807357,1938,0.031268151,2417,0.03899645
36053,68020,61839,0.909129668,1112,0.016348133,227,0.003337254,688,0.010114672,0,0,184,0.002705087,2275,0.033446045,1695,0.024919141
36055,756406,520178,0.687696819,106306,0.140540926,683,0.000902954,28154,0.037220752,139,0.000183764,2457,0.003248256,26223,0.03466789,72266,0.095538639
36057,49624,38904,0.783975496,1312,0.02643882,51,0.001027729,369,0.007435918,9,0.000181364,67,0.001350153,1262,0.025431243,7650,0.154159278
36059,1389160,787703,0.567035475,154116,0.110941864,1130,0.000813441,155496,0.11193527,203,0.000146131,12619,0.009083907,34209,0.024625673,243684,0.175418238
36061,1645867,749800,0.455565365,203409,0.12358775,1637,0.000994613,197451,0.119967774,471,0.000286171,11311,0.006872366,53491,0.032500196,428297,0.260225766
36063,212230,177390,0.835838477,13571,0.063944777,1256,0.005918108,2474,0.011657164,32,0.00015078,563,0.002652782,9402,0.044300994,7542,0.035536917
36065,231055,185550,0.80305555,12934,0.055978014,355,0.001536431,9793,0.042383848,113,0.000489061,459,0.00198654,6915,0.029927939,14936,0.064642618
36067,472637,355194,0.751515434,49227,0.104153928,1894,0.004007304,18857,0.039897427,78,0.000165032,1693,0.00358203,20132,0.042595057,25562,0.054083789
36069,112288,99071,0.882293745,2128,0.018951268,77,0.000685737,1588,0.014142206,0,0,405,0.003606797,3167,0.02820426,5852,0.052115987
36071,401237,242637,0.604722396,41945,0.104539212,459,0.001143962,11358,0.028307459,62,0.000154522,1986,0.004949693,13296,0.033137522,89494,0.223045233
36073,40148,34289,0.85406496,2137,0.053228056,122,0.003038757,270,0.006725117,0,0,53,0.001320116,1155,0.028768556,2122,0.052854439
36075,118037,108863,0.922278608,1129,0.009564797,131,0.001109821,899,0.007616256,3,2.54E-05,284,0.002406025,3327,0.028186077,3401,0.028812999
36077,59678,53362,0.894165354,1240,0.020778176,63,0.001055665,894,0.014980395,83,0.001390797,162,0.002714568,1368,0.02292302,2506,0.041992024
36079,97942,73125,0.746615344,2927,0.029885034,81,0.00082702,2150,0.021951767,21,0.000214413,797,0.008137469,1943,0.019838272,16898,0.172530681
36081,2360826,560919,0.237594384,394824,0.167239771,6251,0.002647802,611350,0.258955976,1048,0.000443912,49582,0.021001971,75045,0.031787603,661807,0.28032858
36083,160943,129907,0.807161542,10080,0.062630869,49,0.000304456,4990,0.031004766,2,1.24E-05,489,0.003038343,6665,0.041412177,8761,0.054435421
36085,492925,285903,0.580013187,44626,0.090533043,692,0.001403865,56162,0.113936197,14,2.84E-05,1960,0.003976264,11157,0.022634275,92411,0.187474768
36087,337326,208670,0.618600404,36674,0.108719755,175,0.000518786,20347,0.060318505,33,9.78E-05,1693,0.005018884,6826,0.020235618,62908,0.18649022
36089,108670,99541,0.915993374,2265,0.020842919,489,0.004499862,1118,0.010288028,51,0.000469311,235,0.00216251,2394,0.022029999,2577,0.023713997
36091,236328,209469,0.886348634,3665,0.015508107,181,0.000765885,6952,0.029416743,13,5.50E-05,856,0.003622085,6872,0.02907823,8320,0.035205308
36093,159447,111736,0.700772043,15491,0.09715454,297,0.001862688,7731,0.048486331,85,0.000533093,2488,0.015603931,9329,0.05850847,12290,0.077078904
36095,29970,26952,0.899299299,397,0.01324658,20,0.000667334,291,0.00970971,20,0.000667334,289,0.009642976,891,0.02972973,1110,0.037037037
36097,17855,16706,0.935648278,148,0.008288995,24,0.001344161,142,0.007952954,0,0,17,0.000952114,478,0.026771213,340,0.019042285
36099,33651,29628,0.880449318,1401,0.041633235,77,0.002288194,236,0.007013165,5,0.000148584,111,0.003298565,908,0.026982853,1285,0.038186087
36101,93584,86499,0.924292614,1355,0.014478971,83,0.000886904,1538,0.016434433,0,0,272,0.00290648,2165,0.023134296,1672,0.017866302
36103,1524486,991871,0.650626506,107348,0.070415865,2320,0.001521824,63912,0.041923639,184,0.000120696,9414,0.006175196,36066,0.02365781,313371,0.205558464
36105,78725,53685,0.681930772,6401,0.081308352,184,0.00233725,1520,0.019307717,7,8.89E-05,648,0.008231185,2617,0.033242299,13663,0.173553509
36107,48344,45237,0.935731425,530,0.010963098,65,0.001344531,435,0.008998014,9,0.000186166,96,0.001985769,929,0.019216449,1043,0.021574549
36109,102555,78456,0.765013895,3257,0.031758569,97,0.000945834,9833,0.095880259,20,0.000195017,845,0.008239481,4526,0.044132417,5521,0.053834528
36111,182153,136031,0.746795276,10187,0.055925513,105,0.000576438,3502,0.019225596,32,0.000175676,1926,0.010573529,10216,0.05608472,20154,0.11064325
36113,65684,60549,0.921822666,777,0.011829365,44,0.000669874,451,0.006866208,0,0,107,0.001629012,1847,0.028119481,1909,0.029063394
36115,61310,55784,0.909867885,1473,0.024025444,91,0.00148426,367,0.005985973,23,0.000375143,149,0.002430272,1608,0.026227369,1815,0.029603654
36117,91324,80606,0.882637642,2061,0.022568,36,0.000394201,780,0.008541019,3,3.29E-05,325,0.003558758,3151,0.034503526,4362,0.047764005
36119,997904,511083,0.51215648,133056,0.133335471,1333,0.0013358,60873,0.061000858,71,7.11E-05,9220,0.009239366,25079,0.025131676,257189,0.2577292
36121,40338,35787,0.887178343,1433,0.035524815,36,0.000892459,248,0.006148049,0,0,259,0.006420745,1223,0.030318806,1352,0.033516783
36123,24713,23372,0.945737061,133,0.005381783,18,0.000728362,251,0.010156598,5,0.000202323,27,0.001092542,363,0.014688625,544,0.022012706
37001,171779,105172,0.612251789,33408,0.194482445,183,0.001065322,2748,0.015997299,57,0.000331822,1053,0.006129969,5958,0.0346841,23200,0.135057254
37003,36505,31428,0.860923161,1597,0.043747432,75,0.002054513,393,0.010765649,0,0,60,0.00164361,1080,0.029584988,1872,0.051280646
37005,10989,9478,0.862498862,202,0.018382018,32,0.002912003,33,0.003003003,0,0,0,0,141,0.012831013,1103,0.1003731
37007,22200,9815,0.442117117,10491,0.472567568,40,0.001801802,335,0.01509009,0,0,33,0.001486486,474,0.021351351,1012,0.045585586
37009,26759,24599,0.919279495,263,0.009828469,63,0.002354348,117,0.004372361,8,0.000298965,14,0.000523188,289,0.010800105,1406,0.05254307
37011,17679,15464,0.874710108,644,0.0364274,146,0.008258386,82,0.004638271,4,0.000226257,7,0.00039595,428,0.024209514,904,0.051134114
37013,44711,29362,0.656706403,10344,0.231352464,40,0.000894634,109,0.002437879,0,0,75,0.00167744,1047,0.023417056,3734,0.083514124
37015,17818,6070,0.340666741,10925,0.613144012,51,0.002862274,136,0.007632731,1,5.61E-05,25,0.001403076,352,0.019755304,258,0.01447974
37017,29807,16265,0.54567719,10050,0.337169121,796,0.026705136,93,0.003120072,0,0,0,0,192,0.00644144,2411,0.08088704
37019,139721,113768,0.814251258,11952,0.085541901,327,0.002340378,833,0.005961881,44,0.000314913,345,0.002469206,5338,0.038204708,7114,0.050915754
37021,269449,222355,0.825221099,15081,0.055969775,383,0.001421419,3087,0.011456714,373,0.001384306,853,0.00316572,8224,0.030521546,19093,0.070859421
37023,87799,71070,0.809462522,5138,0.058520029,111,0.001264251,2984,0.03398672,58,0.0006606,455,0.005182291,2125,0.024203009,5858,0.066720578
37025,226396,137943,0.609299634,42108,0.185992685,55,0.000242937,11170,0.049338328,64,0.000282691,1413,0.006241276,8014,0.035398152,25629,0.113204297
37027,80716,69476,0.86074632,3421,0.042383171,63,0.000780514,440,0.005451212,78,0.000966351,75,0.000929184,2196,0.027206502,4967,0.061536746
37029,10547,8310,0.787901773,851,0.080686451,24,0.002275529,144,0.013653172,25,0.002370342,94,0.008912487,708,0.067128093,391,0.037072153
37031,68353,58750,0.859508727,2898,0.042397554,230,0.003364885,833,0.012186737,12,0.000175559,125,0.001828742,2403,0.035155736,3102,0.045382061
37033,22747,13567,0.596430299,7274,0.319778432,25,0.001099046,194,0.008528597,0,0,10,0.000439618,588,0.025849563,1089,0.047874445
37035,161011,118383,0.735247902,12975,0.080584556,142,0.000881927,6567,0.040786033,0,0,444,0.002757576,5833,0.036227339,16667,0.103514667
37037,76754,54579,0.711089976,8119,0.105779503,133,0.001732809,1277,0.016637569,0,0,539,0.007022435,2775,0.036154468,9332,0.12158324
37039,28868,26014,0.901136206,420,0.014548982,456,0.015796037,150,0.005196065,0,0,42,0.001454898,715,0.024767909,1071,0.037099903
37041,13835,8330,0.602096133,4619,0.33386339,9,0.000650524,15,0.001084207,0,0,10,0.000722804,342,0.024719913,510,0.036863029
37043,11186,10260,0.917217951,110,0.009833721,122,0.01090649,128,0.011442875,14,0.001251564,0,0,120,0.010727695,432,0.038619703
37045,99527,71125,0.714630201,20032,0.201272017,71,0.000713374,916,0.009203533,70,0.000703327,214,0.00215017,2986,0.030001909,4113,0.041325469
37047,50827,29868,0.587640427,14469,0.284671533,1559,0.030672674,249,0.004898971,38,0.000747634,139,0.002734767,1509,0.029688945,2996,0.058945049
37049,101098,65471,0.647599359,21030,0.208015984,275,0.002720133,2640,0.026113276,189,0.001869473,495,0.004896239,3141,0.031068864,7857,0.077716671
37051,335207,137375,0.409821394,121856,0.363524628,3482,0.010387611,8121,0.024226821,1154,0.003442649,2755,0.008218802,18472,0.055106248,41992,0.125271847
37053,28616,24381,0.852005871,1594,0.055703103,54,0.001887056,224,0.007827789,0,0,350,0.01223092,653,0.022819402,1360,0.04752586
37055,37160,31896,0.858342304,1116,0.030032293,33,0.000888052,170,0.004574812,15,0.00040366,271,0.007292788,850,0.022874058,2809,0.075592034
37057,169498,132403,0.78114786,16107,0.09502767,207,0.001221253,2574,0.01518602,30,0.000176993,161,0.000949864,4725,0.027876435,13291,0.078413905
37059,43030,35844,0.833000232,1782,0.041412968,185,0.004299326,323,0.007506391,0,0,117,0.002719033,1622,0.037694632,3157,0.073367418
37061,49312,24935,0.505657852,10552,0.213984426,98,0.001987346,236,0.004785853,190,0.003853018,90,0.001825114,1765,0.035792505,11446,0.232113887
37063,325101,138617,0.42638134,110492,0.339869764,717,0.002205468,16934,0.052088428,142,0.000436787,1175,0.003614261,12217,0.037579091,44807,0.137824861
37065,49067,17388,0.354372593,27496,0.560376628,116,0.002364114,105,0.002139931,42,0.000855972,54,0.001100536,1214,0.02474168,2652,0.054048546
37067,383739,211774,0.551869891,96528,0.251545973,689,0.001795491,9192,0.023953781,200,0.000521188,1887,0.004917405,11044,0.028779978,52425,0.136616294
37069,69680,43502,0.624311137,16369,0.234916762,211,0.003028129,452,0.006486797,2,2.87E-05,228,0.003272101,2379,0.034141791,6537,0.093814581
37071,228972,159204,0.695298989,39000,0.170326503,449,0.001960938,3755,0.016399385,306,0.001336408,770,0.003362857,7105,0.031029995,18383,0.080284926
37073,10509,6617,0.629650776,3295,0.313540775,64,0.006090018,6,0.000570939,0,0,0,0,190,0.018079741,337,0.032067751
37075,8047,6876,0.85447993,39,0.004846527,654,0.081272524,0,0,0,0,8,0.000994159,138,0.017149248,332,0.041257612
37077,61161,34437,0.563054888,17641,0.288435441,171,0.002795899,404,0.006605517,231,0.003776917,313,0.00511764,2260,0.036951652,5704,0.093262046
37079,20407,9339,0.457637085,6515,0.319253197,151,0.007399422,15,0.000735042,5,0.000245014,12,0.000588034,1127,0.055226148,3243,0.158916058
37081,539557,259445,0.480848177,182645,0.338509184,1292,0.002394557,27944,0.051790636,57,0.000105642,2893,0.005361806,18852,0.034939775,46429,0.086050223
37083,48772,18294,0.375092266,25096,0.514557533,1416,0.029033052,420,0.008611498,84,0.0017223,48,0.000984171,1822,0.0373575,1592,0.03264168
37085,134718,80833,0.60001633,27273,0.202445108,914,0.006784543,1409,0.010458884,233,0.001729539,248,0.001840882,5331,0.039571549,18477,0.137153164
37087,62152,56836,0.914467756,503,0.008093062,221,0.003555799,248,0.003990218,0,0,8,0.000128717,1524,0.02452053,2812,0.045243918
37089,116469,95771,0.822287476,3571,0.030660519,329,0.002824786,1466,0.01258704,168,0.001442444,478,0.004104096,2373,0.02037452,12313,0.105719118
37091,21633,6978,0.322562751,12522,0.578837887,240,0.011094162,232,0.010724356,21,0.000970739,37,0.00171035,599,0.027689179,1004,0.046410576
37093,52612,19866,0.377594465,17072,0.32448871,3668,0.069717935,728,0.013837147,33,0.000627233,484,0.009199422,3003,0.057078233,7758,0.147456854
37095,4636,2636,0.568593615,1322,0.28515962,28,0.006039689,0,0,0,0,0,0,77,0.016609146,573,0.123597929
37097,187839,139917,0.744877262,21372,0.113778289,227,0.001208482,4737,0.025218405,11,5.86E-05,733,0.003902278,5293,0.028178387,15549,0.082778337
37099,42388,33774,0.796782108,816,0.019250731,3119,0.073582146,456,0.010757762,3,7.08E-05,113,0.002665849,1339,0.031589129,2768,0.0653015
37101,219042,142048,0.648496635,35837,0.163607893,465,0.002122881,1513,0.006907351,87,0.000397184,727,0.003318998,6614,0.030195122,31751,0.144953936
37103,9263,5739,0.619561697,2564,0.276800173,65,0.007017165,95,0.010255857,0,0,0,0,271,0.029256181,529,0.057108928
37105,63560,36344,0.571806167,11674,0.183668974,72,0.001132788,730,0.011485211,0,0,74,0.001164254,1975,0.031073002,12691,0.199669604
37107,55071,26556,0.482213869,21906,0.397777415,46,0.000835285,432,0.007844419,38,0.000690018,29,0.000526593,1511,0.027437308,4553,0.082675092
37109,87933,73286,0.833429998,4891,0.055621894,170,0.00193329,719,0.00817668,32,0.000363913,194,0.002206225,1999,0.022733217,6642,0.075534782
37111,44629,38698,0.867104349,1621,0.036321674,177,0.003966031,472,0.010576083,0,0,8,0.000179256,769,0.017230948,2884,0.064621659
37113,37088,32555,0.877777179,368,0.009922347,106,0.002858067,317,0.008547239,0,0,79,0.002130069,745,0.02008736,2918,0.078677739
37115,21414,19863,0.927570748,238,0.011114224,33,0.001541048,83,0.003875969,0,0,173,0.008078827,453,0.021154385,571,0.026664799
37117,21992,11266,0.512277192,9144,0.415787559,18,0.000818479,125,0.005683885,21,0.000954893,0,0,459,0.020871226,959,0.043606766
37119,1115403,503499,0.451405456,344497,0.308854289,1832,0.001642456,68852,0.061728362,290,0.000259996,4151,0.003721525,36801,0.032993456,155481,0.139394461
37121,14989,13651,0.910734539,120,0.008005871,50,0.00333578,52,0.003469211,0,0,0,0,215,0.014343852,901,0.060110748
37123,25839,16161,0.625449901,4412,0.170749642,140,0.005418166,384,0.014861256,0,0,40,0.001548048,590,0.022833701,4112,0.159139286
37125,100759,76847,0.762681249,10345,0.102670729,403,0.003999643,1272,0.012624182,85,0.000843597,376,0.003731677,4047,0.040165147,7384,0.073283776
37127,95015,45429,0.478124507,38367,0.4037994,430,0.004525601,718,0.007556702,27,0.000284166,520,0.00547282,2402,0.025280219,7122,0.074956586
37129,228134,174894,0.766628385,27072,0.118667099,389,0.001705138,2971,0.013023048,34,0.000149035,939,0.004116002,7978,0.034970675,13857,0.060740617
37131,17528,6814,0.388749429,9426,0.537768142,31,0.001768599,11,0.000627567,0,0,41,0.002339115,742,0.042332268,463,0.026414879
37133,203686,132749,0.651733551,27329,0.134172206,656,0.003220644,3685,0.018091572,286,0.001404122,295,0.001448308,11626,0.057078052,27060,0.132851546
37135,145919,99949,0.684962205,15521,0.106367231,456,0.003125021,11368,0.077906236,34,0.000233006,691,0.004735504,5160,0.035362084,12740,0.087308712
37137,12317,9103,0.739059836,2362,0.191767476,16,0.001299018,80,0.006495088,0,0,7,0.00056832,196,0.015912966,553,0.044897296
37139,40454,21720,0.536906116,14213,0.351337321,58,0.001433727,544,0.013447372,28,0.000692144,100,0.002471943,1290,0.03188807,2501,0.061823305
37141,61592,45608,0.740485777,8169,0.132630861,95,0.001542408,318,0.005163008,18,0.000292246,166,0.002695155,2414,0.039193402,4804,0.077997142
37143,13053,9209,0.705508312,2978,0.228146786,1,7.66E-05,55,0.004213591,2,0.000153221,2,0.000153221,391,0.0299548,415,0.031793457
37145,39131,25682,0.656308298,9987,0.255219647,31,0.000792211,174,0.004446602,4,0.000102221,29,0.0007411,1313,0.03355396,1911,0.048835961
37147,171196,90903,0.530987874,59964,0.350265193,281,0.001641393,2950,0.017231711,62,0.000362158,398,0.002324821,5098,0.029778733,11540,0.067408117
37149,19538,16714,0.855461153,948,0.048520831,26,0.00133074,40,0.002047292,0,0,314,0.016071246,334,0.017094892,1162,0.059473846
37151,144403,111829,0.774422969,7976,0.05523431,192,0.001329612,1714,0.011869559,39,0.000270077,231,0.00159969,4585,0.031751418,17837,0.123522364
37153,43149,23988,0.555934089,13707,0.31766669,1004,0.02326821,302,0.006999003,0,0,86,0.001993094,977,0.022642471,3085,0.071496443
37155,117573,28527,0.242632237,27608,0.234815817,46786,0.397931498,745,0.006336489,38,0.000323203,240,0.002041285,2624,0.022318049,11005,0.093601422
37157,91209,64861,0.711124999,15888,0.174193336,114,0.001249877,506,0.005547698,157,0.001721321,447,0.004900832,3326,0.0364657,5910,0.064796237
37159,147067,103469,0.703550083,23165,0.157513242,169,0.001149136,1570,0.010675406,17,0.000115594,194,0.001319127,4108,0.027932847,14375,0.097744565
37161,64680,52983,0.819155844,5585,0.086348176,95,0.001468769,351,0.005426716,6,9.28E-05,312,0.004823748,2098,0.032436611,3250,0.050247372
37163,59317,29521,0.497681946,14842,0.250214947,854,0.014397222,328,0.005529612,0,0,107,0.001803867,1203,0.020280864,12462,0.210091542
37165,34222,14114,0.412424756,13330,0.389515516,3926,0.114721524,137,0.004003273,0,0,180,0.005259774,1301,0.038016481,1234,0.036058676
37167,62723,50021,0.797490554,7030,0.112080098,26,0.000414521,1181,0.018828819,0,0,3,4.78E-05,1467,0.02338855,2995,0.047749629
37169,44696,40118,0.897574727,1943,0.043471452,113,0.00252819,19,0.000425094,0,0,219,0.004899767,681,0.015236263,1603,0.035864507
37171,71429,58998,0.825967044,2496,0.03494379,148,0.002071988,456,0.006383962,38,0.000531997,62,0.000867995,1014,0.014195915,8217,0.11503731
37173,14130,8414,0.59547063,169,0.011960368,3949,0.279476292,74,0.005237084,0,0,5,0.000353857,546,0.038641189,973,0.06886058
37175,33131,29755,0.898101476,1430,0.043161993,62,0.001871359,18,0.000543298,0,0,80,0.002414657,638,0.019256889,1148,0.034650327
37177,3389,1935,0.570964886,1111,0.327825317,0,0,12,0.003540868,0,0,0,0,40,0.011802892,291,0.085866037
37179,240109,167274,0.696658601,26629,0.110903798,341,0.001420188,9115,0.037961926,31,0.000129108,1010,0.004206423,7389,0.030773524,28320,0.117946433
37181,42492,16233,0.382024852,20735,0.487974207,60,0.00141203,391,0.009201732,0,0,0,0,1454,0.034218206,3619,0.085168973
37183,1132103,659706,0.58272613,217800,0.192385322,1929,0.001703909,88873,0.078502574,354,0.000312692,5557,0.004908564,39889,0.035234427,117995,0.104226382
37185,18803,7115,0.378397064,8975,0.477317449,962,0.051162049,108,0.005743764,8,0.000425464,78,0.004148274,766,0.04073818,791,0.042067755
37187,11051,4765,0.431182698,5259,0.475884535,49,0.004433988,0,0,0,0,33,0.002986155,261,0.023617772,684,0.061894851
37189,54540,49677,0.910836084,942,0.017271727,166,0.003043638,737,0.013513018,19,0.000348368,31,0.00056839,803,0.014723139,2165,0.039695636
37191,117480,60669,0.516419816,35881,0.3054222,116,0.000987402,1309,0.011142322,117,0.000995914,235,0.00200034,4219,0.035912496,14934,0.12711951
37193,66125,57182,0.864756144,2446,0.036990548,150,0.002268431,297,0.004491493,272,0.004113422,15,0.000226843,1134,0.017149338,4629,0.070003781
37195,78667,35716,0.454015025,30794,0.391447494,151,0.001919483,780,0.009915212,0,0,412,0.005237266,2023,0.025715993,8791,0.111749526
37197,37280,30922,0.82945279,1070,0.028701717,25,0.000670601,21,0.000563305,0,0,216,0.005793991,707,0.018964592,4319,0.115853004
37199,18538,17049,0.919678498,82,0.004423347,19,0.001024922,67,0.003614198,8,0.000431546,5,0.000269716,307,0.016560578,1001,0.053997195
38001,2190,2017,0.921004566,11,0.005022831,26,0.011872146,12,0.005479452,0,0,7,0.003196347,34,0.015525114,83,0.037899543
38003,10826,9738,0.899501201,201,0.018566414,150,0.013855533,137,0.01265472,10,0.000923702,0,0,337,0.031128764,253,0.023369666
38005,5960,2381,0.399496644,15,0.002516779,3257,0.54647651,35,0.005872483,9,0.001510067,0,0,182,0.030536913,81,0.013590604
38007,839,827,0.985697259,0,0,0,0,0,0,0,0,0,0,0,0,12,0.014302741
38009,6411,5779,0.901419435,31,0.004835439,327,0.051006083,24,0.003743566,0,0,2,0.000311964,88,0.013726408,160,0.024957105
38011,2975,2734,0.918991597,0,0,33,0.011092437,0,0,9,0.00302521,0,0,37,0.012436975,162,0.054453782
38013,2184,2028,0.928571429,15,0.006868132,12,0.005494505,56,0.025641026,0,0,0,0,50,0.022893773,23,0.010531136
38015,98443,85008,0.863525086,1900,0.019300509,3179,0.032292799,813,0.008258586,654,0.006643438,85,0.000863444,3978,0.040409171,2826,0.028706967
38017,186328,155340,0.833691125,12019,0.06450453,1685,0.009043193,5965,0.032013439,4,2.15E-05,456,0.002447297,5267,0.028267356,5592,0.030011592
38019,3691,3435,0.930642102,0,0,64,0.017339474,5,0.001354646,0,0,33,0.008940666,121,0.032782444,33,0.008940666
38021,5003,4451,0.8896662,11,0.002198681,107,0.021387168,50,0.009994004,0,0,26,0.005196882,118,0.023585848,240,0.047971217
38023,2195,1882,0.857403189,70,0.031890661,47,0.021412301,11,0.00501139,0,0,0,0,65,0.029612756,120,0.054669704
38025,4049,3171,0.783156335,27,0.006668313,461,0.113855273,8,0.001975796,2,0.000493949,3,0.000740924,124,0.030624846,253,0.062484564
38027,2345,2121,0.904477612,0,0,96,0.040938166,0,0,1,0.000426439,0,0,64,0.027292111,63,0.026865672
38029,3297,3143,0.95329087,6,0.001819836,5,0.00151653,10,0.00303306,0,0,10,0.00303306,75,0.022747953,48,0.01455869
38031,3388,3206,0.946280992,16,0.00472255,33,0.00974026,2,0.000590319,18,0.005312869,0,0,94,0.027744982,19,0.005608028
38033,1734,1487,0.857554787,3,0.001730104,0,0,0,0,0,0,0,0,152,0.087658593,92,0.053056517
38035,72927,60168,0.825044222,2685,0.03681764,1322,0.018127717,2059,0.028233713,331,0.004538785,278,0.003812031,2602,0.035679515,3482,0.047746377
38037,2320,2134,0.919827586,2,0.000862069,26,0.011206897,72,0.031034483,2,0.000862069,5,0.002155172,39,0.016810345,40,0.017241379
38039,2309,2214,0.958856648,0,0,23,0.009961022,0,0,0,0,0,0,37,0.016024253,35,0.015158077
38041,2477,2285,0.922486879,12,0.00484457,57,0.023011708,6,0.002422285,3,0.001211143,4,0.001614857,96,0.03875656,14,0.005651998
38043,2391,2178,0.910915935,5,0.002091175,64,0.026767043,0,0,0,0,0,0,34,0.014219992,110,0.046005855
38045,4135,3962,0.958162031,7,0.001692866,22,0.005320435,3,0.000725514,0,0,0,0,59,0.01426844,82,0.019830713
38047,1849,1736,0.938885884,2,0.001081666,4,0.002163332,1,0.000540833,0,0,0,0,55,0.029745809,51,0.027582477
38049,5326,5042,0.94667668,39,0.007322569,26,0.004881712,40,0.007510327,0,0,1,0.000187758,102,0.019151333,76,0.014269621
38051,2529,2350,0.929221036,16,0.006326611,14,0.005535785,18,0.007117438,0,0,29,0.011466983,36,0.014234875,66,0.026097272
38053,14081,10610,0.753497621,301,0.021376323,1171,0.083161707,78,0.005539379,0,0,0,0,433,0.030750657,1488,0.105674313
38055,9781,8582,0.877415397,40,0.004089561,520,0.053164298,83,0.00848584,32,0.003271649,6,0.000613434,257,0.026275432,261,0.026684388
38057,8366,7594,0.907721731,21,0.00251016,282,0.033707865,62,0.007410949,0,0,97,0.011594549,91,0.010877361,219,0.026177385
38059,33192,29142,0.877982646,427,0.012864546,1085,0.0326886,132,0.003976862,62,0.00186792,114,0.003434563,829,0.024975898,1401,0.042208966
38061,9648,5498,0.569859038,179,0.018553068,2850,0.29539801,69,0.007151741,12,0.001243781,0,0,160,0.016583748,880,0.091210614
38063,3025,2776,0.91768595,0,0,3,0.000991736,44,0.014545455,0,0,2,0.000661157,83,0.027438017,117,0.038677686
38065,1832,1683,0.918668122,0,0,8,0.004366812,6,0.003275109,7,0.003820961,0,0,67,0.036572052,61,0.033296943
38067,6853,6143,0.896395739,66,0.009630819,104,0.015175835,25,0.003648037,15,0.002188822,11,0.001605136,234,0.03414563,255,0.037209981
38069,3999,3713,0.928482121,10,0.002500625,111,0.027756939,63,0.015753938,0,0,0,0,53,0.013253313,49,0.012253063
38071,11613,9516,0.819426505,65,0.005597176,1159,0.099801946,112,0.009644364,12,0.001033325,0,0,372,0.032033066,377,0.032463618
38073,5663,5091,0.898993466,125,0.022073106,14,0.002472188,65,0.011478015,0,0,3,0.000529755,248,0.043793043,117,0.020660427
38075,2282,2184,0.957055215,0,0,0,0,4,0.001752848,0,0,0,0,36,0.015775635,58,0.025416301
38077,16548,14837,0.896603819,135,0.008158086,378,0.02284264,22,0.001329466,0,0,99,0.005982596,479,0.028946096,598,0.036137298
38079,12292,2169,0.176456232,102,0.00829808,9378,0.762935242,53,0.004311747,0,0,14,0.001138952,279,0.02269769,297,0.024162057
38081,3828,3478,0.908568443,96,0.02507837,21,0.005485893,12,0.003134796,0,0,1,0.000261233,95,0.024817137,125,0.032654127
38083,1338,1280,0.956651719,0,0,18,0.013452915,0,0,0,0,0,0,34,0.025411061,6,0.004484305
38085,3896,472,0.121149897,10,0.002566735,3275,0.840605749,0,0,0,0,0,0,101,0.025924025,38,0.009753593
38087,837,800,0.955794504,0,0,9,0.010752688,0,0,0,0,0,0,27,0.032258065,1,0.001194743
38089,32989,28427,0.86171148,818,0.024796144,473,0.014338113,416,0.012610264,160,0.004850102,10,0.000303131,667,0.020218861,2018,0.061171906
38091,1774,1707,0.962232244,4,0.002254791,0,0,0,0,0,0,0,0,24,0.013528749,39,0.021984216
38093,21609,19710,0.91211995,412,0.01906613,332,0.015363969,159,0.007358045,3,0.000138831,21,0.000971817,365,0.01689111,607,0.028090148
38095,2152,1836,0.853159851,8,0.003717472,143,0.066449814,9,0.004182156,0,0,0,0,73,0.033921933,83,0.038568773
38097,8004,7243,0.904922539,69,0.00862069,91,0.011369315,26,0.003248376,5,0.000624688,0,0,260,0.032483758,310,0.038730635
38099,10553,8775,0.831517104,82,0.007770302,130,0.012318772,73,0.006917464,0,0,0,0,215,0.020373354,1278,0.121103004
38101,69532,56538,0.813122016,2789,0.040111028,854,0.012282115,1112,0.015992636,69,0.000992349,247,0.003552321,3232,0.046482195,4691,0.06746534
38103,3990,3790,0.949874687,0,0,14,0.003508772,8,0.002005013,0,0,12,0.003007519,69,0.017293233,97,0.024310777
38105,39076,30008,0.7679394,2030,0.051950046,812,0.020780018,420,0.010748285,29,0.000742144,75,0.001919337,2000,0.051182311,3702,0.094738458
39001,27509,26354,0.958013741,97,0.003526119,38,0.001381366,127,0.004616671,6,0.00021811,36,0.001308663,548,0.019920753,303,0.011014577
39003,102087,81514,0.79847581,10914,0.106908813,99,0.000969761,843,0.008257663,15,0.000146933,268,0.002625212,4886,0.047861138,3548,0.03475467
39005,52522,49670,0.945698945,408,0.007768173,27,0.00051407,320,0.006092685,6,0.000114238,72,0.001370854,1136,0.021629032,883,0.016812003
39007,97666,85425,0.874664673,3385,0.03465894,85,0.000870313,371,0.003798661,36,0.000368603,299,0.003061454,3440,0.035222083,4625,0.047355272
39009,61276,54807,0.894428487,1507,0.024593642,69,0.001126053,1600,0.026111365,19,0.000310072,114,0.001860435,1929,0.031480514,1231,0.020089431
39011,46263,43852,0.947884919,399,0.008624603,19,0.000410695,152,0.003285563,0,0,42,0.000907853,950,0.020534769,849,0.018351598
39013,66554,61005,0.916624095,1996,0.029990684,40,0.000601016,403,0.006055233,38,0.000570965,47,0.000706193,2249,0.033792109,776,0.011659705
39015,43715,41919,0.958915704,394,0.009012925,9,0.000205879,115,0.002630676,0,0,2,4.58E-05,731,0.016721949,545,0.012467117
39017,388327,302407,0.778743173,31785,0.08185112,126,0.000324469,15366,0.039569744,199,0.000512455,1492,0.003842123,16739,0.043105424,20213,0.052051493
39019,26761,25413,0.94962819,208,0.007772505,0,0,0,0,0,0,78,0.002914689,690,0.02578379,372,0.013900826
39021,38715,35773,0.924008782,756,0.019527315,138,0.00356451,138,0.00356451,0,0,170,0.004391063,1075,0.027767015,665,0.017176805
39023,135877,112862,0.830618869,11002,0.080970289,49,0.00036062,845,0.00621886,76,0.000559329,281,0.002068047,5649,0.041574365,5113,0.037629621
39025,208851,192215,0.920345126,2918,0.013971683,63,0.00030165,2393,0.011457929,0,0,535,0.002561635,6181,0.029595262,4546,0.021766714
39027,42077,38955,0.925802695,769,0.018276018,23,0.000546617,308,0.007319913,7,0.000166362,57,0.001354659,1146,0.027235782,812,0.019297954
39029,101723,94366,0.92767614,2163,0.021263628,60,0.000589837,339,0.00333258,86,0.000845433,170,0.001671205,2499,0.024566715,2040,0.020054462
39031,36629,34739,0.94840154,415,0.011329821,21,0.000573316,155,0.00423162,0,0,74,0.002020257,781,0.021321903,444,0.012121543
39033,41861,39525,0.944196269,369,0.008814887,5,0.000119443,274,0.006545472,0,0,14,0.00033444,905,0.021619168,769,0.018370321
39035,1256620,723764,0.575960911,360339,0.286752558,1007,0.000801356,39710,0.031600643,299,0.00023794,5044,0.004013942,44470,0.035388582,81987,0.065244067
39037,51751,49298,0.95259995,364,0.007033681,15,0.000289849,206,0.003980599,0,0,52,0.001004812,922,0.017816081,894,0.017275029
39039,38300,32678,0.853211488,558,0.014569191,40,0.001044386,107,0.002793734,6,0.000156658,42,0.001096606,764,0.019947781,4105,0.107180157
39041,216074,176757,0.81803919,8267,0.038260041,85,0.000393384,15743,0.072859298,47,0.000217518,753,0.003484917,8128,0.037616742,6294,0.02912891
39043,75299,61128,0.81180361,6579,0.087371678,125,0.001660049,558,0.007410457,21,0.000278888,469,0.006228502,2827,0.037543659,3592,0.047703157
39045,159371,132428,0.830941639,13353,0.083785632,71,0.000445501,3490,0.021898589,143,0.000897277,319,0.002001619,5554,0.034849502,4013,0.02518024
39047,28901,26380,0.912771184,662,0.022905782,9,0.000311408,236,0.008165807,9,0.000311408,35,0.001211031,895,0.030967787,675,0.023355593
39049,1318149,797008,0.604641812,300520,0.227986366,868,0.000658499,70990,0.053855824,373,0.000282973,5278,0.0040041,63655,0.048291202,79457,0.060279225
39051,42602,37468,0.879489226,204,0.004788508,6,0.000140838,161,0.003779165,7,0.000164312,120,0.002816769,756,0.017745646,3880,0.091075536
39053,29276,27111,0.926048641,521,0.017796147,21,0.000717311,246,0.008402787,0,0,73,0.00249351,875,0.029887963,429,0.014653641
39055,95455,89436,0.93694411,916,0.009596145,52,0.000544759,486,0.005091404,4,4.19E-05,392,0.004106647,2529,0.02649416,1640,0.017180871
39057,167567,137829,0.822530689,10477,0.062524244,93,0.000555002,4890,0.029182357,124,0.000740003,949,0.005663406,7945,0.04741387,5260,0.031390429
39059,38409,35850,0.93337499,706,0.018381109,21,0.000546747,154,0.004009477,0,0,271,0.007055638,936,0.024369288,471,0.012262751
39061,827671,528698,0.638777969,208639,0.252079631,411,0.000496574,22873,0.027635377,485,0.000585982,3559,0.004300018,31988,0.038648207,31018,0.037476244
39063,75072,65990,0.879022805,1283,0.01709026,54,0.000719309,1437,0.019141624,13,0.000173167,72,0.000959079,1709,0.022764812,4514,0.060128943
39065,30622,28648,0.935536542,363,0.011854222,20,0.000653125,237,0.007739534,11,0.000359219,40,0.00130625,649,0.021193913,654,0.021357194
39067,14528,13638,0.938738987,418,0.028772026,3,0.000206498,0,0,0,0,42,0.002890969,238,0.016382159,189,0.013009361
39069,27601,24413,0.884496939,151,0.005470816,45,0.001630376,42,0.001521684,19,0.000688381,273,0.009890946,462,0.016738524,2196,0.079562335
39071,43285,40961,0.946309345,710,0.016402911,52,0.00120134,47,0.001085826,0,0,32,0.000739286,894,0.020653806,589,0.013607485
39073,28104,26583,0.94587959,173,0.006155707,3,0.000106746,72,0.002561913,0,0,207,0.0073655,755,0.026864503,311,0.01106604
39075,44273,43189,0.975515551,83,0.001874732,58,0.001310054,30,0.000677614,0,0,45,0.001016421,413,0.009328485,455,0.010277144
39077,58518,51984,0.888342049,315,0.005382959,83,0.001418367,142,0.002426604,7,0.000119621,231,0.003947503,1687,0.028828736,4069,0.06953416
39079,32563,31105,0.955225256,239,0.007339619,139,0.004268648,177,0.005435617,0,0,1,3.07E-05,535,0.01642969,367,0.01127046
39081,65280,58398,0.894577206,3492,0.053492647,36,0.000551471,390,0.005974265,0,0,131,0.00200674,1695,0.025965074,1138,0.017432598
39083,62657,58764,0.937868075,527,0.008410872,17,0.000271318,327,0.00521889,0,0,271,0.004325135,1692,0.027004166,1059,0.016901543
39085,232236,200013,0.861248902,10468,0.045074838,181,0.00077938,3253,0.014007303,90,0.000387537,643,0.002768735,6355,0.027364405,11233,0.048368901
39087,57994,54584,0.941200814,888,0.015311929,35,0.000603511,366,0.006310998,40,0.000689727,176,0.003034797,1299,0.022398869,606,0.010449357
39089,178844,155959,0.872039319,7215,0.040342421,77,0.000430543,4860,0.027174521,37,0.000206884,927,0.005183288,5768,0.032251571,4001,0.022371452
39091,46098,42582,0.923727711,741,0.01607445,49,0.001062953,300,0.006507875,20,0.000433858,73,0.001583583,1418,0.030760554,915,0.019849017
39093,313101,239873,0.766120198,22387,0.071500889,349,0.001114656,3862,0.012334678,23,7.35E-05,841,0.002686034,12571,0.040149984,33195,0.106020102
39095,430014,288327,0.670506077,80240,0.186598576,345,0.000802299,7102,0.016515741,175,0.000406963,1503,0.003495235,19329,0.044949699,32993,0.076725409
39097,43961,38287,0.870931053,2229,0.050704033,81,0.001842542,385,0.008757763,8,0.000181979,172,0.003912559,1672,0.038033712,1127,0.02563636
39099,227979,170113,0.746178376,31687,0.138990872,239,0.001048342,2041,0.008952579,33,0.00014475,735,0.003223981,8209,0.036007702,14922,0.065453397
39101,65366,56852,0.869748799,3142,0.048067803,54,0.000826118,427,0.006532448,26,0.00039776,289,0.004421259,2605,0.039852523,1971,0.030153291
39103,182347,168455,0.923815582,2507,0.013748512,143,0.000784219,1800,0.009871289,0,0,209,0.001146166,4688,0.025709225,4545,0.024925006
39105,22242,21405,0.962368492,96,0.004316159,4,0.00017984,0,0,0,0,0,0,549,0.024683032,188,0.008452477
39107,42321,40057,0.9465041,216,0.005103849,14,0.000330805,259,0.006119893,213,0.005032962,0,0,728,0.017201862,834,0.019706529
39109,108818,99100,0.910694922,2109,0.019380985,65,0.000597328,1790,0.016449484,10,9.19E-05,178,0.001635759,3465,0.031842158,2101,0.019307468
39111,13401,12813,0.956122677,119,0.008879934,4,0.000298485,13,0.000970077,0,0,51,0.003805686,361,0.026938288,40,0.002984852
39113,536121,371335,0.69263282,109166,0.203621944,509,0.000949413,11915,0.022224461,90,0.000167873,1823,0.003400352,22941,0.042790713,18342,0.034212426
39115,13851,12610,0.910403581,445,0.032127644,14,0.001010757,16,0.001155151,0,0,85,0.006136741,542,0.039130749,139,0.010035377
39117,35049,33326,0.950840252,240,0.006847556,41,0.001169791,154,0.004393849,0,0,96,0.002739023,587,0.016747981,605,0.017261548
39119,86393,78474,0.908337481,2731,0.031611357,99,0.001145926,455,0.00526663,0,0,213,0.002465478,3289,0.038070214,1132,0.013102913
39121,14216,13310,0.936268993,550,0.038688801,19,0.001336522,5,0.000351716,0,0,13,0.000914463,137,0.009637029,182,0.012802476
39123,40367,36736,0.910050289,372,0.009215448,40,0.000990908,130,0.003220452,4,9.91E-05,63,0.001560681,864,0.021403622,2158,0.053459509
39125,18827,17164,0.911669411,105,0.005577097,19,0.001009189,46,0.0024433,2,0.00010623,6,0.000318691,530,0.02815106,955,0.050725023
39127,35451,33966,0.958111196,91,0.002566923,34,0.00095907,28,0.000789823,0,0,63,0.001777101,923,0.026035937,346,0.00975995
39129,58809,54030,0.918736928,2088,0.03550477,24,0.000408101,84,0.001428353,0,0,5,8.50E-05,1619,0.0275298,959,0.016307028
39131,27151,25660,0.945084896,295,0.010865162,96,0.003535781,83,0.003056978,106,0.003904092,15,0.000552466,667,0.024566314,229,0.008434312
39133,161217,141157,0.875571435,7349,0.045584523,70,0.000434197,2926,0.018149451,15,9.30E-05,454,0.00281608,5919,0.03671449,3327,0.020636781
39135,40929,39084,0.954921938,279,0.006816683,20,0.000488651,93,0.002272228,6,0.000146595,61,0.001490386,943,0.023039898,443,0.010823621
39137,34400,31390,0.9125,128,0.00372093,26,0.000755814,30,0.000872093,8,0.000232558,110,0.003197674,449,0.013052326,2259,0.065668605
39139,125008,105592,0.84468194,9678,0.077419045,101,0.000807948,1054,0.00843146,166,0.001327915,695,0.005559644,5055,0.040437412,2667,0.021334635
39141,76957,68293,0.887417649,4155,0.05399119,96,0.00124745,336,0.004366075,25,0.000324857,247,0.003209585,2742,0.035630287,1063,0.013812909
39143,58885,48722,0.827409357,1844,0.031315276,119,0.002020888,258,0.004381421,4,6.79E-05,217,0.003685149,1511,0.025660185,6210,0.105459795
39145,73716,68132,0.924249824,2009,0.027253242,162,0.002197623,357,0.004842911,5,6.78E-05,96,0.001302295,1812,0.024580824,1143,0.015505453
39147,55062,48859,0.887345175,1595,0.028967346,66,0.001198649,321,0.005829792,0,0,102,0.001852457,1064,0.019323671,3055,0.05548291
39149,48145,44258,0.919264721,982,0.020396718,82,0.001703188,357,0.0074151,0,0,206,0.004278741,1473,0.030595077,787,0.016346453
39151,374199,318704,0.851696557,27624,0.073821683,279,0.000745593,3351,0.008955128,27,7.22E-05,1055,0.002819355,14432,0.038567714,8727,0.023321815
39153,539361,403992,0.749019673,74727,0.138547281,374,0.000693413,21146,0.039205653,34,6.30E-05,1843,0.003417006,24080,0.044645423,13165,0.024408513
39155,201749,172878,0.856896441,15670,0.077670769,150,0.000743498,1157,0.005734849,167,0.000827761,253,0.001254033,7377,0.036565237,4097,0.020307412
39157,92840,86816,0.935114175,527,0.005676433,66,0.0007109,336,0.00361913,2,2.15E-05,151,0.001626454,1765,0.019011202,3177,0.034220164
39159,63411,55330,0.872561543,1576,0.024853732,86,0.001356232,2975,0.04691615,0,0,167,0.002633612,1834,0.028922427,1443,0.022756304
39161,28833,26694,0.925814171,206,0.007144591,9,0.000312142,32,0.001109839,0,0,21,0.000728332,749,0.025977179,1122,0.038913745
39163,12790,12286,0.960594214,9,0.000703675,0,0,0,0,0,0,0,0,465,0.036356529,30,0.002345582
39165,243189,203730,0.837743483,8209,0.033755639,143,0.00058802,16103,0.066215988,0,0,885,0.003639145,6522,0.026818647,7597,0.031239077
39167,59639,56201,0.942353158,653,0.010949211,117,0.001961804,465,0.007796911,0,0,113,0.001894733,1405,0.02355841,685,0.011485773
39169,116680,108645,0.931136442,1518,0.013009942,91,0.000779911,1292,0.01107302,0,0,262,0.002245458,2365,0.020269112,2507,0.021486116
39171,36973,33804,0.914288805,431,0.011657155,40,0.001081871,210,0.00567982,17,0.000459795,97,0.002623536,513,0.01387499,1861,0.050334028
39173,131564,114286,0.868672281,2564,0.019488614,193,0.001466967,2419,0.018386489,165,0.001254142,152,0.001155331,3923,0.029818187,7862,0.059757989
39175,21818,20583,0.943395362,34,0.001558346,2,9.17E-05,146,0.006691722,0,0,20,0.000916674,343,0.015720964,690,0.031625264
40001,19726,7550,0.382743587,66,0.003345838,8468,0.429281152,267,0.013535435,4,0.000202778,0,0,1867,0.094646659,1504,0.07624455
40003,5683,4603,0.809959528,201,0.035368643,136,0.023931022,39,0.006862573,5,0.000879817,0,0,323,0.056836178,376,0.066162238
40005,14117,9578,0.678472763,457,0.032372317,1280,0.090670822,105,0.007437841,1,7.08E-05,2,0.000141673,2095,0.148402635,599,0.042431111
40007,5071,3445,0.679353185,20,0.003943995,58,0.011437586,6,0.001183199,0,0,22,0.004338395,183,0.036087557,1337,0.263656084
40009,22295,16328,0.732361516,1225,0.054945055,406,0.018210361,124,0.005561785,1,4.49E-05,9,0.000403678,636,0.028526575,3566,0.159946176
40011,8661,6038,0.697148135,383,0.044221222,510,0.058884655,0,0,0,0,0,0,554,0.0639649,1176,0.135781088
40013,46528,32207,0.692206843,890,0.019128267,6110,0.131318776,299,0.006426238,15,0.000322387,14,0.000300894,3794,0.081542297,3199,0.068754298
40015,26910,14826,0.550947603,859,0.031921219,4652,0.172872538,24,0.000891862,7,0.000260126,56,0.002081011,2448,0.0909699,4038,0.150055741
40017,156681,114310,0.72957155,5463,0.034867023,4780,0.030507847,4803,0.030654642,123,0.000785035,1065,0.00679725,9616,0.061373108,16521,0.105443545
40019,48202,32564,0.675573628,2933,0.060848098,3371,0.069934857,622,0.012904029,10,0.00020746,58,0.00120327,4556,0.0945189,4088,0.084809759
40021,47412,21581,0.455180123,550,0.011600439,15060,0.317641104,389,0.008204674,30,0.000632751,36,0.000759301,6029,0.1271619,3737,0.078819708
40023,14285,8363,0.585439272,1355,0.094854743,2128,0.148967448,99,0.006930347,13,0.000910046,56,0.003920196,1510,0.105705285,761,0.053272664
40025,2272,1588,0.698943662,3,0.001320423,7,0.003080986,0,0,0,0,0,0,130,0.05721831,544,0.23943662
40027,295060,204417,0.692798075,13713,0.046475293,10843,0.036748458,13465,0.045634786,79,0.000267742,1001,0.00339253,23183,0.07857046,28359,0.096112655
40029,5287,3440,0.650652544,13,0.002458861,434,0.082088141,25,0.00472858,2,0.000378286,0,0,1100,0.2080575,273,0.051636089
40031,121777,66589,0.546810974,17493,0.143647815,4655,0.038225609,2851,0.023411646,489,0.004015537,500,0.004105866,11914,0.097834566,17286,0.141947987
40033,5537,4078,0.73649991,99,0.017879718,460,0.083077479,4,0.000722413,0,0,0,0,387,0.069893444,509,0.091927036
40035,14144,8538,0.60364819,478,0.033795249,2987,0.211184955,179,0.012655543,18,0.001272624,19,0.001343326,1247,0.088164593,678,0.04793552
40037,72076,53446,0.741522837,1407,0.019521061,8065,0.111895777,433,0.006007548,6,8.32E-05,204,0.002830346,5001,0.069385094,3514,0.048754093
40039,28391,18885,0.665175584,906,0.031911521,1302,0.045859603,326,0.011482512,43,0.001514564,0,0,1473,0.051882639,5456,0.192173576
40041,40791,25662,0.629109362,171,0.004192101,8825,0.216346743,571,0.013998186,48,0.00117673,48,0.00117673,3771,0.092446863,1695,0.041553284
40043,4504,3592,0.797513321,2,0.00044405,234,0.051953819,4,0.000888099,0,0,0,0,321,0.071269982,351,0.077930728
40045,3755,3196,0.851131824,9,0.002396804,66,0.017576565,35,0.009320905,0,0,1,0.000266312,147,0.039147803,301,0.080159787
40047,62456,45011,0.720683361,1272,0.020366338,804,0.012873063,749,0.011992443,2469,0.03953183,9,0.000144101,3517,0.056311643,8625,0.13809722
40049,25806,18812,0.728977757,485,0.018794079,1061,0.04111447,69,0.002673797,0,0,43,0.001666279,2719,0.105363094,2617,0.101410525
40051,55314,44166,0.798459703,1219,0.02203782,1991,0.035994504,263,0.004754673,5,9.04E-05,81,0.001464367,4050,0.073218353,3539,0.063980186
40053,4152,3534,0.851156069,90,0.021676301,113,0.0272158,9,0.00216763,0,0,7,0.001685934,157,0.037813102,242,0.058285164
40055,5531,4047,0.731694088,286,0.051708552,116,0.020972699,6,0.001084795,0,0,10,0.001807991,365,0.065991683,701,0.126740192
40057,2499,1333,0.533413365,249,0.099639856,62,0.024809924,6,0.00240096,0,0,0,0,55,0.022008804,794,0.317727091
40059,3272,2335,0.713630807,0,0,2,0.000611247,0,0,0,0,0,0,142,0.043398533,793,0.242359413
40061,11651,7976,0.684576431,58,0.004978113,1272,0.109175178,105,0.009012102,0,0,5,0.000429148,1638,0.140588791,597,0.051240237
40063,13409,8119,0.605488851,539,0.040196883,2773,0.206801402,58,0.004325453,7,0.000522037,316,0.023566261,766,0.057125811,831,0.061973302
40065,24776,15097,0.609339684,1435,0.057918954,253,0.010211495,376,0.015175977,36,0.001453019,50,0.002018082,1244,0.050209881,6285,0.253672909
40067,5420,4096,0.755719557,102,0.018819188,224,0.041328413,1,0.000184502,0,0,0,0,372,0.068634686,625,0.115313653
40069,10410,6994,0.671853987,228,0.021902017,994,0.09548511,7,0.00067243,3,0.000288184,3,0.000288184,1541,0.14803074,640,0.061479347
40071,43859,31484,0.717845824,811,0.018491074,3572,0.081442805,246,0.005608883,16,0.000364805,147,0.00335165,3716,0.084726054,3867,0.088168905
40073,15290,11379,0.744211903,100,0.006540222,289,0.018901243,228,0.014911707,41,0.002681491,0,0,676,0.044211903,2577,0.16854153
40075,8446,6118,0.724366564,307,0.036348567,313,0.037058963,32,0.003788776,0,0,14,0.001657589,642,0.076012314,1020,0.120767227
40077,9537,5844,0.612771312,111,0.01163888,2241,0.234979553,93,0.009751494,0,0,1,0.000104855,776,0.081367306,471,0.0493866
40079,48525,33672,0.693910355,898,0.018505925,5452,0.112354456,395,0.008140134,11,0.000226687,66,0.001360124,4362,0.089891808,3669,0.07561051
40081,33734,27238,0.807434636,607,0.017993716,2055,0.060917768,141,0.004179759,22,0.000652161,107,0.003171874,2310,0.068476908,1254,0.037173178
40083,49919,38205,0.765339851,3578,0.071676115,1742,0.034896532,306,0.00612993,0,0,37,0.000741201,2411,0.048298243,3640,0.072918127
40085,10158,6958,0.684977358,200,0.019688915,430,0.042331168,70,0.00689112,0,0,0,0,743,0.07314432,1757,0.17296712
40087,42393,32682,0.770929163,410,0.009671408,2437,0.057485906,217,0.00511877,0,0,124,0.002925011,2810,0.066284528,3713,0.087585215
40089,31003,18552,0.598393704,2400,0.077411863,4219,0.136083605,307,0.009902268,455,0.014675999,45,0.001451472,2968,0.095732671,2057,0.066348418
40091,19159,12797,0.66793674,482,0.025157889,2866,0.149590271,158,0.008246777,18,0.000939506,15,0.000782922,2213,0.115507072,610,0.031838822
40093,7678,6362,0.828601198,2,0.000260485,56,0.007293566,36,0.004688721,11,0.001432665,20,0.002604845,398,0.051836416,793,0.103282105
40095,15494,9812,0.633277398,153,0.00987479,863,0.05569898,40,0.002581645,20,0.001290822,39,0.002517103,1663,0.10733187,2904,0.187427391
40097,39324,24729,0.628852609,147,0.003738175,8089,0.205701353,180,0.004577357,32,0.000813752,0,0,4582,0.116519174,1565,0.039797579
40099,13837,9668,0.698706367,171,0.01235817,1517,0.109633591,0,0,32,0.00231264,0,0,1431,0.103418371,1018,0.073570861
40101,66606,36100,0.541993214,6613,0.09928535,11431,0.171621175,432,0.006485902,1,1.50E-05,108,0.001621476,7168,0.107617932,4753,0.071359938
40103,10981,8762,0.797923686,124,0.011292232,669,0.060923413,17,0.001548129,3,0.000273199,25,0.00227666,894,0.08141335,487,0.044349331
40105,9460,6118,0.646723044,138,0.014587738,1561,0.165010571,43,0.004545455,12,0.001268499,18,0.001902748,1198,0.126638478,372,0.039323467
40107,11349,6798,0.598995506,731,0.064410961,1799,0.158516169,74,0.006520398,0,0,8,0.000704908,1416,0.124768702,523,0.046083355
40109,795822,431388,0.542065939,114686,0.144110115,19798,0.024877422,26671,0.033513776,589,0.000740115,2484,0.003121301,54438,0.068404744,145768,0.183166588
40111,36900,22653,0.613902439,2730,0.07398374,5363,0.145338753,202,0.005474255,0,0,30,0.000813008,4183,0.113360434,1739,0.047127371
40113,46004,28749,0.62492392,4858,0.105599513,4933,0.107229806,140,0.003043214,0,0,73,0.001586819,5306,0.115337797,1945,0.042278932
40115,30472,19230,0.631071147,348,0.01142032,5850,0.191979522,219,0.007186926,217,0.007121292,21,0.000689157,2715,0.089098189,1872,0.061433447
40117,15682,11756,0.749649279,82,0.005228925,1422,0.09067721,55,0.003507206,2,0.000127535,29,0.001849254,1745,0.111274072,591,0.03768652
40119,82058,62115,0.756964586,3105,0.037839089,3178,0.038728704,3362,0.04097102,67,0.000816496,109,0.001328329,5989,0.072984962,4133,0.050366814
40121,43758,29663,0.677887472,1018,0.023264317,2954,0.067507656,198,0.004524887,52,0.001188354,84,0.001919649,7239,0.165432607,2550,0.058275058
40123,38116,24298,0.637475076,895,0.023480953,6623,0.173759051,330,0.008657782,40,0.001049428,21,0.00055095,3615,0.094842061,2294,0.060184699
40125,72734,51396,0.706629637,2294,0.031539583,8833,0.121442517,506,0.006956856,95,0.001306129,108,0.001484863,5297,0.072827014,4205,0.057813402
40127,10845,7506,0.692116183,125,0.011526049,1650,0.152143845,47,0.004333794,8,0.000737667,5,0.000461042,1042,0.096081143,462,0.042600277
40129,3423,2782,0.812737365,3,0.000876424,178,0.052001169,11,0.003213555,22,0.006427111,3,0.000876424,149,0.043529068,275,0.080338884
40131,95870,67226,0.701220403,882,0.009199958,11896,0.124084698,1591,0.01659539,60,0.000625848,282,0.002941483,8843,0.092239491,5090,0.05309273
40133,23592,14791,0.626949813,969,0.041073245,4602,0.195066124,50,0.002119362,9,0.000381485,94,0.003984401,1732,0.073414717,1345,0.057010851
40135,39538,24101,0.609565481,675,0.017072184,7890,0.199554859,278,0.00703121,17,0.000429966,43,0.001087561,4581,0.11586322,1953,0.049395518
40137,43140,33900,0.78581363,650,0.015067223,1537,0.035628187,222,0.005146036,40,0.000927214,97,0.002248493,3078,0.071349096,3616,0.083820121
40139,21144,8804,0.416382898,1292,0.061104805,155,0.007330685,257,0.012154748,0,0,11,0.000520242,528,0.024971623,10097,0.477534998
40141,7013,4032,0.574932269,459,0.065449879,236,0.03365179,31,0.004420362,0,0,0,0,249,0.03550549,2006,0.286040211
40143,668923,399880,0.597796757,65063,0.097265306,31822,0.047571993,24304,0.036333031,845,0.001263225,2112,0.003157314,53478,0.079946421,91419,0.136665954
40145,82269,56581,0.68775602,2812,0.034180554,7069,0.08592544,1624,0.019740121,46,0.000559141,301,0.003658729,7847,0.095382222,5989,0.072797773
40147,52579,37547,0.714106392,1381,0.026265239,4917,0.093516423,1120,0.02130128,5,9.51E-05,40,0.00076076,4083,0.077654577,3486,0.066300234
40149,10930,8895,0.813815188,153,0.01399817,203,0.018572736,16,0.001463861,4,0.000365965,5,0.000457457,503,0.046020128,1151,0.105306496
40151,8661,7144,0.824847015,258,0.029788708,280,0.03232883,15,0.001731902,0,0,22,0.002540122,294,0.033945272,648,0.07481815
40153,20411,15868,0.777423938,322,0.015775807,453,0.022193915,83,0.004066435,4,0.000195973,5,0.000244966,831,0.040713341,2845,0.139385625
41001,16685,14865,0.890919988,195,0.011687144,219,0.013125562,47,0.002816901,35,0.002097693,18,0.001078813,482,0.028888223,824,0.049385676
41003,95615,75017,0.78457355,1066,0.011148878,455,0.004758668,6605,0.069079119,158,0.00165246,357,0.003733724,4241,0.044354965,7716,0.080698635
41005,420925,332333,0.789530201,3499,0.008312645,1658,0.003938944,19695,0.046789808,794,0.001886322,1631,0.0038748,22033,0.052344242,39282,0.093323039
41007,41190,33858,0.82199563,378,0.009176985,143,0.003471716,478,0.011604758,27,0.000655499,12,0.000291333,2554,0.062005341,3740,0.090798738
41009,52865,45337,0.857599546,235,0.004445285,470,0.00889057,319,0.006034238,203,0.00383997,161,0.003045493,2953,0.055859264,3187,0.060285633
41011,64908,54155,0.834334751,278,0.004282985,1264,0.019473717,761,0.011724287,13,0.000200283,94,0.001448204,3725,0.05738892,4618,0.071146854
41013,24987,21657,0.8667307,79,0.003161644,252,0.010085244,89,0.003561852,0,0,4,0.000160083,901,0.036058751,2005,0.080241726
41015,23404,19673,0.840582806,88,0.003760041,306,0.013074688,188,0.008032815,0,0,85,0.003631858,1239,0.052939668,1825,0.077978123
41017,199352,170084,0.853184317,713,0.003576588,1052,0.005277098,2201,0.011040772,153,0.000767487,785,0.003937758,7477,0.037506521,16887,0.084709459
41019,111322,95231,0.855455346,287,0.002578107,1000,0.00898295,1091,0.009800399,28,0.000251523,741,0.006656366,5919,0.053170083,7025,0.063105226
41021,1983,1661,0.837619768,0,0,27,0.013615734,15,0.007564297,0,0,22,0.011094302,92,0.046394352,166,0.083711548
41023,7237,6397,0.883929805,8,0.00110543,56,0.007738013,54,0.007461655,21,0.002901755,37,0.005112616,352,0.048638939,312,0.043111787
41025,7496,6381,0.851254002,23,0.003068303,71,0.009471718,0,0,14,0.001867663,4,0.000533618,594,0.079242263,409,0.054562433
41027,23965,14987,0.625370332,210,0.008762779,47,0.001961193,214,0.008929689,9,0.000375548,132,0.005508033,975,0.040684331,7391,0.308408095
41029,222604,174262,0.782834091,1381,0.006203842,1224,0.005498553,2438,0.010952184,684,0.003072721,803,0.003607303,10614,0.047681084,31198,0.140150222
41031,24659,14213,0.576381848,176,0.007137354,2899,0.117563567,97,0.003933655,16,0.00064885,135,0.005474675,2002,0.081187396,5121,0.207672655
41033,87994,74431,0.845864491,461,0.005238994,395,0.004488942,753,0.008557402,161,0.00182967,436,0.004954883,4214,0.047889629,7143,0.081175989
41035,69506,52272,0.752050183,406,0.005841222,2012,0.028947141,581,0.008358991,163,0.002345121,275,0.003956493,3897,0.056067102,9900,0.142433747
41037,8201,6741,0.82197293,21,0.002560663,169,0.020607243,71,0.008657481,0,0,40,0.004877454,385,0.046945494,774,0.094378734
41039,382218,305900,0.800328608,3735,0.00977191,2393,0.006260825,9621,0.025171499,799,0.00209043,1185,0.003100325,21982,0.057511682,36603,0.095764721
41041,50334,40289,0.800433107,151,0.00299996,836,0.016609052,688,0.013668693,30,0.000596019,240,0.004768149,3170,0.062979298,4930,0.097945723
41043,128598,106388,0.827291249,453,0.003522605,450,0.003499277,1085,0.008437145,189,0.001469696,695,0.005404439,6552,0.05094947,12786,0.099426119
41045,31538,18834,0.597184349,250,0.007926945,287,0.009100133,343,0.010875769,52,0.001648805,6,0.000190247,732,0.023210096,11034,0.349863657
41047,345815,216731,0.626725272,3682,0.010647311,2045,0.005913567,6947,0.020088776,3575,0.010337897,1423,0.004114917,15142,0.043786418,96270,0.278385842
41049,12140,6910,0.569192751,81,0.006672158,15,0.001235585,89,0.007331137,48,0.003953871,8,0.000658979,338,0.027841845,4651,0.383113674
41051,808098,544808,0.674185557,42497,0.052588919,4902,0.006066096,60917,0.075383184,4912,0.006078471,3610,0.00446728,46954,0.058104339,99498,0.123126155
41053,87600,66234,0.75609589,494,0.005639269,1076,0.012283105,1620,0.018493151,392,0.004474886,373,0.004257991,4227,0.048253425,13184,0.150502283
41055,1900,1655,0.871052632,7,0.003684211,12,0.006315789,7,0.003684211,37,0.019473684,0,0,86,0.045263158,96,0.050526316
41057,27345,22565,0.825196562,144,0.005266045,264,0.009654416,230,0.008411044,0,0,110,0.004022673,1089,0.039824465,2943,0.107624794
41059,79904,50494,0.63193332,612,0.007659191,1925,0.02409141,685,0.008572787,100,0.001251502,327,0.004092411,3348,0.04190028,22413,0.280499099
41061,26286,23003,0.875104618,238,0.009054249,200,0.007608613,339,0.012896599,369,0.014037891,165,0.006277106,604,0.022978011,1368,0.052042913
41063,7439,6692,0.899583277,75,0.010082,50,0.006721334,28,0.003763947,2,0.000268853,66,0.00887216,246,0.033068961,280,0.037639468
41065,26639,19220,0.721498555,81,0.003040655,632,0.023724614,179,0.006719471,33,0.001238785,22,0.000825857,1163,0.043657795,5309,0.199294268
41067,599541,375743,0.626717772,13128,0.021896751,1689,0.002817155,65050,0.108499669,2716,0.004530132,3019,0.005035519,33944,0.056616645,104252,0.173886356
41069,1407,1213,0.862117982,0,0,1,0.000710732,10,0.007107321,1,0.000710732,9,0.006396588,87,0.061833689,86,0.061122957
41071,107674,80556,0.748147185,658,0.006111039,843,0.007829188,1614,0.014989691,266,0.00247042,346,0.003213403,5551,0.051553764,17840,0.165685309
42001,104604,92058,0.880061948,1415,0.013527207,53,0.000506673,844,0.008068525,4,3.82E-05,328,0.003135635,2214,0.021165539,7688,0.073496233
42003,1245310,958410,0.769615598,156588,0.125742185,819,0.000657668,50668,0.040687058,163,0.000130891,5007,0.004020686,44383,0.035640122,29272,0.023505794
42005,65538,62911,0.959916384,689,0.010512985,7,0.000106808,235,0.003585706,0,0,15,0.000228875,1121,0.017104581,560,0.008544661
42007,167629,147401,0.879328756,10028,0.059822584,74,0.000441451,838,0.004999135,6,3.58E-05,232,0.001384009,5823,0.034737426,3227,0.019250846
42009,47613,45755,0.960977044,343,0.007203915,47,0.000987125,210,0.00441056,0,0,48,0.001008128,612,0.012853632,598,0.012559595
42011,428483,294675,0.687716899,17122,0.039959578,216,0.000504104,5503,0.012842983,62,0.000144697,1603,0.003741105,9842,0.022969406,99460,0.232121228
42013,122640,114368,0.932550554,2198,0.017922374,79,0.000644162,688,0.005609915,21,0.000171233,144,0.001174168,3421,0.027894651,1721,0.014032942
42015,60159,57007,0.947605512,428,0.00711448,36,0.000598414,352,0.005851161,38,0.000631659,269,0.004471484,1083,0.018002294,946,0.015724995
42017,645163,527051,0.816926885,23715,0.036758153,262,0.000406099,31498,0.048821771,62,9.61E-05,3902,0.006048084,20478,0.031740816,38195,0.059202093
42019,194562,181984,0.935352227,2088,0.010731798,48,0.000246708,2756,0.01416515,9,4.63E-05,460,0.002364285,3826,0.019664683,3391,0.017428892
42021,133263,121836,0.914252268,4540,0.034067971,26,0.000195103,660,0.004952613,21,0.000157583,283,0.00212362,3433,0.025761089,2464,0.018489753
42023,4536,4253,0.937610229,2,0.000440917,12,0.002645503,4,0.000881834,0,0,0,0,174,0.038359788,91,0.020061728
42025,65018,58292,0.896551724,1148,0.017656649,86,0.001322711,276,0.004244978,0,0,44,0.000676736,1283,0.019732997,3889,0.059814205
42027,158665,133641,0.842284058,5029,0.031695711,145,0.000913875,9814,0.061853591,58,0.00036555,166,0.001046229,4864,0.030655784,4948,0.031185202
42029,536474,415144,0.773838061,27892,0.051991336,141,0.000262827,33415,0.062286336,82,0.00015285,1431,0.002667417,17486,0.03259431,40883,0.076206862
42031,37489,35541,0.948038091,592,0.015791299,7,0.000186721,173,0.004614687,0,0,27,0.000720211,728,0.01941903,421,0.011229961
42033,79707,73606,0.923457162,1665,0.020889006,54,0.000677481,429,0.005382212,6,7.53E-05,166,0.002082628,1467,0.018404908,2314,0.029031327
42035,37860,35711,0.943238246,493,0.013021659,27,0.000713154,270,0.007131537,7,0.000184892,39,0.001030111,659,0.017406233,654,0.017274168
42037,64924,59481,0.916163514,1156,0.017805434,23,0.00035426,669,0.010304356,125,0.001925328,248,0.003819851,1003,0.015448832,2219,0.034178424
42039,83876,78573,0.936775717,1232,0.014688349,29,0.000345748,482,0.005746578,20,0.000238447,365,0.004351662,1925,0.022950546,1250,0.014902952
42041,261269,216771,0.829685114,10209,0.03907467,57,0.000218166,12954,0.049581083,11,4.21E-05,882,0.003375831,8309,0.031802472,12076,0.046220562
42043,286108,180016,0.629188978,49080,0.171543613,266,0.000929719,16289,0.056933046,89,0.000311071,1162,0.004061403,9335,0.032627539,29871,0.10440463
42045,575312,370236,0.643539506,124600,0.216578135,398,0.000691799,34804,0.06049587,169,0.000293754,1701,0.002956657,18465,0.032095628,24939,0.043348653
42047,30886,29527,0.955999482,220,0.007122968,8,0.000259017,128,0.004144272,0,0,0,0,744,0.024088584,259,0.008385676
42049,270495,223499,0.826259265,18087,0.066866301,353,0.001305015,5142,0.019009594,60,0.000221816,1148,0.004244071,9569,0.035375885,12637,0.046718054
42051,128417,115547,0.899779624,5408,0.042112804,41,0.000319272,644,0.005014912,51,0.000397144,473,0.003683313,4473,0.034831837,1780,0.013861093
42053,6959,4781,0.687023998,1092,0.156919098,13,0.001868084,154,0.022129616,0,0,4,0.000574795,407,0.058485415,508,0.072998994
42055,156084,134354,0.860780093,4951,0.031720099,71,0.000454883,1216,0.007790677,0,0,320,0.002050178,5064,0.032444069,10108,0.064760001
42057,14545,13697,0.941698178,197,0.013544173,2,0.000137504,31,0.002131317,0,0,147,0.010106566,274,0.018838089,197,0.013544173
42059,35781,32810,0.916967105,959,0.026801934,0,0,53,0.001481233,0,0,86,0.00240351,1299,0.036304184,574,0.016042033
42061,44123,39549,0.896335245,1983,0.044942547,95,0.002153072,175,0.003966185,2,4.53E-05,35,0.000793237,1353,0.030664279,931,0.021100107
42063,83394,77041,0.923819459,1825,0.021884068,19,0.000227834,699,0.008381898,2,2.40E-05,155,0.001858647,2358,0.028275415,1295,0.015528695
42065,44326,42698,0.96327212,168,0.003790101,22,0.000496323,120,0.002707215,0,0,109,0.002459053,773,0.017438975,436,0.009836214
42067,23535,21847,0.928277034,278,0.011812195,0,0,100,0.004248991,0,0,49,0.002082006,276,0.011727215,985,0.04185256
42069,215672,176691,0.819257947,5598,0.025956081,106,0.000491487,6165,0.028585074,88,0.000408027,731,0.003389406,6865,0.031830743,19428,0.090081234
42071,553202,443722,0.802097606,18606,0.033633284,237,0.000428415,13037,0.023566437,91,0.000164497,2012,0.003637008,13389,0.024202732,62108,0.112270021
42073,85907,77744,0.90497864,3266,0.038017857,11,0.000128045,237,0.002758797,0,0,145,0.001687872,3033,0.035305621,1471,0.017123168
42075,143258,114429,0.798761675,2689,0.01877033,61,0.000425805,2162,0.015091653,5,3.49E-05,409,0.002854989,2774,0.019363666,20729,0.14469698
42077,374110,227066,0.606949828,21575,0.057670204,203,0.000542621,12431,0.033228195,114,0.000304723,1223,0.003269092,9772,0.02612066,101726,0.271914678
42079,325396,251352,0.772449569,12614,0.038765074,154,0.000473269,3491,0.010728466,80,0.000245854,774,0.00237864,7907,0.024299623,49024,0.150659504
42081,114022,101247,0.887960218,5077,0.044526495,137,0.001201523,974,0.008542211,73,0.000640227,112,0.000982267,3829,0.033581239,2573,0.022565821
42083,40459,37496,0.926765367,765,0.01890803,15,0.000370746,172,0.004251217,2,4.94E-05,134,0.003311995,1003,0.024790529,872,0.021552683
42085,110600,98292,0.888716094,6025,0.054475588,70,0.000632911,742,0.006708861,20,0.000180832,350,0.003164557,3333,0.030135624,1768,0.015985533
42087,46146,43564,0.944047155,285,0.00617605,80,0.001733628,143,0.00309886,26,0.000563429,32,0.000693451,1191,0.025809388,825,0.017878039
42089,168128,104232,0.619956224,22253,0.13235749,172,0.00102303,4052,0.024100685,7,4.16E-05,1799,0.010700181,5631,0.033492339,29982,0.178328416
42091,856399,629925,0.735550836,76697,0.089557554,185,0.000216021,67062,0.078306957,169,0.000197338,4102,0.004789823,29735,0.034720965,48524,0.056660505
42093,18165,16357,0.900467933,414,0.022791082,17,0.000935866,660,0.036333609,0,0,7,0.000385356,193,0.010624828,517,0.028461327
42095,314299,232275,0.739025578,16613,0.052857311,109,0.000346804,9223,0.029344669,119,0.00037862,1481,0.004712074,8279,0.026341159,46200,0.146993786
42097,91340,82862,0.907181958,2222,0.024326691,8,8.76E-05,314,0.003437705,14,0.000153273,304,0.003328224,1737,0.01901686,3879,0.042467703
42099,45941,43269,0.941838445,377,0.008206177,34,0.00074008,153,0.003330359,0,0,19,0.000413574,1004,0.021854117,1085,0.023617248
42101,1593208,534291,0.335355459,620615,0.389537964,2404,0.001508905,120108,0.07538752,391,0.000245417,9295,0.005834141,56381,0.035388349,249723,0.156742246
42103,58996,46059,0.780713947,3078,0.052173029,17,0.000288155,819,0.013882297,0,0,164,0.002779849,1811,0.030696996,7048,0.119465726
42105,16390,15624,0.953264185,74,0.004514948,18,0.001098231,87,0.005308115,0,0,23,0.001403295,309,0.018852959,255,0.015558267
42107,143201,126821,0.885615324,3785,0.02643138,31,0.000216479,626,0.004371478,13,9.08E-05,135,0.000942731,2977,0.020788961,8813,0.061542866
42109,39797,37692,0.947106566,315,0.007915169,7,0.000175893,219,0.005502927,87,0.002186094,26,0.000653316,520,0.013066312,931,0.023393723
42111,73802,69260,0.938456952,1411,0.019118723,72,0.000975583,332,0.004498523,1,1.35E-05,150,0.002032465,1436,0.019457467,1140,0.015446736
42113,5880,5487,0.933163265,152,0.02585034,2,0.000340136,0,0,6,0.001020408,3,0.000510204,92,0.015646259,138,0.023469388
42115,38540,36720,0.952776336,123,0.003191489,1,2.59E-05,162,0.004203425,0,0,50,0.001297353,745,0.019330566,739,0.019174883
42117,41186,39401,0.95666003,341,0.008279512,28,0.000679843,161,0.003909095,2,4.86E-05,43,0.001044044,652,0.015830622,558,0.013548293
42119,42908,36679,0.854828936,2694,0.062785495,77,0.001794537,533,0.012421926,1,2.33E-05,122,0.002843293,396,0.009229048,2406,0.056073459
42121,50475,47782,0.946646855,549,0.010876672,3,5.94E-05,187,0.003704804,2,3.96E-05,153,0.003031204,1236,0.02448737,563,0.011154037
42123,38492,36460,0.94720981,273,0.007092383,34,0.0008833,169,0.004390523,14,0.000363712,87,0.00226021,928,0.024108906,527,0.013691157
42125,209631,189824,0.905514929,6589,0.03143142,0,0,2423,0.011558405,66,0.000314839,589,0.002809699,6223,0.029685495,3917,0.018685214
42127,51227,45633,0.890799774,1473,0.028754368,29,0.000566108,320,0.006246706,26,0.000507545,169,0.003299042,1059,0.020672692,2518,0.049153767
42129,354414,327570,0.924258071,8583,0.024217441,89,0.000251119,3320,0.009367576,46,0.000129792,852,0.002403968,9127,0.025752369,4827,0.013619665
42131,26219,24726,0.943056562,223,0.008505282,8,0.000305122,98,0.003737747,0,0,8,0.000305122,592,0.022579046,564,0.021511118
42133,457051,370525,0.810686335,25010,0.05472037,260,0.000568864,6559,0.014350696,131,0.00028662,1520,0.003325668,14103,0.030856513,38943,0.085204933
44001,50658,45522,0.898614237,475,0.009376604,28,0.000552726,1229,0.024260729,0,0,145,0.002862332,1531,0.030222275,1728,0.034111098
44003,170168,145503,0.855055004,3004,0.017653143,200,0.001175309,5112,0.030040901,58,0.00034084,509,0.002991162,5070,0.029794086,10712,0.062949556
44005,85442,71915,0.841682077,3234,0.037850238,210,0.002457808,1163,0.013611573,20,0.000234077,530,0.006203038,3268,0.038248168,5102,0.059713022
44007,657984,384286,0.584035478,50296,0.076439549,1236,0.001878465,27068,0.041137778,362,0.000550165,7057,0.010725185,26660,0.040517703,161019,0.244715677
44009,129998,116934,0.899506146,1295,0.009961692,387,0.002976969,2605,0.02003877,6,4.62E-05,201,0.001546178,3935,0.030269696,4635,0.035654395
45001,24368,16658,0.683601445,6372,0.261490479,28,0.001149048,58,0.002380171,0,0,138,0.005663165,673,0.027618188,441,0.018097505
45003,169865,110521,0.650640214,41616,0.244994554,201,0.001183293,1696,0.009984399,4,2.35E-05,500,0.002943514,4861,0.028616843,10466,0.061613634
45005,8073,1795,0.222346092,5804,0.718939675,13,0.001610306,38,0.004707048,2,0.000247739,0,0,121,0.014988232,300,0.037160907
45007,204592,156291,0.7639155,30411,0.148642176,227,0.001109525,2029,0.009917299,36,0.00017596,354,0.001730273,6674,0.032621021,8570,0.041888246
45009,13311,4851,0.364435429,8033,0.603485839,15,0.001126888,13,0.000976636,0,0,12,0.00090151,168,0.01262114,219,0.016452558
45011,20653,10276,0.497554835,9088,0.440032925,21,0.001016801,55,0.002663051,0,0,217,0.010506948,416,0.020142352,580,0.028083087
45013,189071,128521,0.679749935,30517,0.161404975,131,0.000692861,2079,0.010995869,62,0.000327919,1005,0.005315464,5497,0.029073734,21259,0.112439242
45015,231419,143713,0.621007782,53497,0.231169437,594,0.002566773,5418,0.023412079,180,0.00077781,983,0.004247707,10168,0.04393762,16866,0.072880792
45017,14145,7702,0.544503358,5502,0.388971368,45,0.003181336,15,0.001060445,61,0.004312478,0,0,230,0.016260163,590,0.041710852
45019,409840,267018,0.651517665,100538,0.245310365,418,0.00101991,7204,0.017577591,241,0.000588034,1459,0.003559926,10810,0.026376147,22152,0.054050361
45021,56200,39791,0.708024911,11027,0.196209964,90,0.001601423,97,0.001725979,0,0,623,0.011085409,1807,0.032153025,2765,0.049199288
45023,32171,18691,0.58098909,11604,0.360697523,99,0.003077306,147,0.004569333,0,0,108,0.003357061,764,0.023748096,758,0.023561593
45025,43536,25889,0.594657295,13324,0.306045571,78,0.001791621,146,0.003353546,0,0,158,0.00362918,1818,0.041758545,2123,0.048764241
45027,31163,15073,0.483682572,14183,0.455123063,41,0.001315663,242,0.007765619,0,0,33,0.001058948,542,0.01739242,1049,0.033661714
45029,38561,21856,0.56679028,13432,0.348331215,162,0.004201136,204,0.005290319,0,0,82,0.002126501,1349,0.034983533,1476,0.038277016
45031,63025,33918,0.538167394,25730,0.408250694,109,0.001729472,302,0.004791749,8,0.000126934,26,0.000412535,1439,0.022832209,1493,0.023689012
45033,28255,12736,0.450752079,13100,0.463634755,678,0.023995753,13,0.000460096,0,0,8,0.000283136,831,0.029410724,889,0.031463458
45035,162139,101206,0.624192822,40487,0.2497055,427,0.002633543,3210,0.019797828,275,0.001696076,1025,0.006321736,5603,0.034556769,9906,0.061095727
45037,26181,14874,0.56812192,8486,0.324128185,58,0.002215347,55,0.00210076,41,0.001566021,73,0.002788282,794,0.030327337,1800,0.068752149
45039,20942,8080,0.385827524,11714,0.559354407,3,0.000143253,25,0.001193773,0,0,0,0,569,0.02717028,551,0.026310763
45041,137015,69132,0.504557895,58421,0.426383973,244,0.001780827,2067,0.015085939,17,0.000124074,467,0.003408386,2645,0.019304456,4022,0.02935445
45043,63594,41666,0.655187596,18673,0.29362833,99,0.001556751,293,0.004607353,0,0,0,0,805,0.012658427,2058,0.032361544
45045,528251,353940,0.670022395,89217,0.168891304,518,0.000980594,13169,0.024929437,248,0.000469474,2637,0.004991945,16387,0.031021238,52135,0.098693613
45047,69309,40737,0.587759165,21823,0.314865313,44,0.000634838,471,0.006795654,0,0,208,0.003001053,1506,0.02172878,4520,0.065215196
45049,18890,7522,0.398200106,9949,0.526680783,4,0.000211752,146,0.007728957,0,0,82,0.004340921,258,0.01365802,929,0.04917946
45051,356578,273777,0.767789937,43636,0.122374347,787,0.002207091,4556,0.012777008,19,5.33E-05,1035,0.002902591,10418,0.029216609,22350,0.062679133
45053,29444,13328,0.452655889,10977,0.372809401,9,0.000305665,177,0.006011411,0,0,12,0.000407553,788,0.026762668,4153,0.141047412
45055,65779,44479,0.676188449,15018,0.228309947,33,0.00050168,294,0.004469512,88,0.001337813,30,0.000456073,2445,0.037169917,3392,0.051566609
45057,97611,67575,0.692288779,19166,0.196350821,118,0.00120888,1904,0.019505998,0,0,182,0.001864544,2563,0.026257287,6103,0.062523691
45059,67456,45099,0.668569141,15523,0.230120375,54,0.000800522,375,0.005559179,59,0.000874644,138,0.002045778,2432,0.036053131,3776,0.05597723
45061,16557,5443,0.32874313,10333,0.624086489,0,0,14,0.000845564,0,0,1,6.04E-05,338,0.020414326,428,0.025850094
45063,295934,215263,0.727402056,44153,0.149198808,494,0.001669291,6029,0.020372786,202,0.000682585,1316,0.004446937,9288,0.031385376,19189,0.064842161
45065,9612,5059,0.526321265,4177,0.434560965,0,0,22,0.002288806,11,0.001144403,69,0.007178527,214,0.022263837,60,0.006242197
45067,29212,11119,0.380631247,16435,0.562611256,233,0.007976174,61,0.002088183,0,0,17,0.000581953,391,0.01338491,956,0.032726277
45069,26585,10199,0.38363739,13093,0.492495768,960,0.036110589,81,0.003046831,0,0,195,0.007334963,1140,0.042881324,917,0.034493135
45071,37918,22804,0.601403028,11381,0.300147687,81,0.002136189,83,0.002188934,0,0,118,0.003111978,368,0.009705153,3083,0.081307031
45073,78775,65899,0.836547128,5238,0.066493177,54,0.000685497,625,0.007933989,12,0.000152333,45,0.000571247,2316,0.02940019,4586,0.058216439
45075,84159,27847,0.330885586,51574,0.612816217,285,0.003386447,608,0.00722442,134,0.001592224,149,0.001770458,1484,0.017633289,2078,0.024691358
45077,131106,111087,0.847306759,8097,0.061759187,126,0.000961054,2352,0.017939682,139,0.001060211,254,0.001937364,3600,0.027458698,5451,0.041577045
45079,416161,169599,0.407532181,195151,0.468931495,615,0.001477793,11991,0.028813368,465,0.001117356,2376,0.005709329,13348,0.032074125,22616,0.054344352
45081,18952,11047,0.582893626,4369,0.230529759,26,0.001371887,47,0.002479949,0,0,89,0.004696074,318,0.016779232,3056,0.161249472
45083,330119,220656,0.668413511,66692,0.202024119,372,0.001126866,7391,0.022388896,31,9.39E-05,1312,0.003974324,8646,0.026190556,25019,0.075787822
45085,105199,46694,0.443863535,48034,0.456601298,139,0.001321305,1308,0.012433578,77,0.000731946,438,0.004163538,3993,0.037956635,4516,0.042928165
45087,27158,17448,0.642462626,7849,0.289012446,43,0.001583327,37,0.001362398,0,0,21,0.000773253,1264,0.046542455,496,0.018263495
45089,30879,9702,0.314194113,19609,0.635027041,102,0.003303216,244,0.00790181,0,0,156,0.005051977,154,0.004987208,912,0.029534635
45091,282987,193590,0.684095029,53021,0.187361964,1426,0.005039101,7581,0.026789216,31,0.000109546,1210,0.004275815,8307,0.029354705,17821,0.062974624
46003,2590,2297,0.886872587,33,0.012741313,62,0.023938224,6,0.002316602,0,0,0,0,20,0.007722008,172,0.066409266
46005,19089,13893,0.727801352,112,0.005867253,197,0.01032008,1708,0.089475614,201,0.010529624,49,0.002566923,685,0.035884541,2244,0.117554613
46007,3391,1234,0.363904453,6,0.00176939,1706,0.503096432,45,0.013270422,0,0,0,0,85,0.025066352,315,0.092892952
46009,7018,6049,0.861926475,115,0.016386435,446,0.063550869,14,0.00199487,0,0,17,0.002422343,173,0.024650898,204,0.029068111
46011,34631,30675,0.885767087,366,0.010568566,244,0.00704571,1057,0.030521787,0,0,0,0,948,0.027374318,1341,0.038722532
46013,38278,32707,0.854459481,864,0.022571712,1146,0.029938868,1308,0.034171064,13,0.000339621,4,0.000104499,775,0.020246617,1461,0.038168138
46015,5247,4260,0.81189251,69,0.013150372,645,0.122927387,0,0,0,0,0,0,179,0.034114732,94,0.017914999
46017,1859,343,0.1845078,0,0,1346,0.724045186,0,0,0,0,16,0.008606778,0,0,154,0.082840237
46019,10369,9138,0.881280741,0,0,125,0.012055164,37,0.003568329,13,0.001253737,59,0.005690038,556,0.053621371,441,0.04253062
46021,1534,1453,0.947196871,0,0,4,0.002607562,2,0.001303781,0,0,0,0,14,0.009126467,61,0.039765319
46023,9302,5807,0.62427435,12,0.001290045,2562,0.27542464,25,0.002687594,5,0.000537519,25,0.002687594,497,0.05342937,369,0.039668888
46025,3837,3538,0.922074537,15,0.003909304,3,0.000781861,18,0.004691165,0,0,12,0.003127443,94,0.024498306,157,0.040917383
46027,14953,12883,0.861566241,259,0.017320939,493,0.032969973,452,0.030228048,4,0.000267505,65,0.004346954,467,0.031231191,330,0.02206915
46029,28402,25769,0.907295261,156,0.005492571,659,0.023202591,167,0.005879868,0,0,125,0.004401099,548,0.019294416,978,0.034434195
46031,3906,1101,0.28187404,4,0.001024066,2715,0.695084485,0,0,0,0,0,0,72,0.01843318,14,0.003584229
46033,8515,7569,0.888901938,32,0.003758074,181,0.021256606,44,0.005167352,0,0,11,0.001291838,316,0.037110981,362,0.042513212
46035,19966,17924,0.897726134,99,0.004958429,503,0.025192828,179,0.008965241,0,0,87,0.004357408,408,0.020434739,766,0.038365221
46037,5485,4677,0.852689152,0,0,529,0.09644485,4,0.000729262,0,0,3,0.000546946,137,0.024977211,135,0.02461258
46039,4298,4015,0.934155421,4,0.000930665,6,0.001395998,0,0,0,0,0,0,115,0.026756631,158,0.036761284
46041,5275,985,0.186729858,19,0.003601896,4071,0.771753555,3,0.00056872,30,0.005687204,0,0,113,0.021421801,54,0.010236967
46043,2823,2639,0.934821112,47,0.016648955,34,0.012043925,0,0,0,0,1,0.000354233,43,0.015232023,59,0.020899752
46045,4014,3809,0.948928749,14,0.003487793,52,0.012954659,4,0.000996512,0,0,0,0,63,0.015695067,72,0.01793722
46047,7079,5952,0.840796723,0,0,530,0.074869332,72,0.010170928,0,0,1,0.000141263,241,0.034044357,283,0.039977398
46049,2140,2047,0.956542056,0,0,7,0.003271028,0,0,0,0,0,0,46,0.021495327,40,0.018691589
46051,7533,6949,0.922474446,14,0.001858489,39,0.00517722,42,0.005575468,0,0,0,0,139,0.018452144,350,0.046462233
46053,3983,3456,0.867687673,36,0.009038413,224,0.056239016,5,0.001255335,8,0.002008536,0,0,177,0.044438865,77,0.019332162
46055,1755,1587,0.904273504,32,0.018233618,86,0.049002849,0,0,0,0,12,0.006837607,37,0.021082621,1,0.000569801
46057,6196,5701,0.920109748,14,0.002259522,12,0.001936733,11,0.001775339,0,0,8,0.001291156,119,0.019205939,331,0.053421562
46059,3075,2848,0.926178862,4,0.001300813,7,0.002276423,7,0.002276423,0,0,52,0.016910569,7,0.002276423,150,0.048780488
46061,3443,3214,0.933488237,0,0,0,0,0,0,0,0,0,0,228,0.066221319,1,0.000290444
46063,1176,998,0.848639456,0,0,25,0.021258503,0,0,0,0,6,0.005102041,124,0.105442177,23,0.019557823
46065,17812,14400,0.808443746,8,0.000449135,1979,0.111104873,88,0.00494049,0,0,0,0,732,0.04109589,605,0.033965866
46067,7401,6770,0.914741251,0,0,34,0.004593974,47,0.006350493,0,0,4,0.000540468,359,0.048506959,187,0.025266856
46069,1319,1185,0.898407885,20,0.015163002,21,0.015921152,0,0,0,0,0,0,41,0.031084155,52,0.039423806
46071,2838,928,0.326990839,8,0.002818887,1796,0.632840028,17,0.005990134,0,0,0,0,66,0.023255814,23,0.008104299
46073,1836,1616,0.880174292,0,0,28,0.015250545,0,0,0,0,0,0,57,0.031045752,135,0.073529412
46075,1006,787,0.782306163,14,0.013916501,191,0.189860835,0,0,0,0,2,0.001988072,12,0.011928429,0,0
46077,5172,4842,0.936194896,0,0,56,0.010827533,6,0.001160093,0,0,11,0.002126837,110,0.021268368,147,0.028422274
46079,11207,10328,0.921566878,42,0.003747658,242,0.021593647,12,0.001070759,4,0.00035692,0,0,265,0.023645936,314,0.028018203
46081,26047,23296,0.89438323,173,0.00664184,509,0.019541598,148,0.005682036,27,0.001036588,55,0.002111568,858,0.032940454,981,0.037662687
46083,65801,59781,0.908512029,1398,0.021245878,147,0.002234009,1059,0.01609398,8,0.000121579,262,0.003981702,1389,0.021109102,1757,0.026701722
46085,3719,1995,0.536434525,0,0,1640,0.440978758,7,0.001882226,0,0,1,0.000268889,31,0.008335574,45,0.012100027
46087,5714,5295,0.926671334,15,0.002625131,17,0.002975149,0,0,0,0,0,0,134,0.023451173,253,0.044277214
46089,2251,2144,0.952465571,42,0.018658374,4,0.001776988,6,0.002665482,2,0.000888494,0,0,30,0.01332741,23,0.010217681
46091,4363,3579,0.820307128,7,0.001604401,271,0.062113225,0,0,0,0,4,0.0009168,129,0.029566812,373,0.085491634
46093,29970,25768,0.859793126,498,0.016616617,602,0.020086753,222,0.007407407,30,0.001001001,93,0.003103103,1397,0.04661328,1360,0.045378712
46095,1989,640,0.321769734,5,0.002513826,1237,0.621920563,0,0,5,0.002513826,5,0.002513826,84,0.042232278,13,0.006535948
46097,2312,2169,0.938148789,13,0.005622837,31,0.013408304,10,0.00432526,0,0,0,0,22,0.009515571,67,0.028979239
46099,197742,158577,0.80193889,12318,0.062293291,3659,0.018503909,3724,0.01883262,85,0.000429853,390,0.001972267,7980,0.040355615,11009,0.055673554
46101,6346,4779,0.753072802,50,0.007878979,775,0.122124173,118,0.01859439,2,0.000315159,0,0,315,0.049637567,307,0.04837693
46102,13695,630,0.046002191,8,0.000584155,12311,0.898941219,0,0,0,0,0,0,24,0.001752464,722,0.052719971
46103,110386,86607,0.78458319,1438,0.013027014,7358,0.066657004,1204,0.01090718,34,0.00030801,409,0.00370518,7097,0.064292573,6239,0.056519849
46105,2970,2834,0.954208754,0,0,57,0.019191919,22,0.007407407,0,0,13,0.004377104,31,0.01043771,13,0.004377104
46107,2587,2377,0.918824894,39,0.015075377,20,0.007730963,21,0.008117511,0,0,23,0.008890607,107,0.041360649,0,0
46109,10242,5653,0.55194298,47,0.004588947,4109,0.401191174,10,0.000976372,0,0,3,0.000292912,320,0.031243898,100,0.009763718
46111,2373,2215,0.933417615,0,0,5,0.002107038,0,0,0,0,0,0,62,0.026127265,91,0.038348083
46115,6355,5873,0.924154209,71,0.011172305,24,0.003776554,0,0,0,0,4,0.000629426,175,0.027537372,208,0.032730134
46117,2979,2652,0.890231621,0,0,100,0.033568312,0,0,0,0,13,0.00436388,83,0.027861699,131,0.043974488
46119,1318,1214,0.921092564,72,0.054628225,0,0,0,0,0,0,0,0,32,0.024279211,0,0
46121,9353,701,0.074949214,1,0.000106918,7804,0.834384689,314,0.033572116,0,0,6,0.000641505,135,0.014433871,392,0.041911686
46123,5607,4468,0.796861067,36,0.006420546,830,0.148029249,30,0.005350455,0,0,7,0.001248439,179,0.03192438,57,0.010165864
46125,8687,8232,0.947622885,50,0.005755727,36,0.004144123,55,0.0063313,4,0.000460458,0,0,108,0.01243237,202,0.023253137
46127,16700,14895,0.891916168,71,0.004251497,163,0.009760479,284,0.017005988,9,0.000538922,56,0.003353293,531,0.031796407,691,0.041377246
46129,5317,4193,0.788602595,116,0.021816814,531,0.099868347,7,0.001316532,0,0,4,0.000752304,357,0.067143126,109,0.020500282
46135,23311,20501,0.879456051,286,0.012268886,524,0.022478658,57,0.002445198,0,0,2,8.58E-05,713,0.030586418,1228,0.052678993
46137,2455,615,0.250509165,0,0,1649,0.671690428,0,0,6,0.002443992,0,0,19,0.007739308,166,0.067617108
47001,77337,67733,0.875816233,2442,0.031576089,196,0.002534363,1017,0.013150239,62,0.000801686,434,0.005611803,2792,0.036101737,2661,0.034407851
47003,50533,37993,0.751845329,3267,0.064650822,136,0.002691311,169,0.003344349,0,0,263,0.00520452,1848,0.036570162,6857,0.135693507
47005,15933,14560,0.913826649,304,0.019079897,18,0.001129731,170,0.010669679,123,0.007719827,0,0,469,0.029435762,289,0.018138455
47007,14816,12941,0.873447624,845,0.057032937,45,0.003037257,20,0.001349892,0,0,27,0.001822354,490,0.033072354,448,0.030237581
47009,135951,122162,0.898573751,3589,0.026399217,74,0.000544314,1008,0.007414436,36,0.000264801,330,0.002427345,3518,0.02587697,5234,0.038499165
47011,108859,91324,0.838920071,4972,0.045673761,202,0.001855611,1044,0.009590388,0,0,1141,0.010481448,2670,0.024527141,7506,0.06895158
47013,39397,37767,0.958626291,117,0.002969769,17,0.000431505,176,0.004467345,0,0,14,0.000355357,645,0.016371805,661,0.016777927
47015,14481,13454,0.929079483,359,0.024791106,19,0.001312064,0,0,2,0.000138112,0,0,250,0.017264001,397,0.027415234
47017,28381,23848,0.840280469,2506,0.08829851,31,0.00109228,87,0.003065431,0,0,2,7.05E-05,1026,0.036150946,881,0.031041894
47019,56315,52333,0.929290598,1212,0.021521797,35,0.000621504,259,0.00459913,19,0.000337388,21,0.000372902,910,0.016159105,1526,0.027097576
47021,41184,37150,0.90204934,788,0.019133644,102,0.00247669,219,0.005317599,15,0.000364219,285,0.006920163,1045,0.025373932,1580,0.038364413
47023,17392,14710,0.845791168,1795,0.103208372,0,0,30,0.001724931,0,0,107,0.006152254,239,0.01374195,511,0.029381325
47025,32092,30388,0.946902655,268,0.008350991,19,0.000592048,266,0.00828867,0,0,0,0,669,0.020846317,482,0.015019319
47027,7592,7126,0.9386196,53,0.006981033,29,0.00381981,43,0.005663857,0,0,0,0,130,0.017123288,211,0.027792413
47029,36186,33475,0.925081523,433,0.011965954,171,0.004725584,172,0.004753219,42,0.00116067,0,0,864,0.023876637,1029,0.028436412
47031,58080,50376,0.867355372,2182,0.037568871,14,0.000241047,747,0.01286157,125,0.002152204,251,0.004321625,1355,0.02332989,3030,0.052169421
47033,13955,10042,0.71959871,1531,0.109709781,88,0.006305984,65,0.004657829,8,0.000573271,6,0.000429953,605,0.043353637,1610,0.115370835
47035,61552,57708,0.937548739,483,0.007847024,101,0.001640889,165,0.00268066,0,0,39,0.000633611,1074,0.017448661,1982,0.032200416
47037,709786,394365,0.555611128,184819,0.260386934,484,0.000681896,25431,0.035829109,358,0.000504377,3350,0.004719732,25742,0.036267269,75237,0.105999555
47039,11483,10455,0.910476356,270,0.023513019,0,0,12,0.001045023,0,0,0,0,338,0.029434817,408,0.035530785
47041,20209,17584,0.870107378,320,0.015834529,61,0.003018457,90,0.004453461,0,0,23,0.001138107,434,0.02147558,1697,0.083972488
47043,54563,48104,0.881623078,1984,0.036361637,98,0.001796089,48,0.000879717,0,0,216,0.003958727,1812,0.033209318,2301,0.042171435
47045,36818,28831,0.783068065,4888,0.132761149,38,0.001032104,166,0.004508664,12,0.000325928,0,0,1501,0.040768103,1382,0.037535988
47047,42228,28185,0.667448139,11359,0.268992138,18,0.000426257,279,0.006606991,0,0,105,0.002486502,947,0.022425879,1335,0.031614095
47049,18642,17775,0.953492115,55,0.002950327,0,0,60,0.003218539,12,0.000643708,0,0,396,0.021242356,344,0.018452956
47051,42980,37689,0.876896231,2075,0.048278269,8,0.000186133,246,0.005723592,33,0.000767799,95,0.00221033,1220,0.028385295,1614,0.03755235
47053,50455,38300,0.75909226,8061,0.159766128,107,0.002120702,136,0.002695471,8,0.000158557,55,0.00109008,2263,0.044851848,1525,0.030224953
47055,30317,25083,0.827357588,2665,0.087904476,36,0.001187453,32,0.001055513,0,0,114,0.003760267,1386,0.045716924,1001,0.033017779
47057,23648,22000,0.930311231,219,0.009260825,41,0.001733762,22,0.000930311,78,0.003298376,19,0.000803451,407,0.017210758,862,0.036451286
47059,70399,64771,0.920055683,1169,0.01660535,72,0.001022742,343,0.004872228,20,0.000284095,107,0.001519908,1627,0.023111124,2290,0.032528871
47061,13550,12839,0.947527675,49,0.003616236,32,0.002361624,45,0.003321033,0,0,1,7.38E-05,368,0.027158672,216,0.015940959
47063,64531,51815,0.802947421,1970,0.030527963,137,0.002123011,575,0.008910446,237,0.003672653,176,0.002727371,1693,0.026235453,7928,0.122855682
47065,367193,257516,0.701309665,64960,0.176909691,353,0.000961347,6834,0.018611466,148,0.000403058,1416,0.003856283,13076,0.035610701,22890,0.06233779
47067,6726,6471,0.962087422,37,0.005501041,0,0,36,0.005352364,0,0,5,0.000743384,130,0.019327981,47,0.006987809
47069,25519,13766,0.539441201,10061,0.394255261,145,0.005682041,99,0.003879462,5,0.000195932,21,0.000822916,915,0.035855637,507,0.01986755
47071,26824,24385,0.909073964,899,0.033514763,71,0.002646883,23,0.000857441,0,0,21,0.000782881,720,0.026841634,705,0.026282434
47073,57107,53755,0.941303168,594,0.010401527,38,0.000665418,259,0.004535346,79,0.001383368,47,0.000823016,1318,0.023079482,1017,0.017808675
47075,17806,7782,0.437043693,8910,0.500393126,0,0,22,0.001235539,0,0,71,0.00398742,255,0.014321015,766,0.043019207
47077,27845,24087,0.865038607,2270,0.081522715,40,0.001436524,37,0.001328784,22,0.000790088,30,0.001077393,606,0.021763333,753,0.027042557
47079,32305,27903,0.863736264,2385,0.073827581,175,0.005417118,114,0.003528866,14,0.000433369,0,0,798,0.024702059,916,0.028354744
47081,24996,22392,0.895823332,854,0.034165466,119,0.004760762,213,0.008521363,8,0.000320051,58,0.002320371,633,0.025324052,719,0.028764602
47083,8253,7511,0.910093299,281,0.034048225,25,0.003029202,27,0.003271538,19,0.002302193,0,0,156,0.018902217,234,0.028353326
47085,19032,17214,0.904476671,237,0.012452711,34,0.001786465,146,0.00767129,0,0,179,0.009405212,705,0.037042875,517,0.027164775
47087,11730,10946,0.93316283,78,0.006649616,16,0.001364024,0,0,6,0.000511509,4,0.000341006,396,0.033759591,284,0.024211424
47089,55017,50079,0.910245924,923,0.016776633,32,0.000581638,321,0.00583456,18,0.000327172,220,0.003998764,1296,0.023556355,2128,0.038678954
47091,17982,16264,0.904460016,647,0.035980425,99,0.005505506,28,0.001557113,0,0,62,0.003447892,477,0.026526527,405,0.022522523
47093,481406,390243,0.810631774,39347,0.081733506,427,0.000886985,10892,0.022625393,258,0.00053593,1877,0.003898996,15466,0.032126729,22896,0.047560687
47095,6898,4541,0.658306756,1761,0.255291389,49,0.007103508,15,0.002174543,8,0.001159756,0,0,324,0.046970136,200,0.028993911
47097,25171,14790,0.587580946,8649,0.34360971,89,0.003535815,49,0.001946685,0,0,74,0.002939891,795,0.031583966,725,0.028802988
47099,44377,40922,0.922144354,628,0.014151475,22,0.000495752,181,0.004078689,42,0.000946436,176,0.003966018,1278,0.028798702,1128,0.025418573
47101,12637,11637,0.920867294,149,0.011790773,0,0,136,0.010762048,0,0,6,0.000474796,377,0.02983303,332,0.026272058
47103,35365,30205,0.85409303,2199,0.062180122,43,0.001215891,235,0.006644988,0,0,37,0.001046232,1283,0.036278807,1363,0.03854093
47105,55507,47929,0.863476679,691,0.01244888,38,0.000684598,529,0.00953033,0,0,209,0.003765291,804,0.01448466,5307,0.095609563
47107,53532,46611,0.870712845,1799,0.033606067,59,0.001102145,421,0.007864455,0,0,44,0.000821938,2177,0.040667264,2421,0.045225286
47109,25895,23076,0.891137285,1521,0.058737208,67,0.002587372,146,0.005638154,0,0,16,0.00061788,436,0.016837227,633,0.024444874
47111,25365,22909,0.903173664,146,0.005755963,21,0.000827912,97,0.003824167,0,0,0,0,840,0.033116499,1352,0.053301794
47113,98644,53723,0.544614979,36588,0.370909533,71,0.00071976,987,0.010005677,64,0.000648798,532,0.005393131,2460,0.024938161,4219,0.042769961
47115,28852,26225,0.90894912,838,0.02904478,22,0.000762512,134,0.004644392,0,0,20,0.000693193,1004,0.034798281,609,0.021107722
47117,34567,29188,0.844389157,1629,0.047125871,92,0.002661498,204,0.005901582,0,0,200,0.005785865,1169,0.033818382,2085,0.060317644
47119,102002,79550,0.779886669,11062,0.108448854,217,0.002127409,890,0.008725319,8,7.84E-05,134,0.0013137,3394,0.033273857,6747,0.066145762
47121,12839,11605,0.903886596,306,0.023833632,0,0,67,0.005218475,0,0,54,0.004205935,652,0.050782771,155,0.012072591
47123,46489,40909,0.879971606,826,0.017767644,45,0.000967971,194,0.00417303,0,0,98,0.002108026,2293,0.049323496,2124,0.045688227
47125,222305,135421,0.609167585,43586,0.196063966,527,0.002370617,5211,0.023440768,591,0.00265851,1334,0.006000765,11816,0.053152201,23819,0.107145588
47127,6558,6055,0.923299787,240,0.036596523,33,0.005032022,60,0.009149131,1,0.000152486,0,0,138,0.021043001,31,0.004727051
47129,21124,19111,0.904705548,1003,0.047481538,54,0.002556334,36,0.001704223,9,0.000426056,0,0,564,0.026699489,347,0.016426813
47131,30670,24563,0.800880339,3219,0.104955983,30,0.000978155,67,0.002184545,27,0.000880339,75,0.002445386,1127,0.036746006,1562,0.050929247
47133,22576,21557,0.954863572,283,0.012535436,32,0.001417434,57,0.002524805,9,0.000398653,3,0.000132884,216,0.009567682,419,0.018559532
47135,8432,7667,0.909274194,30,0.003557875,44,0.005218216,186,0.022058824,0,0,0,0,420,0.049810247,85,0.010080645
47137,5042,4801,0.952201507,14,0.002776676,0,0,0,0,0,0,0,0,115,0.022808409,112,0.022213407
47139,17620,15966,0.906129398,66,0.003745743,51,0.002894438,37,0.002099886,0,0,41,0.002326901,1065,0.060442679,394,0.022360953
47141,80157,69886,0.871863967,1689,0.021071148,81,0.001010517,841,0.01049191,0,0,18,0.000224559,2245,0.028007535,5397,0.067330364
47143,33031,29071,0.880112621,564,0.017074869,22,0.000666041,150,0.004541189,0,0,107,0.003239381,1299,0.039326693,1818,0.055039206
47145,53777,49060,0.912285921,1450,0.0269632,130,0.00241739,337,0.00626662,17,0.00031612,56,0.001041337,1526,0.028376443,1201,0.022332968
47147,73297,59633,0.813580365,5204,0.070998813,52,0.000709442,524,0.007148997,2,2.73E-05,412,0.005620967,1834,0.025021488,5636,0.076892642
47149,343727,231950,0.674808787,51665,0.150308239,354,0.001029887,12426,0.036150782,124,0.000360751,1065,0.003098389,14761,0.042943964,31382,0.0912992
47151,21917,21210,0.967741935,71,0.003239494,38,0.001733814,85,0.003878268,4,0.000182507,64,0.002920108,395,0.01802254,50,0.002281334
47153,16065,14822,0.922626829,85,0.005291005,59,0.00367258,44,0.002738873,12,0.000746965,50,0.003112356,358,0.022284469,635,0.039526922
47155,98455,87045,0.884109492,890,0.009039663,166,0.001686049,1192,0.012107054,35,0.000355492,310,0.003148647,2031,0.020628714,6786,0.06892489
47157,926440,319771,0.345161047,496110,0.53550149,513,0.000553733,26571,0.028680756,134,0.00014464,2703,0.00291762,17806,0.019219809,62832,0.067820906
47159,20034,18134,0.905161226,337,0.016821404,16,0.000798642,90,0.004492363,0,0,57,0.002845163,761,0.037985425,639,0.031895777
47161,13724,12359,0.900539201,92,0.006703585,19,0.001384436,75,0.005464879,103,0.007505101,1,7.29E-05,583,0.042480326,492,0.035849607
47163,158722,146667,0.924049596,3022,0.019039579,222,0.001398672,1225,0.007717897,0,0,399,0.002513829,3653,0.023015083,3534,0.022265344
47165,196845,159706,0.81132871,16239,0.08249638,220,0.001117631,3065,0.015570627,87,0.000441972,606,0.003078564,5779,0.029358124,11143,0.056607991
47167,61116,45554,0.745369461,11304,0.184959749,54,0.000883566,341,0.005579554,0,0,407,0.006659467,1660,0.027161463,1796,0.02938674
47169,11596,9499,0.81916178,1368,0.117971714,47,0.004053122,20,0.001724733,0,0,0,0,322,0.027768196,340,0.029320455
47171,17845,16301,0.913477164,53,0.00297002,65,0.003642477,27,0.001513029,0,0,0,0,351,0.019669375,1048,0.058727935
47173,19860,18885,0.950906344,109,0.005488419,0,0,5,0.000251762,0,0,18,0.000906344,449,0.022608258,394,0.019838872
47175,6182,5882,0.951472016,8,0.00129408,26,0.004205759,14,0.002264639,0,0,0,0,196,0.03170495,56,0.009058557
47177,41163,34632,0.841338095,1080,0.026237155,98,0.002380779,176,0.004275684,22,0.000534461,16,0.000388699,1232,0.029929791,3907,0.094915337
47179,133282,116450,0.873711379,4872,0.036554073,118,0.000885341,2051,0.015388425,0,0,123,0.000922855,4496,0.033732987,5172,0.03880494
47181,16325,14506,0.888575804,784,0.048024502,15,0.000918836,22,0.001347626,24,0.001470138,18,0.001102603,570,0.034915773,386,0.023644717
47183,32946,28167,0.854944455,2593,0.078704547,81,0.002458569,390,0.011837552,18,0.000546349,86,0.002610332,623,0.018909731,988,0.029988466
47185,27420,25413,0.926805252,494,0.018016047,17,0.000619985,95,0.003464624,65,0.002370532,0,0,535,0.019511306,801,0.029212254
47187,248897,205782,0.826775735,9725,0.039072387,58,0.000233028,12661,0.050868432,0,0,1002,0.004025762,6987,0.028071853,12682,0.050952804
47189,149096,122418,0.821068305,10298,0.069069593,79,0.00052986,2808,0.018833503,0,0,1422,0.009537479,4552,0.030530665,7519,0.050430595
48001,58077,32935,0.567091964,10836,0.186579885,415,0.007145686,385,0.00662913,33,0.000568211,125,0.002152315,2704,0.046558879,10644,0.183273929
48003,18362,7057,0.384326326,417,0.022709944,0,0,87,0.004738046,0,0,12,0.000653524,151,0.008223505,10638,0.579348655
48005,86608,51352,0.592924441,10924,0.126131535,368,0.00424903,809,0.009340938,0,0,161,0.001858951,3101,0.035805006,19893,0.229690098
48007,24048,15840,0.658682635,202,0.008399867,118,0.004906853,419,0.017423486,0,0,0,0,518,0.021540253,6951,0.289046906
48009,8649,7539,0.871661464,46,0.005318534,32,0.00369985,16,0.001849925,0,0,1,0.00011562,270,0.031217482,745,0.086137126
48011,1912,1663,0.869769874,16,0.008368201,21,0.010983264,2,0.001046025,0,0,0,0,30,0.015690377,180,0.094142259
48013,49403,15463,0.312997186,472,0.009554076,20,0.000404834,255,0.00516163,0,0,37,0.000748942,720,0.014574014,32436,0.656559318
48015,30406,18282,0.601262909,2625,0.086331645,29,0.000953759,147,0.004834572,0,0,111,0.003650595,640,0.021048477,8572,0.281918042
48017,6902,1941,0.281222834,16,0.002318169,70,0.010141988,92,0.01332947,0,0,0,0,95,0.013764126,4688,0.679223414
48019,21182,15690,0.740723256,197,0.009300349,114,0.005381928,100,0.00472099,0,0,133,0.006278916,606,0.028609196,4342,0.204985365
48021,98435,47507,0.482623051,6132,0.062294915,110,0.001117489,662,0.00672525,0,0,290,0.002946107,3164,0.032143039,40570,0.41215015
48023,3475,2788,0.802302158,51,0.014676259,7,0.002014388,0,0,38,0.010935252,0,0,201,0.057841727,390,0.112230216
48025,30977,9220,0.297640185,1939,0.062594828,79,0.002550279,196,0.006327275,0,0,64,0.002066049,953,0.030764761,18526,0.598056623
48027,372821,160954,0.431719243,80818,0.21677427,644,0.001727371,10534,0.028254846,2410,0.006464228,1084,0.002907562,18765,0.050332465,97612,0.261820016
48029,2014059,525772,0.261050942,141156,0.070085335,2676,0.00132866,59390,0.029487716,1995,0.000990537,6882,0.00341698,47116,0.023393555,1229072,0.610246274
48031,11608,8647,0.744917298,23,0.001981392,21,0.001809097,89,0.007667126,63,0.005427292,0,0,443,0.038163336,2322,0.200034459
48033,686,563,0.820699708,10,0.014577259,0,0,0,0,0,0,0,0,61,0.088921283,52,0.075801749
48035,18404,13901,0.755324929,343,0.018637253,27,0.001467072,123,0.00668333,0,0,7,0.000380352,390,0.021191045,3613,0.196316018
48037,92747,57694,0.622057856,23294,0.251156372,439,0.004733307,1250,0.013477525,104,0.00112133,90,0.000970382,2355,0.025391657,7521,0.081091572
48039,374600,163226,0.435734116,56112,0.149791778,766,0.002044848,26256,0.070090763,46,0.000122798,685,0.001828617,7956,0.021238655,119553,0.319148425
48041,234548,127697,0.544438665,24459,0.104281426,172,0.000733325,13702,0.058418746,184,0.000784488,695,0.002963146,5944,0.025342361,61695,0.263037843
48043,9454,4909,0.519251111,32,0.003384811,19,0.002009731,135,0.01427967,0,0,0,0,55,0.005817643,4304,0.455257034
48045,1290,734,0.568992248,54,0.041860465,0,0,0,0,0,0,11,0.008527132,37,0.028682171,454,0.351937984
48047,7059,585,0.082872928,44,0.006233178,0,0,0,0,10,0.001416631,0,0,106,0.015016291,6314,0.894460972
48049,38159,26610,0.697345318,1265,0.033150764,49,0.001284101,155,0.004061951,4,0.000104825,203,0.005319846,988,0.025891664,8885,0.232841531
48051,17958,11382,0.633812229,2171,0.120893195,25,0.001392137,58,0.003229758,0,0,16,0.000890968,426,0.023722018,3880,0.216059695
48053,49684,35706,0.718661943,655,0.013183319,75,0.00150954,230,0.004629257,65,0.001308268,109,0.002193865,1544,0.031076403,11300,0.227437404
48055,46141,16940,0.367135519,2014,0.043648816,77,0.001668798,319,0.006913591,16,0.000346763,45,0.000975271,1318,0.028564617,25412,0.550746624
48057,20127,8196,0.40721419,458,0.022755503,47,0.002335172,800,0.039747603,0,0,0,0,555,0.027574899,10071,0.500372634
48059,13869,11532,0.8314947,165,0.011897037,6,0.00043262,120,0.00865239,23,0.001658375,58,0.004181989,484,0.034897974,1481,0.106784916
48061,421854,35332,0.083754095,1692,0.004010866,376,0.000891304,2952,0.006997682,126,0.000298682,281,0.000666107,1504,0.003565215,379591,0.89981605
48063,12543,6708,0.534800287,1794,0.143027984,0,0,91,0.007255043,0,0,14,0.00111616,579,0.046161205,3357,0.267639321
48065,5801,4837,0.833821755,69,0.011894501,148,0.025512843,8,0.001379073,29,0.004999138,32,0.00551629,61,0.010515428,617,0.106360972
48067,28637,21522,0.751545204,4305,0.150329993,38,0.001326955,735,0.025666096,0,0,88,0.003072948,443,0.015469498,1506,0.052589308
48069,7381,2258,0.305920607,106,0.014361198,36,0.004877388,55,0.007451565,0,0,2,0.000270966,100,0.0135483,4824,0.653569977
48071,47037,29946,0.636647745,3322,0.070625252,46,0.000977954,649,0.013797649,0,0,0,0,1214,0.025809469,11860,0.252141931
48073,50824,29945,0.589190146,6644,0.130725641,62,0.001219896,245,0.004820557,30,0.000590272,76,0.001495357,1471,0.028943019,12351,0.243015111
48075,6781,3444,0.507889692,478,0.070491078,9,0.001327238,6,0.000884825,0,0,0,0,311,0.045863442,2533,0.373543725
48077,10290,9023,0.876870748,27,0.002623907,121,0.011758989,95,0.009232264,0,0,3,0.000291545,290,0.028182702,731,0.071039845
48079,2529,834,0.329774614,133,0.052589957,1,0.000395413,0,0,0,0,3,0.00118624,19,0.007512851,1539,0.608540925
48081,3305,2425,0.733736762,52,0.015733737,2,0.000605144,5,0.001512859,0,0,0,0,59,0.01785174,762,0.230559758
48083,7808,5898,0.755379098,253,0.032402664,27,0.003457992,96,0.012295082,0,0,0,0,106,0.01357582,1428,0.182889344
48085,1079153,568410,0.52671864,111174,0.103019683,2456,0.002275859,182173,0.168811095,522,0.000483713,6152,0.005700767,39422,0.036530501,168844,0.156459742
48087,2865,1743,0.608376963,194,0.067713787,9,0.003141361,0,0,22,0.007678883,0,0,57,0.019895288,840,0.293193717
48089,20582,11229,0.545573802,2442,0.118647362,27,0.001311826,70,0.00340103,0,0,42,0.002040618,309,0.015013118,6463,0.314012244
48091,165201,106820,0.646606255,3656,0.022130617,127,0.00076876,1850,0.011198479,80,0.000484259,957,0.005792943,4436,0.026852138,47275,0.286166549
48093,13651,9136,0.669255,59,0.004322028,41,0.003003443,71,0.005201084,0,0,8,0.000586038,353,0.025858911,3983,0.291773496
48095,3235,1752,0.541576507,136,0.042040185,2,0.000618238,28,0.008655332,0,0,6,0.001854714,57,0.017619784,1254,0.38763524
48097,41860,30640,0.731963688,1333,0.031844243,229,0.005470616,369,0.008815098,0,0,56,0.001337793,1266,0.030243669,7967,0.190324892
48099,82927,46473,0.560408552,10438,0.125869741,180,0.002170584,1761,0.021235545,626,0.007548808,244,0.002942347,6953,0.083844827,16252,0.195979597
48101,1647,986,0.598664238,109,0.066180935,0,0,0,0,0,0,15,0.009107468,148,0.089860352,389,0.236187007
48103,4636,1342,0.289473684,69,0.01488352,11,0.002372735,114,0.024590164,6,0.001294219,0,0,39,0.008412425,3055,0.658973253
48105,2949,1208,0.409630383,11,0.003730078,0,0,0,0,0,0,0,0,2,0.000678196,1728,0.585961343
48107,5157,1957,0.379484196,135,0.02617801,0,0,34,0.00659298,19,0.003684313,11,0.002133023,73,0.014155517,2928,0.56777196
48109,2181,249,0.114167813,4,0.001834021,132,0.060522696,22,0.010087116,0,0,0,0,0,0,1774,0.813388354
48111,7165,3384,0.472295883,5,0.000697837,0,0,0,0,0,0,107,0.014933706,237,0.03307746,3432,0.478995115
48113,2604053,713636,0.274048186,577868,0.221910998,4989,0.00191586,173014,0.066440276,935,0.000359056,7176,0.002755704,60006,0.02304331,1066429,0.409526611
48115,12342,3868,0.313401394,944,0.076486793,33,0.002673797,20,0.001620483,1,8.10E-05,0,0,248,0.020093988,7228,0.585642521
48117,18585,4132,0.222329836,252,0.013559322,69,0.003712672,86,0.004627388,0,0,0,0,36,0.001937046,14010,0.753833737
48119,5278,4109,0.778514589,462,0.087533156,0,0,19,0.003599848,0,0,23,0.004357711,166,0.031451307,499,0.094543388
48121,914870,508342,0.555643971,93656,0.102370829,1566,0.001711719,89811,0.098168046,752,0.000821975,3290,0.003596139,36759,0.040179479,180694,0.197507843
48123,19826,10563,0.532785232,1536,0.077474024,18,0.000907899,69,0.003480278,0,0,31,0.001563603,399,0.020125088,7210,0.363663876
48125,1570,927,0.59044586,30,0.01910828,0,0,7,0.004458599,5,0.003184713,0,0,2,0.001273885,599,0.381528662
48127,8672,839,0.096748155,52,0.00599631,23,0.002652214,82,0.00945572,0,0,10,0.001153137,38,0.004381919,7628,0.879612546
48129,3298,2551,0.77349909,216,0.065494239,6,0.001819284,77,0.023347483,0,0,0,0,37,0.011218921,411,0.124620982
48131,9960,985,0.098895582,85,0.008534137,0,0,0,0,0,0,0,0,56,0.00562249,8834,0.886947791
48133,17812,13793,0.774365596,413,0.023186616,75,0.004210645,73,0.004098361,0,0,33,0.001852684,337,0.018919829,3088,0.17336627
48135,162300,47088,0.29012939,7268,0.044781269,424,0.002612446,1597,0.009839803,7,4.31E-05,197,0.001213802,2518,0.015514479,103201,0.635865681
48137,1380,679,0.492028986,14,0.010144928,2,0.001449275,0,0,0,0,0,0,2,0.001449275,683,0.494927536
48139,195509,109920,0.562224757,24426,0.124935425,294,0.001503767,1420,0.007263093,38,0.000194364,606,0.003099602,4998,0.025564041,53807,0.275214952
48141,863832,96994,0.112283407,24578,0.028452292,2197,0.002543319,9597,0.011109799,1238,0.001433149,1425,0.001649626,11265,0.01304073,716538,0.829487678
48143,42788,31252,0.730391699,604,0.014116107,168,0.003926334,402,0.009395158,89,0.002080022,27,0.000631018,912,0.021314387,9334,0.218145274
48145,17013,8437,0.495914889,3420,0.201022747,17,0.000999236,270,0.015870217,0,0,0,0,653,0.038382413,4216,0.247810498
48147,36052,27746,0.769610563,2162,0.059968934,146,0.004049706,159,0.004410296,23,0.000637967,26,0.000721181,1233,0.034200599,4557,0.126400754
48149,24564,17139,0.697728383,1467,0.059721544,17,0.00069207,83,0.003378929,5,0.00020355,33,0.001343429,406,0.016528253,5414,0.220403843
48151,3680,2233,0.606793478,113,0.030706522,1,0.000271739,9,0.002445652,0,0,0,0,117,0.031793478,1207,0.32798913
48153,5386,1928,0.357965095,141,0.026178983,0,0,16,0.002970665,0,0,0,0,108,0.020051987,3193,0.592833271
48155,1075,730,0.679069767,3,0.002790698,5,0.004651163,2,0.001860465,0,0,0,0,189,0.175813953,146,0.135813953
48157,832607,251890,0.302531687,166340,0.19978213,885,0.001062926,175751,0.211085182,374,0.000449192,2634,0.003163557,25623,0.030774423,209110,0.251150903
48159,10445,8008,0.766682623,474,0.045380565,11,0.001053135,18,0.001723313,0,0,21,0.002010531,291,0.02786022,1622,0.155289612
48161,19599,12587,0.642226644,2935,0.149752538,47,0.002398082,19,0.000969437,0,0,31,0.001581713,683,0.034848717,3297,0.168222869
48163,18151,2762,0.152167925,750,0.041320037,14,0.000771307,96,0.005288965,0,0,1,5.51E-05,113,0.006225552,14415,0.79417112
48165,21523,11664,0.541931887,235,0.010918552,103,0.004785578,185,0.008595456,0,0,34,0.001579705,128,0.005947126,9174,0.426241695
48167,350801,193351,0.551170037,42169,0.120207753,457,0.001302733,11706,0.033369346,628,0.001790189,1458,0.004156203,10123,0.028856816,90909,0.259146924
48169,5735,2313,0.40331299,532,0.092763731,15,0.002615519,67,0.01168265,0,0,0,0,124,0.021621622,2684,0.468003487
48171,26953,19546,0.725188291,36,0.001335658,85,0.003153638,81,0.003005231,0,0,66,0.002448707,565,0.020962416,6574,0.243906059
48173,1068,682,0.638576779,0,0,0,0,0,0,0,0,0,0,52,0.048689139,334,0.312734082
48175,7092,4066,0.573322053,319,0.044980259,23,0.003243091,10,0.001410039,0,0,0,0,131,0.018471517,2543,0.35857304
48177,19736,7909,0.400739765,1205,0.061055938,0,0,105,0.005320227,49,0.002482773,25,0.001266721,137,0.00694163,10306,0.522192947
48179,21272,13004,0.611320045,959,0.045082738,144,0.006769462,172,0.008085747,26,0.001222264,110,0.005171117,382,0.017957879,6475,0.304390748
48181,137008,100695,0.734957083,7241,0.052850928,617,0.004503387,2057,0.015013722,76,0.000554712,536,0.00391218,5804,0.04236249,19982,0.145845498
48183,124245,69369,0.558324279,23899,0.192353817,137,0.00110266,1402,0.011284156,66,0.000531208,145,0.001167049,4836,0.038923095,24391,0.196313735
48185,29442,17096,0.580667074,3456,0.11738333,148,0.005026832,108,0.003668229,0,0,188,0.006385436,1158,0.039331567,7288,0.247537531
48187,173828,83646,0.481199807,13100,0.075361852,150,0.000862922,2748,0.01580873,36,0.000207101,719,0.004136273,5668,0.032606945,67761,0.38981637
48189,32525,10297,0.316587241,1273,0.039139124,33,0.001014604,194,0.005964643,28,0.000860876,72,0.002213682,599,0.018416603,20029,0.615803228
48191,2847,1537,0.539866526,186,0.065331928,3,0.001053741,12,0.004214963,0,0,0,0,107,0.037583421,1002,0.35194942
48193,8244,6824,0.827753518,78,0.009461426,19,0.002304706,3,0.000363901,9,0.001091703,0,0,151,0.018316351,1160,0.140708394
48195,5270,2556,0.485009488,11,0.002087287,20,0.003795066,6,0.00113852,0,0,0,0,93,0.017647059,2584,0.490322581
48197,3541,2271,0.641344253,116,0.032759108,23,0.00649534,43,0.012143462,0,0,0,0,77,0.02174527,1011,0.285512567
48199,56576,47540,0.840285633,3213,0.056790865,11,0.000194429,261,0.004613264,0,0,75,0.00132565,1782,0.031497455,3694,0.065292704
48201,4726177,1306481,0.276435055,872237,0.184554451,5624,0.001189968,330740,0.069980451,2357,0.000498712,17904,0.003788263,114731,0.024275646,2076103,0.439277454
48203,69098,42427,0.614011983,14212,0.205678891,155,0.002243191,421,0.006092796,0,0,94,0.001360387,2192,0.03172306,9597,0.138889693
48205,5369,3218,0.599366735,396,0.073756752,46,0.008567703,14,0.002607562,0,0,0,0,235,0.04376979,1460,0.271931458
48207,5408,3441,0.636279586,312,0.057692308,11,0.002034024,4,0.000739645,0,0,0,0,91,0.016826923,1549,0.286427515
48209,245351,124306,0.506645581,8629,0.035170022,292,0.001190132,3900,0.015895594,148,0.000603217,1991,0.008114905,7141,0.029105241,98944,0.403275308
48211,3371,2062,0.611687926,10,0.002966479,16,0.004746366,0,0,0,0,0,0,82,0.024325126,1201,0.356274103
48213,82627,62645,0.758166217,4592,0.055575054,207,0.002505234,549,0.006644317,40,0.000484103,14,0.000169436,3036,0.036743437,11544,0.139712201
48215,873167,49568,0.056768064,4034,0.004619964,671,0.000768467,8036,0.00920328,155,0.000177515,1154,0.001321626,1834,0.0021004,807715,0.925040685
48217,36138,24869,0.68816758,2162,0.059826222,67,0.001854004,216,0.005977088,0,0,113,0.003126902,801,0.022165034,7910,0.21888317
48219,21495,9577,0.445545476,569,0.026471272,79,0.003675273,86,0.00400093,0,0,17,0.000790882,373,0.017352873,10794,0.502163294
48221,62459,51474,0.824124626,607,0.009718375,180,0.002881891,489,0.007829136,24,0.000384252,98,0.001569029,1401,0.022430715,8186,0.131061977
48223,37008,26575,0.718087981,2709,0.073200389,129,0.003485733,281,0.007592953,28,0.000756593,115,0.003107436,566,0.01529399,6605,0.178474924
48225,22107,13263,0.599945719,5258,0.237843217,78,0.003528294,76,0.003437825,10,0.000452345,11,0.00049758,698,0.03157371,2713,0.12272131
48227,34488,15856,0.459754117,1894,0.054917653,130,0.003769427,365,0.010583391,0,0,46,0.001333797,799,0.023167479,15398,0.446474136
48229,3329,545,0.163712827,24,0.007209372,0,0,34,0.010213277,0,0,0,0,75,0.022529288,2651,0.796335236
48231,101596,69800,0.687034923,7693,0.075721485,453,0.004458837,1153,0.011348872,12,0.000118115,93,0.00091539,3523,0.034676562,18869,0.185725816
48233,20595,14079,0.683612527,476,0.023112406,187,0.009079874,133,0.006457878,67,0.003253217,59,0.002864773,549,0.026656956,5045,0.24496237
48235,1561,1128,0.722613709,0,0,0,0,0,0,0,0,0,0,0,0,433,0.277386291
48237,8588,6519,0.759082441,330,0.03842571,0,0,60,0.006986493,0,0,0,0,142,0.0165347,1537,0.178970657
48239,15010,8615,0.5739507,849,0.056562292,25,0.001665556,80,0.00532978,0,0,0,0,370,0.024650233,5071,0.337841439
48241,33032,24358,0.737406152,5034,0.152397675,2,6.05E-05,130,0.003935578,8,0.000242189,52,0.001574231,1106,0.033482683,2342,0.070900945
48243,1992,1556,0.781124498,26,0.013052209,0,0,0,0,0,0,0,0,17,0.008534137,393,0.197289157
48245,254942,97872,0.383899083,84252,0.330475167,359,0.001408163,9634,0.037788987,136,0.000533455,287,0.001125746,4830,0.018945486,57572,0.225823913
48247,4830,482,0.099792961,4,0.000828157,0,0,10,0.002070393,0,0,0,0,0,0,4334,0.897308489
48249,39060,6929,0.177393753,216,0.005529954,64,0.001638505,167,0.004275474,80,0.002048131,0,0,233,0.005965182,31371,0.803149002
48251,182690,124452,0.681219552,7881,0.04313865,361,0.001976025,1652,0.009042641,70,0.000383163,258,0.001412228,4928,0.026974657,43088,0.235853084
48253,19758,11287,0.571262274,2074,0.104970139,15,0.000759186,70,0.003542869,0,0,13,0.000657961,696,0.035226237,5603,0.283581334
48255,14805,4849,0.327524485,931,0.062884161,25,0.001688619,161,0.010874704,4,0.000270179,0,0,517,0.034920635,8318,0.561837217
48257,149773,83392,0.556789274,22510,0.150294112,346,0.002310163,2232,0.014902553,53,0.000353869,230,0.001535657,3938,0.026293124,37072,0.247521249
48259,45376,31853,0.70197902,316,0.006964034,95,0.002093618,516,0.01137165,67,0.001476551,53,0.001168018,1111,0.024484309,11365,0.2504628
48261,116,2,0.017241379,0,0,1,0.00862069,1,0.00862069,0,0,0,0,0,0,112,0.965517241
48263,635,525,0.826771654,6,0.009448819,0,0,0,0,0,0,0,0,18,0.028346457,86,0.135433071
48265,52810,34994,0.662639652,846,0.016019693,50,0.00094679,410,0.007763681,12,0.00022723,237,0.004487786,1387,0.026263965,14874,0.281651202
48267,4316,3066,0.710379981,62,0.014365153,0,0,0,0,0,0,0,0,53,0.012279889,1135,0.262974977
48269,216,136,0.62962963,0,0,0,0,0,0,0,0,0,0,9,0.041666667,71,0.328703704
48271,3157,1112,0.352233133,0,0,0,0,0,0,0,0,0,0,13,0.004117833,2032,0.643649034
48273,30860,6111,0.198023331,886,0.028710305,149,0.004828257,403,0.013058976,0,0,46,0.001490603,593,0.019215813,22672,0.734672715
48275,3333,1872,0.561656166,158,0.04740474,3,0.00090009,62,0.01860186,0,0,5,0.00150015,69,0.02070207,1164,0.349234923
48277,50149,36286,0.72356378,6328,0.126183972,365,0.007278311,440,0.008773854,117,0.002333048,40,0.000797623,2164,0.043151409,4409,0.087918004
48279,13024,4881,0.374769656,429,0.032939189,17,0.001305283,54,0.004146192,34,0.002610565,5,0.000383907,188,0.014434889,7416,0.569410319
48281,21829,15375,0.704338266,874,0.040038481,76,0.003481607,235,0.010765495,1,4.58E-05,27,0.001236887,840,0.03848092,4401,0.201612534
48283,6965,598,0.085857861,232,0.033309404,0,0,6,0.00086145,0,0,0,0,39,0.005599426,6090,0.874371859
48285,20379,14623,0.717552382,1045,0.051278277,0,0,100,0.004907012,0,0,0,0,544,0.026694146,4067,0.199568183
48287,17543,10869,0.619563359,1832,0.104429117,29,0.001653081,67,0.003819187,0,0,0,0,400,0.022801117,4346,0.247734139
48289,15928,11909,0.747677047,1183,0.074271723,29,0.001820693,21,0.001318433,0,0,6,0.000376695,287,0.018018584,2493,0.156516826
48291,93523,52962,0.566299199,7821,0.083626488,175,0.001871197,415,0.004437411,21,0.000224544,71,0.000759172,2349,0.025116816,29709,0.317665173
48293,22222,12431,0.559400594,3743,0.168436684,80,0.003600036,233,0.010485105,33,0.001485015,46,0.002070021,563,0.025335253,5093,0.229187292
48295,3038,1800,0.592495063,12,0.003949967,28,0.00921659,0,0,14,0.004608295,0,0,143,0.047070441,1041,0.342659645
48297,11374,5749,0.505451029,279,0.024529629,0,0,263,0.023122912,82,0.007209425,0,0,367,0.032266573,4634,0.407420433
48299,21637,18249,0.84341637,133,0.006146878,85,0.003928456,101,0.00466793,0,0,97,0.004483061,450,0.020797708,2522,0.116559597
48301,96,91,0.947916667,0,0,0,0,5,0.052083333,0,0,0,0,0,0,0,0
48303,311509,160080,0.513885634,20291,0.065137765,598,0.001919688,7298,0.023427895,220,0.00070624,585,0.001877955,7670,0.024622082,114767,0.368422742
48305,5619,2837,0.504894109,76,0.013525538,7,0.001245773,9,0.001601708,13,0.002313579,0,0,118,0.021000178,2559,0.455419114
48307,7638,4730,0.619272061,65,0.008510081,5,0.000654622,31,0.004058654,0,0,0,0,294,0.038491752,2513,0.329012831
48309,261090,142819,0.547010609,35609,0.136385921,409,0.00156651,4002,0.015328048,52,0.000199165,670,0.002566165,6819,0.026117431,70710,0.270826152
48311,670,260,0.388059701,0,0,6,0.008955224,0,0,0,0,0,0,1,0.001492537,403,0.601492537
48313,13556,7241,0.534154618,2154,0.15889643,13,0.000958985,175,0.012909413,0,0,24,0.001770434,596,0.043965772,3353,0.247344349
48315,9668,6806,0.703971866,2117,0.218969797,71,0.007343815,58,0.005999173,14,0.001448076,0,0,155,0.016032271,447,0.046235002
48317,5228,2246,0.429609793,67,0.012815608,0,0,15,0.002869166,0,0,76,0.014537108,134,0.025631217,2690,0.514537108
48319,3959,3154,0.796665825,3,0.000757767,0,0,28,0.007072493,0,0,0,0,12,0.003031068,762,0.192472847
48321,36251,14992,0.413561005,3514,0.096935257,31,0.000855149,628,0.01732366,80,0.002206836,247,0.006813605,734,0.020247717,16025,0.442056771
48323,57806,1549,0.026796526,82,0.001418538,956,0.016538076,168,0.002906273,0,0,27,0.00046708,75,0.001297443,54949,0.950576065
48325,51432,21095,0.410153212,1234,0.023992845,104,0.002022087,342,0.006649557,0,0,378,0.00734951,966,0.018782081,27313,0.531050708
48327,1964,1198,0.609979633,1,0.000509165,0,0,0,0,0,0,0,0,93,0.047352342,672,0.342158859
48329,169393,71901,0.42446264,10397,0.061377979,380,0.002243304,3255,0.01921567,47,0.000277461,145,0.000855998,3541,0.020904052,79727,0.470662896
48331,25080,15265,0.608652313,2307,0.091985646,36,0.001435407,89,0.003548644,0,0,15,0.000598086,530,0.021132376,6838,0.272647528
48333,4501,3166,0.703399245,30,0.006665186,4,0.000888691,13,0.002888247,0,0,9,0.001999556,170,0.037769385,1109,0.246389691
48335,8947,4031,0.450542081,722,0.08069744,46,0.005141388,10,0.001117693,0,0,15,0.00167654,449,0.050184419,3674,0.410640438
48337,20197,17118,0.847551617,159,0.007872456,93,0.004604644,0,0,1,4.95E-05,0,0,488,0.024162004,2338,0.115759766
48339,629989,392546,0.623099768,33413,0.053037434,627,0.000995255,20033,0.031798968,277,0.00043969,1627,0.002582585,18683,0.029656073,162783,0.258390226
48341,21284,6470,0.303984213,901,0.042332268,56,0.002631084,834,0.039184364,0,0,37,0.001738395,543,0.025512122,12443,0.584617553
48343,11993,7532,0.628033019,2661,0.22187943,32,0.002668223,117,0.009755691,0,0,43,0.003585425,274,0.022846661,1334,0.111231552
48345,1223,952,0.778413737,25,0.020441537,0,0,0,0,0,0,6,0.004905969,73,0.059689289,167,0.136549469
48347,64768,37876,0.58479496,11174,0.172523468,136,0.002099802,574,0.008862401,54,0.000833745,213,0.003288661,1512,0.023344862,13229,0.2042521
48349,52834,27751,0.525248893,5953,0.112673657,48,0.000908506,338,0.006397396,891,0.016864141,75,0.00141954,2339,0.044270735,15439,0.292217133
48351,12333,9196,0.745641774,2272,0.184221195,22,0.001783832,85,0.006892078,20,0.001621665,28,0.002270332,204,0.016540988,506,0.041028136
48353,14657,7687,0.524459303,658,0.044893225,26,0.001773896,27,0.001842123,0,0,0,0,482,0.032885311,5777,0.394146142
48355,353245,98965,0.280159663,12210,0.034565245,493,0.001395632,7499,0.021228892,235,0.000665261,564,0.001596626,4106,0.011623661,229173,0.648765021
48357,9924,4040,0.407093914,3,0.000302297,70,0.007053607,45,0.004534462,0,0,14,0.001410721,181,0.018238613,5571,0.561366385
48359,2171,1429,0.658222018,147,0.067710732,0,0,18,0.00829111,0,0,0,0,9,0.004145555,568,0.261630585
48361,84761,66582,0.785526362,7280,0.085888557,130,0.001533724,539,0.006359057,53,0.000625288,81,0.000955628,2547,0.030049197,7549,0.089062187
48363,28569,20890,0.731212153,746,0.02611222,68,0.002380202,285,0.009975848,0,0,112,0.003920333,617,0.021596836,5851,0.204802408
48365,22540,16289,0.722670807,2829,0.125510204,14,0.000621118,118,0.005235138,0,0,37,0.001641526,1144,0.050754215,2109,0.093566992
48367,151188,122464,0.810011377,2058,0.013612191,279,0.001845385,1237,0.008181866,77,0.0005093,242,0.001600656,4183,0.02766754,20648,0.136571686
48369,9809,3167,0.322866755,67,0.006830462,29,0.002956469,0,0,0,0,18,0.001835049,146,0.01488429,6382,0.650626975
48371,15114,3586,0.237263464,581,0.03844118,13,0.00086013,191,0.01263729,23,0.001521768,0,0,123,0.00813815,10597,0.701138018
48373,50536,35861,0.709612949,4064,0.08041792,576,0.011397815,315,0.00623318,0,0,12,0.000237454,1842,0.036449264,7866,0.155651417
48375,117905,50389,0.427369492,11781,0.099919427,462,0.003918409,5981,0.05072728,52,0.000441033,54,0.000457996,2528,0.021440991,46658,0.395725372
48377,6168,1152,0.186770428,0,0,42,0.006809339,2,0.000324254,0,0,0,0,79,0.012808042,4893,0.793287938
48379,12257,10225,0.834217182,325,0.026515461,107,0.008729705,99,0.008077017,0,0,33,0.002692339,265,0.021620299,1203,0.098147997
48381,141489,96093,0.67915527,3974,0.028086989,326,0.002304066,2414,0.017061397,202,0.001427673,540,0.003816551,4057,0.028673607,33883,0.239474447
48383,3308,743,0.224607013,69,0.020858525,0,0,89,0.026904474,0,0,0,0,67,0.02025393,2340,0.707376058
48385,2830,2068,0.730742049,37,0.013074205,0,0,0,0,0,0,0,0,1,0.000353357,724,0.255830389
48387,11627,8508,0.731745076,1816,0.156188183,94,0.008084631,38,0.003268255,2,0.000172013,24,0.002064161,243,0.02089963,902,0.077578051
48389,14022,2894,0.206389959,106,0.007559549,12,0.000855798,152,0.010840108,24,0.001711596,204,0.014548567,56,0.003993724,10574,0.754100699
48391,6718,2688,0.400119083,433,0.064453706,4,0.000595415,16,0.002381661,0,0,19,0.002828223,85,0.012652575,3473,0.516969336
48393,764,633,0.828534031,3,0.003926702,0,0,0,0,0,0,0,0,22,0.028795812,106,0.138743455
48395,16912,9451,0.558833964,3366,0.199030274,23,0.001359981,35,0.002069536,11,0.000650426,4,0.000236518,273,0.016142384,3749,0.221676916
48397,110631,73832,0.667371713,8332,0.075313429,163,0.001473366,3532,0.031925952,74,0.00066889,424,0.00383256,2758,0.024929721,21516,0.194484367
48399,9858,5920,0.60052749,295,0.029924934,0,0,6,0.000608643,0,0,0,0,168,0.017041996,3469,0.351896936
48401,52755,32965,0.624869681,8205,0.155530281,29,0.000549711,208,0.003942754,65,0.001232111,0,0,1854,0.035143588,9429,0.178731874
48403,9980,8379,0.839579158,498,0.0498998,17,0.001703407,130,0.013026052,38,0.003807615,100,0.01002004,309,0.030961924,509,0.051002004
48405,7920,5440,0.686868687,1763,0.22260101,57,0.00719697,0,0,0,0,0,0,17,0.002146465,643,0.081186869
48407,27666,20120,0.72724644,2472,0.089351551,9,0.000325309,40,0.001445818,16,0.000578327,3,0.000108436,859,0.031048941,4147,0.149895178
48409,68942,25419,0.368701227,983,0.014258362,10,0.000145049,641,0.009297671,159,0.002306286,133,0.001929158,1151,0.016695193,40446,0.586667053
48411,5779,3615,0.625540751,95,0.01643883,3,0.000519121,10,0.001730403,10,0.001730403,0,0,253,0.043779201,1793,0.310261291
48413,2474,1057,0.427243331,40,0.016168149,0,0,0,0,7,0.002829426,0,0,27,0.0109135,1343,0.542845594
48415,16883,8531,0.505301191,615,0.036427175,122,0.007226204,104,0.006160043,0,0,98,0.005804656,311,0.018420897,7102,0.420659835
48417,3134,2643,0.843331206,21,0.006700702,0,0,6,0.001914486,0,0,0,0,70,0.022335673,394,0.125717932
48419,24157,14637,0.60591133,3889,0.160988533,65,0.002690731,109,0.00451215,163,0.006747527,20,0.000827917,667,0.027611044,4607,0.190710767
48421,2414,1323,0.548053024,4,0.001657001,0,0,25,0.010356255,0,0,2,0.0008285,26,0.010770505,1034,0.428334714
48423,234667,137245,0.584850022,39715,0.169239816,189,0.000805397,3872,0.016499977,176,0.000749999,357,0.001521305,5293,0.022555366,47820,0.20377812
48425,9337,7270,0.778622684,182,0.019492342,0,0,50,0.005355039,0,0,6,0.000642605,147,0.015743815,1682,0.180143515
48427,65716,2106,0.03204699,32,0.000486944,0,0,34,0.000517378,0,0,180,0.002739059,119,0.001810822,63245,0.962398807
48429,9260,6370,0.687904968,264,0.028509719,0,0,93,0.010043197,0,0,34,0.003671706,174,0.018790497,2325,0.251079914
48431,1392,914,0.656609195,2,0.001436782,2,0.001436782,3,0.002155172,0,0,0,0,5,0.003591954,466,0.334770115
48433,1331,956,0.71825695,6,0.004507889,0,0,0,0,0,0,0,0,12,0.009015778,357,0.268219384
48435,3345,789,0.235874439,5,0.001494768,14,0.004185351,0,0,8,0.002391629,7,0.002092676,26,0.007772795,2496,0.746188341
48437,6989,2940,0.420661039,551,0.078838174,13,0.001860066,7,0.001001574,0,0,121,0.01731292,174,0.024896266,3183,0.455429961
48439,2113854,927508,0.438775809,357665,0.169200427,3529,0.001669463,120991,0.05723716,3919,0.00185396,7446,0.003522476,62621,0.029624089,630175,0.298116615
48441,143029,87715,0.61326724,10902,0.076222305,137,0.000957848,3209,0.022436009,16,0.000111865,788,0.005509372,3745,0.026183501,36517,0.25531186
48443,862,457,0.530162413,0,0,0,0,0,0,0,0,0,0,0,0,405,0.469837587
48445,11816,4438,0.375592417,499,0.042230873,37,0.003131347,22,0.001861882,0,0,0,0,87,0.007362898,6733,0.569820582
48447,1439,1212,0.842251564,3,0.002084781,0,0,6,0.004169562,0,0,0,0,32,0.022237665,186,0.129256428
48449,31301,13351,0.426535893,2960,0.094565669,74,0.002364142,393,0.012555509,0,0,63,0.002012715,383,0.012236031,14077,0.449730041
48451,119276,60487,0.507117945,4280,0.035883162,122,0.001022838,1459,0.012232134,89,0.000746169,440,0.003688923,2561,0.02147121,49838,0.41783762
48453,1289054,614956,0.477059921,102001,0.07912857,1582,0.001227257,91043,0.070627763,504,0.000390984,4691,0.003639103,44696,0.034673489,429581,0.333252913
48455,13735,10583,0.770513287,1152,0.083873316,0,0,17,0.001237714,0,0,6,0.00043684,391,0.028467419,1586,0.115471423
48457,19962,15649,0.783939485,2107,0.105550546,30,0.001502855,135,0.006762849,0,0,50,0.002504759,561,0.028103396,1430,0.071636109
48459,41261,32638,0.791013306,3091,0.074913356,47,0.00113909,213,0.00516226,25,0.000605899,66,0.001599573,1347,0.03264584,3834,0.092920676
48461,3284,1323,0.402862363,72,0.021924482,21,0.006394641,17,0.005176614,0,0,0,0,2,0.000609013,1849,0.563032887
48463,24833,6157,0.247936214,90,0.00362421,31,0.001248339,324,0.013047155,0,0,18,0.000724842,271,0.010912898,17942,0.722506342
48465,47693,6851,0.143647915,552,0.011574026,61,0.001279014,303,0.006353134,5,0.000104837,106,0.002222548,496,0.010399849,39319,0.824418678
48467,60053,49263,0.820325379,1667,0.027758813,224,0.003730038,290,0.004829068,13,0.000216475,66,0.001099029,1090,0.018150634,7440,0.123890563
48469,91209,38934,0.42686577,4817,0.052812771,127,0.001392406,1228,0.013463584,73,0.00080036,152,0.001666502,1685,0.018474054,44193,0.484524553
48471,77182,42958,0.55658055,16668,0.215957088,100,0.001295639,914,0.011842139,235,0.003044751,0,0,2081,0.026962245,14226,0.184317587
48473,57463,23290,0.405304283,14102,0.24541009,54,0.000939735,877,0.015261995,9,0.000156623,194,0.003376085,1205,0.020970015,17732,0.308581174
48475,11347,4248,0.374372081,590,0.051996122,10,0.00088129,75,0.006609677,0,0,0,0,107,0.009429805,6317,0.556711025
48477,35807,22260,0.621666155,6446,0.180020666,28,0.00078197,234,0.006535035,0,0,62,0.001731505,566,0.015806965,6211,0.173457704
48479,267282,8901,0.033301906,998,0.003733884,102,0.000381619,1381,0.005166828,0,0,494,0.001848235,311,0.001163565,255095,0.954403963
48481,41614,17892,0.429951459,5085,0.122194454,0,0,192,0.004613832,0,0,17,0.000408516,536,0.012880281,17892,0.429951459
48483,4980,3422,0.687148594,132,0.026506024,13,0.002610442,13,0.002610442,0,0,9,0.001807229,121,0.024297189,1270,0.25502008
48485,129584,82362,0.635587727,12769,0.0985384,490,0.003781331,2865,0.022109211,141,0.001088097,116,0.000895172,4428,0.034170885,26413,0.203829176
48487,12795,7084,0.553653771,915,0.071512309,36,0.002813599,422,0.032981633,0,0,16,0.001250488,437,0.034153966,3885,0.303634232
48489,20308,2042,0.100551507,180,0.008863502,0,0,0,0,0,0,0,0,147,0.007238527,17939,0.883346464
48491,617396,345063,0.558900608,39908,0.064639227,715,0.00115809,49829,0.08070833,663,0.001073865,2655,0.004300319,23958,0.038804916,154605,0.250414645
48493,50381,27585,0.547527838,768,0.015243842,6,0.000119093,219,0.004346877,0,0,235,0.004664457,1040,0.020642703,20528,0.407455191
48495,7582,2430,0.320495911,292,0.038512266,0,0,43,0.005671327,2,0.000263783,43,0.005671327,24,0.003165392,4748,0.626219995
48497,70062,52289,0.746324684,897,0.012802946,313,0.004467472,393,0.005609317,45,0.000642288,142,0.002026776,1694,0.024178585,14289,0.203947932
48499,45341,36994,0.815906134,1808,0.039875609,23,0.000507267,256,0.005646104,0,0,120,0.002646611,1250,0.027568867,4890,0.107849408
48501,7630,2172,0.284665793,120,0.015727392,0,0,40,0.005242464,0,0,35,0.004587156,80,0.010484928,5183,0.679292267
48503,17903,13644,0.762106909,260,0.014522706,71,0.003965816,62,0.003463107,0,0,116,0.006479361,226,0.012623583,3524,0.196838519
48505,13896,610,0.043897524,13,0.000935521,0,0,21,0.001511226,0,0,0,0,95,0.0068365,13157,0.946819229
48507,9700,531,0.054742268,70,0.007216495,0,0,0,0,0,0,0,0,0,0,9099,0.938041237
49001,7102,5918,0.833286398,10,0.001408054,63,0.008870741,0,0,10,0.001408054,6,0.000844832,176,0.024781752,919,0.129400169
49003,58291,50269,0.862380127,206,0.003533993,241,0.004134429,459,0.007874286,102,0.001749841,66,0.00113225,1197,0.020534902,5751,0.098660171
49005,134428,111127,0.826665576,915,0.006806618,248,0.001844854,2638,0.019623888,523,0.003890559,345,0.00256643,3862,0.028729134,14770,0.109872943
49007,20338,16698,0.821024683,174,0.008555414,87,0.004277707,56,0.002753466,39,0.001917593,18,0.000885043,467,0.022961943,2799,0.137624152
49009,638,590,0.92476489,0,0,11,0.017241379,0,0,0,0,0,0,19,0.029780564,18,0.028213166
49011,363032,297673,0.819963529,4253,0.011715221,1083,0.002983208,6480,0.017849666,2801,0.007715573,1643,0.004525772,11101,0.030578572,37998,0.104668459
49013,19779,16664,0.842509733,74,0.003741342,642,0.032458668,78,0.003943577,85,0.004297487,5,0.000252793,548,0.027706153,1683,0.085090247
49015,9898,8902,0.899373611,8,0.000808244,58,0.00585977,0,0,96,0.009698929,8,0.000808244,149,0.015053546,677,0.068397656
49017,5121,4521,0.882835384,2,0.000390549,146,0.028510057,0,0,22,0.004296036,0,0,49,0.009568444,381,0.074399531
49019,9680,7793,0.805061983,2,0.000206612,349,0.036053719,140,0.01446281,101,0.010433884,9,0.000929752,234,0.024173554,1052,0.108677686
49021,58068,48898,0.842081697,434,0.007473996,872,0.015016877,623,0.010728801,145,0.002497072,186,0.003203141,1291,0.022232555,5619,0.096765861
49023,11943,10806,0.90479779,65,0.005442519,120,0.010047727,0,0,1,8.37E-05,0,0,266,0.022272461,685,0.057355773
49025,7814,7123,0.911568979,13,0.001663681,128,0.016380855,10,0.001279754,4,0.000511902,10,0.001279754,104,0.013309445,422,0.054005631
49027,13027,10785,0.827895908,20,0.001535273,174,0.013356874,224,0.017195056,25,0.001919091,2,0.000153527,140,0.01074691,1657,0.127197359
49029,12367,11532,0.932481604,69,0.005579364,25,0.002021509,0,0,46,0.003719576,84,0.00679227,232,0.018759602,379,0.030646074
49031,1764,1674,0.948979592,3,0.00170068,0,0,0,0,0,0,0,0,12,0.006802721,75,0.042517007
49033,2543,2181,0.857648447,0,0,15,0.005898545,0,0,0,0,1,0.000393236,90,0.03539127,256,0.100668502
49035,1180643,816187,0.691307194,19689,0.016676506,5369,0.004547522,48490,0.04107084,18324,0.015520356,4848,0.004106237,42559,0.036047306,225177,0.190724038
49037,14524,6361,0.437964748,13,0.00089507,6423,0.442233544,77,0.00530157,53,0.003649132,112,0.007711374,564,0.038832278,921,0.063412283
49039,28816,24668,0.856052193,258,0.008953359,186,0.006454747,226,0.007842865,169,0.005864797,42,0.001457524,532,0.018461966,2735,0.094912549
49041,21667,19714,0.909862925,117,0.005399917,155,0.007153736,74,0.003415332,42,0.001938432,8,0.000369225,333,0.015368994,1224,0.056491439
49043,42524,35667,0.838749882,287,0.00674913,57,0.00134042,764,0.017966325,48,0.001128774,82,0.001928323,925,0.021752422,4694,0.110384724
49045,74032,59288,0.800842879,578,0.007807435,234,0.003160795,577,0.007793927,576,0.007780419,353,0.004768208,2297,0.031027123,10129,0.136819213
49047,35951,28746,0.799588329,144,0.004005452,2095,0.058273762,222,0.006175072,44,0.001223888,58,0.001613307,1495,0.041584379,3147,0.087535813
49049,666021,537162,0.806524119,3616,0.005429258,1834,0.002753667,9260,0.013903466,5179,0.007776031,1293,0.00194138,24630,0.036980816,83047,0.124691263
49051,35009,28834,0.823616784,65,0.001856665,68,0.001942358,412,0.011768402,28,0.000799794,123,0.003513382,670,0.019137936,4809,0.137364678
49053,183297,151760,0.827945902,948,0.005171934,1714,0.009350944,1892,0.010322046,1100,0.006001189,569,0.003104252,4929,0.026890784,20385,0.111212949
49055,2532,2461,0.971958926,0,0,0,0,0,0,0,0,0,0,25,0.009873618,46,0.018167457
49057,262960,197229,0.750034226,2522,0.009590812,1052,0.004000608,3581,0.013618041,508,0.001931853,724,0.00275327,7956,0.030255552,49388,0.187815637
50001,37434,34229,0.914382647,332,0.008868943,42,0.001121975,702,0.018753005,29,0.000774697,55,0.001469253,1110,0.029652188,935,0.024977293
50003,37326,34488,0.923967208,357,0.009564379,27,0.000723356,402,0.010769973,27,0.000723356,101,0.002705889,1033,0.027675079,891,0.02387076
50005,30418,28429,0.934611086,206,0.006772306,68,0.002235518,128,0.004208035,0,0,148,0.00486554,858,0.028206983,581,0.019100533
50007,168309,146491,0.87036938,4126,0.024514435,116,0.000689209,6528,0.038785805,51,0.000303014,423,0.002513235,6288,0.037359856,4286,0.025465067
50009,5976,5617,0.939926372,2,0.000334672,39,0.006526104,41,0.006860776,0,0,0,0,185,0.030957162,92,0.015394913
50011,50101,46497,0.928065308,121,0.002415121,194,0.003872178,331,0.006606655,16,0.000319355,103,0.002055847,1918,0.038282669,921,0.018382867
50013,7335,6678,0.910429448,80,0.010906612,128,0.017450579,25,0.003408316,0,0,37,0.005044308,240,0.032719836,147,0.0200409
50015,25977,24261,0.933941564,269,0.010355314,90,0.003464603,123,0.004734958,0,0,114,0.004388498,610,0.023482311,510,0.019632752
50017,29439,27813,0.944767146,101,0.003430823,55,0.00186827,150,0.005095282,1,3.40E-05,131,0.004449879,774,0.026291654,414,0.014062978
50019,27459,25793,0.939327725,187,0.006810153,85,0.003095524,131,0.004770749,5,0.00018209,36,0.001311046,767,0.027932554,455,0.016570159
50021,60585,56844,0.938252043,349,0.005760502,15,0.000247586,460,0.007592638,0,0,47,0.00077577,1848,0.0305026,1022,0.016868862
50023,59768,55590,0.930096373,537,0.008984741,13,0.000217508,489,0.008181636,4,6.69E-05,206,0.00344666,1729,0.028928524,1200,0.020077634
50025,45857,41989,0.915650828,501,0.010925268,65,0.00141745,587,0.012800663,0,0,62,0.001352029,1476,0.032187016,1177,0.025666747
50027,57832,53919,0.932338498,380,0.006570757,62,0.001072071,581,0.010046341,0,0,80,0.001383317,1648,0.028496334,1162,0.020092682
51001,33367,19813,0.593790272,9446,0.283094075,56,0.001678305,268,0.008031888,0,0,55,0.001648335,645,0.019330476,3084,0.092426649
51003,112513,85372,0.758774542,9943,0.08837201,66,0.000586599,6281,0.05582466,34,0.000302187,264,0.002346396,3920,0.034840418,6633,0.058953188
51005,15159,13808,0.910878026,783,0.051652484,0,0,9,0.000593707,0,0,30,0.001979022,283,0.018668778,246,0.016227983
51007,13309,9746,0.732286423,2675,0.20099181,0,0,1,7.51E-05,0,0,0,0,432,0.032459238,455,0.034187392
51009,31426,23285,0.740946987,5720,0.182014892,238,0.007573347,226,0.007191497,22,0.000700057,339,0.010787246,757,0.024088335,839,0.026697639
51011,16253,12381,0.761767058,2926,0.180028302,1,6.15E-05,51,0.003137882,0,0,245,0.01507414,297,0.018273549,352,0.02165754
51013,235845,140409,0.5953444,21342,0.090491636,393,0.001666349,24224,0.102711527,166,0.000703852,1469,0.006228667,11108,0.04709873,36734,0.155754839
51015,77433,68983,0.8908734,3371,0.04353441,113,0.001459326,346,0.004468379,66,0.00085235,301,0.003887232,1598,0.020637196,2655,0.034287707
51017,4177,3893,0.932008619,202,0.048360067,4,0.000957625,14,0.003351688,0,0,33,0.007900407,0,0,31,0.007421594
51019,79761,68519,0.859053924,4922,0.061709357,49,0.000614335,967,0.01212372,0,0,649,0.008136809,2576,0.032296486,2079,0.02606537
51021,6241,5831,0.9343054,246,0.03941676,6,0.000961384,9,0.001442077,0,0,0,0,100,0.016023073,49,0.007851306
51023,33734,30864,0.91492263,858,0.02543428,41,0.001215391,170,0.005039426,83,0.002460426,96,0.002845794,956,0.028339361,666,0.019742693
51025,15965,6542,0.409771375,8633,0.540745381,29,0.001816474,15,0.000939555,0,0,0,0,331,0.020732853,415,0.025994363
51027,20246,19477,0.962017189,369,0.018225822,0,0,10,0.000493925,0,0,37,0.001827521,160,0.007902796,193,0.009532747
51029,16869,10261,0.608275535,5402,0.320232379,33,0.001956251,4,0.000237121,0,0,37,0.002193372,706,0.041851918,426,0.025253423
51031,55518,43320,0.780287474,7791,0.140332865,103,0.001855254,540,0.009726575,24,0.000432292,266,0.004791239,1773,0.031935588,1701,0.030638712
51033,31181,19503,0.625477053,7534,0.2416215,127,0.004072993,286,0.009172252,0,0,258,0.00827427,1632,0.052339566,1841,0.059042366
51035,29126,27224,0.934697521,77,0.002643686,15,0.000515004,38,0.001304676,10,0.000343336,16,0.000549337,520,0.017853464,1226,0.042092975
51036,6760,2958,0.437573964,2952,0.436686391,377,0.055769231,13,0.001923077,0,0,29,0.004289941,285,0.042159763,146,0.021597633
51037,11563,7896,0.682867768,3008,0.260140102,0,0,42,0.003632275,0,0,5,0.000432414,313,0.0270691,299,0.025858341
51041,366019,216335,0.591048552,84775,0.231613659,466,0.001273158,12755,0.034847918,192,0.000524563,2127,0.005811174,13275,0.036268609,36094,0.098612367
51043,14882,12544,0.84289746,678,0.045558393,44,0.002956592,184,0.01236393,0,0,61,0.004098911,386,0.025937374,985,0.06618734
51045,4898,4638,0.946917109,2,0.00040833,0,0,0,0,0,0,59,0.012045733,153,0.03123724,46,0.009391588
51047,52822,35908,0.679792511,6858,0.129832267,154,0.002915452,381,0.007212904,60,0.00113589,192,0.003634849,2723,0.05155049,6546,0.123925637
51049,9697,6181,0.637413633,2911,0.300195937,4,0.000412499,79,0.00814685,10,0.001031247,0,0,398,0.041043622,114,0.011756213
51051,14089,13715,0.973454468,102,0.007239691,22,0.001561502,50,0.003548868,0,0,6,0.000425864,46,0.003264958,148,0.010504649
51053,28057,17605,0.627472645,8635,0.307766333,5,0.000178209,215,0.007662972,16,0.000570268,141,0.005025484,334,0.011904338,1106,0.039419753
51057,10602,5724,0.539898132,3994,0.376721373,35,0.003301264,60,0.00565931,0,0,6,0.000565931,314,0.029617053,469,0.044236936
51059,1145354,556076,0.485505791,110543,0.096514265,1286,0.001122797,230697,0.201419823,584,0.000509886,7449,0.006503666,49437,0.043163074,189282,0.165260697
51061,73290,56848,0.775658344,4815,0.065697912,98,0.001337154,1294,0.017655888,21,0.000286533,286,0.003902306,2704,0.036894529,7224,0.098567335
51063,15532,14401,0.927182591,469,0.030195725,16,0.001030131,59,0.003798609,0,0,31,0.001995879,100,0.006438321,456,0.029358743
51065,27442,20879,0.760841047,3559,0.129691713,33,0.001202536,227,0.008271992,23,0.000838131,187,0.006814372,1387,0.050542963,1147,0.041797245
51067,54838,47536,0.866844159,4217,0.07689923,22,0.000401182,353,0.006437142,5,9.12E-05,14,0.000255297,1053,0.019202013,1638,0.029869798
51069,92007,74293,0.807471171,3850,0.041844642,64,0.000695599,1737,0.018878998,90,0.000978186,207,0.002249829,2449,0.02661754,9317,0.101264034
51071,16711,15751,0.94255281,377,0.02255999,3,0.000179522,59,0.003530609,39,0.002333792,0,0,163,0.009754054,319,0.019089223
51073,38875,32344,0.832,3172,0.081594855,9,0.000231511,238,0.006122186,0,0,94,0.002418006,1424,0.036630225,1594,0.041003215
51075,24906,19290,0.774512166,3596,0.14438288,9,0.000361359,429,0.017224765,0,0,48,0.001927246,725,0.029109452,809,0.032482133
51077,15356,13567,0.883498307,789,0.051380568,0,0,184,0.011982287,0,0,30,0.001953634,185,0.012047408,601,0.039137796
51079,20631,16534,0.801415346,1326,0.064272212,18,0.000872473,481,0.02331443,15,0.000727061,194,0.009403325,699,0.033881053,1364,0.0661141
51081,11373,4071,0.357953047,5995,0.527125648,4,0.00035171,37,0.003253319,0,0,4,0.00035171,684,0.060142443,578,0.050822123
51083,34013,20329,0.597683239,11814,0.347337783,32,0.000940817,72,0.002116838,0,0,17,0.000499809,944,0.027754094,805,0.023667421
51085,110513,90780,0.821441821,9368,0.084768308,151,0.001366355,1859,0.01682155,92,0.000832481,537,0.004859157,4059,0.036728711,3667,0.033181617
51087,333120,169516,0.508873679,97757,0.293458814,308,0.000924592,31395,0.094245317,119,0.000357229,1360,0.004082613,12223,0.036692483,20442,0.061365274
51089,50760,34892,0.687391647,11595,0.228427896,23,0.000453113,249,0.004905437,0,0,134,0.002639874,797,0.01570134,3070,0.060480693
51091,2247,2120,0.943480196,0,0,0,0,69,0.03070761,0,0,0,0,58,0.025812194,0,0
51093,38898,27025,0.694765798,8459,0.217466194,69,0.00177387,393,0.010103347,12,0.000308499,107,0.002750784,1264,0.032495244,1569,0.040336264
51095,78818,57947,0.735200081,9867,0.12518714,14,0.000177624,2009,0.025489101,22,0.000279124,505,0.006407166,3432,0.043543353,5022,0.06371641
51097,6681,4408,0.65978147,1611,0.241131567,27,0.004041311,0,0,0,0,34,0.005089059,358,0.053584793,243,0.036371801
51099,26985,18901,0.700426163,4251,0.157531962,25,0.000926441,366,0.013563091,0,0,506,0.018751158,1222,0.045284417,1714,0.063516769
51101,17845,13785,0.77248529,2655,0.148781171,167,0.009358364,135,0.007565144,11,0.000616419,2,0.000112076,569,0.031885682,521,0.029195853
51103,10866,7225,0.664918093,2954,0.271857169,0,0,54,0.00496963,0,0,82,0.007546475,300,0.027609056,251,0.023099577
51105,22287,20520,0.920716113,895,0.04015794,26,0.001166599,57,0.002557545,0,0,0,0,313,0.014044062,476,0.021357742
51107,420773,223608,0.531421931,31103,0.073918716,675,0.00160419,86463,0.205486093,287,0.000682078,2447,0.005815487,17992,0.042759398,58198,0.138312107
51109,38106,29161,0.765260064,5130,0.134624469,72,0.001889466,185,0.004854878,11,0.000288668,143,0.00375269,2038,0.053482391,1366,0.035847373
51111,11988,7003,0.584167501,3922,0.327160494,2,0.000166834,40,0.00333667,0,0,0,0,291,0.024274274,730,0.060894228
51113,13828,11632,0.841191785,1087,0.07860862,4,0.000289268,90,0.006508533,0,0,20,0.001446341,520,0.03760486,475,0.034350593
51115,8537,7208,0.844324704,767,0.089844208,0,0,0,0,31,0.003631252,21,0.002459881,249,0.029167155,261,0.030572801
51117,30367,18342,0.604010933,10092,0.332334442,124,0.00408338,309,0.010175519,4,0.000131722,11,0.000362235,544,0.017914183,941,0.030987585
51119,10738,8343,0.776960328,1546,0.143974669,0,0,84,0.007822686,19,0.001769417,165,0.01536599,245,0.022816167,336,0.031290743
51121,99373,82133,0.826512232,3992,0.040171878,238,0.002395017,6314,0.063538386,134,0.001348455,595,0.005987542,2448,0.024634458,3519,0.035412033
51125,14773,11911,0.806268192,1830,0.123874636,10,0.000676911,29,0.001963041,0,0,48,0.003249171,268,0.018141204,677,0.045826846
51127,23296,17957,0.770819025,3054,0.131095467,159,0.006825206,264,0.011332418,0,0,0,0,931,0.039963942,931,0.039963942
51131,12132,6718,0.553742169,3785,0.311984833,4,0.000329707,134,0.01104517,0,0,0,0,345,0.028437191,1146,0.09446093
51133,12007,8183,0.681519114,2510,0.209044724,0,0,104,0.008661614,0,0,33,0.002748397,688,0.057299908,489,0.040726243
51135,15638,8451,0.540414375,5944,0.380099757,3,0.00019184,83,0.005307584,0,0,32,0.002046297,342,0.021869804,783,0.050070341
51137,36593,28064,0.766922635,4457,0.121799251,5,0.000136638,536,0.01464761,0,0,72,0.001967589,1253,0.034241522,2206,0.060284754
51139,23753,22001,0.926240896,423,0.017808277,29,0.001220898,79,0.003325896,0,0,148,0.006230792,511,0.021513072,562,0.023660169
51141,17660,15809,0.895186863,993,0.056228766,12,0.000679502,82,0.004643262,0,0,10,0.000566251,177,0.01002265,577,0.032672707
51143,60541,44580,0.736360483,11820,0.19523959,33,0.000545085,288,0.004757107,0,0,23,0.000379908,2037,0.03364662,1760,0.029071208
51145,30503,25992,0.852112907,2660,0.087204537,29,0.000950726,47,0.001540832,0,0,133,0.004360227,888,0.029111891,754,0.02471888
51147,21922,13269,0.605282365,6522,0.297509351,81,0.003694918,308,0.014049813,185,0.008439011,11,0.000501779,755,0.034440288,791,0.036082474
51149,42634,22428,0.526059014,12876,0.302012478,107,0.002509734,715,0.016770653,182,0.004268893,175,0.004104705,2034,0.047708402,4117,0.096566121
51153,481114,192778,0.400690897,97109,0.201841975,656,0.001363502,46309,0.096253695,442,0.000918701,1668,0.003466954,22027,0.045783328,120125,0.249680949
51155,33841,30479,0.900653054,1688,0.049880323,3,8.86E-05,167,0.004934842,73,0.002157147,65,0.001920747,708,0.020921368,658,0.01944387
51157,7422,6444,0.868229588,327,0.044058205,18,0.002425222,16,0.002155753,0,0,79,0.010644031,220,0.029641606,318,0.042845594
51159,8968,5422,0.604594112,2438,0.271855486,35,0.003902765,0,0,0,0,1,0.000111508,400,0.044603033,672,0.074933095
51161,96653,81166,0.839767002,5880,0.060836187,127,0.001313979,3385,0.035022193,41,0.000424198,254,0.002627958,2398,0.024810404,3402,0.03519808
51163,22673,20548,0.906276188,811,0.035769417,15,0.00066158,159,0.007012746,0,0,215,0.009482645,440,0.019406342,485,0.021391082
51165,83905,72641,0.865752935,1882,0.022430129,22,0.000262201,750,0.008938681,50,0.000595912,252,0.003003397,1747,0.020821167,6561,0.078195578
51167,25763,24770,0.961456352,493,0.01913597,49,0.001901952,10,0.000388154,77,0.002988782,8,0.000310523,178,0.006909133,178,0.006909133
51169,21536,20686,0.960531204,252,0.011701337,22,0.001021545,23,0.001067979,33,0.001532318,14,0.000650074,183,0.0084974,323,0.014998143
51171,44337,37941,0.855741254,1128,0.025441505,10,0.000225545,533,0.012021562,11,0.0002481,88,0.001984798,1076,0.02426867,3550,0.080068566
51173,29799,27923,0.937044867,519,0.017416692,44,0.00147656,108,0.003624283,23,0.000771838,0,0,509,0.01708111,673,0.02258465
51175,18003,10975,0.609620619,5398,0.299838916,54,0.0029995,59,0.003277232,0,0,102,0.005665722,1020,0.056657224,395,0.021940788
51177,141097,91463,0.648227815,23116,0.163830556,178,0.001261543,3669,0.026003388,84,0.000595335,371,0.002629397,6245,0.044260332,15971,0.113191634
51179,157606,87976,0.558202099,29338,0.186147735,207,0.001313402,5815,0.036895803,12,7.61E-05,1063,0.006744667,9675,0.061387257,23520,0.149232897
51181,6546,3528,0.538955087,2728,0.416743049,3,0.000458295,8,0.00122212,0,0,0,0,94,0.014359914,185,0.028261534
51183,10866,4345,0.399871158,5934,0.546107123,2,0.00018406,50,0.004601509,0,0,0,0,153,0.014080618,382,0.035155531
51185,40392,37650,0.93211527,1421,0.035180234,20,0.000495148,279,0.006907308,18,0.000445633,16,0.000396118,520,0.012873836,468,0.011586453
51187,40800,33938,0.831813725,2106,0.051617647,20,0.000490196,546,0.013382353,0,0,287,0.007034314,1322,0.032401961,2581,0.063259804
51191,53985,51160,0.947670649,910,0.016856534,47,0.000870612,276,0.005112531,0,0,34,0.000629805,680,0.012596092,878,0.016263777
51193,18480,11548,0.624891775,4459,0.241287879,27,0.001461039,204,0.011038961,0,0,127,0.006872294,856,0.046320346,1259,0.068127706
51195,36105,32767,0.907547431,1662,0.046032405,46,0.001274062,389,0.010774131,0,0,88,0.002437336,671,0.018584684,482,0.013349952
51197,28275,26373,0.932732095,609,0.021538462,19,0.000671972,214,0.007568523,20,0.000707339,56,0.001980548,582,0.020583554,402,0.014217507
51199,70238,47842,0.681141263,9155,0.13034255,102,0.001452205,3884,0.055297702,98,0.001395256,438,0.006235941,3619,0.051524816,5100,0.072610268
51510,157594,80559,0.511180629,32867,0.208554894,215,0.001364265,9913,0.062902141,37,0.000234781,665,0.004219704,7246,0.045978908,26092,0.165564679
51520,17036,14755,0.866107067,1066,0.062573374,0,0,50,0.002934961,1,5.87E-05,111,0.006515614,608,0.035689129,445,0.026121155
51530,6639,5732,0.86338304,275,0.041421901,8,0.001205001,30,0.004518753,15,0.002259376,23,0.003464377,458,0.068986293,98,0.014761259
51540,46289,30208,0.652595649,7862,0.169845968,70,0.001512238,3237,0.069930221,0,0,293,0.006329798,1914,0.041348917,2705,0.05843721
51550,249377,137583,0.551706853,71264,0.285768134,200,0.000801999,9041,0.036254346,144,0.000577439,1549,0.006211479,12018,0.048192095,17578,0.070487655
51570,18158,12538,0.690494548,3009,0.165712083,40,0.002202886,656,0.036127327,0,0,4,0.000220289,595,0.032767926,1316,0.072474942
51580,5722,4595,0.803040895,754,0.131772108,0,0,64,0.0111849,0,0,0,0,173,0.030234184,136,0.023767913
51590,42507,17211,0.404898017,21218,0.499164843,30,0.000705766,588,0.013833016,6,0.000141153,59,0.001388007,1306,0.030724351,2089,0.049144847
51595,5680,1337,0.235387324,3426,0.603169014,0,0,44,0.007746479,0,0,0,0,607,0.106866197,266,0.046830986
51600,24242,12920,0.532959327,1423,0.058699777,30,0.001237522,4230,0.174490554,0,0,167,0.006888871,1075,0.044344526,4397,0.181379424
51610,14576,10053,0.68969539,669,0.045897366,0,0,1279,0.087746981,0,0,125,0.008575741,810,0.055570801,1640,0.112513721
51620,8194,3109,0.379423969,4212,0.51403466,0,0,276,0.033683183,0,0,0,0,328,0.04002929,269,0.032828899
51630,28258,16084,0.569183948,5838,0.206596362,50,0.00176941,1068,0.037794607,0,0,185,0.006546819,1725,0.06104466,3308,0.117064194
51640,6687,4725,0.706594886,339,0.050695379,16,0.002392702,25,0.003738597,24,0.003589053,15,0.002243158,164,0.024525198,1379,0.206221026
51650,137217,49909,0.363723154,65904,0.480290343,306,0.002230044,2862,0.020857474,93,0.000677759,1185,0.008635956,7930,0.057791673,9028,0.065793597
51660,51784,33029,0.637822493,3610,0.069712653,17,0.000328287,1625,0.031380349,0,0,358,0.006913332,2383,0.046018075,10762,0.207824811
51670,23046,9800,0.425236484,9648,0.418640979,5,0.000216957,219,0.009502734,0,0,26,0.001128178,1305,0.056625879,2043,0.088648789
51678,7346,5953,0.810372992,380,0.051728832,18,0.002450313,231,0.031445685,0,0,56,0.007623196,335,0.045603049,373,0.050775932
51680,79166,48408,0.611474623,21674,0.273779148,94,0.001187378,1701,0.021486497,151,0.001907384,644,0.008134805,2806,0.035444509,3688,0.046585655
51683,42620,16107,0.377921164,5552,0.13026748,46,0.001079305,2536,0.059502581,11,0.000258095,183,0.004293759,1658,0.038901924,16527,0.387775692
51685,17123,5148,0.300648251,2121,0.123868481,0,0,1890,0.110377854,0,0,15,0.000876015,774,0.045202359,7175,0.41902704
51690,13539,5774,0.426471674,5995,0.442794889,79,0.005834995,107,0.007903095,9,0.000664746,116,0.008567841,512,0.037816678,947,0.069946082
51700,185118,75608,0.408431379,75088,0.40562236,269,0.001453127,6318,0.034129582,159,0.000858912,1447,0.007816636,7939,0.042886159,18290,0.098801845
51710,236973,100101,0.422415212,94925,0.400573061,595,0.002510835,8913,0.03761188,354,0.001493841,697,0.002941263,10700,0.045152823,20688,0.087301085
51720,3668,3462,0.943838604,75,0.02044711,0,0,2,0.000545256,0,0,0,0,129,0.035169029,0,0
51730,33261,4949,0.148792881,25081,0.754066324,16,0.000481044,442,0.013288837,19,0.00057124,14,0.000420913,975,0.029313611,1765,0.053065151
51735,12479,11178,0.895744851,225,0.018030291,14,0.001121885,261,0.020915137,0,0,51,0.004086866,326,0.026123888,424,0.033977081
51740,97384,35463,0.36415633,49647,0.509806539,278,0.002854678,1335,0.013708617,29,0.00029779,487,0.005000821,5266,0.054074591,4879,0.050100633
51750,16379,13540,0.826668295,1441,0.087978509,6,0.000366323,373,0.022773063,0,0,35,0.002136883,453,0.027657366,531,0.032419562
51760,227171,95033,0.418332446,99372,0.437432595,262,0.001153316,4976,0.021904204,104,0.000457805,859,0.003781293,9259,0.040757843,17306,0.076180498
51770,99213,56565,0.570136978,28493,0.287190187,84,0.000846663,3199,0.032243758,98,0.000987774,380,0.003830143,3556,0.035842077,6838,0.068922419
51775,25372,21189,0.835133218,1980,0.078038783,28,0.001103579,450,0.017736087,31,0.001221819,210,0.008276841,527,0.020770929,957,0.037718745
51790,25581,20430,0.798639615,2590,0.101247019,24,0.000938196,364,0.014229311,156,0.006098276,18,0.000703647,1027,0.040146984,972,0.037996951
51800,94856,45202,0.47653285,38919,0.410295606,88,0.000927722,1720,0.018132749,0,0,453,0.00477566,3901,0.041125495,4573,0.048209918
51810,457900,274504,0.599484604,83534,0.182428478,550,0.001201136,31816,0.06948242,405,0.000884473,2140,0.004673509,24812,0.054186504,40139,0.087658877
51820,22341,16262,0.727899378,2133,0.095474688,30,0.001342823,380,0.017009086,0,0,0,0,1461,0.065395461,2075,0.092878564
51830,15486,10489,0.677321452,2348,0.151620819,0,0,1046,0.067544879,0,0,10,0.000645745,404,0.02608808,1189,0.076779026
51840,28103,17956,0.638935345,2746,0.097711988,59,0.00209942,589,0.020958617,0,0,206,0.007330178,1293,0.046009323,5254,0.186955129
53001,20557,6565,0.319355937,44,0.00214039,71,0.003453811,126,0.006129299,84,0.004086199,55,0.002675488,359,0.017463638,13253,0.644695238
53003,22370,19693,0.8803308,144,0.006437193,271,0.012114439,261,0.011667412,0,0,109,0.004872597,849,0.037952615,1043,0.046624944
53005,207560,139935,0.674190595,3299,0.015894199,975,0.004697437,6250,0.030111775,422,0.002033147,910,0.004384274,6945,0.033460204,48824,0.235228368
53007,79076,52514,0.664095301,355,0.004489352,489,0.006183924,635,0.008030249,32,0.000404674,235,0.002971825,2171,0.027454601,22645,0.286370074
53009,77333,62462,0.807701757,627,0.008107794,2861,0.036995849,1292,0.016706969,14,0.000181035,107,0.001383627,4417,0.057116626,5553,0.071806344
53011,504091,379970,0.753772632,9785,0.019411178,1915,0.003798917,23256,0.046134527,3734,0.007407393,2002,0.003971505,29253,0.058031189,54176,0.107472659
53013,3980,3252,0.817085427,36,0.009045226,16,0.004020101,2,0.000502513,0,0,5,0.001256281,344,0.086432161,325,0.081658291
53015,110621,89998,0.81357066,816,0.007376538,957,0.00865116,1339,0.012104392,296,0.002675803,542,0.004899612,5822,0.052630152,10851,0.098091682
53017,43189,26425,0.611845609,190,0.004399268,276,0.006390516,293,0.006784135,126,0.00291741,92,0.002130172,1387,0.032114659,14400,0.333418231
53019,7260,5191,0.715013774,15,0.002066116,1081,0.148898072,25,0.003443526,57,0.00785124,35,0.004820937,726,0.1,130,0.017906336
53021,96692,37302,0.385781657,1646,0.017023125,177,0.001830555,1720,0.017788442,181,0.001871923,648,0.006701692,2918,0.030178298,52100,0.538824308
53023,2310,2051,0.887878788,22,0.00952381,0,0,32,0.013852814,0,0,0,0,118,0.051082251,87,0.037662338
53025,99145,50543,0.509788693,1024,0.010328307,739,0.007453729,886,0.008936406,6,6.05E-05,66,0.000665692,3428,0.034575622,42453,0.428191033
53027,75672,58701,0.775729464,1060,0.014007823,2722,0.035971033,897,0.01185379,285,0.003766254,118,0.001559361,3703,0.048934877,8186,0.108177397
53029,86510,66968,0.77410704,2159,0.024956652,655,0.007571379,4004,0.046283667,325,0.003756791,276,0.003190383,4743,0.054826032,7380,0.085308057
53031,33006,28368,0.859480095,126,0.003817488,486,0.014724596,470,0.014239835,45,0.001363388,377,0.011422166,1777,0.053838696,1357,0.041113737
53033,2254371,1260271,0.559034427,144187,0.06395886,10019,0.004444255,435379,0.193126597,16415,0.00728141,11929,0.005291498,147298,0.065338846,228873,0.101524106
53035,275411,205584,0.74646256,6863,0.024919121,2363,0.008579904,12861,0.046697481,2625,0.00953121,1054,0.003827008,20591,0.074764625,23470,0.085218092
53037,44424,35810,0.806095804,357,0.008036197,169,0.00380425,611,0.013753827,146,0.003286512,411,0.009251756,2662,0.059922564,4258,0.095849091
53039,22798,18279,0.801780858,172,0.007544521,190,0.008334064,143,0.00627248,56,0.002456356,22,0.000964997,1053,0.046188262,2883,0.126458461
53041,82663,67101,0.81174165,429,0.005189746,502,0.00607285,844,0.01021013,163,0.001971862,299,0.003617096,4105,0.049659461,9220,0.111537205
53043,11036,9874,0.894708228,36,0.003262051,161,0.014588619,100,0.009061254,31,0.002808989,16,0.001449801,390,0.035338891,428,0.038782167
53045,66053,51109,0.773757437,666,0.010082812,1029,0.015578399,686,0.010385599,302,0.004572086,650,0.009840583,4303,0.065144657,7308,0.110638427
53047,42336,26540,0.626889645,571,0.013487339,3422,0.080829554,247,0.005834278,54,0.00127551,137,0.003236017,2145,0.0506661,9220,0.217781557
53049,23396,18618,0.795777056,105,0.004487947,476,0.020345358,407,0.017396136,39,0.001666952,205,0.008762182,1156,0.049410156,2390,0.102154214
53051,13570,11522,0.84907885,30,0.002210759,323,0.023802506,94,0.006927045,12,0.000884304,132,0.00972734,825,0.060795873,632,0.046573324
53053,918993,585585,0.637202895,62089,0.067561994,7502,0.008163283,59358,0.064590263,13803,0.015019701,4379,0.004764998,76785,0.083553411,109492,0.119143454
53055,18001,15716,0.873062608,79,0.004388645,77,0.00427754,226,0.012554858,42,0.002333204,14,0.000777735,617,0.034275874,1230,0.068329537
53057,129480,93322,0.720744517,882,0.006811863,1562,0.012063639,2636,0.020358357,195,0.001506024,648,0.005004634,5307,0.040987025,24928,0.192523942
53059,12118,9889,0.816058756,12,0.000990262,251,0.020712989,157,0.012955933,34,0.002805744,107,0.00882984,627,0.051741211,1041,0.085905265
53061,828337,542278,0.654658672,27984,0.033783351,5866,0.007081659,100939,0.121857408,3812,0.004601992,4255,0.005136798,51337,0.061975983,91866,0.110904137
53063,538711,444095,0.82436594,9880,0.018340075,4511,0.008373692,11725,0.021764917,3283,0.006094177,1666,0.003092567,28801,0.053462803,34750,0.06450583
53065,46774,39868,0.852353872,142,0.003035875,1974,0.042202933,324,0.006926925,100,0.00213794,296,0.006328302,2169,0.046371916,1901,0.040642237
53067,294272,211747,0.719562174,8810,0.029938288,2511,0.008532922,16648,0.05657351,2806,0.009535396,1385,0.00470653,21303,0.072392209,29062,0.098758971
53069,4476,3691,0.824620197,44,0.009830206,13,0.002904379,111,0.024798928,0,0,52,0.011617516,236,0.052725648,329,0.073503128
53071,62150,43543,0.700611424,1158,0.018632341,202,0.003250201,1081,0.017393403,117,0.001882542,86,0.001383749,2106,0.03388576,13857,0.222960579
53073,226523,173896,0.767674806,2011,0.008877686,4289,0.01893406,9957,0.043955801,539,0.002379449,789,0.00348309,12073,0.053297016,22969,0.101398092
53075,47141,35753,0.758426847,907,0.019240152,211,0.004475934,3764,0.07984557,40,0.000848518,494,0.010479201,2808,0.059565983,3164,0.067117796
53077,256143,104492,0.407944,2145,0.008374228,6515,0.025435011,2550,0.009955376,1082,0.004224203,617,0.002408811,7623,0.02976072,131119,0.511897651
54001,15527,14301,0.921040768,212,0.013653636,26,0.001674502,84,0.005409931,0,0,30,0.001932118,692,0.044567528,182,0.011721517
54003,123283,101291,0.821613686,8084,0.065572707,77,0.000624579,1281,0.010390727,18,0.000146006,687,0.005572544,5413,0.043907108,6432,0.052172643
54005,21705,21119,0.973001613,58,0.002672195,0,0,34,0.001566459,0,0,0,0,423,0.019488597,71,0.003271136
54007,12505,11155,0.892043183,131,0.01047581,33,0.002638944,11,0.000879648,0,0,0,0,1038,0.083006797,137,0.010955618
54009,22349,20998,0.939549868,334,0.01494474,19,0.00085015,122,0.005458857,3,0.000134234,0,0,640,0.028636628,233,0.010425522
54011,93965,84025,0.894215931,4022,0.042803171,119,0.001266429,1156,0.012302453,4,4.26E-05,138,0.001468632,3094,0.032927154,1407,0.01497366
54013,6279,6021,0.958910655,3,0.000477783,0,0,2,0.000318522,0,0,0,0,234,0.037267081,19,0.00302596
54015,8049,7804,0.969561436,5,0.000621195,5,0.000621195,0,0,0,0,0,0,227,0.028202261,8,0.000993912
54017,7847,7338,0.935134446,135,0.017204027,46,0.005862113,0,0,0,0,0,0,199,0.02536001,129,0.016439404
54019,40545,37296,0.919866815,1824,0.044987051,24,0.000591935,0,0,15,0.000369959,16,0.000394623,841,0.020742385,529,0.013047231
54021,7444,5823,0.782240731,1009,0.135545406,11,0.0014777,26,0.003492746,0,0,36,0.00483611,245,0.032912413,294,0.039494895
54023,11034,10548,0.955954323,159,0.014410005,0,0,29,0.00262824,26,0.002356353,2,0.000181258,222,0.02011963,48,0.00435019
54025,32995,30263,0.917199576,686,0.020791029,65,0.001969995,261,0.007910289,0,0,28,0.000848613,1017,0.030822852,675,0.020457645
54027,23275,21941,0.942685285,110,0.004726101,19,0.000816327,18,0.000773362,0,0,1,4.30E-05,815,0.035016112,371,0.01593985
54029,28907,26799,0.927076487,612,0.021171343,0,0,113,0.003909088,107,0.003701526,28,0.000968624,780,0.026983084,468,0.01618985
54031,14249,12734,0.893676749,631,0.044283809,0,0,0,0,2,0.000140361,18,0.001263247,194,0.013614991,670,0.047020844
54033,65862,61219,0.929504115,847,0.012860223,34,0.000516231,468,0.007105767,18,0.000273299,14,0.000212566,2074,0.031490085,1188,0.018037715
54035,27868,26842,0.96318358,42,0.001507105,55,0.00197359,106,0.003803646,0,0,0,0,511,0.018336443,312,0.011195637
54037,58043,47372,0.816153541,3167,0.054562996,1,1.72E-05,769,0.013248798,0,0,406,0.006994814,2581,0.044467033,3747,0.064555588
54039,179895,156088,0.867661692,11860,0.065927347,156,0.000867173,2113,0.011745741,180,0.001000584,216,0.0012007,7181,0.03991773,2101,0.011679035
54041,16920,15677,0.926536643,22,0.001300236,35,0.002068558,97,0.005732861,0,0,22,0.001300236,838,0.049527187,229,0.013534279
54043,20410,19727,0.966536012,21,0.001028907,20,0.000979912,72,0.003527683,12,0.000587947,0,0,305,0.014943655,253,0.012395884
54045,32350,30902,0.955239567,569,0.017588872,2,6.18E-05,109,0.003369397,0,0,0,0,424,0.013106646,344,0.010633694
54047,18911,15249,0.806356089,2667,0.141029031,31,0.001639258,29,0.001533499,0,0,3,0.000158638,546,0.028872085,386,0.020411401
54049,56194,51622,0.918639001,1618,0.02879311,52,0.000925366,217,0.003861622,1,1.78E-05,302,0.005374239,1595,0.028383813,787,0.014005054
54051,30509,28856,0.945819266,211,0.006915992,7,0.00022944,61,0.00199941,91,0.002982726,283,0.009275951,699,0.022911272,301,0.009865941
54053,25488,24417,0.957980226,78,0.003060264,0,0,101,0.003962649,0,0,110,0.004315756,456,0.017890772,326,0.012790333
54055,59530,53087,0.891768856,3452,0.057987569,87,0.001461448,160,0.00268772,0,0,109,0.00183101,1864,0.031311944,771,0.012951453
54057,26957,25015,0.927959343,655,0.024297956,1,3.71E-05,22,0.000816115,29,0.001075787,112,0.004154765,837,0.031049449,286,0.010609489
54059,23466,22417,0.955297025,584,0.024887071,0,0,30,0.001278445,0,0,0,0,371,0.015810108,64,0.00272735
54061,105988,92393,0.871730762,3644,0.034381251,19,0.000179266,3583,0.033805714,1,9.44E-06,751,0.007085708,3184,0.030041137,2413,0.022766728
54063,12438,11732,0.943238463,85,0.006833896,0,0,0,0,0,0,0,0,377,0.030310339,244,0.019617302
54065,17237,16170,0.938098277,27,0.001566398,121,0.007019783,87,0.005047282,0,0,108,0.006265591,393,0.022799791,331,0.019202878
54067,24624,23797,0.96641488,14,0.000568551,15,0.000609162,58,0.002355426,0,0,0,0,497,0.020183561,243,0.009868421
54069,42224,38443,0.91045377,1370,0.032446002,45,0.001065745,243,0.005755021,0,0,87,0.00206044,1496,0.035430087,540,0.012788935
54071,6156,5811,0.943957115,205,0.033300845,18,0.002923977,16,0.00259909,0,0,0,0,16,0.00259909,90,0.014619883
54073,7622,7271,0.953949095,54,0.007084755,22,0.002886382,0,0,0,0,0,0,75,0.009839937,200,0.026239832
54075,7940,7520,0.947103275,37,0.00465995,0,0,39,0.004911839,0,0,21,0.002644836,264,0.03324937,59,0.00743073
54077,34206,30322,0.886452669,2056,0.060106414,83,0.002426475,115,0.003361983,2,5.85E-05,16,0.000467754,815,0.023826229,797,0.023300006
54079,57347,54151,0.944269099,473,0.008248034,4,6.98E-05,400,0.006975082,31,0.000540569,166,0.002894659,1385,0.02415122,737,0.012851588
54081,74303,64828,0.872481596,5246,0.070602802,4,5.38E-05,542,0.007294456,3,4.04E-05,142,0.001911094,2327,0.031317713,1211,0.016298131
54083,28005,25527,0.911515801,455,0.016247099,26,0.000928406,107,0.003820746,0,0,0,0,1614,0.057632566,276,0.009855383
54085,8507,8226,0.966968379,32,0.003761608,0,0,56,0.006582814,0,0,1,0.00011755,166,0.019513342,26,0.003056307
54087,14027,13382,0.954017252,12,0.000855493,15,0.001069366,74,0.00527554,0,0,22,0.001568404,363,0.025878663,159,0.011335282
54089,11985,10963,0.914726742,565,0.047142261,17,0.00141844,0,0,0,0,10,0.000834376,150,0.012515645,280,0.023362537
54091,16602,15848,0.954583785,190,0.011444404,28,0.001686544,13,0.000783038,0,0,0,0,362,0.021804602,161,0.009697627
54093,6747,6554,0.971394694,4,0.000592856,0,0,10,0.00148214,0,0,15,0.00222321,155,0.022973173,9,0.001333926
54095,8336,8040,0.964491363,61,0.007317658,1,0.000119962,0,0,0,0,0,0,97,0.011636276,137,0.016434741
54097,23875,22421,0.939099476,333,0.013947644,16,0.000670157,91,0.003811518,6,0.000251309,4,0.000167539,669,0.028020942,335,0.014031414
54099,38933,37420,0.961138366,343,0.008810007,0,0,24,0.000616444,0,0,18,0.000462333,839,0.021549842,289,0.007423009
54101,8362,7779,0.930279837,22,0.00263095,0,0,0,0,0,0,0,0,508,0.060751017,53,0.006338197
54103,14431,13812,0.95710623,11,0.000762248,0,0,11,0.000762248,0,0,63,0.004365602,373,0.025847135,161,0.011156538
54105,5202,5016,0.964244521,62,0.011918493,0,0,9,0.001730104,0,0,0,0,115,0.022106882,0,0
54107,84272,79525,0.943670496,1019,0.012091798,106,0.001257832,491,0.005826372,82,0.00097304,19,0.00022546,1821,0.021608601,1209,0.014346402
54109,21237,20519,0.966191082,109,0.005132552,0,0,0,0,0,0,0,0,427,0.020106418,182,0.008569949
55001,20730,18319,0.883695128,507,0.024457308,123,0.00593343,138,0.006657019,7,0.000337675,118,0.005692233,587,0.02831645,931,0.044910757
55003,16041,13067,0.814600087,248,0.015460383,1449,0.090331027,116,0.007231469,7,0.000436382,13,0.000810423,617,0.038463936,524,0.032666293
55005,46683,42806,0.916950496,814,0.017436754,208,0.004455583,270,0.00578369,0,0,110,0.002356318,1095,0.023456076,1380,0.029561082
55007,16214,13562,0.836437646,127,0.007832737,1277,0.078759097,80,0.004934008,0,0,21,0.001295177,757,0.046688047,390,0.024053287
55009,268393,211792,0.789111489,6872,0.025604245,4652,0.017332792,8315,0.030980689,58,0.000216101,867,0.003230338,10474,0.039024863,25363,0.094499484
55011,13329,12608,0.94590742,43,0.003226048,7,0.000525171,4,0.000300098,0,0,4,0.000300098,321,0.024082827,342,0.025658339
55013,16561,14906,0.900066421,114,0.006883642,508,0.030674476,95,0.005736369,19,0.001147274,16,0.000966125,554,0.033452086,349,0.021073607
55015,52361,46855,0.8948454,509,0.009720976,155,0.002960218,1254,0.023949122,1,1.91E-05,160,0.003055709,968,0.018487042,2459,0.046962434
55017,66254,61518,0.928517523,1011,0.015259456,181,0.002731911,940,0.014187823,1,1.51E-05,43,0.000649017,1303,0.019666737,1257,0.018972439
55019,34703,31791,0.916087946,84,0.00242054,60,0.001728957,128,0.003688442,0,0,67,0.001930669,647,0.018643921,1926,0.055499525
55021,58272,53150,0.912101867,890,0.015273202,192,0.003294893,511,0.00876922,0,0,54,0.000926689,1221,0.02095346,2254,0.03868067
55023,16123,15026,0.931960553,289,0.017924704,29,0.001798673,22,0.00136451,13,0.000806302,11,0.000682255,437,0.027104137,296,0.018358866
55025,559891,435633,0.778067517,27860,0.049759685,891,0.001591381,33044,0.05901863,165,0.0002947,1649,0.002945216,22653,0.040459661,37996,0.067863209
55027,89032,79178,0.889320694,2244,0.025204421,163,0.001830802,466,0.005234073,47,0.0005279,71,0.000797466,1959,0.022003325,4904,0.055081319
55029,30038,27906,0.929023237,119,0.003961649,211,0.007024436,85,0.002829749,0,0,8,0.000266329,601,0.02000799,1108,0.03688661
55031,44092,39921,0.905402341,555,0.012587317,523,0.011861562,544,0.012337839,0,0,88,0.001995827,1661,0.037671233,800,0.018143881
55033,45221,41463,0.916897017,141,0.00311802,97,0.002145021,1713,0.037880631,23,0.000508613,49,0.001083567,761,0.016828465,974,0.021538666
55035,105697,93545,0.885029849,1192,0.01127752,278,0.00263016,4334,0.041004002,45,0.000425745,165,0.001561066,3197,0.030246838,2941,0.02782482
55037,4574,4365,0.954306952,20,0.00437254,29,0.006340184,0,0,0,0,0,0,140,0.030607783,20,0.00437254
55039,104027,91316,0.877810568,1636,0.015726686,142,0.00136503,1620,0.01557288,88,0.000845934,488,0.00469109,2731,0.0262528,6006,0.057735011
55041,9239,7238,0.783418119,28,0.003030631,1116,0.120792294,18,0.001948263,0,0,44,0.00476242,561,0.060720857,234,0.025327416
55043,51842,48721,0.939797847,856,0.016511709,40,0.000771575,465,0.008969561,2,3.86E-05,81,0.00156244,649,0.012518807,1028,0.019829482
55045,37066,34621,0.934036583,217,0.005854422,24,0.000647494,101,0.002724869,0,0,16,0.000431662,814,0.021960827,1273,0.034344143
55047,19093,17407,0.911695386,167,0.008746661,41,0.002147384,125,0.006546902,21,0.00109988,21,0.00109988,273,0.014298434,1038,0.054365474
55049,23766,22172,0.932929395,198,0.008331229,26,0.001094,184,0.007742153,0,0,58,0.002440461,624,0.026255996,504,0.021206766
55051,6136,5792,0.943937419,4,0.00065189,77,0.012548892,23,0.00374837,0,0,0,0,144,0.023468057,96,0.015645372
55053,20958,17940,0.85599771,343,0.016366065,979,0.046712473,116,0.005534879,12,0.000572574,66,0.003149155,722,0.034449852,780,0.037217292
55055,85932,76161,0.886293814,748,0.008704557,76,0.00088442,422,0.00491086,25,0.000290928,79,0.000919332,1990,0.023157846,6431,0.074838244
55057,26695,23602,0.884135606,655,0.02453643,214,0.008016482,152,0.00569395,2,7.49E-05,40,0.001498408,1141,0.042742087,889,0.033302117
55059,168693,123834,0.734079067,10750,0.063725229,327,0.001938433,3025,0.017931983,85,0.000503874,716,0.004244397,6313,0.037423011,23643,0.140154008
55061,20570,19241,0.935391347,97,0.004715605,41,0.001993194,75,0.003646087,0,0,45,0.002187652,376,0.018279047,695,0.033787069
55063,120216,106370,0.884823983,1808,0.015039595,268,0.002229321,5350,0.044503228,61,0.00050742,180,0.001497305,3509,0.029189126,2670,0.022210022
55065,16716,15544,0.929887533,80,0.004785834,29,0.001734865,92,0.005503709,0,0,39,0.002333094,200,0.011964585,732,0.04379038
55067,19512,18118,0.928556786,71,0.003638786,203,0.010403854,32,0.001640016,2,0.000102501,41,0.002101271,596,0.030545305,449,0.02301148
55069,28402,26659,0.938631082,177,0.006231955,47,0.001654813,96,0.003380044,7,0.000246462,161,0.005668615,685,0.02411802,570,0.020069009
55071,81242,72228,0.889047537,826,0.010167155,266,0.003274169,2052,0.025257872,119,0.00146476,68,0.000837005,1880,0.02314074,3803,0.046810763
55073,137820,120500,0.874328835,755,0.00547816,133,0.000965027,7662,0.055594253,51,0.000370048,328,0.002379916,4144,0.030068205,4247,0.030815557
55075,41827,39542,0.945370215,189,0.004518612,112,0.002677696,141,0.003371028,2,4.78E-05,9,0.000215172,913,0.021828006,919,0.021971454
55077,15619,14435,0.924194891,74,0.004737819,40,0.002560983,86,0.005506114,0,0,34,0.002176836,350,0.022408605,600,0.038414751
55078,4279,467,0.109137649,8,0.001869596,3269,0.763963543,6,0.001402197,0,0,5,0.001168497,166,0.038794111,358,0.083664408
55079,933063,459984,0.492982789,239626,0.256816528,3386,0.003628908,42762,0.045829703,239,0.000256146,3096,0.003318104,33959,0.036395184,150011,0.160772638
55081,46208,41153,0.890603359,673,0.014564578,358,0.007747576,331,0.007163262,0,0,65,0.001406683,1260,0.027268006,2368,0.051246537
55083,39048,36690,0.939612784,94,0.002407294,313,0.008015775,146,0.003738988,0,0,39,0.000998771,954,0.024431469,812,0.020794919
55085,37799,35502,0.939231197,133,0.003518612,443,0.011719887,137,0.003624435,5,0.000132279,233,0.006164184,699,0.018492553,647,0.017116855
55087,190611,164217,0.861529502,2562,0.013440987,2195,0.0115156,6405,0.033602468,108,0.000566599,240,0.001259109,5889,0.030895384,8995,0.047190351
55089,91745,82721,0.901640416,1255,0.01367922,124,0.001351572,1977,0.021548858,21,0.000228895,114,0.001242575,2447,0.026671753,3086,0.03363671
55091,7363,7004,0.9512427,21,0.002852098,10,0.001358142,34,0.004617683,2,0.000271628,35,0.004753497,87,0.011815836,170,0.023088415
55093,42187,38948,0.923222794,209,0.004954133,111,0.002631142,468,0.011093465,10,0.00023704,60,0.001422239,1318,0.031241852,1063,0.025197336
55095,45128,42481,0.94134462,176,0.003900018,202,0.004476157,173,0.00383354,13,0.000288069,114,0.002526148,1081,0.023954086,888,0.019677362
55097,70281,63287,0.900485195,619,0.008807501,103,0.001465545,2041,0.029040566,6,8.54E-05,150,0.002134289,1527,0.021727067,2548,0.036254464
55099,14066,13140,0.934167496,24,0.001706242,66,0.004692166,77,0.005474193,104,0.007393715,24,0.001706242,335,0.023816295,296,0.021043651
55101,197068,137829,0.699398177,21090,0.107018897,313,0.001588284,2466,0.012513447,168,0.000852498,610,0.003095378,6114,0.031024824,28478,0.144508495
55103,17256,16054,0.930343069,124,0.007185906,11,0.000637459,154,0.008924432,0,0,113,0.006548447,322,0.018660176,478,0.02770051
55105,163817,132758,0.810404293,7485,0.045691229,241,0.001471154,1872,0.011427385,10,6.10E-05,370,0.002258618,5561,0.033946416,15520,0.094739862
55107,14179,13322,0.939558502,104,0.007334791,25,0.001763171,38,0.00268002,19,0.00134001,19,0.00134001,352,0.024825446,300,0.021158051
55109,93752,86791,0.925750917,614,0.006549194,92,0.000981312,877,0.009354467,6,6.40E-05,106,0.001130643,2791,0.029770032,2475,0.026399437
55111,65664,58444,0.890046296,513,0.0078125,525,0.007995249,283,0.00430982,0,0,86,0.001309698,2016,0.030701754,3797,0.057824683
55113,18057,13812,0.764911115,115,0.006368721,2630,0.145649886,100,0.005538018,6,0.000332281,56,0.00310129,832,0.046076314,506,0.028022374
55115,40848,34955,0.855733451,212,0.005189973,2526,0.061839013,216,0.005287897,0,0,100,0.0024481,1556,0.03809244,1283,0.031409127
55117,117741,97055,0.824309289,2261,0.019203166,226,0.001919467,7039,0.059783763,3,2.55E-05,216,0.001834535,2789,0.023687585,8152,0.069236714
55119,19979,18933,0.947645027,38,0.001901997,24,0.001201261,63,0.003153311,20,0.001001051,101,0.005055308,311,0.015566345,489,0.024475699
55121,30679,27023,0.880830536,129,0.004204831,72,0.002346882,118,0.003846279,0,0,40,0.001303823,460,0.01499397,2837,0.092473679
55123,30811,29238,0.948946805,66,0.002142092,23,0.000746487,75,0.002434196,14,0.000454383,77,0.002499107,791,0.025672649,527,0.017104281
55125,23146,19643,0.848656355,107,0.004622829,1991,0.086019183,84,0.003629137,0,0,16,0.000691264,698,0.030156399,607,0.026224834
55127,105127,88883,0.845482131,821,0.007809602,156,0.001483919,890,0.008465951,6,5.71E-05,180,0.001712215,2253,0.021431221,11938,0.113557887
55129,16685,15559,0.932514234,33,0.001977824,170,0.010188792,103,0.006173209,20,0.001198681,32,0.00191789,445,0.026670662,323,0.019358705
55131,136842,125172,0.914719165,1766,0.012905395,182,0.001330001,1954,0.014279242,18,0.000131539,286,0.002090002,2776,0.020286169,4688,0.034258488
55133,407290,352772,0.866144516,6342,0.015571215,392,0.000962459,15724,0.038606398,117,0.000287265,1456,0.003574848,9558,0.023467308,20929,0.05138599
55135,51822,48388,0.933734707,355,0.006850372,150,0.002894524,225,0.004341785,0,0,58,0.001119216,873,0.016846127,1773,0.034213268
55137,24672,21882,0.886916342,469,0.019009403,78,0.003161479,97,0.003931582,0,0,51,0.002067121,497,0.020144293,1598,0.06476978
55139,171197,148398,0.866825937,4283,0.025017962,537,0.003136737,5252,0.030678108,120,0.000700947,385,0.002248871,4522,0.026414014,7700,0.044977424
55141,74138,67610,0.911947989,505,0.006811622,191,0.002576277,1429,0.019274866,4,5.40E-05,100,0.001348836,1784,0.024063233,2515,0.033923224
56001,37525,30382,0.809646902,314,0.008367755,143,0.003810793,1389,0.037015323,50,0.001332445,22,0.000586276,1506,0.040133245,3719,0.099107262
56003,11690,10065,0.860992301,52,0.004448246,50,0.00427716,80,0.006843456,30,0.002566296,27,0.002309666,254,0.021727973,1132,0.096834902
56005,46857,40339,0.860895917,178,0.003798792,457,0.009753079,34,0.000725612,15,0.000320123,21,0.000448172,1666,0.035554986,4147,0.088503319
56007,14609,11133,0.762064481,205,0.014032446,194,0.013279485,75,0.005133822,0,0,9,0.000616059,267,0.018276405,2726,0.186597303
56009,13729,12099,0.881273217,32,0.002330833,10,0.000728385,19,0.001383932,0,0,0,0,407,0.029645276,1162,0.084638357
56011,7258,6719,0.925737118,0,0,19,0.002617801,34,0.004684486,0,0,13,0.001791127,267,0.036786994,206,0.028382475
56013,39402,27163,0.68938125,216,0.005481955,7127,0.180879143,180,0.004568296,28,0.000710624,70,0.00177656,1557,0.039515761,3061,0.077686412
56015,12592,10612,0.842757306,58,0.004606099,157,0.012468234,80,0.00635324,30,0.002382465,40,0.00317662,205,0.016280178,1410,0.111975858
56017,4616,4120,0.89254766,0,0,99,0.02144714,6,0.001299827,0,0,41,0.008882149,160,0.034662045,190,0.041161179
56019,8536,7583,0.888355201,16,0.001874414,187,0.021907216,57,0.006677601,0,0,59,0.006911903,165,0.019329897,469,0.054943768
56021,100316,77215,0.769717692,2094,0.020874038,582,0.005801667,1037,0.010337334,115,0.001146377,777,0.007745524,2936,0.029267515,15560,0.155109853
56023,19794,18098,0.91431747,11,0.000555724,61,0.003081742,57,0.002879661,0,0,37,0.001869253,532,0.026876831,998,0.050419319
56025,79506,67904,0.854073906,308,0.003873921,659,0.008288683,411,0.005169421,110,0.001383543,318,0.003999698,2533,0.031859231,7263,0.091351596
56027,2460,2198,0.893495935,4,0.001626016,55,0.022357724,0,0,29,0.011788618,0,0,51,0.020731707,123,0.05
56029,29878,26383,0.883024299,169,0.005656336,62,0.002075105,81,0.002711025,0,0,393,0.013153491,993,0.033235156,1797,0.060144588
56031,8618,7352,0.853098167,47,0.005453702,6,0.000696217,0,0,42,0.004873521,10,0.001160362,434,0.050359712,727,0.08435832
56033,31176,28235,0.905664614,88,0.002822684,365,0.011707724,317,0.010168078,0,0,106,0.003400051,593,0.019021042,1472,0.047215807
56035,8801,7971,0.905692535,2,0.000227247,0,0,0,0,0,0,42,0.004772185,169,0.019202363,617,0.07010567
56037,42079,32751,0.778321728,492,0.011692293,374,0.008888044,311,0.00739086,23,0.000546591,381,0.009054398,927,0.022029991,6820,0.162076095
56039,23346,18598,0.796624689,146,0.006253748,29,0.001242183,302,0.012935835,14,0.000599674,170,0.007281761,539,0.023087467,3548,0.151974642
56041,20546,17826,0.867614134,49,0.002384892,19,0.000924754,33,0.001606152,0,0,0,0,594,0.028910737,2025,0.09855933
56043,7725,6301,0.81566343,1,0.00012945,23,0.002977346,32,0.004142395,0,0,20,0.002588997,245,0.03171521,1103,0.142783172
56045,6870,5874,0.855021834,6,0.000873362,104,0.015138282,16,0.002328967,48,0.0069869,8,0.001164483,571,0.083114993,243,0.035371179
72001,17972,71,0.00395059,0,0,0,0,0,0,0,0,0,0,0,0,17901,0.99604941
72003,37998,1646,0.043318069,1,2.63E-05,47,0.001236907,18,0.000473709,0,0,81,0.002131691,241,0.006342439,35964,0.946470867
72005,54752,700,0.012784921,30,0.000547925,0,0,28,0.000511397,0,0,45,0.000821888,147,0.002684833,53802,0.982649036
72007,24136,78,0.003231687,27,0.001118661,0,0,0,0,0,0,0,0,50,0.002071594,23981,0.993578058
72009,24555,40,0.001628996,0,0,0,0,0,0,0,0,0,0,0,0,24515,0.998371004
72011,25497,761,0.029846649,122,0.004784877,0,0,0,0,0,0,41,0.001608032,21,0.000823626,24552,0.962936816
72013,87217,356,0.004081773,65,0.000745268,0,0,2,2.29E-05,0,0,150,0.001719848,0,0,86644,0.99343018
72015,15797,54,0.003418371,0,0,0,0,0,0,0,0,0,0,44,0.002785339,15699,0.99379629
72017,22604,70,0.003096797,0,0,0,0,0,0,0,0,49,0.002167758,49,0.002167758,22436,0.992567687
72019,28899,27,0.000934288,8,0.000276826,0,0,0,0,0,0,0,0,0,0,28864,0.998788885
72021,184326,1088,0.005902586,339,0.001839133,0,0,268,0.001453946,0,0,180,0.000976531,264,0.001432245,182187,0.98839556
72023,46983,248,0.005278505,25,0.000532107,0,0,89,0.001894302,0,0,8,0.000170274,82,0.001745312,46531,0.990379499
72025,126772,1764,0.013914745,213,0.001680182,0,0,28,0.000220869,0,0,414,0.003265705,39,0.000307639,124314,0.98061086
72027,32733,210,0.006415544,2,6.11E-05,0,0,0,0,0,0,62,0.001894113,0,0,32459,0.991629243
72029,42218,37,0.000876403,17,0.000402672,0,0,0,0,0,0,0,0,0,0,42164,0.998720925
72031,154126,1158,0.007513333,158,0.001025135,0,0,203,0.001317104,0,0,208,0.001349545,183,0.00118734,152216,0.987607542
72033,23060,193,0.008369471,70,0.003035559,0,0,0,0,0,0,0,0,16,0.000693842,22781,0.987901127
72035,41509,30,0.000722735,16,0.000385459,0,0,71,0.001710472,0,0,0,0,27,0.000650461,41365,0.996530873
72037,11256,122,0.010838664,14,0.001243781,0,0,54,0.004797441,0,0,0,0,0,0,11066,0.983120114
72039,16924,102,0.006026944,0,0,0,0,0,0,0,0,0,0,0,0,16822,0.993973056
72041,39831,80,0.002008486,104,0.002611032,0,0,0,0,0,0,8,0.000200849,0,0,39639,0.995179634
72043,34557,104,0.003009521,13,0.00037619,0,0,0,0,0,0,0,0,0,0,34440,0.996614289
72045,18817,25,0.001328586,0,0,0,0,0,0,0,0,0,0,0,0,18792,0.998671414
72047,34459,91,0.00264082,0,0,0,0,0,0,0,0,0,0,0,0,34368,0.99735918
72049,1186,43,0.036256324,0,0,0,0,9,0.007588533,0,0,0,0,23,0.019392917,1111,0.936762226
72051,35786,906,0.025317163,18,0.00050299,0,0,0,0,0,0,0,0,14,0.000391214,34848,0.973788632
72053,31984,128,0.004002001,15,0.000468984,0,0,18,0.000562781,0,0,0,0,15,0.000468984,31808,0.994497249
72054,11641,51,0.004381067,0,0,0,0,0,0,0,0,0,0,0,0,11590,0.995618933
72055,13682,29,0.002119573,0,0,0,0,4,0.000292355,0,0,87,0.006358719,13,0.000950153,13549,0.990279199
72057,36365,103,0.002832394,25,0.000687474,0,0,0,0,0,0,34,0.000934965,42,0.001154957,36161,0.99439021
72059,17670,37,0.002093945,0,0,0,0,18,0.001018676,0,0,1,5.66E-05,0,0,17614,0.996830787
72061,89554,981,0.010954285,168,0.001875963,0,0,150,0.001674967,0,0,35,0.000390826,36,0.000401992,88184,0.984701968
72063,40517,740,0.018263939,315,0.007774514,0,0,30,0.00074043,0,0,381,0.00940346,68,0.001678308,38983,0.962139349
72065,38330,104,0.002713279,33,0.000860944,0,0,0,0,0,0,40,0.001043569,0,0,38153,0.995382207
72067,15571,120,0.007706634,62,0.003981761,0,0,0,0,0,0,31,0.00199088,0,0,15358,0.986320724
72069,50729,225,0.004435333,0,0,0,0,216,0.00425792,0,0,165,0.003252577,0,0,50123,0.98805417
72071,42817,363,0.008477941,103,0.002405587,39,0.000910853,35,0.000817432,0,0,118,0.002755915,240,0.00560525,41919,0.979027022
72073,14726,251,0.017044683,0,0,0,0,0,0,0,0,0,0,0,0,14475,0.982955317
72075,46333,81,0.001748214,4,8.63E-05,0,0,1,2.16E-05,0,0,0,0,0,0,46247,0.998143872
72077,36928,79,0.002139298,0,0,0,0,0,0,0,0,116,0.003141248,0,0,36733,0.994719454
72079,23202,313,0.013490216,0,0,0,0,0,0,0,0,200,0.008619947,0,0,22689,0.977889837
72081,27990,102,0.003644159,26,0.000928903,0,0,0,0,0,0,97,0.003465523,0,0,27765,0.991961415
72083,8826,0,0,0,0,0,0,0,0,0,0,37,0.00419216,0,0,8789,0.99580784
72085,35099,12,0.00034189,42,0.001196615,0,0,31,0.000883216,0,0,0,0,20,0.000569817,34994,0.997008462
72087,23580,23,0.000975403,32,0.001357082,0,0,0,0,0,0,0,0,0,0,23525,0.997667515
72089,17716,71,0.004007677,25,0.001411154,0,0,0,0,0,0,13,0.0007338,0,0,17607,0.99384737
72091,39310,543,0.013813279,0,0,0,0,15,0.000381582,0,0,187,0.004757059,309,0.007860595,38256,0.973187484
72093,5354,38,0.007097497,0,0,0,0,0,0,0,0,0,0,0,0,5316,0.992902503
72095,10563,38,0.003597463,0,0,0,0,0,0,0,0,0,0,0,0,10525,0.996402537
72097,72721,451,0.006201785,73,0.001003837,0,0,10,0.000137512,0,0,54,0.000742564,20,0.000275024,72113,0.991639279
72099,37363,134,0.003586436,58,0.001552338,0,0,0,0,0,0,0,0,45,0.0012044,37126,0.993656826
72101,28659,90,0.003140375,18,0.000628075,0,0,0,0,0,0,0,0,0,0,28551,0.99623155
72103,23340,130,0.005569837,103,0.004413025,0,0,0,0,0,0,0,0,0,0,23107,0.990017138
72105,29153,1,3.43E-05,0,0,0,0,1,3.43E-05,0,0,9,0.000308716,0,0,29142,0.99962268
72107,21378,112,0.005239031,34,0.00159042,0,0,0,0,0,0,0,0,0,0,21232,0.993170549
72109,15927,0,0,0,0,0,0,0,0,0,0,0,0,0,0,15927,1
72111,20298,82,0.004039807,64,0.00315302,0,0,0,0,0,0,0,0,0,0,20152,0.992807173
72113,136542,567,0.004152568,218,0.001596578,0,0,39,0.000285626,0,0,67,0.000490692,62,0.000454073,135589,0.993020463
72115,23540,259,0.011002549,22,0.000934579,0,0,0,0,0,0,48,0.002039082,19,0.000807137,23192,0.985216653
72117,15164,797,0.052558692,19,0.001252968,0,0,0,0,0,0,0,0,125,0.008243208,14223,0.937945133
72119,46838,200,0.004270037,48,0.001024809,0,0,91,0.001942867,0,0,31,0.000661856,0,0,46468,0.992100431
72121,22639,155,0.006846592,1,4.42E-05,0,0,11,0.000485887,0,0,15,0.000662573,0,0,22457,0.991960776
72123,25688,34,0.001323575,110,0.004282155,0,0,0,0,0,0,0,0,32,0.001245718,25512,0.993148552
72125,31680,269,0.008491162,12,0.000378788,0,0,8,0.000252525,0,0,19,0.000599747,0,0,31372,0.990277778
72127,340903,4829,0.01416532,629,0.0018451,0,0,845,0.002478711,0,0,503,0.001475493,276,0.000809614,333821,0.979225762
72129,37552,4,0.000106519,16,0.000426076,0,0,112,0.002982531,0,0,0,0,0,0,37420,0.996484874
72131,39183,1221,0.031161473,0,0,0,0,21,0.000535947,0,0,199,0.005078733,208,0.005308425,37534,0.957915423
72133,20207,29,0.001435146,39,0.001930024,0,0,28,0.001385658,0,0,0,0,0,0,20111,0.995249171
72135,66699,389,0.005832171,117,0.001754149,0,0,42,0.000629695,0,0,45,0.000674673,0,0,66106,0.991109312
72137,74854,575,0.00768162,62,0.000828279,26,0.000347343,0,0,0,0,0,0,19,0.000253827,74172,0.99088893
72139,67497,336,0.004977999,77,0.001140791,0,0,0,0,0,0,26,0.000385202,7,0.000103708,67051,0.993392299
72141,28155,391,0.013887409,17,0.0006038,0,0,20,0.000710353,0,0,127,0.004510744,0,0,27600,0.980287693
72143,35279,147,0.004166785,128,0.003628221,0,0,0,0,0,0,24,0.000680291,14,0.000396837,34966,0.991127866
72145,54182,968,0.017865712,8,0.000147651,0,0,0,0,0,0,183,0.003377505,0,0,53023,0.978609132
72147,8199,313,0.038175387,48,0.005854372,0,0,0,0,0,0,0,0,94,0.011464813,7744,0.944505427
72149,21984,63,0.002865721,7,0.000318413,0,0,0,0,0,0,9,0.000409389,0,0,21905,0.996406477
72151,30313,51,0.001682446,0,0,0,0,10,0.000329891,0,0,0,0,0,0,30252,0.997987662
72153,33988,157,0.004619277,23,0.000676709,0,0,0,0,0,0,113,0.003324703,60,0.001765329,33635,0.989613981