county_fips,county_population22,county_age22,county_income22,county_bachelor22,county_hs22
1001,58761,39,68315,0.295585747,0.90402608
1003,233420,43.7,71039,0.325615787,0.9159931
1005,24877,40.6,39712,0.118811881,0.76492221
1007,22251,40.3,50669,0.109199372,0.78863422
1009,59077,40.8,57440,0.147414068,0.81755151
1011,10328,39.2,36136,0.093767468,0.73378983
1013,18981,41.6,44429,0.130483944,0.87592341
1015,116162,39.2,54339,0.191534378,0.85071772
1017,34612,42.2,48805,0.127337489,0.8345746
1019,25069,46.8,46621,0.145926686,0.81925174
1021,45140,39.9,62471,0.139730145,0.82162109
1023,12669,46.7,43299,0.130468405,0.82390632
1025,23058,42.7,47549,0.137683422,0.81392445
1027,14209,43.9,48074,0.127623595,0.83338307
1029,15144,42.2,51553,0.16491063,0.82549389
1031,53559,39.2,62199,0.21607944,0.86620527
1033,57270,42,56149,0.180433452,0.8638178
1035,11576,46.2,39888,0.133142448,0.8942973
1037,10329,50.2,52279,0.106348615,0.83488632
1039,37542,42.9,48772,0.163080879,0.85756418
1041,13205,42.3,48557,0.171950153,0.82072584
1043,88284,41.4,58119,0.182964889,0.84613134
1045,49455,37.7,52813,0.191616944,0.85662125
1047,38326,40.4,37180,0.156942734,0.85310191
1049,71680,39.6,47920,0.141490131,0.77726568
1051,87694,38.9,73258,0.241604692,0.88546342
1053,36755,40.5,41153,0.125564589,0.82266997
1055,103348,41.9,52177,0.177198652,0.86118407
1057,16297,43.7,45650,0.130031502,0.83741687
1059,32011,39.3,47359,0.148283453,0.80099293
1061,26647,43.6,47608,0.139131809,0.83400063
1063,7706,41.1,32796,0.16718664,0.81886585
1065,14742,40.5,35851,0.163727455,0.80571142
1067,17282,44.6,58395,0.209617069,0.81530133
1069,107040,40.4,55064,0.224602327,0.87615045
1071,52618,43,46748,0.161885625,0.82034741
1073,672265,37.9,63595,0.355714942,0.91063392
1075,13885,44.2,49565,0.102385284,0.82069941
1077,94329,40.8,56081,0.258255375,0.88787869
1079,33116,42.7,54786,0.157807309,0.82664622
1081,175126,33,59288,0.401628628,0.91712114
1083,104199,40.2,80146,0.29530431,0.873267
1085,10153,41.7,33125,0.16318408,0.83326226
1087,19198,37.8,41206,0.205555556,0.82718855
1089,389781,38.5,78058,0.450855764,0.92224612
1091,19180,41.7,42975,0.219589136,0.89105178
1093,29203,44,49743,0.118306471,0.8062064
1095,97923,38.8,58272,0.214216478,0.8436649
1097,413878,38.2,55352,0.242081982,0.88133692
1099,19816,43.7,39965,0.135113446,0.83694463
1101,228132,36.9,56707,0.336775795,0.87967671
1103,123102,40.6,61588,0.238471145,0.85231048
1105,8479,41.8,32332,0.152239368,0.79582236
1107,18925,42.9,45339,0.145085344,0.84947028
1109,32997,31.1,42616,0.277115335,0.87898985
1111,22179,44.1,49879,0.188036378,0.82016139
1113,58849,37.2,47420,0.163640012,0.85191131
1115,91719,41,73218,0.193279916,0.87286704
1117,223916,40,90618,0.45603827,0.93792834
1119,12196,35.8,31726,0.21756867,0.88808812
1121,81105,42.1,52457,0.166027941,0.83212556
1123,41251,45.2,53282,0.181513685,0.81879081
1125,231558,32.8,61645,0.308765207,0.90640255
1127,64978,41.8,52987,0.152889733,0.82666019
1129,15434,43.7,51184,0.142190476,0.88266667
1131,10441,41.1,38208,0.116140897,0.77705475
1133,23655,45.4,49494,0.138251559,0.80038828
2013,3407,41.6,79961,0.169345794,0.81009346
2016,5219,39.2,100662,0.154364154,0.8953639
2020,290674,34.5,95731,0.370343043,0.94179388
2050,18538,28.7,64094,0.096943318,0.82738154
2060,854,36.4,94167,0.262578616,0.94968553
2063,7000,37.8,83068,0.31466829,0.94542504
2066,2614,43.1,70606,0.280848688,0.92406477
2068,2101,44.4,87292,0.251493429,0.96654719
2070,4854,30.7,69412,0.204686423,0.88111647
2090,96299,32.1,81655,0.329453953,0.94668297
2100,2079,46.2,68276,0.336619718,0.97676056
2105,2329,50,62344,0.275299238,0.94015234
2110,32108,39,95711,0.407373513,0.9544167
2122,59235,41.2,76272,0.27967343,0.94227398
2130,13910,40.6,82763,0.284932617,0.94741109
2150,13065,35.1,91138,0.284688441,0.91232337
2158,8372,23.7,42663,0.045903258,0.81416584
2164,999,33.6,61607,0.155145929,0.9078341
2170,108661,36.3,86435,0.236545279,0.94222982
2180,10018,29.1,70121,0.183141625,0.88227894
2185,10924,36.3,83472,0.141955006,0.9067228
2188,7682,29.2,77647,0.151536643,0.86052009
2195,3374,50.1,77826,0.247930627,0.86953094
2198,5799,43.1,61779,0.193929174,0.92459648
2220,8462,39.5,95261,0.34195355,0.95223192
2230,1303,38.6,79583,0.278350515,0.92680412
2240,6888,36.9,75378,0.197838553,0.93736215
2275,2134,48.9,61000,0.180243746,0.8710712
2282,564,41.3,76875,0.108312343,0.9395466
2290,5355,35.8,47826,0.141408287,0.87018256
4001,66054,35.6,37483,0.137825675,0.84009948
4003,125504,41.4,58421,0.26696217,0.88912947
4005,144705,31.7,67266,0.395932172,0.91451097
4007,53419,50.6,55242,0.180853477,0.8714491
4009,38453,34.1,64089,0.139520565,0.84623594
4011,9483,35.5,73756,0.166723608,0.85941237
4012,16681,57.3,46634,0.123824689,0.82612981
4013,4430871,37.1,80675,0.349848605,0.89175536
4015,214229,52.9,53592,0.144062888,0.87775257
4017,107110,38.7,50335,0.172908051,0.85642457
4019,1042393,39,64323,0.349840871,0.89471999
4021,433338,39.8,73313,0.214047595,0.88463874
4023,47838,37.3,51885,0.235032034,0.77973267
4025,237830,54.5,62430,0.286797669,0.92146361
4027,204374,35.3,56439,0.164236494,0.76188373
5001,17024,41.4,58695,0.157792918,0.85970225
5003,19018,43.1,44804,0.115791862,0.85872031
5005,41801,52.1,47403,0.181602151,0.89625414
5007,286528,35.7,85269,0.355080418,0.90124458
5009,37662,41.9,52275,0.166298553,0.90605484
5011,10461,40.2,43688,0.125404645,0.85840957
5013,4773,44.2,60237,0.125361063,0.85297516
5015,28362,44.6,56826,0.214420218,0.85787909
5017,10234,43.2,36593,0.176220807,0.79646143
5019,21469,31.7,48071,0.264488088,0.89729556
5021,14537,42.7,44685,0.153838716,0.84297041
5023,24948,49.5,52780,0.171878358,0.87905652
5025,7548,42.5,48913,0.158692038,0.91871421
5027,22707,35.1,47441,0.189865389,0.88307844
5029,20782,42.2,50282,0.191465857,0.89208037
5031,111038,34.4,55169,0.28206102,0.90177378
5033,60593,39.2,56702,0.20317329,0.85469545
5035,47945,35.8,51860,0.176272406,0.85578307
5037,16827,40.7,48129,0.160643265,0.83468788
5039,6472,45.8,40085,0.130378934,0.88439306
5041,11285,40.7,38067,0.130672214,0.78975426
5043,17309,37.5,44968,0.250229232,0.87364753
5045,124611,33.8,61273,0.324789094,0.93039771
5047,17160,42.5,47695,0.122993763,0.86245322
5049,12183,47.4,38917,0.143890675,0.86874139
5051,100021,45.4,54229,0.252458477,0.90640644
5053,18022,40.2,68598,0.187802363,0.92640178
5055,45954,37.8,54879,0.165611064,0.87917663
5057,20037,40.4,45049,0.157882866,0.83888429
5059,33129,42.6,50260,0.155024561,0.88539672
5061,12779,39.7,44824,0.149794239,0.88418577
5063,37910,39.1,52361,0.17106611,0.86848948
5065,13748,47.7,46159,0.189341753,0.83247225
5067,16784,40.2,41929,0.11855454,0.8625807
5069,66934,39.5,46855,0.201514091,0.89084106
5071,25925,39,42470,0.150391645,0.80475776
5073,6277,48.3,40262,0.106114311,0.81058928
5075,16258,39.8,43606,0.129497717,0.82273973
5077,8666,41.6,33801,0.077022445,0.83513644
5079,13016,40.6,50526,0.08134306,0.83481563
5081,12024,42.3,58627,0.159239453,0.90576352
5083,21247,43.5,51131,0.143430753,0.88151659
5085,74292,37,68078,0.199292548,0.89868559
5087,16737,41.1,51514,0.123133688,0.84966535
5089,16905,51.7,42891,0.15231068,0.87735922
5091,42682,39.9,47613,0.156011467,0.86681864
5093,40361,37,50012,0.148009761,0.828237
5095,6787,45.8,41786,0.141898973,0.80192832
5097,8555,50.5,47103,0.163909077,0.86748106
5099,8292,44.7,43421,0.109421955,0.89605798
5101,7243,48.7,50699,0.147822765,0.84931245
5103,22606,43.9,47348,0.149539829,0.88162488
5105,10055,44,53980,0.151985459,0.91009508
5107,16373,39.7,37458,0.152389878,0.81996251
5109,10205,43.3,49248,0.185055376,0.88672368
5111,22997,39.9,43440,0.115448611,0.81793165
5113,19384,44.4,48449,0.162696064,0.88036401
5115,63475,36.7,51678,0.238809971,0.85297629
5117,8217,46.5,47045,0.159826493,0.85585586
5119,398322,37.7,58326,0.370413441,0.92054579
5121,18619,39.1,45993,0.155475651,0.87368092
5123,23138,38.8,39822,0.132706952,0.84242201
5125,123988,40.3,73236,0.284575486,0.91914691
5127,9871,42.8,45340,0.120422637,0.83832682
5129,7880,46.9,42063,0.149459365,0.81984653
5131,128184,38,54047,0.239213723,0.85034877
5133,15913,34.9,53567,0.116670063,0.73527614
5135,17422,47.4,43332,0.115137578,0.84576957
5137,12393,49.5,37664,0.14438326,0.86134361
5139,38815,41.3,49745,0.184728041,0.87200393
5141,15900,49.7,45768,0.167558841,0.84433682
5143,247331,32.3,61985,0.344648573,0.8700037
5145,77118,38.3,51144,0.204836444,0.86345556
5147,6259,45.2,49608,0.165033052,0.8440848
5149,20342,40,55879,0.13805297,0.77383272
6001,1663823,38.4,122488,0.509373576,0.89212891
6003,1515,43,101125,0.396067416,0.93258427
6005,40577,49.6,74853,0.205636187,0.90495596
6007,213605,36.5,66085,0.308333213,0.90309815
6009,45674,52.1,77526,0.213967017,0.92553372
6011,21811,36,69619,0.142857143,0.73275801
6013,1162648,40.1,120020,0.444974242,0.89717187
6015,27462,40,61149,0.177155348,0.83199471
6017,191713,46.2,99246,0.379525859,0.94730188
6019,1008280,32.8,67756,0.233838678,0.78254846
6021,28657,35.8,64033,0.148687415,0.77807848
6023,136132,39.5,57881,0.310836218,0.91265009
6025,179578,32.6,53847,0.15916371,0.71270678
6027,18829,44.6,63417,0.289536309,0.93062667
6029,906883,32.2,63883,0.183200382,0.76550149
6031,152515,32.1,68540,0.147248748,0.74485718
6033,68024,44.5,56259,0.182122791,0.86633977
6035,31873,37.2,59515,0.120956873,0.80475067
6037,9936690,37.4,83411,0.345829239,0.80250042
6039,157243,34.4,73543,0.1715079,0.72053107
6041,260485,47.4,142019,0.611280766,0.93418422
6043,17130,51.6,60021,0.289282776,0.91855508
6045,91145,43.7,61335,0.239875389,0.86771634
6047,282290,31.5,64772,0.146448431,0.71441458
6049,8651,47.5,54962,0.238212256,0.8828137
6051,13219,40.5,82038,0.31709597,0.87162443
6053,437609,35.1,91043,0.270660699,0.73363624
6055,137384,42.5,105809,0.378389934,0.84397141
6057,102322,50.2,79395,0.388092194,0.95077651
6059,3175227,38.7,109361,0.427641551,0.86828911
6061,406608,42.3,109375,0.424411411,0.94947633
6063,19650,52.3,67885,0.211800998,0.94099501
6065,2429487,36.3,84505,0.240555834,0.83122271
6067,1579211,36.8,84010,0.326233458,0.88376046
6069,64753,35.7,104451,0.219976359,0.83690307
6071,2180563,33.9,77423,0.224217313,0.81394096
6073,3289701,36.7,96974,0.410468104,0.88712139
6075,851036,39.3,136689,0.597895473,0.88788449
6077,779445,34.8,82837,0.2030697,0.80232073
6079,281712,40,90158,0.379718985,0.92050737
6081,754250,40.3,149907,0.528787898,0.90581161
6083,445213,34.3,92332,0.356769381,0.8211529
6085,1916831,37.7,153792,0.553279584,0.89283177
6087,268571,39.2,104409,0.424801994,0.8871017
6089,181852,41.7,68347,0.227547466,0.9189575
6091,2916,54.9,61108,0.238772788,0.9355269
6093,44049,47.2,53898,0.219985063,0.90555175
6095,450995,38.8,97037,0.281996508,0.88878691
6097,488436,42.7,99266,0.378465891,0.89237736
6099,552063,34.5,74872,0.182177738,0.80329641
6101,99101,36,72654,0.206229034,0.79554058
6103,65484,40.3,59029,0.181700974,0.87082648
6105,15889,53.2,47317,0.191826655,0.95252131
6107,473446,31.5,64474,0.15617046,0.7349374
6109,54993,48.7,70432,0.244379486,0.92459242
6111,842009,39,102141,0.347128516,0.85369826
6113,217141,32,85097,0.432709137,0.87878506
6115,81705,33.5,66693,0.173585271,0.82662791
8001,520149,34.4,86297,0.271532386,0.84814576
8003,16460,32.2,52271,0.282145406,0.89813399
8005,654453,37.1,92292,0.449216919,0.92188739
8007,13509,50.8,66813,0.394355381,0.94518575
8009,3496,42,42115,0.243610224,0.85822684
8011,5561,40.7,45776,0.154982415,0.83399766
8013,328658,37,99770,0.632303589,0.95729521
8014,73946,38.6,117541,0.583816138,0.96260983
8015,19564,47.8,65703,0.414248872,0.93043198
8017,1726,43.2,65577,0.234285714,0.92979592
8019,9403,49.5,87169,0.550307471,0.96624362
8021,7553,39.1,44093,0.246484532,0.8977501
8023,3534,52.8,34578,0.236530378,0.88345434
8025,5782,41.3,40685,0.127415891,0.8103078
8027,4885,58.1,66250,0.364668603,0.96936889
8029,31173,47.8,56349,0.244988864,0.9000393
8031,710800,34.9,85853,0.542485912,0.90548504
8033,2329,59.2,64708,0.263240692,0.95280545
8035,360206,39.3,139010,0.600046069,0.97892749
8037,55650,38.3,98887,0.51805934,0.92396331
8039,26457,45.6,124360,0.356174461,0.96715712
8041,730323,34.7,82748,0.401807194,0.94801238
8043,49107,44.9,56165,0.202228881,0.89838616
8045,61683,37.2,82772,0.336941256,0.89299724
8047,5856,47.4,95902,0.438814942,0.94439674
8049,15724,44.6,79367,0.378237052,0.94663015
8051,17018,36.4,76538,0.593428064,0.98321492
8053,911,56.9,58712,0.445997459,0.98475222
8055,6896,55.4,49631,0.260751647,0.92909725
8057,1440,51.5,38686,0.275092937,0.85687732
8059,580519,40.2,103167,0.491293793,0.95228363
8061,1347,43.3,45250,0.179569892,0.91182796
8063,7039,39.2,58992,0.180491872,0.87744894
8065,7403,36.8,78942,0.392342684,0.94275967
8067,55983,41.8,81936,0.469632821,0.958355
8069,359363,36.3,87199,0.508869504,0.96326746
8071,14422,46.8,48965,0.16548731,0.88498915
8073,5583,40.4,59167,0.227456579,0.88746134
8075,21302,38.9,54864,0.197181226,0.91071666
8077,156131,40.6,68077,0.300324305,0.92276984
8079,794,54.7,58929,0.576642336,0.97810219
8081,13232,37.1,63983,0.20541861,0.91305796
8083,26070,43.7,61377,0.300640342,0.91307364
8085,42823,45.9,62817,0.277166726,0.89304261
8087,29045,36.9,70471,0.177321116,0.82659817
8089,18580,40.5,47500,0.183213353,0.88038921
8091,4936,56.8,78750,0.495568862,0.97461078
8093,17597,51.3,85019,0.354866008,0.97559944
8095,4493,40.6,58474,0.262643291,0.89109912
8097,17325,46.7,96123,0.631083784,0.98170235
8099,11968,37.8,49422,0.182420787,0.85483229
8101,168135,39.8,59436,0.24068165,0.90035704
8103,6511,39.2,69882,0.238084274,0.92240387
8105,11442,41.3,57591,0.312778052,0.90088977
8107,24944,41.9,95144,0.500426849,0.96964038
8109,6454,49.9,51946,0.24382779,0.88451336
8111,690,49.3,67344,0.416666667,0.95652174
8113,8082,41.9,72829,0.621617319,0.98185291
8115,2391,44.5,45855,0.264842841,0.91327125
8117,30955,39,100611,0.522577963,0.94232848
8119,24758,51.1,69655,0.379631546,0.97045125
8121,4817,40.2,59087,0.244807122,0.90534125
8123,331466,35,89182,0.306563248,0.88337106
8125,9938,39.6,60118,0.244374437,0.84833483
9110,977165,39.8,88190,0.411033905,0.91014386
9120,326381,40.5,83147,0.417238422,0.88335289
9130,175244,45.6,99742,0.452667494,0.95274504
9140,451887,41.1,82939,0.33269803,0.90351611
9150,95687,41.7,83119,0.250319211,0.91284098
9160,112696,45.1,87971,0.379310345,0.93186904
9170,571298,39.9,83617,0.403979667,0.9142598
9180,280293,41.6,80330,0.338125458,0.92390584
9190,620666,41.1,118930,0.542353062,0.91635375
10001,182400,38.5,69278,0.262818477,0.88882103
10003,570567,39,85309,0.382742026,0.92496643
10005,240668,51.3,75406,0.316998847,0.90105968
11001,670587,34.8,101722,0.626360927,0.92699692
12001,279729,31.7,57566,0.466842248,0.93636546
12003,27969,37.7,67872,0.14128645,0.85064004
12005,181055,41.2,65999,0.26632564,0.90364956
12007,27816,39.9,54759,0.131669065,0.82133108
12009,610723,47,71308,0.328938647,0.92683912
12011,1940907,41,70331,0.349420276,0.89998952
12013,13753,41.9,41526,0.110690822,0.79305196
12015,189900,59.9,62164,0.251318726,0.91940556
12017,155173,56.9,52569,0.196854147,0.90432373
12019,219650,39.9,82242,0.275823452,0.92524374
12021,380221,52.2,82011,0.38734953,0.89541803
12023,69832,40.7,53501,0.160410049,0.85778227
12027,34258,41.7,45000,0.11589801,0.73143634
12029,16737,45.8,45057,0.079798706,0.80765237
12031,995708,36.6,65579,0.322417889,0.90722653
12033,321296,38.1,61642,0.280703121,0.90765579
12035,117515,52.4,69251,0.283707308,0.92252219
12037,12276,48.7,58107,0.209501237,0.8036892
12039,43746,41.9,45721,0.196682697,0.80305558
12041,18070,42.7,56823,0.146335789,0.85986817
12043,12179,47.4,37221,0.129794127,0.73111088
12045,15002,46.5,56250,0.214014992,0.85723911
12047,13492,41.8,47668,0.092395666,0.77076645
12049,25528,35.2,44665,0.103612569,0.77938604
12051,39902,35.1,49259,0.10483556,0.69510195
12053,196621,48.5,59202,0.200029878,0.89358856
12055,102339,54.1,53679,0.182833085,0.86212608
12057,1468560,37.6,70612,0.362451049,0.89306441
12059,19529,41,46063,0.110095643,0.82706341
12061,160986,54.8,67543,0.327256269,0.91436262
12063,47704,42.9,46144,0.138778906,0.84231365
12065,14458,47.8,51573,0.195363015,0.85146869
12067,8107,40.6,57852,0.080832196,0.7851296
12069,386829,46.9,66239,0.256775537,0.90444411
12071,772902,49.1,69368,0.301228282,0.90107571
12073,294128,31.4,61317,0.475171795,0.93285274
12075,43268,47.3,49933,0.161013486,0.87642639
12077,7704,39.6,51723,0.168419144,0.81036983
12079,17986,44.5,43386,0.129549931,0.80173609
12081,405069,49.4,71385,0.328319453,0.90702302
12083,378225,48.5,55265,0.219888546,0.89242704
12085,159399,53.2,77894,0.350972097,0.92407312
12086,2688237,40.6,64215,0.32536896,0.82668356
12087,82044,48.3,80111,0.363327885,0.92228189
12089,91538,46.3,84085,0.320037147,0.91833606
12091,212021,37.1,73988,0.332742029,0.93022157
12093,39870,40.8,50476,0.168347912,0.79899125
12095,1427403,35.9,72629,0.373509491,0.89441621
12097,393745,36.6,64312,0.265158603,0.87697847
12099,1494805,45.2,76066,0.387583305,0.88979037
12101,569211,43.9,63187,0.271135299,0.90707192
12103,959918,48.8,66406,0.350734456,0.92505466
12105,736229,39.8,60901,0.214413803,0.86911704
12107,73604,45.1,44852,0.133242176,0.82448344
12109,278722,44,100020,0.473576469,0.95007519
12111,334682,45.3,66154,0.250216521,0.88580766
12113,188994,40,84715,0.299009009,0.92625375
12115,439392,57.1,77213,0.382876242,0.94108375
12117,471321,39.6,79490,0.417268384,0.93857995
12119,131832,68.3,70105,0.336902315,0.92524514
12121,43881,42.8,49729,0.158794422,0.84310134
12123,21421,44.3,46239,0.139216552,0.83264997
12125,15524,39.7,64043,0.100297378,0.77930972
12127,558520,46.5,63075,0.261538462,0.91578465
12129,33732,42.3,72035,0.197463768,0.88422266
12131,76618,44.4,74832,0.331472522,0.91897496
12133,25014,41.6,47536,0.12402633,0.83066374
13001,18441,39.6,43268,0.100219816,0.78433607
13003,8265,35.5,38007,0.113569861,0.70427944
13005,11138,38.1,43938,0.109093392,0.84666849
13007,2878,47,45417,0.189781022,0.85693431
13009,43778,36.1,54699,0.234514704,0.85471651
13011,18381,42.3,69096,0.171214346,0.7940017
13013,84399,36.2,75053,0.21175035,0.87603632
13015,109410,38.2,74812,0.210324943,0.87874067
13017,17169,38.7,38255,0.121978786,0.83741958
13019,18187,39.8,48670,0.148314968,0.81299767
13021,156554,36.5,48897,0.258574047,0.86543328
13023,12413,37.7,56021,0.185621396,0.87927862
13025,18105,40.2,40166,0.103242728,0.79581942
13027,16275,42.6,42263,0.146744837,0.82525376
13029,44995,34.4,90627,0.33903235,0.92370176
13031,79829,29.7,53675,0.296283139,0.88705093
13033,24337,38.8,50321,0.146560575,0.84670175
13035,25522,38.7,60076,0.130617036,0.8372457
13037,5594,39.2,48663,0.113722697,0.76187085
13039,55105,34,68104,0.216604262,0.9254244
13043,10946,41.6,45519,0.122301175,0.77507516
13045,120060,35.2,66895,0.212318916,0.84530098
13047,68052,40.8,68896,0.23235851,0.89461393
13049,12547,39.4,45770,0.121306376,0.84092424
13051,296266,36.7,66171,0.360720126,0.91424294
13053,9402,23.9,52943,0.300134892,0.95953237
13055,24902,40.2,43556,0.094739279,0.73192893
13057,268567,39.7,100824,0.394988054,0.92174425
13059,128864,28.9,48692,0.479478605,0.89866921
13061,2855,42.7,43264,0.165717245,0.83221129
13063,296312,33,56207,0.206080626,0.85471486
13065,6713,38.4,53350,0.128796276,0.73974728
13067,765813,37.2,94244,0.496963925,0.93031842
13069,43056,36.4,48398,0.128870849,0.78281255
13071,45813,37.1,47235,0.147099193,0.77694085
13073,156921,37.4,92571,0.374297411,0.93200752
13075,17242,37.3,46706,0.160067924,0.81946555
13077,147449,39.1,90031,0.341464874,0.9077351
13079,12156,45.8,56948,0.112727273,0.80997067
13081,20255,40.4,47463,0.140912085,0.82168216
13083,16239,42.5,59531,0.183106074,0.8644413
13085,27355,43.9,84516,0.354614638,0.87997344
13087,29063,38.3,47383,0.149870265,0.82314478
13089,761209,36.3,76044,0.46658234,0.91117137
13091,19977,42,46091,0.147456804,0.86593574
13093,11236,45.1,54109,0.13041954,0.82821082
13095,85038,36.2,45640,0.232914923,0.8389393
13097,144735,36.7,76930,0.298610298,0.90309355
13099,10753,40.4,48355,0.139918296,0.79778232
13101,3707,34.7,61184,0.139586085,0.82386614
13103,65314,36.4,79474,0.251879787,0.90140779
13105,19570,42.8,48190,0.140650815,0.81703901
13107,22907,37.4,47905,0.116087213,0.79133111
13109,10759,36.6,55222,0.163584229,0.7902509
13111,25436,53.8,54857,0.232047538,0.87813476
13113,119259,43.2,105910,0.472457653,0.95307191
13115,98541,38,57868,0.223104043,0.84153172
13117,253225,39.2,131660,0.561950449,0.93910119
13119,23480,40.9,52597,0.168452717,0.80879865
13121,1061944,36.1,86267,0.570540913,0.93602307
13123,31519,49.6,70334,0.234150501,0.8597314
13125,2903,43.2,60469,0.129340715,0.82184197
13127,84566,43.3,65970,0.306207607,0.8815002
13129,57785,39.1,57555,0.166820112,0.7785791
13131,26075,39.8,51929,0.15815663,0.80932994
13133,19020,51.2,77527,0.334228188,0.88060756
13135,957977,35.7,82296,0.389099815,0.88191874
13137,46326,39,61292,0.22942285,0.80711616
13139,204953,37.8,74153,0.254950239,0.81050826
13141,8588,46,31767,0.096255874,0.7509474
13143,30178,39.2,65940,0.178657421,0.84099008
13145,34914,43.2,85936,0.324196636,0.93430538
13147,26110,45.1,61765,0.182585448,0.82858042
13149,11489,40.7,62965,0.11608053,0.84072375
13151,240853,36.9,79663,0.27490716,0.9246883
13153,164117,36.1,76968,0.320039705,0.92980259
13155,9487,39.8,46383,0.168172768,0.81742993
13157,77033,37.9,82056,0.265239038,0.8780108
13159,14882,42.2,57374,0.183006536,0.89620525
13161,14791,39.1,41780,0.115056087,0.80580426
13163,15591,40.7,46865,0.108151659,0.80436019
13165,8704,44,31463,0.090510065,0.81549871
13167,9225,42.7,47796,0.094972908,0.76249247
13169,28382,41.3,66288,0.178856417,0.91618806
13171,18676,37.6,64966,0.174869622,0.89439374
13173,9964,36.5,39971,0.184198508,0.86816867
13175,49407,39.2,46776,0.170772153,0.86492598
13177,32968,37,83632,0.326375176,0.91946403
13179,65550,28.6,55149,0.202208803,0.9219768
13181,7726,47.1,50754,0.162423178,0.87234416
13183,16804,34.4,56819,0.12962963,0.83824074
13185,118257,30.9,52821,0.260860261,0.89641201
13187,33405,35.9,67592,0.320271833,0.87560247
13189,21715,38.5,54752,0.183815029,0.85535532
13191,11183,51.8,51262,0.178091398,0.82538082
13193,12099,40.1,33960,0.10061435,0.7260925
13195,30378,40.2,53626,0.195894626,0.83112201
13197,7508,43.8,48836,0.121869783,0.75904285
13199,20679,43.6,52392,0.131227547,0.82925507
13201,5923,43.2,52132,0.196709234,0.8268664
13205,21634,39.5,45966,0.122872703,0.83451327
13207,28287,42.6,74867,0.285577263,0.88429502
13209,8687,37.5,49138,0.195838433,0.83895786
13211,20171,43.1,81524,0.298768182,0.89372956
13213,40063,39.7,60617,0.113515313,0.76150318
13215,204572,34.9,54561,0.284204808,0.88548914
13217,113298,36.4,70732,0.225779529,0.89666024
13219,41978,41.2,116221,0.534595086,0.95483167
13221,14974,42.2,66672,0.226651481,0.87443052
13223,169898,36.6,89237,0.265445486,0.91008729
13225,28054,38.1,60940,0.228991947,0.85998334
13227,33439,46.3,72558,0.242822918,0.9005563
13229,19822,39.8,54861,0.170000755,0.86698875
13231,19145,40.2,83866,0.201516544,0.88066789
13233,43019,37.9,51956,0.143552908,0.8289068
13235,9887,42.2,42545,0.128804348,0.8076087
13237,22206,48.6,60825,0.25596556,0.87626076
13239,2180,59.1,38889,0.109467456,0.79112426
13241,16915,49.4,57261,0.280437756,0.89192886
13243,6365,39,24638,0.124261753,0.81148122
13245,206153,34.8,50605,0.235556178,0.87578277
13247,93641,39,68999,0.281258489,0.89545084
13249,4565,38.4,53274,0.179529646,0.85094402
13251,14026,41.9,49941,0.157268293,0.84926829
13253,9117,45,46063,0.170050761,0.87936698
13255,67415,38.9,57367,0.18317239,0.83633569
13257,26732,41.9,52901,0.159943228,0.83656313
13259,5121,37.4,43094,0.158058345,0.72572932
13261,29378,36.9,38899,0.221753475,0.83736276
13263,5793,49.9,48065,0.153933348,0.83427794
13265,1635,47.2,45881,0.114615385,0.84307692
13267,24309,38.1,51868,0.13975137,0.78283156
13269,7799,43.2,40727,0.163283798,0.73994201
13271,12619,40.1,41801,0.080469019,0.75456949
13273,9004,40.5,43507,0.129748397,0.81861536
13275,45665,39.9,55958,0.238217625,0.8632377
13277,41247,36.5,52561,0.187159028,0.83919094
13279,26946,37.5,47310,0.163670001,0.82962363
13281,12546,56.3,55574,0.319866025,0.92233619
13283,6411,43.2,38641,0.13699262,0.73570111
13285,69527,37.2,53599,0.203091224,0.88251189
13287,8894,38.9,39666,0.105080258,0.79546583
13289,7955,45.9,50446,0.106467662,0.79303483
13291,24880,55.9,59783,0.254875932,0.88165016
13293,27638,41.5,48740,0.15373714,0.84416334
13295,68065,42,52276,0.196691138,0.85034825
13297,97752,39.4,79425,0.242779495,0.8705714
13299,35917,37.9,44138,0.151367228,0.81591031
13301,5197,45.3,45091,0.110509209,0.72074756
13303,19975,40.8,43810,0.174249964,0.84195933
13305,30277,38.7,49847,0.141242659,0.85466121
13307,2354,42.6,35000,0.093036864,0.81158572
13309,7550,33.9,36354,0.127504174,0.76481636
13311,28165,45.3,66256,0.231251882,0.85623933
13313,103033,36.4,59659,0.185770751,0.7427686
13315,8839,41.4,46759,0.136272545,0.80437799
13317,9610,45.5,51780,0.156379187,0.82622951
13319,8852,42.2,40757,0.12054884,0.89382555
13321,20706,41.6,56496,0.095086505,0.85453287
15001,202163,43.3,74238,0.306634862,0.92901166
15003,1010100,38.8,99816,0.366381445,0.92706903
15005,50,43.3,87813,0.34,0.92
15007,73511,42.3,88869,0.303704969,0.92502752
15009,164765,42.2,95379,0.301358385,0.92543693
16001,497494,38.1,83881,0.427602961,0.9530245
16003,4464,54.4,55891,0.212955001,0.94038406
16005,87434,34.7,60998,0.295100442,0.93379604
16007,6436,40,63244,0.207822809,0.93096136
16009,9731,45.9,54191,0.186012768,0.85142194
16011,48253,34.3,69433,0.198502383,0.88417291
16013,24248,44.5,81794,0.445259658,0.91820475
16015,7809,53.7,70776,0.270860495,0.95436767
16017,47976,48.3,61816,0.271650588,0.91286942
16019,124490,33.2,73103,0.318786203,0.91968141
16021,12335,43.6,58810,0.18152085,0.86870693
16023,2605,43.1,37358,0.16230646,0.90389749
16025,1133,36.5,63750,0.270122783,0.87175989
16027,235006,34.4,68473,0.215964349,0.86976309
16029,7058,37.9,65380,0.15663186,0.9042435
16031,24859,33.1,63525,0.20491417,0.85695052
16033,756,37.6,53500,0.152610442,0.61646586
16035,8810,52.3,55885,0.18102231,0.91753742
16037,4344,55.5,60357,0.287821811,0.91293029
16039,28752,32.3,55000,0.208537054,0.88012965
16041,14376,32.6,61679,0.172090845,0.92097869
16043,13519,39,67015,0.213796909,0.89834437
16045,19250,44,65204,0.224501845,0.90162362
16047,15520,38.3,60938,0.157994229,0.78997115
16049,16787,49.5,54745,0.214595028,0.92245389
16051,31383,31.7,77491,0.267721764,0.92562669
16053,24474,33,67347,0.1310253,0.75292943
16055,173396,40.7,71949,0.267271648,0.93552907
16057,39872,30.3,62258,0.443206265,0.96915068
16059,8043,53.2,49216,0.221778886,0.91687448
16061,3630,49.1,46484,0.185185185,0.89919817
16063,5203,37.3,62250,0.11202346,0.81554252
16065,52487,21.6,53025,0.390526136,0.97406373
16067,21626,34.9,63594,0.159158489,0.81326197
16069,42200,40.7,65023,0.256672885,0.92972698
16071,4572,39.7,67383,0.237867396,0.93403964
16073,12043,38.9,58440,0.13918041,0.76074463
16075,25571,40,62721,0.201547207,0.85905175
16077,7918,35.3,56671,0.146785197,0.84287782
16079,13399,46.1,44807,0.116422831,0.88058933
16081,11813,38.6,88906,0.470848165,0.93408617
16083,90592,35.5,61183,0.235938252,0.87395998
16085,11830,48.9,72878,0.364037923,0.92770955
16087,10612,44.7,50046,0.174798928,0.90214477
17001,65583,41.3,63767,0.269246775,0.93346037
17003,5261,44.9,40365,0.103484969,0.86379356
17005,16750,40,58617,0.210627011,0.88920776
17007,53459,39,80502,0.240052148,0.86619998
17009,6334,38.5,64760,0.140312772,0.80299739
17011,33203,44,64165,0.214560358,0.90302953
17013,4472,48.1,88059,0.195293399,0.92023227
17015,15594,45,61539,0.186778594,0.88378804
17017,12955,38.8,64826,0.192373755,0.86167411
17019,206525,30.8,61090,0.456233488,0.94671253
17021,33893,42.2,56933,0.171860089,0.90436081
17023,15467,41.4,65874,0.244208764,0.92222532
17025,13248,41.8,58028,0.150097255,0.88124054
17027,36998,41,78054,0.236054112,0.92001064
17029,47076,37.4,53732,0.269773085,0.91949764
17031,5225367,37.5,78304,0.412836012,0.88208363
17033,18729,42.2,64163,0.189193168,0.8864841
17035,10447,42.6,71274,0.177399757,0.93411638
17037,100686,31.8,68617,0.340654198,0.9303515
17039,15535,44,61823,0.214891697,0.94169675
17041,19714,38.6,67177,0.198717465,0.84760468
17043,930559,39.9,107035,0.51064816,0.93491175
17045,16852,46,56687,0.187918921,0.87943148
17047,6182,44.2,60784,0.139004149,0.91078838
17049,34594,39.3,73181,0.259459004,0.93511418
17051,21464,42.1,51962,0.148221214,0.86604853
17053,13484,42,58930,0.197708043,0.9173182
17055,37810,43.2,51031,0.176569759,0.89944553
17057,33691,43.6,57223,0.176884094,0.89929704
17059,4967,46.9,51868,0.124047878,0.87241567
17061,12015,42.7,58900,0.154470588,0.90388235
17063,52624,38.8,89993,0.256868171,0.93983397
17065,8008,43,60574,0.171639172,0.86328536
17067,17582,45.9,61026,0.24561819,0.94433918
17069,3665,53.9,53026,0.120227729,0.87307435
17071,6374,49.6,64946,0.207041073,0.93000838
17073,49157,43.5,66313,0.246624921,0.92454185
17075,27043,44.5,62866,0.176482874,0.88727026
17077,53176,32.6,44847,0.352223436,0.91842721
17079,9295,44,67429,0.213779285,0.93310727
17081,37043,41.2,58384,0.18140721,0.90614737
17083,21462,42.8,77607,0.217865213,0.93347069
17085,21942,50.8,67729,0.278566681,0.93540395
17087,13313,42.3,63295,0.166456627,0.84635581
17089,517254,38.3,96400,0.363432716,0.8650163
17091,107421,38.9,65489,0.203200156,0.89928268
17093,132795,36.1,106358,0.357700597,0.93392927
17095,49751,42.3,50263,0.204079876,0.88764561
17097,713159,38.7,104553,0.469486583,0.90797804
17099,109495,41.9,67942,0.184092698,0.91082466
17101,15302,40.9,55811,0.141166908,0.85151734
17103,34221,42.8,64588,0.188944322,0.90029934
17105,35771,41.9,68175,0.186619579,0.90516249
17107,28027,40.3,62547,0.201761044,0.91518648
17109,27370,34.9,48904,0.311797081,0.94418521
17111,311133,40.5,100101,0.353124253,0.93892579
17113,171284,34,75356,0.459829854,0.95880082
17115,103542,40.7,59622,0.238755733,0.92376197
17117,44907,44,64706,0.193061275,0.90974042
17119,265512,39.9,71759,0.293560545,0.93340698
17121,37543,41.9,59099,0.167077113,0.89972295
17123,11740,46.2,64940,0.174340949,0.9202109
17125,13074,45.4,58479,0.17322335,0.91328257
17127,14135,44.1,57365,0.147305981,0.87661888
17129,12284,42.8,84846,0.258686367,0.95013275
17131,15692,44.7,67028,0.178790847,0.92431662
17133,34905,42.5,100685,0.378647054,0.95684151
17135,28352,42.7,61796,0.181902079,0.89722168
17137,32882,41.4,61188,0.224404531,0.89632597
17139,14531,40.5,72833,0.207398299,0.86392048
17141,51672,42.3,75782,0.234023628,0.91288395
17143,181186,38.1,63409,0.337053938,0.92856439
17145,20996,42.2,56338,0.109464533,0.84495818
17147,16698,41.8,81151,0.308277027,0.93851351
17149,14776,42.8,55514,0.180614612,0.91041747
17151,3799,49.7,57582,0.154429507,0.88176491
17153,5177,43.9,41038,0.145023435,0.8808933
17155,5628,47.4,75726,0.234881471,0.93638123
17157,30413,43,63860,0.137387182,0.86037925
17159,15716,42.2,61607,0.188655078,0.92067704
17161,143819,40.2,64435,0.240616269,0.89590841
17163,256791,39.4,68915,0.303788367,0.92230965
17165,23662,43.2,51710,0.202160404,0.8818166
17167,196122,40.6,71653,0.345700855,0.93200178
17169,6879,48.2,63737,0.169227851,0.9167141
17171,4899,44.7,70500,0.220103986,0.92749856
17173,21042,44.9,65585,0.182794986,0.93884725
17175,5395,44.8,58125,0.18970894,0.90930353
17177,44482,45.6,57527,0.202750553,0.91814733
17179,131276,41.6,74606,0.275045537,0.93669225
17181,17122,44.7,54090,0.217285945,0.87988691
17183,74113,40.8,52787,0.156187053,0.90556499
17185,11321,43.8,54074,0.184766402,0.9304175
17187,16760,40.1,62700,0.210771763,0.875
17189,13781,44,75111,0.23054406,0.92530534
17191,16127,42.9,53522,0.158066796,0.89282559
17193,13834,44.7,54605,0.15993991,0.88472709
17195,55569,43.5,62828,0.193131727,0.90771399
17197,696774,38.7,103678,0.360775852,0.91599106
17199,67120,41.2,60325,0.271123898,0.92742927
17201,284591,39.5,61738,0.24140156,0.88539543
17203,38414,40.1,80093,0.353952156,0.94224665
18001,35827,33.4,61731,0.15390345,0.86699874
18003,385456,36.1,66222,0.304845794,0.90111435
18005,82371,38,76912,0.348088962,0.91822576
18007,8709,40.4,58620,0.186830015,0.88565595
18009,12074,44,51108,0.147746047,0.90394147
18011,71235,38.3,103038,0.494984828,0.94995364
18013,15513,50.7,73933,0.275046149,0.92884712
18015,20397,43.1,61464,0.166456494,0.90318061
18017,37820,41.3,55862,0.154067647,0.85721964
18019,121484,39.6,69005,0.245993344,0.90524465
18021,26396,41.1,68364,0.169422164,0.91449774
18023,33020,36.7,59515,0.163246225,0.86966481
18025,10511,44.6,46706,0.122285867,0.8565339
18027,33337,34.9,64113,0.151372398,0.7704658
18029,50709,42.3,80352,0.247422972,0.91120901
18031,26432,39.7,71566,0.204545455,0.91154791
18033,43312,38.1,68110,0.189612868,0.9135428
18035,112156,35.6,53377,0.254686786,0.90667867
18037,43584,40,68945,0.239268384,0.89884285
18039,206841,35.6,63978,0.200354096,0.8217311
18041,23391,43,52219,0.154232513,0.85213769
18043,80191,39.8,75686,0.312950808,0.92374134
18045,16468,43.1,60559,0.134930209,0.88876443
18047,22850,41.8,75985,0.206855119,0.89533928
18049,20420,40.9,62644,0.178044941,0.87319307
18051,33006,40.4,64153,0.179640451,0.90614266
18053,66560,40.1,53033,0.184303051,0.88583418
18055,30900,43,57771,0.16124476,0.88267724
18057,349527,37.8,114866,0.607744978,0.97159567
18059,80170,39.6,85262,0.328247438,0.93325888
18061,39684,42.5,71302,0.206461275,0.90218942
18063,175639,38.4,95261,0.392295244,0.93477137
18065,48913,42.2,57632,0.170626288,0.91129494
18067,83452,41.2,62014,0.198373758,0.91293192
18069,36699,41.4,59894,0.219231527,0.92571429
18071,46212,39.5,65609,0.185615438,0.90033644
18073,33045,41.4,77777,0.19010188,0.92907957
18075,20451,39.6,52231,0.129433407,0.8749816
18077,33057,41,57801,0.179787418,0.87854303
18079,27610,39.6,66892,0.141415203,0.88812953
18081,161952,37.9,82730,0.324357541,0.92555698
18083,36148,38.9,58173,0.181080857,0.89063147
18085,80442,39,70945,0.241272074,0.87819777
18087,40364,31.9,81658,0.112276975,0.60581988
18089,497682,39.3,66375,0.244512597,0.90213232
18091,112215,40.5,66854,0.210845817,0.89881631
18093,45113,43.5,64210,0.189980298,0.89132814
18095,130545,40.7,60060,0.194333315,0.89912862
18097,971737,34.4,59504,0.332146384,0.87341229
18099,46208,39.9,66016,0.200329574,0.85773369
18101,9863,42,65489,0.140736428,0.8879348
18103,35952,41.1,59551,0.15526274,0.86791554
18105,140065,30.8,60308,0.482028778,0.94658941
18107,38018,40.4,62937,0.208416988,0.89150579
18109,71757,41.5,79134,0.202856287,0.89517627
18111,13829,42.7,63673,0.134129071,0.87001821
18113,47431,39.4,70286,0.177300517,0.83176046
18115,5974,47.2,66333,0.156648452,0.92691257
18117,19768,42.6,60775,0.139477324,0.85302468
18119,21361,44.9,57947,0.152989904,0.86357753
18121,16327,42.5,63393,0.150667015,0.85290784
18123,19186,41.1,58936,0.161630204,0.91197776
18125,12227,43.9,64182,0.141164169,0.90426397
18127,173355,40.1,82915,0.299101049,0.93940403
18129,25226,43,75594,0.254782754,0.93730827
18131,12498,41.9,56823,0.140524379,0.88086477
18133,36942,38.4,70609,0.194308027,0.908703
18135,24586,42.8,59674,0.151278742,0.89887377
18137,28990,40.8,70285,0.189988854,0.90561354
18139,16716,42.5,62386,0.156588215,0.89417626
18141,272388,36.7,61877,0.319573699,0.90868197
18143,24403,41.3,49343,0.115237479,0.81913954
18145,44940,40.5,66449,0.196234935,0.89127739
18147,19935,44.3,66168,0.199138175,0.92533201
18149,23308,41.7,59916,0.131146528,0.85100074
18151,34507,43.5,68837,0.244270307,0.92745197
18153,20791,40.9,54556,0.138391664,0.88852525
18155,9896,40.8,66525,0.108248186,0.83133422
18157,186955,28.4,55728,0.390702609,0.9202199
18159,15328,44.4,71947,0.247950446,0.90754236
18161,7041,44.5,68514,0.199086939,0.88785232
18163,179900,38.9,58839,0.270570517,0.91217956
18165,15488,42.4,59567,0.17853211,0.92504587
18167,106355,36.4,52789,0.256065281,0.90465188
18169,31032,42.8,66194,0.216872485,0.91448129
18171,8454,43.7,72833,0.192027787,0.92590142
18173,64065,41.7,91105,0.344879008,0.94923066
18175,28133,40.9,60695,0.141340953,0.87498724
18177,66522,40.9,54854,0.190175161,0.88043812
18179,28167,40.6,68074,0.191135442,0.93298942
18181,24630,42.6,65345,0.182850753,0.90336629
18183,34259,41.6,73636,0.227634069,0.91835962
19001,7479,43,63172,0.190160833,0.95704825
19003,3680,46.3,64750,0.214447806,0.94024206
19005,14046,43.1,64049,0.184499949,0.91694933
19007,12279,45,50684,0.187844037,0.91949541
19009,5651,48.2,54973,0.216822891,0.90527874
19011,25652,43,79444,0.233223261,0.94425477
19013,131041,35.5,62329,0.299731167,0.92900628
19015,26700,42,75759,0.263857511,0.95176798
19017,25012,38.9,84727,0.340095682,0.96106098
19019,20631,39.5,73493,0.211119948,0.93623021
19021,20687,35.6,62662,0.216315588,0.79341249
19023,14376,43.6,65743,0.193621419,0.93542672
19025,9893,42.4,65614,0.214043515,0.93910709
19027,20728,42.4,68041,0.221252129,0.94655026
19029,13116,44.8,60815,0.208528785,0.91247335
19031,18479,43.3,76959,0.208938294,0.95561101
19033,42979,44.3,63149,0.239623254,0.93738227
19035,11601,44.8,63638,0.217170496,0.93180169
19037,11957,44,72734,0.18619094,0.93643449
19039,9737,39.3,63120,0.152480583,0.84482485
19041,16423,41.5,61756,0.260216773,0.95486851
19043,17123,46.9,60441,0.171676958,0.90721482
19045,46488,42.5,61080,0.216094645,0.92026619
19047,16450,37.3,61188,0.161157025,0.82531931
19049,100367,35.6,99533,0.515304104,0.96271336
19051,9093,36.3,77176,0.18954019,0.79150579
19053,7684,36.6,56068,0.248687251,0.89077925
19055,17523,43.5,75896,0.185268228,0.92119249
19057,38824,42.1,58084,0.233426635,0.92939747
19059,17692,47.9,72446,0.327082226,0.96537848
19061,98812,38.7,73495,0.320303542,0.94001569
19063,9349,44.8,64461,0.151991614,0.87256664
19065,19519,43.4,56043,0.171678553,0.92890229
19067,15601,44,62356,0.182068966,0.93186207
19069,10015,42.8,62214,0.185377087,0.92400691
19071,6639,46.2,69375,0.191642043,0.94913466
19073,8801,44.6,56884,0.197008684,0.93165005
19075,12351,41.6,80701,0.261421911,0.95850816
19077,10619,45.9,75795,0.216493489,0.94252269
19079,14979,41.9,66685,0.22516994,0.92626511
19081,10790,44.4,67865,0.201874268,0.91331511
19083,16861,45.3,64656,0.208144062,0.9337281
19085,14623,42,75830,0.20598072,0.93074956
19087,20436,40.4,62365,0.228052545,0.91142057
19089,9479,39.5,63947,0.191976179,0.92038865
19091,9606,41.9,66617,0.183553818,0.94152135
19093,6969,42.8,63125,0.197046414,0.93037975
19095,16575,42.2,69787,0.227619048,0.93679654
19097,19470,44.4,69709,0.184013926,0.93979836
19099,37808,41,67784,0.196694896,0.94191711
19101,15785,44.2,52210,0.394909756,0.93321134
19103,153360,30.6,72977,0.541272765,0.96046463
19105,20733,43.4,68781,0.224662839,0.94264922
19107,10026,42.7,60016,0.163589523,0.93473594
19109,14718,45.1,62553,0.199061213,0.93735032
19111,33442,43.5,58094,0.20342038,0.94085593
19113,229308,38.2,75457,0.345918688,0.94995156
19115,10823,42.2,72500,0.144289106,0.86072276
19117,8666,42.9,63405,0.148862512,0.92367293
19119,12023,38.3,73735,0.194329363,0.94717763
19121,16609,40.9,88110,0.258081611,0.96996997
19123,22059,39.6,65200,0.223837999,0.9319788
19125,33487,39.8,74193,0.317241999,0.94098346
19127,40049,38.5,70828,0.21009039,0.8519345
19129,14605,42.7,81907,0.305227656,0.95050094
19131,10537,41.8,66056,0.214364641,0.92251381
19133,8671,45.9,59897,0.156884876,0.93034505
19135,7574,41.5,76324,0.226600038,0.93042475
19137,10285,43.3,61261,0.186036847,0.9163319
19139,42968,38.6,67427,0.23217803,0.90110232
19141,14138,40.4,65076,0.215738648,0.90733511
19143,6149,44,67561,0.141746685,0.86168267
19145,15225,45.2,58264,0.176817981,0.92851476
19147,8938,41.3,67306,0.201716738,0.92951469
19149,25621,40.9,79963,0.240723616,0.94318576
19151,7061,45.4,61434,0.170642944,0.91528508
19153,493378,36.1,78827,0.389165051,0.92689134
19155,93543,39.7,68718,0.234258866,0.90631531
19157,18608,40.7,61192,0.288815789,0.94884868
19159,4690,43.8,67898,0.225957049,0.93993153
19161,9778,45.2,68778,0.216458997,0.93654013
19163,174315,38.7,72792,0.349231432,0.93995116
19165,11737,45.5,70295,0.227987988,0.94246246
19167,35815,34.4,81914,0.312652182,0.91622963
19169,98573,26.5,66197,0.525357557,0.97050638
19171,17017,41,65483,0.183237044,0.90989049
19173,5916,44.1,65926,0.154501217,0.90997567
19175,12107,40,56495,0.240801457,0.92786885
19177,7207,45,58417,0.184542587,0.88387224
19179,35292,39.4,56209,0.18462241,0.87927098
19181,52709,38.5,89741,0.321507379,0.96452214
19183,22534,40.1,71122,0.243974133,0.92318244
19185,6484,41.9,58257,0.150287687,0.89436133
19187,36986,39.8,65335,0.207167344,0.91812166
19189,10704,41.5,62853,0.258642232,0.94502291
19191,20050,42.6,67770,0.305224769,0.95184579
19193,105526,35.9,68399,0.239548291,0.87589845
19195,7417,43.9,69897,0.19494382,0.94325843
19197,12897,41.5,58240,0.210115411,0.92713284
20001,12554,41.1,55059,0.196089909,0.92636385
20003,7799,39.7,67651,0.152639633,0.86457536
20005,16309,36.1,55281,0.221679785,0.9377304
20007,4081,42.8,53774,0.23630618,0.91537921
20009,25477,39.2,54634,0.216762673,0.89648618
20011,14405,38.1,55826,0.237152889,0.89722311
20013,9486,41.8,55876,0.200745805,0.9352082
20015,67618,38.2,77724,0.320044893,0.94213244
20017,2570,44.1,52481,0.264722069,0.93285636
20019,3389,45.9,51210,0.162173372,0.88759851
20021,19380,42.4,53382,0.197986577,0.89932886
20023,2619,43,52730,0.222104145,0.89213603
20025,1977,46.3,58287,0.260516605,0.94169742
20027,8088,43.1,57765,0.263455091,0.94247397
20029,9008,38.8,51197,0.224291226,0.958564
20031,8334,43.9,67645,0.221920597,0.9372243
20033,1825,46.8,49754,0.210727969,0.96475096
20035,34661,38.1,55726,0.244798255,0.91716467
20037,39012,32.9,49779,0.30885891,0.94324626
20039,2771,50.6,49412,0.248216833,0.9362815
20041,18492,41.8,62971,0.235181056,0.93572692
20043,7501,41.9,66358,0.188821138,0.91158537
20045,119094,30.7,66153,0.523083761,0.96025579
20047,2849,43.8,52750,0.178830353,0.8757854
20049,2453,50.4,50000,0.182174888,0.86939462
20051,28921,32.9,59665,0.387193023,0.95340831
20053,6374,43.1,59844,0.208394544,0.92318993
20055,38187,31.9,68481,0.185024369,0.72100133
20057,34212,32.6,67997,0.197798973,0.77216923
20059,25968,40.2,68217,0.239366233,0.92021126
20061,36247,26.6,57992,0.238450913,0.93697243
20063,2758,42.1,59417,0.197026022,0.93786511
20065,2430,47.2,47071,0.243546577,0.9382716
20067,7336,32.9,84808,0.202234637,0.79173184
20069,5719,36.1,74500,0.218892694,0.75342466
20071,1279,40.6,69948,0.288095238,0.88928571
20073,6001,48.4,51812,0.159513427,0.91599725
20075,2520,35.4,58750,0.192206077,0.85601057
20077,5457,41.5,53032,0.174698795,0.89731654
20079,33959,40.5,70685,0.306613051,0.91817824
20081,3735,38,66458,0.157894737,0.75164474
20083,1770,46,63125,0.305237316,0.92635025
20085,13274,40.7,70385,0.209691927,0.93827299
20087,18387,43.2,74562,0.245006555,0.95712192
20089,2929,51.1,47109,0.184748071,0.92464821
20091,610742,38.1,103644,0.566920642,0.96512235
20093,3964,34.9,68750,0.166031343,0.80389665
20095,7369,43.6,59640,0.243238059,0.90811433
20097,2445,41.5,70347,0.253301321,0.88955582
20099,20096,40.6,56143,0.225511026,0.9046084
20101,1528,47.9,52222,0.198895028,0.95764273
20103,82050,38,84307,0.354910152,0.93368504
20105,2929,44.6,52540,0.236969112,0.94642857
20107,9696,45,56697,0.220624546,0.9352215
20109,2752,39.9,70382,0.266631744,0.92352017
20111,32182,32.9,56415,0.267050464,0.87832581
20113,30085,39.8,71250,0.313746013,0.92663477
20115,11867,43.4,60011,0.276392507,0.92060538
20117,10014,42.3,64306,0.208068248,0.92192019
20119,4019,37.7,74063,0.239829523,0.86361875
20121,34312,42.5,85564,0.305515177,0.95583583
20123,5829,41.9,63008,0.288087935,0.95347648
20125,31448,40.2,51513,0.201234161,0.89999529
20127,5385,46.5,52866,0.278860954,0.92483325
20129,2688,39.5,57943,0.175457481,0.87836383
20131,10219,40,72788,0.282634911,0.93171541
20133,15826,40.3,54894,0.211492722,0.91028446
20135,2677,48.4,64907,0.208963283,0.91360691
20137,5431,40.4,52710,0.2077597,0.90813517
20139,15787,42.6,66155,0.200366804,0.92113709
20141,3493,46.4,58750,0.231411531,0.95427435
20143,5768,42.3,74551,0.236881188,0.94777228
20145,6288,46.1,54141,0.183480707,0.89710611
20147,4960,44.9,57611,0.201257862,0.91080617
20149,25482,35.8,85241,0.378553922,0.96041667
20151,9175,37.6,61685,0.279030055,0.91939891
20153,2544,46.2,61827,0.174757282,0.94660194
20155,61881,40.5,57390,0.205078904,0.9168992
20157,4686,47.5,54531,0.264259709,0.9535801
20159,9441,39,58523,0.237216141,0.92027446
20161,72105,24.9,56327,0.478297232,0.95832288
20163,4925,44.9,60821,0.226876581,0.92578015
20165,2939,46.4,53523,0.195386064,0.90913371
20167,6702,45.3,49929,0.201758058,0.93428213
20169,54160,39.9,59887,0.282184549,0.93719557
20171,5128,38.7,53365,0.199176228,0.84907326
20173,522700,35.8,65372,0.317450023,0.89483384
20175,21942,30.5,57131,0.112888053,0.69755409
20177,178625,39.4,63463,0.317481366,0.9292015
20179,2450,42.5,66719,0.242985075,0.96298507
20181,5940,38,61404,0.260892953,0.89671867
20183,3561,50,50943,0.230973116,0.95418402
20185,4054,42.2,60000,0.260964117,0.93222182
20187,2060,39.6,66000,0.173882186,0.79985806
20189,5275,36.3,67950,0.125307125,0.74385749
20191,22517,42,59397,0.239244491,0.93494229
20193,7907,35.2,72417,0.264699939,0.94463528
20195,2798,47.8,77500,0.249650023,0.94540364
20197,6922,43.7,70000,0.251148225,0.965762
20199,1489,43.1,57708,0.259295499,0.92563601
20201,5529,44.9,59432,0.225363071,0.93516598
20203,2131,43.1,69551,0.214285714,0.88181818
20205,8667,42.4,55439,0.195390782,0.91315965
20207,3134,46.6,50670,0.210977702,0.92024014
20209,167989,34.3,57771,0.199878397,0.81360086
21001,18887,40.3,49690,0.186266027,0.86116574
21003,20773,40.5,57159,0.18296925,0.8652428
21005,23839,41.9,69885,0.253423407,0.91114357
21007,7742,44.7,57111,0.173412484,0.92120885
21009,44511,40.2,48141,0.174465327,0.84737524
21011,12739,39.5,51471,0.143616393,0.81445612
21013,24248,41.5,33658,0.116652927,0.78176893
21015,136150,38,91697,0.346403485,0.93823909
21017,20228,41.8,54580,0.232389304,0.85314836
21019,48242,42.1,58327,0.208468201,0.88697402
21021,30613,40,56568,0.267606999,0.90373709
21023,8420,41.7,59911,0.175731497,0.88037866
21025,13580,42.7,38209,0.170265016,0.79474061
21027,20528,42.3,51756,0.143381574,0.8510413
21029,82482,41.1,73900,0.175480317,0.89367162
21031,12365,41.4,47589,0.113283962,0.80733626
21033,12635,42.4,52488,0.161312141,0.87701499
21035,37345,35.6,48276,0.315321125,0.90280285
21037,93122,38.9,71979,0.392675952,0.93290902
21039,4782,42.9,53065,0.133373567,0.86934218
21041,10842,38.5,50625,0.057608543,0.82745539
21043,26671,41.9,47004,0.144914884,0.8116543
21045,15942,41.9,42190,0.122149837,0.77271082
21047,72766,28.4,48920,0.190961217,0.86316019
21049,36897,40.9,61878,0.199513476,0.88964399
21051,20322,40.4,37888,0.142740453,0.72125791
21053,9295,42.4,41180,0.139996966,0.80873654
21055,8979,43.4,45810,0.124704399,0.86394451
21057,5974,45.4,40515,0.171277086,0.80359613
21059,102916,38.7,64021,0.254105582,0.91238535
21061,12179,45,53029,0.11426985,0.81588007
21063,7378,43.6,39469,0.101600432,0.75400108
21065,14138,43.7,39980,0.111144101,0.76454869
21067,321276,35.2,66087,0.465455864,0.92150145
21069,15111,40.8,46885,0.157848325,0.81432491
21071,35780,42.9,38723,0.130509013,0.79290082
21073,51475,40,62929,0.315598515,0.91929319
21075,6480,39.2,35449,0.140262582,0.80350109
21077,8720,38.7,58641,0.130309208,0.84573564
21079,17175,43.5,58263,0.199185004,0.84906275
21081,25085,36.5,65461,0.157459251,0.88932437
21083,36701,39.9,52526,0.186378057,0.90116863
21085,26465,40,47024,0.132508736,0.83565367
21087,11198,45.1,38595,0.135467064,0.82930158
21089,35853,43.8,58562,0.176174103,0.89853091
21091,9058,41.2,68102,0.174237508,0.8719987
21093,111005,37.2,64136,0.23929587,0.92310088
21095,26589,41.2,35128,0.105203681,0.76952053
21097,18803,42.6,58840,0.180549164,0.86547016
21099,19345,40.3,45561,0.104984256,0.78396437
21101,44770,41,56912,0.188591869,0.89262559
21103,15731,41.4,58294,0.147475683,0.84159333
21105,4491,46.6,68589,0.22215441,0.88373512
21107,45223,41.4,54466,0.154654272,0.88583981
21109,13002,40.9,38516,0.111588929,0.7299592
21111,779232,38.5,66296,0.361121593,0.91297094
21113,53381,38.4,69905,0.303073644,0.89623647
21115,22631,41.7,44231,0.145663361,0.82797791
21117,169066,37.7,76016,0.364649874,0.91951874
21119,14282,44.2,38336,0.163019474,0.71742622
21121,30207,40.1,34254,0.167140476,0.79021665
21123,14902,41.3,57867,0.152326139,0.8441247
21125,62442,39.8,53693,0.165920219,0.83976516
21127,16228,41.2,42488,0.108617594,0.76947935
21129,7338,41.8,31682,0.07333957,0.73489242
21131,10468,43.2,37019,0.115538951,0.81984226
21133,21490,42.7,38466,0.1309098,0.78942577
21135,13063,42.5,36662,0.101720925,0.78669297
21137,24320,41.4,49487,0.153818552,0.82566832
21139,8980,46,56125,0.131868132,0.87026862
21141,27498,40.8,58869,0.171133801,0.87720698
21143,8721,47.9,64081,0.145243282,0.90515614
21145,67573,42.5,58490,0.281984829,0.92722292
21147,16892,39.2,35000,0.067985794,0.7798072
21149,9173,43.2,64020,0.179777045,0.91270215
21151,92955,34.4,59797,0.333385163,0.90751875
21153,11647,41.4,31927,0.108860142,0.72467659
21155,19627,39.8,49627,0.128387483,0.84361431
21157,31706,44.6,64597,0.224116189,0.92290299
21159,11298,39.8,45265,0.107915408,0.75287009
21161,17068,42.1,48460,0.225901584,0.85566229
21163,29964,39.2,68518,0.178217822,0.89623186
21165,6174,43.4,43797,0.107720337,0.79708495
21167,22662,43.1,60728,0.216584627,0.9011738
21169,10313,42.6,46932,0.141086351,0.83300836
21171,11331,41.2,47252,0.159775396,0.81572231
21173,28188,40.5,53436,0.18166207,0.85226622
21175,13840,42.3,46018,0.177488754,0.77488754
21177,30735,43,50935,0.133099426,0.84188463
21179,46779,39.9,66212,0.225311036,0.92224877
21181,7613,38.9,57539,0.070849421,0.81602317
21183,23782,41,52474,0.143887531,0.81833741
21185,67997,39.5,117334,0.453535801,0.94238528
21187,11229,42.9,56485,0.188727042,0.83799873
21189,4054,48,32844,0.110963895,0.71381252
21191,14638,41.7,58723,0.165521362,0.85539289
21193,28136,41.3,45330,0.132227609,0.79632559
21195,58196,42.5,41271,0.158484936,0.79757436
21197,13089,39.5,38415,0.15064498,0.81906898
21199,65145,41.8,48768,0.177890365,0.83776555
21201,2207,39,53798,0.121967213,0.84196721
21203,16171,42.9,45693,0.120431605,0.81917856
21205,24551,30.6,50038,0.270801179,0.86789673
21207,18021,42.4,48220,0.164385767,0.82675898
21209,57286,36.1,80782,0.31886283,0.94277092
21211,48105,40.6,81012,0.302141749,0.88551486
21213,19574,39.2,55907,0.145512239,0.90223633
21215,19549,42.9,101118,0.220719722,0.9255893
21217,26056,37.3,63211,0.229942441,0.883766
21219,12281,36.6,57891,0.16459822,0.78550834
21221,14154,45.8,55864,0.204820472,0.87849633
21223,8510,42,66492,0.136726547,0.85545576
21225,13495,41.3,58260,0.101938645,0.90573072
21227,135307,33.3,63074,0.329321438,0.88592054
21229,12025,42.3,65456,0.197879438,0.88134382
21231,19666,43.4,41583,0.138255416,0.76439567
21233,12951,39.7,55451,0.114519427,0.85673711
21235,36648,36.1,44332,0.187100949,0.82066437
21237,6573,41,28666,0.070472792,0.63581624
21239,26886,42.5,78295,0.406588109,0.91210498
22001,57674,36.7,44977,0.137040637,0.80107174
22003,22798,38.5,52755,0.120461422,0.79614221
22005,126973,36.2,93800,0.290336134,0.8880072
22007,21067,41.9,47023,0.134411148,0.79070554
22009,39529,38.6,38696,0.12278288,0.77986837
22011,36553,37.3,68525,0.178830313,0.88158979
22013,12958,42.1,34268,0.123821013,0.85676683
22015,128877,36,64598,0.275725134,0.90268456
22017,236259,38.7,47572,0.24287295,0.87283826
22019,210770,36.7,64370,0.235546819,0.887005
22021,9658,40.2,45707,0.12054675,0.7993311
22023,5447,43.3,69847,0.143979721,0.90291508
22025,8895,38.8,48259,0.175564029,0.74992056
22027,14203,42.3,32034,0.116517038,0.78530746
22029,18677,37.8,38929,0.175649508,0.85791512
22031,26821,39.3,49807,0.163222132,0.82386764
22033,454369,34,62083,0.381819395,0.9083663
22035,7371,33.9,30856,0.117939168,0.67721912
22037,19452,44.3,64709,0.161266116,0.84378198
22039,32335,36.9,34526,0.122274701,0.76508754
22041,19752,39,41129,0.153470633,0.78207475
22043,22185,37.9,57362,0.120254372,0.80445151
22045,69958,37.4,55190,0.141560759,0.82712396
22047,30210,39.9,59410,0.149280239,0.79687792
22049,15093,41.4,40406,0.128295581,0.83252878
22051,436171,39.8,63257,0.297786418,0.87210417
22053,32277,37.9,52470,0.152014908,0.83130678
22055,243175,36.2,66617,0.346364846,0.89544413
22057,97220,38.8,61381,0.186189536,0.82035242
22059,14764,38.3,59926,0.176960096,0.82885502
22061,48323,28.3,37001,0.365731234,0.88656932
22063,143425,36.6,77978,0.217381687,0.88690633
22065,10028,36.2,34508,0.140218562,0.76496845
22067,25438,40,37875,0.128675836,0.80946078
22069,37478,33.3,41310,0.228325376,0.87546294
22071,380408,37.9,51116,0.407356999,0.88681199
22073,159585,36.5,49261,0.258231259,0.88006153
22075,23305,36.4,77996,0.190037969,0.86292554
22077,20652,43.4,53045,0.147745902,0.81004098
22079,129536,37.7,55407,0.223009998,0.87636557
22081,7631,37.8,43821,0.106441477,0.79615082
22083,20028,39.5,48125,0.163343956,0.80130438
22085,22209,41.1,40777,0.133121609,0.85834326
22087,44038,35.6,55857,0.16824612,0.81173603
22089,52191,38.8,79191,0.271632978,0.90691006
22091,10872,42.2,46402,0.120145142,0.79129149
22093,20090,40.4,62946,0.186679041,0.88892062
22095,41986,37.9,65114,0.163778506,0.86410635
22097,82574,37.3,44478,0.141162869,0.78549584
22099,51856,39.5,50806,0.141992498,0.82791544
22101,49114,39.5,47322,0.123225978,0.80077627
22103,266168,40.6,76914,0.363870608,0.91254041
22105,133953,35.7,55274,0.214919746,0.83248986
22107,4127,47.4,35653,0.142178487,0.78350865
22109,108862,36.9,63088,0.1704666,0.8237474
22111,21049,42.5,47068,0.173688101,0.85916818
22113,57202,38.6,56194,0.18739831,0.84800294
22115,48452,31.5,56547,0.187323804,0.8779145
22117,45514,40.6,41803,0.117201967,0.83069408
22119,36761,41.5,34263,0.144064133,0.86678194
22121,27377,36.4,80510,0.230824668,0.88556574
22123,9800,41,45035,0.114344202,0.81590876
22125,15358,42.6,71985,0.211632207,0.83350143
22127,13665,40.7,44922,0.132748777,0.83911093
23001,111532,40.8,64500,0.228080155,0.91971558
23003,67237,48.5,50843,0.214015529,0.90625124
23005,303357,42.1,87710,0.506275304,0.96251912
23007,29839,46.3,56890,0.28776878,0.93898352
23009,55851,48.9,64149,0.36595032,0.95048477
23011,124003,44.3,62118,0.298692498,0.94562259
23013,40729,49,68904,0.378512184,0.93686106
23015,35466,51.3,69638,0.392278134,0.94784995
23017,58276,48.2,54780,0.214799519,0.91123012
23019,152640,42.4,59438,0.297837725,0.93923089
23021,16936,51.2,51805,0.20833652,0.92007648
23023,36868,46.7,77591,0.386575736,0.94296482
23025,50656,47,53527,0.197471769,0.91801761
23027,39772,47,62694,0.332614846,0.93153038
23029,31096,48.6,51669,0.246262819,0.90935164
23031,212691,45.2,79743,0.331894318,0.94713356
24001,68161,41.9,55248,0.208268982,0.90551822
24003,588109,38.8,116009,0.441293527,0.93545808
24005,850737,39.5,88157,0.411625631,0.91713689
24009,93244,40.4,128078,0.355756046,0.94473012
24011,33320,39.5,65326,0.177081053,0.8442002
24013,173225,41.5,111672,0.387544688,0.94181272
24015,103876,41,86869,0.26752351,0.91449109
24017,167035,38.8,116882,0.310594692,0.94444691
24019,32557,43.8,57490,0.191537703,0.87760964
24021,273829,38.9,115724,0.43625081,0.93269298
24023,28856,47.6,64447,0.246222015,0.9051306
24025,261059,40.4,106417,0.387722931,0.94169601
24027,332011,39.2,140971,0.640116135,0.95225876
24029,19289,48.5,71635,0.373549219,0.90535893
24031,1056910,39.8,125583,0.600283341,0.91256429
24033,957189,38.2,97935,0.356340949,0.8714026
24035,50316,44.6,108332,0.365718405,0.93262352
24037,113814,37,113668,0.349177163,0.91816283
24039,24672,38,52149,0.168474416,0.84661636
24041,37663,51.4,81667,0.414526779,0.92202075
24043,154645,40.9,73017,0.22976593,0.88432264
24045,103815,36.1,69421,0.289481292,0.8854704
24047,52827,50.6,76689,0.320880322,0.93516817
24510,584548,36,58349,0.34901675,0.87061852
25001,229436,54.5,90447,0.460559966,0.95902053
25003,128763,47.5,69744,0.37955106,0.93401747
25005,576699,41,80628,0.296840317,0.86088357
25007,20543,49.2,93225,0.431641867,0.94187969
25009,806103,40.9,94378,0.417436091,0.8994345
25011,70980,47.1,70383,0.39801087,0.93686915
25013,464575,39.5,66619,0.286475131,0.86660093
25015,153931,39.3,84025,0.504015641,0.95237379
25017,1623109,38.8,121304,0.584673018,0.93424208
25019,14065,40.5,135590,0.57372762,0.9727419
25021,722112,40.7,120621,0.562943508,0.942383
25023,529548,42.7,105387,0.405427824,0.93112677
25025,785443,33.6,87669,0.492382057,0.87106016
25027,858898,40.2,88524,0.383676467,0.91398974
26001,10238,59.3,50295,0.199763033,0.91220379
26003,8866,47.2,55528,0.207101493,0.93736666
26005,120189,40.4,75543,0.241336183,0.91674964
26007,28911,47.6,49133,0.167309032,0.92793127
26009,23662,51.5,68850,0.324502943,0.94251916
26011,15031,50,53487,0.145761513,0.89366216
26013,8245,46.5,51911,0.155580429,0.91301567
26015,62581,42.2,75182,0.236303541,0.93126868
26017,103752,43.6,57887,0.200859591,0.90971631
26019,18058,50.4,71327,0.324389006,0.9344405
26021,153938,42.5,60379,0.300758908,0.91632578
26023,44795,40.9,60600,0.160616239,0.88815322
26025,134011,40,58191,0.220449625,0.91138715
26027,51604,45.3,65183,0.211673489,0.8967658
26029,26174,49.5,69764,0.329890582,0.94697822
26031,25709,52,59557,0.225072653,0.89698367
26033,36670,40.8,58408,0.228659488,0.9227138
26035,30998,48.2,47816,0.121645953,0.87110799
26037,79249,41.4,82594,0.322425671,0.95105149
26039,13197,51.4,57998,0.195695299,0.9099385
26041,36839,47.6,53852,0.196998124,0.92329765
26043,25937,47.2,59651,0.238787942,0.95977313
26045,109072,41.2,77158,0.302771002,0.94763878
26047,34072,45.8,69690,0.378772112,0.95549508
26049,405280,40.5,58594,0.227868343,0.90997062
26051,25461,50.7,53717,0.143715732,0.89049979
26053,14597,50.6,47913,0.223664459,0.96203091
26055,95315,42.8,75553,0.386608476,0.94900608
26057,41534,39.6,57934,0.181283479,0.91895109
26059,45698,42.8,59425,0.195625952,0.90293296
26061,37414,31.9,52736,0.357732577,0.94220746
26063,31461,49.3,54475,0.165949018,0.91336548
26065,282540,33,62548,0.406405964,0.9358255
26067,66663,39.1,71720,0.168446077,0.91314026
26069,25319,53.1,46224,0.163268427,0.89820573
26071,11585,53.4,52241,0.198544233,0.92732363
26073,64938,28.9,52638,0.306538376,0.92638088
26075,160637,41.1,62581,0.224815396,0.92009417
26077,261426,34.6,67905,0.404824859,0.94366146
26079,17934,43.3,56380,0.173414409,0.88446736
26081,657321,35.6,76247,0.385889094,0.9241399
26083,2088,57.2,55560,0.382929642,0.98096886
26085,12285,51.8,45946,0.121551545,0.82254719
26087,88687,44.5,75402,0.191081302,0.91979769
26089,22426,55.2,82345,0.486391072,0.9624758
26091,99263,42,65484,0.224801405,0.91129404
26093,194302,43.6,96135,0.381393735,0.96084414
26095,5442,47.7,51015,0.172848485,0.91757576
26097,10843,52.7,60620,0.257226792,0.92632197
26099,878453,41,73876,0.268007337,0.90631022
26101,25058,50,59467,0.225205853,0.90313106
26103,66376,39.1,63115,0.346849798,0.95411932
26105,29178,46.7,60744,0.242030142,0.93502042
26107,40128,40.6,54132,0.237493418,0.91954412
26109,23433,49.6,54074,0.16655255,0.92668036
26111,83503,41.7,73643,0.356231351,0.94986598
26113,15089,42.6,57667,0.168623767,0.90352278
26115,154823,42.6,72573,0.225976058,0.91670305
26117,66901,40.6,61250,0.143644193,0.88136953
26119,9261,56.2,46345,0.151895282,0.88151077
26121,175947,39.4,61347,0.206937139,0.92143451
26123,50130,42.4,59065,0.182579564,0.89430202
26125,1272264,41.1,92620,0.495342529,0.94744578
26127,26707,43.8,60691,0.195957447,0.8968617
26129,20820,50.6,50377,0.145687349,0.88176838
26131,5862,59.2,48316,0.152075627,0.93588163
26133,23022,43.5,54875,0.165373722,0.89317818
26135,8264,52,48692,0.137824675,0.85422078
26137,25221,44.6,62865,0.262588339,0.94340769
26139,296183,35.8,83932,0.364973942,0.94178392
26141,13083,56.1,55986,0.198348713,0.92102963
26143,23556,57,49898,0.185106833,0.90686482
26145,189821,41,56579,0.228766747,0.90549181
26147,160257,44.1,66887,0.19895288,0.91921466
26149,60887,39.8,62281,0.171817629,0.87224316
26151,40759,45.2,55740,0.152721393,0.90855295
26153,8062,51.8,55071,0.20135637,0.88955272
26155,68124,43.2,62498,0.191766137,0.92106294
26157,53218,44.7,59815,0.153046642,0.91534364
26159,75636,40.8,65531,0.222209467,0.88430337
26161,370231,34.4,84245,0.574152759,0.9576209
26163,1781641,37.7,57223,0.26497814,0.87780884
26165,33766,42.2,58652,0.198549065,0.89974969
27001,15859,56.2,56406,0.183426218,0.92577336
27003,363985,38.8,95782,0.314533614,0.94172181
27005,35202,42.5,68683,0.263064329,0.93141227
27007,46274,35,62173,0.314403034,0.9243832
27009,41300,36.2,70346,0.236480293,0.91651696
27011,5161,47.7,63024,0.203416978,0.9335291
27013,69022,31.4,70906,0.351635888,0.94834685
27015,25880,42,67038,0.239372212,0.92982555
27017,36362,41.6,74660,0.25097641,0.94129823
27019,107216,38.5,116308,0.49762009,0.96293838
27021,30288,49,61970,0.248480483,0.93885912
27023,12466,41.8,62112,0.197886424,0.90732784
27025,56927,40.8,97446,0.235724707,0.95195452
27027,65307,32.8,75006,0.36686064,0.94256045
27029,8541,41.6,62723,0.182634214,0.87571207
27031,5611,52.2,71937,0.464015993,0.97201244
27033,11481,41.4,63586,0.225128205,0.91307692
27035,66558,45,65975,0.271570543,0.94307456
27037,439179,38.4,101360,0.44120968,0.95581638
27039,20893,38.3,92890,0.303036845,0.95754174
27041,39081,44.2,72472,0.284053513,0.95650308
27043,13931,44.6,64000,0.214033317,0.93255931
27045,21251,42.1,73234,0.232949087,0.91882805
27047,30857,44.1,65679,0.170727264,0.8851496
27049,47697,42,78338,0.277901355,0.94477563
27051,6091,44.3,67600,0.190366444,0.93270339
27053,1270787,37.2,92595,0.525680809,0.93820374
27055,18826,44.6,71580,0.266800178,0.94815309
27057,21479,48.1,67197,0.295898812,0.9411652
27059,41257,40.2,84063,0.197006092,0.92463011
27061,45054,46.8,63962,0.246727489,0.94416135
27063,9990,44.4,68368,0.230769231,0.9345039
27065,16145,44.8,68995,0.149817613,0.91332291
27067,43686,40,73285,0.258961428,0.90132207
27069,4191,48,66000,0.272056357,0.96041597
27071,12072,50.6,59779,0.170777157,0.92710731
27073,6736,48.7,66967,0.207805476,0.94115243
27075,10915,49.7,73860,0.260541068,0.9287107
27077,3786,51.2,61667,0.212319339,0.96008259
27079,28795,41.3,87180,0.246613826,0.94858032
27081,5630,44.6,64750,0.223517486,0.93258996
27083,25352,36.8,68919,0.2750911,0.92823173
27085,36727,41.3,73296,0.189132052,0.93508985
27087,5389,35.1,52739,0.137079345,0.86940414
27089,9017,42.8,69396,0.185073681,0.92600222
27091,19960,44.8,61674,0.230774638,0.94032054
27093,23352,42.3,75926,0.200313972,0.94084772
27095,26680,40.8,68088,0.166585353,0.90648886
27097,34023,42.2,66264,0.174685574,0.92394699
27099,40082,39.1,66972,0.239869551,0.90966001
27101,8170,46.7,71500,0.215821152,0.91229579
27103,34380,37.1,79113,0.349054914,0.95090925
27105,22194,36.4,62973,0.17045617,0.79372229
27107,6457,43.7,65278,0.218686982,0.92829935
27109,162307,37.6,90420,0.476636706,0.94932109
27111,60072,46.1,67990,0.265599851,0.93181553
27113,13995,39.8,71504,0.196575908,0.9529703
27115,29090,45.6,65059,0.153960857,0.91178938
27117,9380,40,68341,0.205156951,0.92680974
27119,31128,39.3,69540,0.266657135,0.934277
27121,11312,46.2,71212,0.223911457,0.95232304
27123,547202,35.7,78108,0.447241972,0.91192681
27125,3912,42.9,73889,0.173372348,0.95025604
27127,15428,40.4,65617,0.20003858,0.9300733
27129,14707,42.3,66313,0.179587067,0.9137125
27131,67152,37.1,78214,0.299523533,0.92469494
27133,9659,40.9,75060,0.27419852,0.9397349
27135,15294,42.1,70122,0.199714422,0.92936697
27137,200122,41.2,66491,0.316706416,0.94894131
27139,151347,37.3,118268,0.4287643,0.94905137
27141,97820,36.6,99431,0.272659293,0.94402555
27143,14950,41.9,74781,0.178499376,0.93150159
27145,158622,34.9,73105,0.284452567,0.92706685
27147,37396,39.9,79722,0.283527032,0.92650034
27149,9682,33.8,69737,0.286134163,0.93603043
27151,9806,43.8,58362,0.228797422,0.93115571
27153,25277,43.3,63216,0.148359161,0.89026892
27155,3345,45.3,63456,0.161896625,0.93848783
27157,21460,45.4,75063,0.267002845,0.94517714
27159,14108,40,54747,0.183632096,0.92477593
27161,18953,40.2,71856,0.21966687,0.92924817
27163,268651,39.8,110828,0.478908502,0.96196777
27165,11205,41,65197,0.181890284,0.87825512
27167,6454,41.9,67114,0.242081949,0.93333333
27169,49792,35.6,66162,0.317956157,0.93149581
27171,142543,37.4,102980,0.330858504,0.94927856
27173,9569,42.3,70605,0.193889897,0.92589232
28001,29425,41.5,37271,0.202886415,0.82518964
28003,34717,40.1,47716,0.176160206,0.81897877
28005,12683,48.2,34866,0.092402014,0.87541055
28007,17842,39.1,42680,0.161885246,0.84084699
28009,7637,41.7,38750,0.110003691,0.77999262
28011,30688,36.6,37845,0.271693597,0.82231199
28013,13193,42.8,44505,0.119573496,0.78315744
28015,9930,45.5,42285,0.179948586,0.78812069
28017,17024,39.3,40224,0.112748518,0.7603767
28019,8208,43,41887,0.173293975,0.86942177
28021,9044,33.9,34282,0.222895097,0.8214495
28023,15553,42.1,46329,0.126789366,0.85666481
28025,18598,39.5,37412,0.180111539,0.81674652
28027,21264,35.7,36075,0.200327552,0.8129234
28029,28210,39.6,46889,0.213406736,0.84887737
28031,18323,37.8,40164,0.157091267,0.82854563
28033,186214,37.1,79666,0.274476967,0.91213208
28035,77917,31.9,49340,0.286642676,0.89519475
28037,7690,42.7,43942,0.164826799,0.84316711
28039,24547,36.4,51349,0.160136181,0.86022903
28041,13672,39.7,50000,0.113572854,0.81117764
28043,21474,38.4,45745,0.220772122,0.82036215
28045,46010,45.4,63623,0.243653011,0.90365063
28047,208748,37.6,55211,0.248014966,0.89095167
28049,226541,36.1,48596,0.313238331,0.88938835
28051,16848,35.5,28818,0.147483019,0.81036568
28053,7744,38.4,31907,0.186234022,0.74768928
28055,1206,43.1,17900,0.051625239,0.64340344
28057,23888,39.9,57252,0.152591111,0.85247234
28059,143721,39.4,60045,0.235964948,0.88737554
28061,16320,41.5,43914,0.149015105,0.88631746
28063,7207,41.3,31544,0.197320341,0.75862769
28065,11291,44.5,36473,0.141600595,0.85493062
28067,67152,37.7,49451,0.207430902,0.86130494
28069,8980,39.7,42947,0.165430017,0.8
28071,56172,30.7,59748,0.450805452,0.91771995
28073,64425,37.3,67972,0.336018837,0.91193241
28075,72741,38.5,45649,0.204275198,0.84193496
28077,11933,41.1,41096,0.139005689,0.82908731
28079,21335,40.5,46669,0.169443484,0.81327342
28081,83343,37.4,64479,0.283197979,0.87273055
28083,27920,34.4,33115,0.192243608,0.83194484
28085,34855,40.7,47069,0.191849031,0.87338382
28087,58547,37.1,53687,0.261106541,0.88032188
28089,109257,38.4,79105,0.495466463,0.92559264
28091,24362,40.3,38399,0.112676901,0.82777645
28093,33980,41.9,51431,0.139849814,0.82766622
28095,34168,41.4,51190,0.160745216,0.84909805
28097,9803,42,36845,0.168751862,0.756479
28099,28970,37,47400,0.153134805,0.82314086
28101,21275,38.2,49160,0.161659094,0.85739411
28103,10261,40.4,42298,0.133552927,0.81089984
28105,51388,25.4,42953,0.444482785,0.90936278
28107,33157,39.4,47894,0.160379489,0.81870341
28109,56351,40.8,54220,0.15936853,0.86886646
28111,11511,42.3,48333,0.107839339,0.85935684
28113,40098,37.3,40131,0.167374681,0.82706418
28115,31202,35.7,54414,0.178545295,0.80052685
28117,24945,38,51578,0.184813494,0.83489511
28119,6113,40.1,31192,0.143747005,0.75203642
28121,157185,38.9,76460,0.327376415,0.90021397
28123,27943,36.7,44968,0.110842968,0.77663037
28125,3910,37,41000,0.160493827,0.79729192
28127,25889,40.4,50867,0.164635183,0.80100913
28129,14310,42.8,51983,0.144795918,0.82040816
28131,18360,39.4,55894,0.142917405,0.85607019
28133,25867,36.7,37403,0.173542932,0.77033086
28135,12621,37.7,35428,0.116729733,0.78133242
28137,28094,38.3,61286,0.180589748,0.83549428
28139,21769,39.6,47968,0.158451939,0.79254014
28141,18837,43.6,45545,0.147957662,0.81484794
28143,9787,33.2,41676,0.16917111,0.83632251
28145,27880,38.6,55970,0.176912273,0.77576707
28147,13888,40,37145,0.182773785,0.8147592
28149,44341,39.9,54117,0.267533504,0.87659207
28151,44604,37.9,38394,0.20599047,0.80098707
28153,19760,38.8,34875,0.198413328,0.82451408
28155,9942,40.1,55657,0.179126573,0.84826055
28157,8531,38.9,34928,0.114671438,0.85312297
28159,17741,41.9,45516,0.174061157,0.85473274
28161,12499,41.8,47006,0.123423725,0.84466019
28163,27467,36.8,41867,0.118749032,0.77039789
29001,25299,29,51020,0.342947793,0.91995962
29003,18069,41.5,68774,0.261158069,0.94470337
29005,5270,48.1,58521,0.213119004,0.90666321
29007,24873,40.4,51745,0.153668666,0.86796262
29009,34701,43.2,55592,0.149006758,0.85525292
29011,11683,40.7,48105,0.183068651,0.86632487
29013,16101,40.7,54122,0.138765923,0.88508447
29015,19616,54.1,50229,0.150468771,0.87620494
29017,10658,44.7,52306,0.116990546,0.84296218
29019,184043,31.8,66564,0.497171426,0.94763535
29021,84544,38.6,58303,0.23349501,0.89622444
29023,42280,40.7,47245,0.13902397,0.83593723
29025,8876,42.7,58269,0.168147417,0.89848634
29027,44517,39.6,70599,0.24870416,0.90171051
29029,43227,52.6,59834,0.22555458,0.91741065
29031,81703,36.9,65070,0.33633298,0.9184033
29033,8513,43.7,59101,0.207439678,0.91370643
29035,5299,42,45737,0.148354713,0.83407697
29037,108205,39.9,82473,0.278600634,0.94088977
29039,14314,44.8,43589,0.173329295,0.85806582
29041,7417,45.7,61910,0.214463363,0.92079587
29043,89568,39.1,75787,0.318742985,0.92812108
29045,6693,42.8,53362,0.129151292,0.89624484
29047,253085,37.5,82264,0.349463364,0.93800545
29049,21155,40.9,66494,0.223390455,0.93807606
29051,76890,39.6,70667,0.357963168,0.92517376
29053,16893,38.8,62239,0.233451588,0.90456001
29055,23023,42.3,52367,0.135894105,0.84214758
29057,7598,46.5,46806,0.143965362,0.89410067
29059,17158,41.7,46547,0.133165618,0.88888889
29061,8418,40.4,59706,0.200818214,0.87068659
29063,11838,41.7,67910,0.146117674,0.89230416
29065,14509,43.7,51410,0.172947049,0.85602427
29067,11803,47,47848,0.157484959,0.84758759
29069,28174,39.4,44868,0.136370955,0.80030054
29071,104858,40.9,70111,0.213763453,0.90423638
29073,14801,46.3,62638,0.193469922,0.88923192
29075,6219,40.2,53799,0.211478924,0.87616099
29077,299188,36.3,54968,0.32391866,0.93131002
29079,9878,40.2,51045,0.149947518,0.85440096
29081,8190,42.2,51809,0.16918429,0.90758841
29083,22064,44.2,54903,0.15883327,0.89147879
29085,8452,55.7,33302,0.100649351,0.89393939
29087,4274,47.8,55153,0.210694845,0.93627922
29089,10142,38.3,59023,0.264050092,0.88530849
29091,39960,40.7,46401,0.179746835,0.86197028
29093,9538,45.1,53401,0.188363636,0.86341818
29095,715526,37,65169,0.329618171,0.9174914
29097,122788,36.6,54963,0.247413622,0.88278388
29099,226984,39.9,77217,0.227616881,0.91183608
29101,54025,31,62503,0.284269271,0.92364524
29103,3772,41.9,49167,0.159727782,0.85188151
29105,36060,39.5,49202,0.168849296,0.87318855
29107,32858,41.4,78397,0.228596415,0.91700918
29109,38231,38.7,52225,0.153319698,0.85828351
29111,9987,39.1,49779,0.149788036,0.8641859
29113,60172,37.1,82543,0.183231043,0.90744407
29115,11892,42,58435,0.196135975,0.9037662
29117,14402,39.2,58772,0.194787245,0.87520979
29119,23381,38.2,46494,0.11831963,0.79278006
29121,15173,43,54113,0.174734017,0.91258507
29123,12649,41.4,54042,0.160955348,0.8824276
29125,8454,45.2,56491,0.183572489,0.87036121
29127,28525,39,62492,0.247237426,0.89693277
29129,3517,41.7,55592,0.204809287,0.91003317
29131,24855,41.1,53490,0.211058195,0.89139273
29133,12305,42.1,40833,0.136836028,0.79318707
29135,15401,37.6,66792,0.186658921,0.86368477
29137,8668,45.8,50245,0.163826999,0.89973788
29139,11421,43.8,58660,0.159920289,0.87744426
29141,21169,46,48841,0.138732583,0.79729368
29143,16341,41.8,44092,0.130337681,0.83321422
29145,59019,40.2,60313,0.221951159,0.89343058
29147,21140,33.5,53917,0.260486711,0.9418828
29149,8783,44.7,41365,0.143019481,0.85762987
29151,13374,41.4,70313,0.230718232,0.92762431
29153,8688,52.6,39125,0.103785104,0.80937118
29155,15555,39.2,37426,0.116371767,0.82218549
29157,18970,41.4,61486,0.202948365,0.85640086
29159,43059,38,57581,0.18538206,0.87557265
29161,44843,36,53242,0.315590708,0.91769987
29163,17719,39.9,53363,0.153616403,0.86422344
29165,107033,38.7,92543,0.443142172,0.96369385
29167,31877,38.9,54487,0.202675585,0.8790731
29169,53726,27.7,62541,0.269402985,0.94504749
29171,4698,46.1,50950,0.184186882,0.9344115
29173,10356,45.5,62615,0.157618214,0.91485922
29175,24652,39.8,51480,0.170933209,0.8963812
29177,23122,42,69779,0.151298621,0.89660743
29179,6102,46.2,43856,0.141753146,0.78737028
29181,10839,41.1,42541,0.118585483,0.82172295
29183,406262,39.4,99596,0.419662286,0.95437139
29185,9330,48.2,43483,0.12360867,0.89352665
29186,18494,44,61215,0.163800288,0.91461474
29187,66814,39.4,53083,0.155016875,0.86862941
29189,999703,40.2,78067,0.460789306,0.94191788
29195,23219,35.5,55396,0.249898222,0.87929163
29197,4066,39.4,53728,0.123599701,0.92382375
29199,4720,36,58656,0.146082792,0.83236401
29201,38055,39.4,54621,0.211688463,0.86371221
29203,7132,46.9,46767,0.149483531,0.85948158
29205,6049,42.9,50387,0.175594523,0.88469853
29207,28656,41.3,51703,0.148847377,0.81453696
29209,31314,54.6,58392,0.206100916,0.90314899
29211,5983,43.9,53438,0.143897112,0.85755884
29213,56202,42.3,54467,0.238161417,0.8983426
29215,24828,42.6,42870,0.151851432,0.84899785
29217,19777,41.8,53318,0.177598083,0.8836478
29219,35729,41.3,75531,0.191564361,0.88266278
29221,23580,39.8,49364,0.122733954,0.81651151
29223,11081,49.2,42758,0.110504609,0.8215672
29225,39265,36.8,65103,0.183696039,0.87910265
29227,1982,48.7,43536,0.156428571,0.94
29229,18475,41.1,43573,0.128426063,0.8240604
29510,298018,36.5,52941,0.386171811,0.89976441
30001,9469,42.3,55867,0.364402882,0.94297103
30003,13090,31.6,52463,0.198196986,0.89303014
30005,7030,33.6,58507,0.237767057,0.89110958
30007,6977,47.4,61679,0.222637795,0.93326772
30009,10645,50.7,66780,0.313892609,0.95823694
30011,1332,56.8,46486,0.213279678,0.94265594
30013,84423,37.9,61351,0.276014811,0.93367824
30015,5897,42.4,51791,0.245158127,0.92326551
30017,11957,42.8,61114,0.266317016,0.94428904
30019,1535,52.4,47378,0.260169492,0.96186441
30021,8915,42.8,68168,0.246223079,0.95210543
30023,9435,49.6,46436,0.202247191,0.90469744
30025,2941,37.2,79750,0.180976864,0.96503856
30027,11496,46.7,58321,0.275793651,0.94642857
30029,105950,42.3,68025,0.348924092,0.95590759
30031,119685,33.5,83434,0.528854637,0.97577716
30033,976,42,61786,0.213973799,0.97088792
30035,13781,34.2,41078,0.20472628,0.86699917
30037,841,54.9,54792,0.233944954,0.91284404
30039,3368,54.7,53917,0.314606742,0.90391321
30041,16238,33.4,58427,0.236510791,0.90427658
30043,12273,47.4,73875,0.332665777,0.93691589
30045,2039,50.2,58750,0.272727273,0.94214876
30047,31509,43.7,58009,0.319434373,0.92295141
30049,71487,41.2,71967,0.427144605,0.95029805
30051,1993,36.9,48047,0.27219369,0.76595745
30053,20157,52.5,44593,0.174600103,0.92389061
30055,1746,54,79022,0.213432836,0.96940299
30057,8742,54.3,61226,0.316357359,0.96389009
30059,1948,57.6,55753,0.362416107,0.97248322
30061,4652,50.3,56098,0.260479907,0.93090489
30063,118541,36.7,66840,0.444922887,0.96383714
30065,4924,52,54875,0.197183099,0.91115926
30067,17320,46.2,67602,0.36344756,0.9689957
30069,416,49.6,57981,0.238390093,0.99690402
30071,4233,45.9,61250,0.200462351,0.93163804
30073,5987,41.6,59861,0.218742413,0.87958242
30075,1773,49.9,60313,0.254916242,0.89293518
30077,6998,45.5,60994,0.19384223,0.92512297
30079,1283,47.2,44107,0.224210526,0.86210526
30081,44876,49,67424,0.28797412,0.93022497
30083,11366,38.3,67515,0.141588227,0.95717884
30085,10799,30.4,51038,0.198317697,0.93222258
30087,8310,36.4,57656,0.194390339,0.89676665
30089,12615,54.7,47110,0.180846691,0.90649404
30091,3700,43.8,67457,0.255013243,0.9046538
30093,35306,40.3,56297,0.276589619,0.93534589
30095,8978,48,78380,0.292750076,0.92933619
30097,3697,43.6,64872,0.236020054,0.96027767
30099,6238,42.4,65224,0.254878909,0.89842464
30101,5018,40.4,54040,0.222847496,0.87366348
30103,680,54.3,70096,0.321561338,0.94052045
30105,7552,43.2,59725,0.196129512,0.93263863
30107,2060,49.1,48272,0.20696452,0.92378449
30109,1119,46.4,58750,0.225097025,0.95084088
30111,165524,38.4,72300,0.342613231,0.95302492
31001,31143,38,61502,0.270510741,0.92415081
31003,6302,42.5,61924,0.204757463,0.93633396
31005,485,44.1,66667,0.314285714,0.96507937
31007,670,54.1,62375,0.303921569,0.91176471
31009,384,57.7,52083,0.208074534,0.90372671
31011,5397,43.6,66800,0.179877235,0.9394182
31013,10778,40.9,67893,0.180656443,0.9188862
31015,1767,55.6,57120,0.169024572,0.9523455
31017,2691,46.9,44267,0.213279678,0.92454728
31019,50103,34.2,70093,0.351650122,0.92551889
31021,6717,44.9,54950,0.233961465,0.91022655
31023,8373,43,75690,0.25306828,0.92376837
31025,26749,40.8,87673,0.312726879,0.95383865
31027,8375,41.7,72035,0.233028838,0.94698191
31029,3704,43.2,57313,0.243968872,0.87937743
31031,5473,41.5,62373,0.259269138,0.9781275
31033,9489,41.4,54038,0.238331828,0.92306534
31035,6088,39.5,73933,0.215737862,0.93255202
31037,10563,36.4,71205,0.128259551,0.73135233
31039,9000,41.8,68917,0.239549314,0.92129327
31041,10566,42.1,62288,0.258033639,0.94680706
31043,21308,31.7,66112,0.142602357,0.78551489
31045,8279,35.3,53760,0.360301216,0.95636223
31047,24037,35.9,67462,0.160229544,0.78767167
31049,1858,51,58875,0.208011244,0.89739986
31051,5579,41.4,60568,0.222222222,0.84364123
31053,37175,39.4,66793,0.216765693,0.88678711
31055,582638,35.3,76083,0.4122717,0.91375061
31057,1825,42.4,58977,0.262820513,0.94230769
31059,5557,46.4,72335,0.228481625,0.94414894
31061,2901,49.8,55625,0.191970466,0.93077988
31063,2491,43.3,62928,0.234042553,0.93794326
31065,4630,47,58895,0.214003044,0.89802131
31067,21654,42.9,60035,0.20003956,0.92503461
31069,1778,47.3,47139,0.230531997,0.9383192
31071,1833,46.5,64957,0.31872214,0.95690936
31073,1873,48.9,76583,0.280968858,0.93910035
31075,649,40.2,65139,0.269662921,0.91685393
31077,2212,43.6,52813,0.171335505,0.92833876
31079,62575,36,63553,0.212881879,0.84931336
31081,9400,41.3,73254,0.249492584,0.97174083
31083,3094,47.5,64583,0.245283019,0.92682927
31085,919,48.9,59405,0.18061674,0.92951542
31087,2620,43.3,49456,0.188311688,0.93452381
31089,10149,42.3,66325,0.274851255,0.93948629
31091,659,40.9,43333,0.271428571,0.93095238
31093,6476,42.6,70766,0.223037581,0.95863909
31095,7185,45.8,54494,0.192687174,0.92068098
31097,5294,40.3,64352,0.190127971,0.89475059
31099,6655,38.3,74276,0.308797127,0.93738779
31101,8303,49.1,59511,0.199021207,0.90831974
31103,987,46.4,63977,0.287519747,0.98104265
31105,3395,47.8,53151,0.115323224,0.85275339
31107,8415,43.9,61250,0.189165651,0.91917784
31109,322063,34.1,70387,0.408542196,0.93284722
31111,34532,42.2,63019,0.201993133,0.93518131
31113,839,44.8,69250,0.252688172,0.97491039
31115,629,43.4,50000,0.195227766,0.98915401
31117,456,56.3,58250,0.174041298,0.9380531
31119,35538,36.8,61139,0.244571527,0.92956959
31121,7675,43,57873,0.174176936,0.92882104
31123,4562,40.3,57325,0.194497761,0.89411388
31125,3366,44,60054,0.189873418,0.92194093
31127,7019,38.6,57196,0.304753636,0.90232255
31129,4092,49.4,66000,0.268211921,0.92781457
31131,15995,42,73031,0.256471017,0.92936566
31133,2553,47.3,55833,0.204013378,0.85897436
31135,2860,41.5,61786,0.258524173,0.90636132
31137,8966,40.4,65114,0.26690742,0.92334209
31139,7301,40.2,65603,0.220647773,0.94493927
31141,34219,38.3,69943,0.245770656,0.89679954
31143,5182,43.4,67695,0.185658699,0.92106726
31145,10690,41.5,58344,0.243902439,0.92262873
31147,7850,47.1,50321,0.203984485,0.91308181
31149,1312,43.5,57566,0.286486486,0.95135135
31151,14275,38.6,71104,0.219313305,0.80525751
31153,191272,35.3,95911,0.411587617,0.95704954
31155,22374,40.4,84474,0.290884194,0.95266041
31157,36048,39.2,60137,0.251890418,0.89128548
31159,17644,37.5,79677,0.309577439,0.94170646
31161,5102,45.8,53609,0.216968011,0.89707928
31163,2970,49.1,60194,0.188600556,0.90871177
31165,1162,41.3,50833,0.249042146,0.96040868
31167,5828,41.4,76035,0.201005025,0.93994975
31169,5006,45.9,60305,0.225099602,0.93454752
31171,592,46.7,70069,0.245967742,0.91532258
31173,6716,28.1,63459,0.198087432,0.89754098
31175,4053,46.3,62321,0.269525802,0.93654114
31177,20884,41.6,89671,0.343031408,0.9508553
31179,9701,31.8,64951,0.326519438,0.95692645
31181,3410,44.6,62571,0.214910454,0.939192
31183,771,57.8,59167,0.247135843,0.9787234
31185,14212,39.5,72914,0.252695488,0.93813462
32001,25409,39.7,69922,0.176410139,0.92189998
32003,2265926,37.8,69911,0.26394873,0.86453128
32005,49476,53.5,84262,0.313312566,0.9338877
32007,53600,34.9,87755,0.170079013,0.88900744
32009,980,55,40694,0.242840779,0.7812142
32011,1622,48.4,73929,0.152115212,0.95229523
32013,17266,37,75574,0.208131229,0.85413176
32015,5728,40,92388,0.140373638,0.90243902
32017,4507,40.6,67412,0.153435833,0.88233448
32019,59435,43.2,70026,0.161123241,0.87367027
32021,4568,39.8,46625,0.146490959,0.90254367
32023,51698,52.9,53602,0.125383853,0.86686478
32027,6587,40.4,66304,0.1005386,0.8406144
32029,4095,55.7,86932,0.313523932,0.92418889
32031,486674,38.6,81531,0.324780201,0.88498824
32033,8997,41.4,71297,0.133045934,0.89311729
32510,58249,42.1,67465,0.243051421,0.88560745
33001,63914,47.8,80719,0.319438945,0.93411976
33003,50679,53.8,77049,0.375425085,0.95026505
33005,76610,43.5,76551,0.343640029,0.93755499
33007,31430,49.7,55247,0.204112439,0.88915181
33009,90836,44.1,79949,0.432915784,0.93185656
33011,422733,40.9,95112,0.40212606,0.92992749
33013,153918,42.8,88806,0.368228668,0.93467391
33015,315169,44.7,110225,0.435791996,0.95785703
33017,130965,37.7,83212,0.387230797,0.94448618
33019,43356,47,70788,0.301488606,0.90915217
34001,274339,42,73113,0.30081479,0.88382581
34003,953243,42,118714,0.516523964,0.92992991
34005,461853,41.7,102615,0.410752976,0.94083524
34007,522581,38.7,82005,0.342554537,0.89276503
34009,95456,50.9,83870,0.358503833,0.93917168
34011,153588,37.9,62310,0.173488229,0.81204801
34013,853374,37.6,73785,0.373967883,0.8692829
34015,302621,40.2,99668,0.351711622,0.9360218
34017,712029,35.6,86854,0.466201349,0.87166802
34019,129099,46.4,133534,0.554746005,0.95787374
34021,383732,39.3,92697,0.441523471,0.89726842
34023,860147,39.1,105206,0.451141349,0.89683216
34025,643064,43.3,118527,0.498933254,0.94349439
34027,508816,42.7,130808,0.571408323,0.95073803
34029,638691,41.8,82379,0.329415474,0.9314693
34031,519986,37.8,84465,0.300865976,0.85177958
34033,64840,41.8,73378,0.227734134,0.90180069
34035,344978,42,131948,0.572650418,0.94022019
34037,144808,44.5,111094,0.389695666,0.9544451
34039,572079,39,95000,0.38304032,0.8680283
34041,109739,44,92620,0.354751211,0.93839574
35001,674692,38.6,62220,0.366170438,0.90166325
35003,3635,59.5,44777,0.149059829,0.96512821
35005,64701,36.2,49673,0.175333541,0.81240269
35006,27211,38,49866,0.147285978,0.84216251
35007,12370,49.2,46286,0.22072999,0.90533954
35009,48327,31.7,55427,0.214534845,0.80934335
35011,1695,28.5,34702,0.092186128,0.84635645
35013,219870,33.2,51232,0.304189246,0.815831
35015,61264,35.7,77458,0.182356947,0.84033995
35017,28006,48.1,44895,0.263726019,0.88553064
35019,4413,43,38713,0.140082401,0.80517952
35021,671,42.2,39489,0.305732484,0.86836518
35023,4160,42.1,53651,0.169188446,0.83046768
35025,73103,32.2,65855,0.145996499,0.76094168
35027,20222,51.7,47919,0.242761403,0.90142495
35028,19253,41.2,135801,0.696672908,0.97925969
35029,25393,36.5,38241,0.118651276,0.7318955
35031,72073,33.6,44029,0.124360366,0.80743415
35033,4208,59.4,40231,0.205951679,0.93370654
35035,67850,35.9,50833,0.209863307,0.8655633
35037,8641,46.6,38998,0.160344828,0.86191223
35039,40285,41.7,52031,0.182356766,0.85264793
35041,19142,31.3,52644,0.204010384,0.8573091
35043,149460,40.8,76424,0.321415858,0.91867189
35045,121798,36.8,50734,0.157432026,0.85566118
35047,27215,45,43490,0.237844675,0.83465722
35049,154481,47.7,70522,0.421701423,0.90651352
35051,11506,55.4,35256,0.197425829,0.90346859
35053,16453,39.6,40699,0.167617089,0.84734038
35055,34475,49.8,55145,0.344658176,0.93405389
35057,15203,43,50727,0.145237199,0.86003389
35059,4074,39.4,41714,0.155244755,0.87552448
35061,76613,38.8,56246,0.210924048,0.84782858
36001,315041,38.1,78829,0.444159645,0.92596946
36003,47222,38.9,58725,0.245036206,0.91350486
36005,1443229,35,47036,0.212152575,0.74523322
36007,198365,39.7,58317,0.298324644,0.90584317
36009,77000,42.5,56889,0.20200271,0.89258018
36011,76171,43.4,63227,0.229764872,0.88490989
36013,127440,42.8,54625,0.24289741,0.89678314
36015,83584,41.7,61358,0.245584867,0.90173891
36017,47096,44.9,61741,0.182690892,0.88524397
36019,79839,40.9,67097,0.271762938,0.87895299
36021,61469,49.3,81741,0.363920773,0.92043461
36023,46755,36.3,65029,0.278404045,0.90633327
36025,44637,48.9,58338,0.249954762,0.90364316
36027,296467,42.9,94578,0.389817247,0.91554205
36029,951232,40.1,68014,0.363839206,0.92190423
36031,37314,49.2,68090,0.311787072,0.91641894
36033,47459,41.9,60270,0.221476708,0.86959092
36035,53280,44.2,60557,0.193275572,0.87487392
36037,58204,42.7,68178,0.231667345,0.92487499
36039,48067,47,70294,0.275879107,0.88481704
36041,5090,56.4,66891,0.233503774,0.85829072
36043,60293,44.3,68104,0.223630065,0.91339827
36045,117445,32.8,62782,0.252182074,0.91573373
36047,2679620,35.9,74692,0.404022141,0.83778736
36049,26690,42,64401,0.192099567,0.91195887
36051,61980,41.7,70443,0.29462879,0.92260683
36053,68020,42.5,68869,0.268776673,0.93067741
36055,756406,39.3,71450,0.404866449,0.91363861
36057,49624,40.6,58033,0.19776152,0.88781369
36059,1389160,41.7,137709,0.482229033,0.91811386
36061,1645867,38.5,99880,0.627504871,0.88464221
36063,212230,43.1,65882,0.270287808,0.91691519
36065,231055,40.9,66402,0.273157095,0.88888472
36067,472637,39.4,71479,0.369419547,0.91364399
36069,112288,43.8,76603,0.372387761,0.93339416
36071,401237,36.8,91806,0.315611897,0.89687372
36073,40148,43.2,61069,0.177990659,0.86145297
36075,118037,40.3,65054,0.214324856,0.89778813
36077,59678,40.8,65778,0.336958731,0.92612828
36079,97942,44.1,120970,0.428262345,0.93256123
36081,2360826,39.9,82431,0.347688183,0.82791317
36083,160943,40,83734,0.353609384,0.92419632
36085,492925,40.3,96185,0.353340742,0.88674816
36087,337326,35.3,106173,0.4246352,0.88612202
36089,108670,38.8,58339,0.234797085,0.88800134
36091,236328,43.3,97038,0.434060241,0.93991745
36093,159447,39.7,75056,0.342414296,0.91641138
36095,29970,45.7,71479,0.24961644,0.91138593
36097,17855,47.3,61316,0.244824211,0.91914477
36099,33651,43,64050,0.22147541,0.84192623
36101,93584,42.8,62506,0.258523454,0.91463763
36103,1524486,41.7,122498,0.390263742,0.90464566
36105,78725,41.9,67841,0.277683779,0.86660307
36107,48344,44.7,70427,0.263159409,0.92028089
36109,102555,32.6,69995,0.574874092,0.9567663
36111,182153,44.2,77197,0.355872921,0.91467671
36113,65684,46.7,74531,0.338419707,0.9166227
36115,61310,44.6,68703,0.211287829,0.89103159
36117,91324,43.6,71007,0.249992335,0.90567802
36119,997904,41.3,114651,0.517598379,0.89297245
36121,40338,42.9,65066,0.182237132,0.87465691
36123,24713,41.7,63974,0.240355906,0.84318643
37001,171779,39.1,60866,0.273344623,0.88303497
37003,36505,43.9,62764,0.153227642,0.85985739
37005,10989,50.6,42115,0.20745181,0.82299013
37007,22200,41.1,42000,0.113869538,0.82488917
37009,26759,49.6,49176,0.207897171,0.87010078
37011,17679,46.5,53513,0.223039036,0.86936705
37013,44711,46.9,56081,0.19468404,0.86795742
37015,17818,45.9,41652,0.16603352,0.80536313
37017,29807,45,40476,0.202510891,0.8817164
37019,139721,55.7,71193,0.323970741,0.93537397
37021,269449,42.3,66531,0.430339258,0.92125307
37023,87799,45.1,53732,0.197623621,0.84778163
37025,226396,37.6,83828,0.364868102,0.91951713
37027,80716,45.1,52362,0.172424445,0.8186171
37029,10547,41.1,79120,0.243484225,0.92263374
37031,68353,49.9,66965,0.318718607,0.92120701
37033,22747,46.4,56999,0.154265843,0.83698063
37035,161011,41.5,62070,0.247997431,0.87387829
37037,76754,47.6,84222,0.465158084,0.89418773
37039,28868,52.9,49254,0.236275253,0.91151942
37041,13835,48.7,51188,0.242006979,0.86626426
37043,11186,54.1,57065,0.288153432,0.88340545
37045,99527,41.4,50723,0.193885877,0.86788191
37047,50827,41.8,43206,0.145332962,0.8561995
37049,101098,38.5,61676,0.256565597,0.90880216
37051,335207,31.7,55551,0.268904819,0.92314673
37053,28616,42.5,82793,0.270588811,0.92835485
37055,37160,48.1,79742,0.425386487,0.94918408
37057,169498,42.6,58473,0.204722695,0.86546435
37059,43030,45.2,69105,0.26180411,0.89838059
37061,49312,40.6,49376,0.158772955,0.80330128
37063,325101,35.8,74927,0.518848617,0.9068865
37065,49067,41.6,46370,0.177484609,0.85584872
37067,383739,38.4,61229,0.353092474,0.89220277
37069,69680,41,70493,0.23705823,0.86923409
37071,228972,39.9,62628,0.249965406,0.87636018
37073,10509,47.3,55750,0.088951914,0.90486013
37075,8047,45.3,46010,0.138233775,0.84093648
37077,61161,42.5,68079,0.236590369,0.8582855
37079,20407,40,50320,0.114581193,0.76070132
37081,539557,37.2,62880,0.379230296,0.90097052
37083,48772,43.6,41629,0.157332796,0.81118338
37085,134718,35.2,64992,0.227590024,0.88223467
37087,62152,47.7,56596,0.287450603,0.90426145
37089,116469,47.7,65508,0.339565721,0.91569071
37091,21633,41.7,46196,0.160214059,0.83892706
37093,52612,33.5,57141,0.201788446,0.88898694
37095,4636,46.8,43724,0.142471668,0.81030761
37097,187839,40.8,73103,0.326999056,0.90859922
37099,42388,39.2,51482,0.298243072,0.89309908
37101,219042,38.4,75288,0.262296202,0.89529189
37103,9263,47.9,53053,0.157418224,0.85776869
37105,63560,39.6,60941,0.210124474,0.85146453
37107,55071,42.7,43063,0.150112395,0.82058654
37109,87933,44.3,75672,0.260609712,0.89815945
37111,44629,44.3,53532,0.179627131,0.86161536
37113,37088,50.6,51042,0.244584482,0.89480468
37115,21414,44.6,56664,0.322165279,0.88936579
37117,21992,46.7,44799,0.154691304,0.81977652
37119,1115403,35.4,79265,0.477816319,0.9088985
37121,14989,47.4,55534,0.220398278,0.89818802
37123,25839,43.7,55523,0.197344698,0.83920669
37125,100759,43,77981,0.398655285,0.92821272
37127,95015,41.7,56770,0.219485289,0.86557962
37129,228134,40.2,67515,0.434038046,0.93534007
37131,17528,51.3,45698,0.177663826,0.8350049
37133,203686,26.9,59976,0.256591722,0.92015533
37135,145919,36.2,85785,0.617144587,0.93418321
37137,12317,54.2,55867,0.244651448,0.90039922
37139,40454,39,61411,0.260761768,0.89698167
37141,61592,42.6,74538,0.286144094,0.90225305
37143,13053,49.8,59401,0.195868946,0.86385836
37145,39131,43.7,60688,0.175223454,0.88434036
37147,171196,33.2,54915,0.331378243,0.9020462
37149,19538,54.2,60465,0.333355091,0.92761097
37151,144403,41.4,56423,0.16760378,0.83983331
37153,43149,40.1,42354,0.172353844,0.82706664
37155,117573,36.8,39393,0.146168545,0.78350135
37157,91209,45.1,50737,0.154430916,0.83637713
37159,147067,40.7,59717,0.205799583,0.87422758
37161,64680,44.9,50512,0.197762471,0.85920253
37163,59317,39.6,49963,0.149013199,0.82624764
37165,34222,39,41948,0.144730033,0.82240814
37167,62723,41.4,60634,0.187427716,0.85985441
37169,44696,47.4,57539,0.161201358,0.87483331
37171,71429,43.8,52743,0.182116197,0.82023382
37173,14130,41.6,52818,0.211196192,0.85120033
37175,33131,52.4,62056,0.370715657,0.93767872
37177,3389,45.3,55341,0.122344611,0.77340677
37179,240109,38.9,95533,0.384482569,0.90447429
37181,42492,40.7,48340,0.178055556,0.84666667
37183,1132103,37,96734,0.556536052,0.93971388
37185,18803,48.6,42282,0.173346622,0.8544885
37187,11051,48,38927,0.141036962,0.85757538
37189,54540,32.1,50034,0.445231608,0.92479564
37191,117480,37.5,54323,0.199902898,0.85743854
37193,66125,45.3,49119,0.163839678,0.81480085
37195,78667,40.9,49827,0.204647981,0.83414066
37197,37280,44.5,57486,0.141149859,0.86461828
37199,18538,48,53103,0.223698462,0.88526247
38001,2190,46.9,57950,0.204314721,0.93337563
38003,10826,43.6,64447,0.287044427,0.94958766
38005,5960,31,63220,0.20647653,0.87195484
38007,839,40.6,74000,0.289473684,0.95230263
38009,6411,44.3,80113,0.263428827,0.92703671
38011,2975,41.6,79709,0.218056241,0.89047854
38013,2184,44.8,94583,0.247249191,0.91909385
38015,98443,37.7,82141,0.37271152,0.94931063
38017,186328,32.7,73249,0.426155408,0.95643608
38019,3691,47.8,61174,0.235716988,0.93265229
38021,5003,38.1,60250,0.267063244,0.91421415
38023,2195,44,95938,0.213316096,0.90433096
38025,4049,42.7,91758,0.189856066,0.90575737
38027,2345,46.4,50375,0.269005848,0.92046784
38029,3297,50.5,63750,0.180929095,0.89486553
38031,3388,45.1,78426,0.223856209,0.94321895
38033,1734,45.7,84750,0.235524257,0.94679186
38035,72927,30.3,64698,0.367156363,0.95599685
38037,2320,49.4,57069,0.210617426,0.91806117
38039,2309,51.9,66688,0.267180095,0.91172986
38041,2477,41.3,66797,0.177270256,0.88036977
38043,2391,48.4,57240,0.186899038,0.89963942
38045,4135,45.8,70227,0.25338295,0.90155616
38047,1849,49.2,59750,0.243382353,0.9125
38049,5326,43,78071,0.193874834,0.90545939
38051,2529,53.6,64375,0.167089893,0.87557136
38053,14081,30.5,83813,0.246341463,0.9271777
38055,9781,46.3,80556,0.222472861,0.93218666
38057,8366,44,82155,0.199222053,0.89531541
38059,33192,36.7,79555,0.26730803,0.93551221
38061,9648,34.7,81886,0.226666667,0.88894309
38063,3025,50,62219,0.285908473,0.9401903
38065,1832,48.1,69722,0.216342412,0.9463035
38067,6853,45.6,64243,0.218926554,0.92130751
38069,3999,44.6,59583,0.293870403,0.93169877
38071,11613,40,61490,0.254676441,0.92719919
38073,5663,42.7,71462,0.211866565,0.90883626
38075,2282,38.2,77067,0.227631579,0.91184211
38077,16548,37.3,67089,0.239779212,0.93507344
38079,12292,31.1,53806,0.162381219,0.8539687
38081,3828,44.2,75648,0.184392015,0.94228675
38083,1338,52.3,68684,0.143263757,0.90417457
38085,3896,27.1,41201,0.114674441,0.85860058
38087,837,54.1,70625,0.227906977,0.91627907
38089,32989,34.3,78734,0.252261118,0.91934955
38091,1774,45.3,85750,0.299843014,0.96153846
38093,21609,40.3,59167,0.244752449,0.91730526
38095,2152,49.1,61250,0.170607029,0.85367412
38097,8004,40.6,81157,0.306276459,0.93741947
38099,10553,44.6,68082,0.179007323,0.86886357
38101,69532,33,78143,0.294003738,0.94057778
38103,3990,49.7,59732,0.215754618,0.91146741
38105,39076,31.9,86139,0.244989138,0.90822642
39001,27509,42.2,46234,0.152224824,0.84974452
39003,102087,39.8,58976,0.191449896,0.91982999
39005,52522,41.5,62254,0.219018885,0.89889932
39007,97666,42.6,53663,0.156777933,0.86608703
39009,61276,32.2,48750,0.342709227,0.91733341
39011,46263,40.7,75231,0.207132885,0.93419216
39013,66554,44.1,56943,0.174301036,0.91477343
39015,43715,41.9,66677,0.145433678,0.87476636
39017,388327,37.2,77062,0.319041665,0.91210863
39019,26761,45.9,59872,0.134530315,0.88862868
39021,38715,41.7,70486,0.181457392,0.91371771
39023,135877,41.4,58954,0.186469828,0.88999391
39025,208851,40.5,79573,0.301967511,0.91449317
39027,42077,40.5,64210,0.20607475,0.91124783
39029,101723,44.5,55473,0.164820829,0.89847667
39031,36629,40.6,52048,0.165041617,0.84542212
39033,41861,42.9,52486,0.147664695,0.8990754
39035,1256620,40.4,60074,0.351757314,0.90906239
39037,51751,41.7,60237,0.1629573,0.91066372
39039,38300,40.8,69302,0.189206663,0.91986765
39041,216074,39.8,123995,0.574403226,0.97163665
39043,75299,44.8,65171,0.26466631,0.91855429
39045,159371,39.5,82969,0.310896427,0.93879328
39047,28901,41.2,56773,0.137359863,0.84996465
39049,1318149,34.6,71070,0.416879046,0.91508443
39051,42602,41.4,71453,0.182767356,0.93858688
39053,29276,40.2,55533,0.181727209,0.8630041
39055,95455,44.6,97162,0.393506336,0.91076127
39057,167567,38.6,81243,0.411949907,0.94202695
39059,38409,42.6,53901,0.149320425,0.86244647
39061,827671,36.8,68249,0.403157316,0.92143464
39063,75072,39.4,67006,0.28495806,0.93832591
39065,30622,35.6,55876,0.184818837,0.91592302
39067,14528,46.1,54056,0.116831307,0.88183891
39069,27601,41.8,71616,0.181399004,0.92994498
39071,43285,40.8,60522,0.151843964,0.85025183
39073,28104,42.6,59007,0.147490697,0.87896007
39075,44273,32.2,72987,0.110596102,0.57581399
39077,58518,40.1,64144,0.155350748,0.90182574
39079,32563,40.1,56549,0.158787716,0.87053452
39081,65280,44.3,53124,0.19500227,0.92594194
39083,62657,39.4,71246,0.237102885,0.91501506
39085,232236,43.9,76835,0.299273366,0.93611085
39087,57994,41.9,51846,0.181540193,0.89409952
39089,178844,40.2,78505,0.295488431,0.93158922
39091,46098,41.8,69125,0.188555552,0.92997846
39093,313101,41.9,67272,0.272182078,0.91205572
39095,430014,38.1,57265,0.279608824,0.90852915
39097,43961,41.4,77062,0.203916507,0.8882977
39099,227979,43.3,54279,0.261729169,0.91440196
39101,65366,40.7,55106,0.134645396,0.89468094
39103,182347,42.7,89968,0.359084195,0.95037705
39105,22242,43.2,46255,0.114834956,0.85772101
39107,42321,39.4,73278,0.203646224,0.93014378
39109,108818,41.1,71440,0.246686215,0.92827099
39111,13401,46.1,55381,0.107150238,0.88830337
39113,536121,39,61942,0.299700281,0.91704596
39115,13851,44.6,51056,0.111836161,0.86537496
39117,35049,42.7,70412,0.168964816,0.89749847
39119,86393,40.5,56810,0.193428373,0.9040299
39121,14216,51.9,51547,0.131183991,0.84732259
39123,40367,49.8,69515,0.268914985,0.93101305
39125,18827,41.4,65331,0.154094579,0.89896194
39127,35451,41.1,62899,0.148014736,0.87990176
39129,58809,39.5,67600,0.196172716,0.87707779
39131,27151,40.9,50832,0.139712199,0.84154854
39133,161217,39.1,69796,0.317362621,0.92868235
39135,40929,43,66355,0.188295874,0.91959502
39137,34400,40.3,79453,0.259177008,0.94813847
39139,125008,40.9,56557,0.177523067,0.89555848
39141,76957,41.3,58048,0.165303621,0.88694952
39143,58885,42.3,60814,0.183250734,0.93162681
39145,73716,40.6,46360,0.17562068,0.875572
39147,55062,40.6,62476,0.188571891,0.93396074
39149,48145,40.2,73502,0.206538726,0.91182722
39151,374199,41.8,63130,0.24087594,0.92699226
39153,539361,41.1,68360,0.345768564,0.92534408
39155,201749,44,53537,0.20018562,0.89577576
39157,92840,41.1,61953,0.196718757,0.8876338
39159,63411,38.4,104496,0.393196552,0.94929944
39161,28833,41.3,64841,0.172044632,0.92681946
39163,12790,43.6,50967,0.154423948,0.80260687
39165,243189,39.5,103128,0.446611362,0.94829719
39167,59639,44.1,59053,0.204806859,0.91756659
39169,116680,38.8,70320,0.240341724,0.86470588
39171,36973,41.5,60632,0.144097693,0.91056406
39173,131564,35.4,70537,0.375072816,0.94819175
39175,21818,42.3,68552,0.211850596,0.93983443
40001,19726,38.1,44955,0.108564724,0.81752053
40003,5683,43.6,75028,0.207245354,0.8743825
40005,14117,40.6,49181,0.1477499,0.82706093
40007,5071,39.9,62981,0.226749336,0.85473871
40009,22295,36.3,51499,0.151663725,0.84774792
40011,8661,41.3,56843,0.178017312,0.82606565
40013,46528,36.8,54289,0.238017114,0.87248279
40015,26910,37.4,52443,0.150589906,0.86634258
40017,156681,36.2,82364,0.320388443,0.91963581
40019,48202,38.4,56390,0.195867306,0.87387191
40021,47412,36.5,52410,0.285591113,0.8840325
40023,14285,41.7,43252,0.14705578,0.84404429
40025,2272,45.9,57100,0.31710442,0.87508008
40027,295060,34.8,71757,0.352353,0.92207261
40029,5287,40.7,47117,0.172346369,0.83687151
40031,121777,33.5,57150,0.237724413,0.90289499
40033,5537,42.8,60208,0.18153446,0.83979194
40035,14144,41.2,48018,0.134032047,0.85044845
40037,72076,40.4,61657,0.179826073,0.90304271
40039,28391,32.4,58669,0.310504202,0.88061224
40041,40791,46.8,53290,0.187397076,0.85857839
40043,4504,38.1,61310,0.195462478,0.93089005
40045,3755,43.8,57768,0.189958786,0.86549269
40047,62456,35.7,64165,0.226871326,0.8683492
40049,25806,38.8,53600,0.163932526,0.87281897
40051,55314,39.7,74349,0.221221968,0.9063016
40053,4152,41.1,58980,0.223571429,0.92
40055,5531,41,55204,0.094058154,0.81567636
40057,2499,40.7,55729,0.148083624,0.80023229
40059,3272,39.7,59934,0.230116175,0.90169794
40061,11651,41.3,46239,0.146606674,0.84464442
40063,13409,39.2,44799,0.146031407,0.84189723
40065,24776,34.7,60954,0.242433816,0.85903835
40067,5420,40.9,48346,0.166986564,0.84754593
40069,10410,39.5,48476,0.209359965,0.88103222
40071,43859,38.2,53746,0.181499071,0.89369537
40073,15290,38.1,65167,0.228947368,0.91012146
40075,8446,41.6,42679,0.178589898,0.85623168
40077,9537,40.9,42735,0.128158016,0.854693
40079,48525,38.8,46750,0.151569067,0.84864566
40081,33734,41,57656,0.159165232,0.89135112
40083,49919,39.9,80565,0.30745472,0.91810603
40085,10158,39,60758,0.152800355,0.83892419
40087,42393,38.8,80150,0.268456849,0.88892413
40089,31003,38.2,47046,0.15697047,0.84999509
40091,19159,47.4,43467,0.136007967,0.86427657
40093,7678,42.2,67621,0.183419491,0.90714149
40095,15494,42,53734,0.15647853,0.81914495
40097,39324,40.3,56552,0.153546231,0.89153361
40099,13837,41.5,60213,0.174989509,0.86812841
40101,66606,38.1,50289,0.201606534,0.86897268
40103,10981,41.1,66813,0.196554947,0.9025237
40105,9460,42.1,50960,0.167941266,0.89951055
40107,11349,40.1,45429,0.125095444,0.83443624
40109,795822,35.1,62505,0.341994268,0.88507554
40111,36900,39.3,50819,0.159739102,0.87169827
40113,46004,43.2,58189,0.200569121,0.89465149
40115,30472,37.6,46186,0.15435563,0.86723292
40117,15682,41.5,56279,0.163900992,0.87679614
40119,82058,27.2,46658,0.385945065,0.93115073
40121,43758,40.4,53054,0.189537977,0.86710669
40123,38116,37.3,59457,0.287772648,0.8950008
40125,72734,37.7,58270,0.208889626,0.88649556
40127,10845,44,42274,0.140391551,0.84131891
40129,3423,42,57574,0.222692633,0.92464014
40131,95870,39.3,75312,0.25145139,0.92167102
40133,23592,38.9,43239,0.148266803,0.85327097
40135,39538,40.8,47494,0.149687221,0.83512064
40137,43140,40.7,57065,0.188837614,0.88683788
40139,21144,33.1,55682,0.244907372,0.75386271
40141,7013,40.8,46306,0.18160478,0.79534784
40143,668923,36,65229,0.33230714,0.89898434
40145,82269,38.9,75082,0.261145365,0.91590114
40147,52579,39.7,59426,0.307340992,0.91482208
40149,10930,40.4,60600,0.195844504,0.89115282
40151,8661,33.7,50724,0.320916372,0.89867759
40153,20411,36.8,61207,0.192848854,0.8716275
41001,16685,47.4,51657,0.244140153,0.91381393
41003,95615,33.5,72882,0.537699806,0.95980743
41005,420925,41.9,95740,0.391886088,0.94356017
41007,41190,44.9,68025,0.257493054,0.92240562
41009,52865,43.1,83265,0.183720625,0.90550085
41011,64908,48.4,57563,0.205679845,0.90023496
41013,24987,47,74969,0.208847847,0.90250188
41015,23404,56.8,64300,0.237078887,0.91086001
41017,199352,42.6,82042,0.407662022,0.94265723
41019,111322,46.6,56440,0.188963089,0.91266391
41021,1983,51,58409,0.219363575,0.89844279
41023,7237,51.7,56045,0.192904261,0.89124621
41025,7496,45.5,45462,0.14166212,0.9123477
41027,23965,40.2,80254,0.382850314,0.84146997
41029,222604,42.3,67690,0.299947503,0.91012949
41031,24659,41.1,69345,0.212133646,0.87872216
41033,87994,47.4,56068,0.186125443,0.91003455
41035,69506,41.1,57219,0.208402534,0.89309221
41037,8201,46.1,54663,0.198042414,0.87047308
41039,382218,40.1,65157,0.3296817,0.92841741
41041,50334,52.4,57794,0.288977363,0.92843835
41043,128598,40,69523,0.20437201,0.90835466
41045,31538,35.9,48371,0.145972581,0.81446065
41047,345815,37,70926,0.250073889,0.85745145
41049,12140,37,64975,0.112940871,0.76789419
41051,808098,38.2,83668,0.477144309,0.92338529
41053,87600,37.1,77353,0.310195379,0.91781133
41055,1900,45.7,57171,0.160087719,0.88230994
41057,27345,48.7,63098,0.238079134,0.90700034
41059,79904,36.9,70322,0.182478301,0.84482726
41061,26286,39.7,61946,0.238349625,0.92782451
41063,7439,50.9,62238,0.319721826,0.93313124
41065,26639,40.4,61316,0.220458178,0.86435802
41067,599541,37.5,100121,0.458212289,0.92865361
41069,1407,56.1,50774,0.199818347,0.9164396
41071,107674,39.4,80125,0.292595471,0.89902791
42001,104604,43.8,78975,0.243832114,0.90314991
42003,1245310,40.6,72537,0.438345906,0.95235009
42005,65538,47,61011,0.185874753,0.92441573
42007,167629,44.9,67194,0.267642234,0.94652515
42009,47613,47.3,58337,0.16096764,0.90297802
42011,428483,39.9,74617,0.268170821,0.88068977
42013,122640,42.9,59386,0.234339251,0.92962387
42015,60159,43.9,60650,0.200230312,0.90641818
42017,645163,44,107826,0.433062179,0.94681779
42019,194562,43.4,82932,0.383309212,0.95665382
42021,133263,45.6,54221,0.226712157,0.92786194
42023,4536,51.8,46186,0.108745685,0.92606444
42025,65018,46.3,64538,0.18331634,0.89679352
42027,158665,33.3,70087,0.462041077,0.94805729
42029,536474,40.7,118574,0.561185029,0.94745694
42031,37489,41.5,58690,0.227472527,0.90883046
42033,79707,45.2,56982,0.1912583,0.89862991
42035,37860,39.8,59011,0.20299188,0.89540418
42037,64924,41.3,59457,0.254646541,0.91641969
42039,83876,43.6,58734,0.205885348,0.90640804
42041,261269,40.3,82849,0.386654871,0.93496681
42043,286108,39.4,71046,0.33279917,0.91181762
42045,575312,39,86390,0.408729753,0.93502727
42047,30886,48.2,61672,0.184851019,0.93142907
42049,270495,39.9,59396,0.295676116,0.92515695
42051,128417,45.2,55579,0.186451783,0.89837781
42053,6959,46.2,46188,0.115815255,0.85794262
42055,156084,42.2,71808,0.229667895,0.90212082
42057,14545,45.7,63153,0.16305889,0.89403535
42059,35781,43.1,66283,0.211136346,0.89423604
42061,44123,43.6,61300,0.180607236,0.90040962
42063,83394,39.6,57170,0.262018126,0.92001397
42065,44326,43.7,56607,0.169886616,0.91198454
42067,23535,42.7,61915,0.143394167,0.82956406
42069,215672,41.9,63739,0.299015608,0.91558313
42071,553202,39,81458,0.305181277,0.86957844
42073,85907,45,57585,0.2203612,0.91963621
42075,143258,41.3,72532,0.228507316,0.87514088
42077,374110,38.9,74973,0.323533908,0.90248004
42079,325396,42.2,60836,0.245385643,0.90482902
42081,114022,41.4,63437,0.24369339,0.90761534
42083,40459,43.8,57861,0.19492819,0.92812045
42085,110600,45,57353,0.240988737,0.90506658
42087,46146,43.3,58012,0.131622875,0.84775889
42089,168128,43.5,80656,0.265565684,0.89895036
42091,856399,41.2,107441,0.514332417,0.94781943
42093,18165,43.2,72626,0.364012643,0.92639976
42095,314299,41.9,82201,0.328398348,0.91953809
42097,91340,44.5,55952,0.184677215,0.89909312
42099,45941,43.7,76103,0.182628938,0.89146865
42101,1593208,34.8,57537,0.33606052,0.86903172
42103,58996,48.9,76416,0.274082414,0.93078136
42105,16390,48.1,56491,0.166736419,0.90106303
42107,143201,44.2,63574,0.184673992,0.89662698
42109,39797,40,65914,0.210098578,0.84916096
42111,73802,46.7,57357,0.172298276,0.90029697
42113,5880,55,62910,0.188850031,0.90763217
42115,38540,48.5,63968,0.19886205,0.91542167
42117,41186,45,59707,0.213188155,0.91716699
42119,42908,39.7,64914,0.250507763,0.86299012
42121,50475,47.6,59278,0.193881637,0.90763728
42123,38492,47.4,57925,0.189504888,0.93714931
42125,209631,44.2,74403,0.323950833,0.94012788
42127,51227,48.8,59240,0.208266606,0.91593584
42129,354414,47.2,69454,0.312063737,0.95343868
42131,26219,45.3,67968,0.214697635,0.92767578
42133,457051,41,79183,0.263389339,0.91096606
44001,50658,43.9,105875,0.513763799,0.93266326
44003,170168,43.6,85732,0.335730032,0.92746695
44005,85442,46.4,96319,0.521101809,0.94773148
44007,657984,37.6,72579,0.311958185,0.86289762
44009,129998,44.9,99510,0.485535091,0.94853363
45001,24368,44.5,49759,0.19062336,0.85118666
45003,169865,41.8,63212,0.296012717,0.89568648
45005,8073,43.1,37096,0.107760141,0.78871252
45007,204592,40.6,62347,0.261379811,0.8715768
45009,13311,40.8,43920,0.178547561,0.77311205
45011,20653,40.9,42470,0.143365531,0.82787421
45013,189071,46.8,81260,0.43387437,0.93637935
45015,231419,36.7,77874,0.283597897,0.90077238
45017,14145,46.8,55550,0.191428571,0.86533333
45019,409840,38.9,78795,0.480929823,0.9293632
45021,56200,40,47011,0.172167404,0.85185961
45023,32171,41.8,50022,0.138541063,0.85187826
45025,43536,42.6,46326,0.128703765,0.81380987
45027,31163,45.5,48677,0.16594235,0.80855876
45029,38561,41.6,46795,0.156538847,0.861836
45031,63025,41.4,44317,0.19002655,0.85704721
45033,28255,37.5,42454,0.118761034,0.78334136
45035,162139,37.7,73686,0.294365158,0.90608293
45037,26181,42.9,60033,0.198764915,0.83001884
45039,20942,46.6,44521,0.147160687,0.84094622
45041,137015,39,56088,0.23795682,0.87290095
45043,63594,51,59782,0.309812248,0.90853836
45045,528251,38.5,71328,0.392974121,0.90097985
45047,69309,40.2,47553,0.242305131,0.86887042
45049,18890,40.2,40157,0.115638016,0.80923892
45051,356578,47.6,59880,0.253585752,0.9157503
45053,29444,43.6,60452,0.232796555,0.8982305
45055,65779,40.6,61343,0.213300697,0.8890443
45057,97611,42.2,72186,0.3007677,0.89056014
45059,67456,41.2,52077,0.179167822,0.82693169
45061,16557,41.5,39099,0.144487016,0.81191997
45063,295934,39.4,71280,0.326050952,0.91250913
45065,9612,57.9,55569,0.212622089,0.85161533
45067,29212,41.6,35972,0.137246205,0.84520993
45069,26585,41.5,34275,0.082904277,0.80392981
45071,37918,42.6,56706,0.225133917,0.85456087
45073,78775,46.2,56710,0.277990871,0.86948297
45075,84159,40.5,41020,0.191553066,0.84272077
45077,131106,36.1,57628,0.274748109,0.87052698
45079,416161,33.9,59850,0.402384246,0.92202368
45081,18952,43.3,51041,0.191877487,0.83184446
45083,330119,38,61955,0.252370193,0.87831145
45085,105199,36.9,53970,0.23072829,0.88805938
45087,27158,44.2,42305,0.139375515,0.81574608
45089,30879,43.2,40848,0.152417847,0.82914774
45091,282987,39.2,80158,0.368527612,0.92269921
46003,2590,41.4,71490,0.182134571,0.91299304
46005,19089,37.5,63813,0.254867539,0.85102139
46007,3391,27,44821,0.183639399,0.88870339
46009,7018,42.1,57554,0.200734868,0.88899633
46011,34631,27.7,64438,0.424289378,0.96201111
46013,38278,37.3,70379,0.328156411,0.93657614
46015,5247,41.5,64821,0.257270694,0.85794183
46017,1859,24,42917,0.06805708,0.82436883
46019,10369,40.3,58106,0.181743081,0.8939832
46021,1534,50.4,66932,0.283528353,0.87218722
46023,9302,35.4,60729,0.247038019,0.89478338
46025,3837,41.2,59340,0.186765857,0.91111981
46027,14953,24.6,55963,0.40005454,0.934006
46029,28402,39.6,65747,0.201695879,0.91830826
46031,3906,29,48125,0.171575503,0.86208509
46033,8515,56.8,75943,0.30499928,0.93646449
46035,19966,39.7,55606,0.232580384,0.90236186
46037,5485,47.2,57558,0.224098235,0.91506779
46039,4298,42,76997,0.23699422,0.9282557
46041,5275,27.1,55077,0.178724928,0.86604585
46043,2823,41.6,75048,0.205913411,0.91288279
46045,4014,43.7,76806,0.281489214,0.92588727
46047,7079,54.7,54886,0.198650128,0.91535936
46049,2140,45.8,56734,0.221527778,0.92222222
46051,7533,43.8,70851,0.244055545,0.91668252
46053,3983,45.7,48272,0.191489362,0.90371439
46055,1755,44.7,53109,0.166261152,0.96350365
46057,6196,33.1,76995,0.218844985,0.92373584
46059,3075,44.6,72857,0.253414979,0.93075836
46061,3443,37.3,86827,0.211221122,0.94672324
46063,1176,45.1,71484,0.273464658,0.94090382
46065,17812,39.2,83750,0.354180221,0.9668998
46067,7401,41.7,69139,0.257527098,0.91971096
46069,1319,47,69712,0.203423968,0.90835851
46071,2838,33.4,26078,0.155957944,0.87091121
46073,1836,50.5,66607,0.168338109,0.91690544
46075,1006,41.8,61250,0.33880597,0.94925373
46077,5172,41.9,65964,0.229614949,0.90458664
46079,11207,44.3,74884,0.345482745,0.93330748
46081,26047,43,62977,0.366984473,0.94976846
46083,65801,35.9,92317,0.418036035,0.96011934
46085,3719,36,60284,0.231765214,0.91454467
46087,5714,39.5,74873,0.276939655,0.92564655
46089,2251,50.9,58529,0.205051112,0.81118461
46091,4363,43.7,74018,0.233080224,0.90326841
46093,29970,36.5,70256,0.273825437,0.95816625
46095,1989,36.3,41397,0.119391026,0.81971154
46097,2312,48.8,62037,0.164960867,0.90487658
46099,197742,35.6,73110,0.341782321,0.93101311
46101,6346,40.6,71469,0.2700661,0.94475921
46102,13695,26.3,32279,0.081498427,0.73949099
46103,110386,39.6,67823,0.33378768,0.94173001
46105,2970,45.4,64410,0.202284626,0.9224179
46107,2587,44.7,71786,0.242959691,0.96576477
46109,10242,37,59022,0.16529567,0.91122148
46111,2373,39.3,65806,0.198989261,0.91914087
46115,6355,45,65795,0.250609351,0.90649236
46117,2979,43.2,82298,0.268544601,0.942723
46119,1318,52.7,66875,0.215116279,0.9622093
46121,9353,25.1,33792,0.147390841,0.79808307
46123,5607,44.7,56758,0.170815874,0.89820064
46125,8687,42,72312,0.264484889,0.91367507
46127,16700,40.1,82036,0.35424483,0.94459471
46129,5317,40.9,57697,0.276539278,0.9118896
46135,23311,41.7,68847,0.272816849,0.93077965
46137,2455,34.3,46023,0.148749155,0.89587559
47001,77337,42.1,60633,0.24528952,0.90871008
47003,50533,37.9,59955,0.171194366,0.85026042
47005,15933,47.9,47737,0.111034423,0.84677767
47007,14816,44.6,51783,0.103400052,0.78113801
47009,135951,43.8,70935,0.260214944,0.90430398
47011,108859,39.9,60692,0.238905197,0.88196818
47013,39397,44.2,48258,0.12943537,0.81170797
47015,14481,40.7,57651,0.17496127,0.85611929
47017,28381,41.7,49700,0.198136038,0.88728696
47019,56315,46,47994,0.211206999,0.87437891
47021,41184,40.9,77014,0.228936605,0.8894683
47023,17392,38,57471,0.163565479,0.8559277
47025,32092,42,42406,0.187543373,0.82186849
47027,7592,47.4,39572,0.123049002,0.84972777
47029,36186,45.5,45110,0.117282071,0.84484203
47031,58080,39.3,57424,0.233273377,0.87424315
47033,13955,40.2,59136,0.155274262,0.85748945
47035,61552,52.6,56002,0.181045367,0.89270684
47037,709786,34.7,71863,0.459848077,0.9033552
47039,11483,45.8,48466,0.156332612,0.8505167
47041,20209,42.1,46907,0.204017795,0.81092729
47043,54563,39.2,68492,0.193148553,0.88359398
47045,36818,40.5,53150,0.216235661,0.88180982
47047,42228,46.8,81074,0.256747756,0.90259761
47049,18642,46.3,47884,0.163234966,0.80911321
47051,42980,42.4,57933,0.218031123,0.89976319
47053,50455,39.8,55455,0.185389507,0.876136
47055,30317,43.7,56877,0.189411655,0.88041343
47057,23648,45.6,47098,0.140943506,0.81001747
47059,70399,44.7,51975,0.179765523,0.86432716
47061,13550,43.1,47948,0.135508677,0.79548997
47063,64531,41.2,49656,0.188386835,0.86399422
47065,367193,39.7,69069,0.355493492,0.90701065
47067,6726,44.9,31809,0.098762887,0.79793814
47069,25519,40.7,43566,0.104794966,0.8094489
47071,26824,45.5,46902,0.158014243,0.85375168
47073,57107,45.5,53647,0.16767201,0.86179135
47075,17806,43.1,44890,0.121595642,0.82249279
47077,27845,40.7,51576,0.138421599,0.87860852
47079,32305,45.7,48025,0.190160428,0.87101604
47081,24996,41.8,54669,0.124413146,0.82517326
47083,8253,44.1,51544,0.114133242,0.84042004
47085,19032,43,54185,0.168678312,0.87262913
47087,11730,47.3,42357,0.139224629,0.81265678
47089,55017,44.4,60393,0.210826427,0.88012874
47091,17982,46.2,47571,0.149413565,0.82421505
47093,481406,37.4,68580,0.391502079,0.92345609
47095,6898,41.8,32064,0.108282675,0.74278116
47097,25171,38.9,46702,0.104341737,0.81956116
47099,44377,39,51038,0.156372533,0.85760247
47101,12637,42.2,44613,0.093331808,0.84353197
47103,35365,43.2,61374,0.193177231,0.88078321
47105,55507,48.5,75008,0.283540365,0.87806597
47107,53532,42.3,57982,0.174069946,0.86387518
47109,25895,42.9,46920,0.114599858,0.86324599
47111,25365,39.1,51215,0.098714988,0.78012672
47113,98644,38.4,55280,0.259330575,0.8964874
47115,28852,43.6,58139,0.151452182,0.80848596
47117,34567,39.3,65325,0.208738896,0.8916989
47119,102002,39.4,71500,0.25853686,0.91786575
47121,12839,45.5,59434,0.114996782,0.82117571
47123,46489,44.6,52123,0.15619963,0.8574115
47125,222305,31.4,67890,0.303574017,0.94144033
47127,6558,46.4,69250,0.231669104,0.8614999
47129,21124,41.6,51971,0.124681435,0.81441547
47131,30670,42.3,50638,0.172249688,0.84840364
47133,22576,43.1,46580,0.13891675,0.82227934
47135,8432,42.8,55978,0.107198343,0.80010357
47137,5042,51.1,44317,0.182082452,0.81527484
47139,17620,46.3,53775,0.13317304,0.84689366
47141,80157,36.3,54371,0.275746608,0.89229102
47143,33031,40.9,55568,0.171037079,0.83316552
47145,53777,47.4,66460,0.218853612,0.89882448
47147,73297,39.4,74440,0.210744786,0.88643496
47149,343727,34,78291,0.333860977,0.92700161
47151,21917,40.7,39744,0.102493632,0.80379407
47153,16065,44.4,53038,0.18577449,0.8397695
47155,98455,43.9,60103,0.201168274,0.87681047
47157,926440,35.9,59621,0.337893106,0.8963548
47159,20034,40.5,57677,0.16896281,0.86615747
47161,13724,44.3,57257,0.167987648,0.88533196
47163,158722,45.2,54357,0.2631103,0.89327454
47165,196845,39.8,81883,0.312298867,0.91347124
47167,61116,38.4,70674,0.196394825,0.89031836
47169,11596,34.6,62018,0.097598853,0.85951499
47171,17845,47.4,49855,0.172322974,0.87997592
47173,19860,42.6,57094,0.130830489,0.80368316
47175,6182,47.4,44730,0.102005231,0.80579773
47177,41163,40.3,52948,0.139609701,0.83744609
47179,133282,40.1,58507,0.333698594,0.91031022
47181,16325,44.3,49360,0.12153204,0.82281692
47183,32946,37.9,47769,0.201069974,0.87520121
47185,27420,43,48220,0.135396817,0.81758253
47187,248897,40,125943,0.619868013,0.96034861
47189,149096,40,89462,0.367396309,0.93072301
48001,58077,39.3,57445,0.131115091,0.8477472
48003,18362,32.4,86458,0.196957349,0.73829575
48005,86608,37.8,57055,0.186497161,0.83989844
48007,24048,51,58168,0.241669295,0.88610323
48009,8649,43.1,69954,0.251740139,0.91166722
48011,1912,43.9,70417,0.259203606,0.92787378
48013,49403,35.8,67442,0.145253345,0.8056313
48015,30406,41,73556,0.241292108,0.87880523
48017,6902,30.3,69830,0.153385537,0.73238139
48019,21182,53.4,70965,0.273358314,0.91971251
48021,98435,38,80151,0.230488164,0.83076066
48023,3475,46.7,52716,0.232576985,0.86993517
48025,30977,35.6,50283,0.114953704,0.80236111
48027,372821,31.7,62858,0.267726977,0.90815959
48029,2014059,34.2,67275,0.304317411,0.85886499
48031,11608,49.5,79717,0.306249294,0.90326591
48033,686,36.5,80625,0.394077449,0.9453303
48035,18404,46.1,63868,0.189669453,0.8768918
48037,92747,38.2,56628,0.222507536,0.89979107
48039,374600,36.3,91972,0.314089756,0.88778839
48041,234548,26.3,57562,0.432022157,0.89278027
48043,9454,46.1,47747,0.476989789,0.88921527
48045,1290,49.7,35446,0.157464213,0.84560327
48047,7059,38.3,30566,0.191086691,0.7014652
48049,38159,41.2,53792,0.198861923,0.87386946
48051,17958,44.1,71745,0.224646684,0.83716416
48053,49684,44.7,71482,0.281174351,0.88419749
48055,46141,37.8,66779,0.166906616,0.80289248
48057,20127,38.4,62267,0.162053014,0.84338057
48059,13869,43.5,63906,0.228735987,0.92080634
48061,421854,32,47435,0.19474751,0.70857438
48063,12543,39,53968,0.207275391,0.87219238
48065,5801,41.3,83199,0.252240717,0.92419974
48067,28637,44.3,54303,0.172231372,0.87647851
48069,7381,34.8,59886,0.194932207,0.75150033
48071,47037,35.4,106103,0.227890816,0.892319
48073,50824,38.2,56971,0.161732571,0.78899632
48075,6781,32.6,56063,0.146404967,0.81994793
48077,10290,46.8,75227,0.232413061,0.92925405
48079,2529,37.4,41597,0.085257549,0.69390172
48081,3305,47.1,40230,0.194968553,0.86037736
48083,7808,48.4,51034,0.206513958,0.88188976
48085,1079153,37.1,113255,0.542898362,0.94350805
48087,2865,38.3,52045,0.251959686,0.77771557
48089,20582,43.2,63352,0.221722686,0.84414472
48091,165201,41.7,93744,0.40537362,0.93611152
48093,13651,44.2,57383,0.188767551,0.84628185
48095,3235,46.4,55750,0.115602264,0.74898949
48097,41860,40.4,66374,0.232700658,0.88797451
48099,82927,32.2,63281,0.173031778,0.9000668
48101,1647,37.4,47625,0.183226983,0.81859617
48103,4636,37.9,71364,0.156530753,0.75017277
48105,2949,50,64103,0.156143345,0.71928328
48107,5157,39.4,50268,0.140345737,0.778201
48109,2181,47.5,35924,0.10485782,0.76362559
48111,7165,30.8,71969,0.143049026,0.78038952
48113,2604053,33.8,70732,0.338830969,0.81129165
48115,12342,34,45268,0.134980262,0.7020247
48117,18585,32,51942,0.118315323,0.72162187
48119,5278,40.6,68491,0.214846925,0.89189921
48121,914870,36.5,104180,0.478662748,0.93274134
48123,19826,41.7,61100,0.140633964,0.84100688
48125,1570,47.9,46638,0.201873935,0.85519591
48127,8672,36.4,27374,0.14586071,0.72761404
48129,3298,40.3,51711,0.135034803,0.84454756
48131,9960,35.5,50697,0.078213166,0.73416928
48133,17812,41.5,52902,0.228573779,0.85408784
48135,162300,31,70566,0.166027149,0.76847382
48137,1380,40.2,40809,0.190249703,0.74435196
48139,195509,36.2,93248,0.27869295,0.88347372
48141,863832,32.8,55417,0.250126595,0.80025898
48143,42788,31.6,59654,0.323615739,0.87085515
48145,17013,40,45172,0.134769496,0.82516157
48147,36052,40.4,65835,0.205718353,0.85719935
48149,24564,48,72881,0.240599833,0.89891697
48151,3680,42.2,60461,0.199003067,0.86157975
48153,5386,35.7,49321,0.160263761,0.71244266
48155,1075,50.9,41944,0.160458453,0.80372493
48157,832607,36.9,109987,0.486203326,0.91471639
48159,10445,42.9,67915,0.307177948,0.91498362
48161,19599,41.8,55902,0.173815875,0.84975849
48163,18151,33.1,56042,0.08516085,0.70005973
48165,21523,29.3,73299,0.103986284,0.60377197
48167,350801,38.1,83913,0.338059459,0.89733876
48169,5735,41.8,56215,0.132756133,0.6998557
48171,26953,49.7,70162,0.352332657,0.88706897
48173,1068,38.8,112188,0.377537212,0.86062246
48175,7092,44.7,58125,0.178429818,0.8445678
48177,19736,36.8,64255,0.130860906,0.77403168
48179,21272,36.6,54563,0.160301543,0.81573146
48181,137008,39.2,66608,0.228196261,0.90419323
48183,124245,35.8,63811,0.224234331,0.86428875
48185,29442,40.3,63484,0.19425031,0.80783147
48187,173828,37.3,88111,0.295396143,0.89091255
48189,32525,33.4,50721,0.148028962,0.74788817
48191,2847,45.1,43873,0.182002022,0.81799798
48193,8244,45,54890,0.250516173,0.8931521
48195,5270,33.9,62350,0.295787546,0.72161172
48197,3541,44.1,60455,0.174282248,0.84957541
48199,56576,39.4,70164,0.184686448,0.88859313
48201,4726177,34.1,70789,0.331669899,0.82145171
48203,69098,38.8,63427,0.221983184,0.89328914
48205,5369,39.7,78065,0.252831118,0.84170359
48207,5408,44.3,52786,0.201614938,0.79535705
48209,245351,33.2,79990,0.403631145,0.9087608
48211,3371,40.8,67798,0.232979664,0.88638373
48213,82627,43.9,59778,0.190507964,0.86655033
48215,873167,29.8,49371,0.201229658,0.6858831
48217,36138,41.2,60669,0.175100725,0.85604351
48219,21495,35.3,53283,0.171872709,0.79549787
48221,62459,46.5,80013,0.316513964,0.92368514
48223,37008,39.7,63766,0.21596056,0.84901198
48225,22107,43.9,51043,0.14775095,0.82387547
48227,34488,37.6,67243,0.138150992,0.8101473
48229,3329,32.1,35163,0.103479037,0.54906334
48231,101596,37.6,66885,0.213312666,0.8767699
48233,20595,38.3,62211,0.156058254,0.85894877
48235,1561,39.5,54708,0.183673469,0.88819876
48237,8588,39.2,58861,0.155452833,0.79643897
48239,15010,40.4,67176,0.130331047,0.80584551
48241,33032,42.3,48818,0.122385442,0.87279105
48243,1992,62,38125,0.278457772,0.85740514
48245,254942,36.8,57294,0.199069417,0.84750678
48247,4830,25.2,42292,0.127511275,0.78597786
48249,39060,35.6,46626,0.152630309,0.78265766
48251,182690,37.1,77058,0.213821935,0.86374947
48253,19758,38.4,59361,0.111581246,0.80802566
48255,14805,35.6,57798,0.162752489,0.76060694
48257,149773,34.6,84075,0.237681496,0.86347101
48259,45376,42.6,104196,0.48511622,0.92485275
48261,116,39.9,45455,0.08045977,0.33333333
48263,635,59.9,68553,0.278761062,0.88495575
48265,52810,48.2,66713,0.297723611,0.89688686
48267,4316,48.4,62386,0.278564684,0.85269122
48269,216,35.8,59375,0.30625,0.7875
48271,3157,47.5,52386,0.132886435,0.84621451
48273,30860,28.6,52487,0.229598652,0.82383691
48275,3333,41.1,48750,0.141558442,0.81818182
48277,50149,40.3,58246,0.208914627,0.87531807
48279,13024,36.8,54519,0.128753799,0.76656535
48281,21829,43.8,73269,0.201851492,0.90282903
48283,6965,35,62798,0.054204774,0.62413562
48285,20379,43.4,58530,0.19556093,0.85324038
48287,17543,41.9,66448,0.165899734,0.86493905
48289,15928,44.7,57363,0.150102505,0.84579731
48291,93523,34.1,59605,0.105604218,0.78404626
48293,22222,42,53102,0.168577686,0.845916
48295,3038,35.9,71625,0.24732906,0.85096154
48297,11374,40.8,55949,0.135621903,0.75438172
48299,21637,57.4,64241,0.318094012,0.91529591
48301,96,31.9,,0,0.96825397
48303,311509,31.2,61911,0.326238681,0.88339505
48305,5619,36.6,52996,0.24563795,0.81406761
48307,7638,44.4,53214,0.18551532,0.79888579
48309,261090,33.6,59781,0.269412393,0.8692552
48311,670,36.5,60313,0.157407407,0.88888889
48313,13556,36.2,65768,0.140398063,0.78913394
48315,9668,52.1,48040,0.162588138,0.86741324
48317,5228,34.7,70217,0.168930109,0.84200066
48319,3959,48.2,77583,0.379920549,0.84904298
48321,36251,37.1,56412,0.208508492,0.81478056
48323,57806,30.1,48497,0.158224606,0.64624702
48325,51432,39.4,73060,0.221825614,0.86021474
48327,1964,59.4,40945,0.238688525,0.77901639
48329,169393,32.1,90123,0.294470151,0.84394675
48331,25080,41.5,56985,0.182392882,0.85799579
48333,4501,50.8,59315,0.284536082,0.87893962
48335,8947,32.3,49869,0.095988276,0.83806558
48337,20197,44.1,63336,0.167194873,0.87992112
48339,629989,37.4,95946,0.377424086,0.89807867
48341,21284,30.7,59041,0.118434686,0.67936559
48343,11993,43,51532,0.135430748,0.87587563
48345,1223,50.7,66528,0.20412595,0.85993485
48347,64768,31.7,51153,0.253586106,0.85165054
48349,52834,37.5,56261,0.170036792,0.80435614
48351,12333,45.5,38871,0.067887808,0.81923297
48353,14657,36.6,47437,0.139559286,0.83871983
48355,353245,36.2,64027,0.224904416,0.84492133
48357,9924,33,62240,0.185587364,0.76307996
48359,2171,35,71103,0.238863287,0.83486943
48361,84761,37.7,71910,0.171633233,0.89315267
48363,28569,41.3,65242,0.1806276,0.87504494
48365,22540,39.2,58205,0.161522365,0.83716976
48367,151188,39.4,95721,0.30880566,0.90276145
48369,9809,36.3,65575,0.184501845,0.71057276
48371,15114,36.7,59325,0.114719036,0.75909003
48373,50536,43.8,57315,0.131864221,0.81368738
48375,117905,34.5,47974,0.169676869,0.77169077
48377,6168,41.9,29012,0.212177122,0.61623616
48379,12257,47.6,60291,0.204983136,0.87389838
48381,141489,36.4,78038,0.327094885,0.93850213
48383,3308,33,70319,0.119838872,0.88116818
48385,2830,52.3,46842,0.209456024,0.89069649
48387,11627,48.9,44583,0.139685913,0.8512221
48389,14022,35.4,57487,0.098412698,0.70793651
48391,6718,42.9,54304,0.112056134,0.83840102
48393,764,42.5,62667,0.192164179,0.91791045
48395,16912,40.6,59410,0.183800623,0.85280374
48397,110631,37.6,121303,0.438688543,0.94343577
48399,9858,40.9,55424,0.183187135,0.82894737
48401,52755,38.8,61661,0.158333564,0.84152794
48403,9980,54.1,47061,0.178820129,0.86913678
48405,7920,48.6,45888,0.127757825,0.82315717
48407,27666,45.3,54839,0.159987733,0.85560213
48409,68942,36,63842,0.176030466,0.82296147
48411,5779,41.9,54087,0.19436346,0.85811467
48413,2474,39.4,53774,0.135951662,0.81993958
48415,16883,36.2,58932,0.185584769,0.84433364
48417,3134,42.9,60924,0.324022346,0.93528864
48419,24157,39.7,49231,0.138336688,0.81687217
48421,2414,38.4,66169,0.217859405,0.72070931
48423,234667,37.2,69053,0.273784512,0.87594624
48425,9337,43.1,87899,0.28597561,0.92865854
48427,65716,28.6,35979,0.127329022,0.60869684
48429,9260,40.9,44712,0.184094488,0.83275591
48431,1392,32.1,63558,0.234146341,0.90121951
48433,1331,33.5,66591,0.150845254,0.80884265
48435,3345,31.3,56778,0.153417722,0.8
48437,6989,35.9,40290,0.192978582,0.77897991
48439,2113854,34.9,78872,0.339104536,0.87059624
48441,143029,32.9,61806,0.286707351,0.89989217
48443,862,57.7,52813,0.295264624,0.93732591
48445,11816,35.4,42694,0.110250136,0.75992387
48447,1439,48.8,55221,0.202067669,0.90225564
48449,31301,34.4,57634,0.153489809,0.77589047
48451,119276,35,67215,0.246436425,0.86645971
48453,1289054,35.1,92731,0.537906021,0.90823494
48455,13735,50.1,51165,0.148411664,0.86421485
48457,19962,42.6,50898,0.131069304,0.82584037
48459,41261,40.9,60456,0.17025641,0.86553492
48461,3284,39.9,55284,0.096583144,0.78952164
48463,24833,34.2,55000,0.190882087,0.76139739
48465,47693,31.7,57250,0.202343398,0.7353971
48467,60053,42,62334,0.170778443,0.86031138
48469,91209,36.3,66308,0.191969068,0.83837708
48471,77182,36.5,47193,0.193212864,0.85293888
48473,57463,28.7,71643,0.248746334,0.86696944
48475,11347,35.2,70771,0.113446548,0.80219933
48477,35807,41.9,70043,0.288530688,0.8972515
48479,267282,29.4,59984,0.205832724,0.6912642
48481,41614,37.7,59712,0.18106648,0.8128698
48483,4980,40,58158,0.172653534,0.8580533
48485,129584,34.8,58862,0.238667401,0.87549715
48487,12795,37.2,50769,0.166379409,0.78444215
48489,20308,33.7,42839,0.104827479,0.6748414
48491,617396,36.9,102851,0.462841815,0.94106891
48493,50381,39.9,89708,0.253931208,0.90751816
48495,7582,36.2,89155,0.090909091,0.72470588
48497,70062,39.3,85385,0.20805639,0.87020025
48499,45341,48.4,61748,0.211330826,0.86094262
48501,7630,30,80317,0.096823325,0.68494343
48503,17903,40.3,65565,0.225414454,0.88105585
48505,13896,30.9,35061,0.113498483,0.65583923
48507,9700,33.2,49243,0.137581587,0.72552387
49001,7102,33.8,80268,0.275406744,0.92289554
49003,58291,33.1,72769,0.258369911,0.93421694
49005,134428,25.5,72719,0.399540691,0.94156892
49007,20338,37.8,53734,0.167318982,0.9199157
49009,638,43.3,61250,0.181818182,0.92773893
49011,363032,32,101285,0.383745334,0.95718106
49013,19779,33.1,70821,0.143771331,0.89172355
49015,9898,38.4,67056,0.156001273,0.93314231
49017,5121,40.4,56481,0.303175874,0.95943421
49019,9680,40.3,59171,0.317216643,0.94490674
49021,58068,29.5,63005,0.303786971,0.93012685
49023,11943,30.1,88048,0.213925178,0.93571853
49025,7814,42.9,70327,0.323880863,0.94382022
49027,13027,34.4,69403,0.235502211,0.90549589
49029,12367,32.1,120854,0.375792507,0.98213256
49031,1764,49.5,33359,0.196110211,0.88897893
49033,2543,33.9,69250,0.268324607,0.95811518
49035,1180643,33.4,90011,0.376936577,0.9178804
49037,14524,33.2,52108,0.190593782,0.87798855
49039,28816,33.1,64356,0.223228188,0.8980451
49041,21667,36.2,66972,0.228271251,0.91984424
49043,42524,40.5,126392,0.574428938,0.9603902
49045,74032,31.7,95545,0.225837584,0.92600763
49047,35951,32.4,67983,0.179762073,0.88705506
49049,666021,25.2,91263,0.428263035,0.95258783
49051,35009,35.5,104855,0.466757123,0.95508352
49053,183297,38.6,71976,0.327644428,0.94391298
49055,2532,43,64870,0.222475756,0.93097547
49057,262960,33.2,82291,0.270113478,0.92244068
50001,37434,43.9,85870,0.418427208,0.94459568
50003,37326,46.7,68558,0.394000373,0.94127073
50005,30418,45.4,62964,0.315078463,0.93745736
50007,168309,36.7,89494,0.556955712,0.95272912
50009,5976,51.6,55247,0.201665936,0.88886453
50011,50101,40.6,73633,0.274084355,0.91910036
50013,7335,48.6,86639,0.425998573,0.96059201
50015,25977,41,69886,0.427984873,0.94213938
50017,29439,46.6,74534,0.352261307,0.93937871
50019,27459,45.6,63981,0.277340637,0.91533865
50021,60585,47.7,62641,0.33040414,0.93578821
50023,59768,43.8,77278,0.46175748,0.95109182
50025,45857,47,65473,0.403964176,0.94203494
50027,57832,47.8,69492,0.407590683,0.94895047
51001,33367,47.3,52694,0.213477619,0.8156665
51003,112513,39.7,97708,0.601304981,0.93826037
51005,15159,48,52546,0.152405698,0.88182063
51007,13309,45.1,63438,0.177226814,0.86389144
51009,31426,43.9,64454,0.218583397,0.87715604
51011,16253,43.1,60041,0.192759551,0.89913846
51013,235845,35.3,137387,0.767600102,0.95313764
51015,77433,44.8,76124,0.232567506,0.89867965
51017,4177,51.8,55699,0.183400684,0.86042897
51019,79761,46.8,74773,0.325564984,0.9241295
51021,6241,46.4,59901,0.164164164,0.91951952
51023,33734,47.5,77680,0.276525652,0.93592061
51025,15965,44.6,52678,0.160450854,0.76520802
51027,20246,47.6,39591,0.109355779,0.74244092
51029,16869,43.3,59894,0.121556173,0.84128622
51031,55518,43.1,59022,0.246476057,0.90480356
51033,31181,39.2,83562,0.223095161,0.89354284
51035,29126,48.7,49113,0.159006722,0.83015503
51036,6760,52,65573,0.161938756,0.84914522
51037,11563,45.4,51548,0.166298749,0.84486142
51041,366019,38.9,95757,0.423211395,0.92619375
51043,14882,48.4,107475,0.344919296,0.93708731
51045,4898,46.1,66286,0.159666283,0.87917146
51047,52822,39.5,92359,0.268468113,0.89380306
51049,9697,46.3,56497,0.185308385,0.86098406
51051,14089,45.5,40143,0.114269197,0.8136622
51053,28057,43.4,77225,0.178530681,0.89543132
51057,10602,46.9,52335,0.153177691,0.82607004
51059,1145354,38.6,145165,0.641049757,0.93503871
51061,73290,40.8,122785,0.394264948,0.92237425
51063,15532,48.4,57146,0.231986993,0.90843745
51065,27442,43.1,90766,0.357905138,0.93285573
51067,54838,48.4,66275,0.238457101,0.89684749
51069,92007,40.6,92443,0.290909658,0.88685459
51071,16711,45.4,61987,0.192548632,0.90405539
51073,38875,44.3,83750,0.254987267,0.89944114
51075,24906,49,105600,0.444367804,0.94205974
51077,15356,49,43348,0.141048517,0.8304019
51079,20631,41.7,81338,0.278887802,0.8931815
51081,11373,40.8,51823,0.134278081,0.79695667
51083,34013,46.6,49145,0.170852436,0.82156043
51085,110513,42.4,104678,0.418419992,0.94401487
51087,333120,39.3,82424,0.453853093,0.92882732
51089,50760,48.3,43694,0.143954192,0.81277928
51091,2247,58,57070,0.306526807,0.90034965
51093,38898,44.2,91680,0.297823515,0.91186489
51095,78818,47.1,100711,0.500165203,0.95744718
51097,6681,47.4,70147,0.225639054,0.86430905
51099,26985,38.3,103264,0.348573336,0.90322042
51101,17845,40.8,79398,0.248079567,0.93490741
51103,10866,59.2,62674,0.323034672,0.86359995
51105,22287,45.2,41619,0.115183561,0.81746079
51107,420773,37.3,170463,0.635041848,0.94359004
51109,38106,45,76594,0.258340799,0.88647196
51111,11988,44,54438,0.111035345,0.78747585
51113,13828,46.6,74586,0.244982699,0.87009392
51115,8537,53.7,79054,0.298053152,0.94252163
51117,30367,48.6,51265,0.214701987,0.86481236
51119,10738,54.9,69389,0.295872107,0.89393939
51121,99373,29.7,65270,0.465170348,0.94985245
51125,14773,50.7,64028,0.304336092,0.86595898
51127,23296,43.2,113120,0.336065574,0.94141924
51131,12132,51.3,54693,0.293387522,0.86884886
51133,12007,59,64655,0.337345513,0.89199355
51135,15638,41.3,62366,0.160531242,0.8375078
51137,36593,42.8,87309,0.273015146,0.89782916
51139,23753,45.3,56760,0.146970744,0.82417646
51141,17660,50.9,49180,0.162807845,0.8364548
51143,60541,48,52619,0.149873215,0.84209707
51145,30503,45.6,108089,0.327559192,0.91538997
51147,21922,32,57304,0.269048372,0.88420803
51149,42634,34.2,80318,0.240933768,0.89381107
51153,481114,35.8,123193,0.436734985,0.89947523
51155,33841,47.2,59740,0.211423633,0.9032841
51157,7422,50,98663,0.338182471,0.90571121
51159,8968,46.1,62708,0.178187178,0.75062638
51161,96653,43.6,80872,0.375295077,0.93301572
51163,22673,49.4,61903,0.301644157,0.90610687
51165,83905,40.5,73232,0.288251271,0.87178773
51167,25763,46.6,44088,0.12551688,0.82936404
51169,21536,47.7,44535,0.138825277,0.82985703
51171,44337,43.6,62149,0.206856203,0.88567724
51173,29799,46.2,45061,0.174513583,0.84700808
51175,18003,47,67813,0.189634331,0.86778483
51177,141097,38.1,105068,0.332913589,0.91027703
51179,157606,36.4,128036,0.430741047,0.92896821
51181,6546,50.5,68655,0.235057356,0.87623264
51183,10866,40.4,59195,0.153961886,0.81344032
51185,40392,44.6,46508,0.159404852,0.8635489
51187,40800,40.9,79313,0.2242511,0.88841561
51191,53985,46.8,59116,0.245659356,0.89247125
51193,18480,47.9,56647,0.176419842,0.81854781
51195,36105,42,47541,0.162711082,0.80359272
51197,28275,45.6,53921,0.200982044,0.90136235
51199,70238,39.7,105154,0.494887526,0.95332364
51510,157594,37.4,113179,0.660003844,0.93685081
51520,17036,43.7,45250,0.228078738,0.86220921
51530,6639,35.3,48783,0.21471173,0.81262425
51540,46289,32.4,67177,0.58944112,0.91980555
51550,249377,37.4,92703,0.357618414,0.9331546
51570,18158,38.4,72216,0.280814914,0.91465429
51580,5722,41.9,45737,0.114006515,0.88624405
51590,42507,41,41484,0.186501069,0.8442431
51595,5680,39.9,41442,0.164702802,0.76904949
51600,24242,37.5,128708,0.600526832,0.92232296
51610,14576,38.8,164536,0.788714992,0.97405272
51620,8194,38.8,57537,0.231843082,0.84255169
51630,28258,30.9,83445,0.434751731,0.92543055
51640,6687,42.6,44612,0.174638989,0.80234657
51650,137217,36.5,64430,0.276697613,0.92752386
51660,51784,25.4,56050,0.351931494,0.83611798
51670,23046,35.7,50661,0.111022258,0.86865254
51678,7346,22.7,93651,0.602316602,0.96198396
51680,79166,28.4,56243,0.379837943,0.90317324
51683,42620,35.1,110559,0.345384282,0.85831407
51685,17123,35.8,91673,0.250153765,0.80115983
51690,13539,39.9,39127,0.202979724,0.8647922
51700,185118,34.1,63355,0.286774432,0.91722061
51710,236973,32.2,60998,0.321671022,0.89253122
51720,3668,43.6,36974,0.193740686,0.90163934
51730,33261,36.6,46930,0.217613413,0.86434092
51735,12479,42.4,114503,0.384474677,0.96158683
51740,97384,35.6,57154,0.212474266,0.89517347
51750,16379,23.3,51039,0.447753039,0.93334244
51760,227171,34.5,59606,0.441247941,0.88764799
51770,99213,38.1,51523,0.284106084,0.89118792
51775,25372,40.8,68402,0.325226734,0.93922939
51790,25581,41,59731,0.335621289,0.92591382
51800,94856,38.5,87758,0.320819218,0.91175151
51810,457900,37.1,87544,0.397845517,0.94514482
51820,22341,38.7,52519,0.272169125,0.88182796
51830,15486,24.6,66815,0.506113424,0.93275234
51840,28103,36.6,62495,0.322623544,0.86999308
53001,20557,29,63105,0.147184225,0.70962871
53003,22370,45.4,63724,0.230992886,0.93009589
53005,207560,36.1,83778,0.323384264,0.90098848
53007,79076,40.1,71876,0.295330125,0.85402506
53009,77333,51.2,66108,0.308226844,0.92952476
53011,504091,38.8,90115,0.321897681,0.92959981
53013,3980,50.8,68825,0.266468057,0.89870904
53015,110621,40.8,70912,0.165935748,0.90066431
53017,43189,37.8,79422,0.217271651,0.8178778
53019,7260,51.8,50424,0.181147688,0.9141932
53021,96692,30.6,77877,0.200383884,0.75847299
53023,2310,49.9,57958,0.27004717,0.92865566
53025,99145,33.2,66387,0.176687581,0.80429162
53027,75672,44.4,59105,0.171775918,0.90055078
53029,86510,44.2,82850,0.35360279,0.95656545
53031,33006,59.4,64796,0.434584142,0.97052692
53033,2254371,37.2,116340,0.548458804,0.93791029
53035,275411,39.7,93675,0.353294029,0.95244416
53037,44424,36.4,66800,0.360559599,0.93139264
53039,22798,47,66581,0.307903499,0.89432794
53041,82663,42.4,67247,0.197575427,0.89494654
53043,11036,46.7,68172,0.230105343,0.9244828
53045,66053,45.1,74388,0.214425554,0.90507986
53047,42336,42.9,58218,0.22644036,0.8601319
53049,23396,54.7,58889,0.23712458,0.91304348
53051,13570,50.4,59353,0.214902591,0.93432416
53053,918993,36.5,91486,0.293162693,0.92358294
53055,18001,56.5,76745,0.525978408,0.95796221
53057,129480,41.5,82029,0.286738819,0.90782153
53059,12118,46.6,84500,0.263554875,0.93419327
53061,828337,38.3,104083,0.35365425,0.92785584
53063,538711,38,70394,0.319305159,0.94122808
53065,46774,46.9,62381,0.209450075,0.92042197
53067,294272,39.5,88895,0.364048606,0.94295712
53069,4476,56.3,59167,0.221385106,0.92060272
53071,62150,38,66635,0.298727624,0.88936918
53073,226523,37.8,77581,0.370155928,0.9330387
53075,47141,26,49345,0.509078958,0.95809712
53077,256143,33,64910,0.181977982,0.75665914
54001,15527,42.6,44341,0.117724743,0.87906801
54003,123283,38.8,73619,0.243191849,0.90555451
54005,21705,44.8,56182,0.116666667,0.84437984
54007,12505,46.8,42245,0.117412828,0.82565648
54009,22349,46.4,51963,0.218988432,0.92505538
54011,93965,39.1,48944,0.303024508,0.89799853
54013,6279,48.3,39031,0.083298008,0.86774057
54015,8049,45,41530,0.126047424,0.83330362
54017,7847,46.1,56587,0.120046235,0.81984808
54019,40545,44.7,50090,0.157951922,0.84961972
54021,7444,40.5,51552,0.202155825,0.82961422
54023,11034,46.2,52877,0.132165605,0.87702107
54025,32995,46.6,45519,0.208949719,0.88112117
54027,23275,47.7,55222,0.145574377,0.87743539
54029,28907,47.1,57515,0.1909239,0.90467768
54031,14249,45.2,49205,0.148979005,0.86473013
54033,65862,42.4,56184,0.246650856,0.88586202
54035,27868,43.3,55173,0.186239919,0.90357863
54037,58043,41,93744,0.321747962,0.90360938
54039,179895,43.6,55226,0.281677057,0.90604367
54041,16920,43.5,50552,0.176048793,0.87768895
54043,20410,43.7,50985,0.080772425,0.82184385
54045,32350,44.1,42194,0.132709157,0.81059955
54047,18911,45.3,28235,0.066497462,0.77498187
54049,56194,40.3,59974,0.250686209,0.91379668
54051,30509,46.4,58129,0.190400705,0.92448261
54053,25488,44.2,53058,0.154752852,0.85562194
54055,59530,43.3,46409,0.205741058,0.86401256
54057,26957,44.6,64728,0.230602559,0.93927982
54059,23466,44.3,38305,0.095601032,0.76630859
54061,105988,32.2,60893,0.48273794,0.93902533
54063,12438,45.9,52392,0.15227577,0.88531905
54065,17237,48.6,61021,0.186983155,0.88223583
54067,24624,45.4,48826,0.184294602,0.89070119
54069,42224,43.1,55521,0.33179152,0.93014915
54071,6156,50.9,52458,0.192349022,0.83129164
54073,7622,43.6,59666,0.120626151,0.87661142
54075,7940,49.4,41680,0.147647648,0.83183183
54077,34206,42.5,60136,0.17566299,0.8676367
54079,57347,42.2,75725,0.29535761,0.93629348
54081,74303,42.6,47975,0.205511886,0.85275121
54083,28005,44.6,51186,0.176301563,0.87683242
54085,8507,46.6,48973,0.12319538,0.83541867
54087,14027,46.1,41299,0.13620178,0.80633037
54089,11985,49.9,42991,0.165428693,0.82799236
54091,16602,44.3,52946,0.183474194,0.86994338
54093,6747,50.9,54053,0.248329621,0.88901262
54095,8336,48.6,59167,0.163862828,0.90941443
54097,23875,42,49663,0.166463637,0.8734316
54099,38933,44.5,52694,0.183139327,0.84210526
54101,8362,47.8,43409,0.11502993,0.79922343
54103,14431,46,50715,0.134400776,0.8997574
54105,5202,46.6,52776,0.151507277,0.85836798
54107,84272,43.8,54350,0.220322966,0.90876384
54109,21237,45.4,44510,0.114261669,0.76396711
55001,20730,55.1,55223,0.156242468,0.88352615
55003,16041,42.2,57000,0.206716954,0.95079023
55005,46683,44.6,59379,0.207328079,0.9060225
55007,16214,53.6,67266,0.335671582,0.95815066
55009,268393,37.8,74066,0.317366132,0.92874041
55011,13329,46.4,64238,0.210013337,0.91874423
55013,16561,54.4,60466,0.220863197,0.92700218
55015,52361,41.7,84151,0.317073171,0.94833553
55017,66254,41.4,69815,0.232055335,0.92692708
55019,34703,37.1,63187,0.131150582,0.8218708
55021,58272,42.8,79271,0.241850885,0.93897444
55023,16123,47.2,60823,0.175182482,0.91801052
55025,559891,35.5,84297,0.539857964,0.96005576
55027,89032,42.7,71747,0.195704094,0.92223945
55029,30038,53.6,68257,0.352595495,0.95775668
55031,44092,42.6,64682,0.272039588,0.94399092
55033,45221,35.4,69721,0.285637728,0.94076456
55035,105697,35.5,70127,0.353699993,0.96069175
55037,4574,54.1,58049,0.225117826,0.914056
55039,104027,41.9,70368,0.22302582,0.92455311
55041,9239,48.7,55552,0.157406043,0.90257922
55043,51842,36.8,63497,0.242121445,0.92461184
55045,37066,43,76080,0.261490238,0.93232373
55047,19093,45.3,66395,0.224263072,0.9106799
55049,23766,43.5,79226,0.277534344,0.95476078
55051,6136,56.1,55777,0.237343054,0.96213042
55053,20958,42.2,64630,0.158798283,0.91805258
55055,85932,41.5,77018,0.278725729,0.92739346
55057,26695,45.7,63455,0.161167513,0.89370558
55059,168693,38.9,76583,0.29416695,0.91279674
55061,20570,44.4,77610,0.20257739,0.94108823
55063,120216,36.6,68731,0.358479922,0.96252372
55065,16716,41.7,69293,0.198786173,0.91265723
55067,19512,48.6,55091,0.158306007,0.89709063
55069,28402,49.1,64314,0.187745373,0.92180781
55071,81242,45,66412,0.230960915,0.9255675
55073,137820,41,73248,0.270462967,0.92707856
55075,41827,48.8,60347,0.178785259,0.92238978
55077,15619,50.4,59748,0.144538245,0.91515307
55078,4279,32.1,62194,0.189308682,0.95498392
55079,933063,35.3,59319,0.330845579,0.89498421
55081,46208,39.7,66451,0.201083125,0.90924822
55083,39048,47.5,73611,0.173455203,0.9242024
55085,37799,51.8,66111,0.270801087,0.95359956
55087,190611,38.5,78705,0.315557264,0.94243659
55089,91745,43.8,92258,0.498006732,0.97676331
55091,7363,46.3,70833,0.228203184,0.93858984
55093,42187,37.7,82996,0.310239505,0.95522777
55095,45128,46.5,74142,0.2275676,0.93455196
55097,70281,37.8,71301,0.336054481,0.94658838
55099,14066,52.1,55822,0.160892707,0.92893828
55101,197068,40.2,72658,0.279991705,0.91234476
55103,17256,46.5,61985,0.199335279,0.91123541
55105,163817,40,70630,0.243901354,0.9225265
55107,14179,49,57473,0.171191989,0.9109378
55109,93752,39.7,97950,0.377806306,0.96184676
55111,65664,41.1,72930,0.25158173,0.92201855
55113,18057,51.4,57519,0.269188637,0.9279924
55115,40848,45.4,65493,0.181712686,0.92078228
55117,117741,41.5,68969,0.266406164,0.93822201
55119,19979,44,61360,0.15829977,0.89326812
55121,30679,40.9,68474,0.196726835,0.91744886
55123,30811,41.3,65177,0.243175218,0.90304937
55125,23146,55.3,63726,0.291645988,0.9539013
55127,105127,40.7,75172,0.30807737,0.91926884
55129,16685,52.2,58504,0.23109877,0.93272511
55131,136842,43.4,91915,0.339411185,0.95202778
55133,407290,43.3,101639,0.471728188,0.96848337
55135,51822,45.3,69198,0.194500424,0.92819262
55137,24672,49.9,61033,0.165070875,0.89173576
55139,171197,38.4,70041,0.293291302,0.94237014
55141,74138,43.9,63273,0.2131903,0.9326509
56001,37525,28.3,55887,0.559404768,0.96559405
56003,11690,40.9,61262,0.205179784,0.88131758
56005,46857,35.5,93315,0.21914774,0.92022877
56007,14609,39.5,65196,0.210624877,0.90104475
56009,13729,41.1,79235,0.219578947,0.92252632
56011,7258,44.2,68876,0.232773939,0.94096742
56013,39402,38.9,60030,0.242524538,0.93137031
56015,12592,43.9,62356,0.239703737,0.93300415
56017,4616,45.8,64031,0.282345828,0.95102781
56019,8536,46.1,60667,0.318181818,0.92771465
56021,100316,38,76282,0.304896945,0.94345856
56023,19794,40.7,83033,0.230938139,0.94116756
56025,79506,37.7,69104,0.265816922,0.94104897
56027,2460,43.6,54375,0.20031881,0.91923486
56029,29878,45,66754,0.327583,0.95405933
56031,8618,49.1,64753,0.221241631,0.93548387
56033,31176,42.8,68898,0.321282772,0.9630772
56035,8801,41.7,85960,0.255821475,0.95860285
56037,42079,37.1,79375,0.199826049,0.9304559
56039,23346,39.9,108279,0.602920607,0.95965982
56041,20546,36,78164,0.191050173,0.94364924
56043,7725,44.3,61875,0.211374751,0.94711103
56045,6870,43.1,71800,0.176122449,0.91122449
72001,17972,43.8,17659,0.163324438,0.68394968
72003,37998,45.4,20301,0.215390538,0.66842805
72005,54752,44,18348,0.247341022,0.75906045
72007,24136,44.2,23160,0.195487417,0.73798091
72009,24555,45.8,22511,0.226012096,0.7983436
72011,25497,45,22673,0.216794213,0.7196247
72013,87217,44.6,21799,0.259896997,0.7954207
72015,15797,41.9,18496,0.248831673,0.78123622
72017,22604,42.7,20282,0.231171357,0.77746034
72019,28899,38.9,21262,0.222921727,0.78208497
72021,184326,43.7,29403,0.308056318,0.83429485
72023,46983,46.3,23077,0.280750561,0.75924717
72025,126772,43.8,29279,0.343913872,0.84549774
72027,32733,44.5,23263,0.213132977,0.7179086
72029,42218,41.8,26021,0.262637507,0.79639209
72031,154126,44.3,32888,0.34062429,0.87716937
72033,23060,42.9,22407,0.21754156,0.77793005
72035,41509,44.6,26704,0.278041177,0.78479574
72037,11256,45.6,22945,0.220570749,0.78882283
72039,16924,44.9,19618,0.159100008,0.6771559
72041,39831,42.9,25580,0.260395835,0.79360044
72043,34557,44.5,20569,0.230109447,0.82372118
72045,18817,41.7,16153,0.161129927,0.71953592
72047,34459,41.9,21670,0.209665037,0.75190917
72049,1186,44.6,25483,0.156403941,0.83251232
72051,35786,42.5,31485,0.330809461,0.82784326
72053,31984,43.7,24309,0.293671537,0.84159561
72054,11641,40.7,21560,0.186262376,0.77623762
72055,13682,45,14525,0.140500102,0.70741955
72057,36365,40.7,19165,0.222801103,0.78493717
72059,17670,42.6,21312,0.243156578,0.78531206
72061,89554,46.3,43304,0.47689601,0.86361521
72063,40517,41.2,39533,0.338163758,0.83746641
72065,38330,44.6,24407,0.300198116,0.77856175
72067,15571,49,22542,0.290511193,0.80345807
72069,50729,45.9,25940,0.242210496,0.80080083
72071,42817,44.3,19965,0.253528637,0.76309516
72073,14726,41.7,18363,0.207757296,0.79416283
72075,46333,41.6,23035,0.268296372,0.76159501
72077,36928,40.1,25931,0.216490534,0.79582605
72079,23202,47.4,17131,0.198077033,0.71870887
72081,27990,44.6,18844,0.203876973,0.67127297
72083,8826,43.9,16506,0.17668751,0.65383999
72085,35099,42.6,23193,0.273990194,0.80434275
72087,23580,42.8,21306,0.167221346,0.77334034
72089,17716,44.5,22585,0.227098063,0.79872425
72091,39310,44.2,20385,0.23792816,0.75797263
72093,5354,45.8,20133,0.104812295,0.59536407
72095,10563,46.2,21951,0.138226528,0.75198708
72097,72721,42.8,16788,0.272549848,0.74475363
72099,37363,42.1,20331,0.233829369,0.71792778
72101,28659,41.5,22282,0.187138201,0.76154108
72103,23340,39.8,20486,0.228351235,0.77431883
72105,29153,42.4,20616,0.181420096,0.71663998
72107,21378,41.7,16869,0.173978523,0.71843897
72109,15927,46.9,20778,0.199434464,0.79649035
72111,20298,40.6,20072,0.253685245,0.73031026
72113,136542,43.5,18994,0.299179288,0.78932365
72115,23540,43.7,20209,0.209099318,0.74950861
72117,15164,48.8,26771,0.233361702,0.73038298
72119,46838,43.8,25963,0.253987978,0.79964744
72121,22639,44.9,20464,0.254428948,0.78477196
72123,25688,42.8,20123,0.20191107,0.77696943
72125,31680,46.2,17862,0.233544004,0.73158777
72127,340903,45,26111,0.41344374,0.84566262
72129,37552,43.8,19629,0.196220042,0.72735439
72131,39183,46,17557,0.210799121,0.7000206
72133,20207,40.6,22680,0.270309985,0.83143237
72135,66699,41.1,32456,0.278569345,0.84914386
72137,74854,42.6,28719,0.2731971,0.83326942
72139,67497,42.7,35821,0.384660351,0.86156017
72141,28155,45.8,17164,0.22261145,0.73333653
72143,35279,41.6,24778,0.226952041,0.76587396
72145,54182,43.9,23701,0.250947231,0.76747045
72147,8199,45.3,17062,0.145421306,0.72278544
72149,21984,43,22461,0.216212736,0.7891958
72151,30313,46,19972,0.184335689,0.74778859
72153,33988,46.2,19827,0.276347341,0.79047919