county_fips,county_state_name,self_employed,marriage_divorce_rate,living_alone,living_alone_65over,living_grandchildren,carpool_drive_alone
1001,"Autauga County, Alabama",0.071144599,4.279464745,0.272054868,0.121436256,0.031403417,0.086610081
1003,"Baldwin County, Alabama",0.140647435,4.74236093,0.283551023,0.131704147,0.037751966,0.084999652
1005,"Barbour County, Alabama",0.100094652,2.638114895,0.343944099,0.16648181,0.042477322,0.126388077
1007,"Bibb County, Alabama",0.083474885,3.28009828,0.300304878,0.119456763,0.064062939,0.080197322
1009,"Blount County, Alabama",0.109953331,4.732032105,0.254092296,0.12424859,0.045938013,0.110977023
1011,"Bullock County, Alabama",0.075053419,3.605063291,0.317391304,0.140289855,0.044971893,0.098773006
1013,"Butler County, Alabama",0.060440294,3.250957854,0.317346796,0.154536531,0.04661469,0.097564808
1015,"Calhoun County, Alabama",0.073319179,2.992905748,0.315552771,0.135457454,0.047207354,0.109857938
1017,"Chambers County, Alabama",0.074177282,3.376344086,0.280833904,0.128661645,0.067470956,0.103093605
1019,"Cherokee County, Alabama",0.096131415,4.362637363,0.306191858,0.157747324,0.037459283,0.093085415
1021,"Chilton County, Alabama",0.106917572,4.521209281,0.238379304,0.119130589,0.031350106,0.129901639
1023,"Choctaw County, Alabama",0.054721977,4.575729927,0.355967865,0.172532517,0.059404776,0.103923097
1025,"Clarke County, Alabama",0.089401862,3.456900402,0.351612115,0.134709331,0.06111869,0.055890805
1027,"Clay County, Alabama",0.117715392,6.482926829,0.26071103,0.121969006,0.017773019,0.097334878
1029,"Cleburne County, Alabama",0.091883345,4.282352941,0.305676098,0.17253949,0.061085271,0.128463476
1031,"Coffee County, Alabama",0.10750321,3.605002518,0.288120611,0.130383539,0.033710571,0.105585901
1033,"Colbert County, Alabama",0.090663957,3.33166476,0.294335081,0.132596923,0.025841459,0.090934449
1035,"Conecuh County, Alabama",0.077987756,4.01280683,0.400853357,0.188636874,0.033389853,0.103147398
1037,"Coosa County, Alabama",0.073164426,3.771960958,0.275568892,0.134783696,0.022294725,0.15323646
1039,"Covington County, Alabama",0.08952949,3.128160418,0.313512752,0.166478794,0.054424272,0.091375613
1041,"Crenshaw County, Alabama",0.121784879,3.416901408,0.33994627,0.140731556,0.058590467,0.160833954
1043,"Cullman County, Alabama",0.115517241,3.950487013,0.25248893,0.125976998,0.041960659,0.128479072
1045,"Dale County, Alabama",0.090091085,3.244410045,0.323041237,0.135721649,0.031190895,0.111030126
1047,"Dallas County, Alabama",0.091023052,2.661613566,0.402358842,0.18409815,0.051511335,0.084765178
1049,"De Kalb County, Alabama",0.120965387,4.698758704,0.26597898,0.127286882,0.045332606,0.14884637
1051,"Elmore County, Alabama",0.06710828,4.320875222,0.240243599,0.104990057,0.031054545,0.064468843
1053,"Escambia County, Alabama",0.076133909,2.79580908,0.366687145,0.17232376,0.036540962,0.070300429
1055,"Etowah County, Alabama",0.09148917,3.234466972,0.302879534,0.148642726,0.041659117,0.081250974
1057,"Fayette County, Alabama",0.10292249,3.963276836,0.299365131,0.164251994,0.051306413,0.09689781
1059,"Franklin County, Alabama",0.09993318,3.909321497,0.304653439,0.135688228,0.023646032,0.179741807
1061,"Geneva County, Alabama",0.11046832,3.481742866,0.288422673,0.148686363,0.041597242,0.081182393
1063,"Greene County, Alabama",0.119320594,2.494086728,0.478064067,0.269498607,0.034136546,0.235792019
1065,"Hale County, Alabama",0.100681023,3.74796748,0.370164723,0.198593374,0.04573873,0.10798626
1067,"Henry County, Alabama",0.092337112,4.305244549,0.322913551,0.180676039,0.036316695,0.084024235
1069,"Houston County, Alabama",0.104795659,3.437033265,0.312591772,0.128734083,0.043551363,0.09532619
1071,"Jackson County, Alabama",0.079294291,3.577089684,0.294242864,0.139767779,0.040816327,0.100093765
1073,"Jefferson County, Alabama",0.079388033,3.35367699,0.336591496,0.124968961,0.038414654,0.105150408
1075,"Lamar County, Alabama",0.073592269,4.397360704,0.26876935,0.169311146,0.024208566,0.104226599
1077,"Lauderdale County, Alabama",0.077103556,4.102766383,0.293668436,0.131051076,0.038330145,0.116135174
1079,"Lawrence County, Alabama",0.109786065,4.936582109,0.295424429,0.150596305,0.034455278,0.076510721
1081,"Lee County, Alabama",0.080470218,5.292378974,0.297824019,0.083310315,0.032182643,0.098303938
1083,"Limestone County, Alabama",0.096880848,4.325240452,0.244114902,0.107228041,0.033810905,0.076173249
1085,"Lowndes County, Alabama",0.085859941,2.466302368,0.383154211,0.19420145,0.04365514,0.083627043
1087,"Macon County, Alabama",0.084558824,3.053324969,0.355910812,0.148366288,0.044473512,0.124976003
1089,"Madison County, Alabama",0.080923897,4.549093272,0.305635806,0.101467077,0.02643936,0.07821583
1091,"Marengo County, Alabama",0.081718729,3.053078556,0.415367936,0.156389755,0.046477132,0.078075207
1093,"Marion County, Alabama",0.100319986,3.3718716,0.311218007,0.15347613,0.027022781,0.104116476
1095,"Marshall County, Alabama",0.1039165,4.158439164,0.259059282,0.11850821,0.035006862,0.114934799
1097,"Mobile County, Alabama",0.088825735,3.582270144,0.322953542,0.115259547,0.042774972,0.082480479
1099,"Monroe County, Alabama",0.080064309,3.520464881,0.370101398,0.167169087,0.043577083,0.044693732
1101,"Montgomery County, Alabama",0.079293632,2.86748877,0.347254266,0.127985644,0.039505571,0.111547134
1103,"Morgan County, Alabama",0.087853046,4.391965711,0.295329556,0.144133822,0.043808834,0.089088592
1105,"Perry County, Alabama",0.129943503,2.962121212,0.387317073,0.144065041,0.049469257,0.0697419
1107,"Pickens County, Alabama",0.099208063,3.067380634,0.324862346,0.134971057,0.033088235,0.045231238
1109,"Pike County, Alabama",0.096568236,3.292234332,0.361703901,0.127375792,0.030963777,0.091369656
1111,"Randolph County, Alabama",0.082665738,4.20880558,0.287661817,0.138389277,0.024179377,0.077570487
1113,"Russell County, Alabama",0.087010401,3.411971269,0.327934532,0.107833944,0.032855773,0.084659323
1115,"St Clair County, Alabama",0.072798584,4.379855657,0.233790413,0.108103316,0.043526161,0.075398633
1117,"Shelby County, Alabama",0.09651935,5.624806119,0.245153743,0.098464954,0.031555125,0.084049741
1119,"Sumter County, Alabama",0.092114445,3.713242961,0.322217591,0.141934139,0.042777527,0.115554249
1121,"Talladega County, Alabama",0.07048266,3.622434701,0.279736704,0.11449674,0.03939603,0.115646259
1123,"Tallapoosa County, Alabama",0.109615385,3.694033199,0.306728312,0.160846818,0.041400338,0.127789833
1125,"Tuscaloosa County, Alabama",0.084386421,4.627831534,0.296909479,0.096892959,0.034384505,0.12395747
1127,"Walker County, Alabama",0.076696165,3.629127029,0.291245246,0.147665669,0.045814808,0.117605667
1129,"Washington County, Alabama",0.07073955,5.331168831,0.239375227,0.116600073,0.036143352,0.047140163
1131,"Wilcox County, Alabama",0.063378176,3.654421769,0.330539257,0.151718357,0.053480081,0.090976331
1133,"Winston County, Alabama",0.130973089,3.882876468,0.249478194,0.119301329,0.026178344,0.257023061
2013,"Aleutians East Borough, Alaska",0.093275488,5.492,0.310344828,0.126807564,0.048535565,0.332608696
2016,"Aleutians West Census Area, Alaska",0.029783647,6.212034384,0.324045408,0.056759546,0.040011682,0.193120097
2020,"Anchorage Municipality, Alaska",0.087287034,3.999028393,0.278501689,0.080459985,0.038716011,0.176803395
2050,"Bethel Census Area, Alaska",0.048003657,8.376835237,0.203066813,0.045783133,0.13361527,0.541732283
2060,"Bristol Bay Borough, Alaska",0.094117647,7.603773585,0.246478873,0.088028169,0.025490196,0.097643098
2063,"Chugach Census Area, Alaska",0.126236184,5.69966443,0.294010889,0.103811252,0.003944316,0.17357174
2066,"Copper River Census Area, Alaska",0.138790036,3.483660131,0.302752294,0.123853211,0.025,0.056100982
2068,"Denali Borough, Alaska",0.079613095,6.308988764,0.363809524,0.192380952,0.009398496,1.208219178
2070,"Dillingham Census Area, Alaska",0.043927649,4.984435798,0.197254335,0.076589595,0.122222222,0.55354201
2090,"Fairbanks North Star Borough, Alaska",0.100337469,5.119213861,0.281319786,0.088571907,0.027282829,0.184011244
2100,"Haines Borough, Alaska",0.255583127,5.25443787,0.374045802,0.240458015,0.002945508,0.18705036
2105,"Hoonah-Angoon Census Area, Alaska",0.196595745,3.349264706,0.376009227,0.160322953,0.031946956,0.094292804
2110,"Juneau City and Borough, Alaska",0.107188743,3.996350365,0.335407544,0.122685719,0.038037406,0.176824818
2122,"Kenai Peninsula Borough, Alaska",0.150156578,3.734024447,0.327830697,0.137838886,0.021743697,0.159468836
2130,"Ketchikan Gateway Borough, Alaska",0.105512489,3.716312057,0.289152299,0.11404454,0.030627182,0.244520842
2150,"Kodiak Island Borough, Alaska",0.122984199,8.204330176,0.207701019,0.077010193,0.065777308,0.255719733
2158,"Kusilvak Census Area, Alaska",0.018382353,8.680952381,0.121244635,0.054184549,0.180863477,0.519736842
2164,"Lake and Peninsula Borough, Alaska",0.022587269,7.66,0.220858896,0.058282209,0.070567986,0.15
2170,"Matanuska-Susitna Borough, Alaska",0.121157205,4.926658906,0.227589717,0.084270807,0.034367639,0.12926456
2180,"Nome Census Area, Alaska",0.026769149,4.437037037,0.204594401,0.044149318,0.133209033,0.357581967
2185,"North Slope Borough, Alaska",0.016954425,7.887429644,0.207103321,0.079335793,0.054082876,1.259488085
2188,"Northwest Arctic Borough, Alaska",0.030775076,4.71679198,0.199887387,0.038851351,0.138184791,1.047619048
2195,"Petersburg Borough, Alaska",0.189221557,6.995901639,0.261562998,0.145135566,0.035073069,0.159021407
2198,"Prince of Wales-Hyder Census Area, Alaska",0.13151184,4.489719626,0.296486718,0.125535561,0.042663892,0.28024607
2220,"Sitka City and Borough, Alaska",0.175518578,4.849489796,0.27753686,0.098872507,0.031318681,0.137765593
2230,"Skagway Municipality, Alaska",0.133848134,2.955696203,0.434146341,0.207317073,0.007290401,0.064748201
2240,"Southeast Fairbanks Census Area, Alaska",0.102685051,4.699828473,0.269072636,0.111466423,0.037557548,0.164718976
2275,"Wrangell City and Borough, Alaska",0.160736196,3.014545455,0.369612069,0.163793103,0.062276306,0.042750929
2282,"Yakutat City and Borough, Alaska",0.130434783,7.689655172,0.272727273,0.125541126,0.017291066,0.378571429
2290,"Yukon-Koyukuk Census Area, Alaska",0.048346056,3.440594059,0.388354187,0.14533205,0.052512887,0.351851852
4001,"Apache County, Arizona",0.050926434,4.338884866,0.322450217,0.125846558,0.083062277,0.055700909
4003,"Cochise County, Arizona",0.098665158,3.725326023,0.337620773,0.182266506,0.033878476,0.11274387
4005,"Coconino County, Arizona",0.085438893,4.557790852,0.270055584,0.086646279,0.056378215,0.163199178
4007,"Gila County, Arizona",0.121549326,3.441740189,0.330368935,0.199700625,0.033319822,0.19662672
4009,"Graham County, Arizona",0.081271331,3.364365141,0.218006324,0.090031619,0.057601643,0.123686268
4011,"Greenlee County, Arizona",0.045564127,4.147157191,0.298728814,0.118038741,0.058156819,0.150426847
4012,"La Paz County, Arizona",0.106822755,3.991465863,0.342049153,0.202109752,0.037895422,0.145441389
4013,"Maricopa County, Arizona",0.098794787,4.15121937,0.260687697,0.100242561,0.0369098,0.142551445
4015,"Mohave County, Arizona",0.107849469,3.343736439,0.309712196,0.179018378,0.026772812,0.147049121
4017,"Navajo County, Arizona",0.101092172,4.420154686,0.256941302,0.1127113,0.075060797,0.129953771
4019,"Pima County, Arizona",0.10012593,3.550386186,0.311003959,0.135590616,0.033459723,0.135234854
4021,"Pinal County, Arizona",0.084012602,4.34556974,0.210931415,0.112033798,0.039545764,0.157281059
4023,"Santa Cruz County, Arizona",0.106793049,4.125165856,0.235841691,0.117470422,0.069110512,0.137138571
4025,"Yavapai County, Arizona",0.163900415,3.523596511,0.314927446,0.1904601,0.024129735,0.134550648
4027,"Yuma County, Arizona",0.063137789,5.39994826,0.22101556,0.123369667,0.053158111,0.155660377
5001,"Arkansas County, Arkansas",0.139764319,3.43647541,0.30218021,0.132794633,0.044011346,0.084429825
5003,"Ashley County, Arkansas",0.063032887,3.515249538,0.348762858,0.168612733,0.030737705,0.068449762
5005,"Baxter County, Arkansas",0.136490794,3.945450965,0.332632354,0.205351979,0.020964848,0.160566706
5007,"Benton County, Arkansas",0.107967029,6.02112085,0.222082485,0.080987673,0.032298521,0.105402712
5009,"Boone County, Arkansas",0.115692801,4.317116658,0.299762721,0.133337727,0.051963193,0.109685039
5011,"Bradley County, Arkansas",0.067022697,2.579763663,0.369110677,0.1672707,0.06402345,0.098438993
5013,"Calhoun County, Arkansas",0.054169203,3.109028961,0.289719626,0.173564753,0.048765239,0.114860014
5015,"Carroll County, Arkansas",0.161014075,4.978787879,0.253500044,0.138504887,0.026995116,0.13365484
5017,"Chicot County, Arkansas",0.106582126,2.559360731,0.383483034,0.179141717,0.044576297,0.061998541
5019,"Clark County, Arkansas",0.069611916,4.275981524,0.299308611,0.127215588,0.02360093,0.167615609
5021,"Clay County, Arkansas",0.125176692,3.502277904,0.311067128,0.195282863,0.048035395,0.107433102
5023,"Cleburne County, Arkansas",0.157042404,3.945254292,0.307641634,0.161678901,0.044712197,0.124237603
5025,"Cleveland County, Arkansas",0.111187137,3.656321839,0.284828592,0.166666667,0.035799051,0.068073248
5027,"Columbia County, Arkansas",0.095212305,4.04954955,0.31216458,0.159085101,0.033389518,0.07745754
5029,"Conway County, Arkansas",0.134628265,3.242851697,0.267276181,0.137853242,0.043923755,0.15392311
5031,"Craighead County, Arkansas",0.112556803,3.959465859,0.270123492,0.101697717,0.037490424,0.116490346
5033,"Crawford County, Arkansas",0.108170638,4.026612398,0.246755532,0.111697682,0.035634149,0.084251706
5035,"Crittenden County, Arkansas",0.088626873,2.599191028,0.29278528,0.098186905,0.053023663,0.168781165
5037,"Cross County, Arkansas",0.100096246,3.268072289,0.257617307,0.129189519,0.081632653,0.146123431
5039,"Dallas County, Arkansas",0.058622002,3.226308345,0.370467453,0.220183486,0.054330884,0.093095768
5041,"Desha County, Arkansas",0.075425191,3.420682731,0.345861395,0.184227678,0.062211982,0.120559115
5043,"Drew County, Arkansas",0.076966135,3.363446475,0.297844641,0.170403587,0.043413323,0.095697832
5045,"Faulkner County, Arkansas",0.087116922,4.42785848,0.245695839,0.08184235,0.033712971,0.095013199
5047,"Franklin County, Arkansas",0.111819665,3.657009829,0.310216257,0.157196122,0.042007001,0.096734977
5049,"Fulton County, Arkansas",0.110614262,2.937103289,0.34623431,0.1958159,0.043969541,0.169157393
5051,"Garland County, Arkansas",0.120484207,3.083269846,0.299329014,0.163257751,0.040487451,0.136511508
5053,"Grant County, Arkansas",0.073759959,5.078630311,0.269107351,0.125291715,0.040708272,0.096830986
5055,"Greene County, Arkansas",0.108625878,3.076999668,0.271687053,0.13195423,0.028310666,0.12975628
5057,"Hempstead County, Arkansas",0.072120977,3.553099471,0.323997281,0.146159075,0.054209446,0.119787718
5059,"Hot Spring County, Arkansas",0.088930494,3.456852792,0.271008403,0.126806723,0.03827183,0.153571773
5061,"Howard County, Arkansas",0.112047967,3.812030075,0.289816233,0.157733538,0.04753317,0.159554731
5063,"Independence County, Arkansas",0.091725385,4.132763975,0.273496567,0.117361448,0.048129027,0.113857621
5065,"Izard County, Arkansas",0.156689721,3.206287921,0.334226804,0.173195876,0.075134353,0.113201912
5067,"Jackson County, Arkansas",0.109041653,1.898251748,0.335349902,0.137017659,0.042438844,0.127897351
5069,"Jefferson County, Arkansas",0.081404472,3.015953692,0.336271522,0.13679051,0.041258894,0.073628602
5071,"Johnson County, Arkansas",0.086205164,3.727806563,0.289928276,0.113950904,0.046713465,0.102892713
5073,"Lafayette County, Arkansas",0.123821765,3.907232704,0.296427169,0.158617982,0.052594172,0.105013193
5075,"Lawrence County, Arkansas",0.125077018,3.295171727,0.281176286,0.141531687,0.042435238,0.105921913
5077,"Lee County, Arkansas",0.15521327,1.642914331,0.347641145,0.194122196,0.020605847,0.166300768
5079,"Lincoln County, Arkansas",0.09273183,2.353838065,0.279159266,0.156305506,0.014557671,0.097893031
5081,"Little River County, Arkansas",0.058858502,3.275342466,0.292141952,0.144486692,0.026692456,0.089648799
5083,"Logan County, Arkansas",0.095823891,4.219349086,0.282569899,0.131469363,0.068274238,0.146426577
5085,"Lonoke County, Arkansas",0.089273957,4.297238471,0.238416358,0.093285476,0.04794229,0.106583946
5087,"Madison County, Arkansas",0.219086784,5.312585499,0.23936,0.10832,0.048346056,0.082588112
5089,"Marion County, Arkansas",0.121886416,3.434916447,0.300280112,0.172829132,0.037623762,0.160592004
5091,"Miller County, Arkansas",0.066497588,2.552832244,0.328941562,0.122612368,0.063102542,0.123617339
5093,"Mississippi County, Arkansas",0.095254937,3.358462676,0.295834722,0.123492169,0.062955543,0.154967083
5095,"Monroe County, Arkansas",0.141501294,3.434850863,0.429936306,0.234253362,0.051109617,0.153685311
5097,"Montgomery County, Arkansas",0.149892275,3.456111567,0.272777933,0.154639175,0.029031188,0.169957414
5099,"Nevada County, Arkansas",0.095222828,2.175934366,0.355738744,0.114140774,0.065870498,0.19890153
5101,"Newton County, Arkansas",0.162180814,3.554153523,0.290189329,0.150430293,0.013383939,0.086337761
5103,"Ouachita County, Arkansas",0.089443333,3.197735544,0.320605272,0.139614612,0.053442465,0.069701853
5105,"Perry County, Arkansas",0.100520833,4.358472998,0.22277357,0.128493079,0.029252111,0.107609042
5107,"Phillips County, Arkansas",0.074106827,3.088275862,0.372491909,0.158414239,0.061207779,0.150827852
5109,"Pike County, Arkansas",0.140632374,5.393461105,0.29972548,0.149987522,0.036935287,0.16935003
5111,"Poinsett County, Arkansas",0.105319036,2.57151552,0.30808192,0.102070029,0.036358512,0.118312483
5113,"Polk County, Arkansas",0.1559238,4.624802943,0.303615395,0.160036284,0.016365959,0.180481969
5115,"Pope County, Arkansas",0.101737978,4.161194522,0.283693633,0.121685526,0.040218095,0.132580971
5117,"Prairie County, Arkansas",0.157259197,2.804149378,0.34037417,0.232649366,0.029912234,0.118079888
5119,"Pulaski County, Arkansas",0.089936288,3.00316988,0.363132421,0.117996281,0.030430394,0.107340674
5121,"Randolph County, Arkansas",0.133958567,3.558525346,0.324200278,0.15605007,0.046996497,0.133940853
5123,"St Francis County, Arkansas",0.091469552,2.592648731,0.353246112,0.142310541,0.026026924,0.10333935
5125,"Saline County, Arkansas",0.08889678,4.790449157,0.239306716,0.097781904,0.033029757,0.126831222
5127,"Scott County, Arkansas",0.090218191,4.252863436,0.286849526,0.136375288,0.037381703,0.114540059
5129,"Searcy County, Arkansas",0.103578802,3.909592062,0.273405699,0.183175034,0.025574015,0.169344333
5131,"Sebastian County, Arkansas",0.093016,3.783414924,0.28477498,0.116732868,0.040642099,0.120542191
5133,"Sevier County, Arkansas",0.120757465,4.562105263,0.268266282,0.105538517,0.038600451,0.286066078
5135,"Sharp County, Arkansas",0.117581366,3.295594714,0.289957977,0.155484712,0.038262931,0.185101114
5137,"Stone County, Arkansas",0.157665728,2.385516507,0.316423589,0.202282815,0.071479039,0.144758195
5139,"Union County, Arkansas",0.087666338,3.492155443,0.328714859,0.125301205,0.029566878,0.078700995
5141,"Van Buren County, Arkansas",0.115164916,3.223980815,0.311868872,0.193180155,0.028058463,0.164403851
5143,"Washington County, Arkansas",0.10171831,4.506572246,0.277774816,0.087245817,0.02889084,0.149569711
5145,"White County, Arkansas",0.114131614,3.502570547,0.270876754,0.116923718,0.0415567,0.102479154
5147,"Woodruff County, Arkansas",0.133840304,4.715053763,0.331683168,0.154226961,0.032085561,0.037004405
5149,"Yell County, Arkansas",0.128219485,4.452944137,0.254676816,0.121016643,0.049342626,0.151545651
6001,"Alameda County, California",0.094513383,6.255453555,0.248812771,0.093779979,0.039925017,0.149508114
6003,"Alpine County, California",0.09752322,3.496732026,0.31954023,0.156321839,0.062370062,0.138539043
6005,"Amador County, California",0.162184292,3.300073774,0.294569705,0.154525246,0.038032147,0.111073079
6007,"Butte County, California",0.119503449,3.573154753,0.272758915,0.119504555,0.028832772,0.12924446
6009,"Calaveras County, California",0.144626195,4.342095016,0.225782068,0.144202814,0.035801025,0.132439162
6011,"Colusa County, California",0.127878289,6.061611374,0.263993541,0.155139935,0.060651828,0.147851229
6013,"Contra Costa County, California",0.113385618,5.645978256,0.220354582,0.106311056,0.041936719,0.156522822
6015,"Del Norte County, California",0.150020178,2.854587421,0.267576076,0.136726128,0.042011135,0.193040716
6017,"El Dorado County, California",0.142100297,5.431118798,0.237132597,0.122143902,0.027093615,0.108549282
6019,"Fresno County, California",0.089601062,4.974526396,0.228441641,0.094925893,0.056593785,0.154213179
6021,"Glenn County, California",0.119638284,5.976779404,0.244508315,0.10059536,0.04621139,0.150548138
6023,"Humboldt County, California",0.166856803,2.817965124,0.315515185,0.129938526,0.018856701,0.156893741
6025,"Imperial County, California",0.07833226,4.807695539,0.225884655,0.099119599,0.078870537,0.10952986
6027,"Inyo County, California",0.113150586,3.782949791,0.367307937,0.161167028,0.022538738,0.210058612
6029,"Kern County, California",0.090931884,5.050052593,0.207348495,0.085045352,0.052494324,0.150244695
6031,"Kings County, California",0.071170746,5.084039276,0.179657751,0.076868376,0.052465974,0.175019639
6033,"Lake County, California",0.147748741,2.970566683,0.319288708,0.167704912,0.034134425,0.165465054
6035,"Lassen County, California",0.10061988,4.076363636,0.268459384,0.152605042,0.018341929,0.146907951
6037,"Los Angeles County, California",0.133136261,5.238400012,0.258908392,0.089518488,0.05010421,0.136729993
6039,"Madera County, California",0.101327182,4.309126518,0.167248102,0.092277174,0.061618781,0.17206004
6041,"Marin County, California",0.212006268,4.190928853,0.291257268,0.161933873,0.013892107,0.135532021
6043,"Mariposa County, California",0.116243795,4.657668712,0.327892589,0.174674214,0.036495767,0.236020334
6045,"Mendocino County, California",0.181309442,2.984836028,0.325578031,0.189107851,0.03380883,0.13027365
6047,"Merced County, California",0.084028832,5.440798531,0.194091348,0.080993233,0.064140278,0.127847993
6049,"Modoc County, California",0.147114178,4.736842105,0.292976785,0.150749339,0.019397993,0.096461668
6051,"Mono County, California",0.20401154,6.952008929,0.29143066,0.054083684,0.003739801,0.170358883
6053,"Monterey County, California",0.104121556,5.695784518,0.203805364,0.100616158,0.053127379,0.148566981
6055,"Napa County, California",0.124592465,4.787079163,0.253850217,0.136758909,0.030270342,0.129684418
6057,"Nevada County, California",0.211255104,3.63456985,0.283641193,0.157913799,0.022043711,0.099186011
6059,"Orange County, California",0.124959484,5.523030845,0.216383784,0.093047269,0.041632769,0.126578977
6061,"Placer County, California",0.119399452,5.1423942,0.235772304,0.127778834,0.027527659,0.087887047
6063,"Plumas County, California",0.162268095,3.162995595,0.29553307,0.157946693,0.029444522,0.11514724
6065,"Riverside County, California",0.101756942,5.313231252,0.200053068,0.097828464,0.06035815,0.14845848
6067,"Sacramento County, California",0.097304551,4.193601101,0.2592967,0.102797523,0.043224901,0.136028833
6069,"San Benito County, California",0.101634929,5.491039427,0.159530526,0.075811001,0.052447828,0.16328824
6071,"San Bernardino County, California",0.093634863,5.060553456,0.182695688,0.075155168,0.062039197,0.141033207
6073,"San Diego County, California",0.114420332,4.971033923,0.240531973,0.091500987,0.036747208,0.122092105
6075,"San Francisco County, California",0.105902816,5.089940431,0.370705184,0.114490553,0.02181704,0.224454929
6077,"San Joaquin County, California",0.088348468,5.335148895,0.199816362,0.089258412,0.060340905,0.160073069
6079,"San Luis Obispo County, California",0.13463264,4.659995098,0.266440948,0.140158558,0.027861567,0.133490368
6081,"San Mateo County, California",0.101976063,6.613715017,0.231879178,0.098648245,0.035193138,0.152695396
6083,"Santa Barbara County, California",0.118002953,4.969907696,0.243366299,0.118332523,0.04535838,0.183757298
6085,"Santa Clara County, California",0.081591981,7.354632246,0.210024725,0.077757891,0.039839248,0.139414644
6087,"Santa Cruz County, California",0.137035435,4.309955799,0.246126421,0.120555101,0.027441416,0.137642375
6089,"Shasta County, California",0.120672485,3.465387383,0.273320489,0.138495507,0.027185868,0.121393716
6091,"Sierra County, California",0.148833467,5.403846154,0.366519824,0.133039648,0.022412971,0.063444109
6093,"Siskiyou County, California",0.141731336,3.213586856,0.339407502,0.180093777,0.020708682,0.124388424
6095,"Solano County, California",0.087279292,4.561668745,0.235187467,0.10028583,0.04783736,0.155177741
6097,"Sonoma County, California",0.139124297,3.871647175,0.269513269,0.143261641,0.022338624,0.129386028
6099,"Stanislaus County, California",0.094589009,4.76607413,0.203303613,0.090715631,0.056397196,0.130299863
6101,"Sutter County, California",0.109630541,4.771947033,0.217336037,0.105868466,0.059262571,0.168653214
6103,"Tehama County, California",0.099035043,4.01037376,0.263655931,0.131096942,0.058521811,0.103158636
6105,"Trinity County, California",0.274615385,1.425556858,0.409629765,0.193324822,0.019154784,0.048558422
6107,"Tulare County, California",0.100008906,5.124988341,0.173476932,0.075097746,0.067931065,0.185703321
6109,"Tuolumne County, California",0.151567526,2.951094795,0.341421751,0.179186194,0.021173561,0.108147366
6111,"Ventura County, California",0.112702651,5.093987749,0.217276794,0.106721131,0.043839182,0.133398162
6113,"Yolo County, California",0.089470558,5.655132889,0.219257099,0.091634147,0.031426886,0.117542136
6115,"Yuba County, California",0.093691759,4.32571755,0.227953713,0.09758044,0.045256475,0.141925513
8001,"Adams County, Colorado",0.089245241,4.504710363,0.227127492,0.077230411,0.048867772,0.146141033
8003,"Alamosa County, Colorado",0.12473091,3.206953642,0.300417246,0.095503013,0.024092259,0.153387444
8005,"Arapahoe County, Colorado",0.102517656,4.336089502,0.27527308,0.092402423,0.030426435,0.115082578
8007,"Archuleta County, Colorado",0.324907934,5.933118453,0.237887766,0.126524922,0.019079686,0.210943493
8009,"Baca County, Colorado",0.256358768,5.414634146,0.383354351,0.177805801,0.029978587,0.077954736
8011,"Bent County, Colorado",0.145065398,2.958748222,0.335176991,0.164823009,0.035883905,0.112509252
8013,"Boulder County, Colorado",0.139050978,4.113881314,0.294692256,0.11237724,0.01411,0.10396128
8014,"Broomfield County, Colorado",0.089113876,5.134920635,0.271766934,0.083413613,0.021343635,0.103348708
8015,"Chaffee County, Colorado",0.216636197,4.268325189,0.287227002,0.146922568,0.008356354,0.129382452
8017,"Cheyenne County, Colorado",0.207674944,6.834645669,0.336486486,0.127027027,0.028448276,0.152207002
8019,"Clear Creek County, Colorado",0.12450805,3.537903226,0.361080846,0.185661364,0.005547081,0.137628554
8021,"Conejos County, Colorado",0.142204827,4.231428571,0.408811144,0.184321348,0.051501205,0.244794312
8023,"Costilla County, Colorado",0.141578519,3.767156863,0.314379085,0.164705882,0.04857487,0.295392954
8025,"Crowley County, Colorado",0.072372561,2.3062954,0.396197719,0.210646388,0.025728538,0.130971993
8027,"Custer County, Colorado",0.234604106,7.162162162,0.264557542,0.126547455,0.013196876,0.134511914
8029,"Delta County, Colorado",0.188256461,2.789239568,0.32088396,0.16684335,0.030719106,0.133156254
8031,"Denver County, Colorado",0.098625655,3.41372267,0.390956887,0.097905649,0.024178651,0.110638644
8033,"Dolores County, Colorado",0.154706431,5.888372093,0.302953586,0.138396624,0,0.104477612
8035,"Douglas County, Colorado",0.116190544,6.877584686,0.190519129,0.070000227,0.023428737,0.080815549
8037,"Eagle County, Colorado",0.149349841,5.102645503,0.255327624,0.072445728,0.010934696,0.133472222
8039,"Elbert County, Colorado",0.156803273,8.590692124,0.13422325,0.067584612,0.028445042,0.11350872
8041,"El Paso County, Colorado",0.104127103,4.585997023,0.24441783,0.08764306,0.030581434,0.128531323
8043,"Fremont County, Colorado",0.143814892,2.965243727,0.306103977,0.14697064,0.024347223,0.127632213
8045,"Garfield County, Colorado",0.164884554,5.057424271,0.23992854,0.090174185,0.038727117,0.23308958
8047,"Gilpin County, Colorado",0.119753777,2.781065089,0.352260778,0.082018927,0.014828545,0.170155039
8049,"Grand County, Colorado",0.076143865,4.861352981,0.3497916,0.137223469,0.003386418,0.106698389
8051,"Gunnison County, Colorado",0.185423468,7.51980198,0.283155046,0.075911844,0.002377179,0.262719879
8053,"Hinsdale County, Colorado",0.248192771,5.902173913,0.290794979,0.146443515,0.016713092,0.112612613
8055,"Huerfano County, Colorado",0.155813024,3.663303909,0.354883559,0.252346194,0.035062241,0.108093126
8057,"Jackson County, Colorado",0.166666667,5.1,0.344186047,0.144186047,0.033492823,0.110465116
8059,"Jefferson County, Colorado",0.114630397,4.424745097,0.274646351,0.110176531,0.022669441,0.091409662
8061,"Kiowa County, Colorado",0.174114022,5.385964912,0.274047187,0.132486388,0.012746234,0.135523614
8063,"Kit Carson County, Colorado",0.125982043,4.687782805,0.322255791,0.126552534,0.020398702,0.103739003
8065,"Lake County, Colorado",0.122883196,2.971311475,0.389495946,0.109975326,0.028261793,0.25
8067,"La Plata County, Colorado",0.1809817,3.986969649,0.29888502,0.112599709,0.016061884,0.125250347
8069,"Larimer County, Colorado",0.124399819,5.395612419,0.245346017,0.098030917,0.017381865,0.088293666
8071,"Las Animas County, Colorado",0.12632842,2.941207627,0.368270246,0.165284271,0.043296659,0.166791138
8073,"Lincoln County, Colorado",0.198248041,4.76,0.364724246,0.192507804,0.009052183,0.131294964
8075,"Logan County, Colorado",0.106125971,3.225904762,0.340889167,0.138008766,0.051201201,0.160962915
8077,"Mesa County, Colorado",0.136529028,3.387260876,0.292861897,0.151605439,0.029608972,0.102390091
8079,"Mineral County, Colorado",0.22815534,12.48717949,0.346889952,0.133971292,0,0.180505415
8081,"Moffat County, Colorado",0.149754501,3.212844037,0.285714286,0.105455948,0.035214785,0.25240546
8083,"Montezuma County, Colorado",0.107625793,3.995923913,0.270057034,0.125,0.021206994,0.116592483
8085,"Montrose County, Colorado",0.17448183,4.408404465,0.268395728,0.148398075,0.021628719,0.134044902
8087,"Morgan County, Colorado",0.126647357,4.482673267,0.250367918,0.132726269,0.048600449,0.166601294
8089,"Otero County, Colorado",0.101269354,3.635892116,0.318936002,0.179483803,0.038736335,0.169453316
8091,"Ouray County, Colorado",0.254901961,5.43373494,0.293223819,0.133059548,0.014352818,0.221481481
8093,"Park County, Colorado",0.175124263,6.868918919,0.213319459,0.068938606,0.018984976,0.150284042
8095,"Phillips County, Colorado",0.237475915,4.635555556,0.300568182,0.136931818,0.008651766,0.145989975
8097,"Pitkin County, Colorado",0.243166016,3.436844505,0.365910772,0.117944294,0,0.109629924
8099,"Prowers County, Colorado",0.128834356,4.877330716,0.299977812,0.173286,0.053832903,0.054992452
8101,"Pueblo County, Colorado",0.084882218,3.067562129,0.322581607,0.14607244,0.043163342,0.13178143
8103,"Rio Blanco County, Colorado",0.131034483,3.959722222,0.285714286,0.138081974,0.034706617,0.075471698
8105,"Rio Grande County, Colorado",0.138275797,3.283551273,0.277861284,0.134421301,0.022921109,0.127807901
8107,"Routt County, Colorado",0.145958463,5.102432778,0.247300321,0.091643156,0.007760079,0.109032258
8109,"Saguache County, Colorado",0.195466369,3.363534676,0.335395637,0.170302833,0.032236985,0.244565217
8111,"San Juan County, Colorado",0.272965879,4.16091954,0.246290801,0.068249258,0.010121457,0.14957265
8113,"San Miguel County, Colorado",0.199028143,3.71147541,0.363636364,0.085194805,0.004087436,0.095622609
8115,"Sedgwick County, Colorado",0.173023256,4.00390625,0.400381316,0.165872259,0.050394657,0.147138965
8117,"Summit County, Colorado",0.125495649,3.882836275,0.284765957,0.054382979,0.008156062,0.107696194
8119,"Teller County, Colorado",0.134820731,3.981806575,0.316032609,0.131612319,0.021771564,0.070109839
8121,"Washington County, Colorado",0.205779335,5.730673317,0.298522167,0.133004926,0.024846725,0.156973108
8123,"Weld County, Colorado",0.103109821,5.311336406,0.207943844,0.086085722,0.039809424,0.135058368
8125,"Yuma County, Colorado",0.180152357,6.998535871,0.247660005,0.131292689,0.021605451,0.123948402
9110,"Capitol Planning Region, Connecticut",0.079233675,4.478299921,0.292684757,0.125476977,0.024953438,0.09323572
9120,"Greater Bridgeport Planning Region, Connecticut",0.117935673,4.536108941,0.284262577,0.130241623,0.031098869,0.139497474
9130,"Lower Connecticut River Valley Planning Region, Connecticut",0.0996983,4.434208288,0.297014394,0.129905314,0.019664527,0.084077968
9140,"Naugatuck Valley Planning Region, Connecticut",0.098503198,4.077406825,0.291096276,0.123210024,0.029112646,0.11757004
9150,"Northeastern Connecticut Planning Region, Connecticut",0.095809992,4.063676858,0.236687925,0.105770726,0.028166547,0.087886544
9160,"Northwest Hills Planning Region, Connecticut",0.134737096,4.280542986,0.284757265,0.138746302,0.024164032,0.079709312
9170,"South Central Connecticut Planning Region, Connecticut",0.081042304,4.38518331,0.31142938,0.126316581,0.026757609,0.101835016
9180,"Southeastern Connecticut Planning Region, Connecticut",0.076042231,3.714914956,0.305271944,0.126280643,0.01894792,0.09528219
9190,"Western Connecticut Planning Region, Connecticut",0.129482709,6.111241668,0.248669238,0.112356675,0.024428116,0.121757285
10001,"Kent County, Delaware",0.070873169,4.25057222,0.258831235,0.112713776,0.044285146,0.112180314
10003,"New Castle County, Delaware",0.080117729,4.242608052,0.304935197,0.116024079,0.034438546,0.107731841
10005,"Sussex County, Delaware",0.119756213,4.748162936,0.271595666,0.150203289,0.026622706,0.098002257
11001,"Washington, District of Columbia",0.076104906,3.689365359,0.463350064,0.106211505,0.022523083,0.150521746
12001,"Alachua County, Florida",0.081966598,3.859875132,0.350994963,0.110988333,0.026266047,0.12928797
12003,"Baker County, Florida",0.124685029,4.187150838,0.170924034,0.100399822,0.045062603,0.129705681
12005,"Bay County, Florida",0.126609265,3.685138787,0.27964059,0.103578028,0.041524702,0.142550496
12007,"Bradford County, Florida",0.100798497,2.86908758,0.293261277,0.160692622,0.046764367,0.148315737
12009,"Brevard County, Florida",0.104330687,3.657195143,0.304143523,0.152479222,0.028878381,0.090166204
12011,"Broward County, Florida",0.13663594,3.382452962,0.294253295,0.122517935,0.035728397,0.125481948
12013,"Calhoun County, Florida",0.115537849,2.48239824,0.348246403,0.178057554,0.026255583,0.162938415
12015,"Charlotte County, Florida",0.141144807,4.558756956,0.285257054,0.196171062,0.022423014,0.097864697
12017,"Citrus County, Florida",0.121869614,3.730222704,0.304540273,0.201684653,0.022545696,0.109961156
12019,"Clay County, Florida",0.092460168,4.609833278,0.198961156,0.083358426,0.03907515,0.116210376
12021,"Collier County, Florida",0.172746609,4.981730354,0.279668044,0.171712339,0.024834757,0.146538583
12023,"Columbia County, Florida",0.11132969,3.110580368,0.293963851,0.124587928,0.046669495,0.173075084
12027,"DeSoto County, Florida",0.121953188,2.913546798,0.266855754,0.133792545,0.031894686,0.249261666
12029,"Dixie County, Florida",0.150174408,3.328491097,0.266223232,0.159798832,0.028385216,0.180182401
12031,"Duval County, Florida",0.087196416,3.167948003,0.318929044,0.10040845,0.033355611,0.117792142
12033,"Escambia County, Florida",0.100048574,3.147263986,0.30550748,0.117088282,0.033334536,0.129844794
12035,"Flagler County, Florida",0.141575461,4.841526846,0.223285453,0.130139435,0.031115204,0.172392218
12037,"Franklin County, Florida",0.226086957,2.753269917,0.31779038,0.168031926,0.019948735,0.164290343
12039,"Gadsden County, Florida",0.076039387,2.82155296,0.324708845,0.147875354,0.040241593,0.097544441
12041,"Gilchrist County, Florida",0.131738101,4.196315789,0.236030268,0.103608847,0.049272402,0.116286489
12043,"Glades County, Florida",0.143015521,4.124260355,0.255984473,0.132197542,0.021594684,0.190533494
12045,"Gulf County, Florida",0.115122873,3.093891974,0.277620397,0.129957507,0.045353982,0.236329182
12047,"Hamilton County, Florida",0.115729421,3.51255887,0.204186047,0.114651163,0.055671056,0.177328844
12049,"Hardee County, Florida",0.09530694,4.538349515,0.211517165,0.075181494,0.046691807,0.329321136
12051,"Hendry County, Florida",0.099621067,3.791176471,0.209421326,0.074422455,0.03882684,0.231935484
12053,"Hernando County, Florida",0.100205641,3.85661931,0.257878715,0.150450303,0.037643806,0.117303898
12055,"Highlands County, Florida",0.113775337,4.217901235,0.30397225,0.189817612,0.026957084,0.152427184
12057,"Hillsborough County, Florida",0.104583503,3.744308098,0.284913478,0.091053092,0.037756145,0.120429385
12059,"Holmes County, Florida",0.102911847,2.954775993,0.310935069,0.17654548,0.05338134,0.089512876
12061,"Indian River County, Florida",0.13709869,4.081546986,0.325686468,0.197718111,0.0259328,0.112842025
12063,"Jackson County, Florida",0.098784571,2.80637174,0.317180095,0.175533175,0.022771409,0.086319218
12065,"Jefferson County, Florida",0.10099143,3.859333333,0.299873165,0.119768074,0.023374583,0.159029086
12067,"Lafayette County, Florida",0.053012048,3.411913815,0.276320939,0.185518591,0.024857301,0.108346709
12069,"Lake County, Florida",0.10920174,4.741002777,0.251812218,0.139490433,0.034587645,0.109915612
12071,"Lee County, Florida",0.131528058,4.228135764,0.284617213,0.155738916,0.02562831,0.128761535
12073,"Leon County, Florida",0.084373775,3.52696059,0.33015873,0.095507558,0.021535035,0.104339281
12075,"Levy County, Florida",0.14435025,3.447337963,0.299501205,0.168357339,0.02869421,0.15370746
12077,"Liberty County, Florida",0.087229862,2.234329797,0.289333878,0.103391908,0.031399459,0.172361809
12079,"Madison County, Florida",0.105702811,2.995768688,0.340803825,0.149559241,0.036885246,0.170529801
12081,"Manatee County, Florida",0.131023881,4.298629816,0.277570891,0.164305686,0.030058697,0.142407853
12083,"Marion County, Florida",0.124482056,3.969014987,0.295130197,0.170126971,0.031132003,0.130445876
12085,"Martin County, Florida",0.16090495,3.780141092,0.315748456,0.192254661,0.020146238,0.100064234
12086,"Miami-Dade County, Florida",0.153542322,3.415253123,0.253695889,0.101333081,0.046460801,0.121133943
12087,"Monroe County, Florida",0.192537313,3.421984473,0.27963243,0.134203792,0.015360622,0.111157039
12089,"Nassau County, Florida",0.101799884,4.839656484,0.218708719,0.109863496,0.033634634,0.071328546
12091,"Okaloosa County, Florida",0.130543747,4.403962227,0.281913745,0.101627187,0.031215033,0.135895242
12093,"Okeechobee County, Florida",0.144688049,3.934375801,0.278637978,0.134928615,0.044170022,0.19938456
12095,"Orange County, Florida",0.10417218,3.992155398,0.243812299,0.068761727,0.03987566,0.128404452
12097,"Osceola County, Florida",0.104376506,3.800797135,0.213901199,0.070424063,0.047795717,0.176536077
12099,"Palm Beach County, Florida",0.149495929,3.717759635,0.305990224,0.17021374,0.028495719,0.135341368
12101,"Pasco County, Florida",0.114834186,3.989456923,0.285771202,0.144136804,0.030482964,0.112824035
12103,"Pinellas County, Florida",0.12350333,2.977553488,0.359625617,0.178729736,0.024803751,0.099487136
12105,"Polk County, Florida",0.086961274,3.770435976,0.244502073,0.126998429,0.041079667,0.109994336
12107,"Putnam County, Florida",0.113290602,2.65480427,0.323584716,0.166677859,0.046897607,0.136193564
12109,"St Johns County, Florida",0.13900137,5.238764376,0.203623501,0.105971231,0.028879788,0.093999756
12111,"St Lucie County, Florida",0.119113593,3.633907544,0.25668483,0.13428185,0.035759491,0.105557261
12113,"Santa Rosa County, Florida",0.112415071,4.568519596,0.208733675,0.095031931,0.039262137,0.089247442
12115,"Sarasota County, Florida",0.164194317,4.120148716,0.30227495,0.194868193,0.019046765,0.106347892
12117,"Seminole County, Florida",0.10528332,4.048425081,0.255647539,0.09402846,0.031753682,0.105676944
12119,"Sumter County, Florida",0.114906832,4.939393939,0.30445533,0.242842703,0.007254057,0.104713338
12121,"Suwannee County, Florida",0.123153855,3.274874177,0.247330615,0.121270951,0.038239463,0.096333573
12123,"Taylor County, Florida",0.104046243,3.134836066,0.304755526,0.148961822,0.038618307,0.168886315
12125,"Union County, Florida",0.08063372,2.348615524,0.213483146,0.09110894,0.037773163,0.052405267
12127,"Volusia County, Florida",0.126007356,3.138697938,0.298328556,0.155303795,0.027136574,0.104299764
12129,"Wakulla County, Florida",0.127254966,3.549317538,0.258213208,0.115403956,0.032714216,0.113502311
12131,"Walton County, Florida",0.204601646,4.214449541,0.239338224,0.10476009,0.019590604,0.15353701
12133,"Washington County, Florida",0.111405836,3.337429775,0.267069819,0.138757559,0.024483917,0.122414521
13001,"Appling County, Georgia",0.089126319,6.345238095,0.236865022,0.108998549,0.048338099,0.163272411
13003,"Atkinson County, Georgia",0.087378641,6.097087379,0.225922298,0.116878877,0.068811981,0.133949983
13005,"Bacon County, Georgia",0.086997414,3.140699523,0.29009977,0.161422359,0.033435092,0.093322386
13007,"Baker County, Georgia",0.151111111,4.53875969,0.293527803,0.169553327,0.032753327,0.064267352
13009,"Baldwin County, Georgia",0.066338045,2.832010582,0.30801741,0.113101621,0.04057106,0.095078136
13011,"Banks County, Georgia",0.114014252,4.298559364,0.225588721,0.111144443,0.051997625,0.100640839
13013,"Barrow County, Georgia",0.091127841,4.558815789,0.190681352,0.078906223,0.054449672,0.155451435
13015,"Bartow County, Georgia",0.08259802,4.747904252,0.214967863,0.088006453,0.065983884,0.141598268
13017,"Ben Hill County, Georgia",0.08887008,4.173816568,0.317569464,0.123772102,0.043024029,0.133110368
13019,"Berrien County, Georgia",0.110651784,3.537619048,0.248929573,0.120626015,0.040703875,0.088096401
13021,"Bibb County, Georgia",0.083931376,3.004457751,0.345729657,0.12372226,0.033967362,0.100235093
13023,"Bleckley County, Georgia",0.038561439,4.760204082,0.234904097,0.130239166,0.047297297,0.113826983
13025,"Brantley County, Georgia",0.090896078,3.810795125,0.390735449,0.162280042,0.077589944,0.11839003
13027,"Brooks County, Georgia",0.123887128,3.118699187,0.358905489,0.162665771,0.031002511,0.111906072
13029,"Bryan County, Georgia",0.097548923,5.525662719,0.162569649,0.054605048,0.027058732,0.086393452
13031,"Bulloch County, Georgia",0.083252662,3.448391323,0.285752851,0.101201323,0.052711376,0.114591921
13033,"Burke County, Georgia",0.126823262,4.265952265,0.337147986,0.158083698,0.056206568,0.086581125
13035,"Butts County, Georgia",0.097161253,3.825724494,0.199575622,0.118708004,0.040131454,0.066279745
13037,"Calhoun County, Georgia",0.104179663,2.110576923,0.271209085,0.166332665,0.027335456,0.121774194
13039,"Camden County, Georgia",0.091144767,3.910092074,0.244925043,0.08346031,0.047643792,0.102868748
13043,"Candler County, Georgia",0.105062724,4.592788971,0.338532781,0.154033634,0.03042836,0.135882832
13045,"Carroll County, Georgia",0.093401305,3.816043679,0.226346637,0.098637083,0.047911133,0.153944989
13047,"Catoosa County, Georgia",0.094680168,3.81003447,0.231231814,0.107313288,0.037889289,0.089811155
13049,"Charlton County, Georgia",0.047065892,2.674949631,0.304971556,0.119465743,0.046899939,0.018855932
13051,"Chatham County, Georgia",0.105989749,3.702312139,0.307216548,0.1070172,0.027078718,0.142745288
13053,"Chattahoochee County, Georgia",0.08768407,5.758333333,0.160512063,0.033481044,0.050094162,0.174242424
13055,"Chattooga County, Georgia",0.101572739,2.534711965,0.334481274,0.16670254,0.042456745,0.115556139
13057,"Cherokee County, Georgia",0.117819124,6.259060469,0.188326479,0.082629892,0.0330245,0.117332422
13059,"Clarke County, Georgia",0.085978127,3.498400959,0.339358032,0.093182841,0.022617359,0.117160055
13061,"Clay County, Georgia",0.060954064,3.364705882,0.38407699,0.182852143,0.024930748,0.199504337
13063,"Clayton County, Georgia",0.077742997,2.931081681,0.283562297,0.074813967,0.060067379,0.172604145
13065,"Clinch County, Georgia",0.077534791,4.825870647,0.253249476,0.075471698,0.028960818,0.070229008
13067,"Cobb County, Georgia",0.10748672,4.680146447,0.258343036,0.076872353,0.032227498,0.105714468
13069,"Coffee County, Georgia",0.090175042,3.373850197,0.25950047,0.108298644,0.0625,0.070937604
13071,"Colquitt County, Georgia",0.085254886,3.016823553,0.273414354,0.129451599,0.045563904,0.125396107
13073,"Columbia County, Georgia",0.075108382,4.733039202,0.219154547,0.099128976,0.049158725,0.094718548
13075,"Cook County, Georgia",0.128857105,3.40734738,0.277468934,0.123446697,0.039952996,0.169772584
13077,"Coweta County, Georgia",0.083486013,5.60106383,0.209793824,0.083153368,0.036343709,0.095651865
13079,"Crawford County, Georgia",0.134384984,5.498360656,0.235687904,0.136195753,0.050995025,0.082601054
13081,"Crisp County, Georgia",0.122247972,3.324873096,0.27832977,0.155829455,0.039896128,0.129471636
13083,"Dade County, Georgia",0.126396154,6.499580185,0.235100428,0.12627593,0.037037037,0.080809923
13085,"Dawson County, Georgia",0.101514261,4.449194114,0.229527216,0.110702891,0.0386053,0.129542023
13087,"Decatur County, Georgia",0.093452866,3.637911884,0.288586693,0.125206411,0.061253725,0.136896129
13089,"De Kalb County, Georgia",0.088607432,3.237924546,0.343209356,0.101503178,0.040391024,0.147236571
13091,"Dodge County, Georgia",0.086697723,2.568293606,0.263468523,0.137106538,0.054793494,0.109377463
13093,"Dooly County, Georgia",0.114957049,2.737642586,0.241087932,0.113546343,0.029127448,0.103513174
13095,"Dougherty County, Georgia",0.077238203,2.122488135,0.377544725,0.143503422,0.036083831,0.130358236
13097,"Douglas County, Georgia",0.089342629,3.778396516,0.238724482,0.074992087,0.065237729,0.107112045
13099,"Early County, Georgia",0.066463128,4.006841505,0.291583665,0.128486056,0.021296015,0.185832567
13101,"Echols County, Georgia",0.146764861,4.104109589,0.214343928,0.083129584,0.154628688,0.038101187
13103,"Effingham County, Georgia",0.07005957,5.105085947,0.226687117,0.058238387,0.027845224,0.079808877
13105,"Elbert County, Georgia",0.108174771,3.970411234,0.28743808,0.142893433,0.032354327,0.131073785
13107,"Emanuel County, Georgia",0.126604307,2.484746899,0.285182069,0.13556063,0.042599912,0.180573759
13109,"Evans County, Georgia",0.109169315,3.152588556,0.299182422,0.14333163,0.029037828,0.137290715
13111,"Fannin County, Georgia",0.198116044,4.405568601,0.270415821,0.143727377,0.030422927,0.134191664
13113,"Fayette County, Georgia",0.112441323,6.581774082,0.184970155,0.103711994,0.034002706,0.089708641
13115,"Floyd County, Georgia",0.094873441,3.800163633,0.262890321,0.11987443,0.041918499,0.126143293
13117,"Forsyth County, Georgia",0.121520232,7.233693777,0.151366611,0.061810493,0.026243396,0.09560343
13119,"Franklin County, Georgia",0.091109942,3.562523612,0.235859,0.097435297,0.049293371,0.150588554
13121,"Fulton County, Georgia",0.113627098,3.647753785,0.378553241,0.094081037,0.026124507,0.092256779
13123,"Gilmer County, Georgia",0.11959325,3.709902719,0.254507305,0.136384831,0.033105647,0.226315254
13125,"Glascock County, Georgia",0.059803179,4.383458647,0.30608365,0.1121673,0.057577404,0.02310231
13127,"Glynn County, Georgia",0.124685838,3.630635584,0.285399076,0.127798535,0.027294118,0.12186075
13129,"Gordon County, Georgia",0.098330241,4.419419602,0.229627828,0.111067867,0.039061181,0.126681456
13131,"Grady County, Georgia",0.126607499,2.995478036,0.271548203,0.151756536,0.028920269,0.247246628
13133,"Greene County, Georgia",0.139477977,5.759414226,0.270053827,0.154128922,0.042135041,0.101720906
13135,"Gwinnett County, Georgia",0.103478473,5.952821419,0.209839891,0.056983184,0.047072214,0.155784185
13137,"Habersham County, Georgia",0.104752438,3.92962659,0.266756376,0.131487889,0.036453376,0.157232704
13139,"Hall County, Georgia",0.108875632,5.184439083,0.208511681,0.091256287,0.047842455,0.172491745
13141,"Hancock County, Georgia",0.075098814,4.61295972,0.368043088,0.217235189,0.029296875,0.054493308
13143,"Haralson County, Georgia",0.100327542,5.698120915,0.246103725,0.105045346,0.052056828,0.143838754
13145,"Harris County, Georgia",0.085667111,7.020519263,0.209029826,0.088659456,0.037379913,0.110288908
13147,"Hart County, Georgia",0.122487778,4.029296177,0.29774626,0.143384496,0.039787344,0.136872146
13149,"Heard County, Georgia",0.070138151,2.716656787,0.25584563,0.133484677,0.080982966,0.089044652
13151,"Henry County, Georgia",0.098062084,4.337065492,0.222589746,0.089551513,0.047055998,0.107101241
13153,"Houston County, Georgia",0.083474232,4.247817021,0.263088422,0.087366146,0.038470726,0.113184724
13155,"Irwin County, Georgia",0.087822313,3.604578564,0.331183399,0.179472799,0.043821357,0.091985428
13157,"Jackson County, Georgia",0.099628797,5.829720854,0.162004662,0.078049728,0.042605299,0.101215571
13159,"Jasper County, Georgia",0.080573101,4.663537906,0.202531646,0.074683544,0.040909574,0.099395314
13161,"Jeff Davis County, Georgia",0.056372125,2.812034079,0.26971109,0.130661696,0.08004561,0.093897678
13163,"Jefferson County, Georgia",0.095306744,3.246808511,0.263130793,0.141606591,0.055870529,0.20247678
13165,"Jenkins County, Georgia",0.25,2.487886383,0.342432514,0.178647255,0.051001821,0.126940639
13167,"Johnson County, Georgia",0.130111524,2.56302521,0.367781155,0.182370821,0.037820726,0.22295082
13169,"Jones County, Georgia",0.07941385,4.509373895,0.252622625,0.122389188,0.053810662,0.093785417
13171,"Lamar County, Georgia",0.105008078,4.099496926,0.293292859,0.147730558,0.049163757,0.087975243
13173,"Lanier County, Georgia",0.086339108,3.266778523,0.245485327,0.10976298,0.037308461,0.099244505
13175,"Laurens County, Georgia",0.070580983,3.567195326,0.281086847,0.136473362,0.031594367,0.089533341
13177,"Lee County, Georgia",0.078337531,7.127365021,0.178892089,0.072251398,0.043570993,0.143056525
13179,"Liberty County, Georgia",0.08444163,4.161176054,0.26437432,0.067638738,0.047308427,0.129705177
13181,"Lincoln County, Georgia",0.146425226,4.090909091,0.248424544,0.15854063,0.015890821,0.117272387
13183,"Long County, Georgia",0.098210388,4.394259819,0.281773932,0.065981612,0.033228512,0.176377119
13185,"Lowndes County, Georgia",0.085110656,3.959915186,0.306015554,0.105146386,0.027336803,0.103464837
13187,"Lumpkin County, Georgia",0.1112416,5.742880391,0.245764192,0.112052402,0.029396242,0.097790473
13189,"Mcduffie County, Georgia",0.076568556,3.836653386,0.248660497,0.088285436,0.044651656,0.060791016
13191,"Mcintosh County, Georgia",0.143585198,3.41473397,0.277893857,0.138946929,0.044003451,0.092385218
13193,"Macon County, Georgia",0.137795276,2.91503268,0.374905897,0.155081556,0.040577448,0.139543726
13195,"Madison County, Georgia",0.110276442,4.262991573,0.215014242,0.089037949,0.051033386,0.089587932
13197,"Marion County, Georgia",0.11004954,4.568011958,0.264623955,0.124651811,0.055036757,0.228020686
13199,"Meriwether County, Georgia",0.067650369,4.13160793,0.259684185,0.118184061,0.083518601,0.113709308
13201,"Miller County, Georgia",0.122222222,3.65615142,0.321612011,0.183326748,0.044426919,0.059894586
13205,"Mitchell County, Georgia",0.094866214,2.275470359,0.262872287,0.119257951,0.0309639,0.146886389
13207,"Monroe County, Georgia",0.124315693,5.107526882,0.265612802,0.131537861,0.065017167,0.097023053
13209,"Montgomery County, Georgia",0.140488656,4.729577465,0.275792313,0.148347943,0.042691062,0.088634739
13211,"Morgan County, Georgia",0.137696601,5.794710327,0.214445762,0.104257282,0.0267252,0.094005278
13213,"Murray County, Georgia",0.046549315,5.021094641,0.219126455,0.111380308,0.05936355,0.095300176
13215,"Muscogee County, Georgia",0.069237638,2.819008376,0.345809958,0.125939191,0.035244831,0.110183182
13217,"Newton County, Georgia",0.091548628,3.783342456,0.210745251,0.077607377,0.044327859,0.117613325
13219,"Oconee County, Georgia",0.142981354,9.305473059,0.153244941,0.090718772,0.032542556,0.103999474
13221,"Oglethorpe County, Georgia",0.118421053,3.982047872,0.273468614,0.129148492,0.062162162,0.102320854
13223,"Paulding County, Georgia",0.093162312,4.721080184,0.173939875,0.067248523,0.056274166,0.113231989
13225,"Peach County, Georgia",0.096459507,3.5681458,0.307359307,0.153679654,0.045754803,0.092150911
13227,"Pickens County, Georgia",0.11261731,5.112728399,0.236313449,0.118770127,0.049849744,0.136081942
13229,"Pierce County, Georgia",0.089332075,4.485169492,0.263941019,0.108310992,0.037505163,0.150869868
13231,"Pike County, Georgia",0.100287853,4.906321839,0.202017067,0.112490303,0.042558528,0.078463876
13233,"Polk County, Georgia",0.107434394,3.957648119,0.249597216,0.129986466,0.065713726,0.115173303
13235,"Pulaski County, Georgia",0.03564827,2.337763878,0.346166185,0.152390119,0.05167264,0.080362727
13237,"Putnam County, Georgia",0.141699968,6.266705404,0.294051969,0.152659359,0.045315251,0.119162641
13239,"Quitman County, Georgia",0.024761905,6.031055901,0.411273486,0.225469729,0.063118812,0.107066381
13241,"Rabun County, Georgia",0.17564608,4.048893464,0.293447293,0.137321937,0.025513531,0.136522994
13243,"Randolph County, Georgia",0.097879282,1.963687151,0.387387387,0.188797493,0.046054403,0.269009217
13245,"Richmond County, Georgia",0.057530705,2.286961837,0.360890474,0.12977522,0.041528,0.102533968
13247,"Rockdale County, Georgia",0.089166532,3.804635374,0.257220217,0.086191336,0.06615893,0.118554633
13249,"Schley County, Georgia",0.047340426,4.938875306,0.262991128,0.103295311,0.019704433,0.122265122
13251,"Screven County, Georgia",0.1260604,4.675093633,0.300401946,0.142585149,0.032575758,0.125422297
13253,"Seminole County, Georgia",0.12409201,2.985432734,0.310429784,0.135231317,0.065581854,0.130823705
13255,"Spalding County, Georgia",0.082664131,3.426695218,0.274683496,0.12131696,0.058732575,0.07338319
13257,"Stephens County, Georgia",0.11572149,3.292199488,0.288945462,0.132967786,0.034670333,0.122666667
13259,"Stewart County, Georgia",0.020945946,3.267206478,0.395857307,0.116225547,0.024943311,0.225998301
13261,"Sumter County, Georgia",0.080754034,3.211940299,0.330012219,0.126045681,0.039932339,0.130864198
13263,"Talbot County, Georgia",0.071283096,3.152818991,0.303782506,0.198187549,0.053459119,0.136668386
13265,"Taliaferro County, Georgia",0.115269461,4.087719298,0.376360809,0.133748056,0.064655172,0.02
13267,"Tattnall County, Georgia",0.128979282,2.781772873,0.282971398,0.142478814,0.039897799,0.154701005
13269,"Taylor County, Georgia",0.064098306,3.367724868,0.300853018,0.130577428,0.020122312,0.157483731
13271,"Telfair County, Georgia",0.112763656,2.768907563,0.27238806,0.179443691,0.049217856,0.030973451
13273,"Terrell County, Georgia",0.110741301,3.629530201,0.280606061,0.143030303,0.05665773,0.165325825
13275,"Thomas County, Georgia",0.108501331,3.818705674,0.291941876,0.109698371,0.043201809,0.17019709
13277,"Tift County, Georgia",0.082149475,3.571646729,0.293776096,0.134068372,0.035367516,0.13372093
13279,"Toombs County, Georgia",0.104164616,3.478359052,0.32632766,0.17418495,0.066346215,0.154323332
13281,"Towns County, Georgia",0.182250054,4.944012442,0.299414348,0.148243045,0.046732062,0.204274809
13283,"Treutlen County, Georgia",0.067476383,3.947841727,0.334640523,0.159912854,0.030865686,0.157780196
13285,"Troup County, Georgia",0.073806452,3.839524741,0.286239106,0.109782311,0.052008885,0.109663366
13287,"Turner County, Georgia",0.102963185,3.470324748,0.373277796,0.148349888,0.048123541,0.184147318
13289,"Twiggs County, Georgia",0.109782609,3.096976017,0.354137931,0.195862069,0.064703744,0.087357331
13291,"Union County, Georgia",0.203168398,4.788791594,0.27707036,0.199275026,0.022265351,0.13750337
13293,"Upson County, Georgia",0.06213096,3.262860936,0.300710718,0.148866692,0.039039907,0.087330873
13295,"Walker County, Georgia",0.117691154,3.214022579,0.275424541,0.137194771,0.053558731,0.119524432
13297,"Walton County, Georgia",0.109000666,4.983594949,0.190519519,0.101350161,0.04723225,0.108266277
13299,"Ware County, Georgia",0.098778626,2.769428058,0.341643148,0.128488554,0.038593244,0.102256186
13301,"Warren County, Georgia",0.065346535,3.59047619,0.306426735,0.148586118,0.016550523,0.062173155
13303,"Washington County, Georgia",0.07837111,3.362911796,0.284454245,0.149393605,0.050646892,0.132048193
13305,"Wayne County, Georgia",0.14429264,2.95326592,0.282499535,0.112795239,0.057476232,0.210569973
13307,"Webster County, Georgia",0.09164149,4.955696203,0.350456621,0.194063927,0.003348962,0.115571776
13309,"Wheeler County, Georgia",0.076728194,3.230075188,0.365685661,0.192861616,0.039234682,0.021871203
13311,"White County, Georgia",0.138910938,4.603135889,0.209010054,0.114269142,0.031596003,0.081624447
13313,"Whitfield County, Georgia",0.06796608,4.495398429,0.241025784,0.114674414,0.037043214,0.125392167
13315,"Wilcox County, Georgia",0.072218383,2.671026157,0.270908363,0.148459384,0.025785519,0.074027604
13317,"Wilkes County, Georgia",0.126639758,4.289855072,0.350446429,0.200892857,0.041940532,0.108108108
13319,"Wilkinson County, Georgia",0.06480344,2.717369971,0.341986115,0.148204045,0.022695285,0.092048711
13321,"Worth County, Georgia",0.098283212,2.86634757,0.280901722,0.158308004,0.044165469,0.096729681
15001,"Hawaii County, Hawaii",0.169249133,4.436489356,0.264585748,0.136239444,0.048697014,0.22805679
15003,"Honolulu County, Hawaii",0.090781499,5.668599354,0.247734492,0.105070423,0.05612261,0.211537164
15005,"Kalawao County, Hawaii",0,1.333333333,0.78125,0.09375,0,0.15
15007,"Kauai County, Hawaii",0.149342824,4.527264325,0.21111498,0.120158412,0.057139323,0.17301176
15009,"Maui County, Hawaii",0.147151821,5.077175698,0.219722994,0.102178044,0.060572435,0.182892663
16001,"Ada County, Idaho",0.118233652,4.471025907,0.251477909,0.099831621,0.019972202,0.093939098
16003,"Adams County, Idaho",0.249140893,3.569536424,0.269116775,0.166567872,0.039903265,0.146341463
16005,"Bannock County, Idaho",0.087193391,4.355225371,0.303112769,0.111240215,0.021741331,0.115060804
16007,"Bear Lake County, Idaho",0.159750275,6.587002096,0.259147654,0.13689195,0.025615014,0.112825458
16009,"Benewah County, Idaho",0.124508519,3.685689201,0.283585991,0.113695766,0.034750233,0.123657776
16011,"Bingham County, Idaho",0.117396931,5.288192646,0.217060216,0.108658092,0.051800616,0.142000594
16013,"Blaine County, Idaho",0.170914433,4.596767836,0.280167778,0.133899763,0.027782934,0.103757472
16015,"Boise County, Idaho",0.165333333,5.091127098,0.274440518,0.15753828,0.03383203,0.09241908
16017,"Bonner County, Idaho",0.211094993,5.211501185,0.268046599,0.134855419,0.021683335,0.101184736
16019,"Bonneville County, Idaho",0.105221816,4.259396909,0.2504363,0.099971699,0.040495453,0.126474099
16021,"Boundary County, Idaho",0.183575884,4.047722343,0.265605096,0.162420382,0.005462398,0.138660077
16023,"Butte County, Idaho",0.199047619,6.066666667,0.37109375,0.178710938,0.011911852,0.153623188
16025,"Camas County, Idaho",0.180722892,1.798206278,0.294117647,0.133126935,0.140695915,0.120786517
16027,"Canyon County, Idaho",0.112354166,4.578089782,0.200832832,0.084612683,0.041703072,0.132391155
16029,"Caribou County, Idaho",0.138443256,7.715617716,0.284527107,0.125445192,0.032893157,0.166666667
16031,"Cassia County, Idaho",0.121565217,6.907170294,0.20195599,0.075550122,0.03212972,0.095963442
16033,"Clark County, Idaho",0.103960396,5.48,0.410852713,0.15503876,0.048275862,0.353383459
16035,"Clearwater County, Idaho",0.107142857,2.930115274,0.344915978,0.178296782,0.014477454,0.099884304
16037,"Custer County, Idaho",0.363636364,3.048951049,0.311946903,0.133849558,0.0014997,0.201058201
16039,"Elmore County, Idaho",0.13750749,3.462139423,0.294981413,0.109758364,0.045214138,0.11473607
16041,"Franklin County, Idaho",0.120350446,7.581422018,0.175941781,0.066138699,0.022913683,0.109719738
16043,"Fremont County, Idaho",0.12832011,6.252830189,0.177083333,0.092361111,0.039970753,0.152938454
16045,"Gem County, Idaho",0.155436803,3.572125152,0.23221234,0.152306837,0.034079146,0.123022577
16047,"Gooding County, Idaho",0.187778396,3.87607362,0.26029928,0.129687789,0.021151969,0.128214971
16049,"Idaho County, Idaho",0.203672788,5.831994645,0.26942299,0.157049826,0.014844689,0.123586091
16051,"Jefferson County, Idaho",0.134444444,7.522930944,0.159097994,0.08843396,0.044072763,0.144360347
16053,"Jerome County, Idaho",0.137518554,4.860722892,0.17733564,0.0747652,0.0448737,0.126859237
16055,"Kootenai County, Idaho",0.138752516,4.306086957,0.240739082,0.112772753,0.022598411,0.103927257
16057,"Latah County, Idaho",0.092948718,5.314668499,0.285830875,0.09548622,0.018478153,0.132808058
16059,"Lemhi County, Idaho",0.189086665,2.63014763,0.416165865,0.23828125,0.049410156,0.121682319
16061,"Lewis County, Idaho",0.142857143,4.949404762,0.335249042,0.190293742,0.014985824,0.18487395
16063,"Lincoln County, Idaho",0.150550314,4.997876858,0.235644637,0.112676056,0.037710883,0.188082902
16065,"Madison County, Idaho",0.065800315,23.04314721,0.107354537,0.035395275,0.038340666,0.257104626
16067,"Minidoka County, Idaho",0.11077993,5.472533963,0.245651592,0.118009098,0.026986507,0.135614231
16069,"Nez Perce County, Idaho",0.099939431,3.552377032,0.317390797,0.146461107,0.037186862,0.086854023
16071,"Oneida County, Idaho",0.149672591,7.753289474,0.299837045,0.183052689,0.021261261,0.134138973
16073,"Owyhee County, Idaho",0.134795651,5.781875659,0.234918382,0.120652945,0.046546961,0.147089129
16075,"Payette County, Idaho",0.114553381,5.158651685,0.260158255,0.126817793,0.052849205,0.075964586
16077,"Power County, Idaho",0.118184334,6.235514019,0.276301011,0.125795582,0.054127199,0.144305772
16079,"Shoshone County, Idaho",0.077845383,2.173835125,0.368382621,0.191675794,0.023559341,0.14339891
16081,"Teton County, Idaho",0.224727273,5.305208333,0.229325921,0.098216354,0.016624212,0.172459597
16083,"Twin Falls County, Idaho",0.125378644,4.650524809,0.255215827,0.109832134,0.024801777,0.11234314
16085,"Valley County, Idaho",0.168557536,4.08250573,0.22228061,0.16001051,0.039039739,0.021919431
16087,"Washington County, Idaho",0.180590295,3.354961832,0.267680425,0.160270336,0.033566633,0.149606299
17001,"Adams County, Illinois",0.085357787,4.344298592,0.318988723,0.157220808,0.027396275,0.091257414
17003,"Alexander County, Illinois",0.053775122,2.005148005,0.4134337,0.229299363,0.047372954,0.066883117
17005,"Bond County, Illinois",0.102015113,3.090909091,0.334083601,0.140032154,0.030541592,0.059084457
17007,"Boone County, Illinois",0.067403571,4.758965442,0.23102397,0.139034903,0.022640345,0.144697721
17009,"Brown County, Illinois",0.102150538,2.668539326,0.370280736,0.136011617,0.007130563,0.114227435
17011,"Bureau County, Illinois",0.081604426,4.106632361,0.298971297,0.157758435,0.022458034,0.109275632
17013,"Calhoun County, Illinois",0.152542373,4.367647059,0.209958506,0.132780083,0.030431937,0.108580106
17015,"Carroll County, Illinois",0.131733883,4.103015075,0.317872408,0.162735476,0.013430436,0.095910242
17017,"Cass County, Illinois",0.078358209,5.639620653,0.301958433,0.162270184,0.023812508,0.162227074
17019,"Champaign County, Illinois",0.078685574,4.442661144,0.36130816,0.096765979,0.019750135,0.125332193
17021,"Christian County, Illinois",0.086067523,2.866791745,0.377273065,0.185407853,0.014695243,0.098538656
17023,"Clark County, Illinois",0.084931888,4.590998043,0.263998759,0.130758492,0.038426535,0.120817844
17025,"Clay County, Illinois",0.105199516,3.106602059,0.331203213,0.186781085,0.009586933,0.07666527
17027,"Clinton County, Illinois",0.10103386,5.784137931,0.280756227,0.142068585,0.016414561,0.091319131
17029,"Coles County, Illinois",0.073034188,3.288138825,0.334216336,0.12837871,0.021829484,0.130071531
17031,"Cook County, Illinois",0.090175839,4.940934508,0.338195609,0.118988621,0.035392798,0.134186501
17033,"Crawford County, Illinois",0.080183553,4.554054054,0.305975137,0.135142361,0.021989529,0.079016681
17035,"Cumberland County, Illinois",0.092867487,6.219822109,0.300820859,0.165137615,0.031158998,0.079046983
17037,"De Kalb County, Illinois",0.08266832,4.726811013,0.288484632,0.08960372,0.024339544,0.113442211
17039,"De Witt County, Illinois",0.118227249,4.202836005,0.350541842,0.147501505,0.018831105,0.085718804
17041,"Douglas County, Illinois",0.110361996,5.540113708,0.285209424,0.153926702,0.020377734,0.142281686
17043,"Du Page County, Illinois",0.089828361,6.802715398,0.246922923,0.107627483,0.026277574,0.097335538
17045,"Edgar County, Illinois",0.091416423,4.585722316,0.299026059,0.13885233,0.023799184,0.085931318
17047,"Edwards County, Illinois",0.113214551,4.4390625,0.275809524,0.117333333,0.038928837,0.118788452
17049,"Effingham County, Illinois",0.101449275,5.196045576,0.274861683,0.119591431,0.02907058,0.073358795
17051,"Fayette County, Illinois",0.131047492,4.179041353,0.302943475,0.154206825,0.02979462,0.114796972
17053,"Ford County, Illinois",0.13350047,4.386328725,0.369133415,0.131130251,0.024597808,0.13117718
17055,"Franklin County, Illinois",0.091212598,3.220318237,0.333271202,0.172972973,0.031765425,0.109563312
17057,"Fulton County, Illinois",0.084230132,3.701320132,0.323611609,0.137728413,0.02826681,0.107053527
17059,"Gallatin County, Illinois",0.073882353,3.316770186,0.33549884,0.177262181,0.056625803,0.074093817
17061,"Greene County, Illinois",0.102037137,3.989907485,0.306405459,0.160686771,0.01843318,0.148651817
17063,"Grundy County, Illinois",0.067859806,4.907741935,0.264036121,0.108608166,0.023743148,0.055558033
17065,"Hamilton County, Illinois",0.122334123,3.749460043,0.269642311,0.188321614,0.010327022,0.091859597
17067,"Hancock County, Illinois",0.154381255,4.487912088,0.325166445,0.17563249,0.018126117,0.067355982
17069,"Hardin County, Illinois",0.047154472,2.641571195,0.341216216,0.15,0.026576896,0.136690647
17071,"Henderson County, Illinois",0.112848402,5.617486339,0.281602914,0.158105647,0.036705461,0.055359246
17073,"Henry County, Illinois",0.10061628,4.755881047,0.296081637,0.159459058,0.020681115,0.07181663
17075,"Iroquois County, Illinois",0.126741173,3.997232791,0.310867433,0.147811358,0.025561798,0.104795558
17077,"Jackson County, Illinois",0.087701399,3.401586011,0.392858687,0.11088056,0.022313815,0.142080421
17079,"Jasper County, Illinois",0.101274023,5.590206186,0.264150943,0.140161725,0.010786591,0.063496144
17081,"Jefferson County, Illinois",0.089814135,3.898335467,0.289755041,0.137637028,0.027870586,0.13105239
17083,"Jersey County, Illinois",0.088192491,3.860897145,0.264382676,0.130575307,0.020494446,0.094211124
17085,"Jo Daviess County, Illinois",0.164621205,5.695561358,0.314969228,0.163093111,0.016061677,0.069572506
17087,"Johnson County, Illinois",0.078314632,2.651755379,0.274476376,0.14296152,0.02318303,0.109918056
17089,"Kane County, Illinois",0.08927648,5.541605727,0.221156325,0.103406666,0.03676598,0.131308397
17091,"Kankakee County, Illinois",0.072334645,4.28972973,0.295829125,0.12808258,0.024241772,0.09754984
17093,"Kendall County, Illinois",0.074715786,6.396507042,0.176762842,0.071789963,0.028625016,0.087952547
17095,"Knox County, Illinois",0.073562775,3.427899096,0.388299412,0.195958329,0.013124669,0.126818874
17097,"Lake County, Illinois",0.094723033,6.163909863,0.231229935,0.104841558,0.031264907,0.117821098
17099,"La Salle County, Illinois",0.083262612,4.144232533,0.304896964,0.140793264,0.020706249,0.095771344
17101,"Lawrence County, Illinois",0.075070586,3.287541713,0.324732768,0.156653151,0.042600221,0.099207156
17103,"Lee County, Illinois",0.07854669,4.074264929,0.33484527,0.156924428,0.015017784,0.095394995
17105,"Livingston County, Illinois",0.093074759,4.377010822,0.289328333,0.133310603,0.02042675,0.09752404
17107,"Logan County, Illinois",0.082415341,3.940782517,0.30429691,0.149536078,0.018744454,0.117402165
17109,"Mcdonough County, Illinois",0.096776699,3.775317753,0.414051724,0.153017241,0.015898146,0.117320731
17111,"Mchenry County, Illinois",0.088354675,5.876057148,0.217334823,0.104454086,0.026890773,0.087836538
17113,"Mclean County, Illinois",0.055783391,5.061194378,0.318450599,0.102101006,0.016927208,0.107869488
17115,"Macon County, Illinois",0.062210648,4.100160256,0.347769937,0.144227665,0.021996096,0.089274017
17117,"Macoupin County, Illinois",0.089016653,3.394262597,0.279216713,0.138099846,0.023986236,0.067690831
17119,"Madison County, Illinois",0.071293239,3.90404461,0.292239749,0.128734598,0.022992199,0.080243621
17121,"Marion County, Illinois",0.07903216,3.438819578,0.325741664,0.165397742,0.03888748,0.123963828
17123,"Marshall County, Illinois",0.093979159,6.044879171,0.297161264,0.160056372,0.038671925,0.055105713
17125,"Mason County, Illinois",0.129259897,3.733378562,0.323773324,0.180545957,0.012687164,0.110816777
17127,"Massac County, Illinois",0.082896118,3.985981308,0.269351561,0.122852392,0.034015047,0.128970775
17129,"Menard County, Illinois",0.094971118,5.637310606,0.239921337,0.122123894,0.028468424,0.08997111
17131,"Mercer County, Illinois",0.093606069,7.743137255,0.271794872,0.135819736,0.012766768,0.090772317
17133,"Monroe County, Illinois",0.085008554,6.101261261,0.235901216,0.112569112,0.020136861,0.062585122
17135,"Montgomery County, Illinois",0.105295139,3.265758092,0.334665601,0.169997335,0.020852173,0.074655766
17137,"Morgan County, Illinois",0.092709208,2.802911275,0.35657865,0.164447454,0.024263432,0.072102712
17139,"Moultrie County, Illinois",0.104138245,5.364591754,0.265968407,0.130837912,0.003783242,0.133333333
17141,"Ogle County, Illinois",0.088538947,4.437612298,0.29586197,0.147402317,0.012897964,0.093748456
17143,"Peoria County, Illinois",0.067960691,3.647171082,0.362472845,0.139581752,0.021893421,0.101190943
17145,"Perry County, Illinois",0.110127214,3.371240214,0.309561802,0.133300601,0.022950105,0.05451895
17147,"Piatt County, Illinois",0.091613216,4.916924985,0.28320802,0.138581748,0.012478368,0.075157774
17149,"Pike County, Illinois",0.139346812,3.357961054,0.333798396,0.174572724,0.025264703,0.106507719
17151,"Pope County, Illinois",0.135514019,3.623059867,0.358784285,0.179392142,0.035648659,0.142142142
17153,"Pulaski County, Illinois",0.11079865,3.887189293,0.374337222,0.202545069,0.047744581,0.120614035
17155,"Putnam County, Illinois",0.087555887,4.870967742,0.293333333,0.12875,0.014040562,0.050649351
17157,"Randolph County, Illinois",0.075178998,3.832535885,0.306008584,0.151587983,0.016941596,0.093173699
17159,"Richland County, Illinois",0.102570864,3.223730518,0.298072475,0.154664611,0.021469039,0.102424145
17161,"Rock Island County, Illinois",0.059705509,4.086021505,0.327498607,0.153292687,0.032758869,0.095586989
17163,"St Clair County, Illinois",0.067454804,3.957700017,0.314177615,0.123722704,0.027523167,0.101173529
17165,"Saline County, Illinois",0.10681617,3.503173484,0.334087555,0.18622725,0.027406842,0.105820106
17167,"Sangamon County, Illinois",0.075689434,3.538669577,0.347298761,0.140376352,0.023056047,0.07841135
17169,"Schuyler County, Illinois",0.128978224,2.69123506,0.31266055,0.110091743,0.021324585,0.093867334
17171,"Scott County, Illinois",0.079590929,5.73857868,0.258196721,0.157786885,0.041112828,0.08121547
17173,"Shelby County, Illinois",0.102362977,4.599254427,0.263980826,0.135471354,0.021320741,0.07084213
17175,"Stark County, Illinois",0.124692371,4.824596774,0.35683577,0.165950129,0.026951151,0.080808081
17177,"Stephenson County, Illinois",0.109143959,4.244424621,0.323835135,0.155194704,0.016367782,0.110286046
17179,"Tazewell County, Illinois",0.071698599,4.88644381,0.300581265,0.128567703,0.01583478,0.082957981
17181,"Union County, Illinois",0.111389421,3.497206704,0.345852432,0.214254029,0.039475983,0.091990206
17183,"Vermilion County, Illinois",0.107931182,3.125179856,0.349685661,0.167268593,0.032715118,0.081757169
17185,"Wabash County, Illinois",0.089299764,3.287550744,0.31100879,0.156969443,0.026557023,0.105493437
17187,"Warren County, Illinois",0.105270007,4.367741935,0.287302516,0.139116442,0.028827233,0.082164659
17189,"Washington County, Illinois",0.14693172,5.139260425,0.284670263,0.153819384,0.025587979,0.091790911
17191,"Wayne County, Illinois",0.127052602,4.860693264,0.312792056,0.169830607,0.020883226,0.108117385
17193,"White County, Illinois",0.107681986,3.369111509,0.335799859,0.171423538,0.013785676,0.094286291
17195,"Whiteside County, Illinois",0.078051533,3.730541955,0.324987049,0.157010879,0.024779154,0.118715018
17197,"Will County, Illinois",0.077626689,6.377683406,0.206814911,0.087746378,0.036036015,0.096163513
17199,"Williamson County, Illinois",0.096718992,3.52050433,0.31541671,0.149013008,0.025317032,0.09585726
17201,"Winnebago County, Illinois",0.073296294,3.818327974,0.300779419,0.131885014,0.030680505,0.121846758
17203,"Woodford County, Illinois",0.068982203,6.793887439,0.25901528,0.115857385,0.014480053,0.089233885
18001,"Adams County, Indiana",0.115184607,5.091946077,0.249008017,0.12260102,0.025425043,0.202237447
18003,"Allen County, Indiana",0.073501059,4.347790507,0.297391969,0.110885783,0.027628724,0.1099321
18005,"Bartholomew County, Indiana",0.07752831,4.399692741,0.292527385,0.11454551,0.029421772,0.127219984
18007,"Benton County, Indiana",0.119333497,2.782646048,0.304411335,0.136722174,0.040653425,0.088181261
18009,"Blackford County, Indiana",0.119200155,4.342150171,0.334738956,0.160040161,0.043025944,0.135275754
18011,"Boone County, Indiana",0.09114527,6.99515543,0.213954524,0.08435031,0.023578841,0.072317006
18013,"Brown County, Indiana",0.116386956,5.430332922,0.208662614,0.110942249,0.036053812,0.122621185
18015,"Carroll County, Indiana",0.098135222,3.704102777,0.296472951,0.140077821,0.034865051,0.081783935
18017,"Cass County, Indiana",0.060977612,3.586482046,0.306947228,0.131930528,0.025012633,0.14780023
18019,"Clark County, Indiana",0.065879708,3.461477987,0.287684976,0.105885796,0.025274481,0.091208902
18021,"Clay County, Indiana",0.069244528,4.409334353,0.245730186,0.136729994,0.034077345,0.12967762
18023,"Clinton County, Indiana",0.091986601,3.265295359,0.307381683,0.124939428,0.024417828,0.119210083
18025,"Crawford County, Indiana",0.098959538,3.31547619,0.324953875,0.116005535,0.025053996,0.199817518
18027,"Daviess County, Indiana",0.104144806,5.329698292,0.257194555,0.112614165,0.033155366,0.297459763
18029,"Dearborn County, Indiana",0.074051051,4.863235294,0.231734873,0.125232237,0.030142441,0.100608442
18031,"Decatur County, Indiana",0.080606424,4.177136596,0.256674109,0.100378604,0.021799033,0.102356268
18033,"De Kalb County, Indiana",0.069114066,4.35631924,0.252958841,0.12206324,0.028765316,0.105316172
18035,"Delaware County, Indiana",0.054204689,3.208776705,0.305812518,0.120518209,0.028503865,0.129195804
18037,"Dubois County, Indiana",0.088290903,4.548590865,0.304754258,0.122555485,0.014698822,0.079534482
18039,"Elkhart County, Indiana",0.087000061,4.054663707,0.274504885,0.107789438,0.03874625,0.212434805
18041,"Fayette County, Indiana",0.076033536,2.749274521,0.315963606,0.14598842,0.03881416,0.120103823
18043,"Floyd County, Indiana",0.086926918,3.475876956,0.289670344,0.10805215,0.025030343,0.090349076
18045,"Fountain County, Indiana",0.073013416,3.569133398,0.285483871,0.135630499,0.02156715,0.135499074
18047,"Franklin County, Indiana",0.102455473,4.994149196,0.275735294,0.149286988,0.029263926,0.076446954
18049,"Fulton County, Indiana",0.093057275,3.190733591,0.265845522,0.132666153,0.033450019,0.125375698
18051,"Gibson County, Indiana",0.06740652,4.056087937,0.265449222,0.115426106,0.026506846,0.10077164
18053,"Grant County, Indiana",0.06713972,2.95035461,0.316120527,0.13826742,0.04140761,0.124726884
18055,"Greene County, Indiana",0.096244131,3.662302966,0.275804793,0.13849561,0.046029061,0.113907532
18057,"Hamilton County, Indiana",0.084126993,7.662668464,0.205674032,0.079299262,0.018663801,0.088068722
18059,"Hancock County, Indiana",0.07553803,4.817120123,0.234852342,0.113607434,0.023213901,0.088317427
18061,"Harrison County, Indiana",0.067964315,4.457272498,0.26514278,0.130977413,0.043961987,0.117547996
18063,"Hendricks County, Indiana",0.067985615,5.673281805,0.194338773,0.079514929,0.026351966,0.094915161
18065,"Henry County, Indiana",0.071102699,3.096510883,0.300016173,0.137797186,0.03144991,0.110580122
18067,"Howard County, Indiana",0.081815001,3.386835176,0.312927311,0.148210659,0.030413672,0.127455629
18069,"Huntington County, Indiana",0.062131319,4.164354881,0.293241015,0.138740521,0.03527991,0.093820571
18071,"Jackson County, Indiana",0.079324554,3.824470212,0.255491066,0.116991009,0.032898449,0.124656933
18073,"Jasper County, Indiana",0.113377948,4.218160377,0.266289629,0.136291222,0.027974708,0.113095715
18075,"Jay County, Indiana",0.097496994,2.777986476,0.307131381,0.127796317,0.06278244,0.152151412
18077,"Jefferson County, Indiana",0.0737629,2.668854542,0.311869666,0.141582622,0.034642688,0.107180613
18079,"Jennings County, Indiana",0.08215103,2.903183024,0.232100182,0.111843992,0.051866978,0.142857143
18081,"Johnson County, Indiana",0.092689023,5.051476261,0.237631483,0.099313137,0.023948914,0.088676271
18083,"Knox County, Indiana",0.065151854,4.80513455,0.313390885,0.143277789,0.028695181,0.091377261
18085,"Kosciusko County, Indiana",0.097109061,4.030428117,0.272721468,0.113806864,0.02682542,0.150130247
18087,"Lagrange County, Indiana",0.119529938,6.837698413,0.19452575,0.100624951,0.034683173,0.525446429
18089,"Lake County, Indiana",0.067257877,3.834902987,0.296166194,0.127548574,0.03613859,0.092965765
18091,"La Porte County, Indiana",0.07938353,3.163502032,0.283450908,0.135885278,0.027841903,0.09427741
18093,"Lawrence County, Indiana",0.059853401,3.483065954,0.307794203,0.139087585,0.035004763,0.118146364
18095,"Madison County, Indiana",0.076368101,2.821223001,0.303062486,0.144145362,0.03064807,0.149457247
18097,"Marion County, Indiana",0.070460391,3.194047421,0.368745816,0.103969331,0.033214878,0.125577639
18099,"Marshall County, Indiana",0.080493645,4.05320715,0.274608336,0.133018031,0.035063462,0.130001194
18101,"Martin County, Indiana",0.086622573,3.411111111,0.338380015,0.157961141,0.023583412,0.101796407
18103,"Miami County, Indiana",0.069947344,2.960662526,0.276991354,0.12763027,0.020649611,0.110415346
18105,"Monroe County, Indiana",0.078950723,3.599172586,0.343472662,0.092663488,0.024873536,0.14580759
18107,"Montgomery County, Indiana",0.098665523,4.238259485,0.303752272,0.136522981,0.041610169,0.145331913
18109,"Morgan County, Indiana",0.097639423,4.555103187,0.212064264,0.109845972,0.040444213,0.091126592
18111,"Newton County, Indiana",0.107131121,3.482054455,0.260010971,0.109343573,0.055713972,0.160534385
18113,"Noble County, Indiana",0.088801743,4.035532995,0.260741746,0.112222976,0.03340588,0.182670193
18115,"Ohio County, Indiana",0.081683168,3.486092715,0.281739812,0.145376176,0.016337479,0.097348979
18117,"Orange County, Indiana",0.09179208,3.322204344,0.264620802,0.148660546,0.032038065,0.112007285
18119,"Owen County, Indiana",0.106444823,3.284106892,0.294235767,0.145050791,0.044282511,0.106084624
18121,"Parke County, Indiana",0.128607277,4.021374928,0.268646288,0.148296943,0.025455239,0.183727614
18123,"Perry County, Indiana",0.070963927,3.399565217,0.316504086,0.143685737,0.025910931,0.095896267
18125,"Pike County, Indiana",0.075031413,5.713709677,0.304710793,0.155436295,0.027613164,0.107087996
18127,"Porter County, Indiana",0.08382689,4.799885503,0.266171168,0.110309809,0.028257114,0.082578031
18129,"Posey County, Indiana",0.088944846,5.929597036,0.230179782,0.088220847,0.020588058,0.077078912
18131,"Pulaski County, Indiana",0.121242485,2.92160383,0.323879041,0.170594369,0.031013616,0.214006889
18133,"Putnam County, Indiana",0.070361071,4.800790754,0.258545771,0.105228853,0.036543518,0.071658932
18135,"Randolph County, Indiana",0.075756208,3.151674938,0.302325581,0.144343048,0.035029616,0.124108255
18137,"Ripley County, Indiana",0.113344271,4.489007092,0.266870614,0.126147202,0.032415631,0.094131319
18139,"Rush County, Indiana",0.104965099,3.747433265,0.270129484,0.121000149,0.025967939,0.089420453
18141,"St Joseph County, Indiana",0.063032706,3.515193521,0.34014479,0.14583217,0.025234273,0.114415497
18143,"Scott County, Indiana",0.07933002,2.626874279,0.334880842,0.13205406,0.043013539,0.109065648
18145,"Shelby County, Indiana",0.104286686,4.190152452,0.283131862,0.137296218,0.027894295,0.093065798
18147,"Spencer County, Indiana",0.074779758,4.665139949,0.274497328,0.132349198,0.032632064,0.068085106
18149,"Starke County, Indiana",0.074356829,3.45971223,0.27709032,0.136000925,0.05627356,0.13134058
18151,"Steuben County, Indiana",0.07810708,4.736253495,0.277004495,0.12708424,0.022906685,0.100029727
18153,"Sullivan County, Indiana",0.068359812,3.179716629,0.258528992,0.124270333,0.02001631,0.141286421
18155,"Switzerland County, Indiana",0.115988174,2.515923567,0.295003965,0.179487179,0.034145559,0.109201774
18157,"Tippecanoe County, Indiana",0.063676368,4.280176811,0.325964515,0.089230434,0.023203677,0.097410122
18159,"Tipton County, Indiana",0.0708166,8.556029883,0.202755267,0.113452188,0.0161,0.129059684
18161,"Union County, Indiana",0.100868591,6.376344086,0.237293956,0.103021978,0.028944505,0.093346574
18163,"Vanderburgh County, Indiana",0.071510932,3.260316849,0.32842812,0.127119195,0.027249901,0.09646182
18165,"Vermillion County, Indiana",0.085668182,4.282941176,0.220719336,0.108668921,0.032387446,0.105378304
18167,"Vigo County, Indiana",0.068401639,2.946515005,0.342875854,0.1282627,0.031444074,0.137391397
18169,"Wabash County, Indiana",0.081639731,3.963582966,0.288669714,0.119958303,0.021859296,0.083875327
18171,"Warren County, Indiana",0.107511046,6.022026432,0.232789855,0.118055556,0.034482759,0.167517549
18173,"Warrick County, Indiana",0.08163977,5.500533049,0.23394458,0.096495518,0.017793245,0.080183722
18175,"Washington County, Indiana",0.106730477,3.35444102,0.254732586,0.129939349,0.041373534,0.160815515
18177,"Wayne County, Indiana",0.078133193,3.155588563,0.294009352,0.134982879,0.030193033,0.130793302
18179,"Wells County, Indiana",0.096369591,4.89581749,0.292066338,0.132944868,0.028356916,0.084223602
18181,"White County, Indiana",0.108906526,4.138836059,0.277817223,0.134090679,0.031466291,0.188108362
18183,"Whitley County, Indiana",0.08941574,4.772494734,0.237668161,0.105670476,0.0256056,0.066843798
19001,"Adair County, Iowa",0.148138007,3.952264382,0.343672457,0.146401985,0.022504092,0.077606838
19003,"Adams County, Iowa",0.212705615,3.709606987,0.309258043,0.201575837,0.007290401,0.143507973
19005,"Allamakee County, Iowa",0.187245195,5.388841927,0.306030151,0.147738693,0.004327563,0.122337307
19007,"Appanoose County, Iowa",0.142914412,3.953363914,0.318814638,0.166666667,0.021294929,0.100903982
19009,"Audubon County, Iowa",0.165667959,4.886238532,0.340039448,0.142406312,0.011939507,0.073777778
19011,"Benton County, Iowa",0.098074883,5.317898486,0.25538857,0.13565355,0.019226119,0.09065908
19013,"Black Hawk County, Iowa",0.078626218,4.626301213,0.320388892,0.126185022,0.018175689,0.112201498
19015,"Boone County, Iowa",0.113562667,4.09347079,0.290002754,0.131552373,0.016311239,0.098797099
19017,"Bremer County, Iowa",0.107054455,7.437094682,0.270652623,0.130834366,0.0121903,0.082579186
19019,"Buchanan County, Iowa",0.140955664,5.419260129,0.272319202,0.135660848,0.011359185,0.094238281
19021,"Buena Vista County, Iowa",0.10085899,4.956277327,0.311090475,0.124303529,0.037724602,0.250425894
19023,"Butler County, Iowa",0.146656977,8.238649593,0.25346806,0.129474225,0.017499205,0.087280468
19025,"Calhoun County, Iowa",0.171583668,4.481442206,0.32113188,0.173416407,0.007217445,0.101981352
19027,"Carroll County, Iowa",0.160855416,5.734144779,0.33624655,0.145929163,0.014684401,0.091771429
19029,"Cass County, Iowa",0.138957055,3.827540107,0.361289205,0.162016981,0.013012437,0.097992916
19031,"Cedar County, Iowa",0.13192585,4.749180328,0.28063399,0.132791689,0.021154477,0.056738477
19033,"Cerro Gordo County, Iowa",0.104415844,4.624409645,0.356915167,0.142210797,0.010706335,0.117405867
19035,"Cherokee County, Iowa",0.167954316,5.261261261,0.336379545,0.178106164,0.007905651,0.12550156
19037,"Chickasaw County, Iowa",0.135117807,6.993939394,0.292886179,0.137398374,0.009057495,0.057796742
19039,"Clarke County, Iowa",0.099539575,4.261133603,0.27094612,0.137922145,0.018986269,0.148961424
19041,"Clay County, Iowa",0.132185273,4.167392657,0.35432526,0.14449827,0.010350776,0.112446087
19043,"Clayton County, Iowa",0.129833933,4.757055215,0.335575075,0.148915729,0.01261277,0.082356523
19045,"Clinton County, Iowa",0.101031596,3.65576294,0.313393137,0.149003859,0.023807142,0.083427923
19047,"Crawford County, Iowa",0.17471555,4.435009798,0.238493724,0.126810428,0.0219423,0.135596054
19049,"Dallas County, Iowa",0.099032421,6.373935633,0.268674148,0.083202153,0.011165328,0.091294698
19051,"Davis County, Iowa",0.244460677,8.19581749,0.216582598,0.116960908,0.015319801,0.166603126
19053,"Decatur County, Iowa",0.164127623,5.794314381,0.25735775,0.128842381,0.029745686,0.134577985
19055,"Delaware County, Iowa",0.203004381,6.857029388,0.270373514,0.118986984,0.016917461,0.05585883
19057,"Des Moines County, Iowa",0.087531588,3.32688459,0.338125326,0.156802504,0.025238362,0.103842574
19059,"Dickinson County, Iowa",0.175309432,4.605941704,0.36646938,0.190723517,0.010301752,0.085683297
19061,"Dubuque County, Iowa",0.084621976,6.304627827,0.293560085,0.125772165,0.015300255,0.079437523
19063,"Emmet County, Iowa",0.137343461,3.49755142,0.338572533,0.169543932,0.016305234,0.100079639
19065,"Fayette County, Iowa",0.144312026,4.426054458,0.341395236,0.169907632,0.021447935,0.099916851
19067,"Floyd County, Iowa",0.12671694,4.438058748,0.353333333,0.152272727,0.012562313,0.125850934
19069,"Franklin County, Iowa",0.132629356,5.83042394,0.301072647,0.126523647,0.008859186,0.113903743
19071,"Fremont County, Iowa",0.155321189,5.522491349,0.283625731,0.117324561,0.034373587,0.11038961
19073,"Greene County, Iowa",0.125028624,3.859898477,0.359916602,0.199374511,0.019878997,0.157878969
19075,"Grundy County, Iowa",0.126693227,7.489671932,0.261556697,0.136507309,0.01966506,0.064439141
19077,"Guthrie County, Iowa",0.127747511,6.605882353,0.242806552,0.124169987,0.005890603,0.082595164
19079,"Hamilton County, Iowa",0.106394708,4.232679739,0.330807674,0.189585684,0.017970186,0.062323885
19081,"Hancock County, Iowa",0.12715208,7.578296703,0.261021388,0.135748581,0.005212002,0.100698355
19083,"Hardin County, Iowa",0.138219145,5.569285714,0.334044672,0.149238868,0.018887723,0.065429093
19085,"Harrison County, Iowa",0.134318243,6.455277281,0.243836995,0.115545866,0.009459029,0.073777333
19087,"Henry County, Iowa",0.083812064,4.047064532,0.281470819,0.155325831,0.022955186,0.125222025
19089,"Howard County, Iowa",0.156077933,4.934180139,0.275577558,0.121287129,0.014748262,0.110689252
19091,"Humboldt County, Iowa",0.164087344,4.194923858,0.337764064,0.142891052,0.008733624,0.107553366
19093,"Ida County, Iowa",0.149359886,4.440828402,0.325596817,0.129973475,0.008137432,0.08179515
19095,"Iowa County, Iowa",0.10267594,5.131101813,0.298028832,0.130773757,0.014029181,0.104607534
19097,"Jackson County, Iowa",0.132415706,6.550105116,0.265260821,0.133308669,0.015224859,0.077137546
19099,"Jasper County, Iowa",0.119522349,4.374348279,0.270334928,0.139166097,0.01895366,0.083523474
19101,"Jefferson County, Iowa",0.157278231,2.587248322,0.384119543,0.189569294,0.015414082,0.121289562
19103,"Johnson County, Iowa",0.081061312,6.092833351,0.300908588,0.084117628,0.013810598,0.118109377
19105,"Jones County, Iowa",0.158384162,4.101826484,0.276606301,0.117960804,0.010693642,0.117375983
19107,"Keokuk County, Iowa",0.148132153,4.396653543,0.316523868,0.15373317,0.013045504,0.080021775
19109,"Kossuth County, Iowa",0.175269427,5.342546064,0.35773244,0.186108083,0.00547125,0.111818693
19111,"Lee County, Iowa",0.09492744,3.614429175,0.319247508,0.149866629,0.015239844,0.089452712
19113,"Linn County, Iowa",0.075034208,4.377004467,0.305002598,0.11457085,0.020377504,0.089859719
19115,"Louisa County, Iowa",0.079925651,5.458725183,0.218628405,0.123540856,0.027554535,0.137654604
19117,"Lucas County, Iowa",0.083556638,6.033625731,0.283623308,0.140568904,0.027392323,0.106746627
19119,"Lyon County, Iowa",0.180496151,9.10031348,0.242520399,0.13712602,0.012533446,0.077699077
19121,"Madison County, Iowa",0.140585312,6.109535067,0.274440154,0.161698842,0.014963538,0.073349993
19123,"Mahaska County, Iowa",0.140888208,4.225364964,0.270708892,0.116533303,0.018275608,0.096024259
19125,"Marion County, Iowa",0.093191033,5.697208304,0.250713749,0.121187077,0.020594854,0.075990605
19127,"Marshall County, Iowa",0.084381712,5.183525136,0.278976975,0.116692831,0.031173771,0.169637452
19129,"Mills County, Iowa",0.093578526,4.490714286,0.284546664,0.141988215,0.01658641,0.094409478
19131,"Mitchell County, Iowa",0.189670368,7.031680441,0.317425083,0.132075472,0.030475905,0.089813283
19133,"Monona County, Iowa",0.173410405,4.940414508,0.340083074,0.205867082,0.019183816,0.083618278
19135,"Monroe County, Iowa",0.122641509,3.548022599,0.346306069,0.146437995,0.018942548,0.097307002
19137,"Montgomery County, Iowa",0.110573891,4.272365805,0.299799688,0.167148898,0.02865244,0.084367874
19139,"Muscatine County, Iowa",0.071959364,4.121175908,0.27045388,0.130893119,0.031197687,0.091921373
19141,"O'Brien County, Iowa",0.155849763,6.193675889,0.323508772,0.161403509,0.009944627,0.119557459
19143,"Osceola County, Iowa",0.211681187,5.426035503,0.330672748,0.156214367,0.000742574,0.119527145
19145,"Page County, Iowa",0.117535129,3.47271745,0.350008147,0.161968388,0.017848575,0.150610329
19147,"Palo Alto County, Iowa",0.110393946,4.116201117,0.349105915,0.201100413,0.009494805,0.139432914
19149,"Plymouth County, Iowa",0.121290228,7.81641604,0.26620325,0.133835911,0.011384962,0.092373592
19151,"Pocahontas County, Iowa",0.148371532,4.419398907,0.344469672,0.18099254,0.007621951,0.167532987
19153,"Polk County, Iowa",0.075454177,4.323657246,0.303326918,0.101159221,0.023747854,0.106989256
19155,"Pottawattamie County, Iowa",0.086805631,3.663379423,0.297266024,0.126231096,0.029255365,0.092316888
19157,"Poweshiek County, Iowa",0.13318872,4.249857712,0.365287978,0.17111197,0.012672811,0.074626866
19159,"Ringgold County, Iowa",0.245606327,4.511827957,0.306941432,0.136117137,0.011889036,0.07350326
19161,"Sac County, Iowa",0.156609485,5.626360339,0.312351544,0.15391924,0.009628824,0.051447715
19163,"Scott County, Iowa",0.080118218,4.037727115,0.307562014,0.123215186,0.02143528,0.078695226
19165,"Shelby County, Iowa",0.175888665,5.842494715,0.298803973,0.157307926,0.006742739,0.099908967
19167,"Sioux County, Iowa",0.162360463,11.85480427,0.250361098,0.122211523,0.015969191,0.1038582
19169,"Story County, Iowa",0.069396722,6.011686144,0.327293554,0.101244403,0.010358961,0.103702673
19171,"Tama County, Iowa",0.11524801,5.556534508,0.258839326,0.123228405,0.024831334,0.111731844
19173,"Taylor County, Iowa",0.145713318,4.091603053,0.319000819,0.165438165,0.01537259,0.186425339
19175,"Union County, Iowa",0.147394718,3.535433071,0.334806186,0.156256276,0.006701708,0.135223811
19177,"Van Buren County, Iowa",0.202614379,4.180225282,0.294862773,0.158339198,0.017981807,0.202235772
19179,"Wapello County, Iowa",0.079244596,3.990759457,0.291340802,0.14028042,0.034389596,0.144909529
19181,"Warren County, Iowa",0.086680914,5.080704807,0.256304632,0.126394052,0.015730617,0.084934611
19183,"Washington County, Iowa",0.151952825,5.346273292,0.270006725,0.138758126,0.015057002,0.122592139
19185,"Wayne County, Iowa",0.17838405,4.446841294,0.312129593,0.176214935,0.02372035,0.142120075
19187,"Webster County, Iowa",0.105906888,3.256720756,0.361571044,0.168977025,0.013650062,0.088637305
19189,"Winnebago County, Iowa",0.113375796,4.36108325,0.354688539,0.15761472,0.010283159,0.10993759
19191,"Winneshiek County, Iowa",0.15253309,6.782163743,0.306765636,0.147846191,0.006683109,0.084223171
19193,"Woodbury County, Iowa",0.075093063,4.374721107,0.283133577,0.121888881,0.024025899,0.120560748
19195,"Worth County, Iowa",0.158237356,5.699356913,0.284952978,0.152351097,0.007939739,0.095253265
19197,"Wright County, Iowa",0.139275288,6.12745098,0.302438117,0.13884236,0.023615338,0.055262603
20001,"Allen County, Kansas",0.115967571,3.622708039,0.311182493,0.146757679,0.032895576,0.137747167
20003,"Anderson County, Kansas",0.193511668,5.779552716,0.289099526,0.135545024,0.036330049,0.095579902
20005,"Atchison County, Kansas",0.079902838,3.685314685,0.301712329,0.132020548,0.034327703,0.127856183
20007,"Barber County, Kansas",0.208677686,5.332402235,0.346696781,0.156408809,0.021706017,0.088306943
20009,"Barton County, Kansas",0.099064214,3.881089375,0.330382894,0.157533565,0.016911718,0.081714001
20011,"Bourbon County, Kansas",0.090615385,4.956061839,0.293787234,0.166468085,0.018810961,0.213292789
20013,"Brown County, Kansas",0.154904572,3.556473829,0.336244541,0.161572052,0.032312353,0.106651376
20015,"Butler County, Kansas",0.084903275,5.658221024,0.232108239,0.111268174,0.032484807,0.097187197
20017,"Chase County, Kansas",0.14922813,6.266304348,0.305164319,0.185915493,0.035265989,0.08652793
20019,"Chautauqua County, Kansas",0.107169811,3.967391304,0.283446712,0.166288738,0.017660044,0.108632396
20021,"Cherokee County, Kansas",0.070944782,4.089258699,0.291517324,0.138988451,0.031561997,0.096145933
20023,"Cheyenne County, Kansas",0.225856698,3.951492537,0.474730737,0.246893123,0.006228766,0.06122449
20025,"Clark County, Kansas",0.198731501,2.641693811,0.329615861,0.142503098,0.011783189,0.096681097
20027,"Clay County, Kansas",0.175013179,4.11335578,0.326610644,0.148459384,0.009615385,0.125649351
20029,"Cloud County, Kansas",0.178055823,3.669346734,0.366603209,0.16562415,0.014941691,0.062679701
20031,"Coffey County, Kansas",0.095430447,3.980104712,0.264747389,0.140841095,0.022535727,0.107264297
20033,"Comanche County, Kansas",0.208428246,4.36627907,0.444981862,0.252720677,0,0.030955585
20035,"Cowley County, Kansas",0.109670661,3.208578431,0.32946299,0.158276679,0.030849549,0.143643644
20037,"Crawford County, Kansas",0.086836312,3.617767537,0.316715171,0.126281159,0.03185171,0.092952688
20039,"Decatur County, Kansas",0.243883792,3.720116618,0.405589124,0.236404834,0,0.094117647
20041,"Dickinson County, Kansas",0.1421646,4.214570858,0.325446033,0.150955333,0.03092954,0.121184919
20043,"Doniphan County, Kansas",0.10454179,4.433652531,0.278244973,0.135283364,0.034901701,0.058726493
20045,"Douglas County, Kansas",0.068514887,5.097952341,0.312347546,0.089809495,0.015260648,0.1186298
20047,"Edwards County, Kansas",0.21192053,3.296610169,0.361632653,0.194285714,0.024638457,0.111545988
20049,"Elk County, Kansas",0.128795812,3.533536585,0.317120623,0.179961089,0.033234421,0.166439291
20051,"Ellis County, Kansas",0.110174053,5.89184953,0.319535039,0.12978759,0.017548371,0.102427746
20053,"Ellsworth County, Kansas",0.139120546,4.431888545,0.321475054,0.188286334,0.020199675,0.070539419
20055,"Finney County, Kansas",0.075647336,5.797280593,0.247830428,0.095000384,0.040723756,0.172871805
20057,"Ford County, Kansas",0.093271191,3.994047619,0.249571771,0.105173004,0.036684557,0.179442382
20059,"Franklin County, Kansas",0.088807507,5.491375498,0.245949926,0.097790869,0.02508382,0.108151093
20061,"Geary County, Kansas",0.063118905,6.011266511,0.243265246,0.066533452,0.031796399,0.143390268
20063,"Gove County, Kansas",0.205088666,5.459016393,0.363790186,0.175972927,0.018824872,0.07523511
20065,"Graham County, Kansas",0.210076857,5.552380952,0.356666667,0.21,0.01784652,0.037037037
20067,"Grant County, Kansas",0.070262794,9.889830508,0.239256198,0.069008264,0.061011181,0.136471385
20069,"Gray County, Kansas",0.1855635,9.28807947,0.215676728,0.132911392,0.012484395,0.10864094
20071,"Greeley County, Kansas",0.206751055,10.87931034,0.278481013,0.121157324,0,0.14254386
20073,"Greenwood County, Kansas",0.109084532,2.861988304,0.351780186,0.190789474,0.01246639,0.124434389
20075,"Hamilton County, Kansas",0.176170213,6.975609756,0.343575419,0.156424581,0.033424284,0.237974684
20077,"Harper County, Kansas",0.126962142,3.3171875,0.331198536,0.163311985,0.028471819,0.104347826
20079,"Harvey County, Kansas",0.07976155,4.213913043,0.276460818,0.165181942,0.02480517,0.088388215
20081,"Haskell County, Kansas",0.223633352,8.375586854,0.247415066,0.120384047,0.027497709,0.151624549
20083,"Hodgeman County, Kansas",0.218457944,7.100840336,0.354929577,0.228169014,0.023215821,0.053672316
20085,"Jackson County, Kansas",0.12262387,5.367111111,0.283481281,0.131802393,0.028876486,0.166807254
20087,"Jefferson County, Kansas",0.088857546,5.286060606,0.247266266,0.138190268,0.019203708,0.13065397
20089,"Jewell County, Kansas",0.236822002,6.790909091,0.320813772,0.22143975,0.01987084,0.135470527
20091,"Johnson County, Kansas",0.099011554,5.835297559,0.265594487,0.09720512,0.017634492,0.076918692
20093,"Kearny County, Kansas",0.19858574,5.621262458,0.173816568,0.084319527,0.078229772,0.13618369
20095,"Kingman County, Kansas",0.190112994,5.874193548,0.298646907,0.175257732,0.006998765,0.103295957
20097,"Kiowa County, Kansas",0.228548516,7.44,0.333333333,0.142394822,0.017711172,0.068743287
20099,"Labette County, Kansas",0.107236269,3.957563655,0.335972851,0.175590749,0.022752674,0.176687989
20101,"Lane County, Kansas",0.2675,6.591666667,0.345238095,0.154761905,0.032738095,0.121265378
20103,"Leavenworth County, Kansas",0.07982902,4.135889754,0.257510436,0.100663793,0.041926168,0.09866985
20105,"Lincoln County, Kansas",0.23902439,4.992217899,0.394112837,0.208503679,0.010219724,0.124763705
20107,"Linn County, Kansas",0.137300843,4.830753354,0.278768629,0.145125825,0.015726179,0.132593278
20109,"Logan County, Kansas",0.167247387,6.068807339,0.302729529,0.071960298,0.043377675,0.076350093
20111,"Lyon County, Kansas",0.068629179,4.572226359,0.317023368,0.088104061,0.02964991,0.155270655
20113,"Mcpherson County, Kansas",0.097202708,5.9927905,0.273228995,0.11738056,0.010550933,0.08133365
20115,"Marion County, Kansas",0.13694043,4.125838926,0.325322263,0.183307844,0.017508953,0.140251125
20117,"Marshall County, Kansas",0.166027065,6.589779006,0.324344202,0.175533219,0.021428571,0.151424695
20119,"Meade County, Kansas",0.165260546,4.914600551,0.310861423,0.157303371,0.036717063,0.167525773
20121,"Miami County, Kansas",0.098164172,4.412621359,0.227585165,0.101971448,0.029837749,0.087919364
20123,"Mitchell County, Kansas",0.129390018,5.174157303,0.27607362,0.107566462,0.001362398,0.073446328
20125,"Montgomery County, Kansas",0.119098008,3.687880633,0.34403091,0.160936761,0.032604819,0.129841986
20127,"Morris County, Kansas",0.156631098,5.651612903,0.325611888,0.188374126,0.007395234,0.092067989
20129,"Morton County, Kansas",0.144067797,4.244897959,0.366347178,0.179978701,0.055489965,0.042296073
20131,"Nemaha County, Kansas",0.154761905,7.855400697,0.29427998,0.116909182,0.00456249,0.07648591
20133,"Neosho County, Kansas",0.096605375,3.140706127,0.31013372,0.160463992,0.045477983,0.214804897
20135,"Ness County, Kansas",0.186488388,8.43258427,0.266608392,0.125,0.011091652,0.144899905
20137,"Norton County, Kansas",0.08186864,2.574636724,0.35778841,0.176501861,0.003596127,0.110881543
20139,"Osage County, Kansas",0.092182497,3.21256495,0.299363057,0.14888535,0.017635985,0.139961892
20141,"Osborne County, Kansas",0.192034915,3.730769231,0.356608479,0.184538653,0.004297379,0.112526539
20143,"Ottawa County, Kansas",0.116191131,5.618181818,0.233361415,0.125947767,0.01981789,0.085251492
20145,"Pawnee County, Kansas",0.186550976,2.758996728,0.442404007,0.196994992,0.014238042,0.151438667
20147,"Phillips County, Kansas",0.163362069,3.119878604,0.389776358,0.172980374,0.007647599,0.11009667
20149,"Pottawatomie County, Kansas",0.096066688,7.77442623,0.234150652,0.130881378,0.022861407,0.132571544
20151,"Pratt County, Kansas",0.086621527,2.877284595,0.332402235,0.160893855,0.019433962,0.06486019
20153,"Rawlins County, Kansas",0.197172619,4.193220339,0.351072961,0.133905579,0.06268307,0.169213974
20155,"Reno County, Kansas",0.083991826,3.341353383,0.339229638,0.176769885,0.017787374,0.101796915
20157,"Republic County, Kansas",0.220508167,5.891304348,0.387382947,0.183834401,0.014954486,0.121660034
20159,"Rice County, Kansas",0.111440292,5.395989975,0.322083444,0.147488706,0.028561228,0.129117647
20161,"Riley County, Kansas",0.080172978,5.342475225,0.320754717,0.067139922,0.012942663,0.147199158
20163,"Rooks County, Kansas",0.135606983,5.930288462,0.328631876,0.185707569,0.03967043,0.079076621
20165,"Rush County, Kansas",0.190283401,3.322033898,0.430059524,0.185267857,0.016751269,0.073977372
20167,"Russell County, Kansas",0.13600996,3.34962406,0.389649416,0.191318865,0.009874327,0.150830848
20169,"Saline County, Kansas",0.091323375,3.543784847,0.35942392,0.127336971,0.025310396,0.127762303
20171,"Scott County, Kansas",0.144732045,13.14594595,0.306112926,0.040130658,0.007894737,0.118035883
20173,"Sedgwick County, Kansas",0.078735486,3.944902608,0.308393214,0.11590982,0.033085252,0.113620192
20175,"Seward County, Kansas",0.074087898,4.417892157,0.285249611,0.105359921,0.048052876,0.2278529
20177,"Shawnee County, Kansas",0.079184532,3.549906504,0.330537409,0.139124123,0.025851067,0.11240585
20179,"Sheridan County, Kansas",0.32479883,2.606413994,0.407333994,0.153617443,0.013645224,0.108552632
20181,"Sherman County, Kansas",0.181788405,4.135338346,0.350453172,0.113077255,0.012587413,0.087784487
20183,"Smith County, Kansas",0.142363112,4.8252149,0.346153846,0.201282051,0.012601626,0.089992801
20185,"Stafford County, Kansas",0.211060375,6.46,0.276397516,0.138509317,0.022984028,0.13436867
20187,"Stanton County, Kansas",0.181086519,5.551282051,0.32545045,0.114864865,0.009693053,0.052567237
20189,"Stevens County, Kansas",0.1406639,4.384146341,0.211078717,0.099708455,0.053992147,0.147012163
20191,"Sumner County, Kansas",0.084990958,4.616901408,0.321376852,0.166202518,0.028399006,0.095776398
20193,"Thomas County, Kansas",0.108140655,8.293706294,0.292106104,0.124001278,0.017897092,0.084963504
20195,"Trego County, Kansas",0.257651246,11.06338028,0.28440367,0.097094801,0.007866273,0.140035907
20197,"Wabaunsee County, Kansas",0.159538975,4.496413199,0.299610895,0.176653696,0.033460588,0.143752612
20199,"Wallace County, Kansas",0.240896359,5.536,0.351432881,0.173453997,0.025026069,0.106666667
20201,"Washington County, Kansas",0.188076923,6.059382423,0.366467577,0.183447099,0.017420624,0.111164122
20203,"Wichita County, Kansas",0.230605739,11.15957447,0.226136364,0.075,0.074794316,0.175438596
20205,"Wilson County, Kansas",0.124261874,3.598196393,0.298969072,0.157502864,0.040394973,0.111693922
20207,"Woodson County, Kansas",0.210526316,3.56284153,0.328936521,0.159109646,0.034132841,0.088092933
20209,"Wyandotte County, Kansas",0.062018068,3.67116468,0.30325381,0.114960347,0.042711628,0.157076363
21001,"Adair County, Kentucky",0.121533546,3.71042654,0.301631633,0.168602087,0.040387584,0.117244915
21003,"Allen County, Kentucky",0.115073116,3.41703854,0.247057318,0.102865916,0.04502915,0.128063011
21005,"Anderson County, Kentucky",0.08033419,3.73722896,0.244335512,0.119172113,0.036525435,0.089301701
21007,"Ballard County, Kentucky",0.105603448,3.514933059,0.284555593,0.121662724,0.024975799,0.051635112
21009,"Barren County, Kentucky",0.107421666,3.196819788,0.271600728,0.118860846,0.040074291,0.148641154
21011,"Bath County, Kentucky",0.098107775,5.043802423,0.241535921,0.105284889,0.066346404,0.129160063
21013,"Bell County, Kentucky",0.069693624,3.447478195,0.300549915,0.129758883,0.0473906,0.218103785
21015,"Boone County, Kentucky",0.06090989,4.468502715,0.238126928,0.091394922,0.030308968,0.092518581
21017,"Bourbon County, Kentucky",0.123103979,2.978481527,0.303582497,0.12396182,0.03025813,0.10645253
21019,"Boyd County, Kentucky",0.07693917,2.888512473,0.302217666,0.132358496,0.0449207,0.10415999
21021,"Boyle County, Kentucky",0.081858929,2.981937173,0.299253155,0.138810198,0.040639148,0.113006617
21023,"Bracken County, Kentucky",0.103076093,4.738853503,0.241236456,0.137667304,0.052890064,0.176725696
21025,"Breathitt County, Kentucky",0.05446958,4.402225755,0.328088262,0.144691626,0.047144457,0.174950298
21027,"Breckinridge County, Kentucky",0.062283737,3.24815247,0.287059136,0.145849907,0.038156288,0.142810564
21029,"Bullitt County, Kentucky",0.062311436,4.396928804,0.207319428,0.088451139,0.038395792,0.111121149
21031,"Butler County, Kentucky",0.135673015,3.432449903,0.234836703,0.111086425,0.034733542,0.165326902
21033,"Caldwell County, Kentucky",0.091277144,3.491957105,0.287636505,0.156981279,0.018316832,0.139092576
21035,"Calloway County, Kentucky",0.085576259,3.522877478,0.31550152,0.132725431,0.030963303,0.100862838
21037,"Campbell County, Kentucky",0.069790879,4.102720348,0.327318788,0.130234722,0.03536491,0.109725686
21039,"Carlisle County, Kentucky",0.059988993,3.509632224,0.247244094,0.169028871,0.053027823,0.094352159
21041,"Carroll County, Kentucky",0.079786049,2.679324895,0.27358257,0.150037138,0.083203974,0.140545145
21043,"Carter County, Kentucky",0.065380843,4.410127561,0.285027613,0.1523829,0.045259647,0.177069693
21045,"Casey County, Kentucky",0.127504554,3.307936508,0.29042959,0.1184276,0.062111188,0.173317013
21047,"Christian County, Kentucky",0.101567372,3.291161412,0.29677369,0.095500352,0.037697892,0.12346542
21049,"Clark County, Kentucky",0.076749301,3.224529526,0.293456171,0.126608861,0.047673726,0.081446976
21051,"Clay County, Kentucky",0.065946469,3.5807393,0.252742616,0.121518987,0.080778257,0.22614841
21053,"Clinton County, Kentucky",0.138814736,2.762528913,0.333605664,0.146514161,0.024888742,0.099838449
21055,"Crittenden County, Kentucky",0.091822095,2.971428571,0.33304721,0.185407725,0.034470931,0.228973843
21057,"Cumberland County, Kentucky",0.158407454,2.810366625,0.39976181,0.18697896,0.044505909,0.135284373
21059,"Daviess County, Kentucky",0.073140931,3.595446585,0.284784637,0.132581897,0.02936759,0.098041198
21061,"Edmonson County, Kentucky",0.089274381,4.107169254,0.25,0.131512605,0.031566265,0.142736724
21063,"Elliott County, Kentucky",0.20329087,2.708775313,0.274414494,0.129916041,0.049718196,0.233110616
21065,"Estill County, Kentucky",0.047144341,3.434809732,0.275783972,0.130313589,0.063098956,0.192886061
21067,"Fayette County, Kentucky",0.088338222,3.688242393,0.337580086,0.108328925,0.022111208,0.109606952
21069,"Fleming County, Kentucky",0.118697305,3.511061947,0.245345398,0.150513311,0.044104991,0.121058201
21071,"Floyd County, Kentucky",0.063116721,3.582461037,0.2511553,0.121621622,0.044725811,0.109600771
21073,"Franklin County, Kentucky",0.075784536,3.055788006,0.326608433,0.138119097,0.036921941,0.133516484
21075,"Fulton County, Kentucky",0.085154827,3.225255973,0.327165685,0.145920942,0.034008683,0.145051195
21077,"Gallatin County, Kentucky",0.042385787,3.841772152,0.255469755,0.102316602,0.067145829,0.124547648
21079,"Garrard County, Kentucky",0.104452767,4.742840444,0.230425401,0.098951911,0.046497319,0.117636715
21081,"Grant County, Kentucky",0.059844351,3.755141638,0.247211896,0.076645528,0.047413793,0.104766088
21083,"Graves County, Kentucky",0.107214885,4.307426138,0.290058725,0.136115772,0.029978962,0.075167257
21085,"Grayson County, Kentucky",0.072187236,3.005299252,0.313446677,0.170221535,0.040702996,0.14784786
21087,"Green County, Kentucky",0.084148728,3.214677641,0.255057968,0.134348716,0.033086752,0.144109056
21089,"Greenup County, Kentucky",0.07073721,3.878569655,0.287125294,0.168807846,0.038061696,0.105020447
21091,"Hancock County, Kentucky",0.052101686,4.659064994,0.231679169,0.064339296,0.056533333,0.090779332
21093,"Hardin County, Kentucky",0.068619583,3.818613652,0.280078803,0.113349594,0.04423647,0.122348485
21095,"Harlan County, Kentucky",0.05024789,3.750856751,0.281386931,0.12030863,0.065136586,0.234038604
21097,"Harrison County, Kentucky",0.091996211,4.681386249,0.267453024,0.160471815,0.041505953,0.094632149
21099,"Hart County, Kentucky",0.129118094,3.041767068,0.286150854,0.139602723,0.030630327,0.174320988
21101,"Henderson County, Kentucky",0.077750038,4.607301662,0.297566311,0.134208368,0.039473223,0.130184986
21103,"Henry County, Kentucky",0.105202479,3.576325656,0.270400532,0.112015955,0.062740726,0.181571816
21105,"Hickman County, Kentucky",0.142700929,3.623762376,0.268352869,0.146206046,0.018464529,0.087490407
21107,"Hopkins County, Kentucky",0.061757063,3.36771137,0.278004906,0.119814663,0.050460637,0.061307731
21109,"Jackson County, Kentucky",0.040037028,3.418181818,0.254365541,0.151338766,0.031340058,0.202702703
21111,"Jefferson County, Kentucky",0.078502767,3.410470972,0.340975701,0.130307355,0.027780884,0.104034553
21113,"Jessamine County, Kentucky",0.113418978,4.724616355,0.23152044,0.1123578,0.05275571,0.138718545
21115,"Johnson County, Kentucky",0.077786479,3.718830929,0.228263417,0.089992969,0.036192938,0.114462879
21117,"Kenton County, Kentucky",0.061416364,3.835781278,0.290335991,0.103068906,0.031901484,0.098813466
21119,"Knott County, Kentucky",0.068499644,3.194739787,0.264964947,0.147761999,0.051797618,0.089894419
21121,"Knox County, Kentucky",0.077540397,3.152997738,0.300650102,0.152106154,0.050260247,0.119939618
21123,"Larue County, Kentucky",0.071991349,4.574291638,0.265124853,0.120328473,0.029199372,0.072656388
21125,"Laurel County, Kentucky",0.090947628,4.380268199,0.219945355,0.107197746,0.049481163,0.148235179
21127,"Lawrence County, Kentucky",0.06650676,3.809443508,0.286313582,0.119734312,0.054362813,0.095473465
21129,"Lee County, Kentucky",0.108486439,2.318737271,0.339021615,0.135760334,0.031837916,0.150059312
21131,"Leslie County, Kentucky",0.050538278,3.665129151,0.315846403,0.185505679,0.037730331,0.147395641
21133,"Letcher County, Kentucky",0.086135356,3.634543179,0.299346405,0.135115865,0.050420757,0.157779109
21135,"Lewis County, Kentucky",0.157640232,3.79985444,0.301030061,0.179945344,0.064817029,0.14717477
21137,"Lincoln County, Kentucky",0.124987329,4.160981219,0.256190673,0.152806438,0.047228061,0.10137656
21139,"Livingston County, Kentucky",0.105029971,4.493909192,0.28357365,0.13740458,0.03030303,0.149494949
21141,"Logan County, Kentucky",0.111520343,4.103297443,0.250967742,0.122672811,0.034884402,0.110313995
21143,"Lyon County, Kentucky",0.080978088,3.359389039,0.332920409,0.211210901,0.024277272,0.045087977
21145,"Mccracken County, Kentucky",0.079895875,3.650517148,0.309592593,0.151407407,0.024635392,0.076496988
21147,"Mccreary County, Kentucky",0.090350338,2.894736842,0.313974592,0.130671506,0.022184937,0.1618246
21149,"Mclean County, Kentucky",0.094608879,7.164341085,0.253532835,0.114713217,0.022580645,0.090029042
21151,"Madison County, Kentucky",0.081398434,3.71635004,0.27063738,0.100254509,0.030500243,0.125308481
21153,"Magoffin County, Kentucky",0.062688569,3.003526093,0.322793149,0.138339921,0.05298895,0.144697295
21155,"Marion County, Kentucky",0.112913609,2.762141491,0.334475488,0.148655772,0.040538295,0.090808766
21157,"Marshall County, Kentucky",0.099992827,4.126478873,0.258193568,0.120172334,0.016423529,0.141533664
21159,"Martin County, Kentucky",0.054419525,4.376076555,0.268370607,0.132055378,0.042731575,0.112316034
21161,"Mason County, Kentucky",0.100123779,4.11430356,0.299327857,0.137117252,0.036229885,0.043396522
21163,"Meade County, Kentucky",0.107962617,3.864054616,0.223138147,0.097972333,0.066859548,0.120610274
21165,"Menifee County, Kentucky",0.119201995,3.366998578,0.270557029,0.152519894,0.027502478,0.09273183
21167,"Mercer County, Kentucky",0.069697876,4.48664825,0.3384734,0.147593347,0.033079057,0.131171702
21169,"Metcalfe County, Kentucky",0.097628367,4.345173042,0.256971154,0.119471154,0.038786598,0.146406389
21171,"Monroe County, Kentucky",0.152068127,3.88071066,0.299515845,0.191241197,0.046313138,0.149765991
21173,"Montgomery County, Kentucky",0.044618294,3.189650188,0.239514246,0.121345166,0.043762922,0.085566382
21175,"Morgan County, Kentucky",0.125486604,2.940251572,0.250160772,0.143837085,0.033786749,0.144293318
21177,"Muhlenberg County, Kentucky",0.106498483,4.337452471,0.247742044,0.131847725,0.03255513,0.095306376
21179,"Nelson County, Kentucky",0.087995727,3.926321928,0.260443192,0.103808853,0.032506679,0.092390151
21181,"Nicholas County, Kentucky",0.120242506,3.711943794,0.257842387,0.11400153,0.090032154,0.141242938
21183,"Ohio County, Kentucky",0.0851,3.755629384,0.233049441,0.112708771,0.030863781,0.121890547
21185,"Oldham County, Kentucky",0.106223864,6.240047068,0.152838033,0.063268257,0.017733967,0.103790723
21187,"Owen County, Kentucky",0.124192246,4.085526316,0.282199711,0.16642547,0.045741758,0.140837412
21189,"Owsley County, Kentucky",0.094717668,3.127272727,0.349240781,0.193781634,0.058114812,0.158579882
21191,"Pendleton County, Kentucky",0.0527811,3.46573681,0.269639469,0.118785579,0.061829722,0.115584416
21193,"Perry County, Kentucky",0.062252573,3.778399161,0.245323167,0.100097526,0.034321112,0.271746743
21195,"Pike County, Kentucky",0.057074664,4.207012246,0.298744106,0.114866274,0.032309669,0.112669798
21197,"Powell County, Kentucky",0.077607616,3.669398907,0.288535852,0.123014169,0.069327731,0.075092025
21199,"Pulaski County, Kentucky",0.090399002,3.374068931,0.278985648,0.134650539,0.042503204,0.10119571
21201,"Robertson County, Kentucky",0.122596154,2.153203343,0.220828105,0.101631117,0.041105599,0.069252078
21203,"Rockcastle County, Kentucky",0.077481042,3.809148265,0.279153605,0.140752351,0.081350147,0.117709438
21205,"Rowan County, Kentucky",0.053787047,3.856167501,0.294459339,0.115951743,0.057291667,0.133075097
21207,"Russell County, Kentucky",0.107094686,2.590347924,0.293706294,0.14471243,0.036433701,0.099585723
21209,"Scott County, Kentucky",0.074026195,4.685160805,0.219136231,0.088598806,0.036435444,0.114952909
21211,"Shelby County, Kentucky",0.108424788,5.016525234,0.213871518,0.100113701,0.031797024,0.15449082
21213,"Simpson County, Kentucky",0.112704459,3.976688868,0.284063745,0.083001328,0.047106326,0.200406918
21215,"Spencer County, Kentucky",0.075426036,5.10385439,0.150086755,0.065066512,0.054169636,0.054080873
21217,"Taylor County, Kentucky",0.100173282,4.32781457,0.296860713,0.134003861,0.037049074,0.101129698
21219,"Todd County, Kentucky",0.153922345,5.669687815,0.234361037,0.131590706,0.032311516,0.182816901
21221,"Trigg County, Kentucky",0.126414766,4.883773585,0.294087315,0.137676177,0.047665475,0.107181838
21223,"Trimble County, Kentucky",0.154502892,3.623046875,0.229758631,0.119462267,0.064581417,0.180028633
21225,"Union County, Kentucky",0.07562434,3.888130969,0.284191829,0.136372607,0.027161927,0.089041096
21227,"Warren County, Kentucky",0.086370007,3.915884163,0.290151299,0.094490437,0.032321602,0.14586579
21229,"Washington County, Kentucky",0.113870911,4.003834356,0.307443366,0.145631068,0.042236996,0.13981149
21231,"Wayne County, Kentucky",0.10247862,4.529318542,0.295808535,0.185006965,0.037375222,0.153457944
21233,"Webster County, Kentucky",0.06394914,4.190664557,0.245071592,0.131770077,0.035785536,0.162285714
21235,"Whitley County, Kentucky",0.089838442,3.72047755,0.236387274,0.114790456,0.059338661,0.181256958
21237,"Wolfe County, Kentucky",0.105435494,2.508752735,0.310055866,0.167597765,0.025459689,0.238351254
21239,"Woodford County, Kentucky",0.115316772,4.228002793,0.239302392,0.107500238,0.026156356,0.078086335
22001,"Acadia Parish, Louisiana",0.123648082,4.781705227,0.280016832,0.121095942,0.035354861,0.099426386
22003,"Allen Parish, Louisiana",0.101644821,2.85814039,0.276453641,0.111052907,0.051062636,0.114102363
22005,"Ascension Parish, Louisiana",0.097316991,6.309020045,0.206320591,0.078279757,0.033869545,0.097018981
22007,"Assumption Parish, Louisiana",0.094533162,3.475120385,0.286448375,0.121056405,0.051946152,0.106158358
22009,"Avoyelles Parish, Louisiana",0.131283225,2.758449752,0.326438356,0.135068493,0.037323567,0.082803586
22011,"Beauregard Parish, Louisiana",0.06756106,4.047096602,0.244792817,0.105026864,0.06479462,0.116892665
22013,"Bienville Parish, Louisiana",0.103088203,3.645614035,0.396651163,0.213209302,0.068111455,0.076182839
22015,"Bossier Parish, Louisiana",0.089935721,3.992529436,0.292491418,0.105712113,0.039093955,0.081788712
22017,"Caddo Parish, Louisiana",0.094286483,2.960559384,0.351606245,0.139613654,0.041837549,0.114199272
22019,"Calcasieu Parish, Louisiana",0.085446857,3.856474873,0.275734194,0.108987287,0.044542931,0.120877209
22021,"Caldwell Parish, Louisiana",0.052898321,2.738325282,0.235444476,0.097983527,0.031891433,0.033848418
22023,"Cameron Parish, Louisiana",0.133126935,9.902684564,0.16066482,0.096491228,0.087671233,0.049202128
22025,"Catahoula Parish, Louisiana",0.105532787,4.738127544,0.243564356,0.142244224,0.072280702,0.088031223
22027,"Claiborne Parish, Louisiana",0.067278287,2.712038304,0.372924901,0.196442688,0.032818533,0.096526196
22029,"Concordia Parish, Louisiana",0.10284143,3.248820755,0.330212631,0.190574421,0.054447582,0.049541685
22031,"De Soto Parish, Louisiana",0.103654999,3.572668113,0.282169028,0.127992184,0.033242636,0.12231247
22033,"East Baton Rouge Parish, Louisiana",0.087399447,3.49452195,0.327397118,0.113451712,0.030654802,0.110908242
22035,"East Carroll Parish, Louisiana",0.073833432,3.816067653,0.301133977,0.1549769,0.08224163,0.068473609
22037,"East Feliciana Parish, Louisiana",0.113133745,3.384305835,0.313473461,0.181914411,0.031686439,0.056248931
22039,"Evangeline Parish, Louisiana",0.066117152,3.515497553,0.325115435,0.136461082,0.025524253,0.107030548
22041,"Franklin Parish, Louisiana",0.116512115,4.823640961,0.279967159,0.14559387,0.040674852,0.092530658
22043,"Grant Parish, Louisiana",0.1020382,3.187167961,0.286203304,0.132013693,0.03316726,0.082970743
22045,"Iberia Parish, Louisiana",0.107722745,4.200915481,0.246865029,0.110039326,0.043437273,0.108641552
22047,"Iberville Parish, Louisiana",0.09842101,3.318016529,0.277395399,0.089295417,0.049683925,0.10597225
22049,"Jackson Parish, Louisiana",0.102413304,3.629445235,0.315143747,0.160593298,0.053586066,0.079176755
22051,"Jefferson Parish, Louisiana",0.119267775,3.418230088,0.329140295,0.131654983,0.037878077,0.147585896
22053,"Jefferson Davis Parish, Louisiana",0.115533612,4.562096195,0.271956857,0.148519089,0.05258812,0.11200512
22055,"Lafayette Parish, Louisiana",0.132447292,4.910672185,0.299179069,0.101060454,0.022453353,0.05849165
22057,"Lafourche Parish, Louisiana",0.100227028,5.000505306,0.269061584,0.109400456,0.036526245,0.13279898
22059,"LaSalle Parish, Louisiana",0.085063212,3.874657534,0.211146838,0.118542337,0.038767396,0.309168443
22061,"Lincoln Parish, Louisiana",0.109122674,4.134896468,0.325943579,0.13118661,0.034556864,0.093068113
22063,"Livingston Parish, Louisiana",0.104243019,3.465929787,0.220956399,0.092987744,0.057275287,0.094511645
22065,"Madison Parish, Louisiana",0.153612424,2.665137615,0.310478655,0.155562743,0.056415549,0.140768588
22067,"Morehouse Parish, Louisiana",0.098708782,3.112846544,0.352121596,0.14819506,0.044431804,0.091210191
22069,"Natchitoches Parish, Louisiana",0.093650457,3.633911368,0.358286456,0.149141786,0.036067365,0.120599572
22071,"Orleans Parish, Louisiana",0.114074788,2.485330772,0.457913907,0.136642491,0.026703846,0.134177421
22073,"Ouachita Parish, Louisiana",0.089903404,3.636456768,0.3170568,0.116788321,0.029499217,0.120804502
22075,"Plaquemines Parish, Louisiana",0.10577105,6.001170275,0.216103769,0.078316202,0.032999284,0.130544576
22077,"Pointe Coupee Parish, Louisiana",0.090123006,4.327133479,0.311471413,0.15506522,0.034696777,0.038493959
22079,"Rapides Parish, Louisiana",0.091838387,3.142406425,0.293445122,0.135423533,0.034914412,0.083808011
22081,"Red River Parish, Louisiana",0.065523156,3.447263017,0.293115201,0.120313565,0.046128157,0.034936138
22083,"Richland Parish, Louisiana",0.109436955,4.097278518,0.257573681,0.115421522,0.036829723,0.125576037
22085,"Sabine Parish, Louisiana",0.077712409,3.601604278,0.329056242,0.162729344,0.035567812,0.208396084
22087,"St Bernard Parish, Louisiana",0.096748528,2.714838184,0.284261378,0.098970252,0.053757248,0.101101623
22089,"St Charles Parish, Louisiana",0.090495512,4.608444063,0.205153031,0.084718412,0.031124749,0.068412614
22091,"St Helena Parish, Louisiana",0.061502831,3.027003484,0.375624376,0.195054945,0.065220599,0.069056232
22093,"St James Parish, Louisiana",0.074653356,5.019423559,0.251133636,0.104294479,0.050062972,0.078505685
22095,"St John The Baptist Parish, Louisiana",0.070038695,3.989192264,0.256696429,0.09946166,0.05387726,0.072388355
22097,"St Landry Parish, Louisiana",0.101474753,4.406526282,0.294483294,0.126813002,0.046775161,0.113163499
22099,"St Martin Parish, Louisiana",0.126639942,3.86865548,0.30713495,0.111502466,0.0427337,0.077298088
22101,"St Mary Parish, Louisiana",0.102484632,4.050128235,0.285645265,0.125348937,0.047648738,0.102719961
22103,"St Tammany Parish, Louisiana",0.131164531,4.452970883,0.250108683,0.115934869,0.032853783,0.09971286
22105,"Tangipahoa Parish, Louisiana",0.080669313,3.59331761,0.281166509,0.117637387,0.040030289,0.114190879
22107,"Tensas Parish, Louisiana",0.067291312,4.026548673,0.465787822,0.217200251,0.048034934,0.104104104
22109,"Terrebonne Parish, Louisiana",0.083648092,4.482706928,0.24994579,0.104348874,0.046278963,0.135723772
22111,"Union Parish, Louisiana",0.114021956,5.350898946,0.329417523,0.146475771,0.033404302,0.120384047
22113,"Vermilion Parish, Louisiana",0.130365039,4.166104104,0.222585698,0.102469591,0.041884666,0.092276071
22115,"Vernon Parish, Louisiana",0.094275458,5.020961776,0.271070744,0.092519463,0.039075892,0.10376914
22117,"Washington Parish, Louisiana",0.071645887,2.814483938,0.307306841,0.143747815,0.049919202,0.149339415
22119,"Webster Parish, Louisiana",0.120363245,4.918322296,0.314303088,0.147152219,0.060622986,0.042703338
22121,"West Baton Rouge Parish, Louisiana",0.066401274,4.733304234,0.233035714,0.075396825,0.036504556,0.12372977
22123,"West Carroll Parish, Louisiana",0.119867732,4.012782694,0.310435931,0.154029062,0.04605159,0.073615837
22125,"West Feliciana Parish, Louisiana",0.129198507,2.371695179,0.26844584,0.115646259,0.027528694,0.080344333
22127,"Winn Parish, Louisiana",0.076590488,3.519586105,0.304383449,0.158746415,0.024623342,0.115526316
23001,"Androscoggin County, Maine",0.096427487,3.337288007,0.311162029,0.128139662,0.023687634,0.145802359
23003,"Aroostook County, Maine",0.112991399,3.874531334,0.342408592,0.177343777,0.024198363,0.130332822
23005,"Cumberland County, Maine",0.124746062,4.193978956,0.310272733,0.131724708,0.016252357,0.115156031
23007,"Franklin County, Maine",0.132714286,3.269812773,0.336428804,0.143450635,0.023607839,0.123965333
23009,"Hancock County, Maine",0.20252803,3.474239865,0.33459043,0.170519059,0.010353644,0.173685861
23011,"Kennebec County, Maine",0.108140364,3.02676807,0.319800943,0.138703884,0.016433566,0.107297093
23013,"Knox County, Maine",0.208266845,3.287661142,0.319403825,0.168728909,0.01544428,0.135417438
23015,"Lincoln County, Maine",0.198974726,3.81582666,0.32609793,0.174217567,0.019046502,0.153983305
23017,"Oxford County, Maine",0.130889451,3.485645933,0.299227883,0.14648665,0.020998396,0.10352134
23019,"Penobscot County, Maine",0.103569109,3.490865901,0.314977939,0.138238573,0.016078002,0.098825814
23021,"Piscataquis County, Maine",0.133659902,3.268929504,0.282205383,0.1633133,0.013772309,0.121530383
23023,"Sagadahoc County, Maine",0.152357476,4.367266453,0.256787049,0.126836862,0.017366531,0.102206406
23025,"Somerset County, Maine",0.123012182,3.430719157,0.300534566,0.15398206,0.02270847,0.140607357
23027,"Waldo County, Maine",0.162513543,3.542481053,0.273475062,0.142269594,0.018472507,0.095312038
23029,"Washington County, Maine",0.19965455,3.33120041,0.324843577,0.176518219,0.02020202,0.150711102
23031,"York County, Maine",0.120467286,4.104097261,0.284897767,0.138293589,0.019253812,0.108255498
24001,"Allegany County, Maryland",0.084023802,3.276214164,0.346879324,0.169980336,0.018064193,0.102279175
24003,"Anne Arundel County, Maryland",0.089969946,5.132775852,0.251186266,0.101130336,0.030878244,0.088248186
24005,"Baltimore County, Maryland",0.082473291,4.393473661,0.299877363,0.133851271,0.034078953,0.105422924
24009,"Calvert County, Maryland",0.084611317,6.235451306,0.207186636,0.098095181,0.033464667,0.079348767
24011,"Caroline County, Maryland",0.115792759,4.437309902,0.247398651,0.113876634,0.04017538,0.086658888
24013,"Carroll County, Maryland",0.094126812,6.823480914,0.2165419,0.116744054,0.028728836,0.082328601
24015,"Cecil County, Maryland",0.073332536,4.777396526,0.241471351,0.102089583,0.044191938,0.133389043
24017,"Charles County, Maryland",0.060667281,4.66199079,0.224356051,0.085583988,0.043447683,0.09152727
24019,"Dorchester County, Maryland",0.122725152,3.461801596,0.312197337,0.154888015,0.02525229,0.129595121
24021,"Frederick County, Maryland",0.083159954,5.612121212,0.222993062,0.093551972,0.030788855,0.107307356
24023,"Garrett County, Maryland",0.129472519,5.371865204,0.305189589,0.159463368,0.02008174,0.114191866
24025,"Harford County, Maryland",0.074830882,6.22927868,0.231709538,0.103337314,0.030969547,0.092768624
24027,"Howard County, Maryland",0.091339893,7.054622048,0.208227795,0.082194079,0.029453974,0.080763103
24029,"Kent County, Maryland",0.166720552,4.368481375,0.334328358,0.17361194,0.026716084,0.10033701
24031,"Montgomery County, Maryland",0.109355523,6.306726742,0.250503525,0.103674173,0.032942877,0.140254329
24033,"Prince Georges County, Maryland",0.072915605,3.903455786,0.297662854,0.098687316,0.052000061,0.158574001
24035,"Queen Annes County, Maryland",0.12421696,5.832974396,0.221487262,0.116324738,0.029586856,0.087631916
24037,"St Marys County, Maryland",0.065682477,5.593047035,0.227560603,0.083157409,0.041400808,0.067338033
24039,"Somerset County, Maryland",0.110030018,3.1824,0.307480551,0.151885099,0.036657682,0.157894737
24041,"Talbot County, Maryland",0.172431989,4.467133621,0.323294407,0.184757222,0.020148026,0.107458292
24043,"Washington County, Maryland",0.077967105,4.108917585,0.271612674,0.117373118,0.034140342,0.116349103
24045,"Wicomico County, Maryland",0.082073562,3.987094639,0.255890233,0.117654423,0.03913117,0.113605726
24047,"Worcester County, Maryland",0.150746632,4.747546133,0.30225519,0.157820693,0.023861518,0.086534895
24510,"Baltimore city, Maryland",0.063797799,2.471399226,0.418772651,0.13500275,0.034853825,0.134114065
25001,"Barnstable County, Massachusetts",0.142721686,4.200283643,0.313447169,0.189528754,0.018647552,0.095485004
25003,"Berkshire County, Massachusetts",0.128277475,3.856383775,0.340953672,0.166535896,0.019632579,0.114677695
25005,"Bristol County, Massachusetts",0.07918062,4.128840196,0.282714336,0.127237765,0.036936453,0.118273375
25007,"Dukes County, Massachusetts",0.266660302,3.302795031,0.331207421,0.175967532,0.062607618,0.148164998
25009,"Essex County, Massachusetts",0.094620027,4.663312424,0.272009521,0.126424326,0.029752494,0.107919399
25011,"Franklin County, Massachusetts",0.143661737,3.499331632,0.320676186,0.164788372,0.01900716,0.110854503
25013,"Hampden County, Massachusetts",0.075344973,4.034638554,0.306947322,0.136901516,0.030345096,0.101900816
25015,"Hampshire County, Massachusetts",0.101573143,4.135463029,0.309001205,0.139039958,0.01689215,0.083765062
25017,"Middlesex County, Massachusetts",0.087494771,6.491808447,0.263563971,0.111092057,0.023092454,0.110426847
25019,"Nantucket County, Massachusetts",0.255378486,6.359028511,0.254561065,0.103670316,0.017980485,0.127128483
25021,"Norfolk County, Massachusetts",0.088789187,6.45390525,0.266595964,0.122556466,0.025359565,0.091612645
25023,"Plymouth County, Massachusetts",0.093785957,5.483510069,0.246610736,0.123310395,0.031878556,0.096693134
25025,"Suffolk County, Massachusetts",0.063245124,4.22593002,0.360336604,0.103630675,0.032329152,0.162977376
25027,"Worcester County, Massachusetts",0.079239985,4.411074303,0.27039922,0.113447909,0.02941355,0.104637374
26001,"Alcona County, Michigan",0.122881356,3.950906344,0.333816225,0.190397351,0.020499441,0.1403177
26003,"Alger County, Michigan",0.096054889,5.020860495,0.284667074,0.159437996,0.014774236,0.133782483
26005,"Allegan County, Michigan",0.105842551,5.140198279,0.19820264,0.093857152,0.027734302,0.096432711
26007,"Alpena County, Michigan",0.095038607,2.760971055,0.341875639,0.150381259,0.023254646,0.075096344
26009,"Antrim County, Michigan",0.131384817,6.007242878,0.265710828,0.151475654,0.024572207,0.123891563
26011,"Arenac County, Michigan",0.113979542,3.851225204,0.31313926,0.164280094,0.022454949,0.095276873
26013,"Baraga County, Michigan",0.078464107,3.876557191,0.349274915,0.171243443,0.017496876,0.113054087
26015,"Barry County, Michigan",0.097668143,4.338095954,0.276537923,0.118463312,0.031620262,0.091061309
26017,"Bay County, Michigan",0.090777322,3.523501362,0.326473922,0.150047779,0.013155403,0.073810549
26019,"Benzie County, Michigan",0.128284967,4.368474923,0.249825735,0.139132859,0.018491182,0.092775302
26021,"Berrien County, Michigan",0.09273116,3.923755122,0.300966746,0.132305706,0.02588214,0.11050615
26023,"Branch County, Michigan",0.110348771,3.176367461,0.270856938,0.131373368,0.031463845,0.146937691
26025,"Calhoun County, Michigan",0.060136361,2.927381097,0.325447691,0.129085768,0.02520381,0.099447044
26027,"Cass County, Michigan",0.078048577,3.996,0.26021464,0.11901439,0.030131169,0.131105127
26029,"Charlevoix County, Michigan",0.145699564,4.891025641,0.276242642,0.125817528,0.017284761,0.140476693
26031,"Cheboygan County, Michigan",0.11734104,3.893774069,0.284788732,0.163380282,0.02334422,0.152637629
26033,"Chippewa County, Michigan",0.091910127,3.477112676,0.327707864,0.155524842,0.019052545,0.152866786
26035,"Clare County, Michigan",0.113486097,2.958953433,0.30758274,0.176120654,0.03080412,0.127028676
26037,"Clinton County, Michigan",0.090295981,5.455444015,0.241918867,0.10901481,0.022342506,0.068182554
26039,"Crawford County, Michigan",0.100170422,3.641945289,0.30464598,0.152923024,0.024077217,0.121454545
26041,"Delta County, Michigan",0.107835994,4.824675325,0.312661662,0.162324144,0.02345138,0.118245231
26043,"Dickinson County, Michigan",0.076456719,4.500189466,0.310986159,0.147318339,0.013105123,0.093163752
26045,"Eaton County, Michigan",0.062621765,3.976425532,0.2898,0.123866667,0.020552235,0.114107626
26047,"Emmet County, Michigan",0.139677892,5.408886027,0.267446662,0.121748107,0.029026502,0.126515922
26049,"Genesee County, Michigan",0.081144346,3.173558418,0.309604962,0.134993376,0.029346539,0.113172786
26051,"Gladwin County, Michigan",0.098401383,4.013806706,0.293673451,0.161709181,0.042315012,0.089817937
26053,"Gogebic County, Michigan",0.07679658,3.922651934,0.404785931,0.194752775,0.003135988,0.119596542
26055,"Grand Traverse County, Michigan",0.121892344,3.655087751,0.29018459,0.143627502,0.021058775,0.140190935
26057,"Gratiot County, Michigan",0.089195027,3.621731289,0.263515811,0.129139748,0.016827951,0.090593108
26059,"Hillsdale County, Michigan",0.113506815,3.886746499,0.278257412,0.137112348,0.026308568,0.107594937
26061,"Houghton County, Michigan",0.083904008,4.225912529,0.341917731,0.142877302,0.02236044,0.154105106
26063,"Huron County, Michigan",0.134385321,4.128597122,0.349269296,0.175442462,0.013029466,0.082728457
26065,"Ingham County, Michigan",0.059845532,3.642492062,0.350883716,0.11477933,0.023969319,0.126988124
26067,"Ionia County, Michigan",0.073001805,3.477017638,0.246123435,0.101866901,0.021873571,0.095453797
26069,"Iosco County, Michigan",0.103071818,3.097947214,0.390205918,0.201591971,0.027531903,0.091653247
26071,"Iron County, Michigan",0.132490013,3.24463807,0.363391137,0.19460501,0.017408811,0.076728499
26073,"Isabella County, Michigan",0.072756005,3.73598258,0.294070352,0.10038191,0.026019381,0.10614971
26075,"Jackson County, Michigan",0.086755024,3.277950978,0.317133695,0.123205337,0.02682452,0.094865508
26077,"Kalamazoo County, Michigan",0.073466688,4.441625515,0.300017959,0.112422848,0.01755732,0.082858993
26079,"Kalkaska County, Michigan",0.086063956,3.546746104,0.286159686,0.144232073,0.020179184,0.127236907
26081,"Kent County, Michigan",0.083882823,4.908727306,0.263096868,0.101941479,0.023307923,0.108321431
26083,"Keweenaw County, Michigan",0.16959799,6.349206349,0.311737089,0.16713615,0,0.11827957
26085,"Lake County, Michigan",0.120672601,2.520234292,0.387118048,0.20246208,0.030698388,0.134481616
26087,"Lapeer County, Michigan",0.097795572,5.421993569,0.229241508,0.109757878,0.029885018,0.120147702
26089,"Leelanau County, Michigan",0.202057613,4.798267327,0.253190569,0.173047804,0.013235118,0.064511711
26091,"Lenawee County, Michigan",0.084184716,4.200260599,0.276886035,0.135634029,0.021710506,0.083520163
26093,"Livingston County, Michigan",0.092201677,5.665076682,0.223420318,0.103192101,0.018800877,0.07320018
26095,"Luce County, Michigan",0.109664154,2.926174497,0.294915254,0.142857143,0.01494494,0.131284916
26097,"Mackinac County, Michigan",0.10922051,4.390932421,0.317259855,0.134902411,0.018271169,0.121716611
26099,"Macomb County, Michigan",0.073302115,4.294478827,0.301119827,0.131593136,0.026973834,0.102744393
26101,"Manistee County, Michigan",0.124251806,3.825614035,0.303717135,0.163594238,0.016750984,0.118697896
26103,"Marquette County, Michigan",0.083754141,4.764757401,0.309343573,0.133955019,0.020862343,0.114342562
26105,"Mason County, Michigan",0.105237712,4.27811795,0.305058556,0.177212101,0.024021126,0.153708762
26107,"Mecosta County, Michigan",0.079188482,3.479603336,0.290877476,0.131776688,0.026369919,0.105307954
26109,"Menominee County, Michigan",0.102898686,4.267417605,0.343395848,0.163072911,0.017140773,0.128887813
26111,"Midland County, Michigan",0.08140693,4.674251643,0.280376281,0.13126165,0.017578125,0.093049513
26113,"Missaukee County, Michigan",0.115930961,4.22029703,0.245185695,0.127407153,0.028699826,0.140309622
26115,"Monroe County, Michigan",0.06428863,3.996651854,0.275931877,0.131121465,0.021679517,0.077958411
26117,"Montcalm County, Michigan",0.096972646,3.906410791,0.248248833,0.111324216,0.023012748,0.119392773
26119,"Montmorency County, Michigan",0.157911293,3.558572537,0.341385207,0.154553228,0.016480367,0.15902398
26121,"Muskegon County, Michigan",0.068900651,3.370203275,0.262091749,0.123537803,0.037611527,0.108013496
26123,"Newaygo County, Michigan",0.097170686,4.344664032,0.257520869,0.125479078,0.036832526,0.13674606
26125,"Oakland County, Michigan",0.096339955,4.783808304,0.311104844,0.125500703,0.020658042,0.083448274
26127,"Oceana County, Michigan",0.122536568,4.287912088,0.24537037,0.123993559,0.033496403,0.156603347
26129,"Ogemaw County, Michigan",0.108613746,3.769199839,0.283089449,0.129167125,0.025860314,0.081652257
26131,"Ontonagon County, Michigan",0.115841584,4.359050445,0.340877437,0.175487465,0.004909285,0.108317215
26133,"Osceola County, Michigan",0.094519636,4.06989899,0.267883294,0.116480793,0.030850565,0.132291376
26135,"Oscoda County, Michigan",0.130419075,3.841938883,0.313142857,0.17,0.026157288,0.118134715
26137,"Otsego County, Michigan",0.117413691,4.225977972,0.277540405,0.131246517,0.020387421,0.164799462
26139,"Ottawa County, Michigan",0.08366565,6.623652174,0.218591388,0.100450342,0.025196028,0.102820436
26141,"Presque Isle County, Michigan",0.105820106,5.543581616,0.296890344,0.163993453,0.01440098,0.10237099
26143,"Roscommon County, Michigan",0.154064039,3.144755442,0.360450784,0.186564536,0.011244712,0.181754996
26145,"Saginaw County, Michigan",0.073770592,3.749125545,0.314858974,0.147615385,0.026611164,0.107778485
26147,"St Clair County, Michigan",0.089651722,4.193210698,0.269893467,0.123353892,0.019006209,0.108800619
26149,"St Joseph County, Michigan",0.09117268,3.717708493,0.27813272,0.134381123,0.040698294,0.201634341
26151,"Sanilac County, Michigan",0.133552366,4.343838863,0.2953284,0.146854764,0.024954577,0.129127537
26153,"Schoolcraft County, Michigan",0.137162586,4.38961039,0.328929987,0.167239102,0.033350524,0.086824067
26155,"Shiawassee County, Michigan",0.093041463,4.071002635,0.283760072,0.130098478,0.023672771,0.115012861
26157,"Tuscola County, Michigan",0.093045605,4.184446478,0.302444465,0.14657496,0.019393631,0.112113127
26159,"Van Buren County, Michigan",0.102757257,4.593968165,0.24627647,0.121584653,0.038463931,0.132383429
26161,"Washtenaw County, Michigan",0.087436067,5.384455239,0.298290564,0.09724688,0.016796192,0.103941671
26163,"Wayne County, Michigan",0.069741312,3.248407454,0.345862729,0.132218092,0.036129397,0.119146568
26165,"Wexford County, Michigan",0.097122558,3.387710843,0.257841574,0.135794031,0.02710341,0.158300084
27001,"Aitkin County, Minnesota",0.133246244,4.137931034,0.337354715,0.208768574,0.018639329,0.113581334
27003,"Anoka County, Minnesota",0.082474121,5.123466938,0.228536349,0.099144282,0.028064007,0.089577968
27005,"Becker County, Minnesota",0.154693804,5.060526316,0.298146314,0.141361257,0.016881208,0.111699142
27007,"Beltrami County, Minnesota",0.094388946,4.250646663,0.29233352,0.114045887,0.035558473,0.14232564
27009,"Benton County, Minnesota",0.093189324,4.228639872,0.289847965,0.086316822,0.0083854,0.088546305
27011,"Big Stone County, Minnesota",0.191101695,6.385390428,0.340767172,0.185102587,0.007970396,0.078275666
27013,"Blue Earth County, Minnesota",0.074147574,5.358043478,0.26621173,0.088270011,0.011898065,0.113084112
27015,"Brown County, Minnesota",0.119670794,5.094527363,0.323540179,0.147629508,0.009465649,0.07434603
27017,"Carlton County, Minnesota",0.071851985,3.347997222,0.269083001,0.121638275,0.026002626,0.102538989
27019,"Carver County, Minnesota",0.088963291,6.44214451,0.210139211,0.086300359,0.016174637,0.076335696
27021,"Cass County, Minnesota",0.145607146,4.264067903,0.286732895,0.146450889,0.02552126,0.141631822
27023,"Chippewa County, Minnesota",0.121693122,4.424242424,0.363042643,0.175950826,0.026265702,0.121887855
27025,"Chisago County, Minnesota",0.089824538,6.959131545,0.204437856,0.102721056,0.027497809,0.11661059
27027,"Clay County, Minnesota",0.071067318,5.35183178,0.313852305,0.12158984,0.018485842,0.111551309
27029,"Clearwater County, Minnesota",0.124035281,4.656953642,0.28379224,0.157697121,0.024725785,0.124264706
27031,"Cook County, Minnesota",0.205146036,5.18466899,0.33757485,0.137350299,0.015800814,0.140024038
27033,"Cottonwood County, Minnesota",0.143942201,4.407474932,0.303056579,0.157381314,0.020053288,0.097922849
27035,"Crow Wing County, Minnesota",0.127993528,4.989386401,0.303258591,0.137841583,0.014119975,0.121403449
27037,"Dakota County, Minnesota",0.074677793,5.427712192,0.250655238,0.108043494,0.021355942,0.10399201
27039,"Dodge County, Minnesota",0.102088978,6.450889914,0.21528044,0.086878753,0.011507843,0.13559517
27041,"Douglas County, Minnesota",0.125801201,5.9695734,0.289241827,0.131810805,0.011568521,0.082145151
27043,"Faribault County, Minnesota",0.159674844,5.105777055,0.30985681,0.15001665,0.008540541,0.084431249
27045,"Fillmore County, Minnesota",0.13926517,5.563750715,0.271158392,0.138888889,0.015063132,0.134797868
27047,"Freeborn County, Minnesota",0.115549507,4.335180055,0.316446858,0.161753297,0.025403246,0.091855899
27049,"Goodhue County, Minnesota",0.099078437,4.689167975,0.315489227,0.139000662,0.016454438,0.085345788
27051,"Grant County, Minnesota",0.204607978,4.705084746,0.297637795,0.146850394,0.019350037,0.079592781
27053,"Hennepin County, Minnesota",0.087906836,4.769476547,0.331881617,0.113390759,0.016575165,0.10360166
27055,"Houston County, Minnesota",0.1037576,5.327788047,0.299576482,0.132162431,0.009602413,0.106905104
27057,"Hubbard County, Minnesota",0.147488013,4.95952616,0.27443609,0.141490089,0.018173188,0.119094213
27059,"Isanti County, Minnesota",0.113429439,4.297350829,0.24646802,0.122142307,0.026357949,0.092242424
27061,"Itasca County, Minnesota",0.101770833,4.201295987,0.28971911,0.159924949,0.016452074,0.145513
27063,"Jackson County, Minnesota",0.145651348,5.230414747,0.345251651,0.154862218,0.015445185,0.104907361
27065,"Kanabec County, Minnesota",0.120480355,4.086734694,0.270635164,0.138539429,0.023566524,0.144254279
27067,"Kandiyohi County, Minnesota",0.110481076,6.385582011,0.261618403,0.119687062,0.020713378,0.123509221
27069,"Kittson County, Minnesota",0.193203883,6.926056338,0.30952381,0.167247387,0.005745063,0.132062628
27071,"Koochiching County, Minnesota",0.103691927,3.393587995,0.36436963,0.17148869,0.021906316,0.122994652
27073,"Lac qui Parle County, Minnesota",0.214040562,5.902573529,0.304439746,0.16384778,0.012160695,0.110819098
27075,"Lake County, Minnesota",0.111855461,4.961502347,0.31096108,0.164217633,0.009550852,0.117598458
27077,"Lake of the Woods County, Minnesota",0.164263646,3.959036145,0.328431373,0.160539216,0.001862197,0.10619469
27079,"Le Sueur County, Minnesota",0.126029173,5.183625731,0.241798942,0.112610229,0.017508454,0.074244628
27081,"Lincoln County, Minnesota",0.19252669,5.873051225,0.338265516,0.180024661,0.006258503,0.146354167
27083,"Lyon County, Minnesota",0.120498941,5.230769231,0.306529625,0.124445788,0.010844672,0.121074816
27085,"Mcleod County, Minnesota",0.091099039,4.94007829,0.305834739,0.13915683,0.018574532,0.085438916
27087,"Mahnomen County, Minnesota",0.129064039,2.766233766,0.307610431,0.14741884,0.048730964,0.14600551
27089,"Marshall County, Minnesota",0.177634607,6.05994152,0.342231714,0.151628404,0.009211873,0.114152411
27091,"Martin County, Minnesota",0.123571645,4.689708141,0.30270575,0.163923337,0.011027455,0.073387506
27093,"Meeker County, Minnesota",0.120792248,5.603603604,0.274094708,0.135153203,0.017554561,0.101878383
27095,"Mille Lacs County, Minnesota",0.097909622,3.822214336,0.299924142,0.130570833,0.037858238,0.1375
27097,"Morrison County, Minnesota",0.13646492,5.290035587,0.286193323,0.136171454,0.019633746,0.120274914
27099,"Mower County, Minnesota",0.088129681,5.565768107,0.283076727,0.112374625,0.018733054,0.15132869
27101,"Murray County, Minnesota",0.181840734,6.01088647,0.31795017,0.172423556,0.014778325,0.128398297
27103,"Nicollet County, Minnesota",0.083407137,4.597934596,0.296910091,0.141407884,0.011657399,0.093912013
27105,"Nobles County, Minnesota",0.107076176,5.089420655,0.282481467,0.131616595,0.026506784,0.20231518
27107,"Norman County, Minnesota",0.149384316,5.085501859,0.320676692,0.147744361,0.01635795,0.146748682
27109,"Olmsted County, Minnesota",0.076263481,6.096936126,0.286872821,0.098787328,0.017701005,0.167340021
27111,"Otter Tail County, Minnesota",0.138294101,5.334027252,0.295423525,0.146407065,0.017426909,0.116022629
27113,"Pennington County, Minnesota",0.088553493,4.391891892,0.340813008,0.132357724,0.016376779,0.079670811
27115,"Pine County, Minnesota",0.110921898,3.585056113,0.298242531,0.15202109,0.022458452,0.139890485
27117,"Pipestone County, Minnesota",0.138796358,5.103960396,0.339722573,0.151576293,0.010456605,0.103279632
27119,"Polk County, Minnesota",0.109248101,5.137162954,0.322722899,0.134381013,0.015602171,0.111379102
27121,"Pope County, Minnesota",0.157031924,6.092572659,0.27853788,0.167653666,0.012753774,0.118306636
27123,"Ramsey County, Minnesota",0.070963275,4.181243299,0.34374035,0.12563085,0.024099255,0.142808527
27125,"Red Lake County, Minnesota",0.097102186,5.50617284,0.315628816,0.167887668,0.01484375,0.130165289
27127,"Redwood County, Minnesota",0.157329345,6.046553268,0.309300412,0.144032922,0.011185448,0.079589671
27129,"Renville County, Minnesota",0.151993238,4.674208145,0.317562968,0.1523145,0.010761764,0.071441265
27131,"Rice County, Minnesota",0.095016048,4.842575363,0.280163335,0.132086826,0.018687074,0.121595502
27133,"Rock County, Minnesota",0.137482489,6.120759837,0.297221514,0.140453734,0.007580863,0.063351843
27135,"Roseau County, Minnesota",0.122285714,5.064954683,0.294188239,0.129264529,0.011574311,0.180289751
27137,"St Louis County, Minnesota",0.075541725,3.704806688,0.336852297,0.145323472,0.014547157,0.098759042
27139,"Scott County, Minnesota",0.086245459,6.300435952,0.177330516,0.077470102,0.026567082,0.09767012
27141,"Sherburne County, Minnesota",0.081209092,5.589829151,0.197911516,0.087029873,0.024994843,0.108391948
27143,"Sibley County, Minnesota",0.136213469,6.181987001,0.299217953,0.136178171,0.010975227,0.062165565
27145,"Stearns County, Minnesota",0.085163307,5.498071867,0.270472161,0.111305756,0.011216097,0.096205102
27147,"Steele County, Minnesota",0.090823579,5.830076762,0.295116914,0.135300779,0.007438301,0.072325822
27149,"Stevens County, Minnesota",0.122126996,8.043478261,0.3059505,0.118746709,0.008013738,0.128524946
27151,"Swift County, Minnesota",0.171747531,4.615638767,0.309581127,0.175012037,0.005836883,0.105714286
27153,"Todd County, Minnesota",0.153995929,5.33911007,0.276850619,0.125627112,0.0230964,0.120509709
27155,"Traverse County, Minnesota",0.222429907,5.323843416,0.362177251,0.181437544,0.016551724,0.121157324
27157,"Wabasha County, Minnesota",0.141936639,6.130730051,0.283996099,0.129483151,0.012901436,0.119640719
27159,"Wadena County, Minnesota",0.146677342,4.26980568,0.288978026,0.133414719,0.023656916,0.128140704
27161,"Waseca County, Minnesota",0.094254561,5.105882353,0.278660083,0.126651541,0.022064946,0.08669695
27163,"Washington County, Minnesota",0.089165415,6.48526149,0.224191269,0.104895381,0.016357565,0.092968688
27165,"Watonwan County, Minnesota",0.105891267,6.014888337,0.304812834,0.176703092,0.019417476,0.120702449
27167,"Wilkin County, Minnesota",0.162288931,4.079510703,0.317210349,0.145481815,0.004749466,0.085796388
27169,"Winona County, Minnesota",0.089538206,4.165786452,0.345238684,0.12149394,0.011898362,0.080849823
27171,"Wright County, Minnesota",0.092360453,5.662475822,0.218174408,0.09587951,0.02619331,0.090525266
27173,"Yellow Medicine County, Minnesota",0.160152123,6.108484006,0.288335847,0.139517345,0.017621871,0.115934066
28001,"Adams County, Mississippi",0.087779187,2.911185309,0.367360992,0.166293682,0.047758443,0.070196907
28003,"Alcorn County, Mississippi",0.088296688,2.840401786,0.314991055,0.139892665,0.026291724,0.089465283
28005,"Amite County, Mississippi",0.131203801,4.71820677,0.369386356,0.168666438,0.02455487,0.152255002
28007,"Attala County, Mississippi",0.089148391,2.962686567,0.31563936,0.15465061,0.050310386,0.108722251
28009,"Benton County, Mississippi",0.069474331,4.283660131,0.361957226,0.155865198,0.036068173,0.061983471
28011,"Bolivar County, Mississippi",0.105741279,3.030247141,0.329032809,0.118250171,0.038751525,0.126299318
28013,"Calhoun County, Mississippi",0.08919443,4.381546135,0.318205992,0.146605212,0.057939914,0.104209657
28015,"Carroll County, Mississippi",0.088098495,4.205508475,0.322269012,0.145405004,0.045977011,0.097198785
28017,"Chickasaw County, Mississippi",0.130209106,3.997356246,0.315797251,0.156494754,0.058640475,0.08813987
28019,"Choctaw County, Mississippi",0.062480178,6.05785124,0.325028313,0.147791619,0.020086353,0.174496644
28021,"Claiborne County, Mississippi",0.067106284,4.023679417,0.339176829,0.161966463,0.046332849,0.043082815
28023,"Clarke County, Mississippi",0.103387664,3.828517588,0.265489619,0.157920549,0.0221843,0.132945659
28025,"Clay County, Mississippi",0.077900085,4,0.346742284,0.14969665,0.017589464,0.063545716
28027,"Coahoma County, Mississippi",0.082937137,2.756574924,0.338380827,0.135209252,0.047745578,0.147018031
28029,"Copiah County, Mississippi",0.07606679,4.114720395,0.291637029,0.123463063,0.036110786,0.085490537
28031,"Covington County, Mississippi",0.097643098,3.804617117,0.288323267,0.095053207,0.04049343,0.088421053
28033,"DeSoto County, Mississippi",0.07624715,4.462035635,0.220370723,0.076134186,0.049231967,0.110677218
28035,"Forrest County, Mississippi",0.074701472,3.596812279,0.308337024,0.097884229,0.043106165,0.072419731
28037,"Franklin County, Mississippi",0.060077519,3.505467801,0.23335575,0.143913921,0.071384866,0.054776512
28039,"George County, Mississippi",0.118656183,4.001869159,0.224660281,0.106482513,0.035481383,0.163808664
28041,"Greene County, Mississippi",0.074222359,2.467836257,0.283887468,0.138107417,0.025299601,0.278983834
28043,"Grenada County, Mississippi",0.074303406,3.119829424,0.304244724,0.128171686,0.049992414,0.075
28045,"Hancock County, Mississippi",0.119079772,3.992606635,0.273547921,0.145517384,0.04525165,0.088392635
28047,"Harrison County, Mississippi",0.09743531,3.337136515,0.284258832,0.109962465,0.040498492,0.113500903
28049,"Hinds County, Mississippi",0.078550002,3.27656759,0.345426132,0.11758665,0.048135428,0.152010165
28051,"Holmes County, Mississippi",0.05643509,2.939226519,0.37909624,0.148671956,0.050623701,0.081395349
28053,"Humphreys County, Mississippi",0.092074592,2.576982893,0.291206954,0.110665329,0.064974182,0.279712548
28055,"Issaquena County, Mississippi",0.005524862,1.396449704,0.665816327,0.323979592,0.033586132,0.291044776
28057,"Itawamba County, Mississippi",0.08094668,3.378378378,0.240753119,0.129679144,0.02251911,0.091513962
28059,"Jackson County, Mississippi",0.081915911,3.800361714,0.288498004,0.125277662,0.049997772,0.102235076
28061,"Jasper County, Mississippi",0.082942097,3.137931034,0.313634248,0.124243834,0.05463528,0.051658604
28063,"Jefferson County, Mississippi",0.089856415,3.256363636,0.277865613,0.122134387,0.085981715,0.057553957
28065,"Jefferson Davis County, Mississippi",0.061106155,3.684651163,0.323826634,0.15180777,0.06503956,0.061784897
28067,"Jones County, Mississippi",0.102409424,4.840686727,0.264441064,0.128232537,0.034873605,0.120565564
28069,"Kemper County, Mississippi",0.033769395,3.483352468,0.289850461,0.153356666,0.032252153,0.108584006
28071,"Lafayette County, Mississippi",0.097266345,3.821581197,0.305956582,0.104855096,0.023991352,0.092056605
28073,"Lamar County, Mississippi",0.102461743,5.964024263,0.21971401,0.069368573,0.035226806,0.124643236
28075,"Lauderdale County, Mississippi",0.070516571,3.407080828,0.311051536,0.133373311,0.046064571,0.12522436
28077,"Lawrence County, Mississippi",0.083128382,5.083892617,0.302928683,0.131678963,0.056535686,0.071309656
28079,"Leake County, Mississippi",0.083043694,3.338446788,0.281042204,0.146967024,0.047445809,0.098698968
28081,"Lee County, Mississippi",0.099885756,4.274151109,0.268866598,0.093059592,0.033518322,0.071318106
28083,"Leflore County, Mississippi",0.091755577,2.724188076,0.376035626,0.168703397,0.045862607,0.124453143
28085,"Lincoln County, Mississippi",0.103071772,5.556370656,0.284927314,0.107727621,0.067338064,0.066677892
28087,"Lowndes County, Mississippi",0.079657531,3.654057018,0.33517284,0.155357379,0.030860295,0.06899953
28089,"Madison County, Mississippi",0.10417633,5.648099688,0.280166896,0.095822863,0.024765569,0.103201875
28091,"Marion County, Mississippi",0.117444061,4.374086702,0.341902878,0.150406504,0.029181213,0.113724963
28093,"Marshall County, Mississippi",0.08186929,4.559536735,0.257404079,0.118152692,0.07236657,0.092650962
28095,"Monroe County, Mississippi",0.076572939,4.511270827,0.282028337,0.133258762,0.046035334,0.074020195
28097,"Montgomery County, Mississippi",0.085535664,2.266945607,0.348041775,0.210182768,0.02953856,0.173171656
28099,"Neshoba County, Mississippi",0.091338297,3.274371859,0.283851358,0.107461516,0.048821752,0.15747752
28101,"Newton County, Mississippi",0.08813439,4.261139896,0.319621074,0.159486115,0.055398758,0.114885819
28103,"Noxubee County, Mississippi",0.054165592,3.695600476,0.276785714,0.146645022,0.099720257,0.077617329
28105,"Oktibbeha County, Mississippi",0.064966818,7.30547818,0.294731869,0.076021734,0.035927063,0.084856983
28107,"Panola County, Mississippi",0.065691579,3.452321981,0.301000646,0.124596514,0.056874655,0.069351009
28109,"Pearl River County, Mississippi",0.106678156,4.621355319,0.265008495,0.132622239,0.056083246,0.151532611
28111,"Perry County, Mississippi",0.069669072,2.77340824,0.266024204,0.109367996,0.067053781,0.156269302
28113,"Pike County, Mississippi",0.092118524,3.06719267,0.373821634,0.161953204,0.039748148,0.144957983
28115,"Pontotoc County, Mississippi",0.057759883,5.920255864,0.243336199,0.095786758,0.077497411,0.143054715
28117,"Prentiss County, Mississippi",0.109859693,3.726648875,0.283347676,0.141781411,0.048490516,0.093505348
28119,"Quitman County, Mississippi",0.08001829,2.768566494,0.377259036,0.132153614,0.0552,0.166376812
28121,"Rankin County, Mississippi",0.091419697,4.645404664,0.258689092,0.110847377,0.037511919,0.105508461
28123,"Scott County, Mississippi",0.108632396,4.165675446,0.240305281,0.103547855,0.039582694,0.163667426
28125,"Sharkey County, Mississippi",0.079448457,3.361486486,0.297671033,0.106259098,0.066936208,0.198268398
28127,"Simpson County, Mississippi",0.072115852,3.787707391,0.26012167,0.138556744,0.052156594,0.139455367
28129,"Smith County, Mississippi",0.112130288,4.021413276,0.337981651,0.160917431,0.079902612,0.090195199
28131,"Stone County, Mississippi",0.096589238,3.743328481,0.220346785,0.097284026,0.05415357,0.104283708
28133,"Sunflower County, Mississippi",0.078040966,2.766651766,0.326327434,0.141838741,0.057422787,0.103699629
28135,"Tallahatchie County, Mississippi",0.106535363,2.898178808,0.301092769,0.122529644,0.063000258,0.082221617
28137,"Tate County, Mississippi",0.07320338,4.9382662,0.219702744,0.091272866,0.066922523,0.049720149
28139,"Tippah County, Mississippi",0.077256474,3.971103327,0.261277963,0.120504264,0.044015978,0.114722005
28141,"Tishomingo County, Mississippi",0.106068672,4.820428336,0.337587144,0.159990547,0.030059306,0.069961298
28143,"Tunica County, Mississippi",0.085742045,3.047233468,0.380528512,0.109318498,0.059474672,0.165196228
28145,"Union County, Mississippi",0.082231167,3.938118812,0.259802484,0.126038917,0.036782707,0.059257261
28147,"Walthall County, Mississippi",0.097136223,3.03761194,0.38241966,0.136862004,0.039253834,0.126116658
28149,"Warren County, Mississippi",0.072347934,3.48457223,0.330559353,0.139749153,0.045960187,0.056483415
28151,"Washington County, Mississippi",0.094852096,3.095852301,0.35280509,0.150722961,0.052272041,0.098124821
28153,"Wayne County, Mississippi",0.121890871,4.055896806,0.30877193,0.194466937,0.037383959,0.092362345
28155,"Webster County, Mississippi",0.081225681,4.221021611,0.273062731,0.145633456,0.054258573,0.025164114
28157,"Wilkinson County, Mississippi",0.129378127,2.58738502,0.384803922,0.145526961,0.043745346,0.056325436
28159,"Winston County, Mississippi",0.095769055,3.516826923,0.341326602,0.158743514,0.023029772,0.074701012
28161,"Yalobusha County, Mississippi",0.099358974,4.402255639,0.346455151,0.157265962,0.050868486,0.089806915
28163,"Yazoo County, Mississippi",0.134084383,2.420640835,0.331327353,0.135573975,0.054089088,0.175018262
29001,"Adair County, Missouri",0.102674635,4.365145228,0.344878159,0.121502708,0.006457862,0.157949791
29003,"Andrew County, Missouri",0.078044797,5.143480973,0.276037873,0.14420976,0.042914771,0.092592593
29005,"Atchison County, Missouri",0.192458759,3.844301766,0.327094853,0.164610804,0.01343785,0.122613065
29007,"Audrain County, Missouri",0.109686738,3.017549561,0.30809545,0.119647636,0.031883874,0.117428925
29009,"Barry County, Missouri",0.132083054,4.62735439,0.259709281,0.138576221,0.043172825,0.14610222
29011,"Barton County, Missouri",0.13064133,4.368193604,0.241009605,0.150100514,0.024217687,0.0553814
29013,"Bates County, Missouri",0.125124839,4.297979798,0.27120931,0.13998988,0.028099337,0.127750839
29015,"Benton County, Missouri",0.123619371,4.309425287,0.316965382,0.195065063,0.029299186,0.104841519
29017,"Bollinger County, Missouri",0.108704974,4.490785645,0.290160907,0.160116064,0.025293203,0.221380981
29019,"Boone County, Missouri",0.079512472,5.062990361,0.319648844,0.092986307,0.023166662,0.116997071
29021,"Buchanan County, Missouri",0.068823924,2.729576434,0.323621976,0.129274945,0.035650211,0.134409472
29023,"Butler County, Missouri",0.095852693,2.850774462,0.324051878,0.160243408,0.039354984,0.171392889
29025,"Caldwell County, Missouri",0.12678666,3.450417053,0.306609195,0.143678161,0.025783348,0.11774461
29027,"Callaway County, Missouri",0.10158869,3.648173741,0.249984356,0.108065828,0.019848534,0.108566941
29029,"Camden County, Missouri",0.12740052,3.920360926,0.279919971,0.148417606,0.027707486,0.128229318
29031,"Cape Girardeau County, Missouri",0.081590211,4.778338621,0.291817088,0.125213756,0.016679971,0.103142651
29033,"Carroll County, Missouri",0.140364583,5.262793914,0.288090288,0.130977131,0.028125567,0.136624958
29035,"Carter County, Missouri",0.196112311,2.537313433,0.347532468,0.15012987,0.037177986,0.192168675
29037,"Cass County, Missouri",0.087372578,4.99617887,0.234876216,0.117979963,0.029692299,0.088076224
29039,"Cedar County, Missouri",0.178371311,4.28954608,0.300036523,0.147187728,0.043066884,0.131272174
29041,"Chariton County, Missouri",0.151922476,4.626262626,0.285989965,0.152450791,0.018263903,0.120696478
29043,"Christian County, Missouri",0.108132179,5.762038149,0.219598336,0.102421358,0.048617387,0.105219718
29045,"Clark County, Missouri",0.107515658,4.451666667,0.325217391,0.20173913,0.005159475,0.090633131
29047,"Clay County, Missouri",0.072885338,3.718289244,0.271746013,0.098732676,0.029251226,0.107421398
29049,"Clinton County, Missouri",0.104937624,3.174311927,0.276127749,0.127003852,0.038621201,0.128325293
29051,"Cole County, Missouri",0.076664104,4.008812261,0.331166462,0.147590461,0.018167866,0.100268027
29053,"Cooper County, Missouri",0.107880959,4.306985294,0.264489796,0.137306122,0.032347859,0.139231705
29055,"Crawford County, Missouri",0.082391662,3.851492827,0.294022617,0.149273021,0.04384962,0.217157006
29057,"Dade County, Missouri",0.161033163,3.646453089,0.286754967,0.156291391,0.028709056,0.113238968
29059,"Dallas County, Missouri",0.142569348,4.476004464,0.25984252,0.111144761,0.030820033,0.143127364
29061,"Daviess County, Missouri",0.16739967,5.10817942,0.25397878,0.12566313,0.038409573,0.17110415
29063,"De Kalb County, Missouri",0.143462898,3.169603524,0.315746972,0.188694482,0.010818379,0.103764922
29065,"Dent County, Missouri",0.094572636,3.236044657,0.335622318,0.180944206,0.033627575,0.087322251
29067,"Douglas County, Missouri",0.141344383,3.689606742,0.264514731,0.158362218,0.034962406,0.107194873
29069,"Dunklin County, Missouri",0.108032238,2.766965059,0.300790372,0.152505838,0.045095168,0.180318278
29071,"Franklin County, Missouri",0.088630367,4.69799205,0.259780304,0.127047601,0.035285836,0.122658889
29073,"Gasconade County, Missouri",0.126968641,3.708539945,0.283249581,0.135845896,0.034535143,0.096377422
29075,"Gentry County, Missouri",0.145305248,5.256097561,0.336173839,0.164039199,0.02565445,0.105387524
29077,"Greene County, Missouri",0.089156477,4.111740668,0.332204502,0.122196035,0.022178461,0.10514567
29079,"Grundy County, Missouri",0.128051819,3.842003854,0.335260116,0.178665265,0.021714286,0.085377509
29081,"Harrison County, Missouri",0.128334321,3.253061224,0.31629605,0.147361434,0.010853008,0.083458084
29083,"Henry County, Missouri",0.136695349,3.488460083,0.306243913,0.165674711,0.027850908,0.093766439
29085,"Hickory County, Missouri",0.104705882,3.025910931,0.415525114,0.262271689,0.036929994,0.180266667
29087,"Holt County, Missouri",0.143608627,3.958932238,0.333142202,0.208142202,0.052955244,0.119815668
29089,"Howard County, Missouri",0.092150961,4.301518438,0.24358209,0.130149254,0.015666227,0.141935484
29091,"Howell County, Missouri",0.104032106,3.767840805,0.297155446,0.143523618,0.036374526,0.135415032
29093,"Iron County, Missouri",0.161010462,3.427969671,0.275320597,0.120649045,0.037019608,0.15131793
29095,"Jackson County, Missouri",0.075209707,3.230759202,0.352422819,0.112071273,0.029090741,0.08512313
29097,"Jasper County, Missouri",0.085420548,3.246791708,0.28499821,0.123628399,0.038929777,0.120122976
29099,"Jefferson County, Missouri",0.06584173,4.247216036,0.229980915,0.102006824,0.033426801,0.082655769
29101,"Johnson County, Missouri",0.096780928,5.664992068,0.270411876,0.083782079,0.0449426,0.113600446
29103,"Knox County, Missouri",0.189749847,3.64,0.349220104,0.204506066,0.024718127,0.050086356
29105,"Laclede County, Missouri",0.091565178,4.082115334,0.257581039,0.127431161,0.035124803,0.141039151
29107,"Lafayette County, Missouri",0.081196581,3.757238307,0.233045623,0.114426634,0.033110368,0.108951613
29109,"Lawrence County, Missouri",0.102406033,3.549427918,0.28252102,0.14566956,0.038529273,0.152285485
29111,"Lewis County, Missouri",0.08049678,3.750533049,0.353860018,0.156803845,0.019815511,0.143110585
29113,"Lincoln County, Missouri",0.07703286,5.049981068,0.199307864,0.102226675,0.024828081,0.100207057
29115,"Linn County, Missouri",0.132777072,4.113601236,0.281583909,0.152734129,0.028712607,0.090182141
29117,"Livingston County, Missouri",0.110605075,3.682301438,0.297272561,0.141863445,0.019688894,0.087223823
29119,"McDonald County, Missouri",0.10635646,3.919809448,0.235147041,0.085129182,0.053960884,0.130193906
29121,"Macon County, Missouri",0.113161876,4.092239186,0.336696306,0.159028728,0.017711031,0.12932674
29123,"Madison County, Missouri",0.082217262,6.30976431,0.243470753,0.14008202,0.043899371,0.144995323
29125,"Maries County, Missouri",0.112786153,4.582352941,0.340644087,0.146307607,0.025017743,0.198163734
29127,"Marion County, Missouri",0.075817977,3.896264176,0.305533422,0.140061974,0.01733711,0.121826923
29129,"Mercer County, Missouri",0.15616622,4.311258278,0.335993615,0.163607342,0.058611362,0.178977273
29131,"Miller County, Missouri",0.096652315,4.29474516,0.306642942,0.13503361,0.0334049,0.11827125
29133,"Mississippi County, Missouri",0.087197232,2.860093271,0.308759757,0.173243712,0.035574618,0.133526012
29135,"Moniteau County, Missouri",0.122786129,3.770443925,0.290282903,0.185204709,0.011214354,0.159317485
29137,"Monroe County, Missouri",0.146985274,3.989451477,0.326131387,0.180729927,0.023809524,0.109528654
29139,"Montgomery County, Missouri",0.118323587,4.329905741,0.300172265,0.148148148,0.03444564,0.133774161
29141,"Morgan County, Missouri",0.178746453,3.33397758,0.314705882,0.183887468,0.026038661,0.271694417
29143,"New Madrid County, Missouri",0.106933744,2.607059916,0.331363569,0.167528438,0.026374479,0.090255304
29145,"Newton County, Missouri",0.138601961,4.98562212,0.244554591,0.125187577,0.029849111,0.14225094
29147,"Nodaway County, Missouri",0.130995204,4.909149485,0.326352742,0.140297785,0.017922101,0.106759395
29149,"Oregon County, Missouri",0.18114374,3.618491921,0.259237363,0.148980195,0.03860262,0.132485644
29151,"Osage County, Missouri",0.116736152,8.44629156,0.26532567,0.120498084,0.003726409,0.160462874
29153,"Ozark County, Missouri",0.183927371,6.199714693,0.3106185,0.16392994,0.036989386,0.126485972
29155,"Pemiscot County, Missouri",0.110014358,2.82713964,0.313784861,0.135458167,0.039892183,0.132063075
29157,"Perry County, Missouri",0.102946044,6.173657101,0.284349843,0.130986492,0.029514757,0.104023806
29159,"Pettis County, Missouri",0.145386027,4.208609272,0.268447532,0.110984667,0.035612095,0.112901227
29161,"Phelps County, Missouri",0.091032822,3.770666667,0.298871968,0.11821771,0.032481594,0.187286446
29163,"Pike County, Missouri",0.108973395,3.009556907,0.279372126,0.136197875,0.02892451,0.12102026
29165,"Platte County, Missouri",0.090444107,4.781224573,0.249166784,0.090667981,0.024965785,0.084736568
29167,"Polk County, Missouri",0.13995566,4.302149178,0.25180039,0.134965687,0.034549446,0.105167888
29169,"Pulaski County, Missouri",0.068571738,5.012671321,0.276113205,0.094422794,0.025326296,0.108222843
29171,"Putnam County, Missouri",0.155147414,4.7039801,0.425339367,0.230769231,0.01541921,0.203134796
29173,"Ralls County, Missouri",0.124649558,5.368983957,0.250871948,0.140009965,0.024671765,0.107384366
29175,"Randolph County, Missouri",0.076626913,2.858910064,0.294363257,0.132512911,0.02560944,0.093651862
29177,"Ray County, Missouri",0.105115182,4.503317116,0.247121851,0.124358828,0.039616657,0.07972059
29179,"Reynolds County, Missouri",0.116687067,3.189808917,0.321784322,0.200519706,0.042350702,0.18254818
29181,"Ripley County, Missouri",0.132722575,3.439525692,0.270833333,0.15879065,0.049790129,0.14990689
29183,"St Charles County, Missouri",0.069862662,5.76369884,0.238999623,0.105172623,0.024234234,0.072193941
29185,"St Clair County, Missouri",0.144597458,3.300238284,0.330973451,0.202022756,0.051233989,0.159279778
29186,"Ste Genevieve County, Missouri",0.068157864,5.178115502,0.253335206,0.124842017,0.041574416,0.081168831
29187,"St Francois County, Missouri",0.071860084,3.161020081,0.26992867,0.122554541,0.040872707,0.146331058
29189,"St Louis County, Missouri",0.085405366,4.507294749,0.3183302,0.133300423,0.023357084,0.081117513
29195,"Saline County, Missouri",0.105856501,2.899457505,0.332095287,0.16713627,0.036122953,0.093594895
29197,"Schuyler County, Missouri",0.111457036,4.236979167,0.33306962,0.173259494,0.022378782,0.049853372
29199,"Scotland County, Missouri",0.207644628,4.462311558,0.318925999,0.134905043,0.021517554,0.059442724
29201,"Scott County, Missouri",0.076466862,4.52105106,0.278034301,0.120976253,0.037621566,0.12294228
29203,"Shannon County, Missouri",0.151729267,3.823462415,0.261896113,0.124591355,0.023255814,0.191394659
29205,"Shelby County, Missouri",0.183853211,3.848306333,0.33488569,0.145215919,0.014285714,0.083484574
29207,"Stoddard County, Missouri",0.115787723,3.252098565,0.309797768,0.14818689,0.033420139,0.087877599
29209,"Stone County, Missouri",0.134882946,4.750223547,0.270469904,0.161166117,0.029528751,0.136363636
29211,"Sullivan County, Missouri",0.09370258,2.716232962,0.378704169,0.171772978,0.02530311,0.407386036
29213,"Taney County, Missouri",0.117534021,3.871475308,0.283491549,0.141606853,0.031683001,0.174776618
29215,"Texas County, Missouri",0.137244172,3.986754967,0.293197643,0.138832351,0.021166943,0.192814718
29217,"Vernon County, Missouri",0.150847857,3.320924262,0.336291152,0.171296296,0.030610575,0.085593633
29219,"Warren County, Missouri",0.06296729,4.767187961,0.203642764,0.085712099,0.022848034,0.116207293
29221,"Washington County, Missouri",0.095201993,4.543667124,0.25564659,0.133857396,0.040575037,0.149870449
29223,"Wayne County, Missouri",0.145454545,3.051997464,0.323162584,0.185523385,0.039731682,0.247303544
29225,"Webster County, Missouri",0.177273851,4.984109284,0.190930962,0.087993001,0.025844411,0.134273114
29227,"Worth County, Missouri",0.17311828,2.259701493,0.376455369,0.200517464,0.000743494,0.112244898
29229,"Wright County, Missouri",0.132818195,3.368232662,0.275750916,0.152967033,0.028520657,0.100296013
29510,"St Louis city, Missouri",0.067212278,2.449668981,0.475670877,0.123410621,0.026784461,0.096158115
30001,"Beaverhead County, Montana",0.16326087,4.011111111,0.388604821,0.170684198,0.01580173,0.123173278
30003,"Big Horn County, Montana",0.126582278,3.395390071,0.248481502,0.102981778,0.10665881,0.192763758
30005,"Blaine County, Montana",0.174692049,3.3984,0.291061207,0.136503743,0.061773068,0.169902913
30007,"Broadwater County, Montana",0.163733501,4.02293578,0.251740947,0.145891365,0.026699029,0.116480793
30009,"Carbon County, Montana",0.193288591,4.275889968,0.336989247,0.134408602,0.02217638,0.151260504
30011,"Carter County, Montana",0.414781297,6.225225225,0.408026756,0.183946488,0,0.099706745
30013,"Cascade County, Montana",0.114539285,3.538301199,0.331578795,0.154727131,0.019298144,0.12032743
30015,"Chouteau County, Montana",0.252212389,5.396355353,0.375457875,0.186355311,0.055702218,0.176937157
30017,"Custer County, Montana",0.156605284,4.614447346,0.321257006,0.151521217,0.01867378,0.219973009
30019,"Daniels County, Montana",0.299744898,4.624161074,0.442577031,0.235294118,0,0.118421053
30021,"Dawson County, Montana",0.139686099,9.412147505,0.337135279,0.166312997,0.01778169,0.075296108
30023,"Deer Lodge County, Montana",0.113382458,2.625820569,0.430350554,0.192804428,0.017233825,0.072151485
30025,"Fallon County, Montana",0.181626928,12.375,0.250859107,0.103092784,0.008581236,0.089565217
30027,"Fergus County, Montana",0.247004114,4.036162362,0.353837254,0.155804088,0.010369991,0.159479016
30029,"Flathead County, Montana",0.16002845,4.418270112,0.289415002,0.145561513,0.022640586,0.089710862
30031,"Gallatin County, Montana",0.169735336,5.138604353,0.261686928,0.075072064,0.013359037,0.119641185
30033,"Garfield County, Montana",0.468283582,8.090909091,0.257281553,0.121359223,0.014084507,0.133891213
30035,"Glacier County, Montana",0.111855461,3.292125318,0.273053892,0.103473054,0.077937492,0.13696522
30037,"Golden Valley County, Montana",0.215789474,3.934579439,0.385915493,0.191549296,0.01458671,0.141509434
30039,"Granite County, Montana",0.23158694,3.383505155,0.325390916,0.191362621,0.014636076,0.185905225
30041,"Hill County, Montana",0.140048478,4.699918234,0.284014152,0.124798971,0.051887318,0.217674419
30043,"Jefferson County, Montana",0.150302383,6.860294118,0.2117069,0.107669301,0.027273805,0.175350701
30045,"Judith Basin County, Montana",0.385542169,4.504385965,0.338530067,0.160356347,0.003571429,0.086876155
30047,"Lake County, Montana",0.154701111,3.992467611,0.255684647,0.142323651,0.029216013,0.188998122
30049,"Lewis And Clark County, Montana",0.109452874,3.386775565,0.319474258,0.13922922,0.01182023,0.160090866
30051,"Liberty County, Montana",0.269704433,6.340740741,0.378681627,0.269284712,0.026463512,0.125356125
30053,"Lincoln County, Montana",0.201093479,4.210845987,0.327966674,0.164264805,0.01551865,0.264455782
30055,"McCone County, Montana",0.356673961,17.69642857,0.346547315,0.202046036,0.019528072,0.075342466
30057,"Madison County, Montana",0.233374233,5.160090192,0.328463051,0.200337173,0.014897865,0.164173069
30059,"Meagher County, Montana",0.270323213,5.481675393,0.316546763,0.131894484,0,0.201157742
30061,"Mineral County, Montana",0.201356286,4.815144766,0.334456208,0.195380173,0.022079117,0.207561728
30063,"Missoula County, Montana",0.131119066,3.564526383,0.314316299,0.108650835,0.019968715,0.116433928
30065,"Musselshell County, Montana",0.115443038,4.387568556,0.313055686,0.168460459,0.016833096,0.101585014
30067,"Park County, Montana",0.225983733,3.99902296,0.327995034,0.121663563,0.010212287,0.191518704
30069,"Petroleum County, Montana",0.278481013,6.575,0.243386243,0.142857143,0,0.037313433
30071,"Phillips County, Montana",0.209735888,9.172727273,0.305317324,0.142938822,0.00952381,0.18554007
30073,"Pondera County, Montana",0.205603938,4.690114068,0.270320483,0.168601951,0.035294118,0.113875069
30075,"Powder River County, Montana",0.345054945,9.515463918,0.261394102,0.189008043,0.009345794,0.196832579
30077,"Powell County, Montana",0.130571992,3.043209877,0.289817232,0.132724108,0.016572352,0.135565313
30079,"Prairie County, Montana",0.294642857,3.496932515,0.321649485,0.181443299,0,0.169741697
30081,"Ravalli County, Montana",0.183411736,4.511155378,0.272191861,0.153233936,0.027036373,0.130462363
30083,"Richland County, Montana",0.154666667,4.800210305,0.358578053,0.134687569,0.046700508,0.105250482
30085,"Roosevelt County, Montana",0.11292517,4.376221498,0.375737705,0.13147541,0.079510144,0.094076655
30087,"Rosebud County, Montana",0.126872516,4.825617284,0.316135393,0.147551758,0.054634354,0.117486339
30089,"Sanders County, Montana",0.198106336,3.525753769,0.36516129,0.207741935,0.013432194,0.181995323
30091,"Sheridan County, Montana",0.267077268,3.8475,0.331480195,0.164697707,0.01012966,0.165714286
30093,"Silver Bow County, Montana",0.115211576,2.958522212,0.394297082,0.168965517,0.022190832,0.127247147
30095,"Stillwater County, Montana",0.138674163,6.332878581,0.277295449,0.139700079,0.017781403,0.31913275
30097,"Sweet Grass County, Montana",0.260281385,6.799295775,0.278008299,0.15560166,0.025416667,0.123401053
30099,"Teton County, Montana",0.28721174,6.89261745,0.311282468,0.172077922,0.019045201,0.161930295
30101,"Toole County, Montana",0.214285714,3.576329331,0.366573816,0.167130919,0.004975124,0.088788075
30103,"Treasure County, Montana",0.236263736,3.73,0.27027027,0.168168168,0.004040404,0.023255814
30105,"Valley County, Montana",0.162777298,3.770573566,0.34980586,0.193434522,0.024125452,0.145061728
30107,"Wheatland County, Montana",0.249093108,4.247826087,0.32,0.253714286,0.030133146,0.192771084
30109,"Wibaux County, Montana",0.198364008,9.444444444,0.369098712,0.225321888,0.033613445,0.017199017
30111,"Yellowstone County, Montana",0.115665343,3.791185906,0.312311295,0.122641648,0.024952804,0.126463413
31001,"Adams County, Nebraska",0.128007204,4.734456929,0.312180546,0.146654085,0.02143168,0.091397001
31003,"Antelope County, Nebraska",0.225153374,5.474806202,0.345607979,0.187571922,0.015388496,0.132035548
31005,"Arthur County, Nebraska",0.331838565,6.294117647,0.275280899,0.196629213,0,0.23943662
31007,"Banner County, Nebraska",0.261494253,11.7027027,0.168674699,0.140562249,0.062111801,0.174107143
31009,"Blaine County, Nebraska",0.398058252,8.962962963,0.378109453,0.233830846,0,0.036363636
31011,"Boone County, Nebraska",0.214899713,7.156756757,0.277678571,0.159821429,0.015472779,0.1406788
31013,"Box Butte County, Nebraska",0.150810296,3.805414552,0.332604417,0.164880822,0.031778726,0.161567636
31015,"Boyd County, Nebraska",0.295005807,11.5125,0.319702602,0.173482032,0.006279435,0.096618357
31017,"Brown County, Nebraska",0.259922179,5.060240964,0.400164339,0.268693509,0.006479482,0.122593718
31019,"Buffalo County, Nebraska",0.109450565,4.531045752,0.293491609,0.116352845,0.018941304,0.119471186
31021,"Burt County, Nebraska",0.146981627,4.581433225,0.327240143,0.163082437,0.014666065,0.126852659
31023,"Butler County, Nebraska",0.190604027,6.804459691,0.301311288,0.151083238,0.009985207,0.101923629
31025,"Cass County, Nebraska",0.115523466,7.508484163,0.226327498,0.094206403,0.013529275,0.094711059
31027,"Cedar County, Nebraska",0.214036719,8.010141988,0.28771616,0.156529517,0.013625024,0.08813161
31029,"Chase County, Nebraska",0.167148641,11.72077922,0.288903924,0.142083897,0.02185567,0.102667745
31031,"Cherry County, Nebraska",0.233504274,6.052631579,0.248815166,0.159241706,0.020754165,0.185945946
31033,"Cheyenne County, Nebraska",0.126675313,3.793040293,0.383437717,0.148921364,0.014724919,0.112648221
31035,"Clay County, Nebraska",0.1964687,6.316561845,0.246868687,0.134141414,0.027748691,0.098251457
31037,"Colfax County, Nebraska",0.110331754,6.927559055,0.203816372,0.097621681,0.018327224,0.128381702
31039,"Cuming County, Nebraska",0.153074295,7.172981878,0.30908111,0.153597413,0.009627166,0.081811165
31041,"Custer County, Nebraska",0.221060635,6.237684729,0.320272947,0.150121065,0.012362228,0.127915726
31043,"Dakota County, Nebraska",0.083024955,4.446137106,0.247040802,0.096783178,0.057497182,0.19659404
31045,"Dawes County, Nebraska",0.133318088,5.662068966,0.342422503,0.132893226,0.012652705,0.1490994
31047,"Dawson County, Nebraska",0.105037946,6.709888671,0.239160045,0.132803632,0.033193247,0.212877517
31049,"Deuel County, Nebraska",0.162315551,3.414179104,0.299651568,0.153310105,0.024535316,0.083926031
31051,"Dixon County, Nebraska",0.125714286,5.134969325,0.321444695,0.144469526,0.014529915,0.105461394
31053,"Dodge County, Nebraska",0.092436975,4.225851873,0.312773523,0.149275164,0.016040189,0.102711366
31055,"Douglas County, Nebraska",0.085101566,4.585733541,0.318975759,0.106001236,0.024121234,0.114550252
31057,"Dundy County, Nebraska",0.230769231,3.377682403,0.420050761,0.189086294,0.015929204,0.068273092
31059,"Fillmore County, Nebraska",0.223035952,5.714579055,0.331095258,0.161141418,0.011476265,0.080103359
31061,"Franklin County, Nebraska",0.203918723,5.86,0.269322709,0.130677291,0.011857708,0.095903166
31063,"Frontier County, Nebraska",0.15834039,4.588709677,0.347531462,0.173281704,0.01532567,0.07306434
31065,"Furnas County, Nebraska",0.207751239,7.703470032,0.287568647,0.181228158,0.018330606,0.111430213
31067,"Gage County, Nebraska",0.14859475,4.111859838,0.346733668,0.172383657,0.01285055,0.084875485
31069,"Garden County, Nebraska",0.329512894,3.924623116,0.378769602,0.209891435,0.017227235,0.073375262
31071,"Garfield County, Nebraska",0.224895397,8.302325581,0.214193548,0.140645161,0.015833333,0.067204301
31073,"Gosper County, Nebraska",0.215921483,6.633802817,0.258322237,0.10918775,0.026805659,0.312
31075,"Grant County, Nebraska",0.337142857,3.682926829,0.323843416,0.153024911,0.007281553,0.068965517
31077,"Greeley County, Nebraska",0.294354839,7.850393701,0.337375965,0.190738699,0.003462604,0.111111111
31079,"Hall County, Nebraska",0.084760959,4.314255432,0.283276451,0.11957879,0.019472986,0.129779974
31081,"Hamilton County, Nebraska",0.141071807,6.043870968,0.22476936,0.110707297,0.024394376,0.135574538
31083,"Harlan County, Nebraska",0.178211163,5.853174603,0.338247338,0.206388206,0.013678554,0.174064404
31085,"Hayes County, Nebraska",0.299065421,9.48,0.336898396,0.152406417,0,0.114478114
31087,"Hitchcock County, Nebraska",0.197301855,3.641196013,0.373309288,0.202885482,0.013458163,0.133410673
31089,"Holt County, Nebraska",0.191013384,5.438935913,0.307307307,0.161911912,0.020275622,0.057072571
31091,"Hooker County, Nebraska",0.071428571,3.217391304,0.537671233,0.27739726,0,0.087912088
31093,"Howard County, Nebraska",0.147546108,6.055876686,0.253537736,0.153694969,0.010983763,0.093654434
31095,"Jefferson County, Nebraska",0.136950904,5.215334421,0.356181935,0.1880205,0.011106454,0.168633422
31097,"Johnson County, Nebraska",0.129106895,4.417012448,0.289779326,0.119047619,0.007369615,0.166563083
31099,"Kearney County, Nebraska",0.176013805,5.114192496,0.288110324,0.137532613,0.045465597,0.091167081
31101,"Keith County, Nebraska",0.185960591,4.551925321,0.353345676,0.204707749,0.012237762,0.049390062
31103,"Keya Paha County, Nebraska",0.365256125,6.888888889,0.269349845,0.170278638,0.012903226,0.124031008
31105,"Kimball County, Nebraska",0.184354154,4.081570997,0.37308461,0.208527648,0.028224056,0.118842846
31107,"Knox County, Nebraska",0.199801686,5.364418938,0.313857449,0.154175589,0.01915493,0.120093928
31109,"Lancaster County, Nebraska",0.087091864,4.893823078,0.305515558,0.103619801,0.019877659,0.111421447
31111,"Lincoln County, Nebraska",0.105160142,3.939701174,0.326958923,0.16216776,0.032296162,0.068153045
31113,"Logan County, Nebraska",0.310810811,13.4,0.244299674,0.114006515,0,0.113712375
31115,"Loup County, Nebraska",0.223564955,10.5625,0.382352941,0.139705882,0,0.083682008
31117,"McPherson County, Nebraska",0.329365079,58.2,0.238341969,0.170984456,0.024615385,0.113207547
31119,"Madison County, Nebraska",0.114885391,4.936068376,0.344736466,0.110555635,0.021023025,0.098607732
31121,"Merrick County, Nebraska",0.187264032,4.248129676,0.31023622,0.16,0.02006079,0.088651367
31123,"Morrill County, Nebraska",0.126500462,5.381868132,0.352811466,0.192392503,0.04900245,0.139534884
31125,"Nance County, Nebraska",0.230120482,4.868852459,0.29303749,0.133129304,0,0.115744681
31127,"Nemaha County, Nebraska",0.139135765,3.635488308,0.373553139,0.153279551,0.012547348,0.071561685
31129,"Nuckolls County, Nebraska",0.265277778,4.817330211,0.321510297,0.173340961,0.018290538,0.188498403
31131,"Otoe County, Nebraska",0.108045131,5.087364621,0.297128589,0.137952559,0.021490671,0.198792149
31133,"Pawnee County, Nebraska",0.191242181,3.519607843,0.331775701,0.191588785,0.009461857,0.281016442
31135,"Perkins County, Nebraska",0.281077348,7.554973822,0.285961872,0.158578856,0.00161987,0.168539326
31137,"Phelps County, Nebraska",0.167182663,5.019826518,0.337187911,0.160840999,0.00974141,0.148746518
31139,"Pierce County, Nebraska",0.189846642,8.179069767,0.278859527,0.132823366,0.00940919,0.090877915
31141,"Platte County, Nebraska",0.135074417,7.220953327,0.297020764,0.134592236,0.016806723,0.108398783
31143,"Polk County, Nebraska",0.189416058,5.95215311,0.294700347,0.147597821,0.026994601,0.112365064
31145,"Red Willow County, Nebraska",0.16180026,5.694174757,0.375202781,0.204866744,0.008365131,0.044359949
31147,"Richardson County, Nebraska",0.201963907,3.881637168,0.375522721,0.18399777,0.011802779,0.127000696
31149,"Rock County, Nebraska",0.37784522,10.01515152,0.308492201,0.140381282,0.002296211,0.053677932
31151,"Saline County, Nebraska",0.106586993,5.973786408,0.228148725,0.100253066,0.015694542,0.11227154
31153,"Sarpy County, Nebraska",0.064757161,5.44197261,0.227826038,0.080388519,0.023830034,0.079497908
31155,"Saunders County, Nebraska",0.135951149,5.831810854,0.258846285,0.13846854,0.018019286,0.110269001
31157,"Scotts Bluff County, Nebraska",0.115684924,3.980648678,0.321515973,0.158674516,0.01469521,0.129013427
31159,"Seward County, Nebraska",0.100406765,7.524559778,0.248327251,0.125608273,0.01058458,0.127166828
31161,"Sheridan County, Nebraska",0.21889305,5.668235294,0.284150405,0.178486435,0.029184038,0.237195122
31163,"Sherman County, Nebraska",0.213037634,4.301282051,0.332310054,0.181120491,0.026134122,0.074806535
31165,"Sioux County, Nebraska",0.260194175,10.85454545,0.251111111,0.131111111,0.002898551,0.150417827
31167,"Stanton County, Nebraska",0.132433301,6.253932584,0.26508717,0.127402772,0.023155627,0.096554487
31169,"Thayer County, Nebraska",0.188191882,6.301369863,0.303988327,0.167801556,0.011663597,0.081054202
31171,"Thomas County, Nebraska",0.204545455,18.47619048,0.251633987,0.091503268,0,0.064377682
31173,"Thurston County, Nebraska",0.102668643,3.973469388,0.242849975,0.106372303,0.120300752,0.150962513
31175,"Valley County, Nebraska",0.167313288,6.218954248,0.322857143,0.149714286,0.018106375,0.086982603
31177,"Washington County, Nebraska",0.102622061,7.236180905,0.252368229,0.122054894,0.022821421,0.062123108
31179,"Wayne County, Nebraska",0.109660574,5.370317003,0.321093541,0.175556151,0.007993605,0.070920116
31181,"Webster County, Nebraska",0.170911149,5.393442623,0.29527027,0.129054054,0.020389669,0.099858357
31183,"Wheeler County, Nebraska",0.355371901,8.916666667,0.343930636,0.205202312,0,0.094017094
31185,"York County, Nebraska",0.118019574,6.045666356,0.287911302,0.130007153,0.008404329,0.099820467
32001,"Churchill County, Nevada",0.086436909,2.850208457,0.315893695,0.149973945,0.047790404,0.086786055
32003,"Clark County, Nevada",0.092952098,3.341395693,0.280348692,0.098923912,0.044165888,0.13706179
32005,"Douglas County, Nevada",0.139753701,4.897963033,0.232512737,0.123327461,0.021891848,0.133503673
32007,"Elko County, Nevada",0.075699334,4.444444444,0.264239176,0.072614544,0.03771873,0.232412134
32009,"Esmeralda County, Nevada",0.237163814,1.717842324,0.443298969,0.111340206,0.014101058,0.090566038
32011,"Eureka County, Nevada",0.070811744,6.101351351,0.107017544,0.045614035,0,0.439759036
32013,"Humboldt County, Nevada",0.129353831,5.850857569,0.292442027,0.124248497,0.023625891,0.250401284
32015,"Lander County, Nevada",0.055674518,2.911392405,0.255319149,0.057180851,0.039576366,0.238943894
32017,"Lincoln County, Nevada",0.048455482,2.258713137,0.299088146,0.13556231,0.01856308,0.261627907
32019,"Lyon County, Nevada",0.070804896,3.244734839,0.258909403,0.143924431,0.046705249,0.149960262
32021,"Mineral County, Nevada",0.041292639,3.274226804,0.393407762,0.230728336,0.072612732,0.109662577
32023,"Nye County, Nevada",0.105216095,3.227857246,0.289055706,0.141895912,0.032393919,0.1434616
32027,"Pershing County, Nevada",0.108108108,3.017094017,0.280487805,0.118769883,0.007900677,0.139740968
32029,"Storey County, Nevada",0.107886905,2.738056013,0.399527187,0.296690307,0.011584327,0.133673469
32031,"Washoe County, Nevada",0.08692026,3.442923634,0.274841493,0.11161002,0.033202106,0.172340219
32033,"White Pine County, Nevada",0.089337176,3.207850134,0.319952423,0.146892655,0.008424182,0.123131393
32510,"Carson, Nevada",0.088734455,2.982038373,0.309484051,0.160137016,0.033005453,0.163065996
33001,"Belknap County, New Hampshire",0.118324097,4.232226107,0.293419633,0.145708121,0.031799032,0.115126692
33003,"Carroll County, New Hampshire",0.154632948,3.539804977,0.311910922,0.187627056,0.01465007,0.108365426
33005,"Cheshire County, New Hampshire",0.100641796,3.747815821,0.289735045,0.133698485,0.020542219,0.099881737
33007,"Coos County, New Hampshire",0.139006306,3.349774662,0.331571219,0.173935389,0.022580503,0.135990293
33009,"Grafton County, New Hampshire",0.111878155,3.73308194,0.306407479,0.151094516,0.025963387,0.129042318
33011,"Hillsborough County, New Hampshire",0.076567891,4.294947149,0.272225028,0.104885057,0.028118405,0.09516261
33013,"Merrimack County, New Hampshire",0.088233466,4.030351627,0.254899668,0.118627926,0.02589911,0.101854632
33015,"Rockingham County, New Hampshire",0.100716788,5.130950329,0.2370959,0.112892941,0.022723764,0.070486397
33017,"Strafford County, New Hampshire",0.077021859,4.20665217,0.278177929,0.118383608,0.019035903,0.09717571
33019,"Sullivan County, New Hampshire",0.1,3.17259552,0.289435601,0.145661612,0.021902897,0.101735263
34001,"Atlantic County, New Jersey",0.080047218,4.122771651,0.286946737,0.131254689,0.034557544,0.127073532
34003,"Bergen County, New Jersey",0.113407087,6.646191837,0.238551147,0.11041691,0.027662333,0.109222513
34005,"Burlington County, New Jersey",0.081842693,5.353677367,0.262338496,0.120088963,0.031761107,0.088818806
34007,"Camden County, New Jersey",0.07493526,4.480660344,0.279733544,0.118677581,0.036326415,0.126261765
34009,"Cape May County, New Jersey",0.110081963,5.782688766,0.296878249,0.152251773,0.026965224,0.101789399
34011,"Cumberland County, New Jersey",0.059098249,4.146261643,0.259261372,0.128366043,0.041775262,0.163142685
34013,"Essex County, New Jersey",0.087977416,4.928855138,0.305612542,0.111723578,0.034771126,0.126399529
34015,"Gloucester County, New Jersey",0.06823244,5.21093253,0.241008764,0.111313139,0.035515589,0.084500935
34017,"Hudson County, New Jersey",0.07575619,5.19427254,0.302795342,0.090372827,0.033369954,0.180282439
34019,"Hunterdon County, New Jersey",0.115167376,6.958980401,0.223166116,0.103691924,0.018259372,0.07152257
34021,"Mercer County, New Jersey",0.071577581,5.459162382,0.291051889,0.125282159,0.025407533,0.161418556
34023,"Middlesex County, New Jersey",0.073854374,7.204073288,0.227163895,0.10226283,0.040800212,0.131538653
34025,"Monmouth County, New Jersey",0.099078313,6.548555295,0.265858446,0.13289698,0.02031079,0.101749455
34027,"Morris County, New Jersey",0.098956583,6.860362725,0.24835581,0.112100292,0.022541298,0.083876698
34029,"Ocean County, New Jersey",0.096524077,5.499711435,0.285764994,0.176876884,0.022671902,0.10484627
34031,"Passaic County, New Jersey",0.08302723,5.249865982,0.233859454,0.105175245,0.049421776,0.156455753
34033,"Salem County, New Jersey",0.06786836,4.283324339,0.306619787,0.132799871,0.033460551,0.089485556
34035,"Somerset County, New Jersey",0.088395011,7.524421714,0.236050358,0.096710722,0.029303882,0.094603015
34037,"Sussex County, New Jersey",0.087533736,5.347829519,0.2290942,0.103357706,0.026316333,0.080326252
34039,"Union County, New Jersey",0.077721518,6.056873338,0.231629633,0.107157143,0.038013715,0.125983345
34041,"Warren County, New Jersey",0.087344248,4.697465009,0.290151003,0.128893396,0.020706456,0.090505417
35001,"Bernalillo County, New Mexico",0.091565329,2.883073775,0.352122948,0.130966399,0.030584851,0.121813655
35003,"Catron County, New Mexico",0.268470343,3.098231827,0.407085146,0.326289621,0.019780996,0.296296296
35005,"Chaves County, New Mexico",0.08511198,2.953078785,0.287328179,0.139003436,0.050838868,0.105654148
35006,"Cibola County, New Mexico",0.08247307,2.793951479,0.255785327,0.153372723,0.071393939,0.13533501
35007,"Colfax County, New Mexico",0.155426357,3.245879121,0.365471256,0.189583709,0.010727612,0.144298123
35009,"Curry County, New Mexico",0.069967999,4.120490287,0.310223901,0.120636633,0.053312874,0.13268681
35011,"De Baca County, New Mexico",0.09739369,5.544117647,0.535762483,0.273954116,0.028241335,0.015503876
35013,"Dona Ana County, New Mexico",0.092520198,4.079415641,0.275957984,0.100794203,0.036836522,0.143790107
35015,"Eddy County, New Mexico",0.065459457,4.102169827,0.269964322,0.114346122,0.034074908,0.117999549
35017,"Grant County, New Mexico",0.104645227,2.671078026,0.376106978,0.192879915,0.021625575,0.164948454
35019,"Guadalupe County, New Mexico",0.074051408,1.581542351,0.362934363,0.113513514,0.050452781,0.058962264
35021,"Harding County, New Mexico",0.183745583,5.54,0.448559671,0.29218107,0.002314815,0.033333333
35023,"Hidalgo County, New Mexico",0.118569636,2.921843687,0.325626204,0.185613359,0.024611889,0.137529138
35025,"Lea County, New Mexico",0.101256371,4.561162625,0.254850486,0.084047746,0.037611255,0.203546189
35027,"Lincoln County, New Mexico",0.273495123,3.248793167,0.317240616,0.181153804,0.027910852,0.093030691
35028,"Los Alamos County, New Mexico",0.061587858,5.607247224,0.299423242,0.090808688,0.031451994,0.087932159
35029,"Luna County, New Mexico",0.06352459,3.06122449,0.364875433,0.210814434,0.03527124,0.232666667
35031,"Mckinley County, New Mexico",0.06202857,3.625026156,0.236360159,0.082006407,0.092527406,0.107195785
35033,"Mora County, New Mexico",0.116615854,2.548717949,0.357723577,0.120038259,0.025250989,0.186915888
35035,"Otero County, New Mexico",0.097115135,3.232539683,0.338200739,0.127056059,0.05016247,0.12669308
35037,"Quay County, New Mexico",0.085295807,2.268995633,0.441309555,0.253659835,0.008254717,0.089871612
35039,"Rio Arriba County, New Mexico",0.084159053,2.914538076,0.329994317,0.153594771,0.046990641,0.107048531
35041,"Roosevelt County, New Mexico",0.055829228,3.779942693,0.335009338,0.128142508,0.024763069,0.187267589
35043,"Sandoval County, New Mexico",0.094398805,4.416230914,0.207790789,0.099324361,0.039926187,0.148901882
35045,"San Juan County, New Mexico",0.082449838,3.673252003,0.251796633,0.095422544,0.055979077,0.101034037
35047,"San Miguel County, New Mexico",0.098184141,2.74225445,0.383825306,0.206024512,0.048164254,0.122493019
35049,"Santa Fe County, New Mexico",0.168487765,2.96354067,0.346697905,0.175389739,0.029985339,0.131395882
35051,"Sierra County, New Mexico",0.190770962,2.865230769,0.437653737,0.282497635,0.016335645,0.135635018
35053,"Socorro County, New Mexico",0.094940418,3.467832168,0.31496063,0.147385423,0.051818182,0.181025813
35055,"Taos County, New Mexico",0.163601505,2.38491213,0.39531159,0.216584158,0.023891756,0.194333297
35057,"Torrance County, New Mexico",0.08495671,3.846056782,0.274156099,0.123057689,0.04159498,0.132863736
35059,"Union County, New Mexico",0.138438881,2.014414414,0.398496241,0.235133288,0.032438479,0.077959577
35061,"Valencia County, New Mexico",0.082495108,2.910555916,0.296513398,0.131242387,0.04439528,0.093616658
36001,"Albany County, New York",0.07239029,4.447290407,0.345988273,0.130644978,0.019282226,0.128278866
36003,"Allegany County, New York",0.08726716,4.426679745,0.309760305,0.151311485,0.020441214,0.113683627
36005,"Bronx County, New York",0.06714177,3.366969319,0.318460487,0.125201042,0.050668324,0.186546749
36007,"Broome County, New York",0.071063664,4.091181556,0.341054107,0.14769053,0.026398502,0.11547409
36009,"Cattaraugus County, New York",0.091749195,3.831173829,0.310945985,0.132037725,0.032960985,0.118790152
36011,"Cayuga County, New York",0.086345844,3.989370514,0.309770301,0.154351343,0.027405398,0.091866204
36013,"Chautauqua County, New York",0.095276932,3.784514705,0.344368505,0.152083138,0.027401919,0.131339215
36015,"Chemung County, New York",0.073859917,3.761538462,0.337991317,0.148307887,0.022038925,0.094344866
36017,"Chenango County, New York",0.087689554,3.965460862,0.294478528,0.147138691,0.034601744,0.117696918
36019,"Clinton County, New York",0.079344317,4.523014314,0.309332027,0.125325411,0.022202804,0.119769381
36021,"Columbia County, New York",0.157666948,5.038961039,0.288379447,0.151501976,0.026958106,0.102504223
36023,"Cortland County, New York",0.081339918,4.499224004,0.286215837,0.119747218,0.024399442,0.151654846
36025,"Delaware County, New York",0.146308516,4.140208051,0.333652822,0.174813632,0.028851423,0.108131804
36027,"Dutchess County, New York",0.094437205,5.13335286,0.289702734,0.136015864,0.022916138,0.092697217
36029,"Erie County, New York",0.071933446,4.026161774,0.347831862,0.144736033,0.020519682,0.094357376
36031,"Essex County, New York",0.135711808,4.124399359,0.32184127,0.160571429,0.025974026,0.1426729
36033,"Franklin County, New York",0.09952901,4.607961399,0.309670945,0.148048381,0.022189828,0.150892794
36035,"Fulton County, New York",0.087108444,3.546427945,0.297335203,0.137402163,0.022810705,0.103819835
36037,"Genesee County, New York",0.08593777,4.413729128,0.299352883,0.140891219,0.019643373,0.088059572
36039,"Greene County, New York",0.116573098,4.219288676,0.319387812,0.179076132,0.023604,0.120600479
36041,"Hamilton County, New York",0.234845083,5.048484848,0.267826087,0.126376812,0.0292919,0.033887862
36043,"Herkimer County, New York",0.084793248,4.728894611,0.31093902,0.165220564,0.017099398,0.083977448
36045,"Jefferson County, New York",0.08039425,5.025975349,0.277316211,0.096227684,0.021074025,0.090666419
36047,"Kings County, New York",0.101210024,5.403785059,0.296142018,0.10789543,0.040273652,0.219845822
36049,"Lewis County, New York",0.155336534,4.657501964,0.254216642,0.117972264,0.019248882,0.173088048
36051,"Livingston County, New York",0.081111918,4.61480251,0.297744173,0.133812471,0.014293853,0.107593176
36053,"Madison County, New York",0.096262453,4.218125484,0.288682687,0.145808549,0.024452452,0.079332028
36055,"Monroe County, New York",0.07804601,4.194714755,0.323127663,0.132260658,0.021517963,0.102801994
36057,"Montgomery County, New York",0.07744916,3.345744681,0.331060366,0.172798393,0.019397033,0.135155006
36059,"Nassau County, New York",0.10567869,7.867566979,0.192815725,0.113043708,0.039805548,0.118461937
36061,"New York County, New York",0.114525064,3.897009137,0.468218395,0.149656809,0.018546488,0.278808752
36063,"Niagara County, New York",0.072870703,4.314947714,0.323250753,0.14682025,0.024342746,0.096583871
36065,"Oneida County, New York",0.084051913,4.393898743,0.318890945,0.143021604,0.029080257,0.111891079
36067,"Onondaga County, New York",0.075672733,4.037188825,0.328101253,0.139206889,0.022500493,0.107486278
36069,"Ontario County, New York",0.100289279,4.245067123,0.286937128,0.139167375,0.012873855,0.094690016
36071,"Orange County, New York",0.08320421,5.781137084,0.243303241,0.114214888,0.035355056,0.130032296
36073,"Orleans County, New York",0.093343062,3.933953267,0.292759706,0.136966854,0.026575835,0.127856981
36075,"Oswego County, New York",0.094024153,4.224163848,0.269453213,0.126580938,0.038293112,0.099331175
36077,"Otsego County, New York",0.109655702,4.618778964,0.311006501,0.142972428,0.015391369,0.120080727
36079,"Putnam County, New York",0.116450906,7.798897611,0.203678767,0.1084434,0.029278969,0.096344207
36081,"Queens County, New York",0.099543481,6.064649769,0.258339567,0.105069541,0.045448403,0.1843973
36083,"Rensselaer County, New York",0.083366254,4.118778437,0.310434572,0.121731631,0.019099444,0.092398272
36085,"Richmond County, New York",0.075498475,6.145954152,0.233247059,0.109635294,0.040809458,0.1576377
36087,"Rockland County, New York",0.098753615,7.609059467,0.209048636,0.121204145,0.034224287,0.128120068
36089,"St Lawrence County, New York",0.106275982,4.587522852,0.320829006,0.151114761,0.022566008,0.114694493
36091,"Saratoga County, New York",0.0841476,5.055475711,0.274771616,0.126045382,0.022079813,0.077633126
36093,"Schenectady County, New York",0.05820577,4.073223359,0.339081358,0.13552936,0.021298633,0.111709189
36095,"Schoharie County, New York",0.10470377,4.236279987,0.307172515,0.163803631,0.015961971,0.135098039
36097,"Schuyler County, New York",0.103785104,4.093517535,0.297072254,0.156191244,0.025403782,0.146668876
36099,"Seneca County, New York",0.103619303,3.722724703,0.327191308,0.160842754,0.019863383,0.139826684
36101,"Steuben County, New York",0.107072528,4.104837014,0.3102515,0.141350696,0.024516298,0.104949951
36103,"Suffolk County, New York",0.100265023,5.827477584,0.223622735,0.117806245,0.034607173,0.0985407
36105,"Sullivan County, New York",0.120032488,3.671458442,0.329854491,0.157819033,0.030456554,0.118043444
36107,"Tioga County, New York",0.083443359,5.041999061,0.28131154,0.137603387,0.025067814,0.082563824
36109,"Tompkins County, New York",0.094950926,5.247761632,0.323399404,0.101293505,0.011083948,0.178568704
36111,"Ulster County, New York",0.140207878,3.912865368,0.33096243,0.150584654,0.022274145,0.094776144
36113,"Warren County, New York",0.102998369,4.076692374,0.316432745,0.151265865,0.017060714,0.107485451
36115,"Washington County, New York",0.100674424,3.46351172,0.296637095,0.144212915,0.026617979,0.096521817
36117,"Wayne County, New York",0.090710034,4.528543866,0.280988452,0.128244517,0.019608821,0.11332983
36119,"Westchester County, New York",0.110272007,6.152918914,0.270101158,0.130059281,0.027423271,0.138031566
36121,"Wyoming County, New York",0.118839779,4.615882049,0.273959881,0.130138683,0.018306213,0.099647142
36123,"Yates County, New York",0.190432127,4.288955479,0.296667417,0.159536141,0.021456988,0.124770642
37001,"Alamance County, North Carolina",0.084838028,4.563459047,0.302063233,0.12796497,0.03718438,0.097010067
37003,"Alexander County, North Carolina",0.109532125,5.195954488,0.246130368,0.147663687,0.02192584,0.107327905
37005,"Alleghany County, North Carolina",0.135350318,3.892709766,0.295928702,0.152724327,0.023317036,0.170665867
37007,"Anson County, North Carolina",0.123239033,3.302133851,0.356762642,0.178199855,0.050146464,0.211725395
37009,"Ashe County, North Carolina",0.110247652,5.129020053,0.284953058,0.156136344,0.017643385,0.140658115
37011,"Avery County, North Carolina",0.160644969,3.796168959,0.281900941,0.133775652,0.017931811,0.095381526
37013,"Beaufort County, North Carolina",0.118380869,4.59980875,0.286211259,0.144528779,0.039211175,0.082839129
37015,"Bertie County, North Carolina",0.105897273,3.990777339,0.344788087,0.188287514,0.048234423,0.101147228
37017,"Bladen County, North Carolina",0.109051055,3.004311584,0.344985069,0.166695942,0.039301751,0.113161841
37019,"Brunswick County, North Carolina",0.116288543,5.42125182,0.251924813,0.133809407,0.030760066,0.106836811
37021,"Buncombe County, North Carolina",0.131942707,3.691397311,0.313434576,0.140447528,0.022549246,0.093408694
37023,"Burke County, North Carolina",0.078631225,4.699305038,0.278675948,0.137547947,0.036550745,0.099084349
37025,"Cabarrus County, North Carolina",0.089400329,5.293409091,0.217832986,0.077120187,0.036675228,0.114119575
37027,"Caldwell County, North Carolina",0.107259503,3.320101266,0.292403487,0.148100872,0.040525943,0.111327658
37029,"Camden County, North Carolina",0.109326101,6.561743341,0.180315164,0.090157582,0.044172512,0.082390103
37031,"Carteret County, North Carolina",0.143561224,4.645934379,0.311238246,0.154862892,0.020971888,0.082180568
37033,"Caswell County, North Carolina",0.075973211,5.167642363,0.254848948,0.138356647,0.032049625,0.076335878
37035,"Catawba County, North Carolina",0.086909546,4.358630173,0.268442941,0.126097886,0.03554069,0.120159036
37037,"Chatham County, North Carolina",0.109312426,6.043905532,0.254248177,0.16048312,0.020443469,0.087027198
37039,"Cherokee County, North Carolina",0.112720569,4.259629967,0.302633642,0.154883211,0.031050918,0.107896254
37041,"Chowan County, North Carolina",0.105369807,4.777419355,0.320785071,0.162805663,0.019095789,0.113772455
37043,"Clay County, North Carolina",0.193114455,4.184568835,0.334832379,0.213000818,0.030619684,0.15992758
37045,"Cleveland County, North Carolina",0.092691828,3.755067399,0.282522493,0.137501026,0.047052218,0.10753272
37047,"Columbus County, North Carolina",0.082662145,3.418881939,0.325514725,0.178472765,0.041562098,0.083432063
37049,"Craven County, North Carolina",0.079237014,4.493198681,0.298629402,0.142888499,0.02672876,0.127153244
37051,"Cumberland County, North Carolina",0.078107275,3.818100299,0.327650006,0.101802832,0.043852586,0.126642573
37053,"Currituck County, North Carolina",0.162642498,6.207002188,0.190493338,0.099207778,0.030552477,0.116648178
37055,"Dare County, North Carolina",0.202247781,4.753066231,0.290902307,0.148436043,0.015462745,0.107613573
37057,"Davidson County, North Carolina",0.10676212,4.63688922,0.256397376,0.126765558,0.04172123,0.124074837
37059,"Davie County, North Carolina",0.10020202,4.424426766,0.285098373,0.145251397,0.048050042,0.131595637
37061,"Duplin County, North Carolina",0.124129342,5.717858114,0.27182217,0.129479028,0.04723228,0.151706253
37063,"Durham County, North Carolina",0.069632236,4.046433546,0.34872923,0.096095786,0.022976642,0.116756908
37065,"Edgecombe County, North Carolina",0.07924973,3.697931034,0.28,0.163979328,0.044619168,0.121882086
37067,"Forsyth County, North Carolina",0.084612364,4.232119165,0.324802738,0.119069081,0.030962123,0.118603153
37069,"Franklin County, North Carolina",0.094270435,5.460889846,0.227212632,0.103010615,0.03005403,0.098420831
37071,"Gaston County, North Carolina",0.074771151,4.086275575,0.282592588,0.125139615,0.03984507,0.112926136
37073,"Gates County, North Carolina",0.101973684,3.528932355,0.305743243,0.182432432,0.026551107,0.101542416
37075,"Graham County, North Carolina",0.115421003,3.825307951,0.315193457,0.133060711,0.073299416,0.140587768
37077,"Granville County, North Carolina",0.067622799,4.38930056,0.247105324,0.110950942,0.032086634,0.092743627
37079,"Greene County, North Carolina",0.07034244,2.737483674,0.322390696,0.155012513,0.034836066,0.108496732
37081,"Guilford County, North Carolina",0.085957418,3.989569807,0.310283096,0.109902502,0.028096178,0.110980372
37083,"Halifax County, North Carolina",0.088216003,4.032345013,0.320919609,0.171954913,0.040505213,0.129424856
37085,"Harnett County, North Carolina",0.084199642,4.195728403,0.264173804,0.102778358,0.033370242,0.115032378
37087,"Haywood County, North Carolina",0.111602999,3.997671033,0.314716212,0.170914996,0.034680748,0.112396543
37089,"Henderson County, North Carolina",0.135755398,4.919285274,0.281428052,0.149816139,0.026387592,0.122633996
37091,"Hertford County, North Carolina",0.063982414,3.568250758,0.351490482,0.164372082,0.037910577,0.168572311
37093,"Hoke County, North Carolina",0.079841568,4.893982074,0.321411179,0.094908284,0.042245917,0.12775989
37095,"Hyde County, North Carolina",0.288652482,3.194539249,0.307692308,0.182817183,0.005456634,0.251540041
37097,"Iredell County, North Carolina",0.104767214,5.330866875,0.236693593,0.0950675,0.03432275,0.110988697
37099,"Jackson County, North Carolina",0.100862294,3.59806785,0.315160399,0.124823815,0.032788821,0.09438021
37101,"Johnston County, North Carolina",0.096322727,5.156372763,0.225402144,0.097585247,0.035714553,0.113688873
37103,"Jones County, North Carolina",0.108864697,4.272727273,0.315334207,0.152817824,0.040521439,0.15821763
37105,"Lee County, North Carolina",0.069093455,3.968253968,0.245322245,0.112640333,0.037248553,0.129718098
37107,"Lenoir County, North Carolina",0.08259548,3.329197218,0.345643062,0.16585043,0.029988893,0.143657528
37109,"Lincoln County, North Carolina",0.104589089,5.105846529,0.232197078,0.096362074,0.033858927,0.095281007
37111,"Mcdowell County, North Carolina",0.093545469,5.412280702,0.24758029,0.116970963,0.037235657,0.123248387
37113,"Macon County, North Carolina",0.140239247,4.041363636,0.333716784,0.173818014,0.028748762,0.087109101
37115,"Madison County, North Carolina",0.107050952,4.20336062,0.302355866,0.167278324,0.020083975,0.087277702
37117,"Martin County, North Carolina",0.085314839,3.592928377,0.327368195,0.188812688,0.034635819,0.13611898
37119,"Mecklenburg County, North Carolina",0.092859059,4.432619494,0.327273257,0.078021156,0.028522831,0.118687195
37121,"Mitchell County, North Carolina",0.091771184,3.983342906,0.320882852,0.206667696,0.013987373,0.153693407
37123,"Montgomery County, North Carolina",0.096464785,4.759722222,0.277222514,0.1472909,0.029621635,0.122300548
37125,"Moore County, North Carolina",0.129620265,5.513807048,0.287085348,0.142429754,0.017075599,0.099199433
37127,"Nash County, North Carolina",0.074861603,3.778395199,0.312385892,0.151879978,0.04106136,0.093576504
37129,"New Hanover County, North Carolina",0.142542154,4.331240786,0.335633908,0.131282821,0.012137262,0.09202355
37131,"Northampton County, North Carolina",0.134851138,4.307692308,0.360980839,0.211041136,0.059095331,0.091576436
37133,"Onslow County, North Carolina",0.089917735,5.880314201,0.222478841,0.073807546,0.033880518,0.184355541
37135,"Orange County, North Carolina",0.111101891,5.836868687,0.287013361,0.104116397,0.019818561,0.117029921
37137,"Pamlico County, North Carolina",0.144192256,3.35178117,0.325341131,0.170955166,0.037494582,0.059368192
37139,"Pasquotank County, North Carolina",0.101083235,4.434321458,0.278433407,0.123459992,0.022102556,0.14697996
37141,"Pender County, North Carolina",0.131124491,4.518623213,0.26872474,0.124774271,0.037748884,0.130024951
37143,"Perquimans County, North Carolina",0.1453125,6.592105263,0.281429598,0.15625,0.020059752,0.102601156
37145,"Person County, North Carolina",0.080704564,4.332624867,0.281058306,0.151868145,0.035186625,0.088989442
37147,"Pitt County, North Carolina",0.084288771,3.734078822,0.318379,0.096378529,0.034564971,0.116291704
37149,"Polk County, North Carolina",0.172571028,4.667318026,0.317527222,0.179721344,0.030801105,0.104871238
37151,"Randolph County, North Carolina",0.093473377,4.191994382,0.274537517,0.125684331,0.035288086,0.145638068
37153,"Richmond County, North Carolina",0.0577203,2.906896552,0.322192111,0.154049985,0.047588424,0.12853608
37155,"Robeson County, North Carolina",0.067449218,3.948555957,0.30814651,0.119339434,0.050693539,0.1039293
37157,"Rockingham County, North Carolina",0.104216348,3.736436407,0.307879101,0.142262981,0.034271665,0.10562722
37159,"Rowan County, North Carolina",0.089943364,4.229127748,0.273199336,0.129287506,0.048204128,0.129799602
37161,"Rutherford County, North Carolina",0.110191703,3.670616448,0.302515891,0.160088304,0.040911625,0.150367932
37163,"Sampson County, North Carolina",0.17992661,4.614097469,0.272026174,0.134330451,0.048429355,0.13754256
37165,"Scotland County, North Carolina",0.084194745,3.129766298,0.334996728,0.150932592,0.0443184,0.144805129
37167,"Stanly County, North Carolina",0.109920317,4.392838961,0.273167038,0.137466874,0.03817651,0.127615063
37169,"Stokes County, North Carolina",0.076034991,4.154889654,0.305744222,0.156268099,0.03391162,0.098463772
37171,"Surry County, North Carolina",0.100163687,4.64699652,0.291514315,0.146222835,0.036630273,0.138109992
37173,"Swain County, North Carolina",0.09645464,3.380448319,0.277269529,0.123328642,0.04500846,0.096319154
37175,"Transylvania County, North Carolina",0.150746689,4.900742115,0.279662788,0.166655055,0.015665361,0.113722159
37177,"Tyrrell County, North Carolina",0.066101695,4.73566879,0.253145818,0.143597335,0.009519868,0.163198248
37179,"Union County, North Carolina",0.105649176,7.853058371,0.162923098,0.069140786,0.036965998,0.126324238
37181,"Vance County, North Carolina",0.068548165,2.997482838,0.295664579,0.136140917,0.056902124,0.113853334
37183,"Wake County, North Carolina",0.086657165,5.540347028,0.265741689,0.077835618,0.024388069,0.098030207
37185,"Warren County, North Carolina",0.09796725,2.905361305,0.345693469,0.180978402,0.039911477,0.107021009
37187,"Washington County, North Carolina",0.111225276,3.223385689,0.394731468,0.201347764,0.019228183,0.17029703
37189,"Watauga County, North Carolina",0.133426754,4.423355956,0.303246202,0.113286779,0.012848347,0.114010773
37191,"Wayne County, North Carolina",0.067165067,4.217227013,0.285756885,0.124603293,0.043903903,0.1520411
37193,"Wilkes County, North Carolina",0.100042005,4.570750237,0.288450952,0.1488128,0.030927835,0.115300785
37195,"Wilson County, North Carolina",0.080940176,4.17204764,0.327964816,0.145445535,0.031920938,0.10594297
37197,"Yadkin County, North Carolina",0.103846154,4.899912715,0.283501684,0.156296296,0.020069487,0.091664905
37199,"Yancey County, North Carolina",0.161122661,6.483848315,0.287695636,0.164143021,0.032692457,0.086372361
38001,"Adams County, North Dakota",0.270398482,6.093023256,0.384152457,0.186559679,0.0331785,0.141442716
38003,"Barnes County, North Dakota",0.137742053,4.806016598,0.402902698,0.154333606,0.024573576,0.126884714
38005,"Benson County, North Dakota",0.109863281,5.323809524,0.242910647,0.092027822,0.116533865,0.144010767
38007,"Billings County, North Dakota",0.28436019,6.309859155,0.2125,0.128125,0,0.151624549
38009,"Bottineau County, North Dakota",0.230088496,5.212454212,0.345962495,0.184845006,0.012490992,0.112046058
38011,"Bowman County, North Dakota",0.203910615,5.912844037,0.361111111,0.18013468,0.011777302,0.093155894
38013,"Burke County, North Dakota",0.19829222,8.109489051,0.344210526,0.161052632,0.002793296,0.118037135
38015,"Burleigh County, North Dakota",0.100382616,5.605596269,0.311821487,0.120070202,0.014434736,0.115860849
38017,"Cass County, North Dakota",0.072798968,5.703833841,0.343248852,0.084824854,0.007357164,0.087064275
38019,"Cavalier County, North Dakota",0.26368452,5.356466877,0.377880184,0.204739961,0.008498584,0.151860289
38021,"Dickey County, North Dakota",0.2,5.2275,0.326200418,0.120041754,0.008748318,0.1053209
38023,"Divide County, North Dakota",0.257606491,6.5625,0.338121547,0.123756906,0.046008119,0.047979798
38025,"Dunn County, North Dakota",0.14793518,5.886287625,0.349631614,0.158070998,0.017986988,0.098601913
38027,"Eddy County, North Dakota",0.240723982,4.020746888,0.43082637,0.212627669,0.006373486,0.109296482
38029,"Emmons County, North Dakota",0.255887969,6.480769231,0.39261745,0.204697987,0.007017544,0.099627561
38031,"Foster County, North Dakota",0.211836283,7.405982906,0.339142091,0.143431635,0.000896861,0.083737024
38033,"Golden Valley County, North Dakota",0.227160494,6.046052632,0.218424963,0.153046062,0.001650165,0.038406828
38035,"Grand Forks County, North Dakota",0.06643948,4.29817375,0.365218806,0.118659509,0.014963068,0.097125775
38037,"Grant County, North Dakota",0.307545368,7.237804878,0.383962264,0.219811321,0.008094645,0.168656716
38039,"Griggs County, North Dakota",0.303697183,5.602209945,0.346278317,0.200647249,0.01774398,0.146464646
38041,"Hettinger County, North Dakota",0.272090989,5.525,0.404739336,0.236018957,0.004151839,0.047674419
38043,"Kidder County, North Dakota",0.23255814,5.719387755,0.442844284,0.198919892,0.024761905,0.167369902
38045,"LaMoure County, North Dakota",0.226451928,7.625441696,0.308598351,0.190812721,0.004987531,0.121359223
38047,"Logan County, North Dakota",0.309218203,7.966386555,0.346753247,0.164935065,0.002375297,0.181818182
38049,"McHenry County, North Dakota",0.217665615,7.766272189,0.309688581,0.174307958,0.005733945,0.086272382
38051,"McIntosh County, North Dakota",0.260263362,8.418918919,0.380553227,0.222129086,0.029136888,0.071794872
38053,"McKenzie County, North Dakota",0.122455045,6.67603912,0.298878505,0.077196262,0.0259362,0.095255609
38055,"McLean County, North Dakota",0.156243045,7.973561431,0.266762452,0.121408046,0.017046312,0.117816922
38057,"Mercer County, North Dakota",0.050013301,7.37258348,0.26979638,0.127262443,0.013153153,0.044840295
38059,"Morton County, North Dakota",0.123077768,7.022315202,0.252561281,0.118995219,0.008281372,0.101392573
38061,"Mountrail County, North Dakota",0.12970139,5.434414669,0.328341339,0.077705567,0.042713107,0.132469826
38063,"Nelson County, North Dakota",0.221083455,5.827004219,0.409406322,0.206630686,0.005278311,0.140407288
38065,"Oliver County, North Dakota",0.128205128,9.198198198,0.1747851,0.094555874,0.017813765,0.097345133
38067,"Pembina County, North Dakota",0.15399061,7.065957447,0.374873354,0.196217494,0.009301319,0.137792103
38069,"Pierce County, North Dakota",0.213555675,5.691131498,0.348134991,0.168146832,0,0.02232436
38071,"Ramsey County, North Dakota",0.130405059,5.496527778,0.397306397,0.187363834,0.0126369,0.124499684
38073,"Ransom County, North Dakota",0.164613662,5.352459016,0.348956114,0.187047294,0.022846133,0.142243437
38075,"Renville County, North Dakota",0.226381462,5.288557214,0.26193248,0.100116414,0.012903226,0.153762268
38077,"Richland County, North Dakota",0.134093313,4.760869565,0.320749152,0.144373986,0.011456628,0.085283019
38079,"Rolette County, North Dakota",0.074156306,2.704483074,0.218647764,0.083696838,0.091150719,0.177583286
38081,"Sargent County, North Dakota",0.158577607,6.092150171,0.347575058,0.124133949,0.005971338,0.14116095
38083,"Sheridan County, North Dakota",0.279809221,5.157024793,0.363354037,0.23136646,0.022222222,0.239130435
38085,"Sioux County, North Dakota",0.179342723,1.963380282,0.23400191,0.044890162,0.152091255,0.140102828
38087,"Slope County, North Dakota",0.50952381,15.87096774,0.273504274,0.128205128,0.007949126,0.105022831
38089,"Stark County, North Dakota",0.115414454,5.39758096,0.309848485,0.105378788,0.016685147,0.112951358
38091,"Steele County, North Dakota",0.324162679,5.464052288,0.31424581,0.177374302,0.029166667,0.065830721
38093,"Stutsman County, North Dakota",0.107314815,4.785983827,0.414160263,0.160043908,0.005029521,0.107159515
38095,"Towner County, North Dakota",0.219074599,5.932098765,0.331950207,0.171161826,0.011667811,0.148989899
38097,"Traill County, North Dakota",0.127448609,6.572183099,0.322678843,0.136073059,0.00944344,0.106895513
38099,"Walsh County, North Dakota",0.168522073,5.24494382,0.337586747,0.157824043,0.005847098,0.136374608
38101,"Ward County, North Dakota",0.098565994,5.335804299,0.321293782,0.104370216,0.025981191,0.127877993
38103,"Wells County, North Dakota",0.230134159,4.754098361,0.416111111,0.232777778,0.000366435,0.155416013
38105,"Williams County, North Dakota",0.10363332,3.703198611,0.319315341,0.08923649,0.021485022,0.088207823
39001,"Adams County, Ohio",0.092096482,4.108554996,0.264570025,0.151744472,0.055871432,0.07881549
39003,"Allen County, Ohio",0.059325882,3.151486428,0.331140297,0.151466798,0.028289749,0.105106936
39005,"Ashland County, Ohio",0.07046586,4.999570539,0.26999707,0.121105577,0.023680918,0.092846271
39007,"Ashtabula County, Ohio",0.086078413,2.987120897,0.311162417,0.148927339,0.031304292,0.123629083
39009,"Athens County, Ohio",0.077043022,3.357272398,0.355858648,0.119697104,0.025506423,0.098643256
39011,"Auglaize County, Ohio",0.079682606,5.819783198,0.274366317,0.131191006,0.029144469,0.063531272
39013,"Belmont County, Ohio",0.05059775,3.871254001,0.322553323,0.158081158,0.021028454,0.08420923
39015,"Brown County, Ohio",0.08197065,4.009219554,0.263592405,0.119589574,0.038960106,0.176021614
39017,"Butler County, Ohio",0.071386329,4.788708931,0.265055073,0.109917252,0.034617228,0.09743856
39019,"Carroll County, Ohio",0.122692179,3.705760095,0.296081022,0.121708498,0.026822288,0.117039013
39021,"Champaign County, Ohio",0.104976466,4.032464455,0.255572636,0.116320779,0.041594663,0.135514343
39023,"Clark County, Ohio",0.078134323,3.292648108,0.303541467,0.154197261,0.037676316,0.1224163
39025,"Clermont County, Ohio",0.086228631,4.284693241,0.268038495,0.128663314,0.032699275,0.106043037
39027,"Clinton County, Ohio",0.098626469,4.307431615,0.274923734,0.137888957,0.053620337,0.088639277
39029,"Columbiana County, Ohio",0.078811676,3.296308558,0.321883106,0.153184165,0.027700913,0.118022585
39031,"Coshocton County, Ohio",0.082296034,4.65939251,0.277834317,0.128706154,0.036440935,0.183199204
39033,"Crawford County, Ohio",0.074274702,3.442706296,0.297941435,0.148502862,0.036641051,0.080165083
39035,"Cuyahoga County, Ohio",0.079053029,3.220150492,0.392993749,0.151857008,0.025411945,0.097137548
39037,"Darke County, Ohio",0.093087595,4.951519069,0.291163322,0.158708266,0.021317174,0.127135014
39039,"Defiance County, Ohio",0.081114123,5.035469449,0.260974971,0.103000917,0.030900751,0.092454027
39041,"Delaware County, Ohio",0.100842468,6.908447911,0.198200265,0.087998369,0.017532105,0.063622643
39043,"Erie County, Ohio",0.084939169,3.63442271,0.307821699,0.139862318,0.023584149,0.102105655
39045,"Fairfield County, Ohio",0.082166069,4.678382413,0.232157758,0.107147114,0.030840346,0.092875047
39047,"Fayette County, Ohio",0.108191654,3.522113022,0.292512909,0.133907057,0.035284951,0.103015771
39049,"Franklin County, Ohio",0.072292209,3.841923758,0.328700545,0.095452149,0.02837009,0.096936573
39051,"Fulton County, Ohio",0.077221764,5.321794517,0.261900528,0.125318632,0.025998212,0.061330214
39053,"Gallia County, Ohio",0.084702694,4.200522534,0.285145537,0.148190746,0.03683836,0.072957399
39055,"Geauga County, Ohio",0.144072026,7.700766846,0.212762946,0.113020583,0.018543111,0.13882994
39057,"Greene County, Ohio",0.075295769,4.684006822,0.282293287,0.109548881,0.026631262,0.090805669
39059,"Guernsey County, Ohio",0.086696562,3.145916439,0.319208166,0.140117538,0.03002451,0.117185814
39061,"Hamilton County, Ohio",0.073124965,3.971113977,0.352396475,0.124181112,0.02579328,0.104345165
39063,"Hancock County, Ohio",0.075691489,3.914025974,0.318029544,0.132693105,0.022283404,0.089231073
39065,"Hardin County, Ohio",0.095535907,5.054788961,0.279896907,0.123453608,0.03515694,0.086236385
39067,"Harrison County, Ohio",0.086076395,3.295713511,0.317468529,0.159682704,0.03396072,0.08591214
39069,"Henry County, Ohio",0.09166544,3.483419531,0.28347795,0.130870382,0.021844799,0.086749956
39071,"Highland County, Ohio",0.095825676,3.976129032,0.245625599,0.127876318,0.039803748,0.12098798
39073,"Hocking County, Ohio",0.088045361,3.616676665,0.221916837,0.113396578,0.044353295,0.114420063
39075,"Holmes County, Ohio",0.167901593,9.35243553,0.175529518,0.083445997,0.02175682,0.413609991
39077,"Huron County, Ohio",0.073042526,3.657482185,0.304338414,0.133962591,0.038296703,0.100851139
39079,"Jackson County, Ohio",0.072510192,4.613152805,0.242913354,0.109451538,0.048672783,0.081270183
39081,"Jefferson County, Ohio",0.05856322,3.428222855,0.330923516,0.163645127,0.025705314,0.067824247
39083,"Knox County, Ohio",0.104129946,5.249130267,0.268071116,0.133494831,0.028442402,0.10654638
39085,"Lake County, Ohio",0.078249832,3.838244715,0.316479401,0.145725102,0.018994681,0.090815503
39087,"Lawrence County, Ohio",0.060199403,3.455591348,0.288532621,0.157648631,0.049304644,0.09839438
39089,"Licking County, Ohio",0.082564055,4.861564122,0.236068353,0.10770535,0.03296979,0.090592071
39091,"Logan County, Ohio",0.086774579,4.840990991,0.253130217,0.109401085,0.030500051,0.109093053
39093,"Lorain County, Ohio",0.066312635,4.075467948,0.317147217,0.144478355,0.025422079,0.101519457
39095,"Lucas County, Ohio",0.073556445,3.25259314,0.34695644,0.127150836,0.027345978,0.113511079
39097,"Madison County, Ohio",0.097062896,2.930629669,0.256158281,0.105018344,0.031763607,0.094954738
39099,"Mahoning County, Ohio",0.085672751,3.409763677,0.348727664,0.155015104,0.022135478,0.089695005
39101,"Marion County, Ohio",0.07079646,2.787127533,0.318439891,0.153460051,0.023997323,0.126665141
39103,"Medina County, Ohio",0.07860992,5.675401794,0.240786718,0.111821574,0.017834544,0.065991638
39105,"Meigs County, Ohio",0.093690019,3.297423888,0.31676667,0.142420469,0.023869776,0.0843697
39107,"Mercer County, Ohio",0.097956566,7.471400394,0.275433779,0.133004619,0.022275972,0.084821906
39109,"Miami County, Ohio",0.08202408,4.848943489,0.280915927,0.126993115,0.021951255,0.086778064
39111,"Monroe County, Ohio",0.11369509,5.099001664,0.310548977,0.138858988,0.01582349,0.082179741
39113,"Montgomery County, Ohio",0.071423187,3.17055221,0.354219467,0.144907964,0.028077055,0.103587138
39115,"Morgan County, Ohio",0.081643836,3.855953905,0.283719286,0.138235814,0.045596975,0.135492701
39117,"Morrow County, Ohio",0.109446405,4.606900619,0.218650734,0.090455302,0.027423835,0.112829149
39119,"Muskingum County, Ohio",0.078919411,3.075702543,0.302234169,0.129223388,0.029101566,0.095245297
39121,"Noble County, Ohio",0.127502383,2.213646055,0.334653465,0.23520352,0.047623842,0.085771658
39123,"Ottawa County, Ohio",0.082602531,4.425209692,0.319199778,0.160266741,0.016947383,0.058491277
39125,"Paulding County, Ohio",0.078601595,4.272066459,0.285770751,0.135704875,0.024196913,0.077601654
39127,"Perry County, Ohio",0.068321748,3.822680412,0.223468701,0.097449705,0.041571576,0.09178093
39129,"Pickaway County, Ohio",0.099617893,3.883507853,0.264116921,0.126411692,0.034025142,0.118322889
39131,"Pike County, Ohio",0.068651217,3.911929825,0.272320152,0.138161029,0.072158252,0.07807038
39133,"Portage County, Ohio",0.081352155,4.110007143,0.300371139,0.126218783,0.025134501,0.087185778
39135,"Preble County, Ohio",0.077189287,4.549005158,0.263458991,0.134228592,0.040210319,0.077741703
39137,"Putnam County, Ohio",0.103090393,7.812933025,0.2389508,0.129103176,0.017389244,0.054489742
39139,"Richland County, Ohio",0.071549007,3.537168856,0.32323395,0.148672317,0.023968566,0.108208201
39141,"Ross County, Ohio",0.060516466,3.137897885,0.303094876,0.134246575,0.027376854,0.152386611
39143,"Sandusky County, Ohio",0.064943026,3.976441516,0.292079208,0.116399035,0.023835234,0.089140175
39145,"Scioto County, Ohio",0.088613286,3.856299753,0.297145915,0.142347485,0.049222241,0.088747231
39147,"Seneca County, Ohio",0.083748791,3.956973294,0.302829758,0.127567321,0.04516816,0.092791196
39149,"Shelby County, Ohio",0.071505779,5.137947725,0.255981504,0.116242809,0.027116787,0.117998582
39151,"Stark County, Ohio",0.081802949,3.550539529,0.308688344,0.136227293,0.022515515,0.082226608
39153,"Summit County, Ohio",0.080363783,3.813182584,0.324149846,0.135014324,0.025594303,0.094526191
39155,"Trumbull County, Ohio",0.089223759,3.357283853,0.334575857,0.160908727,0.028688958,0.08706196
39157,"Tuscarawas County, Ohio",0.083192636,4.682617301,0.283898978,0.148303066,0.027370612,0.081975604
39159,"Union County, Ohio",0.085101835,5.825693607,0.195195195,0.063107225,0.028520317,0.067642455
39161,"Van Wert County, Ohio",0.077047452,4.440725244,0.274215669,0.136893537,0.025118693,0.098791515
39163,"Vinton County, Ohio",0.084101157,4.135057471,0.249020376,0.112068966,0.045454545,0.076587494
39165,"Warren County, Ohio",0.088777343,6.058458166,0.197036119,0.085738435,0.023365533,0.077989434
39167,"Washington County, Ohio",0.08028711,3.625707239,0.310291609,0.152140362,0.028623133,0.098245289
39169,"Wayne County, Ohio",0.094558786,5.311437806,0.274849568,0.128851287,0.025026502,0.139280164
39171,"Williams County, Ohio",0.071739499,3.625030555,0.317079514,0.142318445,0.033661775,0.08313413
39173,"Wood County, Ohio",0.068077397,4.348093055,0.316880847,0.117051942,0.026963563,0.071910926
39175,"Wyandot County, Ohio",0.062699353,4.698185291,0.277221109,0.14907593,0.034758601,0.07275624
40001,"Adair County, Oklahoma",0.07867206,3.600794439,0.279205607,0.137704439,0.050311203,0.137712981
40003,"Alfalfa County, Oklahoma",0.165168008,2.902900378,0.283214872,0.151995626,0.025571003,0.099411765
40005,"Atoka County, Oklahoma",0.165902293,3.187534172,0.243193069,0.123349835,0.036511602,0.133195663
40007,"Beaver County, Oklahoma",0.126324714,4.543157895,0.253039954,0.121598147,0.019467878,0.151279199
40009,"Beckham County, Oklahoma",0.134384121,2.637810945,0.302758018,0.108199176,0.021587537,0.151838294
40011,"Blaine County, Oklahoma",0.15693904,3.948689956,0.3238123,0.16176042,0.022090517,0.096440873
40013,"Bryan County, Oklahoma",0.08760121,3.082944531,0.267432139,0.111755198,0.039918373,0.120955363
40015,"Caddo County, Oklahoma",0.135816194,3.011684518,0.306737004,0.148587757,0.047598601,0.127177089
40017,"Canadian County, Oklahoma",0.092982101,4.910443551,0.218277087,0.092273535,0.032662293,0.082229462
40019,"Carter County, Oklahoma",0.095806421,3.170979986,0.319404419,0.14110364,0.02886406,0.152844091
40021,"Cherokee County, Oklahoma",0.104963704,3.799038059,0.281553938,0.130495193,0.045079856,0.169901639
40023,"Choctaw County, Oklahoma",0.103249097,3.528387097,0.360378984,0.182601206,0.051177996,0.173230192
40025,"Cimarron County, Oklahoma",0.310599078,5.314917127,0.301861702,0.219414894,0.047195622,0.019826518
40027,"Cleveland County, Oklahoma",0.100163372,4.202043997,0.277738918,0.109495497,0.031457172,0.113404938
40029,"Coal County, Oklahoma",0.116049383,3.070889894,0.331253,0.180028805,0.048549618,0.161623109
40031,"Comanche County, Oklahoma",0.08179235,3.285934727,0.311350694,0.101375228,0.043599941,0.123861522
40033,"Cotton County, Oklahoma",0.123845508,3.579470199,0.3115727,0.176063304,0.052238806,0.150316456
40035,"Craig County, Oklahoma",0.134062674,3.143196673,0.287867079,0.151081917,0.027842485,0.171774401
40037,"Creek County, Oklahoma",0.095218255,4.093782929,0.260137357,0.11916417,0.045330129,0.095820591
40039,"Custer County, Oklahoma",0.085210922,4.50465707,0.31046729,0.087850467,0.030889842,0.143291095
40041,"Delaware County, Oklahoma",0.166397114,3.965256125,0.293742479,0.161612515,0.050863411,0.16970254
40043,"Dewey County, Oklahoma",0.175268817,3.688284519,0.308132147,0.126429479,0.053816794,0.131744919
40045,"Ellis County, Oklahoma",0.191798107,5.30420712,0.322946176,0.20184136,0.016619376,0.161236424
40047,"Garfield County, Oklahoma",0.103166969,4.119586942,0.296535797,0.123829519,0.024888235,0.185006754
40049,"Garvin County, Oklahoma",0.122479186,3.181991122,0.318090046,0.138703816,0.053708278,0.082758621
40051,"Grady County, Oklahoma",0.107074187,4.958877412,0.228778111,0.114019979,0.037555271,0.098634812
40053,"Grant County, Oklahoma",0.081688596,3.91646778,0.365308804,0.187910644,0.022273425,0.090606262
40055,"Greer County, Oklahoma",0.151421189,2.680821918,0.37055336,0.209486166,0.040011432,0.082923833
40057,"Harmon County, Oklahoma",0.210045662,4.169291339,0.235849057,0.120545073,0.075555556,0.118764846
40059,"Harper County, Oklahoma",0.124911785,4.98089172,0.271604938,0.179423868,0.073515551,0.135665529
40061,"Haskell County, Oklahoma",0.182970209,4.090118577,0.259628154,0.133244799,0.037052173,0.125560538
40063,"Hughes County, Oklahoma",0.106258758,2.180785124,0.339056894,0.196309585,0.02816568,0.077774541
40065,"Jackson County, Oklahoma",0.109141531,4.41227312,0.320691408,0.122419929,0.03945221,0.115763547
40067,"Jefferson County, Oklahoma",0.163558106,2.73054755,0.344545891,0.192215281,0.036578171,0.181282723
40069,"Johnston County, Oklahoma",0.072346003,2.793548387,0.289534585,0.148881461,0.041593625,0.162032269
40071,"Kay County, Oklahoma",0.094568792,2.814440305,0.304954305,0.152116402,0.038212928,0.151789304
40073,"Kingfisher County, Oklahoma",0.115790977,7.083070452,0.249637681,0.136956522,0.031470848,0.102992345
40075,"Kiowa County, Oklahoma",0.133194898,3.369959677,0.266241651,0.146326655,0.034996277,0.196591854
40077,"Latimer County, Oklahoma",0.108206858,3.801762115,0.269470405,0.133956386,0.043507363,0.063630491
40079,"Le Flore County, Oklahoma",0.109295473,3.125412541,0.267956266,0.136248949,0.046778494,0.119307248
40081,"Lincoln County, Oklahoma",0.141646993,4.393521296,0.264825536,0.133781881,0.039896859,0.118957803
40083,"Logan County, Oklahoma",0.14782724,5.550074368,0.198717949,0.10972511,0.029309232,0.101031742
40085,"Love County, Oklahoma",0.111111111,4.292292292,0.280249593,0.142702116,0.032080363,0.174311927
40087,"Mcclain County, Oklahoma",0.129786496,6.475159236,0.214345828,0.118275393,0.034429639,0.073544192
40089,"Mccurtain County, Oklahoma",0.107836788,3.666772152,0.29413331,0.142983935,0.056370824,0.105055368
40091,"Mcintosh County, Oklahoma",0.113683209,3.142019271,0.306617846,0.156495796,0.045984059,0.116106504
40093,"Major County, Oklahoma",0.161036692,7.563850688,0.245342596,0.130091569,0.030422185,0.097923875
40095,"Marshall County, Oklahoma",0.115695659,3.379217997,0.278659612,0.14356261,0.042520804,0.116701461
40097,"Mayes County, Oklahoma",0.113952229,3.776513427,0.260389095,0.132543674,0.050763078,0.109959441
40099,"Murray County, Oklahoma",0.102352941,3.563442211,0.284443566,0.119786519,0.046014034,0.0733422
40101,"Muskogee County, Oklahoma",0.083846915,3.225419664,0.30678178,0.139503086,0.048772578,0.090682587
40103,"Noble County, Oklahoma",0.094063545,4.406193078,0.262391355,0.134366925,0.031702374,0.209270433
40105,"Nowata County, Oklahoma",0.138847118,4.529147982,0.282085923,0.122939746,0.037864887,0.154957983
40107,"Okfuskee County, Oklahoma",0.089971642,3.447087777,0.267114441,0.111857401,0.048211291,0.189307946
40109,"Oklahoma County, Oklahoma",0.107718494,3.626289951,0.315688912,0.10789348,0.030532171,0.120151069
40111,"Okmulgee County, Oklahoma",0.085718106,3.247447162,0.29192591,0.141314453,0.048664292,0.146593674
40113,"Osage County, Oklahoma",0.10499687,4.062967581,0.277906356,0.14871521,0.040508102,0.117639396
40115,"Ottawa County, Oklahoma",0.081122614,3.471733086,0.295613586,0.152329749,0.038115966,0.112804878
40117,"Pawnee County, Oklahoma",0.113792577,4.617471873,0.247524752,0.120657828,0.044448955,0.092134013
40119,"Payne County, Oklahoma",0.074329067,4.781920507,0.345727475,0.087271928,0.01743819,0.121969862
40121,"Pittsburg County, Oklahoma",0.093692022,3.547937014,0.290393013,0.132785567,0.041511615,0.09372535
40123,"Pontotoc County, Oklahoma",0.083698382,3.596387033,0.288426458,0.118573069,0.027507518,0.094795803
40125,"Pottawatomie County, Oklahoma",0.104538878,3.441102154,0.269131784,0.123760503,0.033293779,0.094186331
40127,"Pushmataha County, Oklahoma",0.149658003,3.62310757,0.302435564,0.144951525,0.059651568,0.169029057
40129,"Roger Mills County, Oklahoma",0.244594595,5.72147651,0.270919067,0.138545953,0.01659751,0.070689655
40131,"Rogers County, Oklahoma",0.091723752,4.591438864,0.221332726,0.106492693,0.035750541,0.095018892
40133,"Seminole County, Oklahoma",0.084440786,3.115566898,0.290299906,0.13952671,0.0657277,0.113158277
40135,"Sequoyah County, Oklahoma",0.097411579,3.281160605,0.292312834,0.143716578,0.058485022,0.104406204
40137,"Stephens County, Oklahoma",0.110366373,4.17111835,0.282879286,0.146665101,0.035319767,0.135725869
40139,"Texas County, Oklahoma",0.086782897,3.749745677,0.261325564,0.085360524,0.034746352,0.168917229
40141,"Tillman County, Oklahoma",0.096670247,3.55801105,0.35105973,0.196917148,0.046458665,0.117895726
40143,"Tulsa County, Oklahoma",0.101895552,3.70635283,0.310337652,0.117247329,0.032400473,0.118568662
40145,"Wagoner County, Oklahoma",0.107985924,4.697019449,0.226051984,0.108422522,0.034586349,0.09645638
40147,"Washington County, Oklahoma",0.070535637,3.609780439,0.305332288,0.156635954,0.023531569,0.151901529
40149,"Washita County, Oklahoma",0.125866779,3.313400576,0.275827978,0.144340089,0.025761124,0.167269691
40151,"Woods County, Oklahoma",0.127031019,3.633456335,0.370621136,0.137179865,0.014288716,0.156518967
40153,"Woodward County, Oklahoma",0.118938992,3.528553027,0.288997128,0.126639191,0.031836866,0.155672823
41001,"Baker County, Oregon",0.140988836,3.504859086,0.345088521,0.176470588,0.028420871,0.130405098
41003,"Benton County, Oregon",0.106092144,5.091473092,0.275750931,0.100758196,0.014441486,0.11701151
41005,"Clackamas County, Oregon",0.118516833,4.754680439,0.232426825,0.115203995,0.024542303,0.109693053
41007,"Clatsop County, Oregon",0.135089988,2.919675246,0.344601647,0.148904094,0.021222023,0.137381196
41009,"Columbia County, Oregon",0.08764008,3.919576897,0.232161298,0.110794197,0.032886135,0.179062732
41011,"Coos County, Oregon",0.126733436,2.972503618,0.309955476,0.17969724,0.025733922,0.143767444
41013,"Crook County, Oregon",0.129734513,3.745408486,0.243999611,0.129336313,0.03130205,0.091932036
41015,"Curry County, Oregon",0.159628665,3.389196676,0.264890563,0.171869394,0.008034818,0.094402807
41017,"Deschutes County, Oregon",0.169694635,4.193457775,0.25248831,0.108872007,0.019434432,0.119722155
41019,"Douglas County, Oregon",0.11042579,3.682317073,0.277410147,0.141775875,0.028664299,0.169202736
41021,"Gilliam County, Oregon",0.148379052,2.814126394,0.421113689,0.240139211,0.012221423,0.153703704
41023,"Grant County, Oregon",0.163778457,4.484810127,0.321852732,0.216745843,0.006822058,0.105288695
41025,"Harney County, Oregon",0.172655008,4.682496608,0.300128949,0.143455835,0.005449591,0.123201439
41027,"Hood River County, Oregon",0.154647997,5.24278607,0.289191282,0.121473614,0.026154047,0.207302862
41029,"Jackson County, Oregon",0.13260749,3.267442676,0.289031555,0.155013574,0.029283957,0.112226303
41031,"Jefferson County, Oregon",0.136870131,3.460625674,0.208124782,0.095914329,0.038983708,0.231971831
41033,"Josephine County, Oregon",0.153818584,3.51264881,0.279177023,0.146064623,0.033936948,0.144062564
41035,"Klamath County, Oregon",0.094976068,3.02103879,0.307386646,0.152167743,0.025309324,0.101701166
41037,"Lake County, Oregon",0.175631886,2.884780739,0.349583829,0.198275862,0.021705157,0.09901915
41039,"Lane County, Oregon",0.119819676,3.255465844,0.29595703,0.126855839,0.026522967,0.13648268
41041,"Lincoln County, Oregon",0.144725717,2.851679104,0.341591425,0.193790864,0.022999353,0.170829744
41043,"Linn County, Oregon",0.093795393,3.794267604,0.254064552,0.114047733,0.026724467,0.124376972
41045,"Malheur County, Oregon",0.100997935,2.891962726,0.294413183,0.156450965,0.029732843,0.124229382
41047,"Marion County, Oregon",0.084942939,3.711308342,0.258974567,0.124550462,0.037175426,0.141631089
41049,"Morrow County, Oregon",0.103870842,6.012033694,0.178290883,0.074982147,0.051125036,0.134831461
41051,"Multnomah County, Oregon",0.112205972,3.402870734,0.335335061,0.105131491,0.020188553,0.141526932
41053,"Polk County, Oregon",0.091967088,3.997590889,0.242536155,0.121283595,0.034553475,0.129833087
41055,"Sherman County, Oregon",0.151664612,3.502164502,0.342857143,0.137662338,0.046458492,0.095076401
41057,"Tillamook County, Oregon",0.167676211,3.521575442,0.292397153,0.176011109,0.012451762,0.109128258
41059,"Umatilla County, Oregon",0.074810913,3.560712555,0.233644519,0.115272409,0.031672862,0.127102525
41061,"Union County, Oregon",0.121915189,4.409836066,0.270747664,0.147570093,0.021547442,0.133301708
41063,"Wallowa County, Oregon",0.213353566,4.37485172,0.31030266,0.138489758,0.020309298,0.160505381
41065,"Wasco County, Oregon",0.093513058,3.35964068,0.308352403,0.150076278,0.027551439,0.11751663
41067,"Washington County, Oregon",0.08976575,4.859954164,0.247807685,0.099399449,0.026593985,0.117951079
41069,"Wheeler County, Oregon",0.15010142,3.574257426,0.318910256,0.217948718,0.024533857,0.225255973
41071,"Yamhill County, Oregon",0.111622417,4.082501602,0.23038232,0.118683381,0.032879666,0.13450343
42001,"Adams County, Pennsylvania",0.082389151,5.088328076,0.249012648,0.12773084,0.032134412,0.097463986
42003,"Allegheny County, Pennsylvania",0.067142783,4.701742395,0.367777478,0.149542645,0.01647888,0.107427543
42005,"Armstrong County, Pennsylvania",0.077025012,5.479724837,0.285878921,0.146180718,0.026175806,0.122720365
42007,"Beaver County, Pennsylvania",0.073646983,4.669491525,0.322837817,0.153418797,0.021356141,0.097889868
42009,"Bedford County, Pennsylvania",0.09189919,4.994771539,0.296356855,0.164989014,0.025147883,0.119542324
42011,"Berks County, Pennsylvania",0.07520031,4.580691012,0.272246144,0.125522727,0.03715006,0.105282168
42013,"Blair County, Pennsylvania",0.073244531,4.021610518,0.31278787,0.15867713,0.025330987,0.096932595
42015,"Bradford County, Pennsylvania",0.095489388,4.405513176,0.29079266,0.142646033,0.028123642,0.103404234
42017,"Bucks County, Pennsylvania",0.09781323,6.431046714,0.23835047,0.116150935,0.030112588,0.077083217
42019,"Butler County, Pennsylvania",0.086237412,5.826556503,0.295635869,0.139002844,0.019431595,0.085485621
42021,"Cambria County, Pennsylvania",0.067166895,4.327348296,0.346050665,0.170324625,0.017382586,0.097587597
42023,"Cameron County, Pennsylvania",0.102762431,2.960127592,0.35520362,0.163800905,0.019450448,0.15625
42025,"Carbon County, Pennsylvania",0.064080068,3.8837345,0.279536419,0.158540245,0.030895546,0.124580818
42027,"Centre County, Pennsylvania",0.071112897,5.193683064,0.328129021,0.109873896,0.014740279,0.119420517
42029,"Chester County, Pennsylvania",0.100117336,7.20610106,0.230199081,0.105357339,0.020563475,0.087282207
42031,"Clarion County, Pennsylvania",0.087074125,5.877902622,0.270596975,0.14215289,0.015232129,0.115656067
42033,"Clearfield County, Pennsylvania",0.085539715,4.056161666,0.304023188,0.149806244,0.022170426,0.122785785
42035,"Clinton County, Pennsylvania",0.083025935,4.503953148,0.264098945,0.146736573,0.025836603,0.144655996
42037,"Columbia County, Pennsylvania",0.083101852,4.093564356,0.308872401,0.14174202,0.023021223,0.090936031
42039,"Crawford County, Pennsylvania",0.111849207,4.01825629,0.293362659,0.138712302,0.027875204,0.126468735
42041,"Cumberland County, Pennsylvania",0.072948997,5.113667932,0.304210354,0.128569095,0.02122839,0.079773805
42043,"Dauphin County, Pennsylvania",0.072959817,4.53296592,0.313399544,0.116846328,0.035618818,0.107956186
42045,"Delaware County, Pennsylvania",0.078334594,5.325134663,0.291382689,0.12745039,0.031992808,0.106036344
42047,"Elk County, Pennsylvania",0.054843019,4.36808582,0.347719689,0.162995921,0.017615112,0.114989068
42049,"Erie County, Pennsylvania",0.076558832,4.05033356,0.31830389,0.14091017,0.025895992,0.126578246
42051,"Fayette County, Pennsylvania",0.080790243,4.064148869,0.318710523,0.15231993,0.030036723,0.101182109
42053,"Forest County, Pennsylvania",0.094478528,2.556213018,0.38340564,0.226681128,0.012787724,0.113580247
42055,"Franklin County, Pennsylvania",0.093381674,5.518002955,0.262161212,0.128451803,0.029127755,0.112732436
42057,"Fulton County, Pennsylvania",0.08765809,5.754400671,0.288279465,0.146261835,0.026367087,0.13121345
42059,"Greene County, Pennsylvania",0.066301062,4.033683643,0.282653865,0.142079243,0.025641026,0.092326667
42061,"Huntingdon County, Pennsylvania",0.088806459,4.768104777,0.282987762,0.147232262,0.03390293,0.12293381
42063,"Indiana County, Pennsylvania",0.077791169,4.808103295,0.32377265,0.141180115,0.022927972,0.106127075
42065,"Jefferson County, Pennsylvania",0.094874755,4.482100801,0.316072816,0.168109668,0.024957089,0.095689277
42067,"Juniata County, Pennsylvania",0.10743726,5.731078905,0.255874379,0.143809309,0.027372023,0.147724536
42069,"Lackawanna County, Pennsylvania",0.07079672,4.135292614,0.323052244,0.152430145,0.023635227,0.130644973
42071,"Lancaster County, Pennsylvania",0.098996065,7.015669917,0.242812984,0.118863284,0.022534248,0.142241104
42073,"Lawrence County, Pennsylvania",0.080105951,4.139002159,0.316617037,0.154732419,0.032416985,0.112425437
42075,"Lebanon County, Pennsylvania",0.084098373,5.328350426,0.260047795,0.13384387,0.024562101,0.119901487
42077,"Lehigh County, Pennsylvania",0.07072233,5.28772859,0.262457794,0.1148565,0.036320136,0.11499584
42079,"Luzerne County, Pennsylvania",0.069691331,4.110371239,0.318977739,0.14851291,0.030190952,0.134375108
42081,"Lycoming County, Pennsylvania",0.070132942,4.485376662,0.299332677,0.139197024,0.023720332,0.116123215
42083,"Mckean County, Pennsylvania",0.069758179,4.31862105,0.312346996,0.147636683,0.027840482,0.117561998
42085,"Mercer County, Pennsylvania",0.082591432,4.416617962,0.325996949,0.160797559,0.018399617,0.091011619
42087,"Mifflin County, Pennsylvania",0.089547317,4.449304175,0.26799914,0.12653127,0.022416695,0.140699664
42089,"Monroe County, Pennsylvania",0.082672292,4.771092718,0.22369022,0.105932705,0.045752952,0.149121734
42091,"Montgomery County, Pennsylvania",0.086911261,6.351113266,0.265569643,0.124684543,0.024977087,0.086748997
42093,"Montour County, Pennsylvania",0.098381357,5.550464807,0.289663304,0.139132713,0.030367695,0.082526441
42095,"Northampton County, Pennsylvania",0.075037204,5.118813841,0.263307416,0.130715045,0.024701633,0.07954555
42097,"Northumberland County, Pennsylvania",0.078242204,4.738077403,0.314890801,0.16418266,0.02084922,0.123091335
42099,"Perry County, Pennsylvania",0.087398192,5.331505484,0.254400531,0.133510462,0.031167979,0.126714528
42101,"Philadelphia County, Pennsylvania",0.068112501,3.482906488,0.373321459,0.120463521,0.042955622,0.157233682
42103,"Pike County, Pennsylvania",0.081728582,5.57506567,0.271530698,0.123212784,0.028246135,0.133731809
42105,"Potter County, Pennsylvania",0.130218251,5.202513966,0.281273692,0.152994693,0.022753845,0.100235849
42107,"Schuylkill County, Pennsylvania",0.072463993,4.02566956,0.292417569,0.140716304,0.025108225,0.121553368
42109,"Snyder County, Pennsylvania",0.099382398,5.66463621,0.255162855,0.148371448,0.021600033,0.129095218
42111,"Somerset County, Pennsylvania",0.101896241,4.943972582,0.280563614,0.161037436,0.019268726,0.088017977
42113,"Sullivan County, Pennsylvania",0.114207221,3.871584699,0.344841592,0.173030057,0.026848592,0.084549572
42115,"Susquehanna County, Pennsylvania",0.100642398,4.410576668,0.2917972,0.152164184,0.024199581,0.100678468
42117,"Tioga County, Pennsylvania",0.119704247,4.963949422,0.271543147,0.139359585,0.032721556,0.091911258
42119,"Union County, Pennsylvania",0.122363119,4.66171108,0.307931132,0.161021733,0.01369453,0.112893936
42121,"Venango County, Pennsylvania",0.077715916,4.066799782,0.294189373,0.139661398,0.031744213,0.120429088
42123,"Warren County, Pennsylvania",0.075562979,4.229182202,0.314516627,0.143623913,0.022363975,0.139888268
42125,"Washington County, Pennsylvania",0.083868505,4.796952158,0.30787844,0.145401376,0.02130544,0.089242197
42127,"Wayne County, Pennsylvania",0.116180421,4.166821131,0.305616043,0.163315947,0.028317373,0.107107723
42129,"Westmoreland County, Pennsylvania",0.081835769,5.167391445,0.317155778,0.152861254,0.017847286,0.085097054
42131,"Wyoming County, Pennsylvania",0.081009296,5.165978909,0.274564331,0.132925473,0.034352456,0.109239355
42133,"York County, Pennsylvania",0.076840033,5.062961815,0.254330889,0.124166167,0.031170688,0.094051656
44001,"Bristol County, Rhode Island",0.124283792,5.23180593,0.295050331,0.147551244,0.022730054,0.074108867
44003,"Kent County, Rhode Island",0.07435653,3.674825539,0.296527653,0.135445089,0.026164602,0.079259043
44005,"Newport County, Rhode Island",0.107055441,4.410052587,0.312999497,0.159056614,0.021823464,0.073627596
44007,"Providence County, Rhode Island",0.074268062,3.796499621,0.31558736,0.128479902,0.029535875,0.120682791
44009,"Washington County, Rhode Island",0.104775137,4.937887656,0.258876833,0.122642243,0.025445353,0.058438685
45001,"Abbeville County, South Carolina",0.0586316,4.732313576,0.301247401,0.154469854,0.043478261,0.112367839
45003,"Aiken County, South Carolina",0.085923588,4.258608235,0.280616753,0.117931197,0.037019468,0.100568014
45005,"Allendale County, South Carolina",0.059582543,2.938016529,0.386956522,0.19068323,0.032499066,0.122863741
45007,"Anderson County, South Carolina",0.087446456,4.863844266,0.27119214,0.122675932,0.03612868,0.107745213
45009,"Bamberg County, South Carolina",0.142177275,4.066734075,0.352060738,0.20802603,0.05037693,0.100970365
45011,"Barnwell County, South Carolina",0.061421435,3.581530343,0.360465116,0.158475186,0.030958774,0.133872542
45013,"Beaufort County, South Carolina",0.150953123,6.486119941,0.256973185,0.133893027,0.021010771,0.126380426
45015,"Berkeley County, South Carolina",0.098007836,4.378873505,0.242714874,0.094620391,0.03820471,0.099758002
45017,"Calhoun County, South Carolina",0.07825384,5.099489796,0.327339943,0.16064527,0.055059065,0.057568894
45019,"Charleston County, South Carolina",0.119786512,4.379682399,0.330935126,0.113233796,0.022533801,0.100674757
45021,"Cherokee County, South Carolina",0.077688749,4.249249893,0.342963172,0.133925216,0.046771511,0.110141604
45023,"Chester County, South Carolina",0.069667348,4.099932705,0.299767261,0.144375485,0.056754909,0.123243243
45025,"Chesterfield County, South Carolina",0.085326866,4.080863235,0.316429072,0.126957233,0.066399769,0.073705048
45027,"Clarendon County, South Carolina",0.097892651,4.392445328,0.323091407,0.182557343,0.061880473,0.129173382
45029,"Colleton County, South Carolina",0.125295357,3.084354056,0.324092999,0.132920286,0.053767837,0.161869919
45031,"Darlington County, South Carolina",0.063181905,3.446692091,0.337423068,0.1429542,0.039552771,0.093212502
45033,"Dillon County, South Carolina",0.058073654,4.831899025,0.284961181,0.115115499,0.061683127,0.200363265
45035,"Dorchester County, South Carolina",0.0815413,5.416914543,0.242520634,0.086219886,0.039669338,0.083787487
45037,"Edgefield County, South Carolina",0.074641577,4.628571429,0.252898011,0.128682335,0.05481155,0.112943024
45039,"Fairfield County, South Carolina",0.078314558,4.754692557,0.323706652,0.136213758,0.054285915,0.073387506
45041,"Florence County, South Carolina",0.086259161,4.254555011,0.316533956,0.126713115,0.049662528,0.110415551
45043,"Georgetown County, South Carolina",0.151726784,4.166973603,0.2814553,0.168619617,0.041898883,0.136673326
45045,"Greenville County, South Carolina",0.096483366,4.706800886,0.285668104,0.105296436,0.03229541,0.104249995
45047,"Greenwood County, South Carolina",0.054499064,3.898757555,0.348191027,0.145260492,0.036535923,0.10919958
45049,"Hampton County, South Carolina",0.079081282,4.902494331,0.334556748,0.155279503,0.054116292,0.167395693
45051,"Horry County, South Carolina",0.127727367,3.948583809,0.288201541,0.13864717,0.028224779,0.100994417
45053,"Jasper County, South Carolina",0.088448247,3.971223022,0.285375159,0.120305214,0.047809178,0.126588662
45055,"Kershaw County, South Carolina",0.100110619,5.508537059,0.264550893,0.112246919,0.035102273,0.096624943
45057,"Lancaster County, South Carolina",0.079808753,5.743630155,0.261446705,0.133824189,0.031577001,0.09162703
45059,"Laurens County, South Carolina",0.086215145,4.495804196,0.281593353,0.119695617,0.047787238,0.145828781
45061,"Lee County, South Carolina",0.09583926,3.634944238,0.374436574,0.154217643,0.043966412,0.108956797
45063,"Lexington County, South Carolina",0.091952509,4.68235383,0.266952045,0.106418478,0.034038031,0.097106547
45065,"McCormick County, South Carolina",0.081213607,6.674311927,0.307575374,0.170509248,0.020822351,0.047058824
45067,"Marion County, South Carolina",0.100453662,3.071161049,0.356432125,0.155916844,0.052844215,0.10147562
45069,"Marlboro County, South Carolina",0.063438691,3.699896158,0.421853535,0.174891683,0.044780443,0.077824598
45071,"Newberry County, South Carolina",0.091712837,4.879912664,0.27044653,0.131030811,0.026068646,0.090702626
45073,"Oconee County, South Carolina",0.135353346,5.061931818,0.287515042,0.123646209,0.02712814,0.143011182
45075,"Orangeburg County, South Carolina",0.100580271,3.912027599,0.355156484,0.159604736,0.036643961,0.095941099
45077,"Pickens County, South Carolina",0.088257317,5.139817025,0.278143064,0.120379015,0.036972281,0.102826269
45079,"Richland County, South Carolina",0.078056602,3.79169376,0.335244521,0.105416467,0.035269925,0.115282419
45081,"Saluda County, South Carolina",0.133905259,7.288494078,0.243041412,0.12233537,0.033568475,0.135996039
45083,"Spartanburg County, South Carolina",0.079476705,4.621256442,0.260124089,0.110053113,0.038230952,0.117010506
45085,"Sumter County, South Carolina",0.079990483,5.196541091,0.312486253,0.128992839,0.043770283,0.089569308
45087,"Union County, South Carolina",0.068358838,3.594515539,0.337132988,0.125561313,0.047991009,0.153625845
45089,"Williamsburg County, South Carolina",0.066810703,3.654044118,0.366030503,0.188849071,0.042231542,0.104179471
45091,"York County, South Carolina",0.082912039,5.367118523,0.244319485,0.092255052,0.03389956,0.104207603
46003,"Aurora County, South Dakota",0.186246418,7.906040268,0.312440646,0.156695157,0.013084112,0.084681256
46005,"Beadle County, South Dakota",0.120163371,6.569640063,0.305387613,0.126964933,0.038711354,0.160155687
46007,"Bennett County, South Dakota",0.201649863,3.518656716,0.222879684,0.106508876,0.084322299,0.055424528
46009,"Bon Homme County, South Dakota",0.168811506,4.202962963,0.308202154,0.176470588,0.020543548,0.164857881
46011,"Brookings County, South Dakota",0.078777129,6.388800845,0.35313482,0.098009876,0.011660908,0.11020521
46013,"Brown County, South Dakota",0.115414258,4.394410833,0.362519489,0.147178048,0.018442083,0.095865788
46015,"Brule County, South Dakota",0.222264151,5.334203655,0.338610827,0.175689479,0.030266344,0.193052392
46017,"Buffalo County, South Dakota",0.168918919,3.882978723,0.284552846,0.073170732,0.119047619,0.103926097
46019,"Butte County, South Dakota",0.140340575,5.565972222,0.264348249,0.128891051,0.007427619,0.141645462
46021,"Campbell County, South Dakota",0.262123198,13.25806452,0.319826339,0.182344428,0.003724395,0.036016949
46023,"Charles Mix County, South Dakota",0.248116394,5.800356506,0.296321296,0.134660817,0.054284606,0.114624506
46025,"Clark County, South Dakota",0.328253968,5.195512821,0.314705882,0.15,0.032423208,0.084427767
46027,"Clay County, South Dakota",0.088743757,4.348931841,0.342688331,0.093611521,0.023237179,0.093530639
46029,"Codington County, South Dakota",0.119179061,5.575367647,0.327907933,0.145334977,0.014250028,0.074955976
46031,"Corson County, South Dakota",0.309443508,2.923809524,0.230625584,0.083099907,0.140461216,0.091836735
46033,"Custer County, South Dakota",0.1747851,5.667057444,0.271879855,0.176074573,0.017865185,0.070850202
46035,"Davison County, South Dakota",0.130739001,4.900621118,0.391927083,0.160274621,0.006030478,0.078714763
46037,"Day County, South Dakota",0.189939638,4.646,0.355195911,0.183560477,0.016362149,0.077246453
46039,"Deuel County, South Dakota",0.14549763,6.774193548,0.307520891,0.162674095,0.013939839,0.121760096
46041,"Dewey County, South Dakota",0.132616487,2.516129032,0.24,0.088358209,0.126572008,0.140934844
46043,"Douglas County, South Dakota",0.237206086,9.159235669,0.268337976,0.137418756,0.01299435,0.082612872
46045,"Edmunds County, South Dakota",0.279142708,9.166666667,0.26848249,0.129701686,0.004165089,0.066121842
46047,"Fall River County, South Dakota",0.205318075,2.663747811,0.390251475,0.188761254,0.016650718,0.073436083
46049,"Faulk County, South Dakota",0.29250264,6.969924812,0.386928105,0.218300654,0,0.114977307
46051,"Grant County, South Dakota",0.143424186,9.502392344,0.270537776,0.159023425,0.001017708,0.1260561
46053,"Gregory County, South Dakota",0.252341311,5.66442953,0.378531073,0.190207156,0.008876882,0.129280224
46055,"Haakon County, South Dakota",0.314426634,8.920792079,0.300423131,0.19887165,0,0.019031142
46057,"Hamlin County, South Dakota",0.165997323,6.9697733,0.232450023,0.075313808,0.005187672,0.142278253
46059,"Hand County, South Dakota",0.272335182,6.995495495,0.339105339,0.182539683,0.017982018,0.091629956
46061,"Hanson County, South Dakota",0.171195652,17.28571429,0.226039783,0.08318264,0.052980132,0.086625087
46063,"Harding County, South Dakota",0.358974359,9.9375,0.291505792,0.071428571,0.022641509,0.249240122
46065,"Hughes County, South Dakota",0.124796173,3.641912513,0.316792861,0.139940508,0.007273372,0.144025506
46067,"Hutchinson County, South Dakota",0.198057205,5.982110912,0.319003753,0.136472194,0.007564297,0.076976422
46069,"Hyde County, South Dakota",0.204389575,11.01612903,0.240295749,0.105360444,0.013348165,0.074954296
46071,"Jackson County, South Dakota",0.187651332,5.651315789,0.238095238,0.141496599,0.10663199,0.120629371
46073,"Jerauld County, South Dakota",0.140495868,11.45555556,0.336437718,0.211874272,0.014470678,0.067431851
46075,"Jones County, South Dakota",0.182377049,7.381818182,0.309711286,0.141732283,0.008210181,0.085987261
46077,"Kingsbury County, South Dakota",0.196921863,5.955223881,0.32900649,0.145282077,0.01236476,0.087764584
46079,"Lake County, South Dakota",0.151081531,5.571106095,0.295474517,0.124121265,0.004728132,0.064054726
46081,"Lawrence County, South Dakota",0.118971061,4.511382114,0.35349368,0.153441011,0.006315051,0.108660999
46083,"Lincoln County, South Dakota",0.103202176,7.39749053,0.218391252,0.075534109,0.011479592,0.073100097
46085,"Lyman County, South Dakota",0.211096076,4.270462633,0.266611296,0.100498339,0.055555556,0.117943548
46087,"McCook County, South Dakota",0.193735104,6.241706161,0.243462579,0.101893598,0.021239453,0.104248795
46089,"McPherson County, South Dakota",0.218283582,6.011363636,0.401376147,0.17087156,0.033355134,0.067258883
46091,"Marshall County, South Dakota",0.165763324,8.759656652,0.348711803,0.213900539,0.020692116,0.077537058
46093,"Meade County, South Dakota",0.10679091,5.569364162,0.256042032,0.106567426,0.015948963,0.110469373
46095,"Mellette County, South Dakota",0.26746167,2.12195122,0.341384863,0.127214171,0.07535461,0.2825
46097,"Miner County, South Dakota",0.190730838,4.80861244,0.336263736,0.169230769,0.015404365,0.082366589
46099,"Minnehaha County, South Dakota",0.075545713,4.337920743,0.315883686,0.104772992,0.015807311,0.091166988
46101,"Moody County, South Dakota",0.197659298,5.858050847,0.279254264,0.13407378,0.036242981,0.128301887
46102,"Oglala Lakota County, South Dakota",0.058973542,1.490333919,0.124813711,0.020864382,0.214345149,0.164051355
46103,"Pennington County, South Dakota",0.116829313,3.569073337,0.317049232,0.130562805,0.02411941,0.113019493
46105,"Perkins County, South Dakota",0.379987334,6.297413793,0.286176233,0.175424414,0.020854527,0.059006211
46107,"Potter County, South Dakota",0.244914565,6.565445026,0.31237911,0.16827853,0.005451242,0.147665581
46109,"Roberts County, South Dakota",0.159226875,4.103487064,0.273025417,0.119704837,0.062871708,0.077918259
46111,"Sanborn County, South Dakota",0.251792829,4.836633663,0.349307774,0.165069223,0,0.073199528
46115,"Spink County, South Dakota",0.204537871,5.460038986,0.343626287,0.158353127,0.01345507,0.114931238
46117,"Stanley County, South Dakota",0.110268378,5.611353712,0.374495561,0.125100888,0.046710196,0.089573128
46119,"Sully County, South Dakota",0.281528662,5.836206897,0.3639399,0.20033389,0.00534188,0.217142857
46121,"Todd County, South Dakota",0.067944251,2.918544194,0.260074782,0.067303698,0.165048544,0.165814878
46123,"Tripp County, South Dakota",0.222811671,4.472945892,0.314823313,0.175768701,0.016311861,0.127769191
46125,"Turner County, South Dakota",0.158071749,6.395384615,0.281812899,0.146426496,0.02512112,0.110514415
46127,"Union County, South Dakota",0.104619725,6.392425463,0.249748816,0.102052533,0.006960999,0.070378745
46129,"Walworth County, South Dakota",0.175987485,5.628701595,0.31092437,0.099579832,0.002802691,0.102691924
46135,"Yankton County, South Dakota",0.125884136,5.157866667,0.342629482,0.140668097,0.013077594,0.092847531
46137,"Ziebach County, South Dakota",0.297949337,1.814285714,0.193265007,0.073206442,0.149546828,0.281927711
47001,"Anderson County, Tennessee",0.08249613,3.864164223,0.28991207,0.129720224,0.03063745,0.107447827
47003,"Bedford County, Tennessee",0.088052471,3.449902118,0.235150793,0.099788835,0.039552765,0.211159045
47005,"Benton County, Tennessee",0.093724263,2.76814882,0.340409739,0.183491686,0.03257269,0.054515867
47007,"Bledsoe County, Tennessee",0.135659605,3.338141026,0.210472068,0.099360957,0.057884427,0.178139535
47009,"Blount County, Tennessee",0.087383415,4.637826665,0.263936696,0.119088596,0.031026914,0.070628413
47011,"Bradley County, Tennessee",0.092602386,3.892458573,0.267198839,0.118771166,0.038698706,0.133481646
47013,"Campbell County, Tennessee",0.106403876,3.25605121,0.267240849,0.134604737,0.056613961,0.102678928
47015,"Cannon County, Tennessee",0.112024825,3.952693824,0.31807939,0.14283238,0.024796922,0.106057747
47017,"Carroll County, Tennessee",0.108890941,3.775856649,0.294709186,0.144591411,0.048643171,0.114184944
47019,"Carter County, Tennessee",0.088965666,3.228005464,0.329908104,0.149874687,0.05374597,0.084626234
47021,"Cheatham County, Tennessee",0.129246144,4.108657244,0.214922333,0.091800357,0.050253315,0.156607062
47023,"Chester County, Tennessee",0.071885211,3.522028689,0.26252866,0.133639044,0.081620727,0.060046189
47025,"Claiborne County, Tennessee",0.084138891,3.677984371,0.327546554,0.13546999,0.074795726,0.112559018
47027,"Clay County, Tennessee",0.191053829,4.304785894,0.319934102,0.177594728,0.053945864,0.116956318
47029,"Cocke County, Tennessee",0.080468378,3.141497462,0.256616484,0.131023579,0.046345295,0.142833066
47031,"Coffee County, Tennessee",0.108341064,3.336786809,0.288069108,0.139274538,0.03508723,0.12240971
47033,"Crockett County, Tennessee",0.131493255,3.810118265,0.220558329,0.102237012,0.039044557,0.068443051
47035,"Cumberland County, Tennessee",0.118759922,4.71951584,0.277375515,0.155062939,0.03683428,0.11856696
47037,"Davidson County, Tennessee",0.105818263,3.537857228,0.361844692,0.101670835,0.027998692,0.118644436
47039,"Decatur County, Tennessee",0.097533379,4.227755102,0.267247307,0.157689663,0.044830267,0.108026388
47041,"De Kalb County, Tennessee",0.085142306,3.936206168,0.255502392,0.126555024,0.052848318,0.122388938
47043,"Dickson County, Tennessee",0.100774599,4.14486814,0.224752816,0.119582862,0.029758791,0.104869092
47045,"Dyer County, Tennessee",0.113233544,3.129654554,0.325136612,0.13954918,0.048824434,0.084320709
47047,"Fayette County, Tennessee",0.120850889,5.143846564,0.240557992,0.115009747,0.034836276,0.121281158
47049,"Fentress County, Tennessee",0.140246435,2.838961039,0.342973577,0.165899829,0.060198527,0.076885084
47051,"Franklin County, Tennessee",0.092452056,3.833476211,0.30746322,0.142414676,0.038819933,0.090435914
47053,"Gibson County, Tennessee",0.099675325,4.157512116,0.281632244,0.12281933,0.032080777,0.115399875
47055,"Giles County, Tennessee",0.107742573,3.032597266,0.286730482,0.156318609,0.034479257,0.100414469
47057,"Grainger County, Tennessee",0.133182844,3.562267972,0.296035806,0.14183717,0.044763886,0.172194396
47059,"Greene County, Tennessee",0.081567797,3.422553093,0.295640278,0.156136372,0.046351655,0.090611806
47061,"Grundy County, Tennessee",0.105956578,3.958785249,0.250151057,0.109768379,0.024520377,0.153645833
47063,"Hamblen County, Tennessee",0.09312819,4.063445051,0.285850292,0.125788409,0.043962572,0.092599869
47065,"Hamilton County, Tennessee",0.094337043,4.014434006,0.303590618,0.12412686,0.028589223,0.117382745
47067,"Hancock County, Tennessee",0.087952359,3.661684783,0.357016614,0.209968187,0.016338406,0.144450641
47069,"Hardeman County, Tennessee",0.091542289,2.568160153,0.363747364,0.135087135,0.022578692,0.073679845
47071,"Hardin County, Tennessee",0.117824489,3.74984127,0.289828488,0.138769146,0.021768402,0.049034498
47073,"Hawkins County, Tennessee",0.082949519,3.650791346,0.264077244,0.137809963,0.04301695,0.051862069
47075,"Haywood County, Tennessee",0.075674188,2.785002373,0.330555556,0.131527778,0.04652383,0.110011939
47077,"Henderson County, Tennessee",0.121734632,3.100273973,0.301294589,0.138586197,0.070792971,0.053032643
47079,"Henry County, Tennessee",0.108539256,3.655978975,0.336252189,0.162719866,0.025224396,0.068815988
47081,"Hickman County, Tennessee",0.10508797,3.881643423,0.245310734,0.126214689,0.026488411,0.193278377
47083,"Houston County, Tennessee",0.096715328,2.809049774,0.340052875,0.151685393,0.031155589,0.224009901
47085,"Humphreys County, Tennessee",0.117541383,4.145771144,0.274460164,0.163961281,0.038530612,0.141287527
47087,"Jackson County, Tennessee",0.128648874,2.453475936,0.346246443,0.177719413,0.024864599,0.140264454
47089,"Jefferson County, Tennessee",0.093761127,4.381540066,0.249411426,0.129870754,0.052400066,0.10298261
47091,"Johnson County, Tennessee",0.110024829,3.235319331,0.293903681,0.136476066,0.031418945,0.179116797
47093,"Knox County, Tennessee",0.082501877,4.112622778,0.307885364,0.114164297,0.032284215,0.09098906
47095,"Lake County, Tennessee",0.112733645,1.541818182,0.416790859,0.123199205,0.023186556,0.117969822
47097,"Lauderdale County, Tennessee",0.080473373,2.994275492,0.303495124,0.116905884,0.039385457,0.140042317
47099,"Lawrence County, Tennessee",0.110047588,3.814563929,0.272749333,0.141955836,0.032469928,0.087376751
47101,"Lewis County, Tennessee",0.127217242,4.046564885,0.315198108,0.158486103,0.049465573,0.090606421
47103,"Lincoln County, Tennessee",0.090115373,3.840891817,0.29621085,0.142128076,0.040824415,0.083808396
47105,"Loudon County, Tennessee",0.087787509,5.532960447,0.257971272,0.1383466,0.030212501,0.088198572
47107,"McMinn County, Tennessee",0.110536012,3.720395787,0.266745172,0.118605747,0.053507142,0.093081629
47109,"McNairy County, Tennessee",0.079090257,3.562662338,0.284519261,0.178043995,0.035305458,0.088758839
47111,"Macon County, Tennessee",0.095801301,4.338217338,0.265058926,0.108358795,0.050344149,0.174771042
47113,"Madison County, Tennessee",0.08497227,3.709650408,0.316003063,0.123072996,0.05119363,0.144097222
47115,"Marion County, Tennessee",0.110420416,3.869281046,0.250277802,0.104453372,0.048141892,0.114930409
47117,"Marshall County, Tennessee",0.109534094,3.829654635,0.268376987,0.109685844,0.040379492,0.087145294
47119,"Maury County, Tennessee",0.094034438,4.634952695,0.249652699,0.10588265,0.029857286,0.09317572
47121,"Meigs County, Tennessee",0.099081103,3.575738916,0.278953444,0.139861485,0.042382722,0.186271871
47123,"Monroe County, Tennessee",0.101392849,3.681859617,0.277192243,0.131903457,0.037147585,0.133646514
47125,"Montgomery County, Tennessee",0.078770708,4.350510428,0.241966349,0.070209012,0.04259668,0.103256701
47127,"Moore County, Tennessee",0.108527132,5.624137931,0.2544957,0.121579359,0.029392118,0.1007848
47129,"Morgan County, Tennessee",0.072893873,3.658141517,0.268433667,0.149866065,0.059872887,0.109779793
47131,"Obion County, Tennessee",0.092065868,3.76753208,0.322675809,0.154760006,0.04016956,0.106274474
47133,"Overton County, Tennessee",0.1314577,4.003137255,0.284013605,0.154761905,0.044784308,0.102238717
47135,"Perry County, Tennessee",0.13372093,7.086486486,0.216316858,0.130331754,0.015668719,0.137484836
47137,"Pickett County, Tennessee",0.096266044,4.883299799,0.345124717,0.175510204,0.019525802,0.109317682
47139,"Polk County, Tennessee",0.097707424,4.240778689,0.256161104,0.099985917,0.024954098,0.138726334
47141,"Putnam County, Tennessee",0.099474514,4.316798043,0.279839917,0.104237314,0.022602547,0.124918461
47143,"Rhea County, Tennessee",0.081642031,3.688082902,0.215552417,0.115662272,0.052026995,0.125325364
47145,"Roane County, Tennessee",0.090206186,3.850341191,0.275733285,0.16022955,0.043604336,0.10374701
47147,"Robertson County, Tennessee",0.0909699,4.60404463,0.205973337,0.09203064,0.037112633,0.08284186
47149,"Rutherford County, Tennessee",0.080958591,5.046202907,0.221810464,0.072010448,0.035503575,0.133843751
47151,"Scott County, Tennessee",0.109836066,3.454855842,0.253656838,0.115857906,0.051404971,0.116818182
47153,"Sequatchie County, Tennessee",0.108903145,4.84073107,0.200506329,0.112236287,0.055351941,0.127558404
47155,"Sevier County, Tennessee",0.112065099,4.236162362,0.244704527,0.104862148,0.039656557,0.154171654
47157,"Shelby County, Tennessee",0.075380363,3.673122831,0.336844223,0.114213375,0.04048861,0.114399822
47159,"Smith County, Tennessee",0.093124456,4.304930589,0.257101903,0.115715403,0.047619048,0.088718363
47161,"Stewart County, Tennessee",0.148939961,3.879654255,0.329679091,0.180586008,0.024152969,0.152069517
47163,"Sullivan County, Tennessee",0.089992197,3.3421013,0.313784684,0.148501665,0.032240791,0.080024282
47165,"Sumner County, Tennessee",0.096276468,4.589882899,0.235927695,0.093190971,0.029852435,0.108505365
47167,"Tipton County, Tennessee",0.081596596,5.161429694,0.200259322,0.093981937,0.044581911,0.083713981
47169,"Trousdale County, Tennessee",0.052518547,2.464307139,0.286036036,0.10472973,0.032773109,0.189853958
47171,"Unicoi County, Tennessee",0.075137687,3.413691726,0.318003658,0.167624771,0.027331711,0.080130826
47173,"Union County, Tennessee",0.10035448,3.879738562,0.198755297,0.095736229,0.04325621,0.092113276
47175,"Van Buren County, Tennessee",0.141339869,3.011853448,0.28759244,0.156943303,0.063185503,0.102439024
47177,"Warren County, Tennessee",0.120843701,3.226999806,0.306490083,0.139153904,0.055926934,0.115297353
47179,"Washington County, Tennessee",0.096845496,4.331276363,0.309492544,0.120307244,0.030893421,0.077241083
47181,"Wayne County, Tennessee",0.129677007,3.048756704,0.272458217,0.158774373,0.021385111,0.094620015
47183,"Weakley County, Tennessee",0.077021096,3.986239904,0.284103892,0.12719933,0.021501419,0.087953942
47185,"White County, Tennessee",0.124621415,3.367526377,0.273142964,0.134751773,0.044585629,0.095378151
47187,"Williamson County, Tennessee",0.140579039,8.817634987,0.181055781,0.083501439,0.019975882,0.071026209
47189,"Wilson County, Tennessee",0.093730752,5.227692075,0.205661646,0.090375566,0.043377473,0.090054161
48001,"Anderson County, Texas",0.099675081,2.59119656,0.244570685,0.109592284,0.031338354,0.117323117
48003,"Andrews County, Texas",0.084304836,7.632819583,0.192488263,0.073148569,0.048034934,0.186953505
48005,"Angelina County, Texas",0.087852669,3.580850131,0.247696546,0.105531457,0.042972947,0.151989165
48007,"Aransas County, Texas",0.18092778,3.440519324,0.311601823,0.136084823,0.031113382,0.122176747
48009,"Archer County, Texas",0.142507346,5.677053824,0.25007425,0.137214137,0.02384766,0.080527086
48011,"Armstrong County, Texas",0.11002445,5.097297297,0.204137931,0.100689655,0.007097792,0.2
48013,"Atascosa County, Texas",0.108429044,4.318895764,0.230527638,0.106092965,0.071050695,0.17233279
48015,"Austin County, Texas",0.132590606,6.871576959,0.206245278,0.094602535,0.026307548,0.095326629
48017,"Bailey County, Texas",0.129852744,6.498542274,0.246249353,0.132953958,0.096365173,0.172632794
48019,"Bandera County, Texas",0.180425809,4.009682417,0.277543366,0.160923582,0.030148811,0.110713795
48021,"Bastrop County, Texas",0.113462047,4.291972378,0.237349289,0.090982892,0.049674447,0.147092731
48023,"Baylor County, Texas",0.311409396,6.191489362,0.314150305,0.186865267,0.041350211,0.11323764
48025,"Bee County, Texas",0.114632502,2.953020134,0.283895831,0.130678501,0.037477049,0.102570262
48027,"Bell County, Texas",0.082908389,4.415633728,0.27075356,0.075006506,0.041893288,0.136468545
48029,"Bexar County, Texas",0.093023838,3.865337028,0.283401747,0.086699565,0.049770141,0.159337637
48031,"Blanco County, Texas",0.160487096,6.031527094,0.249793218,0.108354012,0.025066281,0.128999748
48033,"Borden County, Texas",0.222222222,26.26666667,0.111627907,0.079069767,0.04040404,0.145631068
48035,"Bosque County, Texas",0.114538592,5.395757576,0.269204342,0.144565068,0.040006466,0.082392238
48037,"Bowie County, Texas",0.058342292,3.134516581,0.310009859,0.1468132,0.048506139,0.098197388
48039,"Brazoria County, Texas",0.08572248,5.405231223,0.219025019,0.078026779,0.046937098,0.091503871
48041,"Brazos County, Texas",0.082428932,5.056358481,0.302726883,0.060842054,0.034292566,0.124972204
48043,"Brewster County, Texas",0.161986588,4.664509169,0.415490117,0.141791045,0.012204663,0.204297821
48045,"Briscoe County, Texas",0.177419355,4.780701754,0.397590361,0.17211704,0.022012579,0.269230769
48047,"Brooks County, Texas",0.13293453,5.298210736,0.384238311,0.134992459,0.077114992,0.131277185
48049,"Brown County, Texas",0.10414379,3.598978881,0.29111304,0.124924885,0.039821377,0.129488653
48051,"Burleson County, Texas",0.121428571,6.329553508,0.271552861,0.128394411,0.0510649,0.1480228
48053,"Burnet County, Texas",0.177966102,4.931093152,0.250577057,0.131783778,0.044759825,0.217263003
48055,"Caldwell County, Texas",0.115061032,4.350605327,0.242394114,0.104527076,0.06719772,0.113916141
48057,"Calhoun County, Texas",0.071716025,5.528211285,0.253946551,0.127408328,0.043450117,0.129476248
48059,"Callahan County, Texas",0.147346481,4.546616541,0.303225806,0.141745731,0.050274424,0.15679591
48061,"Cameron County, Texas",0.11225749,5.779375047,0.206997239,0.102083931,0.068474194,0.121204832
48063,"Camp County, Texas",0.096334677,3.481371088,0.22304749,0.123115012,0.034295046,0.151597052
48065,"Carson County, Texas",0.133427462,4.12012987,0.312389381,0.190707965,0.022381873,0.073390558
48067,"Cass County, Texas",0.069505495,4.589870526,0.291066782,0.154379879,0.040021488,0.076122385
48069,"Castro County, Texas",0.095183155,4.970890411,0.186241611,0.074244966,0.074652778,0.221164827
48071,"Chambers County, Texas",0.081492973,6.541601256,0.16711128,0.074504573,0.036961139,0.132405919
48073,"Cherokee County, Texas",0.131922311,4.655824683,0.22358736,0.100448282,0.039630119,0.183608554
48075,"Childress County, Texas",0.154223624,3.91733871,0.237315011,0.123678647,0.013847676,0.038811881
48077,"Clay County, Texas",0.098518055,5.162609542,0.257611798,0.131541389,0.033866819,0.164805954
48079,"Cochran County, Texas",0.114125351,4.579207921,0.303441084,0.139728884,0.058784676,0.186157518
48081,"Coke County, Texas",0.093214019,4.861290323,0.383322125,0.23470074,0.010355696,0.104702751
48083,"Coleman County, Texas",0.120439039,3.18756371,0.347352025,0.202492212,0.021730843,0.289321192
48085,"Collin County, Texas",0.101249428,6.545061663,0.214968398,0.062221933,0.034444831,0.102242862
48087,"Collingsworth County, Texas",0.155436447,4.407563025,0.213163065,0.140471513,0.014662757,0.236956522
48089,"Colorado County, Texas",0.131659315,5.06271777,0.273590022,0.159571584,0.03245702,0.073081608
48091,"Comal County, Texas",0.135396668,6.600128421,0.225260722,0.082586738,0.028835247,0.096505622
48093,"Comanche County, Texas",0.17370892,5.105011933,0.286142322,0.153932584,0.035099638,0.169652049
48095,"Concho County, Texas",0.138415246,3.338762215,0.323529412,0.166666667,0.037809648,0.106714628
48097,"Cooke County, Texas",0.105452187,6.668531469,0.23728081,0.110644604,0.037049782,0.140579988
48099,"Coryell County, Texas",0.093273935,3.736887895,0.245905549,0.091588488,0.033335566,0.145474851
48101,"Cottle County, Texas",0.239888424,2.655555556,0.443641618,0.25433526,0.016427105,0.256038647
48103,"Crane County, Texas",0.07486631,10.9119171,0.278443114,0.069461078,0.007427678,0.137007874
48105,"Crockett County, Texas",0.198331194,31.41509434,0.297905353,0.075252133,0.035782443,0.156429156
48107,"Crosby County, Texas",0.124577703,4.234714004,0.231193581,0.083751254,0.049631764,0.149753154
48109,"Culberson County, Texas",0.252688172,1.038548753,0.437201908,0.317965024,0.017953321,0.012373453
48111,"Dallam County, Texas",0.190674655,7.949519231,0.312044578,0.063437634,0.046220772,0.228740936
48113,"Dallas County, Texas",0.099311796,4.519537138,0.300797344,0.078540718,0.049699481,0.151252889
48115,"Dawson County, Texas",0.133957845,2.831741367,0.317928865,0.134526978,0.035745678,0.224566929
48117,"Deaf Smith County, Texas",0.101328904,5.383969466,0.191796745,0.077548987,0.05288912,0.192277752
48119,"Delta County, Texas",0.131168831,8.763934426,0.204178538,0.125356125,0.017429838,0.072792979
48121,"Denton County, Texas",0.101147055,5.620029091,0.225629589,0.060166695,0.031117232,0.110755421
48123,"DeWitt County, Texas",0.078922934,3.386554622,0.303067112,0.164743395,0.036853515,0.118388734
48125,"Dickens County, Texas",0.15959253,4.087209302,0.360501567,0.161442006,0.026390198,0.088691796
48127,"Dimmit County, Texas",0.101615646,5.860674157,0.263532764,0.122150997,0.029074529,0.061407888
48129,"Donley County, Texas",0.246753247,4.984189723,0.319699499,0.127712855,0.024189398,0.159003831
48131,"Duval County, Texas",0.061437191,3.226244344,0.349239281,0.165975104,0.02587865,0.255166932
48133,"Eastland County, Texas",0.122242409,4.507972665,0.289001835,0.169419737,0.025757576,0.202260661
48135,"Ector County, Texas",0.107602214,4.882493813,0.25520799,0.089837827,0.043307511,0.148108559
48137,"Edwards County, Texas",0.20467033,1.263345196,0.507604563,0.351711027,0.015853659,0.15070922
48139,"Ellis County, Texas",0.092473508,5.729659837,0.178104923,0.072207167,0.041658265,0.120231214
48141,"El Paso County, Texas",0.087136186,4.546946661,0.240194135,0.090351357,0.058384712,0.140005299
48143,"Erath County, Texas",0.131714107,6.695001968,0.270756544,0.111701131,0.030693291,0.129548206
48145,"Falls County, Texas",0.180377721,2.816717019,0.369158029,0.196763048,0.044776119,0.129694836
48147,"Fannin County, Texas",0.142430279,3.623272727,0.27632097,0.135364989,0.047389244,0.116381591
48149,"Fayette County, Texas",0.151353342,6.030801912,0.28141783,0.159291085,0.018391077,0.089807163
48151,"Fisher County, Texas",0.151982379,4.75070028,0.291281374,0.171730515,0.029386344,0.105439893
48153,"Floyd County, Texas",0.091152815,6.040229885,0.261093911,0.149122807,0.058234189,0.174477696
48155,"Foard County, Texas",0.19488189,5.151898734,0.367965368,0.19047619,0.001488095,0.441640379
48157,"Fort Bend County, Texas",0.10851754,8.388088187,0.151364498,0.052969615,0.043461255,0.115486947
48159,"Franklin County, Texas",0.131628589,3.246724891,0.223955579,0.120835537,0.025565243,0.173790069
48161,"Freestone County, Texas",0.107839013,3.59648311,0.324130727,0.159229966,0.03731402,0.084569733
48163,"Frio County, Texas",0.040548341,3.639696587,0.269483967,0.150350393,0.038879936,0.079944387
48165,"Gaines County, Texas",0.22886925,9.326347305,0.174120712,0.091474888,0.040203905,0.274030354
48167,"Galveston County, Texas",0.088087746,4.672369281,0.260469414,0.099205322,0.03058161,0.096148981
48169,"Garza County, Texas",0.124548736,4.997792494,0.263565891,0.182468694,0.001590246,0.136849608
48171,"Gillespie County, Texas",0.188125202,7.578185865,0.284911645,0.173176257,0.042329469,0.165440357
48173,"Glasscock County, Texas",0.308855292,12.96153846,0.156626506,0.060240964,0.028023599,0.104956268
48175,"Goliad County, Texas",0.147814018,5.492727273,0.334558824,0.189338235,0.008708581,0.15569395
48177,"Gonzales County, Texas",0.117640281,3.461904762,0.26996762,0.106853751,0.062440707,0.109342765
48179,"Gray County, Texas",0.110766504,3.855730337,0.287869343,0.11582097,0.02897754,0.140324145
48181,"Grayson County, Texas",0.107821592,3.900675814,0.263631826,0.122379234,0.042373585,0.131986735
48183,"Gregg County, Texas",0.093823643,3.682779219,0.278846154,0.116086624,0.036181045,0.121930946
48185,"Grimes County, Texas",0.141178489,4.401045556,0.266455113,0.135530761,0.047489316,0.118524835
48187,"Guadalupe County, Texas",0.099462594,5.220157854,0.195044903,0.080875908,0.040359341,0.116732286
48189,"Hale County, Texas",0.107368572,5.649790989,0.246612713,0.120669273,0.035830254,0.146759507
48191,"Hall County, Texas",0.251286449,4.2,0.296943231,0.139737991,0.032275417,0.152637486
48193,"Hamilton County, Texas",0.113389979,3.322222222,0.367614181,0.216863622,0.026315789,0.190146266
48195,"Hansford County, Texas",0.104526749,7.488372093,0.302892796,0.10153148,0.079783638,0.161742614
48197,"Hardeman County, Texas",0.120441989,2.71659919,0.316717791,0.158742331,0.039655172,0.242042931
48199,"Hardin County, Texas",0.071696384,4.08860121,0.244423123,0.120844327,0.033658105,0.096929738
48201,"Harris County, Texas",0.099321496,4.936468507,0.267321796,0.073732232,0.045163406,0.134695557
48203,"Harrison County, Texas",0.100371867,3.943803608,0.245508742,0.103548994,0.0327853,0.112029239
48205,"Hartley County, Texas",0.225551159,4.497983871,0.256457565,0.162361624,0.011183852,0.074074074
48207,"Haskell County, Texas",0.112334802,4.85,0.279425837,0.160287081,0.054180418,0.208357858
48209,"Hays County, Texas",0.098154911,5.698344216,0.217054003,0.065656905,0.032013226,0.123364322
48211,"Hemphill County, Texas",0.099295324,5.927272727,0.310780669,0.134572491,0.063084112,0.277988615
48213,"Henderson County, Texas",0.127810616,4.361209964,0.264942295,0.1429331,0.040723393,0.134777099
48215,"Hidalgo County, Texas",0.139535361,6.181988667,0.181247306,0.077332339,0.073852217,0.126374291
48217,"Hill County, Texas",0.13085469,3.74820855,0.29223301,0.162434653,0.039074438,0.127044624
48219,"Hockley County, Texas",0.13035401,5.568253968,0.258394345,0.144407978,0.031981725,0.190273151
48221,"Hood County, Texas",0.142125094,5.328556979,0.23983181,0.1370583,0.032407846,0.098793578
48223,"Hopkins County, Texas",0.12349874,4.290947704,0.267034323,0.128510268,0.04899934,0.126143265
48225,"Houston County, Texas",0.095573183,3.146341463,0.298767417,0.146168274,0.033245556,0.117842455
48227,"Howard County, Texas",0.081143578,3.573160873,0.322897585,0.104662781,0.036296192,0.13130471
48229,"Hudspeth County, Texas",0.170807453,6.317204301,0.264044944,0.125842697,0.027389903,0.16568915
48231,"Hunt County, Texas",0.116030733,4.312855518,0.236487965,0.105142232,0.053480699,0.095215837
48233,"Hutchinson County, Texas",0.079291347,3.602616148,0.299955297,0.158545671,0.047488511,0.133840406
48235,"Irion County, Texas",0.082503556,4.304093567,0.387944359,0.15301391,0.024242424,0.006666667
48237,"Jack County, Texas",0.146554513,3.381800198,0.274941608,0.098765432,0.026548673,0.094521605
48239,"Jackson County, Texas",0.094403237,5.483057526,0.192932187,0.084813754,0.024123756,0.261587158
48241,"Jasper County, Texas",0.049139255,3.779395297,0.3041394,0.160706133,0.049607491,0.143210896
48243,"Jeff Davis County, Texas",0.128342246,2.390243902,0.448401826,0.286757991,0,0.212365591
48245,"Jefferson County, Texas",0.070662581,3.74840497,0.301396028,0.107990944,0.03547609,0.08182442
48247,"Jim Hogg County, Texas",0.0784689,7.139896373,0.269746647,0.052160954,0.070531401,0.251584284
48249,"Jim Wells County, Texas",0.113167355,4.684519922,0.197537556,0.097336224,0.086605439,0.106598985
48251,"Johnson County, Texas",0.106708586,4.823841296,0.193925871,0.077435511,0.048595524,0.088759653
48253,"Jones County, Texas",0.13346958,4.062597809,0.26111205,0.135372655,0.032411375,0.171862182
48255,"Karnes County, Texas",0.130709625,3.519756839,0.268639596,0.135122735,0.014448583,0.160349854
48257,"Kaufman County, Texas",0.103181004,4.793084651,0.17808305,0.065366709,0.065238034,0.108957395
48259,"Kendall County, Texas",0.192498363,6.364371341,0.215951799,0.106245899,0.024819693,0.101952422
48261,"Kenedy County, Texas",0,5.7,0,0,0,0
48263,"Kent County, Texas",0.103626943,3.175,0.333333333,0.219512195,0.009195402,0
48265,"Kerr County, Texas",0.164322224,4.059486646,0.282237559,0.173764984,0.016872324,0.167918614
48267,"Kimble County, Texas",0.206568301,4.433839479,0.347521866,0.262973761,0.035555556,0.246514575
48269,"King County, Texas",0.047058824,6.176470588,0.025,0.025,0,0.262295082
48271,"Kinney County, Texas",0.117960426,2.533487298,0.390045249,0.191855204,0.024060785,0.097585513
48273,"Kleberg County, Texas",0.09330254,4.571496437,0.291565254,0.073772556,0.04886148,0.15288346
48275,"Knox County, Texas",0.212751213,5.194139194,0.258814103,0.134615385,0.015075377,0.147313692
48277,"Lamar County, Texas",0.121639932,3.72304519,0.278451446,0.159477189,0.046015349,0.0996492
48279,"Lamb County, Texas",0.127609791,5.364050057,0.319948187,0.113989637,0.052063915,0.181753723
48281,"Lampasas County, Texas",0.116136364,4.773444754,0.219561381,0.103982859,0.037637763,0.156291005
48283,"La Salle County, Texas",0.089511754,2.73455979,0.128554502,0.07464455,0.044670051,0.067645517
48285,"Lavaca County, Texas",0.12681314,5.924455826,0.303558372,0.167804046,0.025919089,0.153835287
48287,"Lee County, Texas",0.115661454,3.874285714,0.253920482,0.136385237,0.026151272,0.09587148
48289,"Leon County, Texas",0.15030478,6.813445378,0.259652962,0.149757699,0.048402711,0.180149284
48291,"Liberty County, Texas",0.113889878,4.035125611,0.242661042,0.097057501,0.066983346,0.154182296
48293,"Limestone County, Texas",0.109652889,4.085838991,0.290176937,0.134228188,0.055892731,0.079425004
48295,"Lipscomb County, Texas",0.124635569,4.451827243,0.210572687,0.107488987,0.037274316,0.11669506
48297,"Live Oak County, Texas",0.141873617,5.678657074,0.308692511,0.125451481,0.035803607,0.06829858
48299,"Llano County, Texas",0.208987943,4.241165049,0.288285476,0.207136912,0.022923342,0.157390281
48301,"Loving County, Texas",0.205128205,44,0.475,0.475,0,0
48303,"Lubbock County, Texas",0.092121945,4.068559066,0.292418951,0.090052184,0.039223841,0.146613071
48305,"Lynn County, Texas",0.128092578,7.301829268,0.262055528,0.151972723,0.036456764,0.124457308
48307,"Mcculloch County, Texas",0.170724285,3.578239609,0.332391714,0.163527935,0.031658497,0.11260904
48309,"Mclennan County, Texas",0.083428495,4.449227581,0.267336948,0.100405327,0.042856234,0.116692631
48311,"McMullen County, Texas",0.190283401,9.666666667,0.227722772,0.158415842,0.009433962,0.112426036
48313,"Madison County, Texas",0.116419779,3.627002288,0.307277628,0.121293801,0.027331996,0.165632587
48315,"Marion County, Texas",0.096811594,2.903049257,0.381165919,0.208021923,0.040120794,0.105755895
48317,"Martin County, Texas",0.144667832,6.953678474,0.218096234,0.071129707,0.025444406,0.114594595
48319,"Mason County, Texas",0.186617557,8.444897959,0.264647795,0.151415405,0,0.087057011
48321,"Matagorda County, Texas",0.081576288,5.407211029,0.297093726,0.110779507,0.043407989,0.122281295
48323,"Maverick County, Texas",0.085944731,6.939490446,0.184458969,0.092564661,0.077725577,0.155692342
48325,"Medina County, Texas",0.11700839,6.617252214,0.200797872,0.123959297,0.036520858,0.161278494
48327,"Menard County, Texas",0.172086721,2.44375,0.529281768,0.24198895,0.038781163,0.140625
48329,"Midland County, Texas",0.114983471,5.28705398,0.276763962,0.082770244,0.048434861,0.137624151
48331,"Milam County, Texas",0.112453106,4.159426066,0.291286987,0.127777209,0.037963489,0.107096925
48333,"Mills County, Texas",0.145669291,4.305447471,0.288597927,0.183306056,0.02208589,0.194915254
48335,"Mitchell County, Texas",0.126775381,2.032283465,0.36582331,0.139776027,0.033360961,0.232330064
48337,"Montague County, Texas",0.125,4.738729508,0.250537498,0.142152523,0.021907216,0.138508371
48339,"Montgomery County, Texas",0.111638955,6.45928773,0.205992676,0.074903998,0.03505357,0.103748883
48341,"Moore County, Texas",0.07072995,7.475292004,0.245385606,0.102589784,0.052143578,0.102321582
48343,"Morris County, Texas",0.105189059,3.731651376,0.298421808,0.143881943,0.036826463,0.157669021
48345,"Motley County, Texas",0.204737733,4.625954198,0.236956522,0.147826087,0.079207921,0.220843672
48347,"Nacogdoches County, Texas",0.088571629,4.646845394,0.282047162,0.102960672,0.042344214,0.14146249
48349,"Navarro County, Texas",0.109098863,4.992685229,0.248532506,0.111584893,0.047575895,0.13505269
48351,"Newton County, Texas",0.092736409,4.420278005,0.26509296,0.140589095,0.030939364,0.06745182
48353,"Nolan County, Texas",0.090764584,3.370561653,0.336155203,0.154320988,0.047786606,0.15687836
48355,"Nueces County, Texas",0.103228539,3.779400053,0.262776471,0.097838951,0.045645559,0.117772416
48357,"Ochiltree County, Texas",0.078278689,4.848267622,0.240770901,0.081704669,0.018428891,0.241552639
48359,"Oldham County, Texas",0.111111111,4.248780488,0.204437401,0.106180666,0.011391375,0.156156156
48361,"Orange County, Texas",0.096338912,4.099378167,0.243301145,0.094263606,0.038556995,0.105702579
48363,"Palo Pinto County, Texas",0.138412543,3.268271955,0.258834586,0.115507519,0.035853468,0.210091639
48365,"Panola County, Texas",0.108777038,4.625984252,0.293971719,0.161622426,0.030068305,0.130022461
48367,"Parker County, Texas",0.139214637,5.839252933,0.202538862,0.08944928,0.037869671,0.118117403
48369,"Parmer County, Texas",0.111842105,7.01399689,0.178894786,0.074929753,0.05487042,0.146711202
48371,"Pecos County, Texas",0.102967999,2.40746124,0.257593688,0.132938856,0.048292629,0.070945946
48373,"Polk County, Texas",0.107877928,3.114673243,0.258073435,0.135478876,0.037381792,0.11876337
48375,"Potter County, Texas",0.096250475,3.223156005,0.326405754,0.122828321,0.056520371,0.138385131
48377,"Presidio County, Texas",0.23274806,8.982142857,0.523076923,0.365714286,0.067948024,0.088978186
48379,"Rains County, Texas",0.106143079,4.40625,0.228874735,0.116348195,0.046387568,0.200054885
48381,"Randall County, Texas",0.098710216,4.770924771,0.284355449,0.107685872,0.02723387,0.118338678
48383,"Reagan County, Texas",0.168260038,5.25,0.173394495,0.051376147,0.023713129,0.205704408
48385,"Real County, Texas",0.193675889,2.533505155,0.264112903,0.153225806,0.018929151,0.070500928
48387,"Red River County, Texas",0.07862069,4.265206813,0.315100815,0.1999142,0.048962551,0.197832817
48389,"Reeves County, Texas",0.152266625,2.248551564,0.318192859,0.097158125,0.032877724,0.252616458
48391,"Refugio County, Texas",0.045541523,2.387587822,0.303355705,0.177628635,0.056916258,0.110648148
48393,"Roberts County, Texas",0.138190955,5.025,0.31875,0.084375,0.096456693,0.108474576
48395,"Robertson County, Texas",0.097458894,4.473256601,0.293390395,0.147566968,0.031223629,0.204908453
48397,"Rockwall County, Texas",0.112993758,8.781184444,0.150576806,0.068292812,0.050843611,0.106205847
48399,"Runnels County, Texas",0.1335578,3.964285714,0.277248677,0.149206349,0.039397822,0.116409164
48401,"Rusk County, Texas",0.107858674,3.45025729,0.229372752,0.127360612,0.040648668,0.095904932
48403,"Sabine County, Texas",0.091450047,5.273195876,0.296354283,0.187430105,0.024133148,0.041778459
48405,"San Augustine County, Texas",0.098884186,3.66029724,0.250409702,0.129137988,0.066117216,0.093079922
48407,"San Jacinto County, Texas",0.165309898,4.700558659,0.226450715,0.137023052,0.035504582,0.126342162
48409,"San Patricio County, Texas",0.066794492,3.932654659,0.239799331,0.103637124,0.061142417,0.075015247
48411,"San Saba County, Texas",0.19311828,5.191446029,0.297418073,0.210029791,0.034124234,0.229166667
48413,"Schleicher County, Texas",0.176356589,6.595505618,0.333704116,0.22246941,0.076015727,0.166666667
48415,"Scurry County, Texas",0.124692608,3.619181155,0.316002108,0.160372387,0.043989459,0.152512069
48417,"Shackelford County, Texas",0.131245836,5.5,0.302870091,0.138217523,0.03202847,0.092687075
48419,"Shelby County, Texas",0.109000989,4.394062078,0.233422341,0.127280819,0.049107143,0.094845114
48421,"Sherman County, Texas",0.296296296,7.44,0.214196762,0.119551681,0.023952096,0.344240838
48423,"Smith County, Texas",0.111694729,4.05497543,0.253253943,0.113192924,0.042439478,0.103636384
48425,"Somervell County, Texas",0.154874042,7.790996785,0.190732436,0.107025411,0.032744367,0.111143955
48427,"Starr County, Texas",0.12414451,6.045801527,0.204303961,0.111945905,0.081839488,0.207173223
48429,"Stephens County, Texas",0.166969147,3.882045929,0.30660793,0.155066079,0.022139598,0.149575441
48431,"Sterling County, Texas",0.191304348,14.39583333,0.12244898,0.058673469,0.027962716,0.115720524
48433,"Stonewall County, Texas",0.116941529,6.841463415,0.271111111,0.186666667,0.039189189,0.060606061
48435,"Sutton County, Texas",0.111188811,4.552287582,0.198501873,0.093632959,0.024068768,0.170593779
48437,"Swisher County, Texas",0.123688156,3.125171939,0.368179925,0.184506456,0.058532971,0.18226601
48439,"Tarrant County, Texas",0.093940511,4.578055449,0.260068956,0.079731751,0.041814289,0.127658241
48441,"Taylor County, Texas",0.081565428,4.472433146,0.263695071,0.099131532,0.038670134,0.137141515
48443,"Terrell County, Texas",0.241758242,9.697674419,0.48853211,0.401376147,0,0.262745098
48445,"Terry County, Texas",0.104366987,5.326530612,0.276978417,0.104076739,0.051363157,0.20123999
48447,"Throckmorton County, Texas",0.228882834,4.687943262,0.423622047,0.212598425,0.007106599,0.144385027
48449,"Titus County, Texas",0.096976953,6.144104803,0.226346973,0.084984262,0.068578984,0.176648976
48451,"Tom Green County, Texas",0.095516009,3.845197363,0.286562961,0.115096042,0.038751895,0.139433154
48453,"Travis County, Texas",0.116886571,4.591270841,0.312598377,0.062977947,0.023812676,0.122919281
48455,"Trinity County, Texas",0.128657315,3.803703704,0.293979146,0.15119408,0.012373096,0.071916138
48457,"Tyler County, Texas",0.091397849,3.388888889,0.270444869,0.126706798,0.049107836,0.184856612
48459,"Upshur County, Texas",0.107360009,4.294662442,0.232547264,0.123121117,0.030063352,0.106772156
48461,"Upton County, Texas",0.094852941,4.631921824,0.268525312,0.125458547,0.061599603,0.085125448
48463,"Uvalde County, Texas",0.111189516,4.291380999,0.251900238,0.108432304,0.087580657,0.14840587
48465,"Val Verde County, Texas",0.089677485,5.518205651,0.243045124,0.119750045,0.069601309,0.144456821
48467,"Van Zandt County, Texas",0.12427062,4.8551006,0.236629938,0.139523426,0.046651559,0.122767409
48469,"Victoria County, Texas",0.1010747,4.762622951,0.251772946,0.113672844,0.031732675,0.133333333
48471,"Walker County, Texas",0.070467033,2.603394564,0.351618412,0.126097918,0.030830629,0.082843073
48473,"Waller County, Texas",0.113002972,7.252498334,0.161867267,0.04735658,0.02692761,0.125228854
48475,"Ward County, Texas",0.058501272,5.932448733,0.221388368,0.081378987,0.059804847,0.152271123
48477,"Washington County, Texas",0.123669813,4.536819958,0.310385306,0.146319569,0.025217666,0.124420278
48479,"Webb County, Texas",0.09863269,6.022760355,0.170790647,0.070658252,0.081713071,0.143260288
48481,"Wharton County, Texas",0.095253827,5.563074901,0.276406126,0.134935305,0.046989545,0.112528535
48483,"Wheeler County, Texas",0.193491645,5.242152466,0.230607966,0.119496855,0.081651661,0.171252106
48485,"Wichita County, Texas",0.094020797,3.63373215,0.310283104,0.119084849,0.031296208,0.145904307
48487,"Wilbarger County, Texas",0.049863512,2.847811448,0.35948984,0.158236057,0.027675041,0.176031709
48489,"Willacy County, Texas",0.117947441,4.271620756,0.234577023,0.108053195,0.083965426,0.100094132
48491,"Williamson County, Texas",0.093256166,5.883955303,0.223630527,0.076879246,0.026540751,0.112946911
48493,"Wilson County, Texas",0.106334648,8.996843213,0.164427789,0.082040934,0.047921606,0.098980039
48495,"Winkler County, Texas",0.076627219,4.335579515,0.209683426,0.090875233,0.055910922,0.045690214
48497,"Wise County, Texas",0.127452122,5.03503535,0.196893559,0.085676315,0.058937824,0.1415698
48499,"Wood County, Texas",0.138424821,4.080534276,0.286916517,0.167134201,0.033825616,0.151542788
48501,"Yoakum County, Texas",0.046547003,5.462662338,0.18198945,0.04559156,0.135220126,0.209218437
48503,"Young County, Texas",0.160277474,5.52957172,0.294778586,0.143027098,0.016435679,0.154166667
48505,"Zapata County, Texas",0.147429279,3.526079137,0.284279476,0.147598253,0.05445474,0.200290698
48507,"Zavala County, Texas",0.150908612,4.563106796,0.166034432,0.085205719,0.059899846,0.058330648
49001,"Beaver County, Utah",0.148498695,8.24824356,0.162445415,0.079912664,0.017100562,0.165239726
49003,"Box Elder County, Utah",0.106953655,7.197353914,0.20800776,0.079269278,0.035532668,0.145939274
49005,"Cache County, Utah",0.082506736,9.546503847,0.156215542,0.062107484,0.033402275,0.134247732
49007,"Carbon County, Utah",0.075218023,4.578101457,0.285196299,0.138534634,0.038114754,0.13960025
49009,"Daggett County, Utah",0.301204819,5.01754386,0.4,0.136170213,0,0.204678363
49011,"Davis County, Utah",0.086295042,7.006735044,0.165841915,0.06433953,0.034828059,0.108002323
49013,"Duchesne County, Utah",0.144391706,6.013484741,0.197647423,0.069339112,0.041366906,0.101018264
49015,"Emery County, Utah",0.052930992,6.825581395,0.236437482,0.095735422,0.063038236,0.139037433
49017,"Garfield County, Utah",0.118955926,5.660674157,0.24692623,0.140881148,0.01593985,0.25530504
49019,"Grand County, Utah",0.149560633,2.850591716,0.328950404,0.160784314,0.011743887,0.121647977
49021,"Iron County, Utah",0.125032111,6.064125221,0.197192945,0.081361583,0.027075244,0.139529132
49023,"Juab County, Utah",0.102788409,7.363241679,0.143850863,0.087367835,0.050592753,0.149975574
49025,"Kane County, Utah",0.104580812,3.861330327,0.345736434,0.147596899,0.018842269,0.11645469
49027,"Millard County, Utah",0.096385542,6.425925926,0.206847019,0.105099354,0.032535211,0.146920604
49029,"Morgan County, Utah",0.144892672,10.64902998,0.097832288,0.049343982,0.050966334,0.137303763
49031,"Piute County, Utah",0.143598616,4.016216216,0.365553603,0.288224956,0.012510425,0.071794872
49033,"Rich County, Utah",0.143730887,7.666666667,0.180392157,0.091503268,0.046033994,0.112857143
49035,"Salt Lake County, Utah",0.090037294,5.104839752,0.239662671,0.078195024,0.03867106,0.146450501
49037,"San Juan County, Utah",0.114280245,5.679245283,0.24455912,0.095579987,0.046142209,0.108555182
49039,"Sanpete County, Utah",0.11193725,6.557844691,0.187884415,0.106881745,0.026358188,0.191390882
49041,"Sevier County, Utah",0.118319795,6.92555332,0.204029205,0.096268253,0.025970854,0.121800281
49043,"Summit County, Utah",0.163400401,5.297193176,0.196777737,0.071548883,0.023812224,0.113070193
49045,"Tooele County, Utah",0.059251418,7.066952209,0.153182065,0.068929669,0.058615619,0.200376981
49047,"Uintah County, Utah",0.096771983,5.030721436,0.238763315,0.085736555,0.046452085,0.150310895
49049,"Utah County, Utah",0.091759542,10.60811117,0.123459297,0.049233054,0.041062698,0.143383861
49051,"Wasatch County, Utah",0.161580936,7.769301896,0.185850793,0.063557465,0.020606492,0.148198046
49053,"Washington County, Utah",0.137093375,6.735095826,0.205702171,0.120216365,0.031978894,0.127505636
49055,"Wayne County, Utah",0.214285714,6.903553299,0.173168411,0.103710752,0.011117974,0.141909814
49057,"Weber County, Utah",0.082729883,4.60963835,0.217135237,0.083298144,0.033627213,0.130952136
50001,"Addison County, Vermont",0.145441682,4.148727466,0.281562153,0.137555494,0.01516023,0.104621262
50003,"Bennington County, Vermont",0.151134499,3.660895375,0.323424413,0.163325553,0.021282554,0.098399432
50005,"Caledonia County, Vermont",0.136766755,3.436448856,0.304469927,0.151025821,0.020177721,0.111308047
50007,"Chittenden County, Vermont",0.101476809,4.7512127,0.29516143,0.116347846,0.015786461,0.124725087
50009,"Essex County, Vermont",0.149162861,3.710042433,0.313835771,0.193475816,0.031380753,0.118669315
50011,"Franklin County, Vermont",0.114778402,4.441262542,0.264909271,0.128893048,0.021362479,0.140068351
50013,"Grand Isle County, Vermont",0.1676518,4.571059432,0.271886356,0.109018831,0.014722753,0.05602537
50015,"Lamoille County, Vermont",0.146387013,3.739673724,0.303418039,0.127505369,0.020483069,0.1385112
50017,"Orange County, Vermont",0.13559111,3.266700025,0.288731284,0.14215918,0.026408796,0.133579077
50019,"Orleans County, Vermont",0.149247022,4.020742723,0.294240111,0.156835531,0.023354679,0.107832565
50021,"Rutland County, Vermont",0.112091369,3.723239541,0.348227678,0.166692982,0.023509918,0.080647911
50023,"Washington County, Vermont",0.133522185,3.572717858,0.319279981,0.139910991,0.014265477,0.09720397
50025,"Windham County, Vermont",0.191264035,2.337680749,0.364049118,0.190950366,0.012330066,0.084198674
50027,"Windsor County, Vermont",0.159127487,3.752097748,0.334121291,0.167345941,0.012674804,0.149795577
51001,"Accomack County, Virginia",0.086410328,5.259848485,0.335040696,0.172677519,0.036548088,0.188291447
51003,"Albemarle County, Virginia",0.114615018,5.512407386,0.298471531,0.145215871,0.017652604,0.112507822
51005,"Alleghany County, Virginia",0.072112211,4.052352551,0.372959265,0.212553495,0.035724687,0.06504065
51007,"Amelia County, Virginia",0.13044164,8.042654028,0.251236211,0.116774439,0.076508257,0.058209554
51009,"Amherst County, Virginia",0.090933369,4.248023715,0.290289338,0.150455807,0.04150322,0.123331324
51011,"Appomattox County, Virginia",0.090015322,5.703396226,0.273297628,0.137107881,0.024985695,0.058543331
51013,"Arlington County, Virginia",0.06642079,5.45732436,0.402265369,0.082886181,0.011184905,0.131180891
51015,"Augusta County, Virginia",0.090011444,4.566535433,0.253393665,0.134648656,0.031206078,0.094613523
51017,"Bath County, Virginia",0.160867085,3.419847328,0.347506562,0.155905512,0.054623231,0.071475844
51019,"Bedford County, Virginia",0.110301041,6.114987864,0.250353737,0.11968625,0.024660525,0.083938552
51021,"Bland County, Virginia",0.088596491,3.627565982,0.356152125,0.189261745,0.009749612,0.160957042
51023,"Botetourt County, Virginia",0.12680914,5.270880361,0.278491793,0.131542273,0.025394647,0.08072373
51025,"Brunswick County, Virginia",0.095913647,2.526946108,0.324898621,0.163341444,0.049080882,0.115814696
51027,"Buchanan County, Virginia",0.060267112,3.760995113,0.261942888,0.142380571,0.036146263,0.081
51029,"Buckingham County, Virginia",0.12498162,4.107855362,0.281451339,0.155476433,0.040752623,0.095084456
51031,"Campbell County, Virginia",0.070246358,5.227465986,0.29224865,0.141951894,0.038320917,0.083914134
51033,"Caroline County, Virginia",0.048843188,4.207515796,0.23342408,0.084833582,0.041198119,0.137206631
51035,"Carroll County, Virginia",0.09542388,4.552442774,0.309776789,0.161765917,0.035837694,0.124480095
51036,"Charles County, Virginia",0.083053435,3.32,0.35869191,0.155593804,0.037305908,0.07964939
51037,"Charlotte County, Virginia",0.155256984,2.531417112,0.34185022,0.190748899,0.07220169,0.101283101
51041,"Chesterfield County, Virginia",0.074984826,5.596331252,0.228798903,0.102531608,0.035204727,0.10918813
51043,"Clarke County, Virginia",0.144808004,6.908649174,0.262773723,0.098629161,0.04820095,0.083890797
51045,"Craig County, Virginia",0.068102153,11.18834081,0.217127072,0.109392265,0.019266055,0.056211355
51047,"Culpeper County, Virginia",0.094944561,4.6906835,0.188915769,0.083461623,0.056812607,0.139925658
51049,"Cumberland County, Virginia",0.154862892,5.128605769,0.242663379,0.120838471,0.042575441,0.084364176
51051,"Dickenson County, Virginia",0.047182469,3.76635514,0.294786217,0.148114739,0.032747687,0.110905241
51053,"Dinwiddie County, Virginia",0.058449245,4.839233653,0.238496933,0.11541411,0.060290266,0.07761194
51057,"Essex County, Virginia",0.113584734,4.945142857,0.339596054,0.165805543,0.047237569,0.242509693
51059,"Fairfax County, Virginia",0.095265172,7.533613323,0.236702982,0.086531628,0.027131581,0.137986507
51061,"Fauquier County, Virginia",0.106360981,5.292302642,0.214370843,0.107723655,0.031689388,0.091051097
51063,"Floyd County, Virginia",0.112780972,4.312014345,0.305033809,0.172351615,0.016251951,0.110742155
51065,"Fluvanna County, Virginia",0.10105389,4.352311939,0.229328102,0.121824424,0.046713831,0.121650105
51067,"Franklin County, Virginia",0.092795533,4.771565802,0.257742258,0.151121606,0.042226693,0.09223871
51069,"Frederick County, Virginia",0.082917484,4.987588221,0.223623785,0.115614004,0.041384833,0.106629461
51071,"Giles County, Virginia",0.060069724,4.702990033,0.309836544,0.161704612,0.027116225,0.114710065
51073,"Gloucester County, Virginia",0.097160883,4.672877296,0.240829239,0.10540486,0.040456708,0.069789024
51075,"Goochland County, Virginia",0.154880137,7.544354839,0.236105435,0.109624029,0.034287334,0.062957038
51077,"Grayson County, Virginia",0.098608083,4.828114127,0.28919974,0.152407287,0.026974416,0.113588557
51079,"Greene County, Virginia",0.07826167,4.627358491,0.194466197,0.101670582,0.046264434,0.184838497
51081,"Greensville County, Virginia",0.077393075,2.494830133,0.274674115,0.144630664,0.033298782,0.114230397
51083,"Halifax County, Virginia",0.084842363,3.416246499,0.353650418,0.207041941,0.035943234,0.109452281
51085,"Hanover County, Virginia",0.092515448,5.718590171,0.225213252,0.110794288,0.02916748,0.072459506
51087,"Henrico County, Virginia",0.085093996,4.311688748,0.311415872,0.128805167,0.027947428,0.103710873
51089,"Henry County, Virginia",0.073509015,3.128274923,0.374993876,0.184361374,0.037111219,0.099822075
51091,"Highland County, Virginia",0.176761434,5.882926829,0.281065089,0.168639053,0.023184869,0.040257649
51093,"Isle of Wight County, Virginia",0.106552095,5.280291971,0.236180574,0.121150303,0.026963522,0.086159487
51095,"James County, Virginia",0.103222094,6.902092812,0.245812968,0.132746823,0.028899387,0.083072735
51097,"King and Queen County, Virginia",0.081441114,6.237704918,0.271762208,0.155697098,0.049648413,0.115858353
51099,"King George County, Virginia",0.06779661,6.127071823,0.220088323,0.079079799,0.04845067,0.106113779
51101,"King William County, Virginia",0.100918422,6.060902256,0.240098651,0.118671116,0.023784168,0.091630786
51103,"Lancaster County, Virginia",0.158053186,4.544949027,0.449026346,0.303360061,0.045118167,0.101904444
51105,"Lee County, Virginia",0.106864925,2.877104377,0.309226333,0.133829889,0.036135934,0.084102386
51107,"Loudoun County, Virginia",0.087456027,8.430939461,0.165782503,0.056911273,0.032997792,0.123816566
51109,"Louisa County, Virginia",0.121918572,5.195551704,0.226198607,0.120270455,0.040577236,0.134089247
51111,"Lunenburg County, Virginia",0.090206186,3.941538462,0.308804205,0.17542707,0.057832202,0.11242286
51113,"Madison County, Virginia",0.158727766,4.491525424,0.247746056,0.092975207,0.050570101,0.097684211
51115,"Mathews County, Virginia",0.173873325,6.237593985,0.334580438,0.231961518,0.007780248,0.108096651
51117,"Mecklenburg County, Virginia",0.088687206,3.892651541,0.34509473,0.189997699,0.027453047,0.064975917
51119,"Middlesex County, Virginia",0.135063207,4.400508044,0.305260925,0.220407297,0.029184114,0.105919003
51121,"Montgomery County, Virginia",0.064046203,5.247918303,0.293439077,0.098053353,0.025551731,0.08468849
51125,"Nelson County, Virginia",0.206926786,5.762408462,0.305446836,0.138454012,0.031418567,0.265284423
51127,"New Kent County, Virginia",0.096076335,8.87012987,0.173256484,0.086801153,0.035389974,0.086912864
51131,"Northampton County, Virginia",0.166700344,4.301476977,0.336077844,0.169161677,0.021746797,0.221533923
51133,"Northumberland County, Virginia",0.141346817,4.985414768,0.342868187,0.203517588,0.04006753,0.179528061
51135,"Nottoway County, Virginia",0.098236361,3.609722222,0.311357341,0.139242844,0.041662533,0.074178201
51137,"Orange County, Virginia",0.109150922,5.800284293,0.24299392,0.104409812,0.053976802,0.141143206
51139,"Page County, Virginia",0.085539529,4.035265505,0.311303604,0.151855417,0.039663237,0.194069431
51141,"Patrick County, Virginia",0.117711172,4.952095808,0.307623088,0.164802674,0.023203125,0.120319432
51143,"Pittsylvania County, Virginia",0.096502138,4.226545016,0.290358149,0.151468126,0.037169748,0.077554408
51145,"Powhatan County, Virginia",0.130536738,5.986333463,0.15717252,0.073756432,0.020059713,0.070313825
51147,"Prince Edward County, Virginia",0.049371216,4.369806094,0.304746494,0.134708738,0.052714536,0.192976589
51149,"Prince George County, Virginia",0.0642079,4.755345144,0.197142411,0.098219863,0.043164868,0.094124781
51153,"Prince William County, Virginia",0.081147637,6.310097354,0.190104576,0.062116685,0.048227923,0.153914096
51155,"Pulaski County, Virginia",0.070870831,4.18670151,0.320719474,0.163196126,0.046114322,0.096380771
51157,"Rappahannock County, Virginia",0.174083403,5.538842975,0.236627701,0.121856181,0.019500189,0.100565428
51159,"Richmond County, Virginia",0.097591106,3.528189911,0.247353564,0.165490473,0.026732981,0.109305161
51161,"Roanoke County, Virginia",0.08078468,4.22073922,0.307513536,0.162554909,0.030454411,0.07358735
51163,"Rockbridge County, Virginia",0.127001277,4.916427889,0.284479078,0.183603757,0.025948731,0.108829054
51165,"Rockingham County, Virginia",0.106970522,5.4137577,0.250601038,0.138270277,0.026271395,0.117571885
51167,"Russell County, Virginia",0.065026762,3.16610993,0.326116114,0.179632113,0.017458613,0.180667262
51169,"Scott County, Virginia",0.058077606,3.720200753,0.347929396,0.184430867,0.025135009,0.088678109
51171,"Shenandoah County, Virginia",0.096371553,3.629438481,0.28896363,0.150267928,0.033230769,0.149689598
51173,"Smyth County, Virginia",0.057461622,3.39452361,0.311279741,0.165441467,0.04323168,0.124289025
51175,"Southampton County, Virginia",0.106277112,2.844150299,0.285630756,0.148954831,0.048215151,0.128139905
51177,"Spotsylvania County, Virginia",0.082599855,6.323452572,0.192016017,0.075431252,0.040698014,0.147682237
51179,"Stafford County, Virginia",0.076677901,6.324772313,0.173772186,0.068709876,0.043609432,0.17844413
51181,"Surry County, Virginia",0.062281538,4.6359447,0.269945355,0.169398907,0.036371416,0.139245586
51183,"Sussex County, Virginia",0.057736194,2.968253968,0.352893456,0.156300703,0.017583031,0.079053509
51185,"Tazewell County, Virginia",0.085078169,4.367909664,0.287531646,0.159493671,0.048679133,0.087865763
51187,"Warren County, Virginia",0.087651233,4.508109478,0.237610765,0.099770266,0.03772212,0.166153626
51191,"Washington County, Virginia",0.094584446,3.602799518,0.29096443,0.153863626,0.026255157,0.088278222
51193,"Westmoreland County, Virginia",0.158779932,2.984245077,0.355592441,0.166113381,0.043220471,0.128829686
51195,"Wise County, Virginia",0.055647775,4.148363838,0.290065471,0.14695417,0.030954392,0.108225986
51197,"Wythe County, Virginia",0.065832211,4.181909212,0.322842885,0.142385705,0.03180304,0.114741421
51199,"York County, Virginia",0.088051499,7.456323627,0.231470747,0.11272123,0.030097043,0.0949646
51510,"Alexandria city, Virginia",0.081518972,4.157752052,0.433385014,0.106431607,0.012700344,0.117258962
51520,"Bristol city, Virginia",0.060026918,2.533927057,0.398273736,0.198794355,0.032866761,0.084656085
51530,"Buena Vista city, Virginia",0.068334937,2.513806706,0.259887006,0.129190207,0.00958379,0.07592367
51540,"Charlottesville city, Virginia",0.087799791,3.096153846,0.377838143,0.110706781,0.017263275,0.105406034
51550,"Chesapeake city, Virginia",0.084345949,5.551832569,0.222670957,0.089878294,0.04031934,0.100769412
51570,"Colonial Heights city, Virginia",0.06137931,3.203513909,0.305570152,0.137020494,0.05078294,0.065217391
51580,"Covington city, Virginia",0.045820959,4.014827018,0.358369956,0.168198162,0.014837626,0.050428164
51590,"Danville city, Virginia",0.072165567,2.187312312,0.411090376,0.187843242,0.035785065,0.133895206
51595,"Emporia city, Virginia",0.036155606,1.88630137,0.341648107,0.181291759,0.06554473,0.196701283
51600,"Fairfax city, Virginia",0.077338814,7.641522989,0.226421295,0.083579801,0.029054054,0.148607976
51610,"Falls Church city, Virginia",0.081853671,7.039018952,0.326132404,0.110278746,0.003740648,0.110864198
51620,"Franklin city, Virginia",0.068425631,4.074792244,0.329352045,0.134069872,0.020115515,0.029370629
51630,"Fredericksburg city, Virginia",0.064767718,3.289613343,0.35402625,0.121142249,0.016904893,0.206926221
51640,"Galax city, Virginia",0.057939914,3.866141732,0.355233002,0.178762414,0.042995169,0.222378937
51650,"Hampton city, Virginia",0.049745347,3.474349497,0.337828432,0.114407517,0.042540635,0.109235985
51660,"Harrisonburg city, Virginia",0.069936017,3.533570841,0.278905612,0.093571345,0.030108284,0.178323805
51670,"Hopewell city, Virginia",0.036475753,2.467916366,0.305412923,0.132862644,0.076175525,0.125830403
51678,"Lexington city, Virginia",0.03988604,4.762295082,0.397790055,0.150678051,0.007684247,0.039176627
51680,"Lynchburg city, Virginia",0.076716826,4.068314452,0.303874092,0.117606365,0.029930092,0.118593866
51683,"Manassas city, Virginia",0.0597406,5.461434827,0.249132948,0.082442197,0.03908046,0.14932598
51685,"Manassas Park city, Virginia",0.054897631,3.902684564,0.278490711,0.070101513,0.061742007,0.147987884
51690,"Martinsville city, Virginia",0.051134318,2.282716049,0.413290689,0.134683724,0.02977127,0.190659482
51700,"Newport News city, Virginia",0.062135511,3.493733162,0.351964487,0.107626052,0.041611612,0.121937191
51710,"Norfolk city, Virginia",0.069177241,2.956812035,0.345906585,0.106783799,0.036409266,0.123978725
51720,"Norton city, Virginia",0.075747508,2.786720322,0.427135678,0.269472362,0.037340993,0.139648438
51730,"Petersburg city, Virginia",0.063130786,1.726875853,0.496769367,0.163231993,0.04746375,0.169484974
51735,"Poquoson city, Virginia",0.064733216,9.204272363,0.157397466,0.08782478,0.03266055,0.033019738
51740,"Portsmouth city, Virginia",0.063332056,2.682490924,0.330193522,0.12812484,0.033740942,0.136815114
51750,"Radford city, Virginia",0.062121976,3.906122449,0.302908359,0.076641668,0.033613445,0.095892765
51760,"Richmond city, Virginia",0.07712897,2.60527878,0.430697325,0.128556042,0.018616432,0.119582391
51770,"Roanoke city, Virginia",0.061513256,2.268490879,0.390482643,0.139139373,0.031180365,0.092575903
51775,"Salem city, Virginia",0.048385805,3.654716981,0.302439024,0.141164759,0.01935038,0.080329235
51790,"Staunton city, Virginia",0.068893022,2.678710063,0.370209689,0.193962401,0.033814112,0.095414735
51800,"Suffolk city, Virginia",0.06848821,5.318460909,0.247508123,0.100390991,0.033651962,0.077664295
51810,"Virginia Beach city, Virginia",0.090681751,4.603512932,0.252494201,0.096615711,0.033214959,0.097791748
51820,"Waynesboro city, Virginia",0.074254245,2.535701724,0.38076556,0.159792175,0.040930571,0.141021147
51830,"Williamsburg city, Virginia",0.050490884,5.118987342,0.380991397,0.165915608,0.01427323,0.096264728
51840,"Winchester city, Virginia",0.071148151,3.070063694,0.358027993,0.12819827,0.037157483,0.144001563
53001,"Adams County, Washington",0.107645996,6.572925764,0.204790609,0.093115482,0.025427971,0.22329932
53003,"Asotin County, Washington",0.103068123,2.560939358,0.329613644,0.161174861,0.029968769,0.097281049
53005,"Benton County, Washington",0.083813437,4.240030952,0.254194864,0.102517581,0.030263039,0.134907842
53007,"Chelan County, Washington",0.117305833,4.087266251,0.281547971,0.133852831,0.025940546,0.103695002
53009,"Clallam County, Washington",0.156903627,3.490585037,0.317657056,0.171354899,0.018642405,0.14435254
53011,"Clark County, Washington",0.101198918,4.304133101,0.235784669,0.101660992,0.029384992,0.11213004
53013,"Columbia County, Washington",0.110747409,4.475961538,0.300997783,0.16075388,0.002464789,0.158392435
53015,"Cowlitz County, Washington",0.092676272,3.80532575,0.276345356,0.137095466,0.047573645,0.09407907
53017,"Douglas County, Washington",0.090366995,5.561995817,0.196070828,0.119038387,0.045543566,0.071508035
53019,"Ferry County, Washington",0.190400635,3.670225386,0.346446281,0.220826446,0.04010594,0.18079096
53021,"Franklin County, Washington",0.109138981,4.636689216,0.161940035,0.07329806,0.056356275,0.190538235
53023,"Garfield County, Washington",0.093406593,7.142857143,0.316154609,0.206144698,0.008034611,0.142372881
53025,"Grant County, Washington",0.105243782,5.21908078,0.238371057,0.112130933,0.043517039,0.175708708
53027,"Grays Harbor County, Washington",0.102286689,3.222174658,0.314061336,0.154254959,0.029783802,0.102852478
53029,"Island County, Washington",0.129524922,5.433574419,0.262550003,0.140514959,0.021001531,0.138136531
53031,"Jefferson County, Washington",0.23580183,3.796925195,0.35380541,0.212939025,0.006998033,0.101064529
53033,"King County, Washington",0.09448475,5.157575254,0.304782433,0.08866273,0.023613749,0.144017587
53035,"Kitsap County, Washington",0.093810542,4.495040411,0.240288218,0.111608869,0.031032561,0.127273147
53037,"Kittitas County, Washington",0.133143193,4.735987827,0.244519481,0.091532468,0.019753669,0.085882576
53039,"Klickitat County, Washington",0.195977794,4.126990446,0.323871907,0.158556873,0.010567784,0.06202946
53041,"Lewis County, Washington",0.098292209,3.156749721,0.262670179,0.152803783,0.041520435,0.152807561
53043,"Lincoln County, Washington",0.136035049,6.415525114,0.278243601,0.150926743,0.014422429,0.127454136
53045,"Mason County, Washington",0.126042384,3.613298903,0.242506277,0.120134965,0.03682561,0.168060555
53047,"Okanogan County, Washington",0.139776448,4.757645849,0.262628639,0.142487504,0.032719314,0.201881581
53049,"Pacific County, Washington",0.143874322,3.248710949,0.330807372,0.220039293,0.026440253,0.154070766
53051,"Pend Oreille County, Washington",0.131792376,3.586879433,0.236011853,0.127592819,0.024338624,0.130094467
53053,"Pierce County, Washington",0.079001037,4.212788956,0.242007356,0.091590278,0.035428629,0.136719327
53055,"San Juan County, Washington",0.296111786,4.49689441,0.306678992,0.160157153,0.008421202,0.108517854
53057,"Skagit County, Washington",0.111482392,4.311680527,0.248662049,0.130135369,0.039576704,0.128426664
53059,"Skamania County, Washington",0.146834545,4.920962199,0.24127182,0.127389859,0.042237178,0.052936911
53061,"Snohomish County, Washington",0.090284523,4.632406773,0.228407602,0.095158999,0.029126436,0.142895052
53063,"Spokane County, Washington",0.095679632,3.477209866,0.292571327,0.124341994,0.027482459,0.119346973
53065,"Stevens County, Washington",0.137289834,4.22169543,0.263710682,0.137566997,0.038141624,0.103737439
53067,"Thurston County, Washington",0.089532172,4.415363769,0.257331778,0.110091188,0.030601925,0.128054581
53069,"Wahkiakum County, Washington",0.117117117,5.179487179,0.272262027,0.143807574,0.055522028,0.163207547
53071,"Walla Walla County, Washington",0.126440961,4.336518047,0.302463226,0.142658195,0.029077423,0.12425017
53073,"Whatcom County, Washington",0.126452354,4.60397812,0.269372937,0.119731055,0.024512106,0.113785919
53075,"Whitman County, Washington",0.083862214,4.567722474,0.33468797,0.089461671,0.015314832,0.171550849
53077,"Yakima County, Washington",0.076031661,4.851454021,0.232520629,0.109142336,0.054528068,0.14832683
54001,"Barbour County, West Virginia",0.049231844,3.649502633,0.309725341,0.166695457,0.015739984,0.041366143
54003,"Berkeley County, West Virginia",0.052722516,3.675458631,0.264733762,0.097325256,0.033483102,0.109396914
54005,"Boone County, West Virginia",0.053462249,3.523639253,0.266891892,0.1498999,0.037918319,0.100645386
54007,"Braxton County, West Virginia",0.041710388,2.918570592,0.272388877,0.138821984,0.062908497,0.074171316
54009,"Brooke County, West Virginia",0.068286072,2.755548303,0.379964557,0.164286459,0.025263577,0.092764621
54011,"Cabell County, West Virginia",0.057664524,3.069689958,0.370695424,0.142636537,0.028188778,0.122284795
54013,"Calhoun County, West Virginia",0.077322263,3.023307436,0.305049669,0.206539735,0.029723035,0.091805299
54015,"Clay County, West Virginia",0.045101089,4.169099757,0.261780105,0.141710297,0.063513004,0.166186359
54017,"Doddridge County, West Virginia",0.045150502,2.980563654,0.286993603,0.137739872,0.033400256,0.09765625
54019,"Fayette County, West Virginia",0.068255535,3.367563162,0.299661187,0.155728448,0.051085802,0.138196481
54021,"Gilmer County, West Virginia",0.041825095,2.684807256,0.291744841,0.128517824,0.022057308,0.19737664
54023,"Grant County, West Virginia",0.087636004,3.238330976,0.342548077,0.189663462,0.031660853,0.043260038
54025,"Greenbrier County, West Virginia",0.084935181,3.40522541,0.373879381,0.194308612,0.023783063,0.118002344
54027,"Hampshire County, West Virginia",0.110424534,2.869783495,0.328663526,0.19266055,0.030845771,0.060630889
54029,"Hancock County, West Virginia",0.084150913,3.218546638,0.352175587,0.17774355,0.019163414,0.104922673
54031,"Hardy County, West Virginia",0.134717452,3.47613571,0.292334495,0.121428571,0.040829212,0.089110889
54033,"Harrison County, West Virginia",0.06082632,3.298054773,0.339732695,0.159649258,0.033709171,0.064202905
54035,"Jackson County, West Virginia",0.062868949,4.116107383,0.318980983,0.153211338,0.041646225,0.081242533
54037,"Jefferson County, West Virginia",0.098133145,4.188237335,0.242595007,0.117315574,0.047639336,0.110255292
54039,"Kanawha County, West Virginia",0.064645019,3.226014375,0.348288717,0.156099518,0.029851875,0.100808054
54041,"Lewis County, West Virginia",0.089285714,3.870173475,0.297704343,0.149583272,0.035588792,0.095172953
54043,"Lincoln County, West Virginia",0.089797766,4.287054409,0.261702675,0.115354938,0.05395495,0.038956198
54045,"Logan County, West Virginia",0.031722689,3.987227866,0.253494949,0.145131313,0.049649369,0.06278809
54047,"McDowell County, West Virginia",0.042611061,2.383024558,0.354055293,0.196731327,0.047997507,0.150393701
54049,"Marion County, West Virginia",0.05639512,4.298059319,0.290516831,0.146168176,0.031606396,0.125668449
54051,"Marshall County, West Virginia",0.03302138,4.14617397,0.296640398,0.153214434,0.041208002,0.110749186
54053,"Mason County, West Virginia",0.045131146,4.145645103,0.313142292,0.163142292,0.038590505,0.063521092
54055,"Mercer County, West Virginia",0.05791773,3.489355497,0.298639206,0.142413469,0.038612938,0.074667912
54057,"Mineral County, West Virginia",0.08226769,4.437290659,0.290733004,0.162172427,0.029229556,0.098808234
54059,"Mingo County, West Virginia",0.056132075,3.395197256,0.290443198,0.137578357,0.038359532,0.172289412
54061,"Monongalia County, West Virginia",0.062185121,4.557327896,0.324186762,0.085576619,0.02280211,0.112922271
54063,"Monroe County, West Virginia",0.081822107,4.202181208,0.317667537,0.152741514,0.043550296,0.170304334
54065,"Morgan County, West Virginia",0.070979335,3.742597899,0.270948533,0.166737558,0.031623506,0.145407335
54067,"Nicholas County, West Virginia",0.078482668,3.507213851,0.290647034,0.153670676,0.043344586,0.098271156
54069,"Ohio County, West Virginia",0.067566132,3.694667296,0.375421742,0.200491794,0.022826881,0.074086535
54071,"Pendleton County, West Virginia",0.150141643,7.24,0.252011859,0.141041931,0.026904816,0.110416667
54073,"Pleasants County, West Virginia",0.099219258,3.085285848,0.235659481,0.109974425,0.037235096,0.089613035
54075,"Pocahontas County, West Virginia",0.085180863,3.30184582,0.36123348,0.219586581,0.021352313,0.156301596
54077,"Preston County, West Virginia",0.07077864,4.69462771,0.235205577,0.134357918,0.032342088,0.1996449
54079,"Putnam County, West Virginia",0.068659034,4.50407332,0.239755379,0.09534863,0.036596085,0.087706182
54081,"Raleigh County, West Virginia",0.073847303,3.37763113,0.315597891,0.161592108,0.037267975,0.108339014
54083,"Randolph County, West Virginia",0.076358158,2.578790882,0.329762594,0.164350511,0.034086067,0.078745727
54085,"Ritchie County, West Virginia",0.102217602,5.119266055,0.246852932,0.149217071,0.025419333,0.116399827
54087,"Roane County, West Virginia",0.089709763,2.822478992,0.321919062,0.172862113,0.027374005,0.125193678
54089,"Summers County, West Virginia",0.105278013,3.184625079,0.377096115,0.234355828,0.029923768,0.095824012
54091,"Taylor County, West Virginia",0.054021609,3.989784336,0.305878842,0.132945389,0.043245175,0.128219805
54093,"Tucker County, West Virginia",0.088,4.887195122,0.34696756,0.195345557,0.021255264,0.184571699
54095,"Tyler County, West Virginia",0.034242021,4.337333333,0.360922659,0.184871099,0.036190476,0.083767535
54097,"Upshur County, West Virginia",0.075713087,2.757028707,0.300723498,0.132955856,0.031115809,0.04958006
54099,"Wayne County, West Virginia",0.054002809,4.106555365,0.302827729,0.139247276,0.044038835,0.077122377
54101,"Webster County, West Virginia",0.037092544,4.039445629,0.296677741,0.155481728,0.0452575,0.128924833
54103,"Wetzel County, West Virginia",0.062939797,3.813151042,0.319228801,0.169936871,0.045607398,0.101756074
54105,"Wirt County, West Virginia",0.064612326,6.255707763,0.230339693,0.108887855,0.044217687,0.043611794
54107,"Wood County, West Virginia",0.070053759,3.272292384,0.336709431,0.1747693,0.026192535,0.10615903
54109,"Wyoming County, West Virginia",0.037278203,3.793217535,0.240937338,0.118591403,0.033694512,0.063291139
55001,"Adams County, Wisconsin",0.093269934,3.378576413,0.317131648,0.18744551,0.023959326,0.095606436
55003,"Ashland County, Wisconsin",0.091097577,3.840196681,0.357434999,0.174554484,0.022819965,0.107232818
55005,"Barron County, Wisconsin",0.125348559,4.052496546,0.293014534,0.147314685,0.012697379,0.134307423
55007,"Bayfield County, Wisconsin",0.142857143,5.163290362,0.281593225,0.158263861,0.018619475,0.139283684
55009,"Brown County, Wisconsin",0.071860006,4.265876777,0.300670969,0.118308646,0.017511594,0.100056549
55011,"Buffalo County, Wisconsin",0.134199134,4.57496361,0.301282051,0.161324786,0.00737317,0.082361651
55013,"Burnett County, Wisconsin",0.125474176,3.95088094,0.313349549,0.183860352,0.019041366,0.107013876
55015,"Calumet County, Wisconsin",0.067209776,7.025241676,0.237060641,0.102983778,0.01483706,0.07255275
55017,"Chippewa County, Wisconsin",0.115212393,4.231513168,0.294119881,0.140545468,0.017666213,0.109010142
55019,"Clark County, Wisconsin",0.167786487,5.56097561,0.260257728,0.112103724,0.025467408,0.132789384
55021,"Columbia County, Wisconsin",0.115065822,4.264730153,0.27875187,0.128469337,0.031384775,0.10364603
55023,"Crawford County, Wisconsin",0.120643432,4.389100127,0.313722494,0.150825183,0.006967363,0.181505541
55025,"Dane County, Wisconsin",0.073363932,5.064654872,0.32786681,0.09923214,0.014294499,0.085545052
55027,"Dodge County, Wisconsin",0.087560836,4.035492651,0.304225748,0.128625579,0.014917295,0.099970699
55029,"Door County, Wisconsin",0.161882255,4.590361446,0.335669388,0.178455314,0.01025201,0.0955362
55031,"Douglas County, Wisconsin",0.06156708,3.3808699,0.341774159,0.137555509,0.019690045,0.137721671
55033,"Dunn County, Wisconsin",0.102876243,3.991442833,0.317899983,0.130903402,0.015127107,0.079668823
55035,"Eau Claire County, Wisconsin",0.083254282,4.306519898,0.299569219,0.12026553,0.015675541,0.083618439
55037,"Florence County, Wisconsin",0.112016293,4.719758065,0.30451489,0.118635927,0.019258827,0.072106262
55039,"Fond Du Lac County, Wisconsin",0.075856001,4.621255642,0.311390672,0.12820997,0.017038067,0.099147855
55041,"Forest County, Wisconsin",0.130457793,3.775,0.289014236,0.151490733,0.018204844,0.127958834
55043,"Grant County, Wisconsin",0.118183553,6.101534829,0.293812616,0.123848361,0.00944578,0.072713258
55045,"Green County, Wisconsin",0.111753079,4.169735183,0.302937027,0.140053867,0.013531744,0.080682254
55047,"Green Lake County, Wisconsin",0.119728497,4.821046708,0.283738318,0.140560748,0.012748436,0.110158214
55049,"Iowa County, Wisconsin",0.12209437,5.112735849,0.29453803,0.139458908,0.014969106,0.09234073
55051,"Iron County, Wisconsin",0.156505576,3.22095672,0.337640258,0.165249915,0.005320281,0.100930233
55053,"Jackson County, Wisconsin",0.116476662,3.390016234,0.316520651,0.140926158,0.022698891,0.124877227
55055,"Jefferson County, Wisconsin",0.081994695,4.496823069,0.294440209,0.12793971,0.017698954,0.110494645
55057,"Juneau County, Wisconsin",0.089775152,3.684789644,0.298452538,0.148424231,0.023731048,0.090319258
55059,"Kenosha County, Wisconsin",0.068822208,4.116158852,0.277220598,0.10744322,0.028826932,0.088855487
55061,"Kewaunee County, Wisconsin",0.120350715,7.470242469,0.259367043,0.151570268,0.008913568,0.090557638
55063,"La Crosse County, Wisconsin",0.065167551,4.331080429,0.318758843,0.124255167,0.010589451,0.092130479
55065,"Lafayette County, Wisconsin",0.155047074,5.007628294,0.278111846,0.153337342,0.017831601,0.088491446
55067,"Langlade County, Wisconsin",0.119803308,4.629768941,0.320265309,0.176359114,0.015547914,0.06258522
55069,"Lincoln County, Wisconsin",0.092270066,3.798818316,0.335514477,0.138638966,0.023036178,0.07955623
55071,"Manitowoc County, Wisconsin",0.077405241,4.467768387,0.313109581,0.135857717,0.014096965,0.08987392
55073,"Marathon County, Wisconsin",0.095313066,5.160053574,0.271156434,0.12444232,0.02047902,0.109899268
55075,"Marinette County, Wisconsin",0.111227318,3.842276423,0.32737358,0.147288492,0.023453573,0.09345431
55077,"Marquette County, Wisconsin",0.127559727,4.263095939,0.299853587,0.16852123,0.021307331,0.092088889
55078,"Menominee County, Wisconsin",0.058446187,5.36123348,0.157612854,0.078041316,0.134776845,0.070577452
55079,"Milwaukee County, Wisconsin",0.063011496,3.496588805,0.371905243,0.123219961,0.026237281,0.112749157
55081,"Monroe County, Wisconsin",0.097342696,3.992479587,0.303746109,0.126556247,0.026564078,0.110718284
55083,"Oconto County, Wisconsin",0.110960476,5.191408374,0.243236626,0.116599339,0.016826032,0.089974293
55085,"Oneida County, Wisconsin",0.128026652,4.438976378,0.326978132,0.164890053,0.009520322,0.111144899
55087,"Outagamie County, Wisconsin",0.080931015,5.376043674,0.286759909,0.116274822,0.013041117,0.082344405
55089,"Ozaukee County, Wisconsin",0.101416593,6.164946996,0.282912642,0.151021933,0.01025658,0.069845641
55091,"Pepin County, Wisconsin",0.147196907,5.90776699,0.278752437,0.149122807,0.025792039,0.078270593
55093,"Pierce County, Wisconsin",0.086236212,5.041943882,0.264551933,0.100145046,0.014460964,0.11018859
55095,"Polk County, Wisconsin",0.115051398,4.641745895,0.270367972,0.115031833,0.020921318,0.08511356
55097,"Portage County, Wisconsin",0.084129512,5.443354313,0.289447648,0.109003446,0.009473862,0.107100228
55099,"Price County, Wisconsin",0.144199611,4.266752577,0.365158371,0.188235294,0.006420387,0.095277207
55101,"Racine County, Wisconsin",0.074506218,3.958158127,0.29022756,0.129823009,0.020383033,0.097619741
55103,"Richland County, Wisconsin",0.103023516,3.96474359,0.308365759,0.168148972,0.013510003,0.105522056
55105,"Rock County, Wisconsin",0.074260488,4.022834985,0.297490932,0.130947185,0.025201633,0.107438142
55107,"Rusk County, Wisconsin",0.135321821,4.098837209,0.322940226,0.148465267,0.016536565,0.090280602
55109,"St Croix County, Wisconsin",0.107466661,5.687565582,0.231474281,0.08962893,0.012645139,0.087511072
55111,"Sauk County, Wisconsin",0.090558429,4.600506891,0.282759126,0.118844506,0.016570282,0.110005653
55113,"Sawyer County, Wisconsin",0.166133777,3.970252851,0.336297199,0.180876979,0.021956707,0.150655796
55115,"Shawano County, Wisconsin",0.120588087,4.667760666,0.270161532,0.134510298,0.021812573,0.070117075
55117,"Sheboygan County, Wisconsin",0.07644689,4.747975049,0.317303967,0.141613133,0.012116209,0.094861011
55119,"Taylor County, Wisconsin",0.146925174,5.163729392,0.264637606,0.120711891,0.014232959,0.137083333
55121,"Trempealeau County, Wisconsin",0.122479222,5.218712989,0.298059822,0.127081649,0.011001616,0.089252145
55123,"Vernon County, Wisconsin",0.115437405,4.976047904,0.296388958,0.144108081,0.009726412,0.106544605
55125,"Vilas County, Wisconsin",0.168368349,4.311518325,0.327011548,0.178105342,0.014316351,0.077930498
55127,"Walworth County, Wisconsin",0.097238701,4.881346758,0.274046326,0.123805685,0.023833,0.10608819
55129,"Washburn County, Wisconsin",0.123327355,4.441910966,0.305570877,0.150854937,0.0206885,0.118459838
55131,"Washington County, Wisconsin",0.075935958,6.312941401,0.249329235,0.112830718,0.011910539,0.071114602
55133,"Waukesha County, Wisconsin",0.083097054,6.418325028,0.261058449,0.124990195,0.014514526,0.069750931
55135,"Waupaca County, Wisconsin",0.102022867,4.161120841,0.281368821,0.131290539,0.012254832,0.084147151
55137,"Waushara County, Wisconsin",0.109643451,4.348554033,0.303799961,0.159086434,0.024864865,0.096552527
55139,"Winnebago County, Wisconsin",0.067738447,4.135934241,0.315819468,0.125710632,0.014074663,0.092389236
55141,"Wood County, Wisconsin",0.092922082,4.144292237,0.317307994,0.146015618,0.010712384,0.103376126
56001,"Albany County, Wyoming",0.077265832,5.468250717,0.290669122,0.086863106,0.010561359,0.114468085
56003,"Big Horn County, Wyoming",0.144959677,4.29964539,0.321445331,0.184655092,0.024823657,0.114519968
56005,"Campbell County, Wyoming",0.084136397,5.527589797,0.231309612,0.083043006,0.013783496,0.165337277
56007,"Carbon County, Wyoming",0.063868338,4.259489303,0.298614674,0.120745682,0.023669284,0.079341034
56009,"Converse County, Wyoming",0.127420999,4.384823848,0.262376238,0.14533239,0.021985572,0.137308749
56011,"Crook County, Wyoming",0.145791148,5.56202144,0.285299456,0.128493648,0.013163482,0.129541864
56013,"Fremont County, Wyoming",0.154469193,3.010486577,0.314086338,0.135595539,0.049333112,0.108496308
56015,"Goshen County, Wyoming",0.177469671,3.986043266,0.311501282,0.200828566,0.030144008,0.123986648
56017,"Hot Springs County, Wyoming",0.149546106,4.435643564,0.321140143,0.14584323,0.018257527,0.111414901
56019,"Johnson County, Wyoming",0.232941765,4.868276619,0.385293377,0.156887434,0.001704449,0.086081222
56021,"Laramie County, Wyoming",0.092541041,4.014256619,0.314439588,0.121815152,0.023823103,0.11134111
56023,"Lincoln County, Wyoming",0.140439761,6.073765234,0.281295058,0.114956089,0.026094003,0.227911954
56025,"Natrona County, Wyoming",0.107695335,3.738420565,0.313512692,0.125733394,0.024807124,0.101423871
56027,"Niobrara County, Wyoming",0.247282609,2.753026634,0.362873134,0.171641791,0.004610951,0.052083333
56029,"Park County, Wyoming",0.162219631,4.948709122,0.330038314,0.176321839,0.017222444,0.10641213
56031,"Platte County, Wyoming",0.212452212,5.336196319,0.340585341,0.192178192,0.011322612,0.12056213
56033,"Sheridan County, Wyoming",0.131330637,4.506987325,0.350987295,0.14503291,0.008431786,0.11461794
56035,"Sublette County, Wyoming",0.146803297,4.558257345,0.289329882,0.14121369,0.019132217,0.224883566
56037,"Sweetwater County, Wyoming",0.068353222,4.233082707,0.301867156,0.112702785,0.030211958,0.178459612
56039,"Teton County, Wyoming",0.191145421,5.569335426,0.243338517,0.063348885,0.005718236,0.102622838
56041,"Uinta County, Wyoming",0.101338632,3.814074718,0.290667018,0.114816768,0.025668537,0.138237243
56043,"Washakie County, Wyoming",0.14137844,3.805139186,0.346807264,0.128295255,0.020272904,0.109776443
56045,"Weston County, Wyoming",0.162108731,3.85840708,0.26535254,0.09742229,0.016460026,0.168426345
72001,"Adjuntas Municipio, Puerto Rico",0.176,2.409021015,0.283701854,0.135342368,0.030475077,0.064689338
72003,"Aguada Municipio, Puerto Rico",0.182368952,2.73726722,0.256122133,0.146931184,0.036583963,0.181238725
72005,"Aguadilla Municipio, Puerto Rico",0.128883014,2.499926503,0.301709007,0.1547806,0.033846827,0.036134729
72007,"Aguas Buenas Municipio, Puerto Rico",0.141386654,3.010096931,0.252228868,0.096603092,0.030762538,0.039061458
72009,"Aibonito Municipio, Puerto Rico",0.129061027,2.226457399,0.274485825,0.144747082,0.035459305,0.01979346
72011,"A√±asco Municipio, Puerto Rico",0.124956491,2.041917808,0.293365308,0.127440904,0.03061754,0.177586986
72013,"Arecibo Municipio, Puerto Rico",0.107358029,2.070352591,0.304567882,0.156931402,0.023335386,0.059087752
72015,"Arroyo Municipio, Puerto Rico",0.065772505,2.299943725,0.302433557,0.154338777,0.038998836,0.102378802
72017,"Barceloneta Municipio, Puerto Rico",0.112975553,1.519422572,0.230797189,0.107826508,0.038312877,0.045865061
72019,"Barranquitas Municipio, Puerto Rico",0.202648704,2.867751061,0.20839745,0.098812926,0.057357989,0.142876979
72021,"Bayam√≥n Municipio, Puerto Rico",0.134542955,2.259408931,0.295757716,0.153643382,0.02621084,0.158989218
72023,"Cabo Rojo Municipio, Puerto Rico",0.180885599,2.346969245,0.281762295,0.143214936,0.035937257,0.060869565
72025,"Caguas Municipio, Puerto Rico",0.131944299,2.205571063,0.287601974,0.145855575,0.030658538,0.113848605
72027,"Camuy Municipio, Puerto Rico",0.119043238,2.908468979,0.258782909,0.128873543,0.032101123,0.016435644
72029,"Can√≥vanas Municipio, Puerto Rico",0.133603503,2.70886826,0.256525285,0.118610658,0.03995653,0.0768357
72031,"Carolina Municipio, Puerto Rico",0.11888392,1.930560436,0.301068145,0.148974678,0.036710194,0.103973753
72033,"Cata√±o Municipio, Puerto Rico",0.073547675,3.150092081,0.288833295,0.138958381,0.031032673,0.102457598
72035,"Cayey Municipio, Puerto Rico",0.137125922,2.475964514,0.28660764,0.143272862,0.026927872,0.038679245
72037,"Ceiba Municipio, Puerto Rico",0.200653417,2.491814947,0.280320906,0.18404908,0.032474362,0.080853816
72039,"Ciales Municipio, Puerto Rico",0.135707411,3.781496063,0.221446934,0.156628718,0.050820679,0.114166169
72041,"Cidra Municipio, Puerto Rico",0.170857009,4.04464005,0.254592806,0.125360738,0.036172474,0.068132441
72043,"Coamo Municipio, Puerto Rico",0.147513964,2.66745906,0.309076743,0.144604597,0.044520116,0.025832622
72045,"Comer√≠o Municipio, Puerto Rico",0.08392985,2.889364739,0.289667897,0.192250923,0.03580687,0.052893591
72047,"Corozal Municipio, Puerto Rico",0.141368903,4.491114701,0.238430211,0.145964458,0.052172357,0.055480531
72049,"Culebra Municipio, Puerto Rico",0.240418118,2.092592593,0.413870246,0.248322148,0.046113307,0.161137441
72051,"Dorado Municipio, Puerto Rico",0.126614148,2.60404226,0.265941423,0.136066946,0.033336186,0.093743547
72053,"Fajardo Municipio, Puerto Rico",0.163928234,1.883461868,0.306701646,0.160903092,0.033907991,0.058031342
72054,"Florida Municipio, Puerto Rico",0.116534989,2.564304462,0.196912061,0.113448199,0.026735834,0.076131687
72055,"Gu√°nica Municipio, Puerto Rico",0.040214477,4.288377193,0.333028697,0.169987205,0.038788407,0.011764706
72057,"Guayama Municipio, Puerto Rico",0.078947368,3.243924666,0.324530394,0.146600125,0.019440964,0.113089139
72059,"Guayanilla Municipio, Puerto Rico",0.057856821,3.119832235,0.245139877,0.135293188,0.043619569,0.005813953
72061,"Guaynabo Municipio, Puerto Rico",0.174926722,2.554122807,0.311200096,0.170481712,0.025425627,0.106691986
72063,"Gurabo Municipio, Puerto Rico",0.183986576,3.008211866,0.250505051,0.098922559,0.0417029,0.126015625
72065,"Hatillo Municipio, Puerto Rico",0.12512175,3.500727096,0.237280604,0.115677997,0.031920162,0.001367549
72067,"Hormigueros Municipio, Puerto Rico",0.047980808,2.623786408,0.282293533,0.190096107,0.043227146,0.048376408
72069,"Humacao Municipio, Puerto Rico",0.150880134,2.787771003,0.2990223,0.179226629,0.042529863,0.077261354
72071,"Isabela Municipio, Puerto Rico",0.134982218,2.908974359,0.30526174,0.139796537,0.028902932,0.064302996
72073,"Jayuya Municipio, Puerto Rico",0.084550562,3.402756508,0.210717897,0.088776542,0.046446918,0.072929936
72075,"Juana D√≠az Municipio, Puerto Rico",0.117542107,2.830889944,0.230769231,0.126621292,0.036910044,0.033814063
72077,"Juncos Municipio, Puerto Rico",0.118575851,2.354774093,0.240471662,0.11745911,0.042234913,0.034693878
72079,"Lajas Municipio, Puerto Rico",0.089815914,1.976582278,0.313154689,0.166626066,0.042551858,0.048099966
72081,"Lares Municipio, Puerto Rico",0.123215357,3.59663276,0.237481554,0.131136252,0.026820931,0.070244451
72083,"Las Mar√≠as Municipio, Puerto Rico",0.111650485,2.652550529,0.288758266,0.193240265,0.034476814,0.074891983
72085,"Las Piedras Municipio, Puerto Rico",0.09579396,3.118296955,0.24650135,0.126196906,0.029473504,0.042632678
72087,"Lo√≠za Municipio, Puerto Rico",0.077483801,2.159320809,0.257783457,0.131157063,0.053278159,0.055877004
72089,"Luquillo Municipio, Puerto Rico",0.195329087,2.143281051,0.297794118,0.149852941,0.028348328,0.115022908
72091,"Manat√≠ Municipio, Puerto Rico",0.130485507,1.898389982,0.301741209,0.165722089,0.026022732,0.028170416
72093,"Maricao Municipio, Puerto Rico",0.034711965,1.449275362,0.227129338,0.090431125,0.034011784,0.068447412
72095,"Maunabo Municipio, Puerto Rico",0.096355258,2.912578055,0.196854389,0.131659056,0.035519126,0.021616541
72097,"Mayag√ºez Municipio, Puerto Rico",0.120178581,2.262827105,0.368469482,0.184950414,0.025609837,0.068107034
72099,"Moca Municipio, Puerto Rico",0.141665927,3.367189509,0.241587445,0.094311151,0.020632512,0.029462927
72101,"Morovis Municipio, Puerto Rico",0.123237482,2.728900256,0.232212029,0.124872579,0.021915584,0.056816741
72103,"Naguabo Municipio, Puerto Rico",0.149181054,2.36089939,0.26043324,0.132174764,0.037365464,0.062144947
72105,"Naranjito Municipio, Puerto Rico",0.121268426,3.646692234,0.264878163,0.164362699,0.035988783,0.06453431
72107,"Orocovis Municipio, Puerto Rico",0.148999813,2.638822971,0.257508834,0.125588928,0.041794311,0.085890976
72109,"Patillas Municipio, Puerto Rico",0.220213259,3.139908257,0.274209167,0.147837314,0.032770516,0.085908529
72111,"Pe√±uelas Municipio, Puerto Rico",0.09917645,2.540734487,0.254359418,0.098285055,0.033064266,0.019948647
72113,"Ponce Municipio, Puerto Rico",0.099681698,2.694280908,0.330841686,0.173075108,0.033197254,0.088634784
72115,"Quebradillas Municipio, Puerto Rico",0.219430261,2.261515152,0.294472719,0.150076932,0.016469541,0.002713055
72117,"Rinc√≥n Municipio, Puerto Rico",0.215287114,2.456790123,0.290720197,0.141926395,0.021927821,0.200163177
72119,"R√≠o Grande Municipio, Puerto Rico",0.152190223,2.582931619,0.253425943,0.141355359,0.039023921,0.072730068
72121,"Sabana Grande Municipio, Puerto Rico",0.084700734,2.205825243,0.352717544,0.19895804,0.022838607,0.06253469
72123,"Salinas Municipio, Puerto Rico",0.118021922,3.624938635,0.302335151,0.153173542,0.03727491,0.032931849
72125,"San Germ√°n Municipio, Puerto Rico",0.119261349,2.022330775,0.367214533,0.231141869,0.025058658,0.053276269
72127,"San Juan Municipio, Puerto Rico",0.205565871,2.132036619,0.403158238,0.187114061,0.024604264,0.096081334
72129,"San Lorenzo Municipio, Puerto Rico",0.129574341,2.796786156,0.302359347,0.144754991,0.049451637,0.10765804
72131,"San Sebasti√°n Municipio, Puerto Rico",0.176502983,2.72771973,0.274717413,0.169122907,0.030690632,0.114156836
72133,"Santa Isabel Municipio, Puerto Rico",0.089474406,3.10182025,0.294329184,0.133056708,0.036654943,0.049063484
72135,"Toa Alta Municipio, Puerto Rico",0.086770605,4.528361138,0.210918114,0.096729883,0.043272481,0.103051548
72137,"Toa Baja Municipio, Puerto Rico",0.111609418,2.176142698,0.289646599,0.139051678,0.044242963,0.138914092
72139,"Trujillo Alto Municipio, Puerto Rico",0.144521654,2.803467477,0.266260243,0.132140454,0.031085424,0.129857118
72141,"Utuado Municipio, Puerto Rico",0.105096502,2.491990847,0.300697269,0.182258377,0.026950652,0.021776406
72143,"Vega Alta Municipio, Puerto Rico",0.128724251,3.663929619,0.238669736,0.114374157,0.048425405,0.083766797
72145,"Vega Baja Municipio, Puerto Rico",0.100359903,2.235123967,0.294954722,0.155587621,0.031318362,0.019313442
72147,"Vieques Municipio, Puerto Rico",0.271807229,1.234830575,0.336656442,0.162960123,0.021716287,0.115652174
72149,"Villalba Municipio, Puerto Rico",0.139552239,3.208490566,0.19997423,0.105398789,0.061220137,0.082106357
72151,"Yabucoa Municipio, Puerto Rico",0.116969837,2.536533896,0.28462592,0.131056326,0.050021897,0.064248427
72153,"Yauco Municipio, Puerto Rico",0.108805668,3.320528211,0.306810846,0.190606843,0.0234245,0.046896711