county_fips,Geographic Name,Geographic Subtype,Bob Barr,Total Vote,libertarian_08
1001,Autauga,County,31,23641,0.001311281
1003,Baldwin,County,220,81413,0.002702271
1005,Barbour,County,11,11630,0.00094583
1007,Bibb,County,11,8644,0.001272559
1009,Blount,County,81,24267,0.003337866
1011,Bullock,County,6,5415,0.001108033
1013,Butler,County,7,9709,0.000720981
1015,Calhoun,County,137,49242,0.002782178
1017,Chambers,County,27,14956,0.001805296
1019,Cherokee,County,44,9745,0.004515136
1021,Chilton,County,30,17785,0.001686815
1023,Choctaw,County,5,7894,0.000633392
1025,Clarke,County,16,13435,0.001190919
1027,Clay,County,16,6819,0.002346385
1029,Cleburne,County,49,6492,0.007547751
1031,Coffee,County,36,20128,0.001788553
1033,Colbert,County,73,24843,0.002938453
1035,Conecuh,County,5,6943,0.00072015
1037,Coosa,County,9,5563,0.001617832
1039,Covington,County,29,15787,0.001836954
1041,Crenshaw,County,5,6291,0.000794786
1043,Cullman,County,89,35305,0.002520889
1045,Dale,County,35,19320,0.001811594
1047,Dallas,County,20,20852,0.000959141
1049,DeKalb,County,65,24015,0.002706642
1051,Elmore,County,63,34315,0.001835932
1053,Escambia,County,28,14674,0.001908137
1055,Etowah,County,149,44737,0.003330576
1057,Fayette,County,14,7957,0.001759457
1059,Franklin,County,25,11693,0.002138031
1061,Geneva,County,34,11657,0.002916702
1063,Greene,County,2,5305,0.000377003
1065,Hale,County,7,8214,0.000852204
1067,Henry,County,8,8648,0.000925069
1069,Houston,County,59,41735,0.001413682
1071,Jackson,County,59,20874,0.002826483
1073,Jefferson,County,793,318524,0.002489608
1075,Lamar,County,5,7075,0.000706714
1077,Lauderdale,County,128,38104,0.003359227
1079,Lawrence,County,40,14680,0.002724796
1081,Lee,County,186,54325,0.003423838
1083,Limestone,County,103,33551,0.003069953
1085,Lowndes,County,3,7278,0.000412201
1087,Macon,County,4,10877,0.000367748
1089,Madison,County,579,152899,0.003786814
1091,Marengo,County,3,11471,0.000261529
1093,Marion,County,36,12355,0.0029138
1095,Marshall,County,82,33166,0.002472412
1097,Mobile,County,327,181424,0.001802408
1099,Monroe,County,6,11252,0.000533239
1101,Montgomery,County,148,104743,0.001412982
1103,Morgan,County,142,50542,0.002809545
1105,Perry,County,7,6159,0.001136548
1107,Pickens,County,3,10067,0.000298003
1109,Pike,County,16,13955,0.001146542
1111,Randolph,County,50,10384,0.0048151
1113,Russell,County,36,18915,0.001903251
1115,St. Clair,County,65,34088,0.001906829
1117,Shelby,County,304,90643,0.003353817
1119,Sumter,County,5,7020,0.000712251
1121,Talladega,County,74,34204,0.00216349
1123,Tallapoosa,County,31,19311,0.001605303
1125,Tuscaloosa,County,186,78912,0.002357056
1127,Walker,County,68,28652,0.002373307
1129,Washington,County,5,8775,0.000569801
1131,Wilcox,County,1,6494,0.000153988
1133,Winston,County,50,10031,0.004984548
4001,Apache,County,111,24262,0.004575056
4003,Cochise,County,371,48820,0.007599345
4005,Coconino,County,267,54344,0.004913146
4007,Gila,County,150,22333,0.006716518
4009,Graham,County,60,12007,0.004997085
4011,Greenlee,County,16,2913,0.005492619
4012,La Paz,County,39,5552,0.007024496
4013,Maricopa,County,7605,1364962,0.005571584
4015,Mohave,County,433,67605,0.006404852
4017,Navajo,County,158,35800,0.004413408
4019,Pima,County,1923,393428,0.004887807
4021,Pinal,County,530,104883,0.00505325
4023,Santa Cruz,County,49,13303,0.00368338
4025,Yavapai,County,638,99648,0.006402537
4027,Yuma,County,205,43615,0.004700218
5001,Arkansas,County,19,6978,0.002722843
5003,Ashley,County,39,8642,0.004512844
5005,Baxter,County,125,19981,0.006255943
5007,Benton,County,417,76073,0.005481577
5009,Boone,County,94,15474,0.006074706
5011,Bradley,County,11,4041,0.002722098
5013,Calhoun,County,14,2217,0.00631484
5015,Carroll,County,76,10579,0.007184044
5017,Chicot,County,13,5208,0.00249616
5019,Clark,County,31,9094,0.003408841
5021,Clay,County,38,5511,0.0068953
5023,Cleburne,County,57,11338,0.005027342
5025,Cleveland,County,17,3505,0.004850214
5027,Columbia,County,25,9558,0.00261561
5029,Conway,County,58,8138,0.007127058
5031,Craighead,County,145,30968,0.004682253
5033,Crawford,County,79,20532,0.003847652
5035,Crittenden,County,50,18255,0.002738976
5037,Cross,County,27,7130,0.003786816
5039,Dallas,County,13,3318,0.003918023
5041,Desha,County,20,4678,0.004275331
5043,Drew,County,29,6610,0.004387292
5045,Faulkner,County,172,41179,0.004176886
5047,Franklin,County,32,6475,0.004942085
5049,Fulton,County,27,4676,0.005774166
5051,Garland,County,204,43719,0.004666163
5053,Grant,County,30,6793,0.004416311
5055,Greene,County,78,13612,0.005730238
5057,Hempstead,County,27,7349,0.003673969
5059,Hot Spring,County,68,11955,0.005687997
5061,Howard,County,22,4846,0.004539827
5063,Independence,County,34,12299,0.002764452
5065,Izard,County,38,5218,0.007282484
5067,Jackson,County,29,5582,0.005195271
5069,Jefferson,County,89,29689,0.002997743
5071,Johnson,County,28,8180,0.003422983
5073,Lafayette,County,20,2902,0.006891799
5075,Lawrence,County,30,5830,0.005145798
5077,Lee,County,13,3763,0.00345469
5079,Lincoln,County,27,4406,0.006128007
5081,Little River,County,32,5152,0.00621118
5083,Logan,County,34,7907,0.004299987
5085,Lonoke,County,85,23741,0.003580304
5087,Madison,County,17,6328,0.002686473
5089,Marion,County,54,7162,0.007539793
5091,Miller,County,56,15063,0.003717719
5093,Mississippi,County,60,14010,0.004282655
5095,Monroe,County,17,3449,0.004928965
5097,Montgomery,County,25,3622,0.006902264
5099,Nevada,County,17,3635,0.004676754
5101,Newton,County,18,3960,0.004545455
5103,Ouachita,County,29,9960,0.002911647
5105,Perry,County,22,4279,0.005141388
5107,Phillips,County,40,8969,0.004459806
5109,Pike,County,34,3966,0.008572869
5111,Poinsett,County,25,7928,0.00315338
5113,Polk,County,50,7681,0.006509569
5115,Pope,County,89,22079,0.00403098
5117,Prairie,County,12,3381,0.003549246
5119,Pulaski,County,544,161343,0.003371699
5121,Randolph,County,41,6319,0.006488368
5123,St. Francis,County,11,9505,0.001157286
5125,Saline,County,152,44653,0.003404027
5127,Scott,County,33,3995,0.008260325
5129,Searcy,County,28,3847,0.007278399
5131,Sebastian,County,173,43212,0.004003518
5133,Sevier,County,23,4580,0.005021834
5135,Sharp,County,45,7252,0.006205185
5137,Stone,County,32,5324,0.006010518
5139,Union,County,75,17179,0.004365795
5141,Van Buren,County,42,6703,0.006265851
5143,Washington,County,317,68380,0.004635858
5145,White,County,130,26955,0.004822853
5147,Woodruff,County,25,2761,0.00905469
5149,Yell,County,24,6036,0.003976143
6001,Alameda,County,2426,621029,0.00390642
6003,Alpine,County,2,692,0.002890173
6005,Amador,County,92,18810,0.004891015
6007,Butte,County,526,98325,0.005349606
6009,Calaveras,County,170,23306,0.007294259
6011,Colusa,County,30,6429,0.004666356
6013,Contra Costa,County,1868,451650,0.004135946
6015,Del Norte,County,42,9531,0.004406673
6017,El Dorado,County,502,92926,0.005402148
6019,Fresno,County,911,272289,0.00334571
6021,Glenn,County,52,9879,0.005263691
6023,Humboldt,County,320,63727,0.005021419
6025,Imperial,County,134,38820,0.003451829
6027,Inyo,County,53,8533,0.00621118
6029,Kern,County,1068,232850,0.004586644
6031,Kings,County,173,35108,0.004927652
6033,Lake,County,153,25542,0.005990134
6035,Lassen,County,54,11387,0.00474225
6037,Los Angeles,County,16967,3318248,0.00511324
6039,Madera,County,169,42355,0.003990084
6041,Marin,County,715,140197,0.005099966
6043,Mariposa,County,51,9651,0.005284426
6045,Mendocino,County,236,40016,0.005897641
6047,Merced,County,229,63808,0.003588892
6049,Modoc,County,28,4420,0.006334842
6051,Mono,County,42,5571,0.007539041
6053,Monterey,County,586,129783,0.004515229
6055,Napa,County,314,59642,0.005264746
6057,Nevada,County,355,55647,0.006379499
6059,Orange,County,7867,1153687,0.006819007
6061,Placer,County,848,173107,0.004898704
6063,Plumas,County,53,11028,0.004805948
6065,Riverside,County,2879,647299,0.004447713
6067,Sacramento,County,2337,541101,0.004318972
6069,San Benito,County,89,19705,0.00451662
6071,San Bernardino,County,2909,606334,0.004797686
6073,San Diego,County,6028,1231047,0.004896645
6075,San Francisco,County,1786,382865,0.00466483
6077,San Joaquin,County,680,209349,0.003248165
6079,San Luis Obispo,County,713,132653,0.005374926
6081,San Mateo,County,1376,303292,0.004536882
6083,Santa Barbara,County,877,174912,0.00501395
6085,Santa Clara,County,3918,665589,0.005886516
6087,Santa Cruz,County,724,127483,0.005679189
6089,Shasta,County,427,80390,0.005311606
6091,Sierra,County,20,1991,0.010045203
6093,Siskiyou,County,157,21470,0.007312529
6095,Solano,County,602,160973,0.003739758
6097,Sonoma,County,1292,229351,0.005633287
6099,Stanislaus,County,635,161015,0.003943732
6101,Sutter,County,151,32941,0.004583953
6103,Tehama,County,141,24436,0.005770175
6105,Trinity,County,50,6374,0.007844368
6107,Tulare,County,354,105206,0.003364827
6109,Tuolumne,County,153,27181,0.005628932
6111,Ventura,County,1813,339800,0.005335491
6113,Yolo,County,315,79749,0.003949893
6115,Yuba,County,120,21401,0.005607215
8001,Adams,County,725,160501,0.004517106
8003,Alamosa,County,16,6286,0.002545339
8005,Arapahoe,County,1210,266156,0.004546206
8007,Archuleta,County,31,6625,0.004679245
8009,Baca,County,10,2175,0.004597701
8011,Bent,County,6,1920,0.003125
8013,Boulder,County,928,171763,0.005402793
8014,Broomfield,County,165,29453,0.005602146
8015,Chaffee,County,39,9921,0.003931055
8017,Cheyenne,County,3,1111,0.00270027
8019,Clear Creek,County,54,5767,0.009363621
8021,Conejos,County,3,3874,0.000774393
8023,Costilla,County,8,1697,0.004714202
8025,Crowley,County,3,1558,0.001925546
8027,Custer,County,13,2629,0.004944846
8029,Delta,County,66,15434,0.004276273
8031,Denver,County,1158,271533,0.004264675
8033,Dolores,County,7,1217,0.005751849
8035,Douglas,County,608,151819,0.004004769
8037,Eagle,County,97,21658,0.004478715
8039,Elbert,County,73,13206,0.00552779
8041,El Paso,County,1208,273175,0.004422074
8043,Fremont,County,81,19919,0.004066469
8045,Garfield,County,87,23082,0.003769171
8047,Gilpin,County,20,3369,0.00593648
8049,Grand,County,36,8309,0.004332651
8051,Gunnison,County,47,8871,0.005298163
8053,Hinsdale,County,1,599,0.001669449
8055,Huerfano,County,12,3643,0.003293988
8057,Jackson,County,4,914,0.004376368
8059,Jefferson,County,1464,295068,0.004961568
8061,Kiowa,County,2,852,0.002347418
8063,Kit Carson,County,14,3442,0.004067403
8065,Lake,County,14,3002,0.004663558
8067,La Plata,County,110,27979,0.00393152
8069,Larimer,County,862,166375,0.005181067
8071,Las Animas,County,16,6761,0.002366514
8073,Lincoln,County,4,2304,0.001736111
8075,Logan,County,26,8977,0.002896291
8077,Mesa,County,291,69631,0.004179173
8079,Mineral,County,7,623,0.011235955
8081,Moffat,County,38,5871,0.006472492
8083,Montezuma,County,48,11825,0.004059197
8085,Montrose,County,102,19153,0.005325536
8087,Morgan,County,32,10234,0.003126832
8089,Otero,County,12,8065,0.001487911
8091,Ouray,County,19,3060,0.00620915
8093,Park,County,76,9383,0.008099755
8095,Phillips,County,9,2261,0.00398054
8097,Pitkin,County,43,9966,0.00431467
8099,Prowers,County,20,4615,0.004333694
8101,Pueblo,County,173,72427,0.002388612
8103,Rio Blanco,County,12,3147,0.003813155
8105,Rio Grande,County,10,5444,0.001836885
8107,Routt,County,66,13199,0.005000379
8109,Saguache,County,17,2750,0.006181818
8111,San Juan,County,2,496,0.004032258
8113,San Miguel,County,23,4350,0.005287356
8115,Sedgwick,County,3,1351,0.002220577
8117,Summit,County,69,14899,0.004631183
8119,Teller,County,80,12906,0.006198667
8121,Washington,County,7,2513,0.002785515
8123,Weld,County,489,105866,0.004619047
8125,Yuma,County,19,4483,0.004238233
9001,Fairfield,County,0,413741,0
9003,Hartford,County,0,412728,0
9005,Litchfield,County,0,98966,0
9007,Middlesex,County,0,87253,0
9009,New Haven,County,0,382886,0
9011,New London,County,0,124874,0
9013,Tolland,County,0,75501,0
9015,Windham,County,0,50844,0
10001,Kent,County,144,66925,0.002151662
10003,New Castle,County,796,256417,0.003104318
10005,Sussex,County,169,89070,0.001897384
11001,District of Columbia,County,0,265853,0
12001,Alachua,County,582,125519,0.004636748
12003,Baker,County,14,11059,0.001265937
12005,Bay,County,236,81127,0.002909019
12007,Bradford,County,34,11676,0.002911956
12009,Brevard,County,784,287859,0.002723556
12011,Broward,County,787,733899,0.001072355
12013,Calhoun,County,12,6244,0.001921845
12015,Charlotte,County,198,85158,0.00232509
12017,Citrus,County,248,76158,0.003256388
12019,Clay,County,242,94577,0.002558762
12021,Collier,County,285,141988,0.002007212
12023,Columbia,County,77,28128,0.002737486
12027,DeSoto,County,17,10131,0.001678018
12029,Dixie,County,38,7264,0.005231278
12031,Duval,County,896,415761,0.002155084
12033,Escambia,County,314,154447,0.00203306
12035,Flagler,County,104,49031,0.002121107
12037,Franklin,County,17,6029,0.002819705
12039,Gadsden,County,30,22510,0.001332741
12041,Gilchrist,County,40,7819,0.005115744
12043,Glades,County,6,4254,0.001410437
12045,Gulf,County,18,7205,0.002498265
12047,Hamilton,County,12,5587,0.002147843
12049,Hardee,County,14,7412,0.001888829
12051,Hendry,County,21,10879,0.001930324
12053,Hernando,County,209,87901,0.002377675
12055,Highlands,County,80,44783,0.001786392
12057,Hillsborough,County,1148,513312,0.002236457
12059,Holmes,County,32,8589,0.003725696
12061,Indian River,County,167,70591,0.002365741
12063,Jackson,County,39,21565,0.001808486
12065,Jefferson,County,14,7957,0.001759457
12067,Lafayette,County,10,3359,0.002977077
12069,Lake,County,340,146926,0.00231409
12071,Lee,County,555,269276,0.002061082
12073,Leon,County,354,148608,0.002382106
12075,Levy,County,75,18725,0.00400534
12077,Liberty,County,11,3278,0.003355705
12079,Madison,County,16,8907,0.00179634
12081,Manatee,County,345,151994,0.002269826
12083,Marion,County,374,162022,0.002308328
12085,Martin,County,160,78294,0.002043579
12086,Miami-Dade,County,566,863486,0.000655483
12087,Monroe,County,139,40272,0.00345153
12089,Nassau,County,100,38304,0.002610693
12091,Okaloosa,County,274,95529,0.002868239
12093,Okeechobee,County,28,12786,0.002189895
12095,Orange,County,1009,462711,0.002180627
12097,Osceola,County,192,100670,0.001907222
12099,Palm Beach,County,807,590500,0.001366638
12101,Pasco,County,569,214866,0.002648162
12103,Pinellas,County,1259,463282,0.002717567
12105,Polk,County,565,244833,0.002307695
12107,Putnam,County,85,33171,0.002562479
12109,St. Johns,County,277,105844,0.002617059
12111,St. Lucie,County,215,120579,0.001783063
12113,Santa Rosa,County,208,76185,0.002730196
12115,Sarasota,County,507,207353,0.002445106
12117,Seminole,County,557,205895,0.002705262
12119,Sumter,County,75,48868,0.001534747
12121,Suwannee,County,49,17662,0.002774318
12123,Taylor,County,23,9366,0.002455691
12125,Union,County,8,5293,0.00151143
12127,Volusia,County,627,243824,0.002571527
12129,Wakulla,County,22,14376,0.001530328
12131,Walton,County,85,27046,0.003142794
12133,Washington,County,19,11131,0.001706945
13001,Appling,County,65,6996,0.009291023
13003,Atkinson,County,23,2904,0.00792011
13005,Bacon,County,31,3938,0.007872016
13007,Baker,County,13,1687,0.007705987
13009,Baldwin,County,109,16537,0.00659128
13011,Banks,County,89,6241,0.014260535
13013,Barrow,County,280,24582,0.011390448
13015,Bartow,County,410,36093,0.011359543
13017,Ben Hill,County,28,6036,0.004638834
13019,Berrien,County,72,6449,0.011164522
13021,Bibb,County,284,66368,0.004279171
13023,Bleckley,County,32,5071,0.006310392
13025,Brantley,County,73,6277,0.011629759
13027,Brooks,County,20,6201,0.003225286
13029,Bryan,County,89,12845,0.006928766
13031,Bulloch,County,144,23920,0.006020067
13033,Burke,County,41,9626,0.004259298
13035,Butts,County,77,9091,0.008469915
13037,Calhoun,County,7,2211,0.003165988
13039,Camden,County,87,17084,0.005092484
13043,Candler,County,20,3518,0.005685048
13045,Carroll,County,429,43498,0.009862522
13047,Catoosa,County,225,24496,0.009185173
13049,Charlton,County,22,3685,0.005970149
13051,Chatham,County,566,110238,0.005134346
13053,Chattahoochee,County,11,1653,0.006654567
13055,Chattooga,County,134,8307,0.016130974
13057,Cherokee,County,1026,93772,0.010941432
13059,Clarke,County,493,45510,0.010832784
13061,Clay,County,3,1440,0.002083333
13063,Clayton,County,353,99438,0.003549951
13065,Clinch,County,29,2696,0.010756677
13067,Cobb,County,2966,315444,0.00940262
13069,Coffee,County,57,13747,0.004146359
13071,Colquitt,County,105,13435,0.007815408
13073,Columbia,County,298,55351,0.005383823
13075,Cook,County,46,5903,0.007792648
13077,Coweta,County,410,53549,0.007656539
13079,Crawford,County,46,5240,0.008778626
13081,Crisp,County,36,7550,0.004768212
13083,Dade,County,93,6408,0.014513109
13085,Dawson,County,93,9974,0.009324243
13087,Decatur,County,56,10374,0.005398111
13089,DeKalb,County,1895,322304,0.005879542
13091,Dodge,County,70,8212,0.008524111
13093,Dooly,County,29,4160,0.006971154
13095,Dougherty,County,150,38846,0.003861401
13097,Douglas,County,419,55083,0.007606703
13099,Early,County,21,5335,0.00393627
13101,Echols,County,5,1187,0.0042123
13103,Effingham,County,132,20316,0.006497342
13105,Elbert,County,73,8317,0.008777203
13107,Emanuel,County,56,8242,0.006794467
13109,Evans,County,19,3855,0.004928664
13111,Fannin,County,154,10584,0.014550265
13113,Fayette,County,470,59321,0.007922995
13115,Floyd,County,374,34213,0.010931517
13117,Forsyth,County,705,75376,0.00935311
13119,Franklin,County,84,8073,0.010405054
13121,Fulton,County,2498,404941,0.0061688
13123,Gilmer,County,117,11149,0.010494215
13125,Glascock,County,16,1428,0.011204482
13127,Glynn,County,161,33341,0.004828889
13129,Gordon,County,208,17607,0.011813483
13131,Grady,County,45,9365,0.004805125
13133,Greene,County,47,7919,0.005935093
13135,Gwinnett,County,2345,290282,0.008078351
13137,Habersham,County,127,14808,0.008576445
13139,Hall,County,504,59928,0.008410092
13141,Hancock,County,14,4344,0.003222836
13143,Haralson,County,176,11097,0.015860142
13145,Harris,County,68,14908,0.004561309
13147,Hart,County,89,10002,0.00889822
13149,Heard,County,44,4225,0.010414201
13151,Henry,County,580,88311,0.006567698
13153,Houston,County,386,55931,0.006901361
13155,Irwin,County,26,3828,0.006792059
13157,Jackson,County,215,22960,0.009364111
13159,Jasper,County,49,5904,0.008299458
13161,Jeff Davis,County,50,5278,0.009473285
13163,Jefferson,County,24,7234,0.003317667
13165,Jenkins,County,21,3440,0.006104651
13167,Johnson,County,20,3647,0.005483959
13169,Jones,County,79,12438,0.006351503
13171,Lamar,County,60,7688,0.00780437
13173,Lanier,County,21,2873,0.007309433
13175,Laurens,County,110,19937,0.00551738
13177,Lee,County,56,13087,0.004279056
13179,Liberty,County,69,16376,0.004213483
13181,Lincoln,County,35,4416,0.007925725
13183,Long,County,43,3450,0.012463768
13185,Lowndes,County,188,39078,0.004810891
13187,Lumpkin,County,151,11075,0.013634312
13189,McDuffie,County,50,9440,0.00529661
13191,McIntosh,County,41,6229,0.006582116
13193,Macon,County,18,4981,0.003613732
13195,Madison,County,128,11334,0.011293453
13197,Marion,County,29,3184,0.00910804
13199,Meriwether,County,52,9504,0.00547138
13201,Miller,County,21,2738,0.007669832
13205,Mitchell,County,45,8120,0.005541872
13207,Monroe,County,79,12131,0.006512241
13209,Montgomery,County,23,3590,0.006406685
13211,Morgan,County,70,9151,0.007649437
13213,Murray,County,163,11382,0.014320857
13215,Muscogee,County,285,74065,0.003847971
13217,Newton,County,237,41435,0.005719802
13219,Oconee,County,177,17132,0.010331543
13221,Oglethorpe,County,60,6447,0.009306654
13223,Paulding,County,536,56985,0.009405984
13225,Peach,County,61,11165,0.005463502
13227,Pickens,County,177,12786,0.013843266
13229,Pierce,County,33,6791,0.004859373
13231,Pike,County,77,8203,0.00938681
13233,Polk,County,201,14113,0.014242188
13235,Pulaski,County,23,3953,0.005818366
13237,Putnam,County,59,9132,0.006460797
13239,Quitman,County,8,1114,0.007181329
13241,Rabun,County,96,7599,0.012633241
13243,Randolph,County,12,3215,0.003732504
13245,Richmond,County,329,79333,0.004147076
13247,Rockdale,County,232,37706,0.006152867
13249,Schley,County,6,1738,0.003452244
13251,Screven,County,34,6481,0.005246104
13253,Seminole,County,21,3996,0.005255255
13255,Spalding,County,206,25255,0.008156801
13257,Stephens,County,100,10517,0.009508415
13259,Stewart,County,17,2105,0.00807601
13261,Sumter,County,64,12235,0.005230895
13263,Talbot,County,25,3700,0.006756757
13265,Taliaferro,County,8,990,0.008080808
13267,Tattnall,County,41,6714,0.006106643
13269,Taylor,County,26,3583,0.007256489
13271,Telfair,County,26,4374,0.005944216
13273,Terrell,County,25,4416,0.005661232
13275,Thomas,County,87,18459,0.004713148
13277,Tift,County,72,14257,0.005050151
13279,Toombs,County,66,9688,0.006812552
13281,Towns,County,56,5739,0.009757798
13283,Treutlen,County,16,2954,0.005416385
13285,Troup,County,182,26028,0.00699247
13287,Turner,County,29,3553,0.008162117
13289,Twiggs,County,30,4519,0.006638637
13291,Union,County,126,10634,0.011848787
13293,Upson,County,62,11421,0.005428596
13295,Walker,County,296,23542,0.012573273
13297,Walton,County,276,36026,0.007661134
13299,Ware,County,71,12416,0.005718428
13301,Warren,County,19,2660,0.007142857
13303,Washington,County,40,8863,0.004513145
13305,Wayne,County,96,10560,0.009090909
13307,Webster,County,7,1111,0.00630063
13309,Wheeler,County,8,2210,0.00361991
13311,White,County,106,10761,0.009850386
13313,Whitfield,County,254,27677,0.009177295
13315,Wilcox,County,24,3163,0.007587733
13317,Wilkes,County,32,5052,0.006334125
13319,Wilkinson,County,23,4673,0.004921892
13321,Worth,County,43,8370,0.005137395
15001,Hawaii,County,232,66916,0.003467033
15003,Honolulu,County,790,306813,0.002574858
15007,Kauai,County,94,27224,0.003452836
15009,Maui,County,195,51789,0.003765278
16001,Ada,County,1083,179435,0.006035612
16003,Adams,County,19,2320,0.008189655
16005,Bannock,County,215,35111,0.006123437
16007,Bear Lake,County,11,2943,0.003737683
16009,Benewah,County,25,4164,0.006003842
16011,Bingham,County,91,17156,0.005304267
16013,Blaine,County,63,10573,0.005958574
16015,Boise,County,27,3773,0.007156109
16017,Bonner,County,108,19550,0.005524297
16019,Bonneville,County,256,41703,0.006138647
16021,Boundary,County,27,4734,0.005703422
16023,Butte,County,7,1410,0.004964539
16025,Camas,County,3,618,0.004854369
16027,Canyon,County,321,64257,0.004995565
16029,Caribou,County,14,3302,0.004239855
16031,Cassia,County,43,7843,0.005482596
16033,Clark,County,1,375,0.002666667
16035,Clearwater,County,31,3906,0.007936508
16037,Custer,County,12,2353,0.005099873
16039,Elmore,County,33,8437,0.003911343
16041,Franklin,County,37,5074,0.007292077
16043,Fremont,County,25,5881,0.004250978
16045,Gem,County,32,7948,0.00402617
16047,Gooding,County,27,5391,0.005008347
16049,Idaho,County,54,8212,0.006575743
16051,Jefferson,County,50,10441,0.004788813
16053,Jerome,County,46,6847,0.006718271
16055,Kootenai,County,268,61947,0.004326279
16057,Latah,County,128,17720,0.007223476
16059,Lemhi,County,32,4105,0.007795371
16061,Lewis,County,7,1804,0.003880266
16063,Lincoln,County,6,1870,0.003208556
16065,Madison,County,69,13058,0.005284117
16067,Minidoka,County,42,6890,0.006095791
16069,Nez Perce,County,72,17823,0.004039724
16071,Oneida,County,19,2162,0.008788159
16073,Owyhee,County,24,4058,0.005914243
16075,Payette,County,39,8613,0.004528039
16077,Power,County,20,2842,0.007037298
16079,Shoshone,County,39,5667,0.006881948
16081,Teton,County,19,4659,0.004078128
16083,Twin Falls,County,152,28344,0.005362687
16085,Valley,County,33,5297,0.006229941
16087,Washington,County,28,4506,0.006213937
17001,Adams,County,76,30823,0.002465691
17003,Alexander,County,13,3937,0.003302007
17005,Bond,County,36,7924,0.00454316
17007,Boone,County,123,22157,0.005551293
17009,Brown,County,8,2569,0.003114052
17011,Bureau,County,59,17113,0.003447671
17013,Calhoun,County,12,2699,0.004446091
17015,Carroll,County,27,7674,0.003518374
17017,Cass,County,20,5408,0.003698225
17019,Champaign,County,560,84143,0.006655337
17021,Christian,County,60,15100,0.00397351
17023,Clark,County,16,8288,0.001930502
17025,Clay,County,27,6454,0.004183452
17027,Clinton,County,72,17314,0.004158484
17029,Coles,County,84,23076,0.003640146
17031,Cook,County,5602,2137466,0.00262086
17033,Crawford,County,40,9129,0.004381641
17035,Cumberland,County,22,5321,0.004134561
17037,DeKalb,County,270,44818,0.006024365
17039,De Witt,County,39,7801,0.004999359
17041,Douglas,County,33,8356,0.003949258
17043,DuPage,County,1844,417973,0.004411768
17045,Edgar,County,27,8255,0.003270745
17047,Edwards,County,11,3350,0.003283582
17049,Effingham,County,45,16835,0.002673003
17051,Fayette,County,65,9680,0.006714876
17053,Ford,County,24,6386,0.003758221
17055,Franklin,County,68,18641,0.003647873
17057,Fulton,County,72,16323,0.004410954
17059,Gallatin,County,6,2859,0.002098636
17061,Greene,County,32,5807,0.005510591
17063,Grundy,County,138,22171,0.006224347
17065,Hamilton,County,9,4264,0.002110694
17067,Hancock,County,57,9469,0.006019643
17069,Hardin,County,2,2255,0.000886918
17071,Henderson,County,10,3814,0.002621919
17073,Henry,County,79,24785,0.003187412
17075,Iroquois,County,58,13596,0.004265961
17077,Jackson,County,114,25532,0.004464985
17079,Jasper,County,19,5131,0.003702982
17081,Jefferson,County,62,17141,0.003617059
17083,Jersey,County,37,10583,0.003496173
17085,Jo Daviess,County,52,11750,0.004425532
17087,Johnson,County,19,5901,0.003219793
17089,Kane,County,856,193299,0.004428373
17091,Kankakee,County,174,48016,0.003623792
17093,Kendall,County,160,46631,0.003431194
17095,Knox,County,106,23988,0.004418876
17097,Lake,County,1102,299105,0.003684325
17099,LaSalle,County,206,50185,0.004104812
17101,Lawrence,County,25,6536,0.003824969
17103,Lee,County,77,16318,0.004718716
17105,Livingston,County,64,15625,0.004096
17107,Logan,County,52,12896,0.004032258
17109,McDonough,County,47,13042,0.003603742
17111,McHenry,County,670,139268,0.004810868
17113,McLean,County,384,75750,0.005069307
17115,Macon,County,151,51216,0.002948297
17117,Macoupin,County,82,22373,0.003665132
17119,Madison,County,544,128334,0.004238939
17121,Marion,County,50,17364,0.002879521
17123,Marshall,County,26,6333,0.004105479
17125,Mason,County,24,6808,0.003525264
17127,Massac,County,24,7186,0.003339827
17129,Menard,County,20,6464,0.003094059
17131,Mercer,County,26,8848,0.002938517
17133,Monroe,County,68,18083,0.003760438
17135,Montgomery,County,46,12871,0.003573926
17137,Morgan,County,78,15353,0.00508044
17139,Moultrie,County,29,6260,0.004632588
17141,Ogle,County,129,24850,0.005191147
17143,Peoria,County,347,81704,0.004247038
17145,Perry,County,40,9995,0.004002001
17147,Piatt,County,48,8999,0.005333926
17149,Pike,County,31,7616,0.004070378
17151,Pope,County,4,2231,0.001792918
17153,Pulaski,County,2,3270,0.000611621
17155,Putnam,County,15,3337,0.004495055
17157,Randolph,County,49,15202,0.00322326
17159,Richland,County,37,7650,0.004836601
17161,Rock Island,County,223,68401,0.003260186
17163,St. Clair,County,421,125744,0.003348072
17165,Saline,County,34,11428,0.002975149
17167,Sangamon,County,385,99828,0.003856633
17169,Schuyler,County,12,3823,0.003138896
17171,Scott,County,8,2600,0.003076923
17173,Shelby,County,42,10868,0.003864556
17175,Stark,County,6,2907,0.002063983
17177,Stephenson,County,84,21605,0.003887989
17179,Tazewell,County,316,63854,0.004948789
17181,Union,County,33,9116,0.003620009
17183,Vermilion,County,156,32872,0.00474568
17185,Wabash,County,19,5782,0.00328606
17187,Warren,County,21,8029,0.002615519
17189,Washington,County,30,7932,0.003782148
17191,Wayne,County,32,8071,0.003964812
17193,White,County,34,7453,0.004561921
17195,Whiteside,County,68,26906,0.002527317
17197,Will,County,952,286420,0.00332379
17199,Williamson,County,102,30141,0.003384095
17201,Winnebago,County,747,126235,0.005917535
17203,Woodford,County,75,19483,0.00384951
18001,Adams,County,170,13513,0.012580478
18003,Allen,County,1114,150324,0.00741066
18005,Bartholomew,County,359,31043,0.011564604
18007,Benton,County,64,3814,0.016780283
18009,Blackford,County,68,5441,0.012497703
18011,Boone,County,258,26647,0.009682141
18013,Brown,County,129,8055,0.016014898
18015,Carroll,County,133,8736,0.015224359
18017,Cass,County,265,15653,0.016929662
18019,Clark,County,406,47725,0.008507072
18021,Clay,County,168,11395,0.014743308
18023,Clinton,County,153,12392,0.012346675
18025,Crawford,County,65,4744,0.013701518
18027,Daviess,County,117,10586,0.011052333
18029,Dearborn,County,208,22217,0.0093622
18031,Decatur,County,147,10488,0.014016018
18033,DeKalb,County,178,17149,0.010379614
18035,Delaware,County,563,49863,0.011290937
18037,Dubois,County,275,18565,0.01481282
18039,Elkhart,County,618,71458,0.008648437
18041,Fayette,County,151,9462,0.015958571
18043,Floyd,County,308,36537,0.008429811
18045,Fountain,County,158,7410,0.021322537
18047,Franklin,County,178,10610,0.016776626
18049,Fulton,County,154,9006,0.017099711
18051,Gibson,County,186,15095,0.012321961
18053,Grant,County,254,26299,0.009658162
18055,Greene,County,224,13629,0.016435542
18057,Hamilton,County,874,129064,0.006771834
18059,Hancock,County,343,34253,0.010013721
18061,Harrison,County,233,18091,0.012879332
18063,Hendricks,County,630,64955,0.009699022
18065,Henry,County,344,21319,0.016135841
18067,Howard,County,450,38624,0.011650787
18069,Huntington,County,179,16328,0.010962763
18071,Jackson,County,289,17374,0.016634051
18073,Jasper,County,149,12875,0.011572816
18075,Jay,County,157,8315,0.018881539
18077,Jefferson,County,155,13490,0.011489993
18079,Jennings,County,261,11839,0.022045781
18081,Johnson,County,561,58644,0.009566196
18083,Knox,County,209,16424,0.01272528
18085,Kosciusko,County,386,30134,0.012809451
18087,LaGrange,County,126,9491,0.013275735
18089,Lake,County,1528,208757,0.007319515
18091,LaPorte,County,681,46919,0.014514376
18093,Lawrence,County,287,18534,0.015485054
18095,Madison,County,716,57340,0.01248692
18097,Marion,County,2968,379362,0.007823662
18099,Marshall,County,244,18550,0.013153639
18101,Martin,County,67,4903,0.013665103
18103,Miami,County,211,14113,0.014950755
18105,Monroe,County,541,63215,0.008558095
18107,Montgomery,County,195,15285,0.012757606
18109,Morgan,County,318,28811,0.011037451
18111,Newton,County,107,6045,0.017700579
18113,Noble,County,237,16974,0.013962531
18115,Ohio,County,47,2918,0.016106923
18117,Orange,County,151,8086,0.018674252
18119,Owen,County,160,8170,0.019583843
18121,Parke,County,131,6964,0.018811028
18123,Perry,County,144,8490,0.016961131
18125,Pike,County,107,6028,0.017750498
18127,Porter,County,799,73916,0.010809568
18129,Posey,County,139,12771,0.010884034
18131,Pulaski,County,102,5964,0.017102616
18133,Putnam,County,209,14646,0.014270108
18135,Randolph,County,177,10808,0.016376758
18137,Ripley,County,199,12188,0.016327535
18139,Rush,County,129,7629,0.016909162
18141,St. Joseph,County,1039,118389,0.008776153
18143,Scott,County,161,8877,0.018136758
18145,Shelby,County,246,17574,0.013997952
18147,Spencer,County,137,10181,0.013456438
18149,Starke,County,195,9466,0.020600042
18151,Steuben,County,178,14146,0.012583062
18153,Sullivan,County,155,8782,0.017649738
18155,Switzerland,County,62,3640,0.017032967
18157,Tippecanoe,County,715,68436,0.010447718
18159,Tipton,County,125,7827,0.015970359
18161,Union,County,58,3348,0.017323775
18163,Vanderburgh,County,721,77656,0.009284537
18165,Vermillion,County,114,7135,0.015977575
18167,Vigo,County,524,43706,0.011989201
18169,Wabash,County,168,13871,0.0121116
18171,Warren,County,76,3998,0.019009505
18173,Warrick,County,310,28665,0.010814582
18175,Washington,County,193,11305,0.017072092
18177,Wayne,County,545,28562,0.019081297
18179,Wells,County,151,13073,0.011550524
18181,White,County,186,10767,0.017275007
18183,Whitley,County,187,15188,0.012312352
19001,Adair,County,10,4053,0.002467308
19003,Adams,County,6,2206,0.002719855
19005,Allamakee,County,20,7062,0.002832059
19007,Appanoose,County,27,6179,0.004369639
19009,Audubon,County,6,3436,0.001746217
19011,Benton,County,26,13717,0.001895458
19013,Black Hawk,County,171,64787,0.002639418
19015,Boone,County,56,13931,0.004019812
19017,Bremer,County,27,12872,0.002097576
19019,Buchanan,County,21,10342,0.002030555
19021,Buena Vista,County,22,8420,0.002612827
19023,Butler,County,19,7166,0.002651409
19025,Calhoun,County,11,5195,0.002117421
19027,Carroll,County,19,10395,0.001827802
19029,Cass,County,11,7352,0.001496192
19031,Cedar,County,26,9665,0.002690119
19033,Cerro Gordo,County,48,24143,0.001988154
19035,Cherokee,County,21,6368,0.003297739
19037,Chickasaw,County,12,6586,0.001822047
19039,Clarke,County,14,4445,0.003149606
19041,Clay,County,15,8402,0.001785289
19043,Clayton,County,16,8990,0.001779755
19045,Clinton,County,58,24722,0.002346089
19047,Crawford,County,23,7191,0.003198442
19049,Dallas,County,120,32643,0.003676133
19051,Davis,County,7,3818,0.001833421
19053,Decatur,County,18,4106,0.004383829
19055,Delaware,County,22,8903,0.002471077
19057,Des Moines,County,47,20574,0.002284437
19059,Dickinson,County,19,9907,0.001917836
19061,Dubuque,County,109,47963,0.002272585
19063,Emmet,County,15,5015,0.002991027
19065,Fayette,County,24,10262,0.002338725
19067,Floyd,County,23,8093,0.002841962
19069,Franklin,County,13,5149,0.002524762
19071,Fremont,County,6,3896,0.001540041
19073,Greene,County,13,4804,0.002706078
19075,Grundy,County,18,6829,0.002635818
19077,Guthrie,County,42,5849,0.007180715
19079,Hamilton,County,27,8081,0.003341171
19081,Hancock,County,20,5930,0.003372681
19083,Hardin,County,22,8861,0.00248279
19085,Harrison,County,10,7583,0.001318739
19087,Henry,County,20,9380,0.002132196
19089,Howard,County,9,4729,0.001903151
19091,Humboldt,County,14,5123,0.002732774
19093,Ida,County,12,3547,0.003383141
19095,Iowa,County,31,8548,0.003626579
19097,Jackson,County,18,9957,0.001807773
19099,Jasper,County,62,19422,0.003192256
19101,Jefferson,County,32,8632,0.003707136
19103,Johnson,County,287,72989,0.003932099
19105,Jones,County,30,10008,0.002997602
19107,Keokuk,County,13,5362,0.002424468
19109,Kossuth,County,22,9100,0.002417582
19111,Lee,County,67,17230,0.003888566
19113,Linn,County,379,113369,0.003343066
19115,Louisa,County,13,4921,0.002641739
19117,Lucas,County,10,4476,0.002234138
19119,Lyon,County,12,6220,0.00192926
19121,Madison,County,25,8481,0.002947766
19123,Mahaska,County,26,10934,0.002377904
19125,Marion,County,62,17032,0.003640207
19127,Marshall,County,64,18663,0.003429245
19129,Mills,County,23,7283,0.003158039
19131,Mitchell,County,14,5766,0.002428026
19133,Monona,County,13,4797,0.002710027
19135,Monroe,County,6,3874,0.001548787
19137,Montgomery,County,11,5289,0.002079788
19139,Muscatine,County,39,19120,0.002039749
19141,O'Brien,County,12,7333,0.001636438
19143,Osceola,County,5,3129,0.001597955
19145,Page,County,11,7359,0.001494768
19147,Palo Alto,County,12,4808,0.00249584
19149,Plymouth,County,22,12515,0.001757891
19151,Pocahontas,County,8,4012,0.001994018
19153,Polk,County,852,214409,0.003973714
19155,Pottawattamie,County,92,42324,0.002173708
19157,Poweshiek,County,32,10033,0.003189475
19159,Ringgold,County,6,2689,0.002231313
19161,Sac,County,18,5053,0.00356224
19163,Scott,County,201,86378,0.002326981
19165,Shelby,County,20,6455,0.003098373
19167,Sioux,County,31,16665,0.001860186
19169,Story,County,301,46581,0.006461862
19171,Tama,County,21,8852,0.002372345
19173,Taylor,County,11,3026,0.003635162
19175,Union,County,14,5914,0.002367264
19177,Van Buren,County,10,3612,0.002768549
19179,Wapello,County,39,15940,0.002446675
19181,Warren,County,61,24889,0.002450882
19183,Washington,County,28,10629,0.002634302
19185,Wayne,County,3,2981,0.001006374
19187,Webster,County,49,18556,0.002640655
19189,Winnebago,County,19,6085,0.003122432
19191,Winneshiek,County,29,11284,0.002570011
19193,Woodbury,County,81,44815,0.001807431
19195,Worth,County,9,4259,0.002113172
19197,Wright,County,19,6395,0.002971071
20001,Allen,County,30,5855,0.005123826
20003,Anderson,County,24,3626,0.006618864
20005,Atchison,County,37,7191,0.005145321
20007,Barber,County,9,2462,0.003655565
20009,Barton,County,52,11057,0.004702903
20011,Bourbon,County,32,6781,0.004719068
20013,Brown,County,16,4376,0.003656307
20015,Butler,County,170,27873,0.006099092
20017,Chase,County,9,1384,0.00650289
20019,Chautauqua,County,8,1852,0.004319654
20021,Cherokee,County,45,9665,0.004655975
20023,Cheyenne,County,7,1498,0.004672897
20025,Clark,County,2,1159,0.001725626
20027,Clay,County,13,4054,0.003206709
20029,Cloud,County,26,4451,0.005841384
20031,Coffey,County,19,4232,0.004489603
20033,Comanche,County,1,974,0.001026694
20035,Cowley,County,72,13787,0.005222311
20037,Crawford,County,94,16075,0.005847589
20039,Decatur,County,3,1548,0.001937984
20041,Dickinson,County,60,8667,0.006922811
20043,Doniphan,County,25,3564,0.00701459
20045,Douglas,County,307,53398,0.005749279
20047,Edwards,County,12,1357,0.008843036
20049,Elk,County,15,1434,0.010460251
20051,Ellis,County,63,12447,0.005061461
20053,Ellsworth,County,18,2938,0.006126617
20055,Finney,County,48,10354,0.00463589
20057,Ford,County,56,8864,0.00631769
20059,Franklin,County,66,11739,0.005622285
20061,Geary,County,23,8094,0.002841611
20063,Gove,County,3,1418,0.002115656
20065,Graham,County,7,1423,0.004919185
20067,Grant,County,9,2661,0.003382187
20069,Gray,County,15,2119,0.007078811
20071,Greeley,County,1,745,0.001342282
20073,Greenwood,County,14,2279,0.006143045
20075,Hamilton,County,8,1096,0.00729927
20077,Harper,County,15,2796,0.005364807
20079,Harvey,County,77,15613,0.004931788
20081,Haskell,County,4,1570,0.002547771
20083,Hodgeman,County,6,1096,0.005474453
20085,Jackson,County,29,6253,0.004637774
20087,Jefferson,County,54,8950,0.00603352
20089,Jewell,County,10,1584,0.006313131
20091,Johnson,County,1540,283432,0.005433402
20093,Kearny,County,3,1482,0.002024291
20095,Kingman,County,35,3664,0.009552402
20097,Kiowa,County,5,1135,0.004405286
20099,Labette,County,56,9031,0.006200864
20101,Lane,County,9,1027,0.008763389
20103,Leavenworth,County,162,30591,0.005295675
20105,Lincoln,County,6,1586,0.003783102
20107,Linn,County,29,4617,0.006281135
20109,Logan,County,5,1440,0.003472222
20111,Lyon,County,68,12911,0.005266827
20113,McPherson,County,70,13386,0.005229344
20115,Marion,County,23,6059,0.003796006
20117,Marshall,County,26,5036,0.005162828
20119,Meade,County,12,1931,0.006214397
20121,Miami,County,68,15377,0.004422189
20123,Mitchell,County,16,3203,0.004995317
20125,Montgomery,County,70,13907,0.005033436
20127,Morris,County,16,2841,0.00563182
20129,Morton,County,11,1402,0.007845934
20131,Nemaha,County,20,5359,0.00373204
20133,Neosho,County,31,7192,0.004310345
20135,Ness,County,5,1525,0.003278689
20137,Norton,County,13,2415,0.005383023
20139,Osage,County,59,7544,0.007820785
20141,Osborne,County,7,1930,0.003626943
20143,Ottawa,County,18,3086,0.005832793
20145,Pawnee,County,6,2879,0.002084057
20147,Phillips,County,5,2667,0.001874766
20149,Pottawatomie,County,50,9837,0.00508285
20151,Pratt,County,24,4190,0.005727924
20153,Rawlins,County,8,1549,0.005164622
20155,Reno,County,136,26512,0.005129753
20157,Republic,County,15,2671,0.005615874
20159,Rice,County,23,4021,0.00571997
20161,Riley,County,148,22997,0.006435622
20163,Rooks,County,11,2588,0.004250386
20165,Rush,County,12,1781,0.006737788
20167,Russell,County,14,3293,0.004251442
20169,Saline,County,184,22788,0.008074425
20171,Scott,County,7,2179,0.003212483
20173,Sedgwick,County,1231,192733,0.006387074
20175,Seward,County,24,5336,0.004497751
20177,Shawnee,County,418,84177,0.004965727
20179,Sheridan,County,2,1376,0.001453488
20181,Sherman,County,16,2704,0.00591716
20183,Smith,County,10,2204,0.004537205
20185,Stafford,County,8,2074,0.003857281
20187,Stanton,County,3,827,0.00362757
20189,Stevens,County,11,2127,0.005171603
20191,Sumner,County,74,10337,0.00715875
20193,Thomas,County,9,3673,0.002450313
20195,Trego,County,2,1671,0.001196888
20197,Wabaunsee,County,14,3521,0.003976143
20199,Wallace,County,5,804,0.006218905
20201,Washington,County,20,2980,0.006711409
20203,Wichita,County,3,1019,0.002944063
20205,Wilson,County,20,4121,0.004853191
20207,Woodson,County,6,1599,0.003752345
20209,Wyandotte,County,190,57169,0.00332348
21001,Adair,County,25,7298,0.003425596
21003,Allen,County,22,7390,0.002976996
21005,Anderson,County,49,10552,0.004643669
21007,Ballard,County,14,4060,0.003448276
21009,Barren,County,44,16807,0.002617957
21011,Bath,County,17,4543,0.003742021
21013,Bell,County,25,9598,0.002604709
21015,Boone,County,227,50774,0.004470792
21017,Bourbon,County,33,8330,0.003961585
21019,Boyd,County,66,20670,0.003193033
21021,Boyle,County,42,12635,0.0033241
21023,Bracken,County,18,3399,0.005295675
21025,Breathitt,County,32,5030,0.006361829
21027,Breckinridge,County,27,8522,0.00316827
21029,Bullitt,County,87,30726,0.002831478
21031,Butler,County,12,5307,0.002261165
21033,Caldwell,County,21,6199,0.003387643
21035,Calloway,County,57,15404,0.003700338
21037,Campbell,County,203,40297,0.005037596
21039,Carlisle,County,5,2617,0.001910585
21041,Carroll,County,19,3835,0.004954368
21043,Carter,County,47,9813,0.004789565
21045,Casey,County,16,5957,0.002685916
21047,Christian,County,35,22778,0.00153657
21049,Clark,County,45,15628,0.002879447
21051,Clay,County,26,7364,0.00353069
21053,Clinton,County,11,4172,0.002636625
21055,Crittenden,County,20,3930,0.005089059
21057,Cumberland,County,8,2797,0.002860207
21059,Daviess,County,143,43622,0.003278162
21061,Edmonson,County,3,5270,0.00056926
21063,Elliott,County,8,2515,0.003180915
21065,Estill,County,9,5314,0.001693639
21067,Fayette,County,595,127648,0.004661256
21069,Fleming,County,26,5832,0.004458162
21071,Floyd,County,48,15659,0.00306533
21073,Franklin,County,78,24079,0.003239337
21075,Fulton,County,11,2825,0.003893805
21077,Gallatin,County,15,3193,0.004697776
21079,Garrard,County,9,7210,0.001248266
21081,Grant,County,29,8754,0.003312771
21083,Graves,County,34,16155,0.002104612
21085,Grayson,County,22,9903,0.002221549
21087,Green,County,12,5079,0.00236267
21089,Greenup,County,69,15798,0.004367641
21091,Hancock,County,13,4144,0.003137066
21093,Hardin,County,95,39990,0.002375594
21095,Harlan,County,25,9914,0.002521687
21097,Harrison,County,23,7590,0.003030303
21099,Hart,County,22,6818,0.003226753
21101,Henderson,County,62,19861,0.003121696
21103,Henry,County,23,6919,0.00332418
21105,Hickman,County,10,2250,0.004444444
21107,Hopkins,County,62,19348,0.003204466
21109,Jackson,County,18,5224,0.003445636
21111,Jefferson,County,850,353892,0.002401863
21113,Jessamine,County,86,20214,0.004254477
21115,Johnson,County,41,8517,0.004813902
21117,Kenton,County,362,68213,0.005306906
21119,Knott,County,22,5820,0.003780069
21121,Knox,County,35,11389,0.003073141
21123,Larue,County,20,6178,0.003237294
21125,Laurel,County,55,22500,0.002444444
21127,Lawrence,County,21,5649,0.003717472
21129,Lee,County,8,2773,0.002884962
21131,Leslie,County,11,4397,0.002501706
21133,Letcher,County,27,8235,0.003278689
21135,Lewis,County,19,4791,0.003965769
21137,Lincoln,County,28,9151,0.003059775
21139,Livingston,County,11,4593,0.002394949
21141,Logan,County,23,10890,0.002112029
21143,Lyon,County,6,3855,0.00155642
21145,McCracken,County,80,30754,0.002601288
21147,McCreary,County,15,5407,0.002774182
21149,McLean,County,14,4422,0.003165988
21151,Madison,County,109,32537,0.003350032
21153,Magoffin,County,25,4651,0.005375188
21155,Marion,County,26,7615,0.003414314
21157,Marshall,County,55,15487,0.003551366
21159,Martin,County,17,3692,0.00460455
21161,Mason,County,23,7121,0.003229883
21163,Meade,County,33,11206,0.002944851
21165,Menifee,County,8,2489,0.003214142
21167,Mercer,County,23,10060,0.002286282
21169,Metcalfe,County,19,4199,0.004524887
21171,Monroe,County,14,4665,0.003001072
21173,Montgomery,County,19,10331,0.001839125
21175,Morgan,County,15,4379,0.00342544
21177,Muhlenberg,County,34,12889,0.002637908
21179,Nelson,County,56,18146,0.00308608
21181,Nicholas,County,11,2970,0.003703704
21183,Ohio,County,35,9938,0.003521835
21185,Oldham,County,100,29316,0.003411107
21187,Owen,County,20,4751,0.00420964
21189,Owsley,County,3,1686,0.001779359
21191,Pendleton,County,15,5802,0.002585315
21193,Perry,County,27,10375,0.00260241
21195,Pike,County,94,22643,0.004151393
21197,Powell,County,13,4972,0.002614642
21199,Pulaski,County,76,25766,0.002949624
21201,Robertson,County,3,1015,0.002955665
21203,Rockcastle,County,20,6274,0.003187759
21205,Rowan,County,42,8154,0.005150846
21207,Russell,County,26,7475,0.003478261
21209,Scott,County,60,19730,0.003041054
21211,Shelby,County,59,18540,0.003182309
21213,Simpson,County,24,7309,0.003283623
21215,Spencer,County,31,8049,0.00385141
21217,Taylor,County,21,10860,0.001933702
21219,Todd,County,12,4941,0.002428658
21221,Trigg,County,23,6527,0.003523824
21223,Trimble,County,26,3812,0.006820567
21225,Union,County,14,6034,0.002320186
21227,Warren,County,138,44145,0.003126062
21229,Washington,County,12,5275,0.002274882
21231,Wayne,County,27,7196,0.003752084
21233,Webster,County,20,5540,0.003610108
21235,Whitley,County,52,13704,0.003794513
21237,Wolfe,County,13,2968,0.004380054
21239,Woodford,County,45,12297,0.003659429
22001,Acadia,Parish,0,26711,0
22003,Allen,Parish,0,9467,0
22005,Ascension,Parish,0,46571,0
22007,Assumption,Parish,0,10960,0
22009,Avoyelles,Parish,0,16938,0
22011,Beauregard,Parish,0,14074,0
22013,Bienville,Parish,0,7430,0
22015,Bossier,Parish,0,45835,0
22017,Caddo,Parish,0,108660,0
22019,Calcasieu,Parish,0,82131,0
22021,Caldwell,Parish,0,4893,0
22023,Cameron,Parish,0,3793,0
22025,Catahoula,Parish,0,5225,0
22027,Claiborne,Parish,0,6841,0
22029,Concordia,Parish,0,9527,0
22031,De Soto,Parish,0,12257,0
22033,East Baton Rouge,Parish,0,197349,0
22035,East Carroll,Parish,0,3559,0
22037,East Feliciana,Parish,0,9947,0
22039,Evangeline,Parish,0,15976,0
22041,Franklin,Parish,0,9358,0
22043,Grant,Parish,0,8558,0
22045,Iberia,Parish,0,33168,0
22047,Iberville,Parish,0,16421,0
22049,Jackson,Parish,0,7736,0
22051,Jefferson,Parish,0,181120,0
22053,Jefferson Davis,Parish,0,13501,0
22055,Lafayette,Parish,0,95642,0
22057,Lafourche,Parish,0,37893,0
22059,La Salle,Parish,0,6553,0
22061,Lincoln,Parish,0,19179,0
22063,Livingston,Parish,0,50892,0
22065,Madison,Parish,0,5300,0
22067,Morehouse,Parish,0,13200,0
22069,Natchitoches,Parish,0,17067,0
22071,Orleans,Parish,0,147439,0
22073,Ouachita,Parish,0,67244,0
22075,Plaquemines,Parish,0,10449,0
22077,Pointe Coupee,Parish,0,12435,0
22079,Rapides,Parish,0,57521,0
22081,Red River,Parish,0,4629,0
22083,Richland,Parish,0,9181,0
22085,Sabine,Parish,0,9652,0
22087,St. Bernard,Parish,0,13541,0
22089,St. Charles,Parish,0,25397,0
22091,St. Helena,Parish,0,6184,0
22093,St. James,Parish,0,12564,0
22095,St. John the Baptist,Parish,0,21656,0
22097,St. Landry,Parish,0,42493,0
22099,St. Martin,Parish,0,24252,0
22101,St. Mary,Parish,0,22903,0
22103,St. Tammany,Parish,0,109542,0
22105,Tangipahoa,Parish,0,48602,0
22107,Tensas,Parish,0,3040,0
22109,Terrebonne,Parish,0,40696,0
22111,Union,Parish,0,10868,0
22113,Vermilion,Parish,0,24833,0
22115,Vernon,Parish,0,15769,0
22117,Washington,Parish,0,18624,0
22119,Webster,Parish,0,18270,0
22121,West Baton Rouge,Parish,0,11866,0
22123,West Carroll,Parish,0,4987,0
22125,West Feliciana,Parish,0,5620,0
22127,Winn,Parish,0,6772,0
23001,Androscoggin,County,0,54850,0
23003,Aroostook,County,0,35994,0
23005,Cumberland,County,0,164151,0
23007,Franklin,County,0,17178,0
23009,Hancock,County,0,32165,0
23011,Kennebec,County,0,65986,0
23013,Knox,County,0,22980,0
23015,Lincoln,County,0,21584,0
23017,Oxford,County,0,31650,0
23019,Penobscot,County,0,80467,0
23021,Piscataquis,County,0,9434,0
23023,Sagadahoc,County,0,21301,0
23025,Somerset,County,0,25758,0
23027,Waldo,County,0,21850,0
23029,Washington,County,0,16654,0
23031,York,County,0,109161,0
24001,Allegany,County,128,29742,0.004303678
24003,Anne Arundel,County,1217,259619,0.004687638
24005,Baltimore,County,1893,380938,0.004969313
24009,Calvert,County,117,44057,0.002655651
24011,Caroline,County,44,13218,0.003328794
24013,Carroll,County,513,84760,0.006052383
24015,Cecil,County,247,42494,0.005812585
24017,Charles,County,137,70127,0.001953598
24019,Dorchester,County,35,15274,0.002291476
24021,Frederick,County,509,111186,0.004577914
24023,Garrett,County,37,12872,0.002874456
24025,Harford,County,833,123295,0.006756154
24027,Howard,County,752,145233,0.005177887
24029,Kent,County,41,10020,0.004091816
24031,Montgomery,County,1335,439261,0.003039195
24033,Prince George's,County,516,374026,0.001379583
24035,Queen Anne's,County,78,24045,0.003243918
24037,St. Mary's,County,163,44409,0.003670427
24039,Somerset,County,27,9924,0.002720677
24041,Talbot,County,91,20328,0.004476584
24043,Washington,County,261,61600,0.004237013
24045,Wicomico,County,121,41854,0.002891002
24047,Worcester,County,72,27346,0.002632926
24510,Baltimore,City,675,245968,0.002744259
25001,Barnstable,County,489,132353,0.003694665
25003,Berkshire,County,248,66130,0.003750189
25005,Bristol,County,913,243120,0.003755347
25007,Dukes,County,37,10553,0.003506112
25009,Essex,County,1604,353462,0.00453797
25011,Franklin,County,182,38529,0.004723715
25013,Hampden,County,715,197720,0.003616225
25015,Hampshire,County,335,79570,0.004210129
25017,Middlesex,County,3575,726031,0.004924032
25019,Nantucket,County,23,6052,0.003800397
25021,Norfolk,County,1392,344916,0.004035765
25023,Plymouth,County,969,249817,0.003878839
25025,Suffolk,County,891,269222,0.003309536
25027,Worcester,County,1816,363594,0.004994582
26001,Alcona,County,36,6420,0.005607477
26003,Alger,County,19,4750,0.004
26005,Allegan,County,294,55279,0.005318475
26007,Alpena,County,79,15085,0.00523699
26009,Antrim,County,68,13852,0.004909038
26011,Arenac,County,36,8128,0.004429134
26013,Baraga,County,18,3644,0.004939627
26015,Barry,County,189,30565,0.006183543
26017,Bay,County,254,57428,0.00442293
26019,Benzie,County,36,10309,0.003492094
26021,Berrien,County,387,77666,0.004982875
26023,Branch,County,81,18285,0.004429861
26025,Calhoun,County,282,64196,0.004392797
26027,Cass,County,123,23576,0.00521717
26029,Charlevoix,County,70,14367,0.004872277
26031,Cheboygan,County,80,13901,0.005754982
26033,Chippewa,County,80,16708,0.004788125
26035,Clare,County,82,14567,0.005629162
26037,Clinton,County,181,40381,0.004482306
26039,Crawford,County,50,7178,0.006965729
26041,Delta,County,63,19064,0.003304658
26043,Dickinson,County,68,13311,0.005108557
26045,Eaton,County,274,57616,0.004755623
26047,Emmet,County,97,18149,0.005344647
26049,Genesee,County,790,219896,0.003592607
26051,Gladwin,County,68,13241,0.005135564
26053,Gogebic,County,24,8264,0.002904163
26055,Grand Traverse,County,244,48733,0.005006874
26057,Gratiot,County,79,17738,0.004453715
26059,Hillsdale,County,131,20449,0.006406181
26061,Houghton,County,119,15972,0.007450538
26063,Huron,County,70,17135,0.004085206
26065,Ingham,County,698,142729,0.004890387
26067,Ionia,County,139,27319,0.005088034
26069,Iosco,County,80,14187,0.005638965
26071,Iron,County,31,6162,0.005030834
26073,Isabella,County,125,28350,0.004409171
26075,Jackson,County,327,74503,0.004389085
26077,Kalamazoo,County,770,130781,0.005887705
26079,Kalkaska,County,53,8499,0.006236028
26081,Kent,County,1635,303235,0.005391858
26083,Keweenaw,County,8,1410,0.005673759
26085,Lake,County,29,5292,0.00547997
26087,Lapeer,County,317,45362,0.006988228
26089,Leelanau,County,58,14464,0.004009956
26091,Lenawee,County,244,47734,0.00511166
26093,Livingston,County,598,99638,0.006001726
26095,Luce,County,14,2740,0.005109489
26097,Mackinac,County,21,6396,0.003283302
26099,Macomb,County,2357,419216,0.0056224
26101,Manistee,County,56,13009,0.004304712
26103,Marquette,County,191,33185,0.005755612
26105,Mason,County,72,15223,0.004729685
26107,Mecosta,County,92,18664,0.004929276
26109,Menominee,County,56,11072,0.005057803
26111,Midland,County,237,43707,0.005422472
26113,Missaukee,County,32,7492,0.004271223
26115,Monroe,County,386,76422,0.005050902
26117,Montcalm,County,131,27051,0.004842705
26119,Montmorency,County,21,5360,0.00391791
26121,Muskegon,County,314,84271,0.003726074
26123,Newaygo,County,101,23105,0.004371348
26125,Oakland,County,3407,659068,0.005169421
26127,Oceana,County,50,12509,0.003997122
26129,Ogemaw,County,57,10768,0.005293462
26131,Ontonagon,County,23,3885,0.005920206
26133,Osceola,County,49,11026,0.004444041
26135,Oscoda,County,28,4328,0.006469501
26137,Otsego,County,48,12616,0.003804692
26139,Ottawa,County,704,136268,0.00516629
26141,Presque Isle,County,46,7505,0.006129247
26143,Roscommon,County,57,14051,0.004056651
26145,Saginaw,County,406,104090,0.003900471
26147,St. Clair,County,507,80900,0.006266996
26149,St. Joseph,County,163,25702,0.006341919
26151,Sanilac,County,130,20169,0.006445535
26153,Schoolcraft,County,21,4326,0.004854369
26155,Shiawassee,County,169,36415,0.004640945
26157,Tuscola,County,118,27798,0.00424491
26159,Van Buren,County,210,34766,0.006040384
26161,Washtenaw,County,852,187115,0.00455335
26163,Wayne,County,2926,890326,0.003286437
26165,Wexford,County,80,15704,0.005094244
27001,Aitkin,County,26,9410,0.002763018
27003,Anoka,County,594,182224,0.003259724
27005,Becker,County,47,16965,0.00277041
27007,Beltrami,County,62,22236,0.002788271
27009,Benton,County,53,19339,0.002740576
27011,Big Stone,County,13,2990,0.004347826
27013,Blue Earth,County,132,35070,0.003763901
27015,Brown,County,36,13620,0.002643172
27017,Carlton,County,40,18449,0.002168139
27019,Carver,County,165,49683,0.003321055
27021,Cass,County,39,16307,0.002391611
27023,Chippewa,County,7,6356,0.001101322
27025,Chisago,County,104,29305,0.003548882
27027,Clay,County,91,29259,0.003110154
27029,Clearwater,County,8,4261,0.001877494
27031,Cook,County,15,3348,0.004480287
27033,Cottonwood,County,11,6036,0.001822399
27035,Crow Wing,County,89,35165,0.002530926
27037,Dakota,County,782,225472,0.00346828
27039,Dodge,County,38,10213,0.003720748
27041,Douglas,County,32,20918,0.001529783
27043,Faribault,County,18,8152,0.002208047
27045,Fillmore,County,40,11234,0.00356062
27047,Freeborn,County,43,17280,0.002488426
27049,Goodhue,County,61,25795,0.002364799
27051,Grant,County,17,3605,0.004715673
27053,Hennepin,County,2320,663780,0.003495134
27055,Houston,County,25,10883,0.002297161
27057,Hubbard,County,29,11638,0.002491837
27059,Isanti,County,51,20053,0.00254326
27061,Itasca,County,65,24395,0.00266448
27063,Jackson,County,26,5623,0.004623866
27065,Kanabec,County,33,8499,0.00388281
27067,Kandiyohi,County,73,21895,0.003334095
27069,Kittson,County,5,2568,0.00194704
27071,Koochiching,County,28,6802,0.004116436
27073,Lac Qui Parle,County,6,4192,0.001431298
27075,Lake,County,19,6969,0.00272636
27077,Lake of the Woods,County,11,2313,0.004755728
27079,Le Sueur,County,37,15009,0.002465188
27081,Lincoln,County,7,3126,0.002239283
27083,Lyon,County,34,12708,0.00267548
27085,McLeod,County,39,19029,0.002049503
27087,Mahnomen,County,8,2343,0.003414426
27089,Marshall,County,8,4739,0.00168812
27091,Martin,County,22,10754,0.00204575
27093,Meeker,County,21,12545,0.001673974
27095,Mille Lacs,County,33,13544,0.002436503
27097,Morrison,County,43,16743,0.002568237
27099,Mower,County,45,19187,0.002345338
27101,Murray,County,8,4813,0.001662165
27103,Nicollet,County,41,18245,0.002247191
27105,Nobles,County,15,8813,0.001702031
27107,Norman,County,12,3434,0.003494467
27109,Olmsted,County,306,76470,0.004001569
27111,Otter Tail,County,81,32687,0.002478049
27113,Pennington,County,24,6822,0.00351803
27115,Pine,County,44,14383,0.003059167
27117,Pipestone,County,12,4801,0.002499479
27119,Polk,County,32,15334,0.002086866
27121,Pope,County,11,6536,0.001682987
27123,Ramsey,County,963,277386,0.003471696
27125,Red Lake,County,3,2191,0.001369238
27127,Redwood,County,19,7806,0.002434025
27129,Renville,County,25,8135,0.003073141
27131,Rice,County,96,31799,0.003018963
27133,Rock,County,13,4975,0.002613065
27135,Roseau,County,16,7700,0.002077922
27137,St. Louis,County,343,118814,0.002886865
27139,Scott,County,250,67132,0.003724006
27141,Sherburne,County,113,44990,0.002511669
27143,Sibley,County,17,7729,0.002199508
27145,Stearns,County,196,78756,0.002488699
27147,Steele,County,63,19656,0.003205128
27149,Stevens,County,16,5634,0.002839901
27151,Swift,County,14,5244,0.002669718
27153,Todd,County,30,12257,0.002447581
27155,Traverse,County,4,2035,0.001965602
27157,Wabasha,County,32,11893,0.002690658
27159,Wadena,County,11,7169,0.001534384
27161,Waseca,County,26,9888,0.00262945
27163,Washington,County,442,137059,0.003224889
27165,Watonwan,County,11,5258,0.00209205
27167,Wilkin,County,11,3414,0.003222027
27169,Winona,County,106,27935,0.003794523
27171,Wright,County,194,65578,0.002958309
27173,Yellow Medicine,County,23,5569,0.004130005
28001,Adams,County,47,15696,0.002994393
28003,Alcorn,County,45,15182,0.002964036
28005,Amite,County,9,7650,0.001176471
28007,Attala,County,18,9183,0.001960144
28009,Benton,County,14,4638,0.003018542
28011,Bolivar,County,53,15381,0.00344581
28013,Calhoun,County,9,7034,0.0012795
28015,Carroll,County,6,5965,0.001005868
28017,Chickasaw,County,15,9058,0.001655995
28019,Choctaw,County,10,4128,0.002422481
28021,Claiborne,County,12,5453,0.002200624
28023,Clarke,County,8,8397,0.000952721
28025,Clay,County,13,11092,0.001172016
28027,Coahoma,County,15,10568,0.001419379
28029,Copiah,County,14,14502,0.000965384
28031,Covington,County,22,9461,0.002325336
28033,DeSoto,County,129,64323,0.002005503
28035,Forrest,County,84,27184,0.003090053
28037,Franklin,County,10,4685,0.002134472
28039,George,County,17,9335,0.001821103
28041,Greene,County,17,5789,0.002936604
28043,Grenada,County,20,11321,0.001766628
28045,Hancock,County,62,17056,0.003635084
28047,Harrison,County,135,61957,0.002178931
28049,Hinds,County,127,108902,0.001166186
28051,Holmes,County,18,9543,0.001886199
28053,Humphreys,County,11,5126,0.002145923
28055,Issaquena,County,1,950,0.001052632
28057,Itawamba,County,29,9951,0.00291428
28059,Jackson,County,153,54296,0.002817887
28061,Jasper,County,13,9210,0.001411509
28063,Jefferson,County,8,4478,0.001786512
28065,Jefferson Davis,County,10,7370,0.001356852
28067,Jones,County,63,29273,0.002152154
28069,Kemper,County,8,5223,0.001531687
28071,Lafayette,County,75,18460,0.004062839
28073,Lamar,County,57,23910,0.00238394
28075,Lauderdale,County,48,33114,0.001449538
28077,Lawrence,County,14,7009,0.001997432
28079,Leake,County,17,9359,0.001816433
28081,Lee,County,55,34960,0.001573227
28083,Leflore,County,24,13081,0.001834722
28085,Lincoln,County,19,16402,0.001158395
28087,Lowndes,County,59,27465,0.002148189
28089,Madison,County,74,47269,0.001565508
28091,Marion,County,21,13010,0.001614143
28093,Marshall,County,29,16478,0.001759922
28095,Monroe,County,27,17496,0.00154321
28097,Montgomery,County,3,5712,0.00052521
28099,Neshoba,County,15,11402,0.001315559
28101,Newton,County,11,9855,0.001116185
28103,Noxubee,County,13,6589,0.001972985
28105,Oktibbeha,County,50,18792,0.002660707
28107,Panola,County,35,16416,0.002132066
28109,Pearl River,County,50,22443,0.002227866
28111,Perry,County,18,5664,0.003177966
28113,Pike,County,31,18055,0.001716976
28115,Pontotoc,County,26,12868,0.002020516
28117,Prentiss,County,33,10944,0.003015351
28119,Quitman,County,10,4168,0.002399232
28121,Rankin,County,133,63103,0.002107665
28123,Scott,County,13,11671,0.001113872
28125,Sharkey,County,2,2795,0.000715564
28127,Simpson,County,23,12610,0.001823949
28129,Smith,County,16,8305,0.00192655
28131,Stone,County,15,7246,0.002070108
28133,Sunflower,County,27,11193,0.002412222
28135,Tallahatchie,County,9,6943,0.00129627
28137,Tate,County,19,12778,0.001486931
28139,Tippah,County,33,9725,0.003393316
28141,Tishomingo,County,31,8419,0.003682148
28143,Tunica,County,8,4332,0.001846722
28145,Union,County,25,12195,0.002050021
28147,Walthall,County,17,7780,0.00218509
28149,Warren,County,28,21764,0.001286528
28151,Washington,County,22,19583,0.001123423
28153,Wayne,County,13,10022,0.001297146
28155,Webster,County,7,5457,0.001282756
28157,Wilkinson,County,9,5139,0.001751313
28159,Winston,County,16,10221,0.001565405
28161,Yalobusha,County,7,6826,0.001025491
28163,Yazoo,County,17,11477,0.001481223
29001,Adair,County,88,11871,0.007413023
29003,Andrew,County,45,8790,0.005119454
29005,Atchison,County,11,2976,0.003696237
29007,Audrain,County,64,10781,0.00593637
29009,Barry,County,69,14644,0.004711827
29011,Barton,County,27,5948,0.004539341
29013,Bates,County,41,8283,0.004949897
29015,Benton,County,51,9567,0.005330825
29017,Bollinger,County,30,5784,0.005186722
29019,Boone,County,662,85251,0.007765305
29021,Buchanan,County,209,39040,0.005353484
29023,Butler,County,70,17338,0.004037375
29025,Caldwell,County,24,4564,0.005258545
29027,Callaway,County,145,19321,0.007504788
29029,Camden,County,75,22133,0.003388605
29031,Cape Girardeau,County,157,37355,0.004202918
29033,Carroll,County,10,4538,0.002203614
29035,Carter,County,10,2898,0.003450656
29037,Cass,County,160,50179,0.003188585
29039,Cedar,County,28,6354,0.004406673
29041,Chariton,County,25,4214,0.005932606
29043,Christian,County,133,37697,0.003528132
29045,Clark,County,27,3456,0.0078125
29047,Clay,County,384,109606,0.003503458
29049,Clinton,County,54,10454,0.005165487
29051,Cole,County,164,38745,0.004232804
29053,Cooper,County,63,8026,0.007849489
29055,Crawford,County,42,10085,0.004164601
29057,Dade,County,11,4112,0.002675097
29059,Dallas,County,26,7683,0.003384095
29061,Daviess,County,22,3786,0.005810882
29063,DeKalb,County,27,4683,0.005765535
29065,Dent,County,32,6868,0.004659289
29067,Douglas,County,24,6712,0.003575685
29069,Dunklin,County,38,11764,0.003230194
29071,Franklin,County,179,49293,0.003631347
29073,Gasconade,County,31,7771,0.003989191
29075,Gentry,County,22,3292,0.006682868
29077,Greene,County,649,135695,0.004782785
29079,Grundy,County,25,4740,0.005274262
29081,Harrison,County,14,3915,0.00357599
29083,Henry,County,58,11159,0.005197598
29085,Hickory,County,30,5115,0.005865103
29087,Holt,County,11,2633,0.004177744
29089,Howard,County,40,4855,0.008238929
29091,Howell,County,81,17029,0.004756592
29093,Iron,County,20,4414,0.004531038
29095,Jackson,County,1016,339266,0.0029947
29097,Jasper,County,194,48025,0.004039563
29099,Jefferson,County,413,105704,0.003907137
29101,Johnson,County,108,22080,0.004891304
29103,Knox,County,17,2024,0.008399209
29105,Laclede,County,69,16323,0.004227164
29107,Lafayette,County,70,16600,0.004216867
29109,Lawrence,County,71,16637,0.004267596
29111,Lewis,County,21,4502,0.004664594
29113,Lincoln,County,109,23550,0.00462845
29115,Linn,County,39,5931,0.00657562
29117,Livingston,County,30,6552,0.004578755
29119,McDonald,County,42,8135,0.005162876
29121,Macon,County,30,7474,0.004013915
29123,Madison,County,20,5028,0.003977725
29125,Maries,County,16,4548,0.00351803
29127,Marion,County,40,12553,0.003186489
29129,Mercer,County,10,1748,0.005720824
29131,Miller,County,54,11535,0.004681404
29133,Mississippi,County,25,5356,0.004667662
29135,Moniteau,County,34,6665,0.005101275
29137,Monroe,County,26,4314,0.006026889
29139,Montgomery,County,22,5856,0.003756831
29141,Morgan,County,43,9149,0.004699967
29143,New Madrid,County,31,8092,0.003830944
29145,Newton,County,87,25406,0.003424388
29147,Nodaway,County,39,10219,0.00381642
29149,Oregon,County,22,4591,0.004791984
29151,Osage,County,40,7079,0.005650516
29153,Ozark,County,21,4686,0.004481434
29155,Pemiscot,County,10,7047,0.001419044
29157,Perry,County,31,8647,0.003585058
29159,Pettis,County,80,18208,0.004393673
29161,Phelps,County,91,19438,0.004681552
29163,Pike,County,29,7881,0.003679736
29165,Platte,County,179,46480,0.003851119
29167,Polk,County,59,13697,0.004307513
29169,Pulaski,County,59,15000,0.003933333
29171,Putnam,County,11,2339,0.004702864
29173,Ralls,County,13,5084,0.002557042
29175,Randolph,County,56,10624,0.005271084
29177,Ray,County,47,11053,0.004252239
29179,Reynolds,County,20,3287,0.006084576
29181,Ripley,County,52,5363,0.009696066
29183,St. Charles,County,598,188529,0.003171926
29185,St. Clair,County,31,4988,0.006214916
29186,Ste. Genevieve,County,31,8825,0.003512748
29187,St. Francois,County,105,24550,0.004276986
29189,St. Louis,County,1674,559854,0.002990065
29195,Saline,County,64,9848,0.006498781
29197,Schuyler,County,13,1983,0.006555724
29199,Scotland,County,15,2098,0.007149666
29201,Scott,County,61,18026,0.003384001
29203,Shannon,County,17,3838,0.00442939
29205,Shelby,County,16,3316,0.00482509
29207,Stoddard,County,61,13262,0.004599608
29209,Stone,County,65,16387,0.003966559
29211,Sullivan,County,16,2869,0.005576856
29213,Taney,County,80,21664,0.003692762
29215,Texas,County,59,10851,0.005437287
29217,Vernon,County,33,8878,0.003717053
29219,Warren,County,64,15576,0.004108885
29221,Washington,County,37,9614,0.003848554
29223,Wayne,County,38,6154,0.006174846
29225,Webster,County,71,16356,0.004340915
29227,Worth,County,12,1174,0.010221465
29229,Wright,County,27,8514,0.003171247
29510,St. Louis,City,494,158858,0.003109695
30001,Beaverhead,County,14,4763,0.002939324
30003,Big Horn,County,4,5219,0.00076643
30005,Blaine,County,8,2926,0.002734108
30007,Broadwater,County,9,2807,0.00320627
30009,Carbon,County,20,5750,0.003478261
30011,Carter,County,4,722,0.005540166
30013,Cascade,County,79,35396,0.002231891
30015,Chouteau,County,8,2861,0.002796225
30017,Custer,County,19,5452,0.00348496
30019,Daniels,County,2,1073,0.001863933
30021,Dawson,County,15,4444,0.003375338
30023,Deer Lodge,County,16,5074,0.003153331
30025,Fallon,County,1,1433,0.000697837
30027,Fergus,County,21,6232,0.003369705
30029,Flathead,County,92,43744,0.002103146
30031,Gallatin,County,137,48169,0.002844153
30033,Garfield,County,2,727,0.002751032
30035,Glacier,County,10,4971,0.002011668
30037,Golden Valley,County,2,492,0.004065041
30039,Granite,County,7,1718,0.004074505
30041,Hill,County,29,6625,0.004377358
30043,Jefferson,County,15,6341,0.002365557
30045,Judith Basin,County,6,1236,0.004854369
30047,Lake,County,28,13919,0.002011639
30049,Lewis and Clark,County,102,32873,0.00310285
30051,Liberty,County,2,1001,0.001998002
30053,Lincoln,County,44,9227,0.004768614
30055,McCone,County,1,1091,0.00091659
30057,Madison,County,19,4568,0.00415937
30059,Meagher,County,14,966,0.014492754
30061,Mineral,County,5,1997,0.002503756
30063,Missoula,County,162,59104,0.002740931
30065,Musselshell,County,13,2306,0.005637467
30067,Park,County,27,8898,0.00303439
30069,Petroleum,County,1,300,0.003333333
30071,Phillips,County,10,2123,0.004710316
30073,Pondera,County,7,2885,0.002426343
30075,Powder River,County,3,1038,0.002890173
30077,Powell,County,6,2814,0.002132196
30079,Prairie,County,2,735,0.002721088
30081,Ravalli,County,64,22101,0.002895797
30083,Richland,County,16,4516,0.003542958
30085,Roosevelt,County,10,4153,0.002407898
30087,Rosebud,County,11,3810,0.002887139
30089,Sanders,County,27,5868,0.004601227
30091,Sheridan,County,7,2006,0.003489531
30093,Silver Bow,County,35,16969,0.002062585
30095,Stillwater,County,12,4667,0.002571245
30097,Sweet Grass,County,3,2083,0.00144023
30099,Teton,County,14,3272,0.004278729
30101,Toole,County,11,2121,0.005186233
30103,Treasure,County,5,486,0.010288066
30105,Valley,County,16,3911,0.004091025
30107,Wheatland,County,3,983,0.003051882
30109,Wibaux,County,2,563,0.003552398
30111,Yellowstone,County,156,70431,0.002214934
31001,Adams,County,40,13210,0.003028009
31003,Antelope,County,9,3185,0.002825746
31005,Arthur,County,1,263,0.003802281
31007,Banner,County,1,416,0.002403846
31009,Blaine,County,2,316,0.006329114
31011,Boone,County,5,2836,0.001763047
31013,Box Butte,County,25,4979,0.005021089
31015,Boyd,County,2,1110,0.001801802
31017,Brown,County,7,1567,0.004467135
31019,Buffalo,County,54,19293,0.002798943
31021,Burt,County,8,3387,0.002361972
31023,Butler,County,11,3839,0.00286533
31025,Cass,County,54,12122,0.00445471
31027,Cedar,County,4,4174,0.000958313
31029,Chase,County,8,1844,0.004338395
31031,Cherry,County,10,3059,0.003269042
31033,Cheyenne,County,19,4839,0.003926431
31035,Clay,County,8,3033,0.002637652
31037,Colfax,County,10,3203,0.003122073
31039,Cuming,County,8,4087,0.001957426
31041,Custer,County,22,5578,0.003944066
31043,Dakota,County,8,6396,0.001250782
31045,Dawes,County,17,3775,0.004503311
31047,Dawson,County,26,7986,0.003255697
31049,Deuel,County,5,993,0.005035247
31051,Dixon,County,5,2794,0.001789549
31053,Dodge,County,55,15550,0.003536977
31055,Douglas,County,775,226701,0.0034186
31057,Dundy,County,3,1019,0.002944063
31059,Fillmore,County,7,2947,0.002375297
31061,Franklin,County,4,1552,0.00257732
31063,Frontier,County,5,1404,0.003561254
31065,Furnas,County,5,2328,0.002147766
31067,Gage,County,51,10160,0.005019685
31069,Garden,County,0,1138,0
31071,Garfield,County,4,1030,0.003883495
31073,Gosper,County,1,1048,0.000954198
31075,Grant,County,0,367,0
31077,Greeley,County,6,1199,0.00500417
31079,Hall,County,73,21271,0.003431903
31081,Hamilton,County,8,4799,0.001667014
31083,Harlan,County,9,1766,0.005096263
31085,Hayes,County,2,553,0.003616637
31087,Hitchcock,County,6,1379,0.004350979
31089,Holt,County,31,4974,0.006232409
31091,Hooker,County,2,438,0.00456621
31093,Howard,County,8,2996,0.002670227
31095,Jefferson,County,9,3697,0.002434406
31097,Johnson,County,10,2110,0.004739336
31099,Kearney,County,6,3150,0.001904762
31101,Keith,County,10,3968,0.002520161
31103,Keya Paha,County,3,533,0.005628518
31105,Kimball,County,1,1811,0.000552181
31107,Knox,County,14,4084,0.003428012
31109,Lancaster,County,393,127490,0.003082595
31111,Lincoln,County,52,16277,0.003194692
31113,Logan,County,0,416,0
31115,Loup,County,1,393,0.002544529
31117,McPherson,County,4,293,0.013651877
31119,Madison,County,42,14045,0.002990388
31121,Merrick,County,7,3431,0.002040222
31123,Morrill,County,7,2351,0.002977456
31125,Nance,County,6,1707,0.003514938
31127,Nemaha,County,15,3474,0.004317789
31129,Nuckolls,County,8,2221,0.003601981
31131,Otoe,County,25,7092,0.003525099
31133,Pawnee,County,6,1384,0.00433526
31135,Perkins,County,5,1420,0.003521127
31137,Phelps,County,11,4473,0.0024592
31139,Pierce,County,20,3226,0.006199628
31141,Platte,County,46,13420,0.00342772
31143,Polk,County,7,2543,0.002752654
31145,Red Willow,County,15,5044,0.00297383
31147,Richardson,County,14,3968,0.003528226
31149,Rock,County,2,801,0.002496879
31151,Saline,County,20,5251,0.003808798
31153,Sarpy,County,299,68022,0.004395637
31155,Saunders,County,48,10212,0.004700353
31157,Scotts Bluff,County,52,14730,0.00353021
31159,Seward,County,35,7529,0.004648692
31161,Sheridan,County,13,2462,0.00528026
31163,Sherman,County,1,1572,0.000636132
31165,Sioux,County,2,732,0.00273224
31167,Stanton,County,8,2495,0.003206413
31169,Thayer,County,11,2659,0.004136894
31171,Thomas,County,1,390,0.002564103
31173,Thurston,County,9,2126,0.004233302
31175,Valley,County,11,2423,0.004539827
31177,Washington,County,35,10320,0.003391473
31179,Wayne,County,11,3808,0.002888655
31181,Webster,County,4,1817,0.002201431
31183,Wheeler,County,2,440,0.004545455
31185,York,County,15,6568,0.0022838
32001,Churchill,County,42,10605,0.003960396
32003,Clark,County,2733,651172,0.004197048
32005,Douglas,County,140,25904,0.005404571
32007,Elko,County,86,16019,0.005368625
32009,Esmeralda,County,12,439,0.027334852
32011,Eureka,County,2,745,0.002684564
32013,Humboldt,County,23,5664,0.004060734
32015,Lander,County,4,2102,0.00190295
32017,Lincoln,County,16,2107,0.007593735
32019,Lyon,County,103,21103,0.004880823
32021,Mineral,County,11,2307,0.004768097
32023,Nye,County,118,17491,0.006746327
32027,Pershing,County,8,1836,0.004357298
32029,Storey,County,12,2418,0.004962779
32031,Washoe,County,789,180414,0.004373275
32033,White Pine,County,26,3842,0.006767309
32510,Carson City,City,138,23680,0.005827703
33001,Belknap,County,96,33614,0.002855953
33003,Carroll,County,79,29056,0.002718888
33005,Cheshire,County,152,42823,0.003549494
33007,Coos,County,39,16348,0.002385613
33009,Grafton,County,151,49890,0.003026659
33011,Hillsborough,County,717,204709,0.003502533
33013,Merrimack,County,221,80106,0.002758845
33015,Rockingham,County,544,167822,0.00324153
33017,Strafford,County,166,63848,0.002599925
33019,Sullivan,County,52,22754,0.002285312
34001,Atlantic,County,276,119042,0.002318509
34003,Bergen,County,596,414733,0.001437069
34005,Burlington,County,529,223174,0.002370348
34007,Camden,County,708,235704,0.003003767
34009,Cape May,County,105,50835,0.002065506
34011,Cumberland,County,119,58065,0.002049427
34013,Essex,County,362,316183,0.001144907
34015,Gloucester,County,387,139430,0.002775586
34017,Hudson,County,298,211312,0.001410237
34019,Hunterdon,County,314,69849,0.004495412
34021,Mercer,County,380,160039,0.002374421
34023,Middlesex,County,603,321015,0.001878417
34025,Monmouth,County,763,312616,0.002440694
34027,Morris,County,632,246916,0.002559575
34029,Ocean,County,500,274298,0.001822835
34031,Passaic,County,252,187395,0.001344753
34033,Salem,County,174,31363,0.005547939
34035,Somerset,County,567,151078,0.003753028
34037,Sussex,County,254,74154,0.003425304
34039,Union,County,441,222097,0.001985619
34041,Warren,County,181,48939,0.003698482
35001,Bernalillo,County,940,285778,0.003289266
35003,Catron,County,10,2112,0.004734848
35005,Chaves,County,54,22112,0.002442113
35006,Cibola,County,12,9097,0.001319116
35007,Colfax,County,9,6384,0.001409774
35009,Curry,County,33,14438,0.002285635
35011,De Baca,County,2,1044,0.001915709
35013,Dona Ana,County,221,69280,0.003189954
35015,Eddy,County,59,20093,0.002936346
35017,Grant,County,40,13755,0.002908033
35019,Guadalupe,County,2,2196,0.000910747
35021,Harding,County,0,626,0
35023,Hidalgo,County,4,1951,0.002050231
35025,Lea,County,39,18645,0.002091714
35027,Lincoln,County,35,9696,0.003609736
35028,Los Alamos,County,68,11069,0.006143283
35029,Luna,County,38,8340,0.004556355
35031,McKinley,County,37,23207,0.001594347
35033,Mora,County,3,2760,0.001086957
35035,Otero,County,81,21766,0.0037214
35037,Quay,County,19,3996,0.004754755
35039,Rio Arriba,County,18,16940,0.001062574
35041,Roosevelt,County,25,6720,0.003720238
35043,Sandoval,County,178,58630,0.003035988
35045,San Juan,County,115,46511,0.002472533
35047,San Miguel,County,17,12941,0.001313654
35049,Santa Fe,County,187,72223,0.002589203
35051,Sierra,County,19,5485,0.003463993
35053,Socorro,County,41,7895,0.00519316
35055,Taos,County,34,16886,0.002013502
35057,Torrance,County,25,6941,0.003601786
35059,Union,County,3,1742,0.001722158
35061,Valencia,County,60,28899,0.002076196
36001,Albany,County,521,147266,0.003537816
36003,Allegany,County,84,18406,0.004563729
36005,Bronx,County,209,381322,0.000548093
36007,Broome,County,361,88837,0.004063622
36009,Cattaraugus,County,118,32617,0.003617745
36011,Cayuga,County,164,34022,0.00482041
36013,Chautauqua,County,238,58802,0.004047481
36015,Chemung,County,127,38695,0.003282078
36017,Chenango,County,90,20847,0.004317168
36019,Clinton,County,109,33337,0.00326964
36021,Columbia,County,124,31433,0.003944899
36023,Cortland,County,68,21920,0.00310219
36025,Delaware,County,93,20389,0.004561283
36027,Dutchess,County,427,132302,0.003227464
36029,Erie,County,1393,441985,0.003151691
36031,Essex,County,66,18595,0.003549341
36033,Franklin,County,56,17520,0.003196347
36035,Fulton,County,79,21824,0.003619868
36037,Genesee,County,84,26890,0.003123838
36039,Greene,County,87,22335,0.003895232
36041,Hamilton,County,11,3411,0.003224861
36043,Herkimer,County,93,27184,0.00342113
36045,Jefferson,County,121,38886,0.00311166
36047,Kings,County,876,759848,0.001152862
36049,Lewis,County,52,11138,0.004668702
36051,Livingston,County,118,30149,0.003913894
36053,Madison,County,204,29802,0.006845178
36055,Monroe,County,1428,356424,0.004006464
36057,Montgomery,County,71,20175,0.003519207
36059,Nassau,County,1254,635618,0.001972883
36061,New York,County,1378,667885,0.002063229
36063,Niagara,County,317,95272,0.003327315
36065,Oneida,County,405,94365,0.004291845
36067,Onondaga,County,1328,218239,0.006085072
36069,Ontario,County,238,51020,0.004664837
36071,Orange,County,399,151982,0.002625311
36073,Orleans,County,64,16584,0.003859141
36075,Oswego,County,287,49349,0.005815721
36077,Otsego,County,113,26121,0.004326021
36079,Putnam,County,148,47244,0.003132673
36081,Queens,County,768,640137,0.001199743
36083,Rensselaer,County,283,73986,0.003825048
36085,Richmond,County,217,166578,0.001302693
36087,Rockland,County,222,132193,0.001679363
36089,St. Lawrence,County,139,41326,0.0033635
36091,Saratoga,County,446,111387,0.004004058
36093,Schenectady,County,274,69842,0.003923141
36095,Schoharie,County,58,14402,0.004027218
36097,Schuyler,County,21,8600,0.00244186
36099,Seneca,County,80,14741,0.00542704
36101,Steuben,County,141,41911,0.003364272
36103,Suffolk,County,1443,659779,0.002187096
36105,Sullivan,County,79,31183,0.002533432
36107,Tioga,County,107,23131,0.004625827
36109,Tompkins,County,188,42552,0.004418124
36111,Ulster,County,319,89149,0.003578279
36113,Warren,County,93,32245,0.002884168
36115,Washington,County,106,25730,0.004119705
36117,Wayne,County,174,41045,0.00423925
36119,Westchester,County,943,413044,0.00228305
36121,Wyoming,County,60,17667,0.003396162
36123,Yates,County,32,10280,0.00311284
37001,Alamance,County,436,64353,0.006775131
37003,Alexander,County,187,17254,0.010838067
37005,Alleghany,County,79,5263,0.01501045
37007,Anson,County,43,10733,0.004006336
37009,Ashe,County,194,13069,0.014844288
37011,Avery,County,40,7943,0.005035881
37013,Beaufort,County,96,23010,0.004172099
37015,Bertie,County,22,9763,0.002253406
37017,Bladen,County,65,15480,0.004198966
37019,Brunswick,County,333,52608,0.006329836
37021,Buncombe,County,879,123795,0.007100448
37023,Burke,County,274,37443,0.00731779
37025,Cabarrus,County,493,77994,0.006320999
37027,Caldwell,County,331,35155,0.009415446
37029,Camden,County,55,4821,0.011408421
37031,Carteret,County,203,34597,0.005867561
37033,Caswell,County,83,10862,0.007641318
37035,Catawba,County,490,69451,0.007055334
37037,Chatham,County,237,32880,0.007208029
37039,Cherokee,County,100,12586,0.007945336
37041,Chowan,County,33,7512,0.004392971
37043,Clay,County,60,5543,0.010824463
37045,Cleveland,County,224,43835,0.005110072
37047,Columbus,County,137,24282,0.005642039
37049,Craven,County,225,44598,0.005045069
37051,Cumberland,County,444,127575,0.003480306
37053,Currituck,County,79,11102,0.007115835
37055,Dare,County,132,18048,0.00731383
37057,Davidson,County,536,68581,0.007815576
37059,Davie,County,150,20368,0.007364493
37061,Duplin,County,78,19904,0.00391881
37063,Durham,County,660,136897,0.004821143
37065,Edgecombe,County,56,25930,0.002159661
37067,Forsyth,County,925,166133,0.005567828
37069,Franklin,County,196,26639,0.007357634
37071,Gaston,County,474,84402,0.005615981
37073,Gates,County,21,5420,0.003874539
37075,Graham,County,39,4171,0.009350276
37077,Granville,County,128,24725,0.005176946
37079,Greene,County,26,8103,0.003208688
37081,Guilford,County,1296,241771,0.005360444
37083,Halifax,County,47,25091,0.001873182
37085,Harnett,County,218,40705,0.005355607
37087,Haywood,County,235,28067,0.008372822
37089,Henderson,County,384,51614,0.007439842
37091,Hertford,County,24,10650,0.002253521
37093,Hoke,County,72,15627,0.00460741
37095,Hyde,County,11,2469,0.004455245
37097,Iredell,County,445,73162,0.006082392
37099,Jackson,County,129,16866,0.007648524
37101,Johnston,County,394,71017,0.005547967
37103,Jones,County,26,5227,0.004974173
37105,Lee,County,159,23788,0.006684042
37107,Lenoir,County,93,26897,0.003457635
37109,Lincoln,County,273,35798,0.007626124
37111,McDowell,County,169,18386,0.009191776
37113,Macon,County,156,17238,0.009049774
37115,Madison,County,104,10379,0.010020233
37117,Martin,County,31,12541,0.002471892
37119,Mecklenburg,County,1908,410817,0.004644404
37121,Mitchell,County,53,7846,0.006755034
37123,Montgomery,County,82,11210,0.007314897
37125,Moore,County,269,45328,0.005934522
37127,Nash,County,185,47118,0.003926313
37129,New Hanover,County,571,100665,0.005672279
37131,Northampton,County,34,10618,0.00320211
37133,Onslow,County,289,50203,0.005756628
37135,Orange,County,522,74910,0.006968362
37137,Pamlico,County,37,6712,0.005512515
37139,Pasquotank,County,75,18180,0.004125413
37141,Pender,County,149,23749,0.006273948
37143,Perquimans,County,30,6501,0.004614675
37145,Person,County,109,18632,0.00585015
37147,Pitt,County,259,74884,0.003458683
37149,Polk,County,122,10562,0.011550843
37151,Randolph,County,496,58147,0.008530105
37153,Richmond,County,116,19327,0.006001966
37155,Robeson,County,211,40834,0.005167263
37157,Rockingham,County,330,41612,0.007930405
37159,Rowan,County,478,61560,0.007764782
37161,Rutherford,County,196,28720,0.006824513
37163,Sampson,County,104,26038,0.003994162
37165,Scotland,County,33,14217,0.002321165
37167,Stanly,County,188,28506,0.006595103
37169,Stokes,County,258,21743,0.011865888
37171,Surry,County,226,29525,0.00765453
37173,Swain,County,49,5798,0.00845119
37175,Transylvania,County,148,16909,0.008752735
37177,Tyrrell,County,14,1910,0.007329843
37179,Union,County,529,86089,0.006144804
37181,Vance,County,66,20871,0.003162283
37183,Wake,County,2931,442245,0.006627548
37185,Warren,County,32,10195,0.003138794
37187,Washington,County,19,6454,0.002943911
37189,Watauga,County,232,28372,0.008177076
37191,Wayne,County,168,49882,0.003367948
37193,Wilkes,County,301,29724,0.010126497
37195,Wilson,County,123,37191,0.003307252
37197,Yadkin,County,140,17147,0.008164694
37199,Yancey,County,111,9717,0.011423279
38001,Adams,County,6,1271,0.004720692
38003,Barnes,County,14,5694,0.002458728
38005,Benson,County,5,2374,0.00210615
38007,Billings,County,0,499,0
38009,Bottineau,County,13,3516,0.003697383
38011,Bowman,County,5,1640,0.00304878
38013,Burke,County,3,943,0.003181336
38015,Burleigh,County,113,41772,0.002705161
38017,Cass,County,270,71419,0.003780507
38019,Cavalier,County,6,2130,0.002816901
38021,Dickey,County,6,2620,0.002290076
38023,Divide,County,6,1131,0.00530504
38025,Dunn,County,3,1644,0.001824818
38027,Eddy,County,7,1165,0.006008584
38029,Emmons,County,8,1837,0.004354927
38031,Foster,County,8,1651,0.004845548
38033,Golden Valley,County,1,875,0.001142857
38035,Grand Forks,County,110,31153,0.00353096
38037,Grant,County,10,1323,0.007558579
38039,Griggs,County,5,1314,0.003805175
38041,Hettinger,County,9,1348,0.006676558
38043,Kidder,County,14,1228,0.011400651
38045,LaMoure,County,10,2241,0.004462294
38047,Logan,County,2,1057,0.001892148
38049,McHenry,County,6,2416,0.002483444
38051,McIntosh,County,2,1532,0.001305483
38053,McKenzie,County,6,2715,0.002209945
38055,McLean,County,17,4736,0.003589527
38057,Mercer,County,19,4397,0.004321128
38059,Morton,County,54,13264,0.00407117
38061,Mountrail,County,6,2938,0.002042206
38063,Nelson,County,7,1752,0.003995434
38065,Oliver,County,5,1040,0.004807692
38067,Pembina,County,21,3307,0.006350166
38069,Pierce,County,4,2139,0.001870033
38071,Ramsey,County,15,4762,0.003149937
38073,Ransom,County,15,2433,0.006165228
38075,Renville,County,10,1346,0.007429421
38077,Richland,County,21,7563,0.002776676
38079,Rolette,County,17,4534,0.003749449
38081,Sargent,County,4,1927,0.002075765
38083,Sheridan,County,1,803,0.00124533
38085,Sioux,County,3,1378,0.002177068
38087,Slope,County,3,411,0.00729927
38089,Stark,County,35,11070,0.003161698
38091,Steele,County,1,1032,0.000968992
38093,Stutsman,County,27,9784,0.002759608
38095,Towner,County,1,1197,0.000835422
38097,Traill,County,7,4041,0.001732244
38099,Walsh,County,20,4882,0.004096682
38101,Ward,County,65,25621,0.002536981
38103,Wells,County,5,2377,0.002103492
38105,Williams,County,36,9373,0.003840819
39001,Adams,County,38,11388,0.003336846
39003,Allen,County,196,50263,0.003899489
39005,Ashland,County,117,25168,0.00464876
39007,Ashtabula,County,174,44874,0.003877524
39009,Athens,County,140,31098,0.004501897
39011,Auglaize,County,87,23516,0.003699609
39013,Belmont,County,104,32411,0.003208787
39015,Brown,County,84,20113,0.004176403
39017,Butler,County,642,173777,0.00369439
39019,Carroll,County,64,13953,0.004586827
39021,Champaign,County,70,18887,0.003706253
39023,Clark,County,217,66770,0.003249963
39025,Clermont,County,362,95480,0.00379137
39027,Clinton,County,67,19305,0.003470603
39029,Columbiana,County,143,48487,0.002949244
39031,Coshocton,County,86,16863,0.005099923
39033,Crawford,County,105,21174,0.004958912
39035,Cuyahoga,County,1477,665352,0.002219878
39037,Darke,County,97,25793,0.00376071
39039,Defiance,County,81,19197,0.004219409
39041,Delaware,County,339,92419,0.003668077
39043,Erie,County,125,41229,0.003031847
39045,Fairfield,County,267,71946,0.003711117
39047,Fayette,County,44,11694,0.003762613
39049,Franklin,County,2128,560325,0.003797796
39051,Fulton,County,72,21973,0.003276749
39053,Gallia,County,64,13318,0.004805526
39055,Geauga,County,180,51102,0.003522367
39057,Greene,County,288,83589,0.003445429
39059,Guernsey,County,85,17325,0.004906205
39061,Hamilton,County,1267,425086,0.002980573
39063,Hancock,County,152,36981,0.004110219
39065,Hardin,County,76,13114,0.005795333
39067,Harrison,County,27,7787,0.003467317
39069,Henry,County,66,14840,0.004447439
39071,Highland,County,76,19186,0.003961222
39073,Hocking,County,58,12961,0.004474963
39075,Holmes,County,35,11113,0.003149465
39077,Huron,County,122,25582,0.004768978
39079,Jackson,County,70,13993,0.005002501
39081,Jefferson,County,138,35939,0.00383984
39083,Knox,County,106,28231,0.003754738
39085,Lake,County,399,121335,0.003288416
39087,Lawrence,County,94,27194,0.003456645
39089,Licking,County,345,82356,0.00418913
39091,Logan,County,97,22217,0.004366026
39093,Lorain,County,456,146859,0.003105019
39095,Lucas,County,923,219831,0.00419868
39097,Madison,County,89,17454,0.005099118
39099,Mahoning,County,432,127203,0.003396146
39101,Marion,County,157,29017,0.005410621
39103,Medina,County,278,90451,0.003073487
39105,Meigs,County,50,10354,0.004829052
39107,Mercer,County,70,21271,0.003290865
39109,Miami,County,221,52807,0.004185051
39111,Monroe,County,24,6982,0.00343741
39113,Montgomery,County,971,278511,0.003486397
39115,Morgan,County,34,6608,0.005145278
39117,Morrow,County,79,16643,0.00474674
39119,Muskingum,County,138,39071,0.003532031
39121,Noble,County,31,6172,0.005022683
39123,Ottawa,County,99,23090,0.00428757
39125,Paulding,County,50,9769,0.005118231
39127,Perry,County,58,15404,0.003765256
39129,Pickaway,County,84,23726,0.00354042
39131,Pike,County,52,12506,0.004158004
39133,Portage,County,289,78206,0.003695369
39135,Preble,County,105,21002,0.004999524
39137,Putnam,County,80,18680,0.004282655
39139,Richland,County,238,61122,0.003893852
39141,Ross,County,127,31840,0.003988693
39143,Sandusky,County,122,30377,0.004016196
39145,Scioto,County,117,32571,0.003592153
39147,Seneca,County,96,27449,0.003497395
39149,Shelby,County,62,23667,0.002619681
39151,Stark,County,663,187545,0.003535152
39153,Summit,County,806,277685,0.002902569
39155,Trumbull,County,433,106911,0.004050098
39157,Tuscarawas,County,178,42950,0.004144354
39159,Union,County,114,24928,0.004573171
39161,Van Wert,County,79,14652,0.005391755
39163,Vinton,County,21,5646,0.003719447
39165,Warren,County,352,106216,0.003314002
39167,Washington,County,91,29932,0.003040225
39169,Wayne,County,173,52142,0.003317863
39171,Williams,County,64,18396,0.003479017
39173,Wood,County,301,65023,0.004629131
39175,Wyandot,County,39,10977,0.003552883
40001,Adair,County,0,6690,0
40003,Alfalfa,County,0,2434,0
40005,Atoka,County,0,4881,0
40007,Beaver,County,0,2464,0
40009,Beckham,County,0,7397,0
40011,Blaine,County,0,4112,0
40013,Bryan,County,0,13733,0
40015,Caddo,County,0,9817,0
40017,Canadian,County,0,47854,0
40019,Carter,County,0,18844,0
40021,Cherokee,County,0,16380,0
40023,Choctaw,County,0,5590,0
40025,Cimarron,County,0,1271,0
40027,Cleveland,County,0,104430,0
40029,Coal,County,0,2272,0
40031,Comanche,County,0,34247,0
40033,Cotton,County,0,2483,0
40035,Craig,County,0,5931,0
40037,Creek,County,0,28505,0
40039,Custer,County,0,10502,0
40041,Delaware,County,0,15362,0
40043,Dewey,County,0,2203,0
40045,Ellis,County,0,1909,0
40047,Garfield,County,0,22612,0
40049,Garvin,County,0,10738,0
40051,Grady,County,0,20715,0
40053,Grant,County,0,2350,0
40055,Greer,County,0,2114,0
40057,Harmon,County,0,1090,0
40059,Harper,County,0,1563,0
40061,Haskell,County,0,4681,0
40063,Hughes,County,0,4843,0
40065,Jackson,County,0,8983,0
40067,Jefferson,County,0,2457,0
40069,Johnston,County,0,3957,0
40071,Kay,County,0,18693,0
40073,Kingfisher,County,0,6381,0
40075,Kiowa,County,0,3763,0
40077,Latimer,County,0,4173,0
40079,Le Flore,County,0,16741,0
40081,Lincoln,County,0,13974,0
40083,Logan,County,0,18273,0
40085,Love,County,0,3846,0
40087,McClain,County,0,14744,0
40089,McCurtain,County,0,10539,0
40091,McIntosh,County,0,8223,0
40093,Major,County,0,3471,0
40095,Marshall,County,0,5373,0
40097,Mayes,County,0,15983,0
40099,Murray,County,0,5338,0
40101,Muskogee,County,0,26583,0
40103,Noble,County,0,5055,0
40105,Nowata,County,0,4442,0
40107,Okfuskee,County,0,4123,0
40109,Oklahoma,County,0,279354,0
40111,Okmulgee,County,0,14918,0
40113,Osage,County,0,19658,0
40115,Ottawa,County,0,11173,0
40117,Pawnee,County,0,6596,0
40119,Payne,County,0,29036,0
40121,Pittsburg,County,0,17209,0
40123,Pontotoc,County,0,14262,0
40125,Pottawatomie,County,0,25663,0
40127,Pushmataha,County,0,4473,0
40129,Roger Mills,County,0,1789,0
40131,Rogers,County,0,38515,0
40133,Seminole,County,0,8577,0
40135,Sequoyah,County,0,13920,0
40137,Stephens,County,0,18932,0
40139,Texas,County,0,6259,0
40141,Tillman,County,0,3237,0
40143,Tulsa,County,0,254496,0
40145,Wagoner,County,0,30251,0
40147,Washington,County,0,22765,0
40149,Washita,County,0,4776,0
40151,Woods,County,0,3916,0
40153,Woodward,County,0,7754,0
41001,Baker,County,51,8777,0.005810641
41003,Benton,County,214,46478,0.004604329
41005,Clackamas,County,717,191878,0.003736749
41007,Clatsop,County,101,18548,0.005445331
41009,Columbia,County,123,24768,0.004966085
41011,Coos,County,163,30951,0.005266389
41013,Crook,County,55,10352,0.005312983
41015,Curry,County,57,12332,0.004622121
41017,Deschutes,County,305,79782,0.003822917
41019,Douglas,County,217,52937,0.004099212
41021,Gilliam,County,2,1110,0.001801802
41023,Grant,County,15,3909,0.003837299
41025,Harney,County,29,3683,0.007874016
41027,Hood River,County,31,9830,0.003153611
41029,Jackson,County,425,101047,0.004205964
41031,Jefferson,County,22,8318,0.002644867
41033,Josephine,County,234,42049,0.005564936
41035,Klamath,County,174,29399,0.005918569
41037,Lake,County,11,3688,0.002982646
41039,Lane,County,754,182910,0.004122246
41041,Lincoln,County,127,23889,0.005316254
41043,Linn,County,237,51982,0.004559271
41045,Malheur,County,57,10433,0.005463433
41047,Marion,County,528,124563,0.004238819
41049,Morrow,County,23,4058,0.005667817
41051,Multnomah,County,1195,364710,0.003276576
41053,Polk,County,116,36207,0.0032038
41055,Sherman,County,5,1047,0.004775549
41057,Tillamook,County,58,13297,0.004361886
41059,Umatilla,County,113,25523,0.004427379
41061,Union,County,63,12594,0.005002382
41063,Wallowa,County,24,4465,0.00537514
41065,Wasco,County,46,11380,0.004042179
41067,Washington,County,1148,236632,0.004851415
41069,Wheeler,County,9,812,0.011083744
41071,Yamhill,County,186,43526,0.004273308
42001,Adams,County,154,44596,0.003453225
42003,Allegheny,County,2009,652185,0.003080414
42005,Armstrong,County,138,30081,0.004587613
42007,Beaver,County,268,84488,0.003172048
42009,Bedford,County,96,22468,0.004272743
42011,Berks,County,826,180266,0.004582118
42013,Blair,County,246,53176,0.004626147
42015,Bradford,County,122,25826,0.004723922
42017,Bucks,County,1240,333132,0.003722248
42019,Butler,County,369,90425,0.00408073
42021,Cambria,County,319,65722,0.004853778
42023,Cameron,County,9,2245,0.004008909
42025,Carbon,County,123,26962,0.004561976
42027,Centre,County,333,75915,0.004386485
42029,Chester,County,870,254354,0.00342043
42031,Clarion,County,104,17802,0.00584204
42033,Clearfield,County,153,33868,0.004517539
42035,Clinton,County,54,14791,0.003650869
42037,Columbia,County,92,28140,0.003269367
42039,Crawford,County,167,38233,0.004367954
42041,Cumberland,County,470,113540,0.00413951
42043,Dauphin,County,500,129639,0.003856864
42045,Delaware,County,906,297156,0.003048904
42047,Elk,County,85,14301,0.00594364
42049,Erie,County,398,127888,0.003112098
42051,Fayette,County,157,52599,0.002984848
42053,Forest,County,10,2455,0.00407332
42055,Franklin,County,196,63759,0.003074076
42057,Fulton,County,31,6306,0.004915953
42059,Greene,County,39,15988,0.002439329
42061,Huntingdon,County,70,18651,0.00375315
42063,Indiana,County,153,37302,0.004101657
42065,Jefferson,County,106,18855,0.005621851
42067,Juniata,County,52,9751,0.005332786
42069,Lackawanna,County,166,107876,0.001538804
42071,Lancaster,County,765,228825,0.003343166
42073,Lawrence,County,146,42103,0.003467686
42075,Lebanon,County,224,58378,0.003837062
42077,Lehigh,County,525,152473,0.003443233
42079,Luzerne,County,417,135175,0.00308489
42081,Lycoming,County,193,49316,0.003913537
42083,McKean,County,58,15976,0.003630446
42085,Mercer,County,234,53922,0.004339602
42087,Mifflin,County,41,16502,0.002484547
42089,Monroe,County,199,68521,0.002904219
42091,Montgomery,County,1383,422741,0.003271507
42093,Montour,County,18,8044,0.002237693
42095,Northampton,County,528,135768,0.003888987
42097,Northumberland,County,177,34020,0.005202822
42099,Perry,County,93,19787,0.004700056
42101,Philadelphia,County,1057,717329,0.001473522
42103,Pike,County,87,24284,0.003582606
42105,Potter,County,35,7551,0.004635148
42107,Schuylkill,County,288,63057,0.004567296
42109,Snyder,County,58,15479,0.003747012
42111,Somerset,County,203,35197,0.005767537
42113,Sullivan,County,14,3126,0.004478567
42115,Susquehanna,County,81,19312,0.004194283
42117,Tioga,County,91,18078,0.005033743
42119,Union,County,72,17424,0.004132231
42121,Venango,County,101,23383,0.004319377
42123,Warren,County,73,18584,0.00392811
42125,Washington,County,332,98142,0.003382853
42127,Wayne,County,50,22886,0.002184742
42129,Westmoreland,County,557,177069,0.003145666
42131,Wyoming,County,50,13179,0.003793915
42133,York,County,731,194813,0.003752316
44001,Bristol,County,68,25905,0.002624976
44003,Kent,County,242,84074,0.002878417
44005,Newport,County,127,41997,0.003024026
44007,Providence,County,677,253630,0.002669243
44009,Washington,County,268,66160,0.004050786
45001,Abbeville,County,25,11001,0.002272521
45003,Aiken,County,249,69770,0.003568869
45005,Allendale,County,11,4024,0.002733598
45007,Anderson,County,287,73787,0.003889574
45009,Bamberg,County,20,6814,0.002935134
45011,Barnwell,County,17,9798,0.001735048
45013,Beaufort,County,260,68870,0.003775229
45015,Berkeley,County,278,64781,0.004291382
45017,Calhoun,County,26,7738,0.003360041
45019,Charleston,County,758,154434,0.004908246
45021,Cherokee,County,63,20766,0.003033805
45023,Chester,County,50,13981,0.003576282
45025,Chesterfield,County,59,16359,0.003606577
45027,Clarendon,County,32,15552,0.002057613
45029,Colleton,County,51,17321,0.002944403
45031,Darlington,County,78,29334,0.00265903
45033,Dillon,County,32,13417,0.002385034
45035,Dorchester,County,232,52405,0.004427058
45037,Edgefield,County,35,11520,0.003038194
45039,Fairfield,County,27,11619,0.00232378
45041,Florence,County,151,58373,0.002586812
45043,Georgetown,County,89,30290,0.002938263
45045,Greenville,County,893,190657,0.004683804
45047,Greenwood,County,100,29667,0.003370749
45049,Hampton,County,34,9350,0.003636364
45051,Horry,County,367,104798,0.003501975
45053,Jasper,County,32,8854,0.003614186
45055,Kershaw,County,105,27985,0.00375201
45057,Lancaster,County,108,28921,0.003734311
45059,Laurens,County,106,26282,0.004033179
45061,Lee,County,33,9153,0.003605375
45063,Lexington,County,423,109512,0.00386259
45065,McCormick,County,9,5232,0.001720183
45067,Marion,County,48,15174,0.003163306
45069,Marlboro,County,24,10876,0.002206694
45071,Newberry,County,68,16524,0.004115226
45073,Oconee,County,146,31132,0.004689708
45075,Orangeburg,County,102,39754,0.00256578
45077,Pickens,County,243,45128,0.005384684
45079,Richland,County,516,165037,0.003126572
45081,Saluda,County,19,8603,0.002208532
45083,Spartanburg,County,380,108328,0.003507865
45085,Sumter,County,92,44358,0.002074034
45087,Union,County,37,13551,0.002730426
45089,Williamsburg,County,41,16443,0.002493462
45091,York,County,527,93696,0.005624573
46003,Aurora,County,14,1495,0.009364548
46005,Beadle,County,44,7714,0.005703915
46007,Bennett,County,7,1208,0.005794702
46009,Bon Homme,County,16,3175,0.00503937
46011,Brookings,County,83,13945,0.005951954
46013,Brown,County,73,17426,0.004189143
46015,Brule,County,18,2439,0.007380074
46017,Buffalo,County,1,619,0.001615509
46019,Butte,County,33,4256,0.007753759
46021,Campbell,County,2,854,0.00234192
46023,Charles Mix,County,13,3978,0.003267974
46025,Clark,County,15,1940,0.007731959
46027,Clay,County,36,6242,0.005767382
46029,Codington,County,59,12185,0.004842019
46031,Corson,County,9,1406,0.006401138
46033,Custer,County,22,4507,0.004881296
46035,Davison,County,39,8455,0.004612655
46037,Day,County,10,3205,0.003120125
46039,Deuel,County,13,2218,0.005861136
46041,Dewey,County,5,2019,0.002476474
46043,Douglas,County,9,1756,0.005125285
46045,Edmunds,County,9,2076,0.00433526
46047,Fall River,County,26,3809,0.006825939
46049,Faulk,County,4,1192,0.003355705
46051,Grant,County,21,3830,0.005483029
46053,Gregory,County,13,2247,0.005785492
46055,Haakon,County,7,1153,0.006071119
46057,Hamlin,County,11,2787,0.003946896
46059,Hand,County,8,2011,0.00397812
46061,Hanson,County,11,2431,0.004524887
46063,Harding,County,5,734,0.006811989
46065,Hughes,County,31,8468,0.003660841
46067,Hutchinson,County,13,3608,0.003603104
46069,Hyde,County,2,785,0.002547771
46071,Jackson,County,6,1133,0.005295675
46073,Jerauld,County,4,1105,0.00361991
46075,Jones,County,7,627,0.011164274
46077,Kingsbury,County,17,2784,0.006106322
46079,Lake,County,25,6157,0.004060419
46081,Lawrence,County,85,12055,0.007051016
46083,Lincoln,County,92,20767,0.004430105
46085,Lyman,County,7,1641,0.004265692
46087,McCook,County,14,2945,0.00475382
46089,McPherson,County,3,1375,0.002181818
46091,Marshall,County,10,2191,0.004564126
46093,Meade,County,80,11606,0.006892986
46095,Mellette,County,3,843,0.003558719
46097,Miner,County,5,1218,0.00410509
46099,Minnehaha,County,328,80552,0.004071904
46101,Moody,County,20,3254,0.006146282
46103,Pennington,County,220,46280,0.004753673
46105,Perkins,County,17,1686,0.010083037
46107,Potter,County,2,1440,0.001388889
46109,Roberts,County,15,4536,0.003306878
46111,Sanborn,County,5,1207,0.004142502
46113,Shannon,County,4,3350,0.00119403
46115,Spink,County,16,3269,0.004894463
46117,Stanley,County,8,1553,0.00515132
46119,Sully,County,2,833,0.00240096
46121,Todd,County,11,2828,0.003889675
46123,Tripp,County,16,2839,0.005635787
46125,Turner,County,16,4352,0.003676471
46127,Union,County,42,7701,0.005453837
46129,Walworth,County,9,2650,0.003396226
46135,Yankton,County,56,10134,0.005525952
46137,Ziebach,County,8,891,0.008978676
47001,Anderson,County,146,31570,0.004624644
47003,Bedford,County,51,15507,0.003288837
47005,Benton,County,21,6479,0.003241241
47007,Bledsoe,County,17,4784,0.003553512
47009,Blount,County,239,51645,0.004627747
47011,Bradley,County,127,38191,0.003325391
47013,Campbell,County,34,12628,0.00269243
47015,Cannon,County,27,5457,0.004947774
47017,Carroll,County,37,11646,0.003177057
47019,Carter,County,80,21769,0.003674951
47021,Cheatham,County,48,16428,0.002921841
47023,Chester,County,22,6459,0.0034061
47025,Claiborne,County,34,10420,0.003262956
47027,Clay,County,14,2994,0.004676019
47029,Cocke,County,30,12481,0.002403654
47031,Coffee,County,94,20790,0.004521405
47033,Crockett,County,19,6037,0.003147259
47035,Cumberland,County,96,25712,0.003733665
47037,Davidson,County,850,264486,0.003213781
47039,Decatur,County,19,4763,0.003989083
47041,DeKalb,County,33,7065,0.004670913
47043,Dickson,County,65,19519,0.003330089
47045,Dyer,County,36,14450,0.002491349
47047,Fayette,County,65,19254,0.003375922
47049,Fentress,County,23,6739,0.003412969
47051,Franklin,County,54,17432,0.003097751
47053,Gibson,County,75,21253,0.003528914
47055,Giles,County,38,11689,0.00325092
47057,Grainger,County,26,7503,0.003465281
47059,Greene,County,72,24670,0.002918525
47061,Grundy,County,21,4632,0.004533679
47063,Hamblen,County,99,22669,0.004367197
47065,Hamilton,County,491,147520,0.003328362
47067,Hancock,County,6,2241,0.002677376
47069,Hardeman,County,19,11237,0.001690843
47071,Hardin,County,33,10035,0.00328849
47073,Hawkins,County,61,21040,0.00289924
47075,Haywood,County,18,8121,0.002216476
47077,Henderson,County,41,10834,0.003784383
47079,Henry,County,42,13545,0.003100775
47081,Hickman,County,31,8498,0.003647917
47083,Houston,County,16,3354,0.004770423
47085,Humphreys,County,24,7580,0.003166227
47087,Jackson,County,16,4501,0.003554766
47089,Jefferson,County,68,18532,0.003669329
47091,Johnson,County,27,6591,0.004096495
47093,Knox,County,963,186086,0.005175027
47095,Lake,County,10,2238,0.004468275
47097,Lauderdale,County,20,9338,0.002141786
47099,Lawrence,County,44,16020,0.002746567
47101,Lewis,County,16,4834,0.003309888
47103,Lincoln,County,48,13130,0.00365575
47105,Loudon,County,99,22184,0.004462676
47107,McMinn,County,67,18789,0.003565916
47109,McNairy,County,17,10422,0.001631165
47111,Macon,County,29,7360,0.003940217
47113,Madison,County,110,43846,0.002508781
47115,Marion,County,49,11437,0.00428434
47117,Marshall,County,49,11289,0.004340508
47119,Maury,County,106,33767,0.00313916
47121,Meigs,County,14,4237,0.003304225
47123,Monroe,County,66,16777,0.003933957
47125,Montgomery,County,144,56518,0.002547861
47127,Moore,County,13,2952,0.004403794
47129,Morgan,County,23,6822,0.003371445
47131,Obion,County,33,13392,0.002464158
47133,Overton,County,38,8092,0.004695996
47135,Perry,County,13,3000,0.004333333
47137,Pickett,County,9,2671,0.003369525
47139,Polk,County,25,6501,0.003845562
47141,Putnam,County,108,27316,0.003953727
47143,Rhea,County,42,11106,0.00378174
47145,Roane,County,93,23276,0.003995532
47147,Robertson,County,87,27614,0.003150576
47149,Rutherford,County,372,101737,0.003656487
47151,Scott,County,33,6783,0.004865104
47153,Sequatchie,County,24,5437,0.004414199
47155,Sevier,County,85,33941,0.002504346
47157,Shelby,County,725,404180,0.001793755
47159,Smith,County,33,7741,0.004263015
47161,Stewart,County,18,5507,0.003268567
47163,Sullivan,County,222,63997,0.003468913
47165,Sumner,County,227,67228,0.003376569
47167,Tipton,County,68,25316,0.002686048
47169,Trousdale,County,13,3239,0.004013584
47171,Unicoi,County,26,7223,0.003599612
47173,Union,County,18,6399,0.00281294
47175,Van Buren,County,11,2206,0.004986401
47177,Warren,County,65,14400,0.004513889
47179,Washington,County,172,48982,0.003511494
47181,Wayne,County,24,5527,0.00434232
47183,Weakley,County,59,13690,0.004309715
47185,White,County,31,9647,0.003213434
47187,Williamson,County,307,93646,0.003278303
47189,Wilson,County,174,51159,0.003401161
48001,Anderson,County,115,16655,0.006904833
48003,Andrews,County,18,4629,0.003888529
48005,Angelina,County,189,29153,0.006483038
48007,Aransas,County,79,9778,0.008079362
48009,Archer,County,26,4365,0.005956472
48011,Armstrong,County,6,990,0.006060606
48013,Atascosa,County,47,9938,0.004729322
48015,Austin,County,72,11721,0.006142821
48017,Bailey,County,14,2316,0.006044905
48019,Bandera,County,83,9297,0.008927611
48021,Bastrop,County,318,25918,0.012269465
48023,Baylor,County,15,1643,0.009129641
48025,Bee,County,39,8157,0.00478117
48027,Bell,County,542,90334,0.005999956
48029,Bexar,County,3602,525715,0.006851621
48031,Blanco,County,33,4939,0.006681514
48033,Borden,County,5,361,0.013850416
48035,Bosque,County,87,7646,0.011378499
48037,Bowie,County,173,35186,0.004916728
48039,Brazoria,County,726,104940,0.006918239
48041,Brazos,County,597,58673,0.010175038
48043,Brewster,County,53,3900,0.013589744
48045,Briscoe,County,7,830,0.008433735
48047,Brooks,County,6,2309,0.002598528
48049,Brown,County,121,15015,0.008058608
48051,Burleson,County,59,6665,0.008852213
48053,Burnet,County,190,16893,0.011247262
48055,Caldwell,County,106,11648,0.009100275
48057,Calhoun,County,34,6879,0.004942579
48059,Callahan,County,59,5716,0.010321903
48061,Cameron,County,457,75657,0.006040419
48063,Camp,County,35,4567,0.007663674
48065,Carson,County,21,2980,0.00704698
48067,Cass,County,72,11846,0.006078001
48069,Castro,County,8,2291,0.003491925
48071,Chambers,County,100,13292,0.007523322
48073,Cherokee,County,84,16417,0.005116647
48075,Childress,County,17,2296,0.007404181
48077,Clay,County,34,5339,0.006368234
48079,Cochran,County,14,1057,0.013245033
48081,Coke,County,16,1569,0.010197578
48083,Coleman,County,43,3702,0.011615343
48085,Collin,County,2168,296583,0.007309927
48087,Collingsworth,County,16,1195,0.013389121
48089,Colorado,County,38,8353,0.004549264
48091,Comal,County,393,48158,0.008160638
48093,Comanche,County,57,5217,0.010925819
48095,Concho,County,11,1077,0.010213556
48097,Cooke,County,102,15032,0.006785524
48099,Coryell,County,132,18332,0.007200524
48101,Cottle,County,9,705,0.012765957
48103,Crane,County,16,1454,0.011004127
48105,Crockett,County,7,1545,0.004530744
48107,Crosby,County,9,1914,0.004702194
48109,Culberson,County,8,759,0.010540184
48111,Dallam,County,15,1589,0.009439899
48113,Dallas,County,4361,738463,0.005905509
48115,Dawson,County,33,4096,0.008056641
48117,Deaf Smith,County,28,4744,0.005902192
48119,Delta,County,18,2187,0.008230453
48121,Denton,County,1700,243263,0.006988321
48123,DeWitt,County,22,6626,0.003320254
48125,Dickens,County,8,972,0.008230453
48127,Dimmit,County,17,3587,0.004739336
48129,Donley,County,25,1690,0.014792899
48131,Duval,County,35,4409,0.007938308
48133,Eastland,County,68,6509,0.010447073
48135,Ector,County,241,35606,0.006768522
48137,Edwards,County,12,1035,0.011594203
48139,Ellis,County,346,53853,0.006424897
48141,El Paso,County,1151,185233,0.006213796
48143,Erath,County,103,14019,0.007347172
48145,Falls,County,40,5599,0.007144133
48147,Fannin,County,101,11694,0.008636908
48149,Fayette,County,82,10714,0.007653537
48151,Fisher,County,14,1784,0.007847534
48153,Floyd,County,7,2521,0.002776676
48155,Foard,County,13,538,0.024163569
48157,Fort Bend,County,1014,202822,0.004999458
48159,Franklin,County,54,4491,0.012024048
48161,Freestone,County,41,7288,0.005625686
48163,Frio,County,13,4062,0.003200394
48165,Gaines,County,27,4067,0.0066388
48167,Galveston,County,744,105004,0.007085444
48169,Garza,County,15,1750,0.008571429
48171,Gillespie,County,101,12338,0.008186092
48173,Glasscock,County,1,557,0.001795332
48175,Goliad,County,17,3655,0.004651163
48177,Gonzales,County,37,6287,0.00588516
48179,Gray,County,49,8133,0.006024837
48181,Grayson,County,342,45477,0.007520285
48183,Gregg,County,181,42610,0.004247829
48185,Grimes,County,56,8322,0.006729152
48187,Guadalupe,County,362,47461,0.007627315
48189,Hale,County,54,9943,0.005430956
48191,Hall,County,8,1264,0.006329114
48193,Hamilton,County,31,3778,0.0082054
48195,Hansford,County,12,2102,0.005708849
48197,Hardeman,County,23,1595,0.014420063
48199,Hardin,County,155,20702,0.007487199
48201,Harris,County,6783,1171472,0.005790151
48203,Harrison,County,140,26158,0.005352091
48205,Hartley,County,22,1985,0.011083123
48207,Haskell,County,25,2116,0.011814745
48209,Hays,County,720,59052,0.012192644
48211,Hemphill,County,7,1570,0.004458599
48213,Henderson,County,196,28993,0.006760252
48215,Hidalgo,County,718,130784,0.005489968
48217,Hill,County,104,13188,0.007885957
48219,Hockley,County,46,7645,0.006017005
48221,Hood,County,171,22596,0.007567711
48223,Hopkins,County,75,12919,0.005805403
48225,Houston,County,56,8624,0.006493506
48227,Howard,County,108,9689,0.011146661
48229,Hudspeth,County,8,898,0.008908686
48231,Hunt,County,256,29524,0.008670912
48233,Hutchinson,County,71,8761,0.008104098
48235,Irion,County,9,817,0.011015912
48237,Jack,County,18,3023,0.00595435
48239,Jackson,County,24,5057,0.004745897
48241,Jasper,County,85,12776,0.0066531
48243,Jeff Davis,County,16,1236,0.012944984
48245,Jefferson,County,436,88296,0.004937936
48247,Jim Hogg,County,7,1815,0.003856749
48249,Jim Wells,County,53,11612,0.004564244
48251,Johnson,County,355,50050,0.007092907
48253,Jones,County,63,5808,0.010847107
48255,Karnes,County,21,4527,0.004638834
48257,Kaufman,County,209,35145,0.005946792
48259,Kendall,County,107,16746,0.006389586
48261,Kenedy,County,0,202,0
48263,Kent,County,7,448,0.015625
48265,Kerr,County,156,22556,0.00691612
48267,Kimble,County,10,1843,0.005425936
48269,King,County,3,163,0.018404908
48271,Kinney,County,11,1551,0.007092199
48273,Kleberg,County,69,9876,0.006986634
48275,Knox,County,15,1368,0.010964912
48277,Lamar,County,137,18362,0.007461061
48279,Lamb,County,18,4525,0.003977901
48281,Lampasas,County,68,7634,0.008907519
48283,La Salle,County,10,1776,0.005630631
48285,Lavaca,County,51,8223,0.006202116
48287,Lee,County,53,6377,0.008311118
48289,Leon,County,52,7041,0.007385315
48291,Liberty,County,156,21626,0.007213539
48293,Limestone,County,55,7652,0.007187663
48295,Lipscomb,County,4,1256,0.003184713
48297,Live Oak,County,25,4176,0.00598659
48299,Llano,County,80,9629,0.008308236
48301,Loving,County,0,79,0
48303,Lubbock,County,644,97534,0.006602826
48305,Lynn,County,16,2116,0.007561437
48307,McCulloch,County,19,3010,0.006312292
48309,McLennan,County,492,79674,0.006175164
48311,McMullen,County,5,537,0.009310987
48313,Madison,County,23,4074,0.005645557
48315,Marion,County,27,4252,0.006349953
48317,Martin,County,12,1715,0.006997085
48319,Mason,County,28,2121,0.01320132
48321,Matagorda,County,81,12373,0.006546513
48323,Maverick,County,64,10939,0.005850626
48325,Medina,County,80,15737,0.005083561
48327,Menard,County,8,1018,0.007858546
48329,Midland,County,308,46216,0.006664359
48331,Milam,County,70,8357,0.008376212
48333,Mills,County,21,2177,0.009646302
48335,Mitchell,County,23,2431,0.009461127
48337,Montague,County,94,7950,0.011823899
48339,Montgomery,County,953,157847,0.006037492
48341,Moore,County,31,5437,0.005701674
48343,Morris,County,30,5248,0.005716463
48345,Motley,County,5,594,0.008417508
48347,Nacogdoches,County,124,23391,0.005301184
48349,Navarro,County,105,16321,0.006433429
48351,Newton,County,60,5260,0.011406844
48353,Nolan,County,54,5063,0.010665613
48355,Nueces,County,792,101230,0.007823768
48357,Ochiltree,County,6,3109,0.001929881
48359,Oldham,County,4,920,0.004347826
48361,Orange,County,227,29406,0.007719513
48363,Palo Pinto,County,78,9890,0.007886754
48365,Panola,County,38,10216,0.003719655
48367,Parker,County,380,47951,0.007924757
48369,Parmer,County,20,3713,0.00538648
48371,Pecos,County,40,4010,0.009975062
48373,Polk,County,179,20149,0.008883816
48375,Potter,County,250,30013,0.008329724
48377,Presidio,County,15,1757,0.008537279
48379,Rains,County,37,4236,0.008734655
48381,Randall,County,336,51832,0.006482482
48383,Reagan,County,2,994,0.002012072
48385,Real,County,15,1628,0.009213759
48387,Red River,County,41,5052,0.008115598
48389,Reeves,County,21,3077,0.006824829
48391,Refugio,County,21,3261,0.006439742
48393,Roberts,County,0,518,0
48395,Robertson,County,38,6710,0.005663189
48397,Rockwall,County,237,32066,0.007391006
48399,Runnels,County,25,3867,0.00646496
48401,Rusk,County,77,18722,0.004112808
48403,Sabine,County,48,4874,0.009848174
48405,San Augustine,County,42,3715,0.011305518
48407,San Jacinto,County,74,8958,0.008260772
48409,San Patricio,County,110,21396,0.005141148
48411,San Saba,County,24,2457,0.00976801
48413,Schleicher,County,7,1304,0.005368098
48415,Scurry,County,41,5569,0.007362184
48417,Shackelford,County,13,1505,0.008637874
48419,Shelby,County,38,9220,0.004121475
48421,Sherman,County,8,1020,0.007843137
48423,Smith,County,415,79561,0.005216123
48425,Somervell,County,34,3533,0.009623549
48427,Starr,County,26,9792,0.002655229
48429,Stephens,County,30,3526,0.008508225
48431,Sterling,County,2,619,0.003231018
48433,Stonewall,County,5,735,0.006802721
48435,Sutton,County,8,1578,0.005069708
48437,Swisher,County,33,2535,0.013017751
48439,Tarrant,County,4211,628553,0.006699515
48441,Taylor,County,362,47439,0.007630852
48443,Terrell,County,3,519,0.005780347
48445,Terry,County,22,4280,0.005140187
48447,Throckmorton,County,1,838,0.001193317
48449,Titus,County,67,9245,0.007247161
48451,Tom Green,County,275,38861,0.007076503
48453,Travis,County,4930,397714,0.012395842
48455,Trinity,County,52,6077,0.008556854
48457,Tyler,County,98,7910,0.012389381
48459,Upshur,County,112,15164,0.007385914
48461,Upton,County,8,1197,0.006683375
48463,Uvalde,County,50,8766,0.005703856
48465,Val Verde,County,68,12820,0.005304212
48467,Van Zandt,County,142,20395,0.006962491
48469,Victoria,County,168,29931,0.00561291
48471,Walker,County,148,19146,0.007730074
48473,Waller,County,76,15508,0.004900696
48475,Ward,County,31,3602,0.00860633
48477,Washington,County,89,14377,0.006190443
48479,Webb,County,200,46821,0.004271588
48481,Wharton,County,39,14418,0.002704952
48483,Wheeler,County,11,2245,0.004899777
48485,Wichita,County,328,45982,0.007133226
48487,Wilbarger,County,30,4509,0.00665336
48489,Willacy,County,32,4903,0.006526616
48491,Williamson,County,1951,158403,0.012316686
48493,Wilson,County,87,16366,0.005315899
48495,Winkler,County,23,2032,0.011318898
48497,Wise,County,145,20639,0.007025534
48499,Wood,County,92,17784,0.005173189
48501,Yoakum,County,15,2458,0.006102522
48503,Young,County,57,7305,0.007802875
48505,Zapata,County,8,2866,0.002791347
48507,Zavala,County,17,3876,0.004385965
49001,Beaver,County,12,2509,0.004782782
49003,Box Elder,County,127,19058,0.006663868
49005,Cache,County,372,41332,0.00900029
49007,Carbon,County,48,7777,0.006172046
49009,Daggett,County,1,439,0.002277904
49011,Davis,County,811,110902,0.007312763
49013,Duchesne,County,37,5744,0.006441504
49015,Emery,County,26,4448,0.005845324
49017,Garfield,County,11,2159,0.005094951
49019,Grand,County,30,4077,0.007358352
49021,Iron,County,163,16450,0.009908815
49023,Juab,County,28,3616,0.007743363
49025,Kane,County,24,3154,0.007609385
49027,Millard,County,34,4739,0.007174509
49029,Morgan,County,29,4161,0.006969478
49031,Piute,County,2,798,0.002506266
49033,Rich,County,5,1006,0.004970179
49035,Salt Lake,County,2556,363749,0.007026823
49037,San Juan,County,14,5130,0.002729045
49039,Sanpete,County,54,8771,0.006156653
49041,Sevier,County,53,8007,0.006619208
49043,Summit,County,104,16809,0.006187162
49045,Tooele,County,137,17337,0.007902175
49047,Uintah,County,37,10151,0.003644961
49049,Utah,County,1311,157279,0.008335506
49051,Wasatch,County,30,8531,0.003516587
49053,Washington,County,413,49529,0.008338549
49055,Wayne,County,12,1314,0.00913242
49057,Weber,County,485,73394,0.00660817
50001,Addison,County,62,19238,0.003222788
50003,Bennington,County,81,19129,0.004234408
50005,Caledonia,County,40,14728,0.002715915
50007,Chittenden,County,298,83440,0.003571429
50009,Essex,County,8,3101,0.002579813
50011,Franklin,County,67,21460,0.003122088
50013,Grand Isle,County,13,4269,0.00304521
50015,Lamoille,County,40,12668,0.003157562
50017,Orange,County,57,15179,0.003755188
50019,Orleans,County,40,12771,0.003132096
50021,Rutland,County,97,31617,0.00306797
50023,Washington,County,109,32200,0.003385093
50025,Windham,County,64,24081,0.002657697
50027,Windsor,County,91,31165,0.002919942
51001,Accomack,County,54,15623,0.003456442
51003,Albemarle,County,224,50984,0.004393535
51005,Alleghany,County,14,7369,0.001899851
51007,Amelia,County,12,6529,0.001837954
51009,Amherst,County,41,14700,0.002789116
51011,Appomattox,County,30,7630,0.003931848
51013,Arlington,County,487,110153,0.004421123
51015,Augusta,County,111,33338,0.003329534
51017,Bath,County,5,2432,0.002055921
51019,Bedford,County,128,35830,0.003572425
51021,Bland,County,8,2959,0.002703616
51023,Botetourt,County,68,17406,0.003906699
51025,Brunswick,County,13,7914,0.001642659
51027,Buchanan,County,25,8734,0.002862377
51029,Buckingham,County,19,6994,0.002716614
51031,Campbell,County,75,25814,0.0029054
51033,Caroline,County,40,12919,0.003096215
51035,Carroll,County,46,12579,0.003656888
51036,Charles City,County,7,4153,0.001685529
51037,Charlotte,County,22,6157,0.003573169
51041,Chesterfield,County,405,162088,0.002498643
51043,Clarke,County,34,7431,0.004575427
51045,Craig,County,16,2621,0.00610454
51047,Culpeper,County,51,19741,0.002583456
51049,Cumberland,County,14,4724,0.00296359
51051,Dickenson,County,25,6753,0.003702058
51053,Dinwiddie,County,28,12892,0.00217189
51057,Essex,County,14,5364,0.002609993
51059,Fairfax,County,1482,516254,0.00287068
51061,Fauquier,County,98,34219,0.002863906
51063,Floyd,County,31,7516,0.004124534
51065,Fluvanna,County,55,12735,0.004318806
51067,Franklin,County,100,25401,0.003936853
51069,Frederick,County,104,33612,0.003094133
51071,Giles,County,35,7795,0.004490058
51073,Gloucester,County,74,19222,0.003849755
51075,Goochland,County,32,12562,0.002547365
51077,Grayson,County,25,7220,0.003462604
51079,Greene,County,22,8260,0.002663438
51081,Greensville,County,9,4887,0.001841621
51083,Halifax,County,35,16850,0.002077151
51085,Hanover,County,146,56248,0.002595648
51087,Henrico,County,427,154966,0.002755443
51089,Henry,County,74,25215,0.002934761
51091,Highland,County,7,1554,0.004504505
51093,Isle of Wight,County,50,19997,0.002500375
51095,James City,County,123,38603,0.003186281
51097,King and Queen,County,7,3705,0.001889339
51099,King George,County,26,10474,0.002482337
51101,King William,County,23,8388,0.002742012
51103,Lancaster,County,15,6938,0.002162006
51105,Lee,County,27,9227,0.002926195
51107,Loudoun,County,383,139459,0.002746327
51109,Louisa,County,50,15353,0.003256693
51111,Lunenburg,County,17,5650,0.00300885
51113,Madison,County,20,6699,0.00298552
51115,Mathews,County,14,5440,0.002573529
51117,Mecklenburg,County,39,15082,0.002585864
51119,Middlesex,County,27,6006,0.004495504
51121,Montgomery,County,215,40653,0.005288663
51125,Nelson,County,23,8133,0.002827985
51127,New Kent,County,28,9991,0.002802522
51131,Northampton,County,22,6586,0.003340419
51133,Northumberland,County,15,7406,0.002025385
51135,Nottoway,County,25,6988,0.003577562
51137,Orange,County,47,15801,0.002974495
51139,Page,County,14,10389,0.001347579
51141,Patrick,County,39,8531,0.004571563
51143,Pittsylvania,County,76,30433,0.002497289
51145,Powhatan,County,37,14456,0.002559491
51147,Prince Edward,County,38,9388,0.00404772
51149,Prince George,County,23,16006,0.001436961
51153,Prince William,County,362,162446,0.002228433
51155,Pulaski,County,69,15050,0.004584718
51157,Rappahannock,County,13,4405,0.002951192
51159,Richmond,County,5,3745,0.001335113
51161,Roanoke,County,166,50975,0.003256498
51163,Rockbridge,County,32,10195,0.003138794
51165,Rockingham,County,110,33334,0.003299934
51167,Russell,County,22,11494,0.001914042
51169,Scott,County,33,9875,0.003341772
51171,Shenandoah,County,79,19223,0.00410966
51173,Smyth,County,38,12302,0.003088929
51175,Southampton,County,17,9067,0.001874931
51177,Spotsylvania,County,121,54069,0.002237881
51179,Stafford,County,137,55455,0.002470472
51181,Surry,County,8,4325,0.001849711
51183,Sussex,County,6,5363,0.001118777
51185,Tazewell,County,32,17061,0.001875623
51187,Warren,County,50,16126,0.003100583
51191,Washington,County,84,24500,0.003428571
51193,Westmoreland,County,16,8377,0.001909992
51195,Wise,County,28,14138,0.001980478
51197,Wythe,County,30,12491,0.002401729
51199,York,County,124,33897,0.003658141
51510,Alexandria,City,218,70364,0.003098175
51515,Bedford,City,7,2734,0.002560351
51520,Bristol,City,17,7359,0.002310096
51530,Buena Vista,City,8,2423,0.003301692
51540,Charlottesville,City,86,20044,0.004290561
51550,Chesapeake,City,275,107521,0.00255764
51570,Colonial Heights,City,35,8849,0.003955249
51580,Covington,City,5,2354,0.002124044
51590,Danville,City,47,20890,0.00224988
51595,Emporia,City,7,2617,0.002674818
51600,Fairfax,City,48,11398,0.004211265
51610,Falls Church,City,31,6750,0.004592593
51620,Franklin,City,8,4427,0.001807093
51630,Fredericksburg,City,27,9677,0.002790121
51640,Galax,City,14,2402,0.005828476
51650,Hampton,City,152,67943,0.002237169
51660,Harrisonburg,City,68,14675,0.004633731
51670,Hopewell,City,21,9524,0.002204956
51678,Lexington,City,11,2479,0.004437273
51680,Lynchburg,City,146,34341,0.004251478
51683,Manassas,City,41,13627,0.003008733
51685,Manassas Park,City,10,4140,0.002415459
51690,Martinsville,City,13,6520,0.001993865
51700,Newport News,City,171,81295,0.00210345
51710,Norfolk,City,271,88446,0.003064016
51720,Norton,City,1,1512,0.000661376
51730,Petersburg,City,28,15540,0.001801802
51735,Poquoson,City,32,7065,0.00452937
51740,Portsmouth,City,113,46665,0.002421515
51750,Radford,City,22,5429,0.004052312
51760,Richmond,City,296,93085,0.003179889
51770,Roanoke,City,135,40772,0.003311096
51775,Salem,City,48,12406,0.003869096
51790,Staunton,City,31,11015,0.002814344
51800,Suffolk,City,105,39908,0.002631051
51810,Virginia Beach,City,635,201249,0.003155295
51820,Waynesboro,City,44,8860,0.00496614
51830,Williamsburg,City,41,6787,0.006040961
51840,Winchester,City,22,10126,0.002172625
53001,Adams,County,16,4858,0.003293536
53003,Asotin,County,19,9780,0.00194274
53005,Benton,County,338,72911,0.004635789
53007,Chelan,County,98,31958,0.003066525
53009,Clallam,County,177,38519,0.004595135
53011,Clark,County,581,182764,0.003178963
53013,Columbia,County,1,2228,0.000448833
53015,Cowlitz,County,144,45229,0.003183798
53017,Douglas,County,59,15209,0.003879282
53019,Ferry,County,27,3501,0.007712082
53021,Franklin,County,57,19696,0.002893989
53023,Garfield,County,4,1373,0.002913328
53025,Grant,County,104,27438,0.003790364
53027,Grays Harbor,County,132,29184,0.004523026
53029,Island,County,173,42159,0.004103513
53031,Jefferson,County,98,19991,0.004902206
53033,King,County,4058,922032,0.004401149
53035,Kitsap,County,594,124337,0.004777339
53037,Kittitas,County,80,17868,0.004477278
53039,Klickitat,County,45,10164,0.004427391
53041,Lewis,County,138,34705,0.003976372
53043,Lincoln,County,17,5977,0.002844236
53045,Mason,County,128,28306,0.004522009
53047,Okanogan,County,87,16870,0.005157084
53049,Pacific,County,43,10937,0.003931608
53051,Pend Oreille,County,40,6552,0.006105006
53053,Pierce,County,1388,329520,0.004212187
53055,San Juan,County,57,10531,0.005412591
53057,Skagit,County,244,55886,0.004366031
53059,Skamania,County,18,5490,0.003278689
53061,Snohomish,County,1559,320333,0.00486681
53063,Spokane,County,870,219511,0.003963355
53065,Stevens,County,96,22341,0.004297032
53067,Thurston,County,507,126709,0.004001294
53069,Wahkiakum,County,10,2294,0.004359198
53071,Walla Walla,County,82,24727,0.003316213
53073,Whatcom,County,327,100339,0.003258952
53075,Whitman,County,104,17589,0.005912786
53077,Yakima,County,208,77062,0.002699125
54001,Barbour,County,0,6232,0
54003,Berkeley,County,0,37292,0
54005,Boone,County,0,8370,0
54007,Braxton,County,0,5409,0
54009,Brooke,County,0,9857,0
54011,Cabell,County,0,34592,0
54013,Calhoun,County,0,2429,0
54015,Clay,County,0,3265,0
54017,Doddridge,County,0,3018,0
54019,Fayette,County,0,15194,0
54021,Gilmer,County,0,2521,0
54023,Grant,County,0,4218,0
54025,Greenbrier,County,0,13732,0
54027,Hampshire,County,0,8347,0
54029,Hancock,County,0,13220,0
54031,Hardy,County,0,5407,0
54033,Harrison,County,0,31872,0
54035,Jackson,County,0,12236,0
54037,Jefferson,County,0,22545,0
54039,Kanawha,County,0,82484,0
54041,Lewis,County,0,6606,0
54043,Lincoln,County,0,6835,0
54045,Logan,County,0,13465,0
54047,McDowell,County,0,6430,0
54049,Marion,County,0,23607,0
54051,Marshall,County,0,14001,0
54053,Mason,County,0,10603,0
54055,Mercer,County,0,21022,0
54057,Mineral,County,0,11547,0
54059,Mingo,County,0,8338,0
54061,Monongalia,County,0,33379,0
54063,Monroe,County,0,5575,0
54065,Morgan,County,0,7276,0
54067,Nicholas,County,0,9361,0
54069,Ohio,County,0,19540,0
54071,Pendleton,County,0,3395,0
54073,Pleasants,County,0,2975,0
54075,Pocahontas,County,0,3642,0
54077,Preston,County,0,11796,0
54079,Putnam,County,0,24780,0
54081,Raleigh,County,0,28259,0
54083,Randolph,County,0,10833,0
54085,Ritchie,County,0,3846,0
54087,Roane,County,0,5563,0
54089,Summers,County,0,5316,0
54091,Taylor,County,0,6203,0
54093,Tucker,County,0,3507,0
54095,Tyler,County,0,3741,0
54097,Upshur,County,0,8971,0
54099,Wayne,County,0,15430,0
54101,Webster,County,0,3057,0
54103,Wetzel,County,0,6454,0
54105,Wirt,County,0,2326,0
54107,Wood,County,0,36002,0
54109,Wyoming,County,0,7530,0
55001,Adams,County,27,9986,0.002703785
55003,Ashland,County,15,8574,0.001749475
55005,Barron,County,72,22886,0.003146028
55007,Bayfield,County,15,9468,0.001584284
55009,Brown,County,426,124754,0.00341472
55011,Buffalo,County,25,7000,0.003571429
55013,Burnett,County,36,8688,0.004143646
55015,Calumet,County,83,26474,0.003135151
55017,Chippewa,County,55,30231,0.001819325
55019,Clark,County,45,14187,0.003171918
55021,Columbia,County,78,29272,0.002664662
55023,Crawford,County,32,7981,0.004009523
55025,Dane,County,983,282939,0.003474247
55027,Dodge,County,85,42823,0.001984915
55029,Door,County,35,17481,0.002002174
55031,Douglas,County,63,24066,0.002617801
55033,Dunn,County,98,22989,0.004262908
55035,Eau Claire,County,192,55010,0.003490274
55037,Florence,County,10,2685,0.003724395
55039,Fond du Lac,County,132,52323,0.002522791
55041,Forest,County,12,4683,0.00256246
55043,Grant,County,79,24320,0.003248355
55045,Green,County,61,18534,0.003291249
55047,Green Lake,County,19,9536,0.00199245
55049,Iowa,County,28,11969,0.002339377
55051,Iron,County,12,3432,0.003496503
55053,Jackson,County,22,9251,0.002378121
55055,Jefferson,County,140,43166,0.003243293
55057,Juneau,County,31,11530,0.002688638
55059,Kenosha,County,251,78789,0.003185724
55061,Kewaunee,County,23,10787,0.002132196
55063,La Crosse,County,191,63218,0.003021291
55065,Lafayette,County,14,7831,0.001787767
55067,Langlade,County,25,10402,0.002403384
55069,Lincoln,County,60,15268,0.003929788
55071,Manitowoc,County,125,42414,0.00294714
55073,Marathon,County,323,67940,0.004754195
55075,Marinette,County,63,21255,0.002964008
55077,Marquette,County,19,7846,0.002421616
55078,Menominee,County,0,1448,0
55079,Milwaukee,County,1105,475192,0.002325376
55081,Monroe,County,66,19152,0.003446115
55083,Oconto,County,50,18968,0.002636019
55085,Oneida,County,110,21927,0.005016646
55087,Outagamie,County,399,91563,0.004357655
55089,Ozaukee,County,140,53365,0.002623442
55091,Pepin,County,10,3771,0.002651816
55093,Pierce,County,85,22107,0.003844936
55095,Polk,County,97,22643,0.004283885
55097,Portage,County,134,39422,0.003399117
55099,Price,County,42,8194,0.005125702
55101,Racine,County,240,100642,0.00238469
55103,Richland,County,24,8450,0.002840237
55105,Rock,County,187,79169,0.002362036
55107,Rusk,County,36,7272,0.004950495
55109,St. Croix,County,182,44821,0.004060597
55111,Sauk,County,77,30626,0.002514204
55113,Sawyer,County,24,9085,0.002641717
55115,Shawano,County,66,20089,0.00328538
55117,Sheboygan,County,142,62107,0.002286377
55119,Taylor,County,29,9346,0.003102932
55121,Trempealeau,County,44,13314,0.003304792
55123,Vernon,County,43,14075,0.003055062
55125,Vilas,County,40,13750,0.002909091
55127,Walworth,County,138,50422,0.002736901
55129,Washburn,County,27,9112,0.002963126
55131,Washington,County,193,74411,0.002593703
55133,Waukesha,County,565,232897,0.002425965
55135,Waupaca,County,62,25511,0.002430324
55137,Waushara,County,38,11849,0.003207022
55139,Winnebago,County,323,87677,0.003683976
55141,Wood,County,135,39052,0.003456929
56001,Albany,County,149,17117,0.008704796
56003,Big Horn,County,37,5310,0.006967985
56005,Campbell,County,77,16320,0.004718137
56007,Carbon,County,46,6854,0.006711409
56009,Converse,County,27,6451,0.004185398
56011,Crook,County,29,3683,0.007874016
56013,Fremont,County,102,17592,0.00579809
56015,Goshen,County,26,5912,0.004397835
56017,Hot Springs,County,28,2546,0.010997643
56019,Johnson,County,31,4354,0.00711989
56021,Laramie,County,236,41625,0.00566967
56023,Lincoln,County,57,8568,0.006652661
56025,Natrona,County,197,33267,0.005921784
56027,Niobrara,County,10,1293,0.007733952
56029,Park,County,111,14985,0.007407407
56031,Platte,County,29,4560,0.006359649
56033,Sheridan,County,88,14981,0.005874107
56035,Sublette,County,28,4356,0.006427916
56037,Sweetwater,County,103,16703,0.006166557
56039,Teton,County,91,12316,0.007388763
56041,Uinta,County,56,8383,0.006680186
56043,Washakie,County,14,4089,0.00342382
56045,Weston,County,22,3393,0.006483938