county_fips,name,type,totalvote,Gary Johnson, libertarian_12
1001,Autauga,County,23973,137,0.005714762
1003,Baldwin,County,85491,607,0.007100163
1005,Barbour,County,11517,32,0.002778501
1007,Bibb,County,8420,38,0.004513064
1009,Blount,County,24060,170,0.007065669
1011,Bullock,County,5322,3,0.000563698
1013,Butler,County,9502,20,0.00210482
1015,Calhoun,County,46364,291,0.006276421
1017,Chambers,County,14629,78,0.005331875
1019,Cherokee,County,9792,79,0.00806781
1021,Chilton,County,17485,66,0.003774664
1023,Choctaw,County,7976,19,0.002382146
1025,Clarke,County,13860,22,0.001587302
1027,Clay,County,6679,42,0.006288367
1029,Cleburne,County,6319,37,0.005855357
1031,Coffee,County,19821,111,0.005600121
1033,Colbert,County,23444,201,0.008573622
1035,Conecuh,County,7025,15,0.002135231
1037,Coosa,County,5282,19,0.003597122
1039,Covington,County,15439,66,0.004274888
1041,Crenshaw,County,6424,21,0.003268991
1043,Cullman,County,34555,223,0.00645348
1045,Dale,County,18601,101,0.005429816
1047,Dallas,County,20964,34,0.001621828
1049,DeKalb,County,23950,161,0.006722338
1051,Elmore,County,35546,191,0.005373319
1053,Escambia,County,14894,55,0.003692762
1055,Etowah,County,42624,395,0.00926708
1057,Fayette,County,7958,43,0.005403368
1059,Franklin,County,10881,69,0.006341329
1061,Geneva,County,11331,63,0.005559968
1063,Greene,County,5343,8,0.001497286
1065,Hale,County,8647,13,0.001503412
1067,Henry,County,8766,33,0.003764545
1069,Houston,County,41984,210,0.005001905
1071,Jackson,County,20632,189,0.009160527
1073,Jefferson,County,304523,1637,0.00537562
1075,Lamar,County,7176,34,0.004738016
1077,Lauderdale,County,37032,293,0.007912076
1079,Lawrence,County,14148,107,0.007562906
1081,Lee,County,54496,604,0.011083382
1083,Limestone,County,35540,218,0.006133934
1085,Lowndes,County,7523,15,0.001993885
1087,Macon,County,10396,14,0.001346672
1089,Madison,County,155428,1531,0.00985022
1091,Marengo,County,11543,15,0.001299489
1093,Marion,County,12129,97,0.007997362
1095,Marshall,County,32644,228,0.006984438
1097,Mobile,County,175140,822,0.004693388
1099,Monroe,County,10717,28,0.002612671
1101,Montgomery,County,102067,339,0.003321348
1103,Morgan,County,49459,321,0.006490224
1105,Perry,County,6101,15,0.002458613
1107,Pickens,County,9621,16,0.001663029
1109,Pike,County,14123,76,0.005381293
1111,Randolph,County,10421,55,0.005277804
1113,Russell,County,18910,62,0.003278689
1115,St. Clair,County,35235,201,0.005704555
1117,Shelby,County,92742,725,0.007817386
1119,Sumter,County,7030,18,0.002560455
1121,Talladega,County,33416,127,0.003800575
1123,Tallapoosa,County,18851,69,0.003660283
1125,Tuscaloosa,County,78772,553,0.007020261
1127,Walker,County,28585,165,0.005772258
1129,Washington,County,8787,22,0.002503699
1131,Wilcox,County,6555,2,0.000305111
1133,Winston,County,9728,57,0.005859375
4001,Apache,County,25917,354,0.013658988
4003,Cochise,County,49201,728,0.014796447
4005,Coconino,County,51962,941,0.018109388
4007,Gila,County,21595,310,0.014355175
4009,Graham,County,11905,142,0.011927761
4011,Greenlee,County,2986,61,0.020428667
4012,La Paz,County,5735,99,0.017262424
4013,Maricopa,County,1380959,20071,0.014534103
4015,Mohave,County,70328,1070,0.015214424
4017,Navajo,County,37465,399,0.01064994
4019,Pima,County,383173,4366,0.011394331
4021,Pinal,County,108682,1568,0.014427412
4023,Santa Cruz,County,13911,108,0.00776364
4025,Yavapai,County,100667,1450,0.014403926
4027,Yuma,County,42073,433,0.010291636
5001,Arkansas,County,6494,92,0.014166923
5003,Ashley,County,7921,105,0.013255902
5005,Baxter,County,19339,293,0.015150732
5007,Benton,County,79257,1402,0.017689289
5009,Boone,County,15391,263,0.017087909
5011,Bradley,County,3652,32,0.008762322
5013,Calhoun,County,2174,33,0.015179393
5015,Carroll,County,10183,222,0.021801041
5017,Chicot,County,4361,25,0.00573263
5019,Clark,County,8409,141,0.016767749
5021,Clay,County,5110,99,0.019373777
5023,Cleburne,County,11647,196,0.016828368
5025,Cleveland,County,3266,52,0.015921617
5027,Columbia,County,9455,64,0.006768905
5029,Conway,County,7730,105,0.013583441
5031,Craighead,County,31700,497,0.015678233
5033,Crawford,County,20591,347,0.016852023
5035,Crittenden,County,16716,146,0.008734147
5037,Cross,County,6681,82,0.012273612
5039,Dallas,County,3084,44,0.014267185
5041,Desha,County,4420,39,0.008823529
5043,Drew,County,6633,65,0.009799487
5045,Faulkner,County,41460,698,0.016835504
5047,Franklin,County,6540,93,0.014220183
5049,Fulton,County,4522,66,0.014595312
5051,Garland,County,40728,513,0.012595757
5053,Grant,County,6479,108,0.016669239
5055,Greene,County,13761,431,0.031320398
5057,Hempstead,County,6921,76,0.010981072
5059,Hot Spring,County,11260,155,0.013765542
5061,Howard,County,4462,48,0.010757508
5063,Independence,County,12397,210,0.016939582
5065,Izard,County,5278,99,0.018757105
5067,Jackson,County,5347,96,0.017953993
5069,Jefferson,County,27383,194,0.007084688
5071,Johnson,County,8098,128,0.015806372
5073,Lafayette,County,2929,19,0.006486856
5075,Lawrence,County,5540,121,0.021841155
5077,Lee,County,3424,27,0.007885514
5079,Lincoln,County,3726,53,0.014224369
5081,Little River,County,5051,54,0.010690952
5083,Logan,County,7331,140,0.019096985
5085,Lonoke,County,24114,372,0.015426723
5087,Madison,County,6568,120,0.018270402
5089,Marion,County,7051,149,0.021131754
5091,Miller,County,15329,96,0.006262639
5093,Mississippi,County,13375,141,0.010542056
5095,Monroe,County,3230,26,0.008049536
5097,Montgomery,County,3404,51,0.014982374
5099,Nevada,County,3384,45,0.013297872
5101,Newton,County,3661,85,0.0232177
5103,Ouachita,County,10315,58,0.005622879
5105,Perry,County,3938,98,0.024885729
5107,Phillips,County,7930,62,0.007818411
5109,Pike,County,3788,50,0.013199578
5111,Poinsett,County,7560,113,0.01494709
5113,Polk,County,7726,127,0.016438002
5115,Pope,County,20439,321,0.015705269
5117,Prairie,County,3141,42,0.013371538
5119,Pulaski,County,159381,1952,0.012247382
5121,Randolph,County,5956,121,0.020315648
5123,St. Francis,County,8362,41,0.004903133
5125,Saline,County,47062,775,0.016467638
5127,Scott,County,3640,65,0.017857143
5129,Searcy,County,3694,95,0.02571738
5131,Sebastian,County,43362,690,0.01591255
5133,Sevier,County,4330,74,0.017090069
5135,Sharp,County,7283,156,0.021419745
5137,Stone,County,5354,141,0.02633545
5139,Union,County,17177,158,0.009198347
5141,Van Buren,County,6430,142,0.022083981
5143,Washington,County,70460,1651,0.023431734
5145,White,County,26514,428,0.016142415
5147,Woodruff,County,2685,63,0.023463687
5149,Yell,County,5974,95,0.015902243
6001,Alameda,County,595642,5471,0.009185047
6003,Alpine,County,653,8,0.012251149
6005,Amador,County,17649,242,0.013711825
6007,Butte,County,90752,1334,0.014699401
6009,Calaveras,County,21786,327,0.015009639
6011,Colusa,County,6034,47,0.007789195
6013,Contra Costa,County,438226,4372,0.009976587
6015,Del Norte,County,8770,109,0.012428734
6017,El Dorado,County,88774,1278,0.014396107
6019,Fresno,County,258827,2262,0.008739428
6021,Glenn,County,9211,106,0.01150798
6023,Humboldt,County,57470,910,0.015834348
6025,Imperial,County,38565,227,0.005886166
6027,Inyo,County,8036,94,0.011697362
6029,Kern,County,221472,2195,0.009910959
6031,Kings,County,31418,251,0.007989051
6033,Lake,County,23391,323,0.01380873
6035,Lassen,County,10683,138,0.01291772
6037,Los Angeles,County,3181067,31917,0.010033426
6039,Madera,County,39866,342,0.008578739
6041,Marin,County,134516,1333,0.009909602
6043,Mariposa,County,9000,124,0.013777778
6045,Mendocino,County,35017,482,0.013764743
6047,Merced,County,62057,516,0.008314936
6049,Modoc,County,3986,42,0.010536879
6051,Mono,County,5181,85,0.016406099
6053,Monterey,County,123518,1341,0.010856717
6055,Napa,County,56968,601,0.010549782
6057,Nevada,County,51676,830,0.016061615
6059,Orange,County,1122664,14132,0.012587916
6061,Placer,County,171322,2307,0.013465871
6063,Plumas,County,10047,128,0.012740121
6065,Riverside,County,661907,6223,0.009401623
6067,Sacramento,County,516809,6134,0.011868988
6069,San Benito,County,19044,164,0.008611636
6071,San Bernardino,County,581517,5883,0.010116643
6073,San Diego,County,1192282,14656,0.012292394
6075,San Francisco,County,361209,4096,0.011339695
6077,San Joaquin,County,204697,1839,0.008984011
6079,San Luis Obispo,County,125638,1776,0.014135851
6081,San Mateo,County,285720,2926,0.010240795
6083,Santa Barbara,County,163320,2063,0.012631643
6085,Santa Clara,County,643091,7889,0.012267315
6087,Santa Cruz,County,120095,1971,0.016412007
6089,Shasta,County,76335,926,0.01213074
6091,Sierra,County,1795,19,0.010584958
6093,Siskiyou,County,19910,242,0.012154696
6095,Solano,County,152444,1445,0.009478891
6097,Sonoma,County,216508,2754,0.012720084
6099,Stanislaus,County,155369,1499,0.009647999
6101,Sutter,County,31026,298,0.009604848
6103,Tehama,County,22977,244,0.010619315
6105,Trinity,County,5674,89,0.015685583
6107,Tulare,County,101100,792,0.007833828
6109,Tuolumne,County,24687,315,0.012759752
6111,Ventura,County,326974,3735,0.011422927
6113,Yolo,County,74475,1063,0.014273246
6115,Yuba,County,19700,306,0.015532995
8001,Adams,County,176230,2413,0.013692334
8003,Alamosa,County,6715,73,0.010871184
8005,Arapahoe,County,285516,3552,0.012440634
8007,Archuleta,County,6734,106,0.015741016
8009,Baca,County,2106,27,0.012820513
8011,Bent,County,1942,15,0.007723996
8013,Boulder,County,179499,2794,0.015565546
8014,Broomfield,County,32777,546,0.016658022
8015,Chaffee,County,10462,153,0.014624355
8017,Cheyenne,County,1093,11,0.010064044
8019,Clear Creek,County,5743,114,0.019850252
8021,Conejos,County,4101,14,0.003413802
8023,Costilla,County,1837,16,0.008709853
8025,Crowley,County,1502,19,0.0126498
8027,Custer,County,2715,37,0.013627993
8029,Delta,County,15925,163,0.010235479
8031,Denver,County,301694,4068,0.013483861
8033,Dolores,County,1245,22,0.017670683
8035,Douglas,County,168084,1782,0.010601842
8037,Eagle,County,22668,335,0.014778542
8039,Elbert,County,14178,185,0.013048385
8041,El Paso,County,290175,4268,0.014708366
8043,Fremont,County,20416,234,0.011461599
8045,Garfield,County,24408,296,0.012127171
8047,Gilpin,County,3338,54,0.016177352
8049,Grand,County,8187,155,0.018932454
8051,Gunnison,County,8667,166,0.019153109
8053,Hinsdale,County,600,7,0.011666667
8055,Huerfano,County,3714,46,0.012385568
8057,Jackson,County,848,14,0.016509434
8059,Jefferson,County,311052,4660,0.014981418
8061,Kiowa,County,821,8,0.009744214
8063,Kit Carson,County,3702,28,0.007563479
8065,Lake,County,3040,51,0.016776316
8067,La Plata,County,29184,579,0.019839638
8069,Larimer,County,180180,3157,0.017521368
8071,Las Animas,County,6862,73,0.010638298
8073,Lincoln,County,2287,14,0.006121557
8075,Logan,County,9124,79,0.008658483
8077,Mesa,County,72947,871,0.011940176
8079,Mineral,County,650,6,0.009230769
8081,Moffat,County,6168,65,0.010538262
8083,Montezuma,County,12318,195,0.015830492
8085,Montrose,County,20130,202,0.010034774
8087,Morgan,County,10777,102,0.009464601
8089,Otero,County,8192,58,0.007080078
8091,Ouray,County,3202,38,0.011867583
8093,Park,County,9366,141,0.015054452
8095,Phillips,County,2265,15,0.006622517
8097,Pitkin,County,10075,136,0.013498759
8099,Prowers,County,4863,48,0.00987045
8101,Pueblo,County,76194,726,0.009528309
8103,Rio Blanco,County,3369,40,0.011872959
8105,Rio Grande,County,5533,67,0.012109163
8107,Routt,County,13317,200,0.015018398
8109,Saguache,County,2932,52,0.017735334
8111,San Juan,County,506,15,0.029644269
8113,San Miguel,County,4256,52,0.012218045
8115,Sedgwick,County,1338,10,0.007473842
8117,Summit,County,15312,269,0.017567921
8119,Teller,County,13407,227,0.016931454
8121,Washington,County,2591,11,0.004245465
8123,Weld,County,115866,1632,0.014085236
8125,Yuma,County,4577,33,0.007209963
9001,Fairfield,County,396130,2644,0.006674577
9003,Hartford,County,392240,3076,0.007842137
9005,Litchfield,County,92427,947,0.010245924
9007,Middlesex,County,83538,753,0.009013862
9009,New Haven,County,361059,2490,0.00689638
9011,New London,County,115102,1244,0.010807805
9013,Tolland,County,70991,830,0.011691623
9015,Windham,County,46588,596,0.012792994
10001,Kent,County,68680,677,0.009857309
10003,New Castle,County,252012,2486,0.00986461
10005,Sussex,County,93229,719,0.007712193
11001,District of Columbia,County,293764,2083,0.007090726
12001,Alachua,County,120418,1306,0.010845555
12003,Baker,County,11368,41,0.003606615
12005,Bay,County,79861,573,0.007174967
12007,Bradford,County,11635,39,0.003351955
12009,Brevard,County,285559,1974,0.006912757
12011,Broward,County,756422,2372,0.003135816
12013,Calhoun,County,6152,48,0.007802341
12015,Charlotte,County,84682,411,0.004853452
12017,Citrus,County,73935,424,0.005734767
12019,Clay,County,96589,506,0.005238692
12021,Collier,County,149112,604,0.004050646
12023,Columbia,County,27163,143,0.005264514
12027,DeSoto,County,9865,48,0.004865687
12029,Dixie,County,6941,27,0.003889929
12031,Duval,County,411848,2325,0.005645287
12033,Escambia,County,148502,1005,0.006767586
12035,Flagler,County,50595,252,0.004980729
12037,Franklin,County,5474,19,0.003470954
12039,Gadsden,County,22499,54,0.002400107
12041,Gilchrist,County,7909,58,0.007333418
12043,Glades,County,3989,11,0.002757583
12045,Gulf,County,7108,40,0.005627462
12047,Hamilton,County,5407,14,0.002589236
12049,Hardee,County,7226,38,0.005258788
12051,Hendry,County,10185,32,0.003141875
12053,Hernando,County,83667,488,0.005832646
12055,Highlands,County,42444,195,0.004594289
12057,Hillsborough,County,542102,3448,0.006360427
12059,Holmes,County,8274,34,0.004109258
12061,Indian River,County,71464,329,0.004603717
12063,Jackson,County,20941,79,0.003772504
12065,Jefferson,County,7808,28,0.003586066
12067,Lafayette,County,3399,19,0.005589879
12069,Lake,County,150811,799,0.005298022
12071,Lee,County,266166,1177,0.004422052
12073,Leon,County,148353,1137,0.007664152
12075,Levy,County,18399,90,0.00489157
12077,Liberty,County,3284,9,0.00274056
12079,Madison,County,8715,33,0.003786575
12081,Manatee,County,153491,786,0.005120821
12083,Marion,County,161385,806,0.004994268
12085,Martin,County,78873,368,0.004665728
12086,Miami-Dade,County,878314,2276,0.002591328
12087,Monroe,County,39057,260,0.006656937
12089,Nassau,County,40528,230,0.005675089
12091,Okaloosa,County,94798,848,0.008945336
12093,Okeechobee,County,12324,66,0.005355404
12095,Orange,County,466359,2839,0.006087585
12097,Osceola,County,108698,458,0.004213509
12099,Palm Beach,County,600721,2293,0.00381708
12101,Pasco,County,213573,1695,0.007936396
12103,Pinellas,County,457702,3329,0.007273291
12105,Polk,County,248683,1446,0.005814631
12107,Putnam,County,31324,144,0.004597114
12109,St. Johns,County,114795,747,0.006507252
12111,St. Lucie,County,123027,521,0.004234843
12113,Santa Rosa,County,76846,605,0.007872889
12115,Sarasota,County,207480,1092,0.005263158
12117,Seminole,County,208620,1604,0.00768862
12119,Sumter,County,60479,162,0.002678616
12121,Suwannee,County,17629,98,0.005559022
12123,Taylor,County,9120,61,0.006688596
12125,Union,County,5393,27,0.00500649
12127,Volusia,County,234536,1363,0.005811475
12129,Wakulla,County,14660,112,0.007639836
12131,Walton,County,28494,205,0.007194497
12133,Washington,County,10999,56,0.005091372
13001,Appling,County,7086,92,0.012983347
13003,Atkinson,County,2902,34,0.011716058
13005,Bacon,County,3931,46,0.011701857
13007,Baker,County,1589,10,0.006293266
13009,Baldwin,County,16238,160,0.00985343
13011,Banks,County,6195,59,0.00952381
13013,Barrow,County,25199,433,0.017183222
13015,Bartow,County,35802,510,0.014245014
13017,Ben Hill,County,5956,44,0.007387508
13019,Berrien,County,6201,84,0.013546202
13021,Bibb,County,64718,482,0.007447696
13023,Bleckley,County,4907,51,0.010393316
13025,Brantley,County,6002,99,0.016494502
13027,Brooks,County,6742,50,0.007416197
13029,Bryan,County,13453,172,0.012785252
13031,Bulloch,County,24085,302,0.012538925
13033,Burke,County,9779,72,0.007362716
13035,Butts,County,9381,100,0.010659844
13037,Calhoun,County,2188,7,0.003199269
13039,Camden,County,17983,263,0.014624924
13043,Candler,County,3528,27,0.007653061
13045,Carroll,County,41549,563,0.013550266
13047,Catoosa,County,23678,434,0.018329251
13049,Charlton,County,3764,39,0.010361318
13051,Chatham,County,108628,1111,0.010227566
13053,Chattahoochee,County,1490,26,0.017449664
13055,Chattooga,County,7822,138,0.017642547
13057,Cherokee,County,98220,1758,0.017898595
13059,Clarke,County,40368,950,0.023533492
13061,Clay,County,1402,3,0.0021398
13063,Clayton,County,96067,424,0.004413586
13065,Clinch,County,2472,22,0.008899676
13067,Cobb,County,310116,5024,0.01620039
13069,Coffee,County,14454,144,0.00996264
13071,Colquitt,County,13328,108,0.008103241
13073,Columbia,County,58923,699,0.01186294
13075,Cook,County,6031,51,0.008456309
13077,Coweta,County,55555,723,0.01301413
13079,Crawford,County,5133,58,0.011299435
13081,Crisp,County,7396,47,0.006354786
13083,Dade,County,6020,135,0.022425249
13085,Dawson,County,10244,150,0.014642718
13087,Decatur,County,10485,69,0.00658083
13089,DeKalb,County,306265,3292,0.010748861
13091,Dodge,County,7733,77,0.009957326
13093,Dooly,County,4298,28,0.006514658
13095,Dougherty,County,37919,172,0.004535985
13097,Douglas,County,55267,565,0.010223099
13099,Early,County,5353,31,0.005791145
13101,Echols,County,1102,12,0.010889292
13103,Effingham,County,20816,248,0.011913912
13105,Elbert,County,8143,103,0.012648901
13107,Emanuel,County,8083,55,0.006804404
13109,Evans,County,3563,27,0.007577884
13111,Fannin,County,10017,127,0.012678447
13113,Fayette,County,58568,726,0.012395848
13115,Floyd,County,32829,456,0.013890158
13117,Forsyth,County,81731,1203,0.014719017
13119,Franklin,County,7762,146,0.018809585
13121,Fulton,County,397413,4661,0.011728353
13123,Gilmer,County,11018,134,0.012161917
13125,Glascock,County,1333,22,0.016504126
13127,Glynn,County,33133,281,0.008480971
13129,Gordon,County,16897,249,0.014736344
13131,Grady,County,9396,50,0.005321413
13133,Greene,County,8323,51,0.006127598
13135,Gwinnett,County,296728,4132,0.013925211
13137,Habersham,County,14641,155,0.010586709
13139,Hall,County,61364,844,0.013753993
13141,Hancock,County,4088,11,0.002690802
13143,Haralson,County,10376,137,0.013203547
13145,Harris,County,15488,145,0.009362087
13147,Hart,County,9511,116,0.012196404
13149,Heard,County,4172,61,0.014621285
13151,Henry,County,91378,813,0.008897109
13153,Houston,County,58056,639,0.011006614
13155,Irwin,County,3709,30,0.008088434
13157,Jackson,County,23704,313,0.013204522
13159,Jasper,County,6031,50,0.008290499
13161,Jeff Davis,County,5336,65,0.012181409
13163,Jefferson,County,7298,38,0.005206906
13165,Jenkins,County,3390,15,0.004424779
13167,Johnson,County,3772,27,0.007158006
13169,Jones,County,12105,87,0.007187113
13171,Lamar,County,7592,91,0.011986301
13173,Lanier,County,2972,38,0.012786003
13175,Laurens,County,19604,136,0.00693736
13177,Lee,County,13628,110,0.008071617
13179,Liberty,County,16170,147,0.009090909
13181,Lincoln,County,4426,33,0.007455942
13183,Long,County,3802,52,0.013677012
13185,Lowndes,County,39137,323,0.00825306
13187,Lumpkin,County,10905,196,0.017973407
13189,McDuffie,County,9592,70,0.007297748
13191,McIntosh,County,6341,68,0.010723861
13193,Macon,County,4781,25,0.005229032
13195,Madison,County,11104,152,0.013688761
13197,Marion,County,3170,25,0.007886435
13199,Meriwether,County,9264,76,0.0082038
13201,Miller,County,2775,18,0.006486486
13205,Mitchell,County,8275,39,0.004712991
13207,Monroe,County,12277,128,0.010426
13209,Montgomery,County,3832,34,0.008872651
13211,Morgan,County,9027,88,0.009748532
13213,Murray,County,11217,228,0.02032629
13215,Muscogee,County,70603,484,0.006855233
13217,Newton,County,43234,393,0.009090068
13219,Oconee,County,17817,288,0.016164337
13221,Oglethorpe,County,6273,95,0.015144269
13223,Paulding,County,57399,704,0.012265022
13225,Peach,County,11516,78,0.006773185
13227,Pickens,County,12680,151,0.011908517
13229,Pierce,County,6846,55,0.008033888
13231,Pike,County,8109,84,0.010358861
13233,Polk,County,13608,175,0.012860082
13235,Pulaski,County,3682,18,0.004888647
13237,Putnam,County,9222,78,0.008458035
13239,Quitman,County,1128,6,0.005319149
13241,Rabun,County,7463,128,0.01715128
13243,Randolph,County,3058,17,0.005559189
13245,Richmond,County,79020,583,0.007377879
13247,Rockdale,County,38085,330,0.008664829
13249,Schley,County,1748,14,0.008009153
13251,Screven,County,6100,39,0.006393443
13253,Seminole,County,3769,46,0.012204829
13255,Spalding,County,25088,272,0.010841837
13257,Stephens,County,9498,137,0.014424089
13259,Stewart,County,2076,8,0.003853565
13261,Sumter,County,11831,78,0.006592849
13263,Talbot,County,3491,24,0.006874821
13265,Taliaferro,County,963,4,0.004153686
13267,Tattnall,County,6667,62,0.009299535
13269,Taylor,County,3538,18,0.00508762
13271,Telfair,County,4336,51,0.011761993
13273,Terrell,County,4398,20,0.004547522
13275,Thomas,County,18953,139,0.007333931
13277,Tift,County,13927,82,0.005887844
13279,Toombs,County,9344,74,0.007919521
13281,Towns,County,6211,62,0.009982289
13283,Treutlen,County,2750,24,0.008727273
13285,Troup,County,25986,260,0.010005388
13287,Turner,County,3559,21,0.005900534
13289,Twiggs,County,4202,25,0.005949548
13291,Union,County,11079,164,0.01480278
13293,Upson,County,11263,74,0.006570186
13295,Walker,County,21896,365,0.016669711
13297,Walton,County,37612,413,0.010980538
13299,Ware,County,11939,98,0.008208393
13301,Warren,County,2526,7,0.00277118
13303,Washington,County,8808,58,0.006584923
13305,Wayne,County,10269,111,0.010809232
13307,Webster,County,1187,4,0.00336984
13309,Wheeler,County,2160,22,0.010185185
13311,White,County,10488,154,0.014683448
13313,Whitfield,County,26876,346,0.01287394
13315,Wilcox,County,3129,15,0.004793864
13317,Wilkes,County,4761,39,0.008191556
13319,Wilkinson,County,4450,23,0.005168539
13321,Worth,County,8419,60,0.007126737
15001,Hawaii,County,63454,749,0.011803826
15003,Honolulu,County,296742,2252,0.007589084
15007,Kauai,County,25372,272,0.010720479
15009,Maui,County,48653,565,0.01161285
16001,Ada,County,180562,3422,0.018951939
16003,Adams,County,2061,28,0.013585638
16005,Bannock,County,35264,442,0.012534029
16007,Bear Lake,County,2822,9,0.003189227
16009,Benewah,County,3885,46,0.011840412
16011,Bingham,County,17606,155,0.008803817
16013,Blaine,County,10194,167,0.016382186
16015,Boise,County,3446,63,0.018282066
16017,Bonner,County,18536,322,0.017371601
16019,Bonneville,County,43217,536,0.012402527
16021,Boundary,County,4544,77,0.016945423
16023,Butte,County,1286,8,0.00622084
16025,Camas,County,578,7,0.012110727
16027,Canyon,County,66101,945,0.014296304
16029,Caribou,County,3052,21,0.006880734
16031,Cassia,County,8396,70,0.008337303
16033,Clark,County,328,16,0.048780488
16035,Clearwater,County,3696,44,0.011904762
16037,Custer,County,2355,25,0.010615711
16039,Elmore,County,8003,124,0.01549419
16041,Franklin,County,5600,41,0.007321429
16043,Fremont,County,5802,34,0.005860048
16045,Gem,County,7491,93,0.012414898
16047,Gooding,County,5118,51,0.00996483
16049,Idaho,County,7840,76,0.009693878
16051,Jefferson,County,11381,97,0.008522977
16053,Jerome,County,6681,77,0.011525221
16055,Kootenai,County,59833,839,0.014022362
16057,Latah,County,16767,453,0.027017356
16059,Lemhi,County,4110,41,0.009975669
16061,Lewis,County,1615,15,0.009287926
16063,Lincoln,County,1663,17,0.010222489
16065,Madison,County,14412,84,0.005828476
16067,Minidoka,County,6973,55,0.007887566
16069,Nez Perce,County,16850,194,0.011513353
16071,Oneida,County,2089,19,0.009095261
16073,Owyhee,County,3724,31,0.008324382
16075,Payette,County,8495,88,0.010359035
16077,Power,County,2904,21,0.007231405
16079,Shoshone,County,5148,71,0.013791764
16081,Teton,County,4523,67,0.014813177
16083,Twin Falls,County,28145,348,0.012364541
16085,Valley,County,4919,78,0.015856881
16087,Washington,County,4331,36,0.008312168
17001,Adams,County,30607,377,0.012317444
17003,Alexander,County,3501,29,0.008283348
17005,Bond,County,7336,150,0.02044711
17007,Boone,County,21365,283,0.013245963
17009,Brown,County,2364,40,0.016920474
17011,Bureau,County,16631,226,0.013589081
17013,Calhoun,County,2576,29,0.011257764
17015,Carroll,County,7386,117,0.01584078
17017,Cass,County,4862,55,0.011312217
17019,Champaign,County,78359,1293,0.016500976
17021,Christian,County,14701,205,0.01394463
17023,Clark,County,7860,88,0.011195929
17025,Clay,County,5908,96,0.016249154
17027,Clinton,County,16450,225,0.013677812
17029,Coles,County,21358,306,0.014327184
17031,Cook,County,2011598,15845,0.007876822
17033,Crawford,County,8609,112,0.013009641
17035,Cumberland,County,5295,96,0.018130312
17037,DeKalb,County,41092,636,0.015477465
17039,De Witt,County,7345,99,0.013478557
17041,Douglas,County,7897,92,0.011649994
17043,DuPage,County,401081,4515,0.011257078
17045,Edgar,County,7819,76,0.009719913
17047,Edwards,County,3228,47,0.014560099
17049,Effingham,County,16613,156,0.009390237
17051,Fayette,County,8971,118,0.013153495
17053,Ford,County,6006,89,0.014818515
17055,Franklin,County,17914,241,0.013453165
17057,Fulton,County,15356,262,0.017061735
17059,Gallatin,County,2573,26,0.010104936
17061,Greene,County,5622,109,0.019388118
17063,Grundy,County,21244,322,0.015157221
17065,Hamilton,County,3941,63,0.01598579
17067,Hancock,County,9111,130,0.014268467
17069,Hardin,County,2330,31,0.013304721
17071,Henderson,County,3568,37,0.010369955
17073,Henry,County,24322,285,0.011717786
17075,Iroquois,County,12784,173,0.013532541
17077,Jackson,County,24012,407,0.016949858
17079,Jasper,County,5043,63,0.012492564
17081,Jefferson,County,16320,273,0.016727941
17083,Jersey,County,9959,173,0.017371222
17085,Jo Daviess,County,11429,166,0.014524455
17087,Johnson,County,5672,87,0.015338505
17089,Kane,County,181648,2098,0.011549811
17091,Kankakee,County,45509,532,0.011689995
17093,Kendall,County,47295,572,0.012094302
17095,Knox,County,23278,285,0.01224332
17097,Lake,County,287493,2816,0.009795021
17099,LaSalle,County,47259,645,0.013648194
17101,Lawrence,County,5989,88,0.014693605
17103,Lee,County,15301,198,0.012940331
17105,Livingston,County,15039,175,0.011636412
17107,Logan,County,12053,121,0.010038994
17109,McDonough,County,12454,201,0.016139393
17111,McHenry,County,133844,1682,0.012566869
17113,McLean,County,73382,1062,0.014472214
17115,Macon,County,48899,552,0.011288574
17117,Macoupin,County,21010,426,0.020276059
17119,Madison,County,122473,1977,0.016142333
17121,Marion,County,15764,212,0.013448363
17123,Marshall,County,5850,65,0.011111111
17125,Mason,County,6272,83,0.013233418
17127,Massac,County,6495,91,0.014010778
17129,Menard,County,6151,67,0.010892538
17131,Mercer,County,8534,108,0.012655261
17133,Monroe,County,17432,233,0.013366223
17135,Montgomery,County,12133,190,0.015659771
17137,Morgan,County,14096,206,0.014614075
17139,Moultrie,County,6057,81,0.013372957
17141,Ogle,County,23367,313,0.013394959
17143,Peoria,County,78411,920,0.011733048
17145,Perry,County,9549,118,0.012357315
17147,Piatt,County,8707,141,0.016193867
17149,Pike,County,7286,90,0.012352457
17151,Pope,County,2222,34,0.01530153
17153,Pulaski,County,3003,31,0.01032301
17155,Putnam,County,3135,40,0.012759171
17157,Randolph,County,14392,227,0.015772651
17159,Richland,County,7282,130,0.017852238
17161,Rock Island,County,65016,651,0.01001292
17163,St. Clair,County,119466,1383,0.011576515
17165,Saline,County,10720,126,0.011753731
17167,Sangamon,County,94297,1282,0.013595342
17169,Schuyler,County,3890,62,0.015938303
17171,Scott,County,2555,32,0.012524462
17173,Shelby,County,10395,143,0.013756614
17175,Stark,County,2662,26,0.009767092
17177,Stephenson,County,21055,283,0.013440988
17179,Tazewell,County,61048,887,0.014529551
17181,Union,County,8282,99,0.011953634
17183,Vermilion,County,30314,363,0.011974665
17185,Wabash,County,5134,47,0.009154655
17187,Warren,County,7793,87,0.011163865
17189,Washington,County,7405,99,0.013369345
17191,Wayne,County,7680,143,0.018619792
17193,White,County,7064,110,0.015571914
17195,Whiteside,County,25768,358,0.013893201
17197,Will,County,277387,2968,0.010699853
17199,Williamson,County,29143,331,0.011357787
17201,Winnebago,County,118984,1465,0.01231258
17203,Woodford,County,18874,226,0.011974144
18001,Adams,County,13011,262,0.020136807
18003,Allen,County,146939,2197,0.014951783
18005,Bartholomew,County,29326,608,0.020732456
18007,Benton,County,3578,89,0.024874231
18009,Blackford,County,4743,103,0.021716213
18011,Boone,County,27737,593,0.021379385
18013,Brown,County,7604,204,0.026827985
18015,Carroll,County,7810,169,0.021638924
18017,Cass,County,14161,341,0.02408022
18019,Clark,County,47146,866,0.018368472
18021,Clay,County,10784,227,0.021049703
18023,Clinton,County,9883,234,0.023677021
18025,Crawford,County,4590,128,0.02788671
18027,Daviess,County,10250,171,0.016682927
18029,Dearborn,County,22356,434,0.019413133
18031,Decatur,County,10308,243,0.023573923
18033,DeKalb,County,16328,309,0.018924547
18035,Delaware,County,44968,1063,0.023639032
18037,Dubois,County,18542,366,0.019738971
18039,Elkhart,County,67852,1044,0.015386429
18041,Fayette,County,8837,219,0.024782166
18043,Floyd,County,35305,611,0.017306331
18045,Fountain,County,7111,210,0.029531711
18047,Franklin,County,10560,221,0.02092803
18049,Fulton,County,8126,184,0.022643367
18051,Gibson,County,14721,303,0.020582841
18053,Grant,County,25285,522,0.020644651
18055,Greene,County,13111,304,0.023186637
18057,Hamilton,County,136863,2269,0.016578622
18059,Hancock,County,32843,707,0.021526657
18061,Harrison,County,17671,417,0.023597985
18063,Hendricks,County,66644,1184,0.01776604
18065,Henry,County,19007,547,0.028778871
18067,Howard,County,36290,817,0.022513089
18069,Huntington,County,15765,295,0.018712337
18071,Jackson,County,16712,447,0.026747247
18073,Jasper,County,12896,264,0.020471464
18075,Jay,County,7901,191,0.024174155
18077,Jefferson,County,13126,296,0.022550663
18079,Jennings,County,10250,309,0.030146341
18081,Johnson,County,57964,1150,0.019839901
18083,Knox,County,15145,305,0.02013866
18085,Kosciusko,County,30060,624,0.020758483
18087,LaGrange,County,9316,187,0.020072993
18089,Lake,County,201758,2430,0.012044132
18091,LaPorte,County,43681,944,0.021611227
18093,Lawrence,County,17822,421,0.023622489
18095,Madison,County,52370,1182,0.022570174
18097,Marion,County,359009,6161,0.01716113
18099,Marshall,County,17765,355,0.019983113
18101,Martin,County,4743,130,0.027408813
18103,Miami,County,12781,376,0.029418668
18105,Monroe,County,57223,1264,0.02208902
18107,Montgomery,County,14440,338,0.023407202
18109,Morgan,County,28266,691,0.024446331
18111,Newton,County,5654,149,0.026353024
18113,Noble,County,16244,335,0.020622999
18115,Ohio,County,2819,63,0.02234835
18117,Orange,County,7776,199,0.025591564
18119,Owen,County,8113,222,0.027363491
18121,Parke,County,6515,170,0.02609363
18123,Perry,County,7875,149,0.018920635
18125,Pike,County,5926,172,0.029024637
18127,Porter,County,73039,1348,0.018455893
18129,Posey,County,12226,258,0.021102568
18131,Pulaski,County,5399,134,0.024819411
18133,Putnam,County,13829,305,0.022055102
18135,Randolph,County,10189,202,0.019825302
18137,Ripley,County,10983,258,0.023490849
18139,Rush,County,7026,172,0.024480501
18141,St. Joseph,County,110704,1611,0.01455232
18143,Scott,County,8720,179,0.020527523
18145,Shelby,County,16760,414,0.024701671
18147,Spencer,County,9728,184,0.018914474
18149,Starke,County,8754,205,0.023417866
18151,Steuben,County,13695,289,0.021102592
18153,Sullivan,County,8290,196,0.023642943
18155,Switzerland,County,3397,88,0.02590521
18157,Tippecanoe,County,56896,1349,0.023709927
18159,Tipton,County,7365,159,0.021588595
18161,Union,County,3100,59,0.019032258
18163,Vanderburgh,County,72404,1257,0.017360919
18165,Vermillion,County,6581,173,0.026287798
18167,Vigo,County,39877,768,0.019259222
18169,Wabash,County,12874,248,0.019263632
18171,Warren,County,3800,97,0.025526316
18173,Warrick,County,28384,523,0.018425874
18175,Washington,County,10737,284,0.026450591
18177,Wayne,County,25477,546,0.021431095
18179,Wells,County,12935,233,0.018013143
18181,White,County,9903,296,0.029889932
18183,Whitley,County,15011,328,0.021850643
19001,Adair,County,3996,30,0.007507508
19003,Adams,County,2185,16,0.007322654
19005,Allamakee,County,6934,27,0.003893856
19007,Appanoose,County,6245,44,0.007045637
19009,Audubon,County,3457,12,0.003471218
19011,Benton,County,14023,100,0.007131142
19013,Black Hawk,County,67141,540,0.008042776
19015,Boone,County,14388,122,0.008479288
19017,Bremer,County,13346,82,0.006144163
19019,Buchanan,County,10535,65,0.00616991
19021,Buena Vista,County,8383,57,0.006799475
19023,Butler,County,7545,33,0.004373757
19025,Calhoun,County,5230,39,0.007456979
19027,Carroll,County,10674,42,0.003934795
19029,Cass,County,7205,46,0.006384455
19031,Cedar,County,9649,72,0.007461913
19033,Cerro Gordo,County,23824,147,0.006170248
19035,Cherokee,County,6415,45,0.007014809
19037,Chickasaw,County,6484,35,0.005397903
19039,Clarke,County,4430,38,0.008577878
19041,Clay,County,8502,58,0.006821924
19043,Clayton,County,9138,57,0.006237689
19045,Clinton,County,25000,187,0.00748
19047,Crawford,County,6752,32,0.004739336
19049,Dallas,County,38116,273,0.007162347
19051,Davis,County,3773,38,0.010071561
19053,Decatur,County,3833,33,0.008609444
19055,Delaware,County,9378,46,0.004905097
19057,Des Moines,County,20385,137,0.006720628
19059,Dickinson,County,10159,68,0.006693572
19061,Dubuque,County,50894,438,0.008606123
19063,Emmet,County,4687,27,0.005760614
19065,Fayette,County,10366,56,0.005402277
19067,Floyd,County,8257,43,0.005207703
19069,Franklin,County,5186,33,0.006363286
19071,Fremont,County,3668,24,0.006543075
19073,Greene,County,4846,30,0.006190673
19075,Grundy,County,6962,33,0.004740017
19077,Guthrie,County,5888,74,0.012567935
19079,Hamilton,County,7927,54,0.006812161
19081,Hancock,County,5925,39,0.006582278
19083,Hardin,County,8898,53,0.005956395
19085,Harrison,County,7322,52,0.007101885
19087,Henry,County,9697,66,0.006806229
19089,Howard,County,4645,41,0.008826695
19091,Humboldt,County,5158,23,0.004459093
19093,Ida,County,3663,14,0.003822004
19095,Iowa,County,8866,52,0.005865103
19097,Jackson,County,10242,67,0.006541691
19099,Jasper,County,19515,149,0.007635152
19101,Jefferson,County,8530,126,0.014771395
19103,Johnson,County,75977,846,0.011134949
19105,Jones,County,10449,83,0.007943344
19107,Keokuk,County,5266,36,0.006836308
19109,Kossuth,County,8923,43,0.004819007
19111,Lee,County,18911,161,0.008513564
19113,Linn,County,118453,1230,0.010383865
19115,Louisa,County,4968,20,0.004025765
19117,Lucas,County,4323,20,0.004626417
19119,Lyon,County,6509,39,0.005991704
19121,Madison,County,8458,90,0.010640813
19123,Mahaska,County,10883,82,0.007534687
19125,Marion,County,17687,149,0.008424266
19127,Marshall,County,19064,116,0.006084767
19129,Mills,County,7212,68,0.00942873
19131,Mitchell,County,5586,40,0.007160759
19133,Monona,County,4742,29,0.006115563
19135,Monroe,County,3830,22,0.005744125
19137,Montgomery,County,5025,42,0.008358209
19139,Muscatine,County,19865,177,0.008910143
19141,O'Brien,County,7341,33,0.0044953
19143,Osceola,County,3194,16,0.005009393
19145,Page,County,7079,43,0.006074304
19147,Palo Alto,County,4887,28,0.005729486
19149,Plymouth,County,12950,89,0.006872587
19151,Pocahontas,County,4032,47,0.011656746
19153,Polk,County,228882,2183,0.009537666
19155,Pottawattamie,County,42301,328,0.007753954
19157,Poweshiek,County,9975,79,0.007919799
19159,Ringgold,County,2599,12,0.00461716
19161,Sac,County,5291,26,0.004914005
19163,Scott,County,90263,702,0.007777273
19165,Shelby,County,6483,56,0.008637976
19167,Sioux,County,17308,76,0.004391033
19169,Story,County,47150,727,0.015418876
19171,Tama,County,9017,45,0.004990573
19173,Taylor,County,2995,19,0.006343907
19175,Union,County,5957,37,0.00621118
19177,Van Buren,County,3569,35,0.009806669
19179,Wapello,County,15770,110,0.006975269
19181,Warren,County,26072,188,0.007210801
19183,Washington,County,11004,103,0.009360233
19185,Wayne,County,2900,21,0.007241379
19187,Webster,County,18292,92,0.005029521
19189,Winnebago,County,5918,37,0.006252112
19191,Winneshiek,County,11084,87,0.007849152
19193,Woodbury,County,45019,334,0.00741909
19195,Worth,County,4172,28,0.006711409
19197,Wright,County,6278,37,0.005893597
20001,Allen,County,5310,75,0.014124294
20003,Anderson,County,3315,74,0.022322775
20005,Atchison,County,6674,148,0.022175607
20007,Barber,County,2314,42,0.018150389
20009,Barton,County,10341,123,0.011894401
20011,Bourbon,County,6254,110,0.017588743
20013,Brown,County,3993,64,0.016028049
20015,Butler,County,26085,459,0.01759632
20017,Chase,County,1271,27,0.021243116
20019,Chautauqua,County,1630,34,0.020858896
20021,Cherokee,County,8571,145,0.016917513
20023,Cheyenne,County,1426,25,0.017531557
20025,Clark,County,1017,24,0.02359882
20027,Clay,County,3686,45,0.012208356
20029,Cloud,County,4058,106,0.026121242
20031,Coffey,County,3906,81,0.020737327
20033,Comanche,County,928,16,0.017241379
20035,Cowley,County,12710,225,0.017702596
20037,Crawford,County,14945,320,0.021411843
20039,Decatur,County,1532,42,0.027415144
20041,Dickinson,County,8042,149,0.018527729
20043,Doniphan,County,3403,63,0.018513077
20045,Douglas,County,48145,1131,0.023491536
20047,Edwards,County,1385,20,0.014440433
20049,Elk,County,1369,32,0.023374726
20051,Ellis,County,11714,201,0.017158955
20053,Ellsworth,County,2712,60,0.022123894
20055,Finney,County,9084,138,0.015191546
20057,Ford,County,8362,117,0.013991868
20059,Franklin,County,10990,221,0.02010919
20061,Geary,County,7845,105,0.013384321
20063,Gove,County,1383,23,0.016630513
20065,Graham,County,1340,17,0.012686567
20067,Grant,County,2306,25,0.010841284
20069,Gray,County,1958,23,0.01174668
20071,Greeley,County,670,12,0.017910448
20073,Greenwood,County,2123,43,0.020254357
20075,Hamilton,County,877,17,0.019384265
20077,Harper,County,2389,59,0.024696526
20079,Harvey,County,14294,235,0.016440465
20081,Haskell,County,1396,18,0.012893983
20083,Hodgeman,County,1060,7,0.006603774
20085,Jackson,County,5561,106,0.01906132
20087,Jefferson,County,8013,167,0.020841133
20089,Jewell,County,1497,21,0.014028056
20091,Johnson,County,274365,4590,0.016729539
20093,Kearny,County,1386,16,0.011544012
20095,Kingman,County,3231,70,0.021665119
20097,Kiowa,County,1144,1,0.000874126
20099,Labette,County,8037,121,0.015055369
20101,Lane,County,928,10,0.010775862
20103,Leavenworth,County,29085,494,0.0169847
20105,Lincoln,County,1483,18,0.012137559
20107,Linn,County,4467,77,0.01723752
20109,Logan,County,1350,15,0.011111111
20111,Lyon,County,11875,226,0.019031579
20113,McPherson,County,12297,212,0.017239977
20115,Marion,County,5409,80,0.014790165
20117,Marshall,County,4773,80,0.016760947
20119,Meade,County,1709,18,0.010532475
20121,Miami,County,14856,213,0.014337641
20123,Mitchell,County,2965,16,0.00539629
20125,Montgomery,County,12417,200,0.01610695
20127,Morris,County,2562,51,0.019906323
20129,Morton,County,1278,10,0.007824726
20131,Nemaha,County,5026,54,0.010744131
20133,Neosho,County,6480,102,0.015740741
20135,Ness,County,1444,12,0.008310249
20137,Norton,County,2325,35,0.015053763
20139,Osage,County,6906,167,0.024181871
20141,Osborne,County,1838,21,0.011425462
20143,Ottawa,County,2933,65,0.022161609
20145,Pawnee,County,2608,40,0.015337423
20147,Phillips,County,2565,36,0.014035088
20149,Pottawatomie,County,9479,193,0.020360798
20151,Pratt,County,3801,42,0.011049724
20153,Rawlins,County,1444,27,0.018698061
20155,Reno,County,24422,440,0.018016542
20157,Republic,County,2686,50,0.018615041
20159,Rice,County,3681,65,0.017658245
20161,Riley,County,21101,488,0.023126866
20163,Rooks,County,2460,45,0.018292683
20165,Rush,County,1570,31,0.019745223
20167,Russell,County,3200,33,0.0103125
20169,Saline,County,21496,505,0.023492743
20171,Scott,County,2052,37,0.018031189
20173,Sedgwick,County,182895,3521,0.019251483
20175,Seward,County,5176,55,0.010625966
20177,Shawnee,County,76508,1369,0.017893554
20179,Sheridan,County,1342,17,0.01266766
20181,Sherman,County,2623,49,0.0186809
20183,Smith,County,2023,26,0.0128522
20185,Stafford,County,1839,31,0.016856987
20187,Stanton,County,759,6,0.007905138
20189,Stevens,County,2034,23,0.011307768
20191,Sumner,County,9141,156,0.017065967
20193,Thomas,County,3474,68,0.019573978
20195,Trego,County,1579,19,0.012032932
20197,Wabaunsee,County,3267,58,0.01775329
20199,Wallace,County,798,8,0.010025063
20201,Washington,County,2889,38,0.01315334
20203,Wichita,County,987,4,0.004052685
20205,Wilson,County,3717,47,0.012644606
20207,Woodson,County,1447,21,0.014512785
20209,Wyandotte,County,50738,692,0.013638693
21001,Adair,County,7600,43,0.005657895
21003,Allen,County,7100,59,0.008309859
21005,Anderson,County,10320,97,0.009399225
21007,Ballard,County,3895,23,0.005905006
21009,Barren,County,16568,123,0.00742395
21011,Bath,County,4122,32,0.007763222
21013,Bell,County,9482,61,0.006433242
21015,Boone,County,52511,669,0.012740188
21017,Bourbon,County,7923,62,0.007825319
21019,Boyd,County,19049,183,0.009606804
21021,Boyle,County,12373,113,0.009132789
21023,Bracken,County,3232,24,0.007425743
21025,Breathitt,County,5008,59,0.01178115
21027,Breckinridge,County,7969,50,0.006274313
21029,Bullitt,County,31779,307,0.009660468
21031,Butler,County,5060,30,0.005928854
21033,Caldwell,County,5860,46,0.007849829
21035,Calloway,County,15072,186,0.012340764
21037,Campbell,County,40177,547,0.013614755
21039,Carlisle,County,2619,11,0.004200076
21041,Carroll,County,3680,27,0.007336957
21043,Carter,County,8908,115,0.012909744
21045,Casey,County,6091,56,0.009193893
21047,Christian,County,21955,124,0.005647916
21049,Clark,County,15416,144,0.009340944
21051,Clay,County,7383,42,0.005688744
21053,Clinton,County,4393,29,0.006601411
21055,Crittenden,County,3854,25,0.006486767
21057,Cumberland,County,2854,28,0.009810792
21059,Daviess,County,42087,440,0.010454535
21061,Edmonson,County,4668,30,0.006426735
21063,Elliott,County,2399,35,0.014589412
21065,Estill,County,5184,37,0.007137346
21067,Fayette,County,125866,1824,0.014491602
21069,Fleming,County,5782,34,0.005880318
21071,Floyd,County,14890,210,0.014103425
21073,Franklin,County,23337,226,0.009684192
21075,Fulton,County,2481,17,0.006852076
21077,Gallatin,County,3061,27,0.008820647
21079,Garrard,County,7077,66,0.009325986
21081,Grant,County,8608,64,0.007434944
21083,Graves,County,15503,121,0.007804941
21085,Grayson,County,9271,58,0.006256067
21087,Green,County,4856,25,0.00514827
21089,Greenup,County,15168,115,0.007581751
21091,Hancock,County,4134,44,0.010643445
21093,Hardin,County,39218,339,0.00864399
21095,Harlan,County,10657,81,0.007600638
21097,Harrison,County,7163,58,0.008097166
21099,Hart,County,6622,40,0.006040471
21101,Henderson,County,18622,119,0.006390291
21103,Henry,County,6590,56,0.008497724
21105,Hickman,County,2139,7,0.003272557
21107,Hopkins,County,19767,167,0.008448424
21109,Jackson,County,5061,48,0.009484292
21111,Jefferson,County,339579,2895,0.008525262
21113,Jessamine,County,20633,260,0.012601173
21115,Johnson,County,9035,124,0.013724405
21117,Kenton,County,67704,921,0.013603332
21119,Knott,County,5693,79,0.013876691
21121,Knox,County,11100,73,0.006576577
21123,Larue,County,5764,67,0.011623872
21125,Laurel,County,22408,207,0.009237772
21127,Lawrence,County,5592,41,0.007331903
21129,Lee,County,2623,20,0.007624857
21131,Leslie,County,4950,34,0.006868687
21133,Letcher,County,8758,137,0.015642841
21135,Lewis,County,4769,44,0.009226253
21137,Lincoln,County,9152,89,0.00972465
21139,Livingston,County,4511,37,0.008202172
21141,Logan,County,10510,73,0.006945766
21143,Lyon,County,3839,27,0.007033082
21145,McCracken,County,30551,281,0.009197735
21147,McCreary,County,5707,30,0.005256702
21149,McLean,County,4200,36,0.008571429
21151,Madison,County,33322,370,0.011103775
21153,Magoffin,County,4906,26,0.005299633
21155,Marion,County,7318,37,0.005056026
21157,Marshall,County,15719,148,0.009415357
21159,Martin,County,3824,34,0.008891213
21161,Mason,County,6881,38,0.005522453
21163,Meade,County,10916,78,0.007145475
21165,Menifee,County,2598,22,0.008468052
21167,Mercer,County,9939,86,0.008652782
21169,Metcalfe,County,4184,27,0.006453155
21171,Monroe,County,4746,23,0.004846186
21173,Montgomery,County,10248,84,0.008196721
21175,Morgan,County,4472,28,0.006261181
21177,Muhlenberg,County,12739,86,0.006750922
21179,Nelson,County,18533,124,0.006690768
21181,Nicholas,County,2581,27,0.010461062
21183,Ohio,County,9646,107,0.011092681
21185,Oldham,County,29884,299,0.010005354
21187,Owen,County,4557,47,0.010313803
21189,Owsley,County,1580,8,0.005063291
21191,Pendleton,County,5534,58,0.010480665
21193,Perry,County,10241,80,0.007811737
21195,Pike,County,23636,221,0.009350144
21197,Powell,County,4481,43,0.009596072
21199,Pulaski,County,26003,168,0.006460793
21201,Robertson,County,935,5,0.005347594
21203,Rockcastle,County,6216,52,0.008365508
21205,Rowan,County,7665,89,0.01161122
21207,Russell,County,7909,57,0.007206979
21209,Scott,County,20573,205,0.009964517
21211,Shelby,County,18663,136,0.007287146
21213,Simpson,County,7093,55,0.007754124
21215,Spencer,County,8431,79,0.009370181
21217,Taylor,County,10950,52,0.004748858
21219,Todd,County,4718,28,0.005934718
21221,Trigg,County,6742,54,0.008009493
21223,Trimble,County,3543,25,0.007056167
21225,Union,County,5979,34,0.00568657
21227,Warren,County,43903,484,0.011024304
21229,Washington,County,5219,23,0.004406975
21231,Wayne,County,7210,30,0.004160888
21233,Webster,County,5470,48,0.008775137
21235,Whitley,County,13072,83,0.006349449
21237,Wolfe,County,2559,24,0.009378664
21239,Woodford,County,12332,153,0.012406747
22001,Acadia,Parish,26835,144,0.005366126
22003,Allen,Parish,9307,73,0.007843559
22005,Ascension,Parish,51073,538,0.010533942
22007,Assumption,Parish,10992,70,0.006368268
22009,Avoyelles,Parish,17032,98,0.005753875
22011,Beauregard,Parish,14225,145,0.010193322
22013,Bienville,Parish,7203,25,0.003470776
22015,Bossier,Parish,48562,390,0.008030971
22017,Caddo,Parish,111765,763,0.006826824
22019,Calcasieu,Parish,81726,818,0.010009055
22021,Caldwell,Parish,4716,18,0.003816794
22023,Cameron,Parish,3744,26,0.006944444
22025,Catahoula,Parish,4193,15,0.003577391
22027,Claiborne,Parish,6732,20,0.002970885
22029,Concordia,Parish,9380,40,0.004264392
22031,De Soto,Parish,13051,68,0.005210329
22033,East Baton Rouge,Parish,198171,1957,0.00987531
22035,East Carroll,Parish,4008,4,0.000998004
22037,East Feliciana,Parish,10209,62,0.006073073
22039,Evangeline,Parish,15770,93,0.005897273
22041,Franklin,Parish,9336,60,0.006426735
22043,Grant,Parish,8667,67,0.007730472
22045,Iberia,Parish,33397,158,0.004730964
22047,Iberville,Parish,17014,79,0.004643235
22049,Jackson,Parish,7529,37,0.004914331
22051,Jefferson,Parish,176343,2160,0.012248856
22053,Jefferson Davis,Parish,13734,97,0.007062764
22055,Lafayette,Parish,98642,1228,0.012449058
22057,Lafourche,Parish,39075,424,0.010850928
22059,La Salle,Parish,6572,25,0.003804017
22061,Lincoln,Parish,18993,187,0.009845733
22063,Livingston,Parish,54062,634,0.011727276
22065,Madison,Parish,5187,9,0.001735107
22067,Morehouse,Parish,12614,45,0.003567465
22069,Natchitoches,Parish,17258,135,0.007822459
22071,Orleans,Parish,157813,1859,0.011779765
22073,Ouachita,Parish,68474,526,0.007681748
22075,Plaquemines,Parish,10239,93,0.009082918
22077,Pointe Coupee,Parish,12147,55,0.004527867
22079,Rapides,Parish,58019,368,0.00634275
22081,Red River,Parish,4807,38,0.007905138
22083,Richland,Parish,9329,41,0.004394898
22085,Sabine,Parish,10053,46,0.004575749
22087,St. Bernard,Parish,13955,194,0.013901827
22089,St. Charles,Parish,25333,303,0.011960684
22091,St. Helena,Parish,6394,27,0.004222709
22093,St. James,Parish,12395,54,0.004356595
22095,St. John the Baptist,Parish,21123,164,0.007764049
22097,St. Landry,Parish,41647,200,0.004802267
22099,St. Martin,Parish,25433,162,0.006369677
22101,St. Mary,Parish,23640,144,0.006091371
22103,St. Tammany,Parish,112902,1637,0.0144993
22105,Tangipahoa,Parish,50099,408,0.008143875
22107,Tensas,Parish,2812,3,0.001066856
22109,Terrebonne,Parish,42341,413,0.009754139
22111,Union,Parish,10766,60,0.005573101
22113,Vermilion,Parish,24987,184,0.007363829
22115,Vernon,Parish,15610,121,0.007751441
22117,Washington,Parish,18581,90,0.004843657
22119,Webster,Parish,18416,71,0.003855343
22121,West Baton Rouge,Parish,12774,83,0.006497573
22123,West Carroll,Parish,4548,23,0.005057168
22125,West Feliciana,Parish,5777,47,0.008135711
22127,Winn,Parish,6534,31,0.004744414
23001,Androscoggin,County,52862,837,0.01583368
23003,Aroostook,County,33860,430,0.01269935
23005,Cumberland,County,163786,1901,0.011606609
23007,Franklin,County,16282,280,0.017196905
23009,Hancock,County,30799,423,0.013734212
23011,Kennebec,County,63497,908,0.014299888
23013,Knox,County,22067,275,0.012462047
23015,Lincoln,County,20757,254,0.012236836
23017,Oxford,County,29420,505,0.017165194
23019,Penobscot,County,77306,968,0.012521667
23021,Piscataquis,County,8955,135,0.015075377
23023,Sagadahoc,County,20794,247,0.011878426
23025,Somerset,County,24787,328,0.013232743
23027,Waldo,County,21061,297,0.014101894
23029,Washington,County,15836,246,0.015534226
23031,York,County,108057,1260,0.011660513
24001,Allegany,County,29850,448,0.015008375
24003,Anne Arundel,County,260155,3765,0.014472142
24005,Baltimore,County,384782,5051,0.013126913
24009,Calvert,County,45518,581,0.012764181
24011,Caroline,County,13357,182,0.013625814
24013,Carroll,County,87536,1614,0.018438128
24015,Cecil,County,42480,643,0.015136535
24017,Charles,County,75222,657,0.008734147
24019,Dorchester,County,15444,116,0.007511008
24021,Frederick,County,117115,1819,0.015531742
24023,Garrett,County,13157,146,0.011096755
24025,Harford,County,125954,1856,0.014735538
24027,Howard,County,153108,2242,0.014643258
24029,Kent,County,9904,105,0.010601777
24031,Montgomery,County,455992,4382,0.009609818
24033,Prince George's,County,387744,1732,0.004466865
24035,Queen Anne's,County,24888,282,0.011330762
24037,St. Mary's,County,47824,769,0.016079793
24039,Somerset,County,10399,71,0.00682758
24041,Talbot,County,20459,187,0.009140232
24043,Washington,County,62755,870,0.013863437
24045,Wicomico,County,42259,487,0.011524172
24047,Worcester,County,27420,266,0.009700948
24510,Baltimore,City,254005,1924,0.007574654
25001,Barnstable,County,133115,970,0.007286932
25003,Berkshire,County,64486,729,0.011304779
25005,Bristol,County,241509,2656,0.01099752
25007,Dukes,County,10968,80,0.007293946
25009,Essex,County,366357,3452,0.009422503
25011,Franklin,County,37758,459,0.012156364
25013,Hampden,County,200399,1866,0.009311424
25015,Hampshire,County,81621,974,0.011933203
25017,Middlesex,County,754170,7763,0.010293435
25019,Nantucket,County,6120,60,0.009803922
25021,Norfolk,County,356523,3050,0.008554848
25023,Plymouth,County,256531,2103,0.00819784
25025,Suffolk,County,289098,2388,0.008260175
25027,Worcester,County,369112,4381,0.011869026
26001,Alcona,County,6104,8,0.001310616
26003,Alger,County,4618,14,0.003031615
26005,Allegan,County,52619,79,0.001501359
26007,Alpena,County,14014,0,0
26009,Antrim,County,13195,11,0.000833649
26011,Arenac,County,7841,12,0.001530417
26013,Baraga,County,3490,0,0
26015,Barry,County,28512,30,0.001052189
26017,Bay,County,53381,35,0.000655664
26019,Benzie,County,9901,9,0.000908999
26021,Berrien,County,72497,172,0.002372512
26023,Branch,County,17147,16,0.000933108
26025,Calhoun,County,58327,102,0.001748761
26027,Cass,County,22490,27,0.001200534
26029,Charlevoix,County,14090,20,0.001419446
26031,Cheboygan,County,13311,19,0.001427391
26033,Chippewa,County,15564,0,0
26035,Clare,County,13504,11,0.000814573
26037,Clinton,County,39235,86,0.00219192
26039,Crawford,County,6814,0,0
26041,Delta,County,18050,6,0.00033241
26043,Dickinson,County,12810,25,0.0019516
26045,Eaton,County,54788,76,0.001387165
26047,Emmet,County,17709,37,0.002089333
26049,Genesee,County,202933,219,0.001079174
26051,Gladwin,County,12583,31,0.002463641
26053,Gogebic,County,7576,0,0
26055,Grand Traverse,County,47999,96,0.002000042
26057,Gratiot,County,16035,15,0.000935454
26059,Hillsdale,County,19100,19,0.000994764
26061,Houghton,County,15282,45,0.002944641
26063,Huron,County,15484,6,0.000387497
26065,Ingham,County,127910,439,0.003432101
26067,Ionia,County,25761,33,0.001281006
26069,Iosco,County,13344,11,0.000824341
26071,Iron,County,5988,1,0.000167001
26073,Isabella,County,24119,0,0
26075,Jackson,County,69446,122,0.001756761
26077,Kalamazoo,County,123178,283,0.002297488
26079,Kalkaska,County,8299,9,0.001084468
26081,Kent,County,292985,616,0.002102497
26083,Keweenaw,County,1392,4,0.002873563
26085,Lake,County,5287,0,0
26087,Lapeer,County,43115,72,0.001669952
26089,Leelanau,County,14176,12,0.000846501
26091,Lenawee,County,44724,103,0.002303014
26093,Livingston,County,98337,265,0.002694815
26095,Luce,County,2596,0,0
26097,Mackinac,County,6099,1,0.000163961
26099,Macomb,County,404086,653,0.001615993
26101,Manistee,County,12402,10,0.000806322
26103,Marquette,County,32194,63,0.001956886
26105,Mason,County,14604,15,0.001027116
26107,Mecosta,County,16913,33,0.001951162
26109,Menominee,County,10923,4,0.0003662
26111,Midland,County,41754,0,0
26113,Missaukee,County,7027,3,0.000426925
26115,Monroe,County,72853,167,0.002292287
26117,Montcalm,County,25431,52,0.002044749
26119,Montmorency,County,5051,0,0
26121,Muskegon,County,76163,107,0.001404882
26123,Newaygo,County,21478,39,0.001815812
26125,Oakland,County,651607,1322,0.00202883
26127,Oceana,County,11450,12,0.001048035
26129,Ogemaw,County,10361,0,0
26131,Ontonagon,County,3539,2,0.000565131
26133,Osceola,County,10278,12,0.001167542
26135,Oscoda,County,4042,12,0.002968827
26137,Otsego,County,11855,23,0.00194011
26139,Ottawa,County,132312,301,0.002274926
26141,Presque Isle,County,7080,3,0.000423729
26143,Roscommon,County,13032,0,0
26145,Saginaw,County,98062,146,0.001488854
26147,St. Clair,County,74181,105,0.001415457
26149,St. Joseph,County,23341,18,0.000771175
26151,Sanilac,County,18369,8,0.000435516
26153,Schoolcraft,County,4048,2,0.000494071
26155,Shiawassee,County,33679,89,0.002642596
26157,Tuscola,County,26003,24,0.00092297
26159,Van Buren,County,32837,36,0.001096324
26161,Washtenaw,County,179592,452,0.002516816
26163,Wayne,County,815825,873,0.001070082
26165,Wexford,County,14853,14,0.000942571
27001,Aitkin,County,9142,80,0.00875082
27003,Anoka,County,186465,2284,0.012248948
27005,Becker,County,16382,155,0.009461604
27007,Beltrami,County,22051,268,0.012153644
27009,Benton,County,19619,296,0.015087415
27011,Big Stone,County,2789,29,0.010397992
27013,Blue Earth,County,34274,572,0.016689035
27015,Brown,County,13929,198,0.014214947
27017,Carlton,County,18436,178,0.009655023
27019,Carver,County,52899,555,0.010491692
27021,Cass,County,16141,116,0.007186667
27023,Chippewa,County,6201,72,0.01161103
27025,Chisago,County,29441,338,0.011480588
27027,Clay,County,28886,384,0.013293637
27029,Clearwater,County,4197,36,0.008577555
27031,Cook,County,3322,46,0.01384708
27033,Cottonwood,County,5862,51,0.008700102
27035,Crow Wing,County,34920,337,0.00965063
27037,Dakota,County,230821,2746,0.011896665
27039,Dodge,County,10327,158,0.0152997
27041,Douglas,County,20953,184,0.008781559
27043,Faribault,County,7713,98,0.012705821
27045,Fillmore,County,10892,143,0.013128902
27047,Freeborn,County,16706,197,0.01179217
27049,Goodhue,County,25801,301,0.011666214
27051,Grant,County,3487,40,0.011471179
27053,Hennepin,County,680065,8289,0.012188541
27055,Houston,County,10446,105,0.010051694
27057,Hubbard,County,11520,84,0.007291667
27059,Isanti,County,20217,227,0.011228174
27061,Itasca,County,23919,227,0.009490363
27063,Jackson,County,5430,62,0.011418048
27065,Kanabec,County,8150,103,0.012638037
27067,Kandiyohi,County,21465,214,0.009969718
27069,Kittson,County,2420,36,0.014876033
27071,Koochiching,County,6458,76,0.011768349
27073,Lac Qui Parle,County,3984,33,0.008283133
27075,Lake,County,6820,63,0.009237537
27077,Lake of the Woods,County,2234,23,0.010295434
27079,Le Sueur,County,14795,139,0.009395066
27081,Lincoln,County,3120,41,0.013141026
27083,Lyon,County,12388,156,0.012592832
27085,McLeod,County,18553,235,0.012666415
27087,Mahnomen,County,2182,14,0.006416132
27089,Marshall,County,4698,45,0.009578544
27091,Martin,County,10968,130,0.011852662
27093,Meeker,County,12214,156,0.012772229
27095,Mille Lacs,County,13091,136,0.010388817
27097,Morrison,County,16714,175,0.010470264
27099,Mower,County,18539,219,0.011812935
27101,Murray,County,4767,38,0.007971471
27103,Nicollet,County,18357,237,0.012910606
27105,Nobles,County,8520,58,0.006807512
27107,Norman,County,3207,45,0.014031805
27109,Olmsted,County,78316,1158,0.014786251
27111,Otter Tail,County,31670,253,0.007988633
27113,Pennington,County,6517,100,0.015344484
27115,Pine,County,13965,162,0.01160043
27117,Pipestone,County,4646,50,0.010761946
27119,Polk,County,14693,155,0.010549241
27121,Pope,County,6246,51,0.008165226
27123,Ramsey,County,278822,3460,0.012409351
27125,Red Lake,County,1975,24,0.012151899
27127,Redwood,County,7790,93,0.011938383
27129,Renville,County,7710,65,0.00843061
27131,Rice,County,32267,420,0.013016394
27133,Rock,County,4846,39,0.008047875
27135,Roseau,County,7352,72,0.009793254
27137,St. Louis,County,115594,1404,0.012145959
27139,Scott,County,71647,941,0.013133837
27141,Sherburne,County,46509,541,0.011632157
27143,Sibley,County,7815,113,0.014459373
27145,Stearns,County,78477,955,0.012169171
27147,Steele,County,19124,254,0.01328174
27149,Stevens,County,5652,57,0.010084926
27151,Swift,County,5119,51,0.009962883
27153,Todd,County,11803,117,0.009912734
27155,Traverse,County,1847,21,0.011369789
27157,Wabasha,County,11763,147,0.012496812
27159,Wadena,County,6791,65,0.009571492
27161,Waseca,County,9747,121,0.012414076
27163,Washington,County,142133,1596,0.011228919
27165,Watonwan,County,5144,50,0.009720062
27167,Wilkin,County,3222,45,0.01396648
27169,Winona,County,27232,391,0.014358108
27171,Wright,County,67816,831,0.012253745
27173,Yellow Medicine,County,5414,68,0.01256003
28001,Adams,County,15447,60,0.003884249
28003,Alcorn,County,14830,129,0.008698584
28005,Amite,County,7706,21,0.002725149
28007,Attala,County,9092,21,0.002309723
28009,Benton,County,4116,9,0.002186589
28011,Bolivar,County,15428,54,0.00350013
28013,Calhoun,County,7068,34,0.004810413
28015,Carroll,County,5992,13,0.002169559
28017,Chickasaw,County,8503,37,0.004351405
28019,Choctaw,County,4273,15,0.003510414
28021,Claiborne,County,5484,7,0.001276441
28023,Clarke,County,8253,32,0.003877378
28025,Clay,County,11072,27,0.002438584
28027,Coahoma,County,10549,24,0.002275097
28029,Copiah,County,14123,42,0.002973872
28031,Covington,County,9348,32,0.003423192
28033,DeSoto,County,65794,438,0.006657142
28035,Forrest,County,30236,255,0.008433655
28037,Franklin,County,4493,15,0.003338527
28039,George,County,9856,51,0.005174513
28041,Greene,County,5922,35,0.005910165
28043,Grenada,County,11335,24,0.002117336
28045,Hancock,County,17167,185,0.01077649
28047,Harrison,County,63328,464,0.007326933
28049,Hinds,County,106491,359,0.003371177
28051,Holmes,County,9288,17,0.001830319
28053,Humphreys,County,5212,7,0.001343054
28055,Issaquena,County,787,4,0.005082592
28057,Itawamba,County,9318,106,0.011375832
28059,Jackson,County,53655,396,0.007380486
28061,Jasper,County,9340,24,0.002569593
28063,Jefferson,County,4433,6,0.001353485
28065,Jefferson Davis,County,6864,20,0.002913753
28067,Jones,County,30159,164,0.005437846
28069,Kemper,County,5052,12,0.002375297
28071,Lafayette,County,19505,243,0.012458344
28073,Lamar,County,24889,173,0.006950862
28075,Lauderdale,County,32777,157,0.004789944
28077,Lawrence,County,6698,15,0.002239474
28079,Leake,County,8983,13,0.001447178
28081,Lee,County,35306,204,0.005778055
28083,Leflore,County,12773,34,0.002661865
28085,Lincoln,County,16414,56,0.003411722
28087,Lowndes,County,27158,97,0.003571692
28089,Madison,County,49571,219,0.004417906
28091,Marion,County,12729,49,0.003849478
28093,Marshall,County,16240,56,0.003448276
28095,Monroe,County,16918,62,0.003664736
28097,Montgomery,County,5645,13,0.002302923
28099,Neshoba,County,11015,44,0.003994553
28101,Newton,County,9777,39,0.003988954
28103,Noxubee,County,6264,10,0.001596424
28105,Oktibbeha,County,18117,168,0.009273058
28107,Panola,County,16826,64,0.003803637
28109,Pearl River,County,22224,195,0.008774298
28111,Perry,County,5722,32,0.00559245
28113,Pike,County,17974,82,0.004562145
28115,Pontotoc,County,12411,90,0.007251632
28117,Prentiss,County,10033,74,0.00737566
28119,Quitman,County,3979,10,0.002513194
28121,Rankin,County,64145,436,0.0067971
28123,Scott,County,11202,44,0.00392787
28125,Sharkey,County,2532,5,0.001974724
28127,Simpson,County,12249,47,0.003837048
28129,Smith,County,8099,36,0.004444993
28131,Stone,County,7532,67,0.00889538
28133,Sunflower,County,11228,28,0.002493766
28135,Tallahatchie,County,6503,24,0.003690604
28137,Tate,County,12406,72,0.005803643
28139,Tippah,County,9164,66,0.007202095
28141,Tishomingo,County,7936,89,0.011214718
28143,Tunica,County,4382,12,0.002738476
28145,Union,County,11365,75,0.006599208
28147,Walthall,County,7551,29,0.003840551
28149,Warren,County,21391,96,0.004487869
28151,Washington,County,19715,38,0.001927466
28153,Wayne,County,10332,43,0.004161827
28155,Webster,County,5234,29,0.005540695
28157,Wilkinson,County,4853,20,0.004121162
28159,Winston,County,9829,24,0.002441754
28161,Yalobusha,County,6354,24,0.003777148
28163,Yazoo,County,11620,34,0.00292599
29001,Adair,County,10126,225,0.022220028
29003,Andrew,County,8306,164,0.019744763
29005,Atchison,County,2709,45,0.016611296
29007,Audrain,County,9952,188,0.018890675
29009,Barry,County,13806,244,0.017673475
29011,Barton,County,5746,87,0.015140968
29013,Bates,County,7771,157,0.02020332
29015,Benton,County,9157,138,0.015070438
29017,Bollinger,County,5456,114,0.020894428
29019,Boone,County,79422,1948,0.024527209
29021,Buchanan,County,35106,702,0.019996582
29023,Butler,County,16889,238,0.014092013
29025,Caldwell,County,4167,109,0.026157907
29027,Callaway,County,18232,353,0.019361562
29029,Camden,County,21945,332,0.015128731
29031,Cape Girardeau,County,35716,560,0.015679247
29033,Carroll,County,4304,62,0.014405204
29035,Carter,County,2799,49,0.017506252
29037,Cass,County,48913,798,0.016314681
29039,Cedar,County,6045,104,0.017204301
29041,Chariton,County,3821,66,0.017272965
29043,Christian,County,37964,566,0.014908861
29045,Clark,County,3225,79,0.024496124
29047,Clay,County,105589,1829,0.01732188
29049,Clinton,County,9861,201,0.020383328
29051,Cole,County,37062,510,0.013760725
29053,Cooper,County,7511,125,0.016642258
29055,Crawford,County,9579,153,0.01597244
29057,Dade,County,3896,51,0.013090349
29059,Dallas,County,7279,111,0.015249347
29061,Daviess,County,3521,93,0.026412951
29063,DeKalb,County,4350,76,0.017471264
29065,Dent,County,6643,125,0.0188168
29067,Douglas,County,6557,150,0.022876315
29069,Dunklin,County,10651,131,0.012299315
29071,Franklin,County,46755,835,0.017859053
29073,Gasconade,County,7134,117,0.016400336
29075,Gentry,County,2999,63,0.021007002
29077,Greene,County,125848,2362,0.018768673
29079,Grundy,County,4374,106,0.024234111
29081,Harrison,County,3695,67,0.018132612
29083,Henry,County,10123,240,0.023708387
29085,Hickory,County,4680,88,0.018803419
29087,Holt,County,2310,31,0.013419913
29089,Howard,County,4867,115,0.023628519
29091,Howell,County,16346,322,0.019699009
29093,Iron,County,4031,89,0.022078889
29095,Jackson,County,311577,4133,0.013264779
29097,Jasper,County,45218,919,0.020323765
29099,Jefferson,County,97611,1715,0.017569741
29101,Johnson,County,21021,501,0.02383331
29103,Knox,County,1957,41,0.020950434
29105,Laclede,County,15362,277,0.018031506
29107,Lafayette,County,15795,277,0.017537195
29109,Lawrence,County,15755,251,0.01593145
29111,Lewis,County,4279,74,0.01729376
29113,Lincoln,County,22652,476,0.021013597
29115,Linn,County,5550,137,0.024684685
29117,Livingston,County,6054,127,0.020977866
29119,McDonald,County,7817,161,0.020596137
29121,Macon,County,7160,119,0.016620112
29123,Madison,County,4930,100,0.020283976
29125,Maries,County,4538,61,0.013442045
29127,Marion,County,12158,188,0.01546307
29129,Mercer,County,1655,36,0.021752266
29131,Miller,County,11019,232,0.021054542
29133,Mississippi,County,4920,59,0.01199187
29135,Moniteau,County,6443,108,0.016762378
29137,Monroe,County,4057,83,0.020458467
29139,Montgomery,County,5327,77,0.014454665
29141,Morgan,County,8688,149,0.017150092
29143,New Madrid,County,7250,127,0.017517241
29145,Newton,County,25083,398,0.01586732
29147,Nodaway,County,8976,173,0.019273619
29149,Oregon,County,4421,84,0.019000226
29151,Osage,County,6919,102,0.014742015
29153,Ozark,County,4453,86,0.019312823
29155,Pemiscot,County,6335,58,0.009155485
29157,Perry,County,7987,117,0.014648804
29159,Pettis,County,17175,366,0.021310044
29161,Phelps,County,18190,431,0.023694338
29163,Pike,County,7321,117,0.015981423
29165,Platte,County,45552,662,0.014532842
29167,Polk,County,13119,230,0.017531824
29169,Pulaski,County,13571,229,0.016874217
29171,Putnam,County,2309,41,0.017756605
29173,Ralls,County,5036,51,0.010127085
29175,Randolph,County,9944,213,0.021419952
29177,Ray,County,10367,224,0.021607022
29179,Reynolds,County,3202,94,0.029356652
29181,Ripley,County,5263,102,0.019380581
29183,St. Charles,County,185690,2709,0.014588831
29185,St. Clair,County,4626,115,0.02485949
29186,Ste. Genevieve,County,8070,169,0.02094176
29187,St. Francois,County,22582,448,0.01983881
29189,St. Louis,County,528676,5748,0.010872444
29195,Saline,County,9108,189,0.020750988
29197,Schuyler,County,1939,58,0.029912326
29199,Scotland,County,1936,40,0.020661157
29201,Scott,County,16999,219,0.012883111
29203,Shannon,County,3692,91,0.024647887
29205,Shelby,County,3232,65,0.020111386
29207,Stoddard,County,12866,187,0.014534432
29209,Stone,County,15984,236,0.014764765
29211,Sullivan,County,2595,51,0.019653179
29213,Taney,County,21659,349,0.016113394
29215,Texas,County,10764,215,0.019973987
29217,Vernon,County,8521,142,0.016664711
29219,Warren,County,14676,248,0.016898337
29221,Washington,County,8695,157,0.018056354
29223,Wayne,County,5720,103,0.018006993
29225,Webster,County,15429,245,0.015879189
29227,Worth,County,1048,40,0.038167939
29229,Wright,County,7955,129,0.016216216
29510,St. Louis,City,143607,1674,0.011656813
30001,Beaverhead,County,4812,152,0.031587697
30003,Big Horn,County,4626,77,0.01664505
30005,Blaine,County,2859,65,0.022735222
30007,Broadwater,County,3011,95,0.03155098
30009,Carbon,County,5847,167,0.028561656
30011,Carter,County,796,20,0.025125628
30013,Cascade,County,34576,987,0.028545812
30015,Chouteau,County,2821,85,0.030131159
30017,Custer,County,5365,159,0.029636533
30019,Daniels,County,1007,30,0.02979146
30021,Dawson,County,4423,175,0.039565905
30023,Deer Lodge,County,4460,152,0.034080717
30025,Fallon,County,1406,40,0.028449502
30027,Fergus,County,6071,174,0.028660847
30029,Flathead,County,43476,1275,0.029326525
30031,Gallatin,County,47908,1563,0.032625031
30033,Garfield,County,701,12,0.017118402
30035,Glacier,County,4452,113,0.025381851
30037,Golden Valley,County,479,18,0.037578288
30039,Granite,County,1705,65,0.038123167
30041,Hill,County,6825,253,0.037069597
30043,Jefferson,County,6521,193,0.029596688
30045,Judith Basin,County,1215,24,0.019753086
30047,Lake,County,13304,364,0.027360192
30049,Lewis and Clark,County,33318,895,0.026862357
30051,Liberty,County,998,29,0.029058116
30053,Lincoln,County,8890,280,0.031496063
30055,McCone,County,993,25,0.025176234
30057,Madison,County,4532,111,0.024492498
30059,Meagher,County,972,33,0.033950617
30061,Mineral,County,2021,101,0.04997526
30063,Missoula,County,57232,1716,0.029983226
30065,Musselshell,County,2407,82,0.034067304
30067,Park,County,8768,276,0.031478102
30069,Petroleum,County,298,9,0.030201342
30071,Phillips,County,2228,69,0.030969479
30073,Pondera,County,2719,71,0.026112541
30075,Powder River,County,1027,24,0.023369036
30077,Powell,County,2777,82,0.029528268
30079,Prairie,County,703,16,0.022759602
30081,Ravalli,County,22212,614,0.027642716
30083,Richland,County,4648,133,0.028614458
30085,Roosevelt,County,3672,72,0.019607843
30087,Rosebud,County,3523,97,0.027533352
30089,Sanders,County,5901,201,0.034062023
30091,Sheridan,County,1928,56,0.029045643
30093,Silver Bow,County,16756,469,0.027989974
30095,Stillwater,County,4702,117,0.024883028
30097,Sweet Grass,County,2117,48,0.022673595
30099,Teton,County,3281,86,0.026211521
30101,Toole,County,2102,80,0.038058991
30103,Treasure,County,455,22,0.048351648
30105,Valley,County,3859,137,0.035501425
30107,Wheatland,County,992,27,0.027217742
30109,Wibaux,County,544,25,0.045955882
30111,Yellowstone,County,68807,1904,0.027671603
31001,Adams,County,12670,180,0.014206788
31003,Antelope,County,3232,39,0.012066832
31005,Arthur,County,262,4,0.015267176
31007,Banner,County,411,6,0.01459854
31009,Blaine,County,303,4,0.01320132
31011,Boone,County,2806,31,0.011047755
31013,Box Butte,County,4705,96,0.020403826
31015,Boyd,County,1071,5,0.004668534
31017,Brown,County,1555,17,0.010932476
31019,Buffalo,County,19453,356,0.018300519
31021,Burt,County,3375,33,0.009777778
31023,Butler,County,3859,51,0.013215859
31025,Cass,County,12180,174,0.014285714
31027,Cedar,County,4334,61,0.014074758
31029,Chase,County,1867,17,0.009105517
31031,Cherry,County,3064,47,0.015339426
31033,Cheyenne,County,4649,69,0.014841901
31035,Clay,County,2947,31,0.010519172
31037,Colfax,County,3069,31,0.01010101
31039,Cuming,County,3976,41,0.010311871
31041,Custer,County,5498,79,0.014368861
31043,Dakota,County,6136,82,0.013363755
31045,Dawes,County,3728,71,0.019045064
31047,Dawson,County,7859,113,0.01437842
31049,Deuel,County,1017,25,0.024582104
31051,Dixon,County,2686,37,0.01377513
31053,Dodge,County,14950,187,0.012508361
31055,Douglas,County,223927,2763,0.012338843
31057,Dundy,County,985,11,0.011167513
31059,Fillmore,County,2879,32,0.01111497
31061,Franklin,County,1536,26,0.016927083
31063,Frontier,County,1305,15,0.011494253
31065,Furnas,County,2240,17,0.007589286
31067,Gage,County,9661,158,0.016354415
31069,Garden,County,1091,10,0.009165903
31071,Garfield,County,940,13,0.013829787
31073,Gosper,County,978,9,0.009202454
31075,Grant,County,363,7,0.019283747
31077,Greeley,County,1185,12,0.010126582
31079,Hall,County,20229,275,0.013594345
31081,Hamilton,County,4871,80,0.016423732
31083,Harlan,County,1778,20,0.011248594
31085,Hayes,County,539,11,0.020408163
31087,Hitchcock,County,1495,27,0.018060201
31089,Holt,County,4939,69,0.013970439
31091,Hooker,County,395,2,0.005063291
31093,Howard,County,2870,33,0.011498258
31095,Jefferson,County,3446,59,0.0171213
31097,Johnson,County,2063,36,0.017450315
31099,Kearney,County,3180,43,0.013522013
31101,Keith,County,4058,58,0.014292755
31103,Keya Paha,County,484,7,0.01446281
31105,Kimball,County,1687,38,0.022525193
31107,Knox,County,4036,57,0.014122894
31109,Lancaster,County,127355,1874,0.014714774
31111,Lincoln,County,15655,315,0.020121367
31113,Logan,County,431,5,0.011600928
31115,Loup,County,358,4,0.011173184
31117,McPherson,County,291,6,0.020618557
31119,Madison,County,13885,225,0.016204537
31121,Merrick,County,3489,46,0.013184293
31123,Morrill,County,2190,32,0.014611872
31125,Nance,County,1621,18,0.011104257
31127,Nemaha,County,3214,44,0.013690106
31129,Nuckolls,County,2191,34,0.015518028
31131,Otoe,County,6982,108,0.015468347
31133,Pawnee,County,1341,26,0.019388516
31135,Perkins,County,1394,15,0.010760402
31137,Phelps,County,4380,72,0.016438356
31139,Pierce,County,3431,57,0.016613232
31141,Platte,County,13473,139,0.01031693
31143,Polk,County,2457,24,0.00976801
31145,Red Willow,County,4936,55,0.011142626
31147,Richardson,County,3739,67,0.01791923
31149,Rock,County,789,8,0.010139417
31151,Saline,County,4958,64,0.012908431
31153,Sarpy,County,71490,1106,0.015470695
31155,Saunders,County,10312,167,0.016194725
31157,Scotts Bluff,County,14287,185,0.012948835
31159,Seward,County,7573,110,0.014525287
31161,Sheridan,County,2472,44,0.017799353
31163,Sherman,County,1530,29,0.018954248
31165,Sioux,County,739,10,0.0135318
31167,Stanton,County,2644,49,0.018532526
31169,Thayer,County,2659,41,0.015419331
31171,Thomas,County,408,1,0.00245098
31173,Thurston,County,2215,20,0.009029345
31175,Valley,County,2195,25,0.011389522
31177,Washington,County,10246,136,0.013273473
31179,Wayne,County,3682,73,0.019826181
31181,Webster,County,1742,31,0.017795637
31183,Wheeler,County,448,8,0.017857143
31185,York,County,6355,61,0.009598741
32001,Churchill,County,10265,84,0.008183147
32003,Clark,County,691190,7064,0.010220055
32005,Douglas,County,26075,275,0.0105465
32007,Elko,County,15986,174,0.010884524
32009,Esmeralda,County,435,14,0.032183908
32011,Eureka,County,808,9,0.011138614
32013,Humboldt,County,5744,61,0.010619777
32015,Lander,County,2165,11,0.005080831
32017,Lincoln,County,2152,22,0.010223048
32019,Lyon,County,21465,235,0.010948055
32021,Mineral,County,2035,20,0.00982801
32023,Nye,County,17522,279,0.01592284
32027,Pershing,County,1884,25,0.013269639
32029,Storey,County,2314,41,0.017718237
32031,Washoe,County,187855,2332,0.01241383
32033,White Pine,County,3704,36,0.009719222
32510,Carson City,City,23319,286,0.012264677
33001,Belknap,County,33887,276,0.008144716
33003,Carroll,County,28602,251,0.00877561
33005,Cheshire,County,41360,545,0.013176983
33007,Coos,County,15699,165,0.010510224
33009,Grafton,County,49014,666,0.013587954
33011,Hillsborough,County,205667,2541,0.012354923
33013,Merrimack,County,80514,899,0.01116576
33015,Rockingham,County,170423,1737,0.010192286
33017,Strafford,County,63969,856,0.013381482
33019,Sullivan,County,21837,276,0.012639099
34001,Atlantic,County,113179,579,0.00511579
34003,Bergen,County,385407,1752,0.004545844
34005,Burlington,County,215936,1367,0.006330579
34007,Camden,County,225428,1250,0.005545008
34009,Cape May,County,47931,253,0.005278421
34011,Cumberland,County,55292,283,0.005118281
34013,Essex,County,303795,962,0.003166609
34015,Gloucester,County,135186,1040,0.007693104
34017,Hudson,County,197504,1002,0.005073315
34019,Hunterdon,County,66494,549,0.008256384
34021,Mercer,County,153511,915,0.005960485
34023,Middlesex,County,301315,1851,0.006143073
34025,Monmouth,County,285081,2149,0.007538208
34027,Morris,County,228154,1383,0.006061695
34029,Ocean,County,251276,1467,0.005838202
34031,Passaic,County,181988,717,0.00393982
34033,Salem,County,29501,248,0.008406495
34035,Somerset,County,142922,1088,0.007612544
34037,Sussex,County,67933,757,0.011143332
34039,Union,County,209831,952,0.004536985
34041,Warren,County,45270,410,0.00905677
35001,Bernalillo,County,270969,12206,0.045045743
35003,Catron,County,2123,51,0.02402261
35005,Chaves,County,20292,521,0.025675143
35006,Cibola,County,8243,261,0.031663229
35007,Colfax,County,5764,206,0.03573907
35009,Curry,County,13625,291,0.021357798
35011,De Baca,County,902,24,0.026607539
35013,Dona Ana,County,66423,1497,0.022537374
35015,Eddy,County,19269,462,0.023976335
35017,Grant,County,12902,327,0.025344908
35019,Guadalupe,County,2135,84,0.039344262
35021,Harding,County,601,12,0.019966722
35023,Hidalgo,County,1935,29,0.01498708
35025,Lea,County,17015,310,0.018219218
35027,Lincoln,County,9242,297,0.032135901
35028,Los Alamos,County,10654,599,0.056223015
35029,Luna,County,7500,184,0.024533333
35031,McKinley,County,21929,427,0.019471932
35033,Mora,County,2611,48,0.018383761
35035,Otero,County,20012,592,0.029582251
35037,Quay,County,3707,97,0.026166712
35039,Rio Arriba,County,15343,418,0.027243694
35041,Roosevelt,County,5969,154,0.025799966
35043,Sandoval,County,54078,2184,0.040386109
35045,San Juan,County,46237,1287,0.027834851
35047,San Miguel,County,11509,286,0.024850117
35049,Santa Fe,County,69245,2277,0.032883241
35051,Sierra,County,5102,175,0.034300274
35053,Socorro,County,7193,344,0.047824274
35055,Taos,County,15339,479,0.03122759
35057,Torrance,County,6402,382,0.059668853
35059,Union,County,1759,36,0.020466174
35061,Valencia,County,27728,1240,0.044720138
36001,Albany,County,135767,1361,0.010024527
36003,Allegany,County,16953,168,0.00990975
36005,Bronx,County,370938,608,0.001639088
36007,Broome,County,81565,915,0.011218047
36009,Cattaraugus,County,29767,274,0.009204824
36011,Cayuga,County,31161,285,0.009146048
36013,Chautauqua,County,52852,504,0.009536063
36015,Chemung,County,35010,310,0.008854613
36017,Chenango,County,19314,218,0.011287149
36019,Clinton,County,30656,260,0.008481211
36021,Columbia,County,29129,299,0.010264685
36023,Cortland,County,19624,187,0.009529148
36025,Delaware,County,18638,170,0.00912115
36027,Dutchess,County,123705,1105,0.008932541
36029,Erie,County,414195,3562,0.008599814
36031,Essex,County,16717,134,0.008015792
36033,Franklin,County,15934,116,0.00728003
36035,Fulton,County,19799,159,0.008030709
36037,Genesee,County,24746,363,0.014669037
36039,Greene,County,20668,233,0.011273466
36041,Hamilton,County,3113,28,0.008994539
36043,Herkimer,County,25040,259,0.01034345
36045,Jefferson,County,35708,271,0.007589336
36047,Kings,County,736982,2500,0.003392213
36049,Lewis,County,10522,81,0.007698156
36051,Livingston,County,26770,318,0.011878969
36053,Madison,County,28094,297,0.010571652
36055,Monroe,County,333813,3572,0.010700602
36057,Montgomery,County,18186,161,0.008852964
36059,Nassau,County,568151,2998,0.005276766
36061,New York,County,600291,3104,0.005170825
36063,Niagara,County,89013,864,0.009706447
36065,Oneida,County,86700,819,0.009446367
36067,Onondaga,County,204717,1697,0.008289492
36069,Ontario,County,47853,571,0.011932376
36071,Orange,County,140628,1049,0.007459396
36073,Orleans,County,14706,165,0.01121991
36075,Oswego,County,44591,447,0.010024444
36077,Otsego,County,24139,212,0.008782468
36079,Putnam,County,44345,397,0.008952531
36081,Queens,County,595245,2375,0.003989954
36083,Rensselaer,County,68061,754,0.011078297
36085,Richmond,County,154180,899,0.005830847
36087,Rockland,County,124645,631,0.005062377
36089,St. Lawrence,County,37191,276,0.00742115
36091,Saratoga,County,105510,1147,0.010871007
36093,Schenectady,County,64933,692,0.010657139
36095,Schoharie,County,13207,129,0.009767548
36097,Schuyler,County,8146,80,0.009820771
36099,Seneca,County,13266,110,0.008291874
36101,Steuben,County,38531,373,0.009680517
36103,Suffolk,County,594266,3947,0.006641807
36105,Sullivan,County,28415,195,0.006862573
36107,Tioga,County,21589,240,0.011116772
36109,Tompkins,County,39781,395,0.009929363
36111,Ulster,County,79626,768,0.009645091
36113,Warren,County,29578,312,0.010548381
36115,Washington,County,23095,222,0.00961247
36117,Wayne,County,37547,424,0.011292513
36119,Westchester,County,388447,2042,0.00525683
36121,Wyoming,County,16335,135,0.008264463
36123,Yates,County,9442,69,0.007307774
37001,Alamance,County,67776,597,0.008808428
37003,Alexander,County,17196,263,0.015294254
37005,Alleghany,County,5067,73,0.014406947
37007,Anson,County,11256,53,0.0047086
37009,Ashe,County,12610,180,0.014274385
37011,Avery,County,7759,89,0.01147055
37013,Beaufort,County,23620,159,0.006731583
37015,Bertie,County,10123,37,0.003655043
37017,Bladen,County,15957,121,0.007582879
37019,Brunswick,County,57362,469,0.008176144
37021,Buncombe,County,127696,1721,0.013477321
37023,Burke,County,36544,444,0.012149737
37025,Cabarrus,County,83566,887,0.010614365
37027,Caldwell,County,34732,479,0.013791316
37029,Camden,County,4704,72,0.015306122
37031,Carteret,County,35517,332,0.009347636
37033,Caswell,County,11039,84,0.007609385
37035,Catawba,County,69601,770,0.011063059
37037,Chatham,County,35434,330,0.009313089
37039,Cherokee,County,12867,156,0.012124038
37041,Chowan,County,7505,45,0.005996003
37043,Clay,County,5642,67,0.011875222
37045,Cleveland,County,43340,376,0.008675588
37047,Columbus,County,24243,184,0.00758982
37049,Craven,County,46170,385,0.008338748
37051,Cumberland,County,127641,927,0.007262557
37053,Currituck,County,11304,204,0.018046709
37055,Dare,County,17974,257,0.014298431
37057,Davidson,County,70935,776,0.010939593
37059,Davie,County,20670,199,0.009627479
37061,Duplin,County,20592,122,0.005924631
37063,Durham,County,146735,1351,0.009207074
37065,Edgecombe,County,26972,83,0.003077265
37067,Forsyth,County,174069,1569,0.009013667
37069,Franklin,County,28389,268,0.009440276
37071,Gaston,County,90483,927,0.010245018
37073,Gates,County,5396,33,0.006115641
37075,Graham,County,3947,53,0.01342792
37077,Granville,County,26275,208,0.00791627
37079,Greene,County,8236,40,0.004856727
37081,Guilford,County,253852,2105,0.008292233
37083,Halifax,County,26079,110,0.004217953
37085,Harnett,County,43415,429,0.009881377
37087,Haywood,County,27974,387,0.013834275
37089,Henderson,County,52392,589,0.011242174
37091,Hertford,County,10918,56,0.005129145
37093,Hoke,County,17089,167,0.009772368
37095,Hyde,County,2383,22,0.00923206
37097,Iredell,County,76365,747,0.009781968
37099,Jackson,County,16701,281,0.01682534
37101,Johnston,County,76691,768,0.010014213
37103,Jones,County,5230,32,0.006118547
37105,Lee,County,24239,225,0.009282561
37107,Lenoir,County,28086,136,0.00484227
37109,Lincoln,County,36775,369,0.01003399
37111,McDowell,County,18099,215,0.011879109
37113,Macon,County,16861,241,0.01429334
37115,Madison,County,10113,178,0.017601107
37117,Martin,County,12652,64,0.005058489
37119,Mecklenburg,County,448900,3920,0.008732457
37121,Mitchell,County,7765,88,0.011332904
37123,Montgomery,County,11231,100,0.008903927
37125,Moore,County,46415,342,0.007368308
37127,Nash,County,48492,254,0.005237977
37129,New Hanover,County,103628,1259,0.012149226
37131,Northampton,County,10756,35,0.003253998
37133,Onslow,County,51435,556,0.01080976
37135,Orange,County,76757,1056,0.013757703
37137,Pamlico,County,6762,49,0.007246377
37139,Pasquotank,County,18107,160,0.008836362
37141,Pender,County,24527,218,0.008888164
37143,Perquimans,County,6652,60,0.009019844
37145,Person,County,19106,157,0.008217314
37147,Pitt,County,78856,609,0.007722938
37149,Polk,County,10389,108,0.010395611
37151,Randolph,County,60715,627,0.010326937
37153,Richmond,County,19417,145,0.007467683
37155,Robeson,County,42946,336,0.007823779
37157,Rockingham,County,42020,350,0.008329367
37159,Rowan,County,62312,655,0.010511619
37161,Rutherford,County,28702,300,0.010452233
37163,Sampson,County,26174,151,0.005769084
37165,Scotland,County,14156,91,0.00642837
37167,Stanly,County,28717,298,0.010377129
37169,Stokes,County,21619,286,0.013229104
37171,Surry,County,29470,347,0.011774686
37173,Swain,County,5728,111,0.019378492
37175,Transylvania,County,16763,215,0.012825866
37177,Tyrrell,County,1783,11,0.006169377
37179,Union,County,94728,906,0.009564226
37181,Vance,County,20854,78,0.00374029
37183,Wake,County,486427,6171,0.012686385
37185,Warren,County,10162,33,0.003247392
37187,Washington,County,6499,30,0.004616095
37189,Watauga,County,27674,623,0.022512105
37191,Wayne,County,51352,299,0.005822558
37193,Wilkes,County,29145,357,0.012249099
37195,Wilson,County,39109,242,0.006187834
37197,Yadkin,County,16813,231,0.013739368
37199,Yancey,County,9451,140,0.014813247
38001,Adams,County,1286,19,0.014774495
38003,Barnes,County,5522,78,0.014125317
38005,Benson,County,2157,32,0.01483542
38007,Billings,County,578,12,0.020761246
38009,Bottineau,County,3555,56,0.015752461
38011,Bowman,County,1737,31,0.017846862
38013,Burke,County,1023,13,0.012707722
38015,Burleigh,County,43387,704,0.016226058
38017,Cass,County,73855,1316,0.017818699
38019,Cavalier,County,2069,24,0.011599807
38021,Dickey,County,2535,38,0.014990138
38023,Divide,County,1162,21,0.018072289
38025,Dunn,County,2034,6,0.002949853
38027,Eddy,County,1157,24,0.020743302
38029,Emmons,County,1884,31,0.016454352
38031,Foster,County,1682,31,0.01843044
38033,Golden Valley,County,928,18,0.019396552
38035,Grand Forks,County,30029,513,0.017083486
38037,Grant,County,1413,22,0.01556971
38039,Griggs,County,1343,17,0.012658228
38041,Hettinger,County,1362,28,0.020558003
38043,Kidder,County,1328,26,0.019578313
38045,LaMoure,County,2194,37,0.016864175
38047,Logan,County,1073,14,0.01304753
38049,McHenry,County,2712,59,0.021755162
38051,McIntosh,County,1530,13,0.008496732
38053,McKenzie,County,3451,30,0.008693132
38055,McLean,County,4938,71,0.014378291
38057,Mercer,County,4455,66,0.014814815
38059,Morton,County,13613,254,0.018658635
38061,Mountrail,County,3457,60,0.017356089
38063,Nelson,County,1678,30,0.017878427
38065,Oliver,County,1013,23,0.022704837
38067,Pembina,County,3255,50,0.015360983
38069,Pierce,County,2178,24,0.011019284
38071,Ramsey,County,4999,96,0.019203841
38073,Ransom,County,2425,43,0.017731959
38075,Renville,County,1278,19,0.01486698
38077,Richland,County,7613,86,0.011296467
38079,Rolette,County,4552,48,0.010544815
38081,Sargent,County,2007,22,0.010961634
38083,Sheridan,County,822,5,0.006082725
38085,Sioux,County,1144,5,0.004370629
38087,Slope,County,437,5,0.011441648
38089,Stark,County,11633,148,0.012722428
38091,Steele,County,1042,11,0.010556622
38093,Stutsman,County,9558,138,0.014438167
38095,Towner,County,1182,22,0.018612521
38097,Traill,County,3921,59,0.015047182
38099,Walsh,County,4791,96,0.02003757
38101,Ward,County,25463,449,0.017633429
38103,Wells,County,2379,27,0.011349306
38105,Williams,County,9808,161,0.016415171
39001,Adams,County,11089,98,0.008837587
39003,Allen,County,48236,464,0.009619371
39005,Ashland,County,24330,221,0.009083436
39007,Ashtabula,County,43063,433,0.010055036
39009,Athens,County,27638,434,0.015703018
39011,Auglaize,County,23405,209,0.008929716
39013,Belmont,County,31564,232,0.007350146
39015,Brown,County,19392,191,0.009849422
39017,Butler,County,170191,1654,0.009718493
39019,Carroll,County,13262,173,0.01304479
39021,Champaign,County,18421,159,0.008631453
39023,Clark,County,64147,509,0.0079349
39025,Clermont,County,96271,1069,0.011104071
39027,Clinton,County,18143,195,0.010747947
39029,Columbiana,County,46051,434,0.009424334
39031,Coshocton,County,15739,157,0.009975221
39033,Crawford,County,19803,186,0.009392516
39035,Cuyahoga,County,644331,3448,0.005351287
39037,Darke,County,25401,212,0.008346128
39039,Defiance,County,18288,187,0.010225284
39041,Delaware,County,98759,851,0.008616936
39043,Erie,County,39405,300,0.007613247
39045,Fairfield,County,72068,624,0.008658489
39047,Fayette,County,11020,87,0.007894737
39049,Franklin,County,571028,5535,0.009693045
39051,Fulton,County,21268,248,0.011660711
39053,Gallia,County,12595,79,0.00627233
39055,Geauga,County,50997,386,0.007569073
39057,Greene,County,83489,933,0.011175125
39059,Guernsey,County,16814,174,0.010348519
39061,Hamilton,County,418894,3756,0.008966469
39063,Hancock,County,35694,352,0.009861601
39065,Hardin,County,12449,172,0.013816371
39067,Harrison,County,7141,62,0.008682257
39069,Henry,County,14236,169,0.011871312
39071,Highland,County,17847,176,0.009861601
39073,Hocking,County,12728,133,0.010449403
39075,Holmes,County,11536,93,0.00806172
39077,Huron,County,24663,260,0.010542108
39079,Jackson,County,13381,94,0.007024886
39081,Jefferson,County,33069,248,0.007499471
39083,Knox,County,28345,306,0.010795555
39085,Lake,County,118403,1073,0.00906227
39087,Lawrence,County,25833,171,0.00661944
39089,Licking,County,81390,817,0.010038088
39091,Logan,County,21137,214,0.010124426
39093,Lorain,County,143253,1275,0.008900337
39095,Lucas,County,210218,2318,0.011026649
39097,Madison,County,17517,167,0.009533596
39099,Mahoning,County,121310,744,0.006133048
39101,Marion,County,27352,285,0.010419713
39103,Medina,County,90783,838,0.009230803
39105,Meigs,County,10218,111,0.010863183
39107,Mercer,County,21661,142,0.006555561
39109,Miami,County,51936,554,0.010666975
39111,Monroe,County,6779,48,0.00708069
39113,Montgomery,County,266278,2548,0.009568947
39115,Morgan,County,6129,42,0.006852668
39117,Morrow,County,16184,174,0.010751359
39119,Muskingum,County,37086,352,0.009491452
39121,Noble,County,5872,62,0.010558583
39123,Ottawa,County,22455,220,0.009797373
39125,Paulding,County,9128,101,0.011064855
39127,Perry,County,14983,120,0.008009077
39129,Pickaway,County,24123,206,0.008539568
39131,Pike,County,11581,77,0.006648821
39133,Portage,County,76239,844,0.01107045
39135,Preble,County,20167,230,0.01140477
39137,Putnam,County,18371,160,0.008709379
39139,Richland,County,57715,503,0.008715239
39141,Ross,County,30083,223,0.007412825
39143,Sandusky,County,28992,324,0.011175497
39145,Scioto,County,31161,211,0.006771285
39147,Seneca,County,25262,316,0.012508907
39149,Shelby,County,23866,178,0.007458309
39151,Stark,County,181477,1588,0.00875042
39153,Summit,County,267709,2059,0.007691187
39155,Trumbull,County,101719,739,0.007265113
39157,Tuscarawas,County,41613,435,0.010453464
39159,Union,County,25567,280,0.010951617
39161,Van Wert,County,13866,95,0.006851291
39163,Vinton,County,5467,62,0.011340772
39165,Warren,County,111007,1011,0.009107534
39167,Washington,County,29499,235,0.007966372
39169,Wayne,County,51064,451,0.008832054
39171,Williams,County,17706,148,0.008358748
39173,Wood,County,63948,940,0.014699443
39175,Wyandot,County,10572,99,0.009364359
40001,Adair,County,6508,0,0
40003,Alfalfa,County,2083,0,0
40005,Atoka,County,4781,0,0
40007,Beaver,County,2306,0,0
40009,Beckham,County,6925,0,0
40011,Blaine,County,3816,0,0
40013,Bryan,County,13201,0,0
40015,Caddo,County,8851,0,0
40017,Canadian,County,46162,0,0
40019,Carter,County,17122,0,0
40021,Cherokee,County,14306,0,0
40023,Choctaw,County,5066,0,0
40025,Cimarron,County,1197,0,0
40027,Cleveland,County,93887,0,0
40029,Coal,County,2359,0,0
40031,Comanche,County,30185,0,0
40033,Cotton,County,2453,0,0
40035,Craig,County,5306,0,0
40037,Creek,County,26114,0,0
40039,Custer,County,9805,0,0
40041,Delaware,County,14276,0,0
40043,Dewey,County,2093,0,0
40045,Ellis,County,1801,0,0
40047,Garfield,County,19910,0,0
40049,Garvin,County,9484,0,0
40051,Grady,County,19619,0,0
40053,Grant,County,2068,0,0
40055,Greer,County,1832,0,0
40057,Harmon,County,923,0,0
40059,Harper,County,1434,0,0
40061,Haskell,County,4244,0,0
40063,Hughes,County,4208,0,0
40065,Jackson,County,7919,0,0
40067,Jefferson,County,2239,0,0
40069,Johnston,County,3786,0,0
40071,Kay,County,16126,0,0
40073,Kingfisher,County,5768,0,0
40075,Kiowa,County,3422,0,0
40077,Latimer,County,3798,0,0
40079,Le Flore,County,15839,0,0
40081,Lincoln,County,12826,0,0
40083,Logan,County,17038,0,0
40085,Love,County,3470,0,0
40087,McClain,County,14306,0,0
40089,McCurtain,County,10075,0,0
40091,McIntosh,County,7288,0,0
40093,Major,County,3146,0,0
40095,Marshall,County,5140,0,0
40097,Mayes,County,14460,0,0
40099,Murray,County,5146,0,0
40101,Muskogee,County,23356,0,0
40103,Noble,County,4631,0,0
40105,Nowata,County,4076,0,0
40107,Okfuskee,County,3591,0,0
40109,Oklahoma,County,256710,0,0
40111,Okmulgee,County,13163,0,0
40113,Osage,County,17946,0,0
40115,Ottawa,County,9975,0,0
40117,Pawnee,County,6045,0,0
40119,Payne,County,25679,0,0
40121,Pittsburg,County,15672,0,0
40123,Pontotoc,County,12892,0,0
40125,Pottawatomie,County,23438,0,0
40127,Pushmataha,County,4130,0,0
40129,Roger Mills,County,1674,0,0
40131,Rogers,County,36701,0,0
40133,Seminole,County,7456,0,0
40135,Sequoyah,County,13771,0,0
40137,Stephens,County,16847,0,0
40139,Texas,County,5792,0,0
40141,Tillman,County,2721,0,0
40143,Tulsa,County,227806,0,0
40145,Wagoner,County,28691,0,0
40147,Washington,County,21200,0,0
40149,Washita,County,4316,0,0
40151,Woods,County,3398,0,0
40153,Woodward,County,7078,0,0
41001,Baker,County,8448,142,0.016808712
41003,Benton,County,44802,736,0.016427838
41005,Clackamas,County,189332,2129,0.011244797
41007,Clatsop,County,17818,215,0.01206645
41009,Columbia,County,23875,401,0.016795812
41011,Coos,County,28686,425,0.014815589
41013,Crook,County,10230,126,0.012316716
41015,Curry,County,11678,176,0.015071074
41017,Deschutes,County,81900,1038,0.012673993
41019,Douglas,County,49803,688,0.013814429
41021,Gilliam,County,1061,20,0.018850141
41023,Grant,County,3911,55,0.0140629
41025,Harney,County,3583,55,0.015350265
41027,Hood River,County,9838,113,0.011486074
41029,Jackson,County,97127,1433,0.014753879
41031,Jefferson,County,8175,77,0.00941896
41033,Josephine,County,40238,532,0.013221333
41035,Klamath,County,28152,351,0.012468031
41037,Lake,County,3710,48,0.012938005
41039,Lane,County,171850,2435,0.014169334
41041,Lincoln,County,22984,331,0.014401323
41043,Linn,County,51426,791,0.015381325
41045,Malheur,County,9956,136,0.013660104
41047,Marion,County,120376,1356,0.011264704
41049,Morrow,County,3882,57,0.014683153
41051,Multnomah,County,364722,4695,0.012872818
41053,Polk,County,35257,400,0.011345265
41055,Sherman,County,1026,19,0.018518519
41057,Tillamook,County,12519,171,0.013659238
41059,Umatilla,County,24969,354,0.01417758
41061,Union,County,12070,184,0.015244408
41063,Wallowa,County,4205,45,0.010701546
41065,Wasco,County,10873,151,0.013887612
41067,Washington,County,237023,3543,0.014947916
41069,Wheeler,County,858,22,0.025641026
41071,Yamhill,County,42907,639,0.014892675
42001,Adams,County,42457,437,0.010292767
42003,Allegheny,County,622081,5196,0.00835261
42005,Armstrong,County,29602,297,0.010033106
42007,Beaver,County,80474,794,0.009866541
42009,Bedford,County,21697,143,0.006590773
42011,Berks,County,170338,1832,0.010755087
42013,Blair,County,50247,464,0.009234382
42015,Bradford,County,23426,243,0.01037309
42017,Bucks,County,321016,2863,0.008918559
42019,Butler,County,89445,819,0.009156465
42021,Cambria,County,60526,712,0.01176354
42023,Cameron,County,2111,19,0.009000474
42025,Carbon,County,25581,356,0.013916579
42027,Centre,County,69643,1049,0.015062533
42029,Chester,County,251973,2082,0.00826279
42031,Clarion,County,16187,208,0.012849818
42033,Clearfield,County,31967,339,0.010604686
42035,Clinton,County,13265,171,0.012891067
42037,Columbia,County,25623,324,0.012644889
42039,Crawford,County,35396,436,0.012317776
42041,Cumberland,County,110843,1191,0.010744928
42043,Dauphin,County,124008,1128,0.009096187
42045,Delaware,County,285564,2002,0.007010688
42047,Elk,County,13238,117,0.008838193
42049,Erie,County,118619,1087,0.009163793
42051,Fayette,County,48513,365,0.007523757
42053,Forest,County,2312,23,0.009948097
42055,Franklin,County,63078,571,0.009052284
42057,Fulton,County,6200,50,0.008064516
42059,Greene,County,14464,116,0.008019912
42061,Huntingdon,County,17639,135,0.007653495
42063,Indiana,County,36321,385,0.010599928
42065,Jefferson,County,18097,173,0.009559596
42067,Juniata,County,9535,83,0.008704772
42069,Lackawanna,County,98015,743,0.007580472
42071,Lancaster,County,222547,2527,0.011354905
42073,Lawrence,County,39036,334,0.008556205
42075,Lebanon,County,56580,589,0.010410039
42077,Lehigh,County,147035,1331,0.009052266
42079,Luzerne,County,124439,1261,0.010133479
42081,Lycoming,County,46493,409,0.008797023
42083,McKean,County,15108,178,0.011781837
42085,Mercer,County,50863,487,0.00957474
42087,Mifflin,County,16371,107,0.006535948
42089,Monroe,County,62925,596,0.009471593
42091,Montgomery,County,412237,3253,0.007891092
42093,Montour,County,7831,96,0.012258971
42095,Northampton,County,130765,1188,0.009085
42097,Northumberland,County,33212,422,0.012706251
42099,Perry,County,19128,238,0.012442493
42101,Philadelphia,County,690327,2892,0.004189319
42103,Pike,County,23279,194,0.008333691
42105,Potter,County,7242,78,0.010770505
42107,Schuylkill,County,57739,617,0.010686018
42109,Snyder,County,15002,180,0.0119984
42111,Somerset,County,33942,334,0.009840316
42113,Sullivan,County,2949,30,0.01017294
42115,Susquehanna,County,18044,202,0.011194857
42117,Tioga,County,17004,195,0.01146789
42119,Union,County,16268,184,0.011310548
42121,Venango,County,22167,299,0.013488519
42123,Warren,County,17299,205,0.011850396
42125,Washington,County,94750,854,0.009013193
42127,Wayne,County,21607,195,0.009024853
42129,Westmoreland,County,169572,1426,0.008409407
42131,Wyoming,County,11872,152,0.012803235
42133,York,County,189229,1985,0.010489935
44001,Bristol,County,24676,228,0.009239747
44003,Kent,County,78923,908,0.011504885
44005,Newport,County,39452,380,0.009631958
44007,Providence,County,239786,2069,0.008628527
44009,Washington,County,62879,797,0.012675138
45001,Abbeville,County,10671,71,0.006653547
45003,Aiken,County,70363,624,0.008868297
45005,Allendale,County,4163,9,0.002161902
45007,Anderson,County,72212,717,0.009929098
45009,Bamberg,County,6882,34,0.004940424
45011,Barnwell,County,9923,43,0.004333367
45013,Beaufort,County,73297,503,0.006862491
45015,Berkeley,County,68195,757,0.011100521
45017,Calhoun,County,7834,37,0.004723002
45019,Charleston,County,161707,1854,0.011465181
45021,Cherokee,County,20773,117,0.005632311
45023,Chester,County,14407,81,0.005622267
45025,Chesterfield,County,16594,59,0.003555502
45027,Clarendon,County,16292,57,0.00349865
45029,Colleton,County,17086,84,0.004916306
45031,Darlington,County,30150,137,0.004543947
45033,Dillon,County,13035,23,0.00176448
45035,Dorchester,County,56855,546,0.009603377
45037,Edgefield,County,11586,64,0.005523908
45039,Fairfield,County,11895,67,0.005632619
45041,Florence,County,58122,290,0.004989505
45043,Georgetown,County,30965,187,0.006039076
45045,Greenville,County,193189,2282,0.011812267
45047,Greenwood,County,28672,207,0.007219587
45049,Hampton,County,9206,35,0.003801868
45051,Horry,County,112393,907,0.008069898
45053,Jasper,County,10021,43,0.004290989
45055,Kershaw,County,27946,214,0.007657625
45057,Lancaster,County,33144,261,0.007874728
45059,Laurens,County,25416,178,0.007003462
45061,Lee,County,8907,42,0.004715392
45063,Lexington,County,112623,1176,0.010441917
45065,McCormick,County,5160,21,0.004069767
45067,Marion,County,14986,35,0.002335513
45069,Marlboro,County,9853,45,0.004567137
45071,Newberry,County,16351,89,0.005443092
45073,Oconee,County,30666,296,0.009652384
45075,Orangeburg,County,43041,143,0.003322414
45077,Pickens,County,45549,568,0.012470087
45079,Richland,County,159154,1001,0.006289506
45081,Saluda,County,8564,58,0.006772536
45083,Spartanburg,County,109906,915,0.008325296
45085,Sumter,County,47309,202,0.004269801
45087,Union,County,12541,71,0.005661431
45089,Williamsburg,County,16304,41,0.00251472
45091,York,County,100210,1130,0.01127632
46003,Aurora,County,1400,27,0.019285714
46005,Beadle,County,7263,107,0.014732204
46007,Bennett,County,1203,18,0.014962594
46009,Bon Homme,County,3074,55,0.017891997
46011,Brookings,County,12400,253,0.020403226
46013,Brown,County,16068,409,0.025454319
46015,Brule,County,2379,37,0.015552753
46017,Buffalo,County,641,3,0.004680187
46019,Butte,County,4208,94,0.022338403
46021,Campbell,County,787,12,0.015247776
46023,Charles Mix,County,3764,30,0.007970244
46025,Clark,County,1821,27,0.014827018
46027,Clay,County,5234,107,0.020443256
46029,Codington,County,11524,169,0.014665047
46031,Corson,County,1200,30,0.025
46033,Custer,County,4520,83,0.018362832
46035,Davison,County,7971,125,0.015681847
46037,Day,County,2873,33,0.011486251
46039,Deuel,County,2171,32,0.014739751
46041,Dewey,County,1895,15,0.007915567
46043,Douglas,County,1690,16,0.009467456
46045,Edmunds,County,1936,37,0.01911157
46047,Fall River,County,3516,75,0.021331058
46049,Faulk,County,1127,22,0.019520852
46051,Grant,County,3606,48,0.013311148
46053,Gregory,County,2151,31,0.014411901
46055,Haakon,County,1092,8,0.007326007
46057,Hamlin,County,2793,47,0.016827784
46059,Hand,County,1848,21,0.011363636
46061,Hanson,County,2416,16,0.006622517
46063,Harding,County,739,16,0.02165088
46065,Hughes,County,8155,107,0.013120785
46067,Hutchinson,County,3425,25,0.00729927
46069,Hyde,County,733,11,0.015006821
46071,Jackson,County,1106,9,0.008137432
46073,Jerauld,County,1006,11,0.010934394
46075,Jones,County,609,9,0.014778325
46077,Kingsbury,County,2608,45,0.017254601
46079,Lake,County,6285,98,0.015592681
46081,Lawrence,County,11359,262,0.023065411
46083,Lincoln,County,21952,261,0.011889577
46085,Lyman,County,1569,24,0.015296367
46087,McCook,County,2613,33,0.012629162
46089,McPherson,County,1215,12,0.009876543
46091,Marshall,County,1987,29,0.014594867
46093,Meade,County,10817,214,0.019783674
46095,Mellette,County,769,5,0.006501951
46097,Miner,County,1140,18,0.015789474
46099,Minnehaha,County,76583,1118,0.01459854
46101,Moody,County,3033,47,0.015496208
46103,Pennington,County,44464,816,0.018351925
46105,Perkins,County,1590,39,0.024528302
46107,Potter,County,1381,10,0.00724113
46109,Roberts,County,4256,42,0.009868421
46111,Sanborn,County,1115,22,0.019730942
46113,Shannon,County,3145,14,0.00445151
46115,Spink,County,3041,54,0.017757317
46117,Stanley,County,1540,33,0.021428571
46119,Sully,County,818,16,0.019559902
46121,Todd,County,2497,11,0.004405286
46123,Tripp,County,2691,23,0.008547009
46125,Turner,County,4210,47,0.011163895
46127,Union,County,7596,81,0.010663507
46129,Walworth,County,2462,41,0.016653128
46135,Yankton,County,9974,199,0.019951875
46137,Ziebach,County,761,6,0.007884363
47001,Anderson,County,29659,301,0.01014869
47003,Bedford,County,14445,90,0.00623053
47005,Benton,County,6226,58,0.009315773
47007,Bledsoe,County,4359,32,0.007341133
47009,Blount,County,49234,536,0.010886786
47011,Bradley,County,35963,274,0.007618942
47013,Campbell,County,12101,58,0.004792992
47015,Cannon,County,4973,41,0.00824452
47017,Carroll,County,10851,63,0.005805917
47019,Carter,County,20617,165,0.008003104
47021,Cheatham,County,15182,131,0.008628639
47023,Chester,County,6410,52,0.008112324
47025,Claiborne,County,10178,58,0.005698566
47027,Clay,County,2820,22,0.007801418
47029,Cocke,County,11454,83,0.007246377
47031,Coffee,County,19259,188,0.00976167
47033,Crockett,County,5498,23,0.004183339
47035,Cumberland,County,25247,141,0.005584822
47037,Davidson,County,244873,2252,0.009196604
47039,Decatur,County,4251,39,0.009174312
47041,DeKalb,County,6422,56,0.008720025
47043,Dickson,County,17835,144,0.008074012
47045,Dyer,County,13800,45,0.00326087
47047,Fayette,County,19574,110,0.0056197
47049,Fentress,County,6895,30,0.004350979
47051,Franklin,County,16119,107,0.006638129
47053,Gibson,County,19667,118,0.005999898
47055,Giles,County,10799,52,0.004815261
47057,Grainger,County,7252,62,0.008549366
47059,Greene,County,23887,175,0.007326161
47061,Grundy,County,4237,30,0.007080481
47063,Hamblen,County,20032,140,0.006988818
47065,Hamilton,County,141181,1528,0.010822986
47067,Hancock,County,2046,34,0.016617791
47069,Hardeman,County,10439,40,0.003831785
47071,Hardin,County,10495,66,0.006288709
47073,Hawkins,County,19797,148,0.00747588
47075,Haywood,County,7569,14,0.00184965
47077,Henderson,County,10055,48,0.004773744
47079,Henry,County,12739,74,0.005808933
47081,Hickman,County,7602,54,0.007103394
47083,Houston,County,3027,17,0.005616122
47085,Humphreys,County,6863,56,0.008159697
47087,Jackson,County,4184,27,0.006453155
47089,Jefferson,County,17559,149,0.008485677
47091,Johnson,County,6194,39,0.006296416
47093,Knox,County,172507,1989,0.011529967
47095,Lake,County,2087,11,0.005270724
47097,Lauderdale,County,8689,19,0.002186673
47099,Lawrence,County,15219,64,0.00420527
47101,Lewis,County,4694,57,0.012143161
47103,Lincoln,County,13268,73,0.00550196
47105,Loudon,County,22073,181,0.008200063
47107,McMinn,County,17834,135,0.00756981
47109,McNairy,County,9802,58,0.00591716
47111,Macon,County,6905,32,0.004634323
47113,Madison,County,40702,191,0.004692644
47115,Marion,County,10409,77,0.007397445
47117,Marshall,County,10741,64,0.005958477
47119,Maury,County,33006,212,0.006423075
47121,Meigs,County,3964,26,0.006559031
47123,Monroe,County,16338,101,0.006181907
47125,Montgomery,County,55584,466,0.008383708
47127,Moore,County,2799,19,0.006788139
47129,Morgan,County,6504,45,0.006918819
47131,Obion,County,12297,68,0.005529804
47133,Overton,County,7664,30,0.003914405
47135,Perry,County,2621,22,0.008393743
47137,Pickett,County,2453,13,0.005299633
47139,Polk,County,6059,44,0.007261924
47141,Putnam,County,25500,211,0.00827451
47143,Rhea,County,10590,74,0.006987724
47145,Roane,County,21090,172,0.008155524
47147,Robertson,County,26289,184,0.006999125
47149,Rutherford,County,98848,946,0.009570249
47151,Scott,County,6668,38,0.00569886
47153,Sequatchie,County,5142,68,0.013224426
47155,Sevier,County,33864,213,0.006289865
47157,Shelby,County,371109,1537,0.00414164
47159,Smith,County,7087,37,0.005220827
47161,Stewart,County,5115,29,0.005669599
47163,Sullivan,County,59887,590,0.009851888
47165,Sumner,County,65366,419,0.00641006
47167,Tipton,County,24081,148,0.006145924
47169,Trousdale,County,2905,22,0.00757315
47171,Unicoi,County,7086,59,0.008326277
47173,Union,County,5828,26,0.004461222
47175,Van Buren,County,2300,22,0.009565217
47177,Warren,County,13015,108,0.008298118
47179,Washington,County,48032,451,0.009389574
47181,Wayne,County,5486,28,0.005103901
47183,Weakley,County,12337,77,0.006241388
47185,White,County,9140,68,0.007439825
47187,Williamson,County,96225,748,0.007773448
47189,Wilson,County,51499,381,0.007398202
48001,Anderson,County,16212,106,0.006538367
48003,Andrews,County,4482,39,0.008701473
48005,Angelina,County,28406,211,0.007428008
48007,Aransas,County,9648,87,0.009017413
48009,Archer,County,4164,33,0.007925072
48011,Armstrong,County,935,5,0.005347594
48013,Atascosa,County,12721,99,0.007782407
48015,Austin,County,11649,96,0.008241051
48017,Bailey,County,1816,7,0.003854626
48019,Bandera,County,9448,121,0.012806943
48021,Bastrop,County,24481,465,0.018994322
48023,Baylor,County,1592,23,0.014447236
48025,Bee,County,7879,56,0.007107501
48027,Bell,County,86206,896,0.010393708
48029,Bexar,County,513681,5289,0.010296273
48031,Blanco,County,4973,85,0.017092298
48033,Borden,County,363,3,0.008264463
48035,Bosque,County,7356,84,0.01141925
48037,Bowie,County,35404,265,0.00748503
48039,Brazoria,County,106739,1127,0.010558465
48041,Brazos,County,55962,1046,0.018691255
48043,Brewster,County,3867,91,0.023532454
48045,Briscoe,County,702,4,0.005698006
48047,Brooks,County,2403,6,0.002496879
48049,Brown,County,13947,115,0.008245501
48051,Burleson,County,6456,64,0.009913259
48053,Burnet,County,16796,231,0.013753275
48055,Caldwell,County,11068,204,0.018431514
48057,Calhoun,County,6648,72,0.010830325
48059,Callahan,County,5197,53,0.010198191
48061,Cameron,County,76895,546,0.007100592
48063,Camp,County,4335,23,0.005305652
48065,Carson,County,2778,31,0.011159107
48067,Cass,County,11788,67,0.005683746
48069,Castro,County,2119,12,0.005663049
48071,Chambers,County,14735,120,0.008143875
48073,Cherokee,County,16126,127,0.007875481
48075,Childress,County,1996,10,0.00501002
48077,Clay,County,5057,47,0.009294048
48079,Cochran,County,917,11,0.011995638
48081,Coke,County,1408,9,0.006392045
48083,Coleman,County,3492,22,0.006300115
48085,Collin,County,302821,3712,0.012258067
48087,Collingsworth,County,1150,8,0.006956522
48089,Colorado,County,8117,45,0.00554392
48091,Comal,County,51529,601,0.011663335
48093,Comanche,County,4906,57,0.011618426
48095,Concho,County,1001,9,0.008991009
48097,Cooke,County,14351,125,0.008710194
48099,Coryell,County,16604,170,0.010238497
48101,Cottle,County,741,5,0.006747638
48103,Crane,County,1283,18,0.014029618
48105,Crockett,County,1457,16,0.010981469
48107,Crosby,County,1787,12,0.006715165
48109,Culberson,County,879,14,0.01592719
48111,Dallam,County,1534,21,0.0136897
48113,Dallas,County,710117,6734,0.009482944
48115,Dawson,County,3642,24,0.006589786
48117,Deaf Smith,County,4309,18,0.004177303
48119,Delta,County,2018,28,0.013875124
48121,Denton,County,242781,3362,0.013847871
48123,DeWitt,County,6638,38,0.005724616
48125,Dickens,County,1019,9,0.008832188
48127,Dimmit,County,2917,12,0.004113816
48129,Donley,County,1535,20,0.013029316
48131,Duval,County,4344,25,0.005755064
48133,Eastland,County,6495,68,0.010469592
48135,Ector,County,32513,311,0.009565405
48137,Edwards,County,884,7,0.007918552
48139,Ellis,County,54151,499,0.009214973
48141,El Paso,County,172412,1635,0.009483099
48143,Erath,County,12473,144,0.011544937
48145,Falls,County,5434,35,0.006440927
48147,Fannin,County,10804,118,0.010921881
48149,Fayette,County,10551,99,0.009382997
48151,Fisher,County,1629,18,0.011049724
48153,Floyd,County,2085,11,0.005275779
48155,Foard,County,495,3,0.006060606
48157,Fort Bend,County,219489,1719,0.007831828
48159,Franklin,County,4257,45,0.010570825
48161,Freestone,County,7570,53,0.007001321
48163,Frio,County,3968,25,0.006300403
48165,Gaines,County,4066,30,0.007378259
48167,Galveston,County,110078,1191,0.010819601
48169,Garza,County,1560,12,0.007692308
48171,Gillespie,County,12550,142,0.011314741
48173,Glasscock,County,578,6,0.010380623
48175,Goliad,County,3458,24,0.006940428
48177,Gonzales,County,6057,44,0.007264322
48179,Gray,County,7389,40,0.005413452
48181,Grayson,County,42264,515,0.012185311
48183,Gregg,County,41507,303,0.007299973
48185,Grimes,County,8601,87,0.010115103
48187,Guadalupe,County,49514,535,0.010805025
48189,Hale,County,8854,95,0.010729614
48191,Hall,County,1109,6,0.00541028
48193,Hamilton,County,3552,35,0.009853604
48195,Hansford,County,1962,11,0.005606524
48197,Hardeman,County,1495,10,0.006688963
48199,Hardin,County,21297,156,0.007324975
48201,Harris,County,1188585,11098,0.009337153
48203,Harrison,County,26170,158,0.006037447
48205,Hartley,County,1913,20,0.010454783
48207,Haskell,County,2013,25,0.012419275
48209,Hays,County,59011,1452,0.024605582
48211,Hemphill,County,1509,19,0.01259112
48213,Henderson,County,27627,236,0.008542368
48215,Hidalgo,County,139159,889,0.006388376
48217,Hill,County,12045,133,0.011041926
48219,Hockley,County,7134,77,0.010793384
48221,Hood,County,22535,234,0.010383847
48223,Hopkins,County,12753,111,0.008703834
48225,Houston,County,8214,41,0.004991478
48227,Howard,County,8695,102,0.01173088
48229,Hudspeth,County,863,11,0.012746234
48231,Hunt,County,28049,284,0.010125138
48233,Hutchinson,County,7928,63,0.007946519
48235,Irion,County,788,7,0.008883249
48237,Jack,County,2908,19,0.0065337
48239,Jackson,County,5025,35,0.006965174
48241,Jasper,County,13517,115,0.008507805
48243,Jeff Davis,County,1192,24,0.020134228
48245,Jefferson,County,88627,590,0.006657114
48247,Jim Hogg,County,1667,7,0.00419916
48249,Jim Wells,County,11166,53,0.004746552
48251,Johnson,County,48838,532,0.010893157
48253,Jones,County,5567,64,0.011496318
48255,Karnes,County,4185,31,0.007407407
48257,Kaufman,County,34670,279,0.008047303
48259,Kendall,County,17783,185,0.010403194
48261,Kenedy,County,167,1,0.005988024
48263,Kent,County,405,3,0.007407407
48265,Kerr,County,21879,219,0.010009598
48267,Kimble,County,1892,6,0.003171247
48269,King,County,145,1,0.006896552
48271,Kinney,County,1425,14,0.009824561
48273,Kleberg,County,8907,73,0.008195801
48275,Knox,County,1510,17,0.011258278
48277,Lamar,County,17197,149,0.008664302
48279,Lamb,County,4091,30,0.00733317
48281,Lampasas,County,7204,86,0.011937812
48283,La Salle,County,1646,9,0.005467801
48285,Lavaca,County,8294,49,0.005907885
48287,Lee,County,6221,65,0.010448481
48289,Leon,County,6945,53,0.007631389
48291,Liberty,County,22746,170,0.007473842
48293,Limestone,County,7563,50,0.006611133
48295,Lipscomb,County,1168,4,0.003424658
48297,Live Oak,County,4113,30,0.007293946
48299,Llano,County,9558,100,0.01046244
48301,Loving,County,64,1,0.015625
48303,Lubbock,County,91184,1145,0.012557028
48305,Lynn,County,1959,9,0.004594181
48307,McCulloch,County,2993,32,0.010691614
48309,McLennan,County,74541,743,0.009967669
48311,McMullen,County,503,5,0.009940358
48313,Madison,County,4028,28,0.006951341
48315,Marion,County,4282,36,0.008407286
48317,Martin,County,1624,8,0.004926108
48319,Mason,County,1968,22,0.011178862
48321,Matagorda,County,12133,96,0.007912305
48323,Maverick,County,10563,57,0.005396194
48325,Medina,County,16049,136,0.008474048
48327,Menard,County,849,11,0.012956419
48329,Midland,County,44597,526,0.011794515
48331,Milam,County,8230,80,0.009720535
48333,Mills,County,2201,33,0.014993185
48335,Mitchell,County,2316,18,0.007772021
48337,Montague,County,7751,79,0.010192233
48339,Montgomery,County,173113,1718,0.009924154
48341,Moore,County,4985,45,0.009027081
48343,Morris,County,5139,41,0.007978206
48345,Motley,County,600,5,0.008333333
48347,Nacogdoches,County,20653,201,0.009732242
48349,Navarro,County,15364,105,0.006834158
48351,Newton,County,5869,47,0.008008179
48353,Nolan,County,4575,63,0.013770492
48355,Nueces,County,96104,1011,0.010519853
48357,Ochiltree,County,2993,15,0.005011694
48359,Oldham,County,869,8,0.009205984
48361,Orange,County,30518,280,0.009174913
48363,Palo Pinto,County,9337,106,0.011352683
48365,Panola,County,10230,67,0.006549365
48367,Parker,County,47694,471,0.009875456
48369,Parmer,County,2554,9,0.003523884
48371,Pecos,County,4150,36,0.008674699
48373,Polk,County,19134,152,0.007943974
48375,Potter,County,26450,327,0.012362949
48377,Presidio,County,1817,19,0.010456797
48379,Rains,County,4087,41,0.010031808
48381,Randall,County,49696,545,0.010966677
48383,Reagan,County,843,8,0.009489917
48385,Real,County,1535,18,0.011726384
48387,Red River,County,5074,34,0.006700828
48389,Reeves,County,2877,25,0.008689607
48391,Refugio,County,2677,10,0.003735525
48393,Roberts,County,508,4,0.007874016
48395,Robertson,County,7287,49,0.006724304
48397,Rockwall,County,35678,382,0.010706878
48399,Runnels,County,3668,35,0.009541985
48401,Rusk,County,18546,131,0.007063518
48403,Sabine,County,4578,32,0.006989952
48405,San Augustine,County,3690,19,0.005149051
48407,San Jacinto,County,9616,71,0.007383527
48409,San Patricio,County,20078,172,0.00856659
48411,San Saba,County,2259,27,0.011952191
48413,Schleicher,County,1017,7,0.006882989
48415,Scurry,County,5027,42,0.008354884
48417,Shackelford,County,1363,12,0.008804109
48419,Shelby,County,9284,64,0.00689358
48421,Sherman,County,1038,9,0.00867052
48423,Smith,County,79601,669,0.008404417
48425,Somervell,County,3538,33,0.009327304
48427,Starr,County,11883,50,0.004207692
48429,Stephens,County,3412,32,0.009378664
48431,Sterling,County,494,3,0.006072874
48433,Stonewall,County,675,5,0.007407407
48435,Sutton,County,1489,8,0.005372733
48437,Swisher,County,2270,24,0.010572687
48439,Tarrant,County,610890,6910,0.011311365
48441,Taylor,County,43263,476,0.011002473
48443,Terrell,County,555,10,0.018018018
48445,Terry,County,3709,39,0.010514964
48447,Throckmorton,County,813,0,0
48449,Titus,County,8854,62,0.007002485
48451,Tom Green,County,36720,450,0.012254902
48453,Travis,County,387057,10539,0.027228548
48455,Trinity,County,6235,61,0.00978348
48457,Tyler,County,7654,59,0.007708388
48459,Upshur,County,15138,128,0.008455542
48461,Upton,County,1300,7,0.005384615
48463,Uvalde,County,8435,65,0.007705987
48465,Val Verde,County,12081,123,0.010181276
48467,Van Zandt,County,19100,166,0.008691099
48469,Victoria,County,28853,275,0.009531071
48471,Walker,County,18685,204,0.010917849
48473,Waller,County,15902,100,0.006288517
48475,Ward,County,3245,26,0.008012327
48477,Washington,County,14397,127,0.008821282
48479,Webb,County,49110,303,0.006169823
48481,Wharton,County,14087,68,0.004827146
48483,Wheeler,County,2128,16,0.007518797
48485,Wichita,County,41018,531,0.012945536
48487,Wilbarger,County,3980,42,0.010552764
48489,Willacy,County,5064,37,0.007306477
48491,Williamson,County,163271,3614,0.022134978
48493,Wilson,County,17205,127,0.007381575
48495,Winkler,County,1725,14,0.008115942
48497,Wise,County,20745,230,0.011087009
48499,Wood,County,17581,139,0.007906262
48501,Yoakum,County,2128,18,0.008458647
48503,Young,County,7316,73,0.00997813
48505,Zapata,County,3543,14,0.003951454
48507,Zavala,County,3653,29,0.007938681
49001,Beaver,County,2560,17,0.006640625
49003,Box Elder,County,19408,150,0.007728772
49005,Cache,County,42293,543,0.012839004
49007,Carbon,County,7567,88,0.011629444
49009,Daggett,County,520,16,0.030769231
49011,Davis,County,121069,1217,0.010052119
49013,Duchesne,County,6379,41,0.00642734
49015,Emery,County,4449,48,0.010788941
49017,Garfield,County,2182,17,0.007791017
49019,Grand,County,3950,71,0.017974684
49021,Iron,County,16701,202,0.012095084
49023,Juab,County,3972,27,0.006797583
49025,Kane,County,3371,47,0.01394245
49027,Millard,County,5026,43,0.008555511
49029,Morgan,County,4597,36,0.007831194
49031,Piute,County,782,5,0.006393862
49033,Rich,County,1007,6,0.005958292
49035,Salt Lake,County,381799,5521,0.014460488
49037,San Juan,County,5307,42,0.007914076
49039,Sanpete,County,9547,69,0.007227401
49041,Sevier,County,8069,56,0.006940141
49043,Summit,County,17488,301,0.017211802
49045,Tooele,County,19261,232,0.012045065
49047,Uintah,County,11583,71,0.006129673
49049,Utah,County,177713,2120,0.011929347
49051,Wasatch,County,9589,90,0.009385755
49053,Washington,County,54012,541,0.010016293
49055,Wayne,County,1327,6,0.004521477
49057,Weber,County,75912,949,0.012501317
50001,Addison,County,17910,222,0.01239531
50003,Bennington,County,17593,203,0.01153868
50005,Caledonia,County,13661,168,0.012297782
50007,Chittenden,County,77080,926,0.012013492
50009,Essex,County,2798,38,0.013581129
50011,Franklin,County,19888,196,0.009855189
50013,Grand Isle,County,4075,37,0.009079755
50015,Lamoille,County,11988,140,0.011678345
50017,Orange,County,14053,194,0.013804882
50019,Orleans,County,11692,130,0.011118714
50021,Rutland,County,28609,308,0.010765843
50023,Washington,County,29307,387,0.013205036
50025,Windham,County,21937,221,0.010074304
50027,Windsor,County,28699,317,0.011045681
51001,Accomack,County,16051,83,0.005171017
51003,Albemarle,County,53907,483,0.008959875
51005,Alleghany,County,7173,62,0.008643524
51007,Amelia,County,6915,43,0.006218366
51009,Amherst,County,14970,85,0.005678023
51011,Appomattox,County,7935,46,0.005797101
51013,Arlington,County,117608,1178,0.010016325
51015,Augusta,County,33672,313,0.009295557
51017,Bath,County,2223,14,0.006297796
51019,Bedford,County,37425,222,0.005931864
51021,Bland,County,2948,19,0.006445047
51023,Botetourt,County,18241,98,0.005372512
51025,Brunswick,County,8037,23,0.002861764
51027,Buchanan,County,9646,44,0.004561476
51029,Buckingham,County,7457,38,0.005095883
51031,Campbell,County,25696,178,0.006927148
51033,Caroline,County,13652,98,0.007178435
51035,Carroll,County,12918,105,0.008128193
51036,Charles City,County,4232,29,0.006852552
51037,Charlotte,County,5898,16,0.002712784
51041,Chesterfield,County,170988,1385,0.008099984
51043,Clarke,County,7762,118,0.015202267
51045,Craig,County,2667,21,0.007874016
51047,Culpeper,County,20211,200,0.009895601
51049,Cumberland,County,5048,26,0.005150555
51051,Dickenson,County,6904,57,0.008256083
51053,Dinwiddie,County,13589,60,0.004415336
51057,Essex,County,5675,27,0.004757709
51059,Fairfax,County,529287,4297,0.008118469
51061,Fauquier,County,35555,323,0.009084517
51063,Floyd,County,7644,96,0.01255887
51065,Fluvanna,County,12749,87,0.006824065
51067,Franklin,County,26707,145,0.005429288
51069,Frederick,County,36394,393,0.010798483
51071,Giles,County,7558,66,0.008732469
51073,Gloucester,County,19283,207,0.010734844
51075,Goochland,County,13315,90,0.006759294
51077,Grayson,County,7121,71,0.00997051
51079,Greene,County,9023,81,0.008977059
51081,Greensville,County,4926,10,0.002030045
51083,Halifax,County,16692,67,0.004013899
51085,Hanover,County,59058,469,0.007941346
51087,Henrico,County,162241,1192,0.007347095
51089,Henry,County,24963,128,0.005127589
51091,Highland,County,1413,12,0.008492569
51093,Isle of Wight,County,20827,144,0.006914102
51095,James City,County,41240,331,0.008026188
51097,King and Queen,County,3655,14,0.003830369
51099,King George,County,11325,137,0.01209713
51101,King William,County,8923,55,0.006163846
51103,Lancaster,County,6961,29,0.004166068
51105,Lee,County,9598,59,0.006147114
51107,Loudoun,County,160060,1400,0.00874672
51109,Louisa,County,16452,110,0.006686117
51111,Lunenburg,County,5734,22,0.003836763
51113,Madison,County,6614,43,0.006501361
51115,Mathews,County,5374,40,0.007443245
51117,Mecklenburg,County,15077,55,0.003647941
51119,Middlesex,County,6080,43,0.007072368
51121,Montgomery,County,41009,710,0.017313273
51125,Nelson,County,8250,54,0.006545455
51127,New Kent,County,10953,82,0.007486533
51131,Northampton,County,6491,33,0.005083962
51133,Northumberland,County,7558,23,0.003043133
51135,Nottoway,County,6846,32,0.004674262
51137,Orange,County,16354,106,0.006481595
51139,Page,County,10228,74,0.007235041
51141,Patrick,County,8259,38,0.004601041
51143,Pittsylvania,County,30681,138,0.004497898
51145,Powhatan,County,15525,136,0.008760064
51147,Prince Edward,County,9239,57,0.006169499
51149,Prince George,County,16046,72,0.0044871
51153,Prince William,County,180195,1372,0.007613974
51155,Pulaski,County,14680,136,0.009264305
51157,Rappahannock,County,4357,33,0.007574019
51159,Richmond,County,3770,16,0.004244032
51161,Roanoke,County,51217,372,0.007263213
51163,Rockbridge,County,10177,82,0.008057384
51165,Rockingham,County,34866,328,0.009407446
51167,Russell,County,12088,66,0.00545996
51169,Scott,County,9992,62,0.006204964
51171,Shenandoah,County,19373,173,0.008929954
51173,Smyth,County,12777,97,0.007591766
51175,Southampton,County,9264,48,0.005181347
51177,Spotsylvania,County,57974,503,0.008676303
51179,Stafford,County,60583,511,0.008434709
51181,Surry,County,4308,31,0.007195915
51183,Sussex,County,5440,16,0.002941176
51185,Tazewell,County,17732,100,0.005639522
51187,Warren,County,16698,185,0.011079171
51191,Washington,County,25632,184,0.007178527
51193,Westmoreland,County,8120,44,0.005418719
51195,Wise,County,15018,63,0.004194966
51197,Wythe,County,12358,74,0.005988024
51199,York,County,33953,352,0.010367272
51510,Alexandria,City,73411,553,0.007532931
51515,Bedford,City,2805,19,0.006773619
51520,Bristol,City,7387,51,0.006904021
51530,Buena Vista,City,2526,17,0.006730008
51540,Charlottesville,City,21797,237,0.010873056
51550,Chesapeake,City,110425,853,0.0077247
51570,Colonial Heights,City,8624,74,0.008580705
51580,Covington,City,2330,13,0.005579399
51590,Danville,City,20204,55,0.002722233
51595,Emporia,City,2696,3,0.00111276
51600,Fairfax,City,11629,123,0.010577006
51610,Falls Church,City,7276,62,0.008521165
51620,Franklin,City,4360,11,0.002522936
51630,Fredericksburg,City,11437,148,0.012940456
51640,Galax,City,2277,15,0.006587615
51650,Hampton,City,66490,514,0.007730486
51660,Harrisonburg,City,15593,216,0.01385237
51670,Hopewell,City,9031,44,0.004872107
51678,Lexington,City,2687,28,0.010420543
51680,Lynchburg,City,36448,402,0.011029412
51683,Manassas,City,15200,148,0.009736842
51685,Manassas Park,City,4656,37,0.007946735
51690,Martinsville,City,6284,17,0.002705283
51700,Newport News,City,79444,711,0.0089497
51710,Norfolk,City,87043,658,0.007559482
51720,Norton,City,1492,15,0.010053619
51730,Petersburg,City,15908,39,0.002451597
51735,Poquoson,City,7106,85,0.011961722
51740,Portsmouth,City,45922,319,0.006946562
51750,Radford,City,5399,75,0.013891461
51760,Richmond,City,97569,968,0.009921184
51770,Roanoke,City,40155,397,0.009886689
51775,Salem,City,12318,116,0.009417113
51790,Staunton,City,11210,119,0.010615522
51800,Suffolk,City,42566,254,0.005967204
51810,Virginia Beach,City,196641,1829,0.009301214
51820,Waynesboro,City,8791,94,0.010692754
51830,Williamsburg,City,7748,98,0.012648425
51840,Winchester,City,10296,109,0.010586636
53001,Adams,County,4793,40,0.008345504
53003,Asotin,County,9901,151,0.015250985
53005,Benton,County,79564,1148,0.014428636
53007,Chelan,County,32256,426,0.013206845
53009,Clallam,County,38066,522,0.013713025
53011,Clark,County,190805,2523,0.013222924
53013,Columbia,County,2259,26,0.011509517
53015,Cowlitz,County,44621,553,0.012393268
53017,Douglas,County,14945,204,0.01365005
53019,Ferry,County,3440,73,0.02122093
53021,Franklin,County,22643,293,0.012939981
53023,Garfield,County,1278,16,0.012519562
53025,Grant,County,27558,427,0.015494593
53027,Grays Harbor,County,28684,425,0.014816623
53029,Island,County,42100,531,0.012612827
53031,Jefferson,County,19829,248,0.012506934
53033,King,County,967154,12411,0.012832496
53035,Kitsap,County,123367,1774,0.014379858
53037,Kittitas,County,18171,239,0.013152826
53039,Klickitat,County,10274,147,0.014307962
53041,Lewis,County,34047,508,0.014920551
53043,Lincoln,County,5872,66,0.011239782
53045,Mason,County,28242,357,0.012640748
53047,Okanogan,County,16850,237,0.014065282
53049,Pacific,County,10527,152,0.014439061
53051,Pend Oreille,County,6668,103,0.015446911
53053,Pierce,County,342910,4584,0.013367939
53055,San Juan,County,10594,140,0.013215027
53057,Skagit,County,55273,785,0.014202233
53059,Skamania,County,5466,84,0.015367728
53061,Snohomish,County,329817,4788,0.014517141
53063,Spokane,County,223830,3257,0.014551222
53065,Stevens,County,22164,329,0.014843891
53067,Thurston,County,127063,1737,0.013670384
53069,Wahkiakum,County,2294,34,0.014821273
53071,Walla Walla,County,25108,398,0.015851521
53073,Whatcom,County,103029,1383,0.013423405
53075,Whitman,County,17121,334,0.019508206
53077,Yakima,County,76981,749,0.009729674
54001,Barbour,County,5761,71,0.012324249
54003,Berkeley,County,37191,426,0.011454384
54005,Boone,County,8502,77,0.009056693
54007,Braxton,County,4805,25,0.005202914
54009,Brooke,County,9296,111,0.01194062
54011,Cabell,County,32158,315,0.009795385
54013,Calhoun,County,2207,30,0.013593113
54015,Clay,County,3012,24,0.007968127
54017,Doddridge,County,2769,22,0.007945107
54019,Fayette,County,14070,118,0.008386638
54021,Gilmer,County,2509,27,0.010761259
54023,Grant,County,4586,24,0.005233319
54025,Greenbrier,County,12963,141,0.010877112
54027,Hampshire,County,7990,53,0.006633292
54029,Hancock,County,12120,111,0.009158416
54031,Hardy,County,5170,47,0.009090909
54033,Harrison,County,26154,209,0.007991129
54035,Jackson,County,11548,101,0.008746103
54037,Jefferson,County,22154,271,0.012232554
54039,Kanawha,County,75082,587,0.007818119
54041,Lewis,County,6289,68,0.01081253
54043,Lincoln,County,6818,71,0.010413611
54045,Logan,County,11953,86,0.007194846
54047,McDowell,County,6188,32,0.005171299
54049,Marion,County,21553,241,0.011181738
54051,Marshall,County,12923,93,0.007196471
54053,Mason,County,9790,99,0.01011236
54055,Mercer,County,21281,174,0.008176308
54057,Mineral,County,10988,110,0.010010921
54059,Mingo,County,8830,80,0.009060023
54061,Monongalia,County,31500,472,0.014984127
54063,Monroe,County,5213,53,0.01016689
54065,Morgan,County,7052,60,0.008508225
54067,Nicholas,County,8791,92,0.010465249
54069,Ohio,County,17915,191,0.010661457
54071,Pendleton,County,3241,15,0.004628201
54073,Pleasants,County,2841,26,0.009151707
54075,Pocahontas,County,3579,33,0.009220453
54077,Preston,County,11160,128,0.011469534
54079,Putnam,County,23682,190,0.008022971
54081,Raleigh,County,28837,217,0.007525055
54083,Randolph,County,9762,99,0.010141364
54085,Ritchie,County,3790,36,0.009498681
54087,Roane,County,5050,39,0.007722772
54089,Summers,County,4736,56,0.011824324
54091,Taylor,County,5908,44,0.007447529
54093,Tucker,County,3138,30,0.009560229
54095,Tyler,County,3279,29,0.00884416
54097,Upshur,County,8276,76,0.00918318
54099,Wayne,County,13960,143,0.010243553
54101,Webster,County,2759,21,0.007611453
54103,Wetzel,County,5858,65,0.011095937
54105,Wirt,County,2171,27,0.012436665
54107,Wood,County,33983,264,0.00776859
54109,Wyoming,County,7526,52,0.006909381
55001,Adams,County,10287,51,0.004957714
55003,Ashland,County,8372,50,0.005972289
55005,Barron,County,22692,169,0.007447559
55007,Bayfield,County,9788,55,0.005619125
55009,Brown,County,128928,805,0.006243795
55011,Buffalo,County,7039,41,0.005824691
55013,Burnett,County,8677,64,0.007375821
55015,Calumet,County,26420,224,0.008478425
55017,Chippewa,County,30932,183,0.005916203
55019,Clark,County,13801,87,0.006303891
55021,Columbia,County,30546,180,0.005892752
55023,Crawford,County,7817,62,0.007931431
55025,Dane,County,304181,2294,0.007541562
55027,Dodge,County,44488,267,0.006001618
55029,Door,County,17671,83,0.004696961
55031,Douglas,County,22894,151,0.006595615
55033,Dunn,County,21992,271,0.012322663
55035,Eau Claire,County,54806,494,0.009013612
55037,Florence,County,2625,12,0.004571429
55039,Fond du Lac,County,53402,351,0.006572788
55041,Forest,County,4648,23,0.004948365
55043,Grant,County,24248,201,0.008289343
55045,Green,County,19322,142,0.007349136
55047,Green Lake,County,9675,43,0.004444444
55049,Iowa,County,12534,78,0.006223073
55051,Iron,County,3632,27,0.007433921
55053,Jackson,County,9313,48,0.005154086
55055,Jefferson,County,44281,303,0.006842664
55057,Juneau,County,11827,82,0.006933288
55059,Kenosha,County,80897,566,0.006996551
55061,Kewaunee,County,11037,56,0.005073843
55063,La Crosse,County,63462,547,0.008619331
55065,Lafayette,County,7952,46,0.005784708
55067,Langlade,County,10519,49,0.004658237
55069,Lincoln,County,15216,90,0.005914826
55071,Manitowoc,County,42617,300,0.007039444
55073,Marathon,County,69862,421,0.006026166
55075,Marinette,County,20777,141,0.00678635
55077,Marquette,County,8105,43,0.005305367
55078,Menominee,County,1377,5,0.003631082
55079,Milwaukee,County,492576,2623,0.005325067
55081,Monroe,County,19485,132,0.006774442
55083,Oconto,County,19859,138,0.00694899
55085,Oneida,County,21652,137,0.00632736
55087,Outagamie,County,94596,961,0.010158992
55089,Ozaukee,County,55817,317,0.005679273
55091,Pepin,County,3699,12,0.00324412
55093,Pierce,County,21020,177,0.008420552
55095,Polk,County,22573,226,0.010011961
55097,Portage,County,39337,309,0.0078552
55099,Price,County,7901,60,0.007593975
55101,Racine,County,103364,550,0.005321002
55103,Richland,County,8655,53,0.006123628
55105,Rock,County,80690,470,0.005824761
55107,Rusk,County,7191,52,0.007231261
55109,St. Croix,County,46225,455,0.009843158
55111,Sauk,County,31927,179,0.00560654
55113,Sawyer,County,9025,37,0.004099723
55115,Shawano,County,20279,139,0.006854381
55117,Sheboygan,County,62651,372,0.005937655
55119,Taylor,County,9512,58,0.006097561
55121,Trempealeau,County,13481,82,0.006082635
55123,Vernon,County,14269,103,0.007218446
55125,Vilas,County,13842,61,0.004406878
55127,Walworth,County,52303,441,0.008431639
55129,Washburn,County,9287,79,0.008506514
55131,Washington,County,78742,435,0.005524371
55133,Waukesha,County,243856,1262,0.005175185
55135,Waupaca,County,25840,142,0.005495356
55137,Waushara,County,12048,64,0.005312085
55139,Winnebago,County,89173,922,0.010339453
55141,Wood,County,38900,286,0.007352185
56001,Albany,County,16300,673,0.041288344
56003,Big Horn,County,5324,85,0.01596544
56005,Campbell,County,17571,292,0.016618292
56007,Carbon,County,6509,154,0.023659548
56009,Converse,County,6343,111,0.017499606
56011,Crook,County,3685,102,0.027679783
56013,Fremont,County,16939,319,0.018832281
56015,Goshen,County,5806,80,0.013778849
56017,Hot Springs,County,2515,63,0.025049702
56019,Johnson,County,4259,84,0.01972294
56021,Laramie,County,39505,786,0.019896216
56023,Lincoln,County,8618,111,0.012880019
56025,Natrona,County,32373,727,0.022456986
56027,Niobrara,County,1276,30,0.023510972
56029,Park,County,14608,252,0.017250821
56031,Platte,County,4531,95,0.020966674
56033,Sheridan,County,14322,290,0.020248569
56035,Sublette,County,4376,76,0.017367459
56037,Sweetwater,County,16895,431,0.025510506
56039,Teton,County,11464,273,0.023813678
56041,Uinta,County,8539,166,0.019440215
56043,Washakie,County,3944,74,0.018762677
56045,Weston,County,3359,52,0.015480798