county_fips,state,county,total votes,vote for libertarian, libertarian_16
1001,Alabama,Autauga,37000,546,0.014756757
1003,Alabama,Baldwin,146925,2464,0.016770461
1005,Alabama,Barbour,16512,93,0.005632267
1007,Alabama,Bibb,13889,124,0.008927929
1009,Alabama,Blount,38788,337,0.008688254
1011,Alabama,Bullock,7903,22,0.002783753
1013,Alabama,Butler,13415,65,0.004845322
1015,Alabama,Calhoun,73438,1116,0.015196492
1017,Alabama,Chambers,22244,168,0.007552598
1019,Alabama,Cherokee,14981,147,0.009812429
1021,Alabama,Chilton,26071,228,0.008745349
1023,Alabama,Choctaw,11270,52,0.00461402
1025,Alabama,Clarke,21133,99,0.004684616
1027,Alabama,Clay,9151,93,0.010162824
1029,Alabama,Cleburne,9805,90,0.00917899
1031,Alabama,Coffee,29753,396,0.013309582
1033,Alabama,Colbert,37170,511,0.013747646
1035,Alabama,Conecuh,10554,51,0.004832291
1037,Alabama,Coosa,8217,53,0.006450043
1039,Alabama,Covington,23238,183,0.007875032
1041,Alabama,Crenshaw,9184,65,0.007077526
1043,Alabama,Cullman,56716,687,0.012112984
1045,Alabama,Dale,27217,350,0.01285961
1047,Alabama,Dallas,31343,96,0.003062885
1049,Alabama,DeKalb,38283,469,0.012250869
1051,Alabama,Elmore,52464,738,0.014066789
1053,Alabama,Escambia,23144,195,0.00842551
1055,Alabama,Etowah,67245,835,0.01241728
1057,Alabama,Fayette,12120,109,0.008993399
1059,Alabama,Franklin,15977,238,0.014896414
1061,Alabama,Geneva,16195,149,0.00920037
1063,Alabama,Greene,8793,13,0.001478449
1065,Alabama,Hale,13631,54,0.003961558
1067,Alabama,Henry,11838,91,0.007687109
1069,Alabama,Houston,60711,779,0.012831283
1071,Alabama,Jackson,29477,389,0.01319673
1073,Alabama,Jefferson,500686,6613,0.013207879
1075,Alabama,Lamar,10321,62,0.00600717
1077,Alabama,Lauderdale,56242,987,0.017549163
1079,Alabama,Lawrence,21991,249,0.011322814
1081,Alabama,Lee,93057,2030,0.021814587
1083,Alabama,Limestone,57176,1055,0.018451798
1085,Alabama,Lowndes,11264,32,0.002840909
1087,Alabama,Macon,15628,69,0.004415152
1089,Alabama,Madison,243654,6621,0.027173779
1091,Alabama,Marengo,17143,104,0.006066616
1093,Alabama,Marion,18660,181,0.009699893
1095,Alabama,Marshall,51774,678,0.013095376
1097,Alabama,Mobile,279896,3232,0.011547146
1099,Alabama,Monroe,16675,88,0.005277361
1101,Alabama,Montgomery,153545,1486,0.009677945
1103,Alabama,Morgan,76993,1168,0.01517021
1105,Alabama,Perry,9283,23,0.002477647
1107,Alabama,Pickens,14465,49,0.003387487
1109,Alabama,Pike,19618,257,0.013100214
1111,Alabama,Randolph,14999,124,0.008267218
1113,Alabama,Russell,31804,281,0.008835367
1115,Alabama,St.,59619,678,0.011372214
1117,Alabama,Shelby,155185,2956,0.019048233
1119,Alabama,Sumter,11328,57,0.00503178
1121,Alabama,Talladega,54684,411,0.00751591
1123,Alabama,Tallapoosa,29724,233,0.007838783
1125,Alabama,Tuscaloosa,129329,1873,0.014482444
1127,Alabama,Walker,42811,455,0.01062811
1129,Alabama,Washington,12371,73,0.005900897
1131,Alabama,Wilcox,10277,22,0.002140703
1133,Alabama,Winston,15688,131,0.008350331
4001,Arizona,Apache,27661,1221,0.044141571
4003,Arizona,Cochise,49997,2393,0.047862872
4005,Arizona,Coconino,59784,2978,0.049812659
4007,Arizona,Gila,22515,803,0.035665112
4009,Arizona,Graham,12281,497,0.040469017
4011,Arizona,Greenlee,3300,200,0.060606061
4012,Arizona,La,5951,211,0.035456226
4013,Arizona,Maricopa,1567834,67043,0.042761542
4015,Arizona,Mohave,79943,2639,0.03301102
4017,Arizona,Navajo,40294,1410,0.034992803
4019,Arizona,Pima,421640,15620,0.037045821
4021,Arizona,Pinal,129546,5010,0.038673521
4023,Arizona,Santa,16433,432,0.026288566
4025,Arizona,Yavapai,114450,3996,0.03491481
4027,Arizona,Yuma,53010,1873,0.035332956
5001,Arkansas,Arkansas,10766,126,0.011703511
5003,Arkansas,Ashley,14520,156,0.010743802
5005,Arkansas,Baxter,19766,452,0.02286755
5007,Arkansas,Benton,171098,3871,0.022624461
5009,Arkansas,Boone,26438,379,0.014335426
5011,Arkansas,Bradley,6754,73,0.01080841
5013,Arkansas,Calhoun,2269,44,0.019391803
5015,Arkansas,Carroll,18258,238,0.013035382
5017,Arkansas,Chicot,4176,35,0.008381226
5019,Arkansas,Clark,15351,196,0.012767898
5021,Arkansas,Clay,5200,100,0.019230769
5023,Arkansas,Cleburne,19902,229,0.011506381
5025,Arkansas,Cleveland,3354,59,0.017590936
5027,Arkansas,Columbia,25159,117,0.004650423
5029,Arkansas,Conway,13515,171,0.012652608
5031,Arkansas,Craighead,35573,1031,0.028982655
5033,Arkansas,Crawford,22450,581,0.025879733
5035,Arkansas,Crittenden,27935,242,0.008662968
5037,Arkansas,Cross,6874,105,0.015274949
5039,Arkansas,Dallas,2771,26,0.009382894
5041,Arkansas,Desha,7508,44,0.005860416
5043,Arkansas,Drew,6595,111,0.016830933
5045,Arkansas,Faulkner,74251,1675,0.022558619
5047,Arkansas,Franklin,6770,177,0.026144756
5049,Arkansas,Fulton,7701,107,0.013894299
5051,Arkansas,Garland,68506,989,0.014436692
5053,Arkansas,Grant,12648,177,0.013994307
5055,Arkansas,Greene,23684,404,0.017057929
5057,Arkansas,Hempstead,7049,106,0.015037594
5059,Arkansas,Hot,11944,239,0.020010047
5061,Arkansas,Howard,4674,60,0.01283697
5063,Arkansas,Independence,13614,352,0.025855737
5065,Arkansas,Izard,9155,125,0.013653741
5067,Arkansas,Jackson,8197,111,0.01354154
5069,Arkansas,Jefferson,25894,296,0.01143122
5071,Arkansas,Johnson,16055,294,0.018312052
5073,Arkansas,Lafayette,2860,26,0.009090909
5075,Arkansas,Lawrence,10554,165,0.015633883
5077,Arkansas,Lee,5181,22,0.004246285
5079,Arkansas,Lincoln,3826,48,0.01254574
5081,Arkansas,Little,8235,85,0.010321797
5083,Arkansas,Logan,14321,195,0.013616368
5085,Arkansas,Lonoke,27100,767,0.028302583
5087,Arkansas,Madison,6841,144,0.021049554
5089,Arkansas,Marion,7107,157,0.022090896
5091,Arkansas,Miller,26352,237,0.008993625
5093,Arkansas,Mississippi,13204,181,0.013707967
5095,Arkansas,Monroe,5102,37,0.007252058
5097,Arkansas,Montgomery,3559,52,0.014610846
5099,Arkansas,Nevada,5302,35,0.006601283
5101,Arkansas,Newton,3753,49,0.013056222
5103,Arkansas,Ouachita,9935,97,0.009763463
5105,Arkansas,Perry,6839,113,0.016522883
5107,Arkansas,Phillips,12079,62,0.005132875
5109,Arkansas,Pike,3981,73,0.018337101
5111,Arkansas,Poinsett,7722,154,0.01994302
5113,Arkansas,Polk,13108,164,0.012511443
5115,Arkansas,Pope,39529,618,0.015634091
5117,Arkansas,Prairie,5395,56,0.010379981
5119,Arkansas,Pulaski,257618,4328,0.016800068
5121,Arkansas,Randolph,6379,203,0.03182317
5123,Arkansas,St.,13329,64,0.004801561
5125,Arkansas,Saline,86109,1466,0.017024934
5127,Arkansas,Scott,6136,83,0.013526728
5129,Arkansas,Searcy,3728,68,0.018240343
5131,Arkansas,Sebastian,44637,1630,0.036516791
5133,Arkansas,Sevier,7556,83,0.010984648
5135,Arkansas,Sharp,12814,155,0.012096145
5137,Arkansas,Stone,5618,120,0.021359915
5139,Arkansas,Union,26997,275,0.010186317
5141,Arkansas,Van,7339,182,0.024799019
5143,Arkansas,Washington,81861,3360,0.041045186
5145,Arkansas,White,47877,695,0.014516365
5147,Arkansas,Woodruff,2571,45,0.017502917
5149,Arkansas,Yell,6439,157,0.024382668
6001,California,Alameda,659543,16906,0.0256329
6003,California,Alpine,602,25,0.041528239
6005,California,Amador,17963,804,0.044758671
6007,California,Butte,97002,4625,0.047679429
6009,California,Calaveras,23531,1104,0.046916833
6011,California,Colusa,6697,260,0.038823354
6013,California,Contra,473014,16123,0.034085672
6015,California,Del,9558,416,0.04352375
6017,California,El,92293,5027,0.054467836
6019,California,Fresno,287062,9246,0.03220907
6021,California,Glenn,9470,375,0.039598733
6023,California,Humboldt,59878,2163,0.036123451
6025,California,Imperial,48091,1221,0.025389366
6027,California,Inyo,8179,328,0.040102702
6029,California,Kern,244163,9359,0.038330951
6031,California,Kings,34310,1338,0.038997377
6033,California,Lake,24684,1095,0.044360719
6035,California,Lassen,10699,473,0.044209739
6037,California,Los,3434308,88968,0.025905656
6039,California,Madera,43507,1558,0.035810329
6041,California,Marin,140683,4180,0.02971219
6043,California,Mariposa,8877,326,0.036724119
6045,California,Mendocino,37915,1331,0.03510484
6047,California,Merced,71127,2410,0.033883054
6049,California,Modoc,3843,122,0.031746032
6051,California,Mono,5281,222,0.042037493
6053,California,Monterey,132014,4547,0.034443317
6055,California,Napa,61372,2551,0.041566187
6057,California,Nevada,54935,2378,0.043287522
6059,California,Orange,1197521,46128,0.038519575
6061,California,Placer,191417,9245,0.048297696
6063,California,Plumas,9850,411,0.041725888
6065,California,Riverside,751391,24089,0.032059208
6067,California,Sacramento,562285,24412,0.043415706
6069,California,San,22122,815,0.036841154
6071,California,San,653949,21048,0.032185996
6073,California,San,1306400,51663,0.039546081
6075,California,San,408541,8883,0.021743228
6077,California,San,227002,8049,0.035457837
6079,California,San,137202,6473,0.047178613
6081,California,San,314439,9464,0.030098048
6083,California,Santa,178878,6748,0.037724035
6085,California,Santa,705339,25337,0.035921734
6087,California,Santa,128821,4325,0.033573719
6089,California,Shasta,81024,3382,0.041740719
6091,California,Sierra,1858,98,0.052744887
6093,California,Siskiyou,20510,875,0.042662116
6095,California,Solano,168131,6254,0.037197186
6097,California,Sonoma,231251,8987,0.038862535
6099,California,Stanislaus,174406,6662,0.038198227
6101,California,Sutter,33824,1437,0.042484626
6103,California,Tehama,23908,953,0.039861134
6105,California,Trinity,5784,302,0.052213001
6107,California,Tulare,114496,3800,0.033188932
6109,California,Tuolumne,25893,1101,0.042521145
6111,California,Ventura,356102,13679,0.038413151
6113,California,Yolo,82090,3346,0.040760141
6115,California,Yuba,23204,1063,0.045811067
8001,Colorado,Adams,193677,9893,0.051079891
8003,Colorado,Alamosa,6939,405,0.058365759
8005,Colorado,Arapahoe,303048,16002,0.052803516
8007,Colorado,Archuleta,7339,331,0.045101512
8009,Colorado,Baca,2153,51,0.023687877
8011,Colorado,Bent,1927,83,0.043072133
8013,Colorado,Boulder,188145,8034,0.042701108
8015,Colorado,Chaffee,11250,537,0.047733333
8017,Colorado,Cheyenne,1102,31,0.028130672
8019,Colorado,Clear,5866,365,0.06222298
8021,Colorado,Conejos,4022,166,0.041272999
8023,Colorado,Costilla,1848,83,0.04491342
8025,Colorado,Crowley,1527,63,0.041257367
8027,Colorado,Custer,3066,141,0.045988258
8029,Colorado,Delta,16790,475,0.028290649
8031,Colorado,Denver,331852,14861,0.044782011
8033,Colorado,Dolores,1255,31,0.024701195
8035,Colorado,Douglas,187500,10212,0.054464
8037,Colorado,Eagle,25223,1368,0.054236213
8039,Colorado,Elbert,15980,666,0.041677096
8041,Colorado,El,318968,19877,0.062316596
8043,Colorado,Fremont,21973,890,0.040504255
8045,Colorado,Garfield,26470,1135,0.042878731
8047,Colorado,Gilpin,3576,193,0.053970917
8049,Colorado,Grand,8588,487,0.056707033
8051,Colorado,Gunnison,9412,595,0.06321717
8053,Colorado,Hinsdale,589,27,0.045840407
8055,Colorado,Huerfano,3783,151,0.039915411
8057,Colorado,Jackson,861,41,0.047619048
8059,Colorado,Jefferson,328883,18537,0.056363509
8061,Colorado,Kiowa,855,24,0.028070175
8063,Colorado,Kit,3702,95,0.025661804
8065,Colorado,Lake,3199,173,0.0540794
8067,Colorado,La,31150,1878,0.060288925
8069,Colorado,Larimer,195981,11510,0.058730183
8071,Colorado,Las,6793,251,0.036949801
8073,Colorado,Lincoln,2436,77,0.031609195
8075,Colorado,Logan,9722,319,0.032812179
8077,Colorado,Mesa,77654,3675,0.047325315
8079,Colorado,Mineral,652,42,0.064417178
8081,Colorado,Moffat,6525,179,0.02743295
8083,Colorado,Montezuma,12858,544,0.042308291
8085,Colorado,Montrose,21186,735,0.034692722
8087,Colorado,Morgan,11960,350,0.029264214
8089,Colorado,Otero,8452,320,0.037860861
8091,Colorado,Ouray,3310,150,0.045317221
8093,Colorado,Park,10417,509,0.048862436
8095,Colorado,Phillips,2332,60,0.025728988
8097,Colorado,Pitkin,10523,374,0.035541195
8099,Colorado,Prowers,5016,155,0.030901116
8101,Colorado,Pueblo,78646,4072,0.051776314
8103,Colorado,Rio,3450,118,0.034202899
8105,Colorado,Rio,5534,232,0.04192266
8107,Colorado,Routt,13986,722,0.051623052
8109,Colorado,Saguache,2835,92,0.032451499
8111,Colorado,San,506,17,0.033596838
8113,Colorado,San,4329,154,0.035574036
8115,Colorado,Sedgwick,1364,28,0.020527859
8117,Colorado,Summit,16174,1000,0.061827625
8119,Colorado,Teller,14444,674,0.046662974
8121,Colorado,Washington,2733,82,0.030003659
8123,Colorado,Weld,135430,7487,0.055283172
8125,Colorado,Yuma,4791,118,0.024629514
9001,Connecticut,Fairfield,421164,11654,0.027670931
9003,Connecticut,Hartford,406863,11997,0.029486584
9005,Connecticut,Litchfield,97442,3004,0.030828595
9007,Connecticut,Middlesex,88624,2760,0.031142806
9009,Connecticut,New,379006,9119,0.024060305
9011,Connecticut,New,123520,4744,0.038406736
9013,Connecticut,Tolland,77424,3181,0.041085452
9015,Connecticut,Windham,50823,2180,0.042893965
10001,Delaware,Kent,59076,2298,0.038899045
10003,Delaware,New,278632,9685,0.034759109
10005,Delaware,Sussex,106106,2774,0.026143668
11001,District Of Columbia,District,311268,4906,0.015761337
12001,Florida,Alachua,130100,4059,0.031199078
12003,Florida,Baker,12705,169,0.01330185
12005,Florida,Bay,88222,2652,0.030060529
12007,Florida,Bradford,12158,177,0.014558316
12009,Florida,Brevard,318141,9451,0.029706954
12011,Florida,Broward,837388,11078,0.013229232
12013,Florida,Calhoun,6128,124,0.020234987
12015,Florida,Charlotte,97187,1946,0.020023254
12017,Florida,Citrus,80412,1724,0.021439586
12019,Florida,Clay,107317,2806,0.026146836
12021,Florida,Collier,172510,3263,0.018914846
12023,Florida,Columbia,28864,523,0.018119457
12027,Florida,DeSoto,10903,166,0.015225167
12029,Florida,Dixie,7246,77,0.010626553
12031,Florida,Duval,436573,11318,0.025924645
12033,Florida,Escambia,154172,4612,0.029914641
12035,Florida,Flagler,57987,1114,0.019211203
12037,Florida,Franklin,6059,95,0.015679155
12039,Florida,Gadsden,22113,229,0.010355899
12041,Florida,Gilchrist,8472,155,0.018295562
12043,Florida,Glades,4382,54,0.01232314
12045,Florida,Gulf,7331,195,0.026599373
12047,Florida,Hamilton,5491,79,0.014387179
12049,Florida,Hardee,7645,140,0.018312623
12051,Florida,Hendry,11182,207,0.018511894
12053,Florida,Hernando,94651,2051,0.021669079
12055,Florida,Highlands,46011,854,0.018560779
12057,Florida,Hillsborough,603890,15703,0.02600308
12059,Florida,Holmes,8556,133,0.015544647
12061,Florida,Indian,80769,1723,0.021332442
12063,Florida,Jackson,21159,266,0.012571483
12065,Florida,Jefferson,7689,110,0.014306152
12067,Florida,Lafayette,3411,47,0.01377895
12069,Florida,Lake,170462,3985,0.023377644
12071,Florida,Lee,326421,6982,0.021389555
12073,Florida,Leon,153881,4403,0.028613019
12075,Florida,Levy,19499,358,0.018359916
12077,Florida,Liberty,3312,76,0.02294686
12079,Florida,Madison,8540,95,0.011124122
12081,Florida,Manatee,180757,4177,0.023108372
12083,Florida,Marion,175900,3365,0.019130188
12085,Florida,Martin,86633,1804,0.020823474
12087,Florida,Monroe,42977,1131,0.026316402
12089,Florida,Nassau,46992,1195,0.02542986
12091,Florida,Okaloosa,102096,4171,0.040853706
12093,Florida,Okeechobee,13761,234,0.017004578
12095,Florida,Orange,551902,14483,0.026241978
12097,Florida,Osceola,141468,2811,0.019870218
12099,Florida,Palm,666212,10370,0.015565616
12101,Florida,Pasco,243265,6129,0.025194746
12103,Florida,Pinellas,497485,13627,0.027391781
12105,Florida,Polk,286969,6810,0.023730786
12107,Florida,Putnam,33301,597,0.01792739
12109,Florida,St.,137846,3612,0.026203154
12111,Florida,St.,141993,2475,0.017430437
12113,Florida,Santa,88684,3123,0.03521492
12115,Florida,Sarasota,231353,4715,0.020380112
12117,Florida,Seminole,227520,6810,0.029931435
12119,Florida,Sumter,77238,971,0.012571532
12121,Florida,Suwannee,18787,309,0.016447544
12123,Florida,Taylor,9348,151,0.016153188
12125,Florida,Union,5722,90,0.015728766
12127,Florida,Volusia,263278,6111,0.023211206
12129,Florida,Wakulla,15444,378,0.024475524
12131,Florida,Walton,33898,783,0.023098708
12133,Florida,Washington,11211,192,0.017126037
13001,Georgia,Appling,7012,77,0.010981175
13003,Georgia,Atkinson,2610,35,0.013409962
13005,Georgia,Bacon,4020,47,0.011691542
13007,Georgia,Baker,1440,15,0.010416667
13009,Georgia,Baldwin,16116,419,0.025999007
13011,Georgia,Banks,6975,132,0.018924731
13013,Georgia,Barrow,29061,1143,0.039331062
13015,Georgia,Bartow,39550,1183,0.029911504
13017,Georgia,Ben,5936,91,0.015330189
13019,Georgia,Berrien,6590,115,0.017450683
13021,Georgia,Bibb,62596,1447,0.023116493
13023,Georgia,Bleckley,4974,123,0.024728589
13025,Georgia,Brantley,6301,106,0.016822727
13027,Georgia,Brooks,6336,89,0.014046717
13029,Georgia,Bryan,15173,542,0.035721347
13031,Georgia,Bulloch,25316,890,0.035155633
13033,Georgia,Burke,9351,129,0.013795316
13035,Georgia,Butts,9514,194,0.020391003
13037,Georgia,Calhoun,2025,16,0.007901235
13039,Georgia,Camden,18901,629,0.033278663
13043,Georgia,Candler,3763,73,0.019399415
13045,Georgia,Carroll,44121,1346,0.030507015
13047,Georgia,Catoosa,26757,881,0.032925963
13049,Georgia,Charlton,4016,54,0.013446215
13051,Georgia,Chatham,112142,3503,0.031237181
13053,Georgia,Chattahoochee,1390,45,0.032374101
13055,Georgia,Chattooga,8252,177,0.021449346
13057,Georgia,Cherokee,112043,5015,0.044759601
13059,Georgia,Clarke,44976,2019,0.044890608
13061,Georgia,Clay,1273,8,0.006284368
13063,Georgia,Clayton,92859,1647,0.017736568
13065,Georgia,Clinch,2455,34,0.013849287
13067,Georgia,Cobb,330819,14466,0.043727839
13069,Georgia,Coffee,13915,233,0.01674452
13071,Georgia,Colquitt,13624,240,0.017615972
13073,Georgia,Columbia,64743,2270,0.035061706
13075,Georgia,Cook,6057,112,0.018491002
13077,Georgia,Coweta,61745,2235,0.036197263
13079,Georgia,Crawford,5176,106,0.020479134
13081,Georgia,Crisp,7512,126,0.016773163
13083,Georgia,Dade,6242,226,0.036206344
13085,Georgia,Dawson,11765,356,0.030259244
13087,Georgia,Decatur,10286,126,0.01224966
13089,Georgia,DeKalb,314757,9666,0.030709404
13091,Georgia,Dodge,7009,138,0.019688971
13093,Georgia,Dooly,3859,36,0.009328842
13095,Georgia,Dougherty,34087,475,0.013934931
13097,Georgia,Douglas,57738,1594,0.027607468
13099,Georgia,Early,4785,65,0.013584117
13101,Georgia,Echols,1182,13,0.010998308
13103,Georgia,Effingham,23458,679,0.028945349
13105,Georgia,Elbert,7987,139,0.01740328
13107,Georgia,Emanuel,7860,75,0.009541985
13109,Georgia,Evans,3613,68,0.018820924
13111,Georgia,Fannin,11812,222,0.018794446
13113,Georgia,Fayette,60913,2103,0.03452465
13115,Georgia,Floyd,34608,1084,0.031322238
13117,Georgia,Forsyth,98221,4091,0.041650971
13119,Georgia,Franklin,8502,177,0.020818631
13121,Georgia,Fulton,431391,15765,0.036544573
13123,Georgia,Gilmer,12773,293,0.022939012
13125,Georgia,Glascock,1390,17,0.012230216
13127,Georgia,Glynn,34263,825,0.024078452
13129,Georgia,Gordon,18959,507,0.026741917
13131,Georgia,Grady,9213,135,0.014653207
13133,Georgia,Greene,8852,151,0.017058292
13135,Georgia,Gwinnett,328331,12494,0.038053062
13137,Georgia,Habersham,16243,461,0.028381457
13139,Georgia,Hall,70694,2307,0.032633604
13141,Georgia,Hancock,3580,36,0.010055866
13143,Georgia,Haralson,11357,264,0.023245575
13145,Georgia,Harris,16502,379,0.022966913
13147,Georgia,Hart,10117,209,0.020658298
13149,Georgia,Heard,4223,93,0.022022259
13151,Georgia,Henry,98766,2505,0.025362979
13153,Georgia,Houston,60079,1761,0.029311407
13155,Georgia,Irwin,3670,58,0.015803815
13157,Georgia,Jackson,27190,834,0.030673042
13159,Georgia,Jasper,6045,119,0.019685691
13161,Georgia,Jeff,5096,86,0.016875981
13163,Georgia,Jefferson,6968,70,0.010045924
13165,Georgia,Jenkins,3056,34,0.011125654
13167,Georgia,Johnson,3686,27,0.007325014
13169,Georgia,Jones,12551,260,0.020715481
13171,Georgia,Lamar,7612,126,0.016552811
13173,Georgia,Lanier,2871,73,0.025426681
13175,Georgia,Laurens,19530,313,0.016026626
13177,Georgia,Lee,14143,299,0.021141201
13179,Georgia,Liberty,16143,427,0.026451093
13181,Georgia,Lincoln,4102,70,0.017064846
13183,Georgia,Long,4117,131,0.031819286
13185,Georgia,Lowndes,37805,929,0.024573469
13187,Georgia,Lumpkin,12425,495,0.039839034
13189,Georgia,McDuffie,9268,137,0.014782046
13191,Georgia,McIntosh,5903,113,0.019142809
13193,Georgia,Macon,4287,42,0.009797061
13195,Georgia,Madison,11998,328,0.02733789
13197,Georgia,Marion,3190,49,0.015360502
13199,Georgia,Meriwether,9217,165,0.017901703
13201,Georgia,Miller,2544,30,0.011792453
13205,Georgia,Mitchell,7880,93,0.01180203
13207,Georgia,Monroe,12687,284,0.022385119
13209,Georgia,Montgomery,3576,45,0.012583893
13211,Georgia,Morgan,9475,218,0.023007916
13213,Georgia,Murray,12458,283,0.022716327
13215,Georgia,Muscogee,69032,1831,0.026523931
13217,Georgia,Newton,43987,947,0.021529088
13219,Georgia,Oconee,20149,925,0.045907986
13221,Georgia,Oglethorpe,6674,199,0.029817201
13223,Georgia,Paulding,64890,1954,0.030112498
13225,Georgia,Peach,10752,211,0.019624256
13227,Georgia,Pickens,14058,354,0.025181391
13229,Georgia,Pierce,7311,93,0.012720558
13231,Georgia,Pike,8725,163,0.018681948
13233,Georgia,Polk,14215,289,0.020330637
13235,Georgia,Pulaski,3605,58,0.016088766
13237,Georgia,Putnam,9488,170,0.017917369
13239,Georgia,Quitman,1044,8,0.007662835
13241,Georgia,Rabun,7992,219,0.027402402
13243,Georgia,Randolph,2899,28,0.009658503
13245,Georgia,Richmond,75515,1811,0.02398199
13247,Georgia,Rockdale,37869,923,0.024373498
13249,Georgia,Schley,1909,36,0.018858041
13251,Georgia,Screven,5715,94,0.016447944
13253,Georgia,Seminole,3588,48,0.013377926
13255,Georgia,Spalding,25704,597,0.023225957
13257,Georgia,Stephens,9815,243,0.024758023
13259,Georgia,Stewart,2058,28,0.013605442
13261,Georgia,Sumter,10974,178,0.016220157
13263,Georgia,Talbot,3246,46,0.014171288
13265,Georgia,Taliaferro,897,3,0.003344482
13267,Georgia,Tattnall,6903,109,0.015790236
13269,Georgia,Taylor,3408,45,0.013204225
13271,Georgia,Telfair,3796,32,0.008429926
13273,Georgia,Terrell,4189,40,0.009548818
13275,Georgia,Thomas,18802,368,0.019572386
13277,Georgia,Tift,14219,244,0.017160138
13279,Georgia,Toombs,9138,158,0.017290436
13281,Georgia,Towns,6764,146,0.021584861
13283,Georgia,Treutlen,2703,32,0.011838698
13285,Georgia,Troup,26111,561,0.021485198
13287,Georgia,Turner,3398,53,0.01559741
13289,Georgia,Twiggs,4059,50,0.012318305
13291,Georgia,Union,12063,229,0.018983669
13293,Georgia,Upson,10934,167,0.015273459
13295,Georgia,Walker,23956,791,0.033018868
13297,Georgia,Walton,40698,1055,0.02592265
13299,Georgia,Ware,12184,206,0.01690742
13301,Georgia,Warren,2334,28,0.011996572
13303,Georgia,Washington,8461,98,0.011582555
13305,Georgia,Wayne,10413,192,0.01843849
13307,Georgia,Webster,1116,13,0.011648746
13309,Georgia,Wheeler,2102,35,0.016650809
13311,Georgia,White,11823,348,0.029434154
13313,Georgia,Whitfield,30658,924,0.030138952
13315,Georgia,Wilcox,2976,25,0.008400538
13317,Georgia,Wilkes,4486,57,0.012706197
13319,Georgia,Wilkinson,4287,51,0.011896431
13321,Georgia,Worth,8295,108,0.013019892
15001,Hawaii,Hawaii,64867,2470,0.038077913
15003,Hawaii,Honolulu,285790,10467,0.036624794
15007,Hawaii,Kauai,26335,982,0.037288779
15009,Hawaii,Maui,51945,2035,0.039176052
16001,Idaho,Ada,195669,9984,0.051024945
16003,Idaho,Adams,2183,83,0.038021072
16005,Idaho,Bannock,33416,1471,0.044020828
16007,Idaho,Bear,2928,54,0.018442623
16009,Idaho,Benewah,4185,151,0.036081243
16011,Idaho,Bingham,16625,417,0.025082707
16013,Idaho,Blaine,10724,424,0.039537486
16015,Idaho,Boise,3814,173,0.045359203
16017,Idaho,Bonner,20943,762,0.036384472
16019,Idaho,Bonneville,44209,1634,0.0369608
16021,Idaho,Boundary,5163,161,0.03118342
16023,Idaho,Butte,1230,25,0.020325203
16025,Idaho,Camas,590,23,0.038983051
16027,Idaho,Canyon,72785,2778,0.038167205
16029,Idaho,Caribou,3035,64,0.021087315
16031,Idaho,Cassia,8178,202,0.024700416
16033,Idaho,Clark,283,4,0.014134276
16035,Idaho,Clearwater,3801,97,0.0255196
16037,Idaho,Custer,2414,67,0.027754764
16039,Idaho,Elmore,8522,332,0.038957991
16041,Idaho,Franklin,5499,117,0.021276596
16043,Idaho,Fremont,5713,127,0.022230002
16045,Idaho,Gem,7954,241,0.030299221
16047,Idaho,Gooding,5191,110,0.021190522
16049,Idaho,Idaho,8233,254,0.030851451
16051,Idaho,Jefferson,11475,274,0.023877996
16053,Idaho,Jerome,6751,218,0.032291512
16055,Idaho,Kootenai,66268,2604,0.039294984
16057,Idaho,Latah,18173,1197,0.065866945
16059,Idaho,Lemhi,4096,138,0.033691406
16061,Idaho,Lewis,1590,62,0.038993711
16063,Idaho,Lincoln,1748,54,0.030892449
16065,Idaho,Madison,15688,612,0.039010709
16067,Idaho,Minidoka,6871,207,0.030126619
16069,Idaho,Nez,17201,879,0.05110168
16071,Idaho,Oneida,2060,37,0.017961165
16073,Idaho,Owyhee,3925,108,0.027515924
16075,Idaho,Payette,8697,247,0.028400598
16077,Idaho,Power,2753,92,0.033418089
16079,Idaho,Shoshone,5120,219,0.042773438
16081,Idaho,Teton,4972,184,0.037007241
16083,Idaho,Twin,29874,1076,0.036017942
16085,Idaho,Valley,5349,230,0.042998691
16087,Idaho,Washington,4455,138,0.030976431
17001,Illinois,Adams,31951,1168,0.036555976
17003,Illinois,Alexander,2846,48,0.016865777
17005,Illinois,Bond,7530,447,0.05936255
17007,Illinois,Boone,23001,1068,0.046432764
17009,Illinois,Brown,2379,77,0.032366541
17011,Illinois,Bureau,16571,842,0.050811659
17013,Illinois,Calhoun,2571,72,0.028004667
17015,Illinois,Carroll,7445,395,0.053055742
17017,Illinois,Cass,5124,172,0.033567525
17019,Illinois,Champaign,91628,4547,0.049624569
17021,Illinois,Christian,15459,662,0.042822951
17023,Illinois,Clark,7928,277,0.034939455
17025,Illinois,Clay,6350,209,0.032913386
17027,Illinois,Clinton,17419,813,0.046673173
17029,Illinois,Coles,21863,1025,0.046882861
17031,Illinois,Cook,2180344,58678,0.026912267
17033,Illinois,Crawford,8728,324,0.037121907
17035,Illinois,Cumberland,5567,238,0.042751931
17037,Illinois,DeKalb,43600,2482,0.056926606
17039,Illinois,De,7543,431,0.057139069
17041,Illinois,Douglas,8169,362,0.04431387
17043,Illinois,DuPage,428769,20357,0.047477779
17045,Illinois,Edgar,7873,328,0.041661374
17047,Illinois,Edwards,3347,91,0.027188527
17049,Illinois,Effingham,17609,644,0.036572207
17051,Illinois,Fayette,9585,283,0.0295253
17053,Illinois,Ford,6396,323,0.050500313
17055,Illinois,Franklin,18711,541,0.028913473
17057,Illinois,Fulton,15797,780,0.049376464
17059,Illinois,Gallatin,2707,73,0.026967122
17061,Illinois,Greene,5585,164,0.029364369
17063,Illinois,Grundy,23237,1140,0.049059689
17065,Illinois,Hamilton,4166,114,0.027364378
17067,Illinois,Hancock,9121,348,0.038153711
17069,Illinois,Hardin,2148,46,0.02141527
17071,Illinois,Henderson,3518,158,0.044911882
17073,Illinois,Henry,24643,1243,0.050440287
17075,Illinois,Iroquois,13064,554,0.042406614
17077,Illinois,Jackson,24617,1081,0.043912743
17079,Illinois,Jasper,5136,181,0.035241433
17081,Illinois,Jefferson,16999,573,0.033707865
17083,Illinois,Jersey,10991,410,0.037303248
17085,Illinois,Jo,11334,500,0.044115052
17087,Illinois,Johnson,6089,182,0.029889966
17089,Illinois,Kane,199069,9292,0.046677283
17091,Illinois,Kankakee,47305,1992,0.042109714
17093,Illinois,Kendall,54055,2675,0.049486634
17095,Illinois,Knox,22503,1109,0.049282318
17097,Illinois,Lake,303520,13312,0.043858724
17099,Illinois,La,49743,2298,0.046197455
17101,Illinois,Lawrence,6094,194,0.031834591
17103,Illinois,Lee,15489,896,0.057847505
17105,Illinois,Livingston,15269,777,0.050887419
17107,Illinois,Logan,12401,537,0.043302959
17109,Illinois,McDonough,13092,635,0.048502903
17111,Illinois,McHenry,145396,7336,0.050455308
17113,Illinois,McLean,80985,4855,0.059949373
17115,Illinois,Macon,48060,1851,0.038514357
17117,Illinois,Macoupin,22360,934,0.04177102
17119,Illinois,Madison,130179,5472,0.04203443
17121,Illinois,Marion,17074,548,0.032095584
17123,Illinois,Marshall,5984,266,0.044451872
17125,Illinois,Mason,6486,321,0.049491212
17127,Illinois,Massac,6683,194,0.029028879
17129,Illinois,Menard,6515,311,0.047735994
17131,Illinois,Mercer,8525,475,0.055718475
17133,Illinois,Monroe,19354,742,0.038338328
17135,Illinois,Montgomery,12978,599,0.046155032
17137,Illinois,Morgan,14800,670,0.04527027
17139,Illinois,Moultrie,6283,238,0.037879994
17141,Illinois,Ogle,24193,1159,0.047906419
17143,Illinois,Peoria,78503,3725,0.047450416
17145,Illinois,Perry,9853,347,0.0352177
17147,Illinois,Piatt,9008,558,0.061944938
17149,Illinois,Pike,7530,257,0.034130146
17151,Illinois,Pope,2142,62,0.028944911
17153,Illinois,Pulaski,2735,55,0.020109689
17155,Illinois,Putnam,3111,136,0.043715847
17157,Illinois,Randolph,14194,490,0.034521629
17159,Illinois,Richland,7684,235,0.03058303
17161,Illinois,Rock,63994,3015,0.047113792
17163,Illinois,St.,121436,4181,0.034429658
17165,Illinois,Saline,11384,358,0.031447646
17167,Illinois,Sangamon,98373,4512,0.045866244
17169,Illinois,Schuyler,3828,154,0.040229885
17171,Illinois,Scott,2608,68,0.02607362
17173,Illinois,Shelby,11010,372,0.033787466
17175,Illinois,Stark,2743,149,0.054320087
17177,Illinois,Stephenson,20343,936,0.046010913
17179,Illinois,Tazewell,64400,3358,0.052142857
17181,Illinois,Union,8537,219,0.02565304
17183,Illinois,Vermilion,30782,1097,0.03563771
17185,Illinois,Wabash,5464,175,0.032027818
17187,Illinois,Warren,7807,359,0.045984373
17189,Illinois,Washington,7427,289,0.038912078
17191,Illinois,Wayne,8261,191,0.023120688
17193,Illinois,White,7335,205,0.027948194
17195,Illinois,Whiteside,25582,1285,0.050230631
17197,Illinois,Will,304226,11822,0.038859269
17199,Illinois,Williamson,31852,997,0.031301017
17201,Illinois,Winnebago,120055,5064,0.042180667
17203,Illinois,Woodford,19864,942,0.047422473
18001,Indiana,Adams,13048,595,0.045600858
18003,Indiana,Allen,146047,6801,0.046567201
18005,Indiana,Bartholomew,32391,1911,0.05899787
18007,Indiana,Benton,5313,215,0.04046678
18009,Indiana,Blackford,4823,230,0.047688161
18011,Indiana,Boone,41550,2226,0.053574007
18013,Indiana,Brown,12135,375,0.030902349
18015,Indiana,Carroll,12644,445,0.035194559
18017,Indiana,Cass,14140,680,0.048090523
18019,Indiana,Clark,51146,2304,0.045047511
18021,Indiana,Clay,13380,425,0.031763827
18023,Indiana,Clinton,11897,547,0.045977978
18025,Indiana,Crawford,4593,255,0.055519268
18027,Indiana,Daviess,10736,391,0.036419523
18029,Indiana,Dearborn,23914,918,0.038387555
18031,Indiana,Decatur,11098,487,0.043881781
18033,Indiana,De,16816,821,0.04882255
18035,Indiana,Delaware,44699,2382,0.053289783
18037,Indiana,Dubois,23454,1163,0.049586424
18039,Indiana,Elkhart,103411,2716,0.026264131
18041,Indiana,Fayette,11886,439,0.036934208
18043,Indiana,Floyd,53292,1859,0.034883285
18045,Indiana,Fountain,10904,337,0.03090609
18047,Indiana,Franklin,14062,358,0.025458683
18049,Indiana,Fulton,11861,404,0.034061209
18051,Indiana,Gibson,15475,673,0.043489499
18053,Indiana,Grant,25216,1198,0.047509518
18055,Indiana,Greene,13765,559,0.040610243
18057,Indiana,Hamilton,153630,9117,0.059343878
18059,Indiana,Hancock,36027,2076,0.057623449
18061,Indiana,Harrison,18485,759,0.041060319
18063,Indiana,Hendricks,75275,4338,0.057628695
18065,Indiana,Henry,20075,1056,0.05260274
18067,Indiana,Howard,36762,1864,0.050704532
18069,Indiana,Huntington,16075,814,0.050637636
18071,Indiana,Jackson,17534,832,0.047450667
18073,Indiana,Jasper,13331,620,0.046508139
18075,Indiana,Jay,7962,376,0.047224315
18077,Indiana,Jefferson,13470,598,0.044394952
18079,Indiana,Jennings,11117,529,0.04758478
18081,Indiana,Johnson,66228,3455,0.052168267
18083,Indiana,Knox,15627,641,0.04101875
18085,Indiana,Kosciusko,31917,1687,0.052855845
18087,Indiana,Lagrange,9552,447,0.046796482
18089,Indiana,Lake,200349,7789,0.038877159
18091,Indiana,La,45609,2521,0.055274178
18093,Indiana,Lawrence,19077,832,0.043612727
18095,Indiana,Madison,53679,2690,0.050112707
18097,Indiana,Marion,362087,18186,0.050225498
18099,Indiana,Marshall,22970,924,0.040226382
18101,Indiana,Martin,5925,231,0.038987342
18103,Indiana,Miami,13440,699,0.052008929
18105,Indiana,Monroe,58480,2917,0.049880301
18107,Indiana,Montgomery,15158,688,0.045388574
18109,Indiana,Morgan,31186,1472,0.047200667
18111,Indiana,Newton,7914,314,0.039676523
18113,Indiana,Noble,16890,788,0.046654825
18115,Indiana,Ohio,2917,113,0.03873843
18117,Indiana,Orange,8192,341,0.041625977
18119,Indiana,Owen,8522,423,0.049636236
18121,Indiana,Parke,6576,272,0.04136253
18123,Indiana,Perry,8025,407,0.050716511
18125,Indiana,Pike,5979,283,0.04733233
18127,Indiana,Porter,106124,4253,0.04007576
18129,Indiana,Posey,12467,542,0.043474773
18131,Indiana,Pulaski,5437,256,0.047084789
18133,Indiana,Putnam,14680,687,0.046798365
18135,Indiana,Randolph,10459,496,0.047423272
18137,Indiana,Ripley,12790,513,0.040109461
18139,Indiana,Rush,7214,397,0.055031882
18141,Indiana,St.,151248,5186,0.034288057
18143,Indiana,Scott,9060,344,0.037969095
18145,Indiana,Shelby,17935,970,0.054084193
18147,Indiana,Spencer,9959,526,0.052816548
18149,Indiana,Starke,9226,370,0.040104054
18151,Indiana,Steuben,14539,662,0.045532705
18153,Indiana,Sullivan,8559,308,0.035985512
18155,Indiana,Switzerland,3649,161,0.044121677
18157,Indiana,Tippecanoe,62052,4002,0.064494295
18159,Indiana,Tipton,7510,334,0.044474035
18161,Indiana,Union,3286,126,0.038344492
18163,Indiana,Vanderburgh,72289,3263,0.045138264
18165,Indiana,Vermillion,6865,321,0.046758922
18167,Indiana,Vigo,39591,1723,0.043519992
18169,Indiana,Wabash,17859,578,0.032364634
18171,Indiana,Warren,5640,184,0.032624113
18173,Indiana,Warrick,38098,1390,0.036484855
18175,Indiana,Washington,14755,491,0.033276855
18177,Indiana,Wayne,37452,1225,0.032708534
18179,Indiana,Wells,16825,539,0.032035661
18181,Indiana,White,14616,530,0.036261631
18183,Indiana,Whitley,19397,799,0.041191937
19001,Iowa,Adair,3811,127,0.033324587
19003,Iowa,Adams,2106,93,0.044159544
19005,Iowa,Allamakee,6923,227,0.032789253
19007,Iowa,Appanoose,6136,139,0.022653194
19009,Iowa,Audubon,3412,107,0.031359906
19011,Iowa,Benton,13844,542,0.039150535
19013,Iowa,Black,64405,2368,0.036767332
19015,Iowa,Boone,14196,643,0.045294449
19017,Iowa,Bremer,13538,543,0.040109322
19019,Iowa,Buchanan,10252,478,0.046625049
19021,Iowa,Buena,8278,288,0.034791012
19023,Iowa,Butler,7513,219,0.029149474
19025,Iowa,Calhoun,5159,173,0.033533631
19027,Iowa,Carroll,10544,318,0.030159332
19029,Iowa,Cass,7125,206,0.028912281
19031,Iowa,Cedar,9541,365,0.038255948
19033,Iowa,Cerro,22965,851,0.03705639
19035,Iowa,Cherokee,6258,206,0.032917865
19037,Iowa,Chickasaw,6435,236,0.036674437
19039,Iowa,Clarke,4454,160,0.035922766
19041,Iowa,Clay,8617,288,0.033422305
19043,Iowa,Clayton,9129,334,0.036586702
19045,Iowa,Clinton,23067,825,0.035765379
19047,Iowa,Crawford,6935,172,0.02480173
19049,Iowa,Dallas,38252,1757,0.045932239
19051,Iowa,Davis,3882,85,0.02189593
19053,Iowa,Decatur,3734,123,0.032940546
19055,Iowa,Delaware,9241,337,0.036467915
19057,Iowa,Des,19103,635,0.033240852
19059,Iowa,Dickinson,10354,292,0.028201661
19061,Iowa,Dubuque,49721,2013,0.040485911
19063,Iowa,Emmet,4753,139,0.029244688
19065,Iowa,Fayette,9975,328,0.032882206
19067,Iowa,Floyd,8060,241,0.029900744
19069,Iowa,Franklin,4968,188,0.03784219
19071,Iowa,Fremont,3595,115,0.031988873
19073,Iowa,Greene,4821,160,0.033188135
19075,Iowa,Grundy,6872,233,0.033905704
19077,Iowa,Guthrie,5750,258,0.044869565
19079,Iowa,Hamilton,7694,259,0.033662594
19081,Iowa,Hancock,5871,166,0.02827457
19083,Iowa,Hardin,8533,298,0.034923239
19085,Iowa,Harrison,7465,210,0.028131279
19087,Iowa,Henry,9404,337,0.035835815
19089,Iowa,Howard,4559,131,0.028734372
19091,Iowa,Humboldt,5087,127,0.024965599
19093,Iowa,Ida,3612,103,0.028516058
19095,Iowa,Iowa,8904,317,0.035601977
19097,Iowa,Jackson,10310,319,0.030940834
19099,Iowa,Jasper,19034,715,0.037564359
19101,Iowa,Jefferson,8156,246,0.030161844
19103,Iowa,Johnson,76940,2758,0.035846114
19105,Iowa,Jones,10133,305,0.030099674
19107,Iowa,Keokuk,4985,139,0.027883651
19109,Iowa,Kossuth,8607,194,0.022539793
19111,Iowa,Lee,16151,510,0.031576992
19113,Iowa,Linn,117098,5557,0.047455977
19115,Iowa,Louisa,5008,136,0.02715655
19117,Iowa,Lucas,4354,115,0.026412494
19119,Iowa,Lyon,6377,137,0.021483456
19121,Iowa,Madison,8636,347,0.040180639
19123,Iowa,Mahaska,10632,318,0.029909707
19125,Iowa,Marion,17816,706,0.039627301
19127,Iowa,Marshall,17980,577,0.032091212
19129,Iowa,Mills,7698,307,0.039880488
19131,Iowa,Mitchell,5417,210,0.038766845
19133,Iowa,Monona,4572,112,0.024496938
19135,Iowa,Monroe,3865,104,0.02690815
19137,Iowa,Montgomery,5044,152,0.030134814
19139,Iowa,Muscatine,19434,748,0.038489246
19141,Iowa,O,7406,197,0.026600054
19143,Iowa,Osceola,3213,73,0.022720199
19145,Iowa,Page,7044,176,0.024985804
19147,Iowa,Palo,4703,131,0.027854561
19149,Iowa,Plymouth,13190,343,0.026004549
19151,Iowa,Pocahontas,3865,115,0.029754204
19153,Iowa,Polk,231555,10029,0.043311524
19155,Iowa,Pottawattamie,42680,1469,0.034418932
19157,Iowa,Poweshiek,9833,283,0.028780637
19159,Iowa,Ringgold,2707,72,0.02659771
19161,Iowa,Sac,5212,129,0.024750576
19163,Iowa,Scott,86220,3555,0.041231733
19165,Iowa,Shelby,6370,174,0.027315542
19167,Iowa,Sioux,18194,435,0.023908981
19169,Iowa,Story,50667,3014,0.059486451
19171,Iowa,Tama,8752,245,0.027993601
19173,Iowa,Taylor,3029,97,0.03202377
19175,Iowa,Union,5832,213,0.036522634
19177,Iowa,Van,3561,83,0.02330806
19179,Iowa,Wapello,15149,380,0.025084164
19181,Iowa,Warren,27300,1275,0.046703297
19183,Iowa,Washington,10929,459,0.041998353
19185,Iowa,Wayne,2940,78,0.026530612
19187,Iowa,Webster,17430,569,0.032644865
19189,Iowa,Winnebago,5787,218,0.037670641
19191,Iowa,Winneshiek,11362,382,0.033620841
19193,Iowa,Woodbury,43718,1179,0.026968297
19195,Iowa,Worth,4257,165,0.03875969
19197,Iowa,Wright,6026,176,0.029206771
20001,Kansas,Allen,5454,229,0.041987532
20003,Kansas,Anderson,3350,151,0.045074627
20005,Kansas,Atchison,6575,316,0.048060837
20007,Kansas,Barber,2252,78,0.034635879
20009,Kansas,Barton,10268,347,0.033794312
20011,Kansas,Bourbon,6093,205,0.033645167
20013,Kansas,Brown,4036,158,0.039147671
20015,Kansas,Butler,27657,1415,0.051162454
20017,Kansas,Chase,1369,45,0.032870709
20019,Kansas,Chautauqua,1481,25,0.016880486
20021,Kansas,Cherokee,8620,296,0.034338747
20023,Kansas,Cheyenne,1407,29,0.02061123
20025,Kansas,Clark,1005,36,0.035820896
20027,Kansas,Clay,3820,150,0.039267016
20029,Kansas,Cloud,3930,161,0.040966921
20031,Kansas,Coffey,4068,189,0.046460177
20033,Kansas,Comanche,867,40,0.046136101
20035,Kansas,Cowley,12621,479,0.037952619
20037,Kansas,Crawford,14891,672,0.04512793
20039,Kansas,Decatur,1452,42,0.02892562
20041,Kansas,Dickinson,8210,369,0.044945189
20043,Kansas,Doniphan,3378,125,0.037004144
20045,Kansas,Douglas,50087,2429,0.048495618
20047,Kansas,Edwards,1319,33,0.025018954
20049,Kansas,Elk,1259,35,0.027799841
20051,Kansas,Ellis,11947,464,0.038838202
20053,Kansas,Ellsworth,2679,107,0.039940276
20055,Kansas,Finney,10159,424,0.041736391
20057,Kansas,Ford,7718,281,0.036408396
20059,Kansas,Franklin,10965,568,0.051801186
20061,Kansas,Geary,7504,312,0.041577825
20063,Kansas,Gove,1343,41,0.030528667
20065,Kansas,Graham,1284,38,0.029595016
20067,Kansas,Grant,2389,101,0.042277103
20069,Kansas,Gray,2066,75,0.036302033
20071,Kansas,Greeley,650,25,0.038461538
20073,Kansas,Greenwood,2840,122,0.042957746
20075,Kansas,Hamilton,876,31,0.035388128
20077,Kansas,Harper,2578,117,0.045384019
20079,Kansas,Harvey,14916,684,0.045856798
20081,Kansas,Haskell,1354,41,0.03028065
20083,Kansas,Hodgeman,1017,21,0.020648968
20085,Kansas,Jackson,5818,213,0.036610519
20087,Kansas,Jefferson,8337,384,0.046059734
20089,Kansas,Jewell,1494,48,0.032128514
20091,Kansas,Johnson,294208,15156,0.051514575
20093,Kansas,Kearny,1316,41,0.031155015
20095,Kansas,Kingman,3334,114,0.034193161
20097,Kansas,Kiowa,1079,44,0.040778499
20099,Kansas,Labette,8107,298,0.036758357
20101,Kansas,Lane,871,33,0.037887486
20103,Kansas,Leavenworth,30301,1611,0.053166562
20105,Kansas,Lincoln,1464,41,0.028005464
20107,Kansas,Linn,4427,119,0.026880506
20109,Kansas,Logan,1357,47,0.034635225
20111,Kansas,Lyon,12288,670,0.05452474
20113,Kansas,McPherson,12742,574,0.045047873
20115,Kansas,Marion,5624,227,0.040362731
20117,Kansas,Marshall,4673,204,0.04365504
20119,Kansas,Meade,1720,62,0.036046512
20121,Kansas,Miami,15022,683,0.045466649
20123,Kansas,Mitchell,2942,89,0.03025153
20125,Kansas,Montgomery,12004,407,0.033905365
20127,Kansas,Morris,2624,138,0.052591463
20129,Kansas,Morton,1192,33,0.027684564
20131,Kansas,Nemaha,5122,164,0.032018743
20133,Kansas,Neosho,6314,240,0.03801077
20135,Kansas,Ness,1454,42,0.028885832
20137,Kansas,Norton,2234,67,0.029991047
20139,Kansas,Osage,7046,302,0.042861198
20141,Kansas,Osborne,1788,46,0.025727069
20143,Kansas,Ottawa,2903,144,0.049603858
20145,Kansas,Pawnee,2661,131,0.049229613
20147,Kansas,Phillips,2664,87,0.032657658
20149,Kansas,Pottawatomie,10693,543,0.050780885
20151,Kansas,Pratt,3842,164,0.042686101
20153,Kansas,Rawlins,1472,55,0.03736413
20155,Kansas,Reno,24210,1280,0.052870715
20157,Kansas,Republic,2529,83,0.032819296
20159,Kansas,Rice,3804,194,0.050998948
20161,Kansas,Riley,21532,1468,0.068177596
20163,Kansas,Rooks,2419,80,0.033071517
20165,Kansas,Rush,1503,55,0.03659348
20167,Kansas,Russell,3193,111,0.034763545
20169,Kansas,Saline,22064,1378,0.062454677
20171,Kansas,Scott,2202,69,0.03133515
20173,Kansas,Sedgwick,191798,9214,0.048040126
20175,Kansas,Seward,5038,186,0.036919412
20177,Kansas,Shawnee,77101,3412,0.044253641
20179,Kansas,Sheridan,1374,38,0.027656477
20181,Kansas,Sherman,2612,111,0.042496172
20183,Kansas,Smith,2042,55,0.026934378
20185,Kansas,Stafford,1896,62,0.032700422
20187,Kansas,Stanton,637,19,0.029827316
20189,Kansas,Stevens,1891,49,0.025912216
20191,Kansas,Sumner,9691,420,0.043339181
20193,Kansas,Thomas,3576,131,0.03663311
20195,Kansas,Trego,1482,40,0.026990553
20197,Kansas,Wabaunsee,3380,143,0.042307692
20199,Kansas,Wallace,798,15,0.018796992
20201,Kansas,Washington,2765,124,0.044846293
20203,Kansas,Wichita,956,18,0.018828452
20205,Kansas,Wilson,3591,135,0.037593985
20207,Kansas,Woodson,1443,64,0.044352044
20209,Kansas,Wyandotte,49243,1725,0.03503036
21001,Kentucky,Adair,8231,141,0.017130361
21003,Kentucky,Allen,8091,161,0.019898653
21005,Kentucky,Anderson,11420,319,0.02793345
21007,Kentucky,Ballard,4101,77,0.018775908
21009,Kentucky,Barren,18483,455,0.024617216
21011,Kentucky,Bath,4583,75,0.016364827
21013,Kentucky,Bell,9718,144,0.014817864
21015,Kentucky,Boone,57570,2299,0.039933993
21017,Kentucky,Bourbon,8795,283,0.032177374
21019,Kentucky,Boyd,20454,496,0.024249536
21021,Kentucky,Boyle,12938,365,0.02821147
21023,Kentucky,Bracken,3527,51,0.014459881
21025,Kentucky,Breathitt,5735,117,0.020401046
21027,Kentucky,Breckinridge,8771,194,0.022118345
21029,Kentucky,Bullitt,36054,964,0.026737671
21031,Kentucky,Butler,5576,136,0.024390244
21033,Kentucky,Caldwell,5975,118,0.019748954
21035,Kentucky,Calloway,16045,492,0.030663758
21037,Kentucky,Campbell,58765,1789,0.030443291
21039,Kentucky,Carlisle,2601,42,0.016147636
21041,Kentucky,Carroll,3855,100,0.025940337
21043,Kentucky,Carter,10274,237,0.023067938
21045,Kentucky,Casey,6439,121,0.018791738
21047,Kentucky,Christian,22083,474,0.021464475
21049,Kentucky,Clark,16202,453,0.027959511
21051,Kentucky,Clay,6765,83,0.012269032
21053,Kentucky,Clinton,4458,60,0.01345895
21055,Kentucky,Crittenden,4037,76,0.018825861
21057,Kentucky,Cumberland,3066,67,0.021852577
21059,Kentucky,Daviess,45781,1488,0.032502567
21061,Kentucky,Edmonson,5241,77,0.014691853
21063,Kentucky,Elliott,2855,88,0.030823117
21065,Kentucky,Estill,5545,129,0.023264202
21067,Kentucky,Fayette,136239,5230,0.03838842
21069,Kentucky,Fleming,6257,109,0.017420489
21071,Kentucky,Floyd,16540,357,0.021584039
21073,Kentucky,Franklin,23860,725,0.030385583
21075,Kentucky,Fulton,2382,35,0.014693535
21077,Kentucky,Gallatin,3337,100,0.029967036
21079,Kentucky,Garrard,7619,157,0.020606379
21081,Kentucky,Grant,9556,226,0.023650063
21083,Kentucky,Graves,16592,411,0.024770974
21085,Kentucky,Grayson,10572,259,0.024498676
21087,Kentucky,Green,5333,84,0.015750984
21089,Kentucky,Greenup,16273,319,0.019603023
21091,Kentucky,Hancock,4293,129,0.030048917
21093,Kentucky,Hardin,43141,1413,0.032753066
21095,Kentucky,Harlan,10757,156,0.014502185
21097,Kentucky,Harrison,7780,184,0.023650386
21099,Kentucky,Hart,7263,140,0.019275781
21101,Kentucky,Henderson,19705,507,0.02572951
21103,Kentucky,Henry,7145,224,0.031350595
21105,Kentucky,Hickman,2157,26,0.012053778
21107,Kentucky,Hopkins,20341,478,0.023499336
21109,Kentucky,Jackson,5500,79,0.014363636
21111,Kentucky,Jefferson,356152,10188,0.028605764
21113,Kentucky,Jessamine,23306,829,0.035570239
21115,Kentucky,Johnson,9572,163,0.017028834
21117,Kentucky,Kenton,71947,3093,0.042989979
21119,Kentucky,Knott,5763,102,0.017699115
21121,Kentucky,Knox,12012,189,0.015734266
21123,Kentucky,Larue,6367,174,0.027328412
21125,Kentucky,Laurel,24824,473,0.019054141
21127,Kentucky,Lawrence,6042,107,0.017709368
21129,Kentucky,Lee,2667,42,0.015748031
21131,Kentucky,Leslie,4492,39,0.008682102
21133,Kentucky,Letcher,9134,210,0.022991023
21135,Kentucky,Lewis,5298,95,0.017931295
21137,Kentucky,Lincoln,9561,226,0.023637695
21139,Kentucky,Livingston,4643,115,0.024768469
21141,Kentucky,Logan,10899,229,0.021011102
21143,Kentucky,Lyon,3961,74,0.018682151
21145,Kentucky,McCracken,31294,839,0.026810251
21147,Kentucky,McCreary,5776,59,0.010214681
21149,Kentucky,McLean,4566,137,0.03000438
21151,Kentucky,Madison,37336,1189,0.03184594
21153,Kentucky,Magoffin,5116,66,0.012900704
21155,Kentucky,Marion,8109,215,0.02651375
21157,Kentucky,Marshall,16688,426,0.025527325
21159,Kentucky,Martin,3953,52,0.013154566
21161,Kentucky,Mason,7216,173,0.023974501
21163,Kentucky,Meade,12229,333,0.027230354
21165,Kentucky,Menifee,2780,43,0.015467626
21167,Kentucky,Mercer,10544,275,0.026081184
21169,Kentucky,Metcalfe,4619,86,0.018618749
21171,Kentucky,Monroe,4991,76,0.015227409
21173,Kentucky,Montgomery,11444,264,0.023068857
21175,Kentucky,Morgan,4772,63,0.013202012
21177,Kentucky,Muhlenberg,13054,230,0.017619121
21179,Kentucky,Nelson,20772,565,0.027200077
21181,Kentucky,Nicholas,2840,65,0.022887324
21183,Kentucky,Ohio,10398,207,0.019907675
21185,Kentucky,Oldham,32853,1229,0.037409065
21187,Kentucky,Owen,4999,122,0.024404881
21189,Kentucky,Owsley,1759,24,0.013644116
21191,Kentucky,Pendleton,6007,145,0.024138505
21193,Kentucky,Perry,10572,168,0.015891033
21195,Kentucky,Pike,24650,411,0.016673428
21197,Kentucky,Powell,4957,118,0.023804721
21199,Kentucky,Pulaski,28034,562,0.020047086
21201,Kentucky,Robertson,1013,19,0.01875617
21203,Kentucky,Rockcastle,6688,87,0.013008373
21205,Kentucky,Rowan,8842,207,0.023410993
21207,Kentucky,Russell,8174,153,0.018717886
21209,Kentucky,Scott,24178,853,0.035280007
21211,Kentucky,Shelby,20573,629,0.030574053
21213,Kentucky,Simpson,7529,200,0.026563953
21215,Kentucky,Spencer,9513,237,0.024913277
21217,Kentucky,Taylor,11304,233,0.020612173
21219,Kentucky,Todd,4774,64,0.013405949
21221,Kentucky,Trigg,6745,121,0.017939214
21223,Kentucky,Trimble,3788,88,0.023231257
21225,Kentucky,Union,6211,115,0.018515537
21227,Kentucky,Warren,68643,1605,0.023381845
21229,Kentucky,Washington,5630,111,0.019715808
21231,Kentucky,Wayne,7991,116,0.014516331
21233,Kentucky,Webster,5805,111,0.019121447
21235,Kentucky,Whitley,13769,242,0.017575714
21237,Kentucky,Wolfe,2635,42,0.015939279
21239,Kentucky,Woodford,13560,529,0.039011799
22001,Louisiana,Acadia,27389,281,0.010259593
22003,Louisiana,Allen,9245,102,0.011032991
22005,Louisiana,Ascension,54678,1184,0.021654047
22007,Louisiana,Assumption,10904,127,0.011647102
22009,Louisiana,Avoyelles,16586,188,0.011334861
22011,Louisiana,Beauregard,15078,225,0.014922404
22013,Louisiana,Bienville,7005,54,0.007708779
22015,Louisiana,Bossier,49848,1024,0.020542449
22017,Louisiana,Caddo,105804,1861,0.017589127
22019,Louisiana,Calcasieu,83785,1786,0.021316465
22021,Louisiana,Caldwell,4692,28,0.005967604
22023,Louisiana,Cameron,3692,57,0.015438787
22025,Louisiana,Catahoula,4856,17,0.003500824
22027,Louisiana,Claiborne,6421,45,0.007008254
22029,Louisiana,Concordia,8872,68,0.007664563
22031,Louisiana,De,13500,128,0.009481481
22033,Louisiana,East,196491,4959,0.025237797
22035,Louisiana,East,2939,16,0.005444029
22037,Louisiana,East,10042,102,0.010157339
22039,Louisiana,Evangeline,14882,116,0.007794651
22041,Louisiana,Franklin,9162,68,0.00742196
22043,Louisiana,Grant,8821,126,0.014284095
22045,Louisiana,Iberia,32454,443,0.013650089
22047,Louisiana,Iberville,16043,165,0.010284859
22049,Louisiana,Jackson,7464,74,0.009914255
22051,Louisiana,Jefferson,181639,4306,0.023706363
22053,Louisiana,Jefferson,14277,185,0.012957904
22055,Louisiana,Lafayette,105603,2833,0.026826889
22057,Louisiana,Lafourche,41645,734,0.017625165
22059,Louisiana,La,6569,53,0.008068199
22061,Louisiana,Lincoln,18669,440,0.023568483
22063,Louisiana,Livingston,57730,1151,0.019937641
22065,Louisiana,Madison,4732,17,0.003592561
22067,Louisiana,Morehouse,11852,73,0.006159298
22069,Louisiana,Natchitoches,16621,260,0.015642861
22071,Louisiana,Orleans,165812,3638,0.021940511
22073,Louisiana,Ouachita,68017,980,0.014408163
22075,Louisiana,Plaquemines,10573,179,0.016929916
22077,Louisiana,Pointe,11761,86,0.007312303
22079,Louisiana,Rapides,56844,858,0.015093941
22081,Louisiana,Red,4422,47,0.010628675
22083,Louisiana,Richland,9597,67,0.006981348
22085,Louisiana,Sabine,9787,97,0.009911107
22087,Louisiana,St.,15815,308,0.019475182
22089,Louisiana,St.,26192,592,0.022602321
22091,Louisiana,St.,5964,43,0.007209926
22093,Louisiana,St.,12085,98,0.008109226
22095,Louisiana,St.,20743,228,0.01099166
22097,Louisiana,St.,39977,350,0.008755034
22099,Louisiana,St.,25750,303,0.01176699
22101,Louisiana,St.,22877,245,0.010709446
22103,Louisiana,St.,124392,3409,0.027405299
22105,Louisiana,Tangipahoa,52416,843,0.016082875
22107,Louisiana,Tensas,2548,13,0.005102041
22109,Louisiana,Terrebonne,43896,808,0.018407144
22111,Louisiana,Union,10894,108,0.009913714
22113,Louisiana,Vermilion,25632,396,0.015449438
22115,Louisiana,Vernon,16633,265,0.015932183
22117,Louisiana,Washington,18628,185,0.009931286
22119,Louisiana,Webster,18145,166,0.009148526
22121,Louisiana,West,12712,206,0.01620516
22123,Louisiana,West,4759,27,0.005673461
22125,Louisiana,West,5799,97,0.016727022
22127,Louisiana,Winn,6372,40,0.006277464
23001,Maine,Androscoggin,55547,3293,0.05928313
23003,Maine,Aroostook,34832,1639,0.047054433
23005,Maine,Cumberland,171626,7412,0.04318693
23007,Maine,Franklin,16428,1101,0.067019722
23009,Maine,Hancock,32150,1558,0.048460342
23011,Maine,Kennebec,66208,3768,0.056911551
23013,Maine,Knox,23163,949,0.040970513
23015,Maine,Lincoln,21503,1039,0.048318839
23017,Maine,Oxford,33256,2132,0.064108732
23019,Maine,Penobscot,79332,4219,0.053181566
23021,Maine,Piscataquis,9000,452,0.050222222
23023,Maine,Sagadahoc,21616,1178,0.054496669
23025,Maine,Somerset,25393,1327,0.052258496
23027,Maine,Waldo,22707,1220,0.053727925
23029,Maine,Washington,16046,776,0.048360962
23031,Maine,York,112812,5565,0.049329859
24001,Maryland,Allegany,30654,858,0.027989822
24003,Maryland,Anne,270081,10411,0.038547695
24005,Maryland,Baltimore,390682,11749,0.030073052
24009,Maryland,Calvert,47408,1816,0.038305771
24011,Maryland,Caroline,14113,445,0.031531212
24013,Maryland,Carroll,91848,4286,0.046664054
24015,Maryland,Cecil,45269,1665,0.036780137
24017,Maryland,Charles,78303,1696,0.021659451
24019,Maryland,Dorchester,15225,337,0.022134647
24021,Maryland,Frederick,125677,5428,0.043190083
24023,Maryland,Garrett,14011,400,0.028548997
24025,Maryland,Harford,133671,5060,0.037854134
24027,Maryland,Howard,162193,6284,0.038743966
24029,Maryland,Kent,10021,312,0.031134617
24031,Maryland,Montgomery,478871,11514,0.024044054
24033,Maryland,Prince,390385,4564,0.011691023
24035,Maryland,Queen,26523,940,0.035440938
24037,Maryland,St.,49842,2270,0.045543919
24039,Maryland,Somerset,9900,190,0.019191919
24041,Maryland,Talbot,20551,632,0.030752761
24043,Maryland,Washington,65991,2165,0.032807504
24045,Maryland,Wicomico,42547,1297,0.030483935
24047,Maryland,Worcester,28273,735,0.025996534
24510,Maryland,Baltimore,239402,4568,0.019080877
25001,Massachusetts,Barnstable,135781,5337,0.039305941
25003,Massachusetts,Berkshire,65617,2555,0.03893808
25005,Massachusetts,Bristol,252140,10180,0.040374395
25007,Massachusetts,Dukes,11674,366,0.031351722
25009,Massachusetts,Essex,385370,16215,0.042076446
25011,Massachusetts,Franklin,38821,1902,0.048994101
25013,Massachusetts,Hampden,206101,8322,0.040378261
25015,Massachusetts,Hampshire,84193,3098,0.036796408
25017,Massachusetts,Middlesex,796735,32441,0.040717428
25019,Massachusetts,Nantucket,6508,260,0.03995083
25021,Massachusetts,Norfolk,367695,15606,0.042442785
25023,Massachusetts,Plymouth,271177,12542,0.046250235
25025,Massachusetts,Suffolk,313283,7996,0.025523249
25027,Massachusetts,Worcester,389951,21198,0.054360676
26001,Michigan,Alcona,6198,164,0.026460148
26003,Michigan,Alger,4518,177,0.039176627
26005,Michigan,Allegan,55786,2513,0.045047144
26007,Michigan,Alpena,14698,498,0.033882161
26009,Michigan,Antrim,13582,459,0.033794728
26011,Michigan,Arenac,7696,270,0.03508316
26013,Michigan,Baraga,3490,106,0.030372493
26015,Michigan,Barry,30329,1424,0.046951762
26017,Michigan,Bay,52977,2189,0.041319818
26019,Michigan,Benzie,10228,382,0.037348455
26021,Michigan,Berrien,72031,2760,0.038316836
26023,Michigan,Branch,17663,582,0.032950235
26025,Michigan,Calhoun,58902,2284,0.038776272
26027,Michigan,Cass,22595,753,0.033325957
26029,Michigan,Charlevoix,14589,532,0.03646583
26031,Michigan,Cheboygan,13672,463,0.033864833
26033,Michigan,Chippewa,15456,583,0.037719979
26035,Michigan,Clare,13389,435,0.032489357
26037,Michigan,Clinton,40655,1886,0.046390358
26039,Michigan,Crawford,6844,267,0.039012274
26041,Michigan,Delta,18492,660,0.03569111
26043,Michigan,Dickinson,13165,450,0.034181542
26045,Michigan,Eaton,56221,2618,0.04656623
26047,Michigan,Emmet,18802,806,0.04286778
26049,Michigan,Genesee,196296,6221,0.031691935
26051,Michigan,Gladwin,12472,393,0.031510584
26053,Michigan,Gogebic,7329,213,0.029062628
26055,Michigan,Grand,51589,2149,0.041656167
26057,Michigan,Gratiot,16465,687,0.041724871
26059,Michigan,Hillsdale,19940,700,0.035105316
26061,Michigan,Houghton,15624,837,0.053571429
26063,Michigan,Huron,15917,477,0.029967959
26065,Michigan,Ingham,131138,5305,0.040453568
26067,Michigan,Ionia,26854,1355,0.050458032
26069,Michigan,Iosco,13361,459,0.034353716
26071,Michigan,Iron,5910,175,0.029610829
26073,Michigan,Isabella,25392,1093,0.043045054
26075,Michigan,Jackson,69677,2901,0.041634973
26077,Michigan,Kalamazoo,126299,5644,0.044687606
26079,Michigan,Kalkaska,8833,283,0.032038945
26081,Michigan,Kent,308184,14246,0.046225631
26083,Michigan,Keweenaw,1434,62,0.043235704
26085,Michigan,Lake,5328,152,0.028528529
26087,Michigan,Lapeer,45183,1730,0.038288737
26089,Michigan,Leelanau,14757,510,0.03455987
26091,Michigan,Lenawee,45939,2044,0.044493785
26093,Michigan,Livingston,105866,4266,0.040296224
26095,Michigan,Luce,2579,103,0.03993796
26097,Michigan,Mackinac,6097,180,0.029522716
26099,Michigan,Macomb,419312,12862,0.030674057
26101,Michigan,Manistee,12599,456,0.036193349
26103,Michigan,Marquette,32976,1458,0.044213974
26105,Michigan,Mason,14685,601,0.040926115
26107,Michigan,Mecosta,17168,697,0.040598788
26109,Michigan,Menominee,10768,351,0.032596582
26111,Michigan,Midland,42506,2216,0.052133816
26113,Michigan,Missaukee,7317,241,0.032936996
26115,Michigan,Monroe,74218,2985,0.040219354
26117,Michigan,Montcalm,26609,1316,0.049456951
26119,Michigan,Montmorency,5009,159,0.031742863
26121,Michigan,Muskegon,78088,3182,0.040748899
26123,Michigan,Newaygo,22640,878,0.038780919
26125,Michigan,Oakland,664614,23154,0.034838267
26127,Michigan,Oceana,11930,492,0.04124057
26129,Michigan,Ogemaw,10387,353,0.033984789
26131,Michigan,Ontonagon,3426,128,0.037361354
26133,Michigan,Osceola,10609,401,0.037798096
26135,Michigan,Oscoda,4073,140,0.034372698
26137,Michigan,Otsego,12538,482,0.038443133
26139,Michigan,Ottawa,142734,6324,0.044306192
26141,Michigan,Presque,7218,237,0.03283458
26143,Michigan,Roscommon,13041,413,0.031669351
26145,Michigan,Saginaw,94320,3199,0.033916455
26147,Michigan,St.,78003,2972,0.038101099
26149,Michigan,St.,23757,934,0.039314728
26151,Michigan,Sanilac,19249,662,0.034391397
26153,Michigan,Schoolcraft,4154,165,0.039720751
26155,Michigan,Shiawassee,34111,1660,0.048664654
26157,Michigan,Tuscola,25796,872,0.03380369
26159,Michigan,Van,33274,1480,0.044479173
26161,Michigan,Washtenaw,188578,5840,0.030968618
26163,Michigan,Wayne,777838,18801,0.024170843
26165,Michigan,Wexford,15298,579,0.037848085
27001,Minnesota,Aitkin,9231,263,0.028490954
27003,Minnesota,Anoka,185758,7726,0.041591748
27005,Minnesota,Becker,17222,580,0.033677854
27007,Minnesota,Beltrami,21564,780,0.036171397
27009,Minnesota,Benton,20058,683,0.034051251
27011,Minnesota,Big,2755,94,0.034119782
27013,Minnesota,Blue,33593,1604,0.047748043
27015,Minnesota,Brown,13779,503,0.036504826
27017,Minnesota,Carlton,18211,703,0.038603042
27019,Minnesota,Carver,55696,2461,0.044186297
27021,Minnesota,Cass,15999,414,0.025876617
27023,Minnesota,Chippewa,6222,209,0.033590485
27025,Minnesota,Chisago,30228,1213,0.040128358
27027,Minnesota,Clay,29398,1486,0.050547656
27029,Minnesota,Clearwater,4245,94,0.022143698
27031,Minnesota,Cook,3395,105,0.030927835
27033,Minnesota,Cottonwood,5721,150,0.026219192
27035,Minnesota,Crow,35842,1174,0.032754869
27037,Minnesota,Dakota,231440,9879,0.042684929
27039,Minnesota,Dodge,10654,454,0.042613103
27041,Minnesota,Douglas,21785,781,0.035850356
27043,Minnesota,Faribault,7412,271,0.036562331
27045,Minnesota,Fillmore,11055,409,0.036996834
27047,Minnesota,Freeborn,16051,511,0.031836023
27049,Minnesota,Goodhue,25717,1130,0.043939806
27051,Minnesota,Grant,3473,159,0.045781745
27053,Minnesota,Hennepin,679977,24400,0.035883567
27055,Minnesota,Houston,10604,394,0.03715579
27057,Minnesota,Hubbard,11505,342,0.029726206
27059,Minnesota,Isanti,21016,765,0.036400837
27061,Minnesota,Itasca,23880,792,0.033165829
27063,Minnesota,Jackson,5484,181,0.033005106
27065,Minnesota,Kanabec,8177,298,0.036443684
27067,Minnesota,Kandiyohi,21772,927,0.042577623
27069,Minnesota,Kittson,2385,121,0.050733753
27071,Minnesota,Koochiching,6363,207,0.032531825
27073,Minnesota,Lac,3860,106,0.02746114
27075,Minnesota,Lake,6521,215,0.032970403
27077,Minnesota,Lake,2242,67,0.029884032
27079,Minnesota,Le,14971,514,0.034333044
27081,Minnesota,Lincoln,3019,112,0.037098377
27083,Minnesota,Lyon,12215,523,0.04281621
27085,Minnesota,McLeod,18807,857,0.04556814
27087,Minnesota,Mahnomen,2088,54,0.025862069
27089,Minnesota,Marshall,4817,204,0.04235001
27091,Minnesota,Martin,10531,343,0.032570506
27093,Minnesota,Meeker,12282,448,0.036476144
27095,Minnesota,Mille,13017,451,0.034647
27097,Minnesota,Morrison,17614,442,0.025093675
27099,Minnesota,Mower,17715,620,0.034998589
27101,Minnesota,Murray,4668,203,0.043487575
27103,Minnesota,Nicollet,18097,831,0.045919213
27105,Minnesota,Nobles,8632,258,0.029888786
27107,Minnesota,Norman,3261,161,0.049371358
27109,Minnesota,Olmsted,80129,3547,0.044266121
27111,Minnesota,Otter,32500,1000,0.030769231
27113,Minnesota,Pennington,6715,315,0.046909903
27115,Minnesota,Pine,13811,473,0.034248063
27117,Minnesota,Pipestone,4808,131,0.027246256
27119,Minnesota,Polk,14796,517,0.034941876
27121,Minnesota,Pope,6319,221,0.034973888
27123,Minnesota,Ramsey,273143,9626,0.035241613
27125,Minnesota,Red,1881,100,0.053163211
27127,Minnesota,Redwood,7611,242,0.031796085
27129,Minnesota,Renville,7606,244,0.032079937
27131,Minnesota,Rice,32443,1230,0.037912647
27133,Minnesota,Rock,4839,155,0.032031411
27135,Minnesota,Roseau,7804,220,0.028190671
27137,Minnesota,St.,112422,4366,0.038835815
27139,Minnesota,Scott,75029,3400,0.045315811
27141,Minnesota,Sherburne,48283,1927,0.039910528
27143,Minnesota,Sibley,7774,291,0.037432467
27145,Minnesota,Stearns,79592,2972,0.037340436
27147,Minnesota,Steele,19179,808,0.042129412
27149,Minnesota,Stevens,5398,205,0.037977029
27151,Minnesota,Swift,4994,153,0.030636764
27153,Minnesota,Todd,11993,287,0.023930626
27155,Minnesota,Traverse,1798,40,0.022246941
27157,Minnesota,Wabasha,11832,467,0.039469236
27159,Minnesota,Wadena,6934,164,0.023651572
27161,Minnesota,Waseca,9653,387,0.040091163
27163,Minnesota,Washington,144235,6180,0.042846743
27165,Minnesota,Watonwan,4998,156,0.031212485
27167,Minnesota,Wilkin,3302,146,0.044215627
27169,Minnesota,Winona,26074,1165,0.044680525
27171,Minnesota,Wright,69618,3002,0.043121032
27173,Minnesota,Yellow,5276,163,0.030894617
28001,Mississippi,Adams,13836,125,0.009034403
28003,Mississippi,Alcorn,14783,167,0.01129676
28005,Mississippi,Amite,7050,38,0.005390071
28007,Mississippi,Attala,8256,57,0.00690407
28009,Mississippi,Benton,4013,28,0.006977324
28011,Mississippi,Bolivar,13824,100,0.007233796
28013,Mississippi,Calhoun,6396,49,0.007661038
28015,Mississippi,Carroll,5528,29,0.00524602
28017,Mississippi,Chickasaw,7890,61,0.007731305
28019,Mississippi,Choctaw,4065,26,0.006396064
28021,Mississippi,Claiborne,4272,7,0.001638577
28023,Mississippi,Clarke,7791,29,0.003722244
28025,Mississippi,Clay,10003,69,0.006897931
28027,Mississippi,Coahoma,8912,53,0.005947038
28029,Mississippi,Copiah,12982,73,0.005623171
28031,Mississippi,Covington,8811,61,0.006923164
28033,Mississippi,DeSoto,65695,1329,0.02022985
28035,Mississippi,Forrest,28064,598,0.021308438
28037,Mississippi,Franklin,4290,22,0.005128205
28039,Mississippi,George,9891,91,0.009200283
28041,Mississippi,Greene,5369,28,0.005215124
28043,Mississippi,Grenada,10513,69,0.006563303
28045,Mississippi,Hancock,17637,312,0.017690083
28047,Mississippi,Harrison,63313,1230,0.01942729
28049,Mississippi,Hinds,94681,1013,0.010699084
28051,Mississippi,Holmes,8076,25,0.003095592
28053,Mississippi,Humphreys,4253,12,0.002821538
28055,Mississippi,Issaquena,699,4,0.005722461
28057,Mississippi,Itawamba,9737,84,0.008626887
28059,Mississippi,Jackson,49567,901,0.018177416
28061,Mississippi,Jasper,8475,28,0.003303835
28063,Mississippi,Jefferson,3860,13,0.003367876
28065,Mississippi,Jefferson,6237,21,0.003367003
28067,Mississippi,Jones,28352,268,0.009452596
28069,Mississippi,Kemper,4639,18,0.003880147
28071,Mississippi,Lafayette,19643,577,0.029374332
28073,Mississippi,Lamar,24592,452,0.018379961
28075,Mississippi,Lauderdale,29506,307,0.010404663
28077,Mississippi,Lawrence,6364,40,0.006285355
28079,Mississippi,Leake,8449,40,0.004734288
28081,Mississippi,Lee,32922,405,0.012301804
28083,Mississippi,Leflore,11140,78,0.007001795
28085,Mississippi,Lincoln,15193,89,0.005857961
28087,Mississippi,Lowndes,25575,295,0.011534702
28089,Mississippi,Madison,49802,842,0.016906952
28091,Mississippi,Marion,11693,107,0.009150774
28093,Mississippi,Marshall,14839,95,0.006402049
28095,Mississippi,Monroe,15884,110,0.006925208
28097,Mississippi,Montgomery,4996,32,0.006405124
28099,Mississippi,Neshoba,10553,83,0.007865062
28101,Mississippi,Newton,9438,67,0.007098962
28103,Mississippi,Noxubee,5574,12,0.002152853
28105,Mississippi,Oktibbeha,18124,464,0.025601412
28107,Mississippi,Panola,15064,96,0.006372809
28109,Mississippi,Pearl,21883,315,0.014394736
28111,Mississippi,Perry,5432,47,0.00865243
28113,Mississippi,Pike,16310,142,0.008706315
28115,Mississippi,Pontotoc,12984,150,0.01155268
28117,Mississippi,Prentiss,9872,79,0.008002431
28119,Mississippi,Quitman,3365,20,0.005943536
28121,Mississippi,Rankin,62768,967,0.015405939
28123,Mississippi,Scott,10522,81,0.007698156
28125,Mississippi,Sharkey,2190,10,0.00456621
28127,Mississippi,Simpson,11419,74,0.006480427
28129,Mississippi,Smith,7627,51,0.006686771
28131,Mississippi,Stone,7045,108,0.015330021
28133,Mississippi,Sunflower,9598,27,0.002813086
28135,Mississippi,Tallahatchie,5870,31,0.00528109
28137,Mississippi,Tate,11627,115,0.009890771
28139,Mississippi,Tippah,9235,72,0.007796427
28141,Mississippi,Tishomingo,8371,140,0.016724406
28143,Mississippi,Tunica,3567,18,0.005046257
28145,Mississippi,Union,11496,133,0.011569241
28147,Mississippi,Walthall,6919,31,0.004480416
28149,Mississippi,Warren,19416,229,0.011794396
28151,Mississippi,Washington,16825,106,0.006300149
28153,Mississippi,Wayne,9599,46,0.004792166
28155,Mississippi,Webster,5069,27,0.005326494
28157,Mississippi,Wilkinson,4218,15,0.003556188
28159,Mississippi,Winston,8881,55,0.006192996
28161,Mississippi,Yalobusha,6077,70,0.011518842
28163,Mississippi,Yazoo,10070,47,0.004667329
29001,Missouri,Adair,10226,426,0.041658518
29003,Missouri,Andrew,9140,336,0.036761488
29005,Missouri,Atchison,2730,104,0.038095238
29007,Missouri,Audrain,10061,363,0.036079913
29009,Missouri,Barry,14605,338,0.023142759
29011,Missouri,Barton,5939,135,0.0227311
29013,Missouri,Bates,8031,306,0.038102353
29015,Missouri,Benton,9590,278,0.02898853
29017,Missouri,Bollinger,5676,97,0.0170895
29019,Missouri,Boone,83868,4268,0.050889493
29021,Missouri,Buchanan,35659,1709,0.04792619
29023,Missouri,Butler,17259,392,0.022712788
29025,Missouri,Caldwell,4312,188,0.043599258
29027,Missouri,Callaway,19193,757,0.039441463
29029,Missouri,Camden,22514,597,0.026516834
29031,Missouri,Cape,37038,1109,0.029942222
29033,Missouri,Carroll,4361,106,0.024306352
29035,Missouri,Carter,2850,55,0.019298246
29037,Missouri,Cass,50990,2159,0.042341636
29039,Missouri,Cedar,6288,179,0.028466921
29041,Missouri,Chariton,3969,98,0.024691358
29043,Missouri,Christian,41531,1495,0.035997207
29045,Missouri,Clark,3316,101,0.030458384
29047,Missouri,Clay,110176,5155,0.046788774
29049,Missouri,Clinton,10208,434,0.042515674
29051,Missouri,Cole,37374,1377,0.036843795
29053,Missouri,Cooper,7986,306,0.038317055
29055,Missouri,Crawford,9920,224,0.022580645
29057,Missouri,Dade,3951,94,0.023791445
29059,Missouri,Dallas,7453,181,0.024285523
29061,Missouri,Daviess,3738,145,0.038790797
29063,Missouri,DeKalb,4594,178,0.038746191
29065,Missouri,Dent,6791,136,0.020026506
29067,Missouri,Douglas,6666,135,0.020252025
29069,Missouri,Dunklin,10578,142,0.013424088
29071,Missouri,Franklin,50113,1628,0.03248658
29073,Missouri,Gasconade,7451,180,0.024157831
29075,Missouri,Gentry,3043,108,0.035491291
29077,Missouri,Greene,129231,5754,0.04452492
29079,Missouri,Grundy,4428,118,0.0266486
29081,Missouri,Harrison,3689,97,0.026294389
29083,Missouri,Henry,9866,311,0.0315224
29085,Missouri,Hickory,4724,108,0.022861981
29087,Missouri,Holt,2355,66,0.028025478
29089,Missouri,Howard,4868,209,0.042933443
29091,Missouri,Howell,17455,434,0.024863936
29093,Missouri,Iron,4269,110,0.025767159
29095,Missouri,Jackson,173275,7128,0.041136921
29097,Missouri,Jasper,48326,1761,0.036440012
29099,Missouri,Jefferson,106238,3968,0.037350101
29101,Missouri,Johnson,21132,1100,0.052053757
29103,Missouri,Knox,1870,53,0.028342246
29105,Missouri,Laclede,16051,426,0.026540402
29107,Missouri,Lafayette,15876,598,0.037666919
29109,Missouri,Lawrence,16715,472,0.028238109
29111,Missouri,Lewis,4456,127,0.028500898
29113,Missouri,Lincoln,24962,808,0.032369201
29115,Missouri,Linn,5587,172,0.030785753
29117,Missouri,Livingston,6421,213,0.033172403
29119,Missouri,McDonald,8242,191,0.023173987
29121,Missouri,Macon,7631,175,0.022932774
29123,Missouri,Madison,5321,150,0.02819019
29125,Missouri,Maries,4500,110,0.024444444
29127,Missouri,Marion,12938,380,0.029370846
29129,Missouri,Mercer,1745,27,0.015472779
29131,Missouri,Miller,11416,283,0.024789769
29133,Missouri,Mississippi,5169,79,0.01528342
29135,Missouri,Moniteau,6830,177,0.025915081
29137,Missouri,Monroe,4156,114,0.027430221
29139,Missouri,Montgomery,5429,134,0.024682262
29141,Missouri,Morgan,8821,202,0.022899898
29143,Missouri,New,7357,106,0.014408047
29145,Missouri,Newton,26606,641,0.02409231
29147,Missouri,Nodaway,9458,401,0.04239797
29149,Missouri,Oregon,4668,88,0.018851757
29151,Missouri,Osage,7090,182,0.025669958
29153,Missouri,Ozark,4505,70,0.015538291
29155,Missouri,Pemiscot,6027,79,0.013107682
29157,Missouri,Perry,8740,231,0.026430206
29159,Missouri,Pettis,18111,735,0.040583071
29161,Missouri,Phelps,18553,750,0.040424729
29163,Missouri,Pike,7382,208,0.028176646
29165,Missouri,Platte,49100,2271,0.046252546
29167,Missouri,Polk,13763,479,0.034803459
29169,Missouri,Pulaski,13488,485,0.035957888
29171,Missouri,Putnam,2346,36,0.015345269
29173,Missouri,Ralls,5266,120,0.022787695
29175,Missouri,Randolph,10309,392,0.038025027
29177,Missouri,Ray,10869,509,0.046830435
29179,Missouri,Reynolds,3038,62,0.020408163
29181,Missouri,Ripley,5524,115,0.020818248
29183,Missouri,St.,201005,7964,0.039620905
29185,Missouri,St.,4630,146,0.031533477
29186,Missouri,Ste.,8469,324,0.038257173
29187,Missouri,St.,24728,712,0.028793271
29189,Missouri,St.,514858,16677,0.032391456
29195,Missouri,Saline,9274,383,0.041298253
29197,Missouri,Schuyler,1936,64,0.033057851
29199,Missouri,Scotland,1968,50,0.025406504
29201,Missouri,Scott,17256,374,0.021673621
29203,Missouri,Shannon,3904,106,0.027151639
29205,Missouri,Shelby,3255,92,0.028264209
29207,Missouri,Stoddard,13291,238,0.017906854
29209,Missouri,Stone,16567,383,0.023118247
29211,Missouri,Sullivan,2486,58,0.023330652
29213,Missouri,Taney,23515,525,0.022326175
29215,Missouri,Texas,10956,222,0.02026287
29217,Missouri,Vernon,8599,236,0.027445052
29219,Missouri,Warren,15784,534,0.033831728
29221,Missouri,Washington,9282,197,0.021223874
29223,Missouri,Wayne,5762,107,0.018569941
29225,Missouri,Webster,16743,515,0.030759123
29227,Missouri,Worth,1046,32,0.030592734
29229,Missouri,Wright,8119,153,0.018844685
29510,Missouri,St.,130884,3518,0.026878763
30001,Montana,Beaverhead,4849,265,0.054650443
30003,Montana,Big,4237,185,0.043662969
30005,Montana,Blaine,2684,102,0.038002981
30007,Montana,Broadwater,3133,169,0.053941909
30009,Montana,Carbon,5991,307,0.051243532
30011,Montana,Carter,786,24,0.030534351
30013,Montana,Cascade,34571,1996,0.057736253
30015,Montana,Chouteau,2603,131,0.050326546
30017,Montana,Custer,5185,302,0.058244937
30019,Montana,Daniels,962,51,0.053014553
30021,Montana,Dawson,4374,184,0.042066758
30023,Montana,Deer,4206,276,0.065620542
30025,Montana,Fallon,1484,45,0.03032345
30027,Montana,Fergus,5840,302,0.051712329
30029,Montana,Flathead,46571,2199,0.047218226
30031,Montana,Gallatin,53819,4015,0.074601906
30033,Montana,Garfield,718,27,0.037604457
30035,Montana,Glacier,5075,203,0.04
30037,Montana,Golden,474,29,0.061181435
30039,Montana,Granite,1777,83,0.046707935
30041,Montana,Hill,6445,438,0.067959659
30043,Montana,Jefferson,6714,394,0.058683348
30045,Montana,Judith,1208,79,0.065397351
30047,Montana,Lake,13181,534,0.040512859
30049,Montana,Lewis,34478,2210,0.064098846
30051,Montana,Liberty,961,47,0.048907388
30053,Montana,Lincoln,9330,396,0.04244373
30055,Montana,McCone,1060,37,0.03490566
30057,Montana,Madison,4778,195,0.040812055
30059,Montana,Meagher,977,41,0.0419652
30061,Montana,Mineral,2012,108,0.053677932
30063,Montana,Missoula,59203,3357,0.056703208
30065,Montana,Musselshell,2441,94,0.038508808
30067,Montana,Park,9359,500,0.053424511
30069,Montana,Petroleum,322,12,0.037267081
30071,Montana,Phillips,2171,99,0.045601105
30073,Montana,Pondera,2723,135,0.049577672
30075,Montana,Powder,1053,39,0.037037037
30077,Montana,Powell,2794,163,0.058339298
30079,Montana,Prairie,689,30,0.043541364
30081,Montana,Ravalli,22556,992,0.043979429
30083,Montana,Richland,4871,239,0.0490659
30085,Montana,Roosevelt,3652,180,0.049288061
30087,Montana,Rosebud,3453,152,0.044019693
30089,Montana,Sanders,5953,299,0.050226776
30091,Montana,Sheridan,1835,92,0.05013624
30093,Montana,Silver,16452,1057,0.064247508
30095,Montana,Stillwater,4873,251,0.051508311
30097,Montana,Sweet,2107,77,0.03654485
30099,Montana,Teton,3188,162,0.050815558
30101,Montana,Toole,2037,96,0.04712813
30103,Montana,Treasure,443,26,0.058690745
30105,Montana,Valley,3894,234,0.06009245
30107,Montana,Wheatland,946,43,0.045454545
30109,Montana,Wibaux,541,18,0.033271719
30111,Montana,Yellowstone,69108,4316,0.062452972
31001,Nebraska,Adams,13513,594,0.04395767
31003,Nebraska,Antelope,3281,105,0.032002438
31005,Nebraska,Arthur,273,11,0.04029304
31007,Nebraska,Banner,402,14,0.034825871
31009,Nebraska,Blaine,317,10,0.031545741
31011,Nebraska,Boone,2905,137,0.047160069
31013,Nebraska,Box,4924,230,0.046709992
31015,Nebraska,Boyd,1156,23,0.019896194
31017,Nebraska,Brown,1597,39,0.024420789
31019,Nebraska,Buffalo,21129,1174,0.055563444
31021,Nebraska,Burt,3558,197,0.055368184
31023,Nebraska,Butler,3981,129,0.032403919
31025,Nebraska,Cass,12933,639,0.04940849
31027,Nebraska,Cedar,4420,224,0.050678733
31029,Nebraska,Chase,1898,54,0.028451001
31031,Nebraska,Cherry,3118,127,0.040731238
31033,Nebraska,Cheyenne,4711,213,0.045213331
31035,Nebraska,Clay,3065,116,0.037846656
31037,Nebraska,Colfax,3214,118,0.036714375
31039,Nebraska,Cuming,4074,157,0.038537064
31041,Nebraska,Custer,5652,206,0.036447275
31043,Nebraska,Dakota,6279,229,0.036470776
31045,Nebraska,Dawes,3676,191,0.051958651
31047,Nebraska,Dawson,8635,381,0.044122756
31049,Nebraska,Deuel,984,47,0.047764228
31051,Nebraska,Dixon,2782,130,0.046728972
31053,Nebraska,Dodge,15529,624,0.040182884
31055,Nebraska,Douglas,240433,10402,0.043263612
31057,Nebraska,Dundy,953,31,0.032528856
31059,Nebraska,Fillmore,2941,151,0.051343081
31061,Nebraska,Franklin,1673,54,0.032277346
31063,Nebraska,Frontier,1328,36,0.027108434
31065,Nebraska,Furnas,2340,85,0.036324786
31067,Nebraska,Gage,10048,492,0.048964968
31069,Nebraska,Garden,1075,39,0.03627907
31071,Nebraska,Garfield,980,23,0.023469388
31073,Nebraska,Gosper,1010,38,0.037623762
31075,Nebraska,Grant,405,6,0.014814815
31077,Nebraska,Greeley,1175,38,0.032340426
31079,Nebraska,Hall,22060,895,0.04057117
31081,Nebraska,Hamilton,5004,224,0.044764189
31083,Nebraska,Harlan,2052,68,0.033138402
31085,Nebraska,Hayes,514,8,0.015564202
31087,Nebraska,Hitchcock,1468,61,0.041553134
31089,Nebraska,Holt,5118,162,0.031652989
31091,Nebraska,Hooker,417,16,0.038369305
31093,Nebraska,Howard,2994,108,0.036072144
31095,Nebraska,Jefferson,3494,182,0.052089296
31097,Nebraska,Johnson,2089,122,0.058401149
31099,Nebraska,Kearney,3296,148,0.044902913
31101,Nebraska,Keith,4034,164,0.040654437
31103,Nebraska,Keya,519,17,0.032755299
31105,Nebraska,Kimball,1677,78,0.046511628
31107,Nebraska,Knox,4115,137,0.033292831
31109,Nebraska,Lancaster,136223,7109,0.052186488
31111,Nebraska,Lincoln,16131,711,0.044076623
31113,Nebraska,Logan,453,18,0.039735099
31115,Nebraska,Loup,385,10,0.025974026
31117,Nebraska,McPherson,287,14,0.048780488
31119,Nebraska,Madison,14343,669,0.046642962
31121,Nebraska,Merrick,3788,165,0.043558606
31123,Nebraska,Morrill,2209,84,0.038026256
31125,Nebraska,Nance,1621,48,0.029611351
31127,Nebraska,Nemaha,3161,180,0.056944005
31129,Nebraska,Nuckolls,2205,88,0.039909297
31131,Nebraska,Otoe,7457,375,0.05028832
31133,Nebraska,Pawnee,1327,55,0.041446873
31135,Nebraska,Perkins,1455,54,0.037113402
31137,Nebraska,Phelps,4695,190,0.040468584
31139,Nebraska,Pierce,3630,125,0.034435262
31141,Nebraska,Platte,14433,495,0.034296404
31143,Nebraska,Polk,2582,102,0.03950426
31145,Nebraska,Red,5170,191,0.036943907
31147,Nebraska,Richardson,3805,159,0.041787122
31149,Nebraska,Rock,798,33,0.041353383
31151,Nebraska,Saline,5136,284,0.05529595
31153,Nebraska,Sarpy,80580,4682,0.058103748
31155,Nebraska,Saunders,10860,515,0.047421731
31157,Nebraska,Scotts,14317,683,0.047705525
31159,Nebraska,Seward,7922,337,0.042539763
31161,Nebraska,Sheridan,2608,70,0.026840491
31163,Nebraska,Sherman,1573,59,0.037507947
31165,Nebraska,Sioux,736,28,0.038043478
31167,Nebraska,Stanton,2801,144,0.051410211
31169,Nebraska,Thayer,2690,124,0.046096654
31171,Nebraska,Thomas,393,10,0.025445293
31173,Nebraska,Thurston,2088,56,0.026819923
31175,Nebraska,Valley,2205,53,0.024036281
31177,Nebraska,Washington,10832,513,0.047359675
31179,Nebraska,Wayne,3776,202,0.053495763
31181,Nebraska,Webster,1708,51,0.029859485
31183,Nebraska,Wheeler,465,17,0.03655914
31185,Nebraska,York,6381,345,0.054066761
32001,Nevada,Churchill,10935,450,0.041152263
32003,Nevada,Clark,766970,22448,0.02926842
32005,Nevada,Douglas,27877,1004,0.036015353
32007,Nevada,Elko,18558,828,0.044616877
32009,Nevada,Esmeralda,416,15,0.036057692
32011,Nevada,Eureka,854,19,0.022248244
32013,Nevada,Humboldt,6420,269,0.041900312
32015,Nevada,Lander,2413,79,0.032739329
32017,Nevada,Lincoln,2132,62,0.029080675
32019,Nevada,Lyon,23757,812,0.0341794
32021,Nevada,Mineral,1994,88,0.044132397
32023,Nevada,Nye,19591,552,0.028176203
32027,Nevada,Pershing,1981,58,0.029278142
32029,Nevada,Storey,2557,100,0.03910833
32031,Nevada,Washoe,209733,9281,0.044251501
32033,Nevada,White,3771,151,0.040042429
32510,Nevada,Carson,25016,1159,0.046330349
33001,New Hampshire,Belknap,26911,1064,0.039537735
33003,New Hampshire,Carroll,29616,1185,0.040012156
33005,New Hampshire,Cheshire,29222,1195,0.040893847
33007,New Hampshire,Coos,15627,576,0.036859282
33009,New Hampshire,Grafton,43918,1728,0.039346054
33011,New Hampshire,Hillsborough,121199,5367,0.044282544
33013,New Hampshire,Merrimack,57456,2353,0.040953077
33015,New Hampshire,Rockingham,168048,6828,0.040631248
33017,New Hampshire,Strafford,31019,1486,0.047906122
33019,New Hampshire,Sullivan,17046,621,0.036430834
34001,New Jersey,Atlantic,117360,2119,0.018055556
34003,New Jersey,Bergen,422251,7764,0.018387168
34005,New Jersey,Burlington,220613,4894,0.022183643
34007,New Jersey,Camden,229459,4256,0.018547976
34009,New Jersey,Cape,49238,897,0.018217637
34011,New Jersey,Cumberland,54308,1043,0.019205274
34013,New Jersey,Essex,312851,3111,0.009944031
34015,New Jersey,Gloucester,141224,3216,0.022772333
34017,New Jersey,Hudson,221276,2925,0.013218786
34019,New Jersey,Hunterdon,70940,2225,0.031364533
34021,New Jersey,Mercer,158046,3267,0.020671197
34023,New Jersey,Middlesex,326049,5414,0.016604866
34025,New Jersey,Monmouth,317709,6388,0.02010645
34027,New Jersey,Morris,253531,5943,0.02344092
34029,New Jersey,Ocean,276715,4867,0.017588494
34031,New Jersey,Passaic,196220,2541,0.01294975
34033,New Jersey,Salem,29841,862,0.028886431
34035,New Jersey,Somerset,157070,3776,0.024040237
34037,New Jersey,Sussex,75136,2026,0.026964438
34039,New Jersey,Union,223559,3628,0.016228378
34041,New Jersey,Warren,49060,1242,0.02531594
35001,New Mexico,Bernalillo,274662,29682,0.10806737
35003,New Mexico,Catron,2049,111,0.054172767
35005,New Mexico,Chaves,20271,1609,0.079374476
35006,New Mexico,Cibola,8063,970,0.120302617
35007,New Mexico,Colfax,5332,527,0.098837209
35009,New Mexico,Curry,13370,973,0.072774869
35011,New Mexico,DeBaca,910,89,0.097802198
35013,New Mexico,Dona,70648,5471,0.077440267
35015,New Mexico,Eddy,19667,1275,0.06482941
35017,New Mexico,Grant,12811,899,0.070174069
35019,New Mexico,Guadalupe,1827,238,0.130268199
35021,New Mexico,Harding,527,55,0.104364326
35023,New Mexico,Hidalgo,1872,137,0.073183761
35025,New Mexico,Lea,17712,1098,0.06199187
35027,New Mexico,Lincoln,8902,560,0.062907212
35028,New Mexico,Los,10885,1512,0.138906752
35029,New Mexico,Luna,7295,481,0.065935572
35031,New Mexico,McKinley,21703,2412,0.111136709
35033,New Mexico,Mora,2441,194,0.079475625
35035,New Mexico,Otero,20060,1613,0.080408774
35037,New Mexico,Quay,3572,299,0.083706607
35039,New Mexico,Rio,14878,1425,0.095779003
35041,New Mexico,Roosevelt,5950,482,0.081008403
35043,New Mexico,Sandoval,61690,6657,0.10791052
35045,New Mexico,San,46110,4200,0.091086532
35047,New Mexico,San,10751,915,0.085108362
35049,New Mexico,Santa,71434,4362,0.061063359
35051,New Mexico,Sierra,5181,442,0.085311716
35053,New Mexico,Socorro,6868,802,0.116773442
35055,New Mexico,Taos,15260,1179,0.077260813
35057,New Mexico,Torrance,6324,692,0.109424415
35059,New Mexico,Union,1702,134,0.078730905
35061,New Mexico,Valencia,27592,3046,0.110394317
36001,New York,Albany,138146,4792,0.034687939
36003,New York,Allegany,18516,735,0.039695399
36005,New York,Bronx,433535,2312,0.005332903
36007,New York,Broome,85811,3246,0.037827318
36009,New York,Cattaraugus,30875,1246,0.040356275
36011,New York,Cayuga,32949,1358,0.041215211
36013,New York,Chautauqua,53749,2203,0.040986809
36015,New York,Chemung,36025,0,0
36017,New York,Chenango,19970,916,0.045868803
36019,New York,Clinton,31485,1312,0.041670637
36021,New York,Columbia,30902,944,0.030548185
36023,New York,Cortland,20274,957,0.047203315
36025,New York,Delaware,19596,650,0.033170035
36027,New York,Dutchess,129683,3602,0.027775422
36029,New York,Erie,423625,12720,0.030026557
36031,New York,Essex,16868,728,0.043158644
36033,New York,Franklin,16952,717,0.042295894
36035,New York,Fulton,21048,779,0.037010642
36037,New York,Genesee,26208,1319,0.050328144
36039,New York,Greene,22050,647,0.029342404
36041,New York,Hamilton,3176,119,0.037468514
36043,New York,Herkimer,26187,1002,0.03826326
36045,New York,Jefferson,37859,1670,0.044111044
36047,New York,Kings,857520,6864,0.008004478
36049,New York,Lewis,11174,496,0.04438876
36051,New York,Livingston,30031,1276,0.042489428
36053,New York,Madison,30064,1582,0.052621075
36055,New York,Monroe,347790,13205,0.037968314
36057,New York,Montgomery,18854,690,0.036597009
36059,New York,Nassau,642250,11337,0.017652005
36061,New York,New,732423,9408,0.012845036
36063,New York,Niagara,92402,2865,0.031005822
36065,New York,Oneida,90390,3754,0.041531143
36067,New York,Onondaga,207695,8524,0.041040949
36069,New York,Ontario,51587,2485,0.048171051
36071,New York,Orange,151838,3867,0.025467933
36073,New York,Orleans,16569,680,0.041040497
36075,New York,Oswego,47625,2137,0.044871391
36077,New York,Otsego,25415,1066,0.041943734
36079,New York,Putnam,48151,1171,0.024319329
36081,New York,Queens,735550,7116,0.009674393
36083,New York,Rensselaer,70742,2944,0.041616013
36085,New York,Richmond,193168,2432,0.012590077
36087,New York,Rockland,135087,2284,0.016907622
36089,New York,St.,38682,1445,0.037355876
36091,New York,Saratoga,113695,5116,0.044997581
36093,New York,Schenectady,66451,2624,0.039487743
36095,New York,Schoharie,13943,531,0.038083626
36097,New York,Schuyler,8689,309,0.035562205
36099,New York,Seneca,13836,638,0.046111593
36101,New York,Steuben,41608,1666,0.040040377
36103,New York,Suffolk,681254,13916,0.020427036
36105,New York,Sullivan,29931,734,0.02452307
36107,New York,Tioga,22053,930,0.042171133
36109,New York,Tompkins,42513,1393,0.032766448
36111,New York,Ulster,84375,2392,0.02834963
36113,New York,Warren,30960,1255,0.040536176
36115,New York,Washington,24528,926,0.037752772
36117,New York,Wayne,39687,1911,0.048151788
36119,New York,Westchester,420593,8042,0.019120623
36121,New York,Wyoming,17199,673,0.039130182
37001,North Carolina,Alamance,71157,1795,0.025225909
37003,North Carolina,Alexander,18271,437,0.023917684
37005,North Carolina,Alleghany,5315,129,0.024270931
37007,North Carolina,Anson,10545,129,0.012233286
37009,North Carolina,Ashe,13424,332,0.024731824
37011,North Carolina,Avery,8249,166,0.020123651
37013,North Carolina,Beaufort,23938,426,0.017795973
37015,North Carolina,Bertie,9347,70,0.007489034
37017,North Carolina,Bladen,15897,212,0.01333585
37019,North Carolina,Brunswick,68351,1717,0.025120335
37021,North Carolina,Buncombe,138947,4285,0.030839097
37023,North Carolina,Burke,38920,988,0.025385406
37025,North Carolina,Cabarrus,93289,2786,0.029864185
37027,North Carolina,Caldwell,36320,849,0.023375551
37029,North Carolina,Camden,5006,149,0.029764283
37031,North Carolina,Carteret,37781,913,0.024165586
37033,North Carolina,Caswell,11070,214,0.019331527
37035,North Carolina,Catawba,72351,1973,0.027269837
37037,North Carolina,Chatham,39849,1130,0.028357048
37039,North Carolina,Cherokee,14181,346,0.024398844
37041,North Carolina,Chowan,7228,162,0.022412839
37043,North Carolina,Clay,6010,143,0.023793677
37045,North Carolina,Cleveland,44673,850,0.019027153
37047,North Carolina,Columbus,23732,306,0.012893983
37049,North Carolina,Craven,47001,1210,0.025744133
37051,North Carolina,Cumberland,127506,3373,0.026453657
37053,North Carolina,Currituck,12669,482,0.038045623
37055,North Carolina,Dare,19609,674,0.034371972
37057,North Carolina,Davidson,74856,1859,0.024834349
37059,North Carolina,Davie,21756,631,0.029003493
37061,North Carolina,Duplin,20856,260,0.012466437
37063,North Carolina,Durham,156134,3999,0.025612615
37065,North Carolina,Edgecombe,24886,284,0.011412039
37067,North Carolina,Forsyth,178312,5370,0.030115752
37069,North Carolina,Franklin,30368,777,0.025586143
37071,North Carolina,Gaston,96431,2445,0.025354917
37073,North Carolina,Gates,5392,108,0.020029674
37075,North Carolina,Graham,4168,74,0.017754319
37077,North Carolina,Granville,27353,596,0.0217892
37079,North Carolina,Greene,8095,85,0.010500309
37081,North Carolina,Guilford,257405,6754,0.026238807
37083,North Carolina,Halifax,25167,290,0.011523026
37085,North Carolina,Harnett,46065,1252,0.027178986
37087,North Carolina,Haywood,30727,905,0.029452924
37089,North Carolina,Henderson,58176,1626,0.02794967
37091,North Carolina,Hertford,10186,133,0.013057137
37093,North Carolina,Hoke,18230,577,0.031651125
37095,North Carolina,Hyde,2304,42,0.018229167
37097,North Carolina,Iredell,82567,2185,0.026463357
37099,North Carolina,Jackson,18713,742,0.039651579
37101,North Carolina,Johnston,85909,2347,0.027319606
37103,North Carolina,Jones,5135,59,0.011489776
37105,North Carolina,Lee,25084,684,0.027268378
37107,North Carolina,Lenoir,26807,398,0.014846868
37109,North Carolina,Lincoln,40023,971,0.02426105
37111,North Carolina,McDowell,19875,396,0.019924528
37113,North Carolina,Macon,17734,467,0.026333596
37115,North Carolina,Madison,11269,336,0.02981631
37117,North Carolina,Martin,11964,165,0.013791374
37119,North Carolina,Mecklenburg,472857,15488,0.032754088
37121,North Carolina,Mitchell,8096,138,0.017045455
37123,North Carolina,Montgomery,11540,203,0.017590988
37125,North Carolina,Moore,48692,1355,0.02782798
37127,North Carolina,Nash,47665,750,0.015734816
37129,North Carolina,New,111905,3949,0.035288861
37131,North Carolina,Northampton,9848,93,0.009443542
37133,North Carolina,Onslow,57135,1926,0.033709635
37135,North Carolina,Orange,82340,2404,0.029196017
37137,North Carolina,Pamlico,6870,124,0.018049491
37139,North Carolina,Pasquotank,17391,442,0.025415445
37141,North Carolina,Pender,27885,683,0.024493455
37143,North Carolina,Perquimans,6708,162,0.024150268
37145,North Carolina,Person,19615,419,0.021361203
37147,North Carolina,Pitt,80527,2162,0.026848138
37149,North Carolina,Polk,10934,272,0.024876532
37151,North Carolina,Randolph,64575,1403,0.021726674
37153,North Carolina,Richmond,19328,333,0.017228891
37155,North Carolina,Robeson,40858,803,0.019653434
37157,North Carolina,Rockingham,42278,871,0.020601731
37159,North Carolina,Rowan,64369,1517,0.023567245
37161,North Carolina,Rutherford,30311,624,0.020586586
37163,North Carolina,Sampson,25928,393,0.015157359
37165,North Carolina,Scotland,13928,254,0.018236646
37167,North Carolina,Stanly,29917,664,0.022194739
37169,North Carolina,Stokes,22550,571,0.025321508
37171,North Carolina,Surry,32196,739,0.022953162
37173,North Carolina,Swain,6124,240,0.039190072
37175,North Carolina,Transylvania,17869,489,0.027365829
37177,North Carolina,Tyrrell,1739,28,0.016101208
37179,North Carolina,Union,105710,3327,0.031472898
37181,North Carolina,Vance,19977,294,0.014716924
37183,North Carolina,Wake,527624,19460,0.036882325
37185,North Carolina,Warren,9842,146,0.014834383
37187,North Carolina,Washington,6165,65,0.01054339
37189,North Carolina,Watauga,29985,1336,0.044555611
37191,North Carolina,Wayne,50689,963,0.018998205
37193,North Carolina,Wilkes,31296,647,0.020673569
37195,North Carolina,Wilson,38135,667,0.017490494
37197,North Carolina,Yadkin,17624,398,0.022582842
37199,North Carolina,Yancey,9960,261,0.026204819
38001,North Dakota,Adams,1218,65,0.053366174
38003,North Dakota,Barnes,5344,407,0.07616018
38005,North Dakota,Benson,2011,112,0.055693685
38007,North Dakota,Billings,605,33,0.054545455
38009,North Dakota,Bottineau,3494,177,0.050658271
38011,North Dakota,Bowman,1787,79,0.04420817
38013,North Dakota,Burke,1052,26,0.024714829
38015,North Dakota,Burleigh,47979,2722,0.056733154
38017,North Dakota,Cass,80821,6085,0.075289838
38019,North Dakota,Cavalier,2006,110,0.054835494
38021,North Dakota,Dickey,2407,123,0.051100956
38023,North Dakota,Divide,1219,71,0.058244463
38025,North Dakota,Dunn,2243,60,0.026749889
38027,North Dakota,Eddy,1231,53,0.043054427
38029,North Dakota,Emmons,1981,52,0.026249369
38031,North Dakota,Foster,1719,96,0.055846422
38033,North Dakota,Golden,957,40,0.041797283
38035,North Dakota,Grand,30365,2004,0.065997036
38037,North Dakota,Grant,1381,65,0.047067343
38039,North Dakota,Griggs,1265,93,0.073517787
38041,North Dakota,Hettinger,1296,46,0.035493827
38043,North Dakota,Kidder,1376,64,0.046511628
38045,North Dakota,LaMoure,2151,109,0.050674105
38047,North Dakota,Logan,1067,38,0.035613871
38049,North Dakota,McHenry,2820,189,0.067021277
38051,North Dakota,McIntosh,1446,71,0.049100968
38053,North Dakota,McKenzie,4672,172,0.036815068
38055,North Dakota,McLean,5315,256,0.048165569
38057,North Dakota,Mercer,4682,190,0.040580948
38059,North Dakota,Morton,15832,914,0.057731177
38061,North Dakota,Mountrail,4106,166,0.040428641
38063,North Dakota,Nelson,1717,114,0.066394875
38065,North Dakota,Oliver,1017,47,0.046214356
38067,North Dakota,Pembina,3153,167,0.05296543
38069,North Dakota,Pierce,2071,132,0.063737325
38071,North Dakota,Ramsey,5305,405,0.076343073
38073,North Dakota,Ransom,2359,247,0.104705384
38075,North Dakota,Renville,1293,71,0.05491106
38077,North Dakota,Richland,7592,493,0.064936776
38079,North Dakota,Rolette,3755,156,0.041544607
38081,North Dakota,Sargent,1997,167,0.083625438
38083,North Dakota,Sheridan,787,29,0.036848793
38085,North Dakota,Sioux,1232,25,0.020292208
38087,North Dakota,Slope,430,19,0.044186047
38089,North Dakota,Stark,12322,526,0.042687875
38091,North Dakota,Steele,999,75,0.075075075
38093,North Dakota,Stutsman,10155,574,0.05652388
38095,North Dakota,Towner,1157,90,0.077787381
38097,North Dakota,Traill,3933,292,0.07424358
38099,North Dakota,Walsh,4636,330,0.071182053
38101,North Dakota,Ward,27412,2055,0.074967168
38103,North Dakota,Wells,2383,101,0.04238355
38105,North Dakota,Williams,12807,631,0.049269931
39001,Ohio,Adams,11359,226,0.019896118
39003,Ohio,Allen,45894,1486,0.03237896
39005,Ohio,Ashland,24590,906,0.036844246
39007,Ohio,Ashtabula,40867,1213,0.02968165
39009,Ohio,Athens,29443,1012,0.034371497
39011,Ohio,Auglaize,23627,701,0.029669446
39013,Ohio,Belmont,31122,777,0.024966262
39015,Ohio,Brown,19607,431,0.021981945
39017,Ohio,Butler,173839,5790,0.03330668
39019,Ohio,Carroll,13074,450,0.034419458
39021,Ohio,Champaign,18104,582,0.032147592
39023,Ohio,Clark,61429,1895,0.030848622
39025,Ohio,Clermont,99121,3504,0.035350733
39027,Ohio,Clinton,18675,514,0.027523427
39029,Ohio,Columbiana,46201,1401,0.030324019
39031,Ohio,Coshocton,15552,468,0.030092593
39033,Ohio,Crawford,19237,714,0.037115974
39035,Ohio,Cuyahoga,603822,12993,0.021517931
39037,Ohio,Darke,25484,649,0.02546696
39039,Ohio,Defiance,18192,782,0.042985928
39041,Ohio,Delaware,103860,4116,0.039630272
39043,Ohio,Erie,37578,1225,0.032598861
39045,Ohio,Fairfield,72913,2439,0.033450825
39047,Ohio,Fayette,11162,295,0.026428955
39049,Ohio,Franklin,581140,19725,0.033941907
39051,Ohio,Fulton,21225,1024,0.048244994
39053,Ohio,Gallia,12931,285,0.022040059
39055,Ohio,Geauga,49941,1502,0.030075489
39057,Ohio,Greene,81858,3277,0.04003274
39059,Ohio,Guernsey,16557,549,0.033158181
39061,Ohio,Hamilton,409109,13200,0.03226524
39063,Ohio,Hancock,36023,1535,0.042611665
39065,Ohio,Hardin,12294,465,0.037823328
39067,Ohio,Harrison,7079,178,0.025144794
39069,Ohio,Henry,13932,659,0.047301177
39071,Ohio,Highland,18501,473,0.025566186
39073,Ohio,Hocking,12838,367,0.028587007
39075,Ohio,Holmes,11054,374,0.033833906
39077,Ohio,Huron,24834,923,0.037166787
39079,Ohio,Jackson,13693,373,0.027240196
39081,Ohio,Jefferson,32201,841,0.026117201
39083,Ohio,Knox,28687,936,0.03262802
39085,Ohio,Lake,116246,3833,0.032973178
39087,Ohio,Lawrence,26607,589,0.022137032
39089,Ohio,Licking,82761,2708,0.032720726
39091,Ohio,Logan,21571,657,0.030457559
39093,Ohio,Lorain,140562,4548,0.032355829
39095,Ohio,Lucas,197556,7410,0.037508352
39097,Ohio,Madison,17290,600,0.03470214
39099,Ohio,Mahoning,115072,2606,0.022646691
39101,Ohio,Marion,26322,986,0.03745916
39103,Ohio,Medina,91373,2975,0.032558852
39105,Ohio,Meigs,9985,280,0.028042063
39107,Ohio,Mercer,21726,562,0.025867624
39109,Ohio,Miami,52734,1837,0.034835211
39111,Ohio,Monroe,6795,162,0.02384106
39113,Ohio,Montgomery,258301,8387,0.03246987
39115,Ohio,Morgan,6443,192,0.029799783
39117,Ohio,Morrow,16548,569,0.03438482
39119,Ohio,Muskingum,36991,1244,0.033629802
39121,Ohio,Noble,6013,152,0.025278563
39123,Ohio,Ottawa,22218,957,0.043073184
39125,Ohio,Paulding,9047,279,0.030838952
39127,Ohio,Perry,14995,405,0.027009003
39129,Ohio,Pickaway,24745,756,0.030551627
39131,Ohio,Pike,11879,283,0.023823554
39133,Ohio,Portage,76139,2415,0.031718305
39135,Ohio,Preble,20565,553,0.026890348
39137,Ohio,Putnam,18767,638,0.033995844
39139,Ohio,Richland,55214,1637,0.029648278
39141,Ohio,Ross,30380,934,0.03074391
39143,Ohio,Sandusky,28044,1263,0.045036371
39145,Ohio,Scioto,30784,699,0.022706601
39147,Ohio,Seneca,23987,1302,0.054279401
39149,Ohio,Shelby,23740,594,0.025021061
39151,Ohio,Stark,175239,5693,0.032487061
39153,Ohio,Summit,257979,7472,0.028963598
39155,Ohio,Trumbull,96029,2489,0.025919254
39157,Ohio,Tuscarawas,41289,1606,0.038896558
39159,Ohio,Union,27429,1119,0.040796238
39161,Ohio,Van,13770,429,0.031154684
39163,Ohio,Vinton,5502,168,0.030534351
39165,Ohio,Warren,117267,4335,0.036966922
39167,Ohio,Washington,29840,892,0.029892761
39169,Ohio,Wayne,49853,1624,0.032575773
39171,Ohio,Williams,17308,703,0.040617056
39173,Ohio,Wood,64341,3264,0.050729706
39175,Ohio,Wyandot,10592,437,0.041257553
40001,Oklahoma,Adair,6513,344,0.052817442
40003,Oklahoma,Alfalfa,2258,109,0.048272808
40005,Oklahoma,Atoka,5018,139,0.027700279
40007,Oklahoma,Beaver,2243,74,0.032991529
40009,Oklahoma,Beckham,7552,284,0.037605932
40011,Oklahoma,Blaine,3793,198,0.052201424
40013,Oklahoma,Bryan,13818,536,0.038789984
40015,Oklahoma,Caddo,9348,446,0.04771074
40017,Oklahoma,Canadian,55278,3618,0.065450993
40019,Oklahoma,Carter,18534,780,0.042084817
40021,Oklahoma,Cherokee,16490,1040,0.063068526
40023,Oklahoma,Choctaw,5426,153,0.028197567
40025,Oklahoma,Cimarron,1079,45,0.041705283
40027,Oklahoma,Cleveland,109450,8083,0.073851074
40029,Oklahoma,Coal,2399,90,0.037515632
40031,Oklahoma,Comanche,32564,1918,0.058899398
40033,Oklahoma,Cotton,2602,124,0.04765565
40035,Oklahoma,Craig,5785,250,0.043215212
40037,Oklahoma,Creek,28830,1414,0.049046133
40039,Oklahoma,Custer,10541,611,0.05796414
40041,Oklahoma,Delaware,15716,579,0.036841435
40043,Oklahoma,Dewey,2248,61,0.027135231
40045,Oklahoma,Ellis,1827,61,0.033388068
40047,Oklahoma,Garfield,21710,1304,0.060064486
40049,Oklahoma,Garvin,10546,438,0.041532335
40051,Oklahoma,Grady,22286,1088,0.048819887
40053,Oklahoma,Grant,2201,86,0.039073149
40055,Oklahoma,Greer,1896,91,0.047995781
40057,Oklahoma,Harmon,977,37,0.037871034
40059,Oklahoma,Harper,1499,47,0.031354236
40061,Oklahoma,Haskell,4738,155,0.032714225
40063,Oklahoma,Hughes,4526,177,0.03910738
40065,Oklahoma,Jackson,7806,364,0.046630797
40067,Oklahoma,Jefferson,2350,75,0.031914894
40069,Oklahoma,Johnston,4018,139,0.034594326
40071,Oklahoma,Kay,16803,893,0.053145272
40073,Oklahoma,Kingfisher,6131,189,0.030826945
40075,Oklahoma,Kiowa,3493,130,0.037217292
40077,Oklahoma,Latimer,4056,159,0.039201183
40079,Oklahoma,Le,17221,609,0.0353638
40081,Oklahoma,Lincoln,14025,741,0.052834225
40083,Oklahoma,Logan,18979,1098,0.057853417
40085,Oklahoma,Love,3789,132,0.034837688
40087,Oklahoma,McClain,16858,795,0.047158619
40089,Oklahoma,McCurtain,10726,268,0.024986015
40091,Oklahoma,McIntosh,7963,335,0.042069572
40093,Oklahoma,Major,3407,149,0.04373349
40095,Oklahoma,Marshall,5492,190,0.034595776
40097,Oklahoma,Mayes,15717,739,0.047019151
40099,Oklahoma,Murray,5528,266,0.048118669
40101,Oklahoma,Muskogee,24216,1196,0.049388834
40103,Oklahoma,Noble,4878,262,0.053710537
40105,Oklahoma,Nowata,4237,174,0.041066793
40107,Oklahoma,Okfuskee,3943,200,0.0507228
40109,Oklahoma,Oklahoma,273942,19560,0.071401976
40111,Oklahoma,Okmulgee,13949,620,0.044447631
40113,Oklahoma,Osage,18966,792,0.041758937
40115,Oklahoma,Ottawa,10690,475,0.044434051
40117,Oklahoma,Pawnee,6364,291,0.045725959
40119,Oklahoma,Payne,27760,2321,0.08360951
40121,Oklahoma,Pittsburg,17271,807,0.046725725
40123,Oklahoma,Pontotoc,14831,763,0.051446295
40125,Oklahoma,Pottawatomie,25452,1589,0.062431243
40127,Oklahoma,Pushmataha,4483,154,0.034351996
40129,Oklahoma,Roger,1759,61,0.034678795
40131,Oklahoma,Rogers,40862,2047,0.050095443
40133,Oklahoma,Seminole,8037,353,0.043921861
40135,Oklahoma,Sequoyah,14437,488,0.033802036
40137,Oklahoma,Stephens,17904,636,0.035522788
40139,Oklahoma,Texas,5780,301,0.052076125
40141,Oklahoma,Tillman,2706,105,0.038802661
40143,Oklahoma,Tulsa,247054,14949,0.060509039
40145,Oklahoma,Wagoner,31300,1572,0.050223642
40147,Oklahoma,Washington,22224,1351,0.060790137
40149,Oklahoma,Washita,4631,189,0.04081192
40151,Oklahoma,Woods,3668,199,0.054252999
40153,Oklahoma,Woodward,7595,375,0.049374589
41001,Oregon,Baker,8779,413,0.047044082
41003,Oregon,Benton,48753,2692,0.055217115
41005,Oregon,Clackamas,214039,11053,0.051640122
41007,Oregon,Clatsop,19664,973,0.049481286
41009,Oregon,Columbia,26618,1646,0.061837854
41011,Oregon,Coos,31313,1411,0.045061157
41013,Oregon,Crook,12172,518,0.042556687
41015,Oregon,Curry,12611,498,0.039489335
41017,Oregon,Deschutes,98557,5158,0.052335197
41019,Oregon,Douglas,53521,2413,0.045085107
41021,Oregon,Gilliam,1019,79,0.077526987
41023,Oregon,Grant,4340,209,0.048156682
41025,Oregon,Harney,3974,222,0.05586311
41027,Oregon,Hood,10910,511,0.046837764
41029,Oregon,Jackson,109327,4373,0.039999268
41031,Oregon,Jefferson,9459,493,0.052119674
41033,Oregon,Josephine,44560,1829,0.041045781
41035,Oregon,Klamath,30507,1525,0.049988527
41037,Oregon,Lake,3930,151,0.038422392
41039,Oregon,Lane,191950,8476,0.044157333
41041,Oregon,Lincoln,25256,1130,0.044741844
41043,Oregon,Linn,58719,3431,0.058430832
41045,Oregon,Malheur,10435,427,0.040919981
41047,Oregon,Marion,136840,7058,0.051578486
41049,Oregon,Morrow,4167,238,0.057115431
41051,Oregon,Multnomah,399103,12862,0.03222727
41053,Oregon,Polk,40295,2254,0.055937461
41055,Oregon,Sherman,1017,44,0.043264503
41057,Oregon,Tillamook,13803,760,0.055060494
41059,Oregon,Umatilla,27597,1457,0.052795594
41061,Oregon,Union,12968,673,0.051896977
41063,Oregon,Wallowa,4366,179,0.040998626
41065,Oregon,Wasco,11964,689,0.057589435
41067,Oregon,Washington,269232,15266,0.056702027
41069,Oregon,Wheeler,818,46,0.056234719
41071,Oregon,Yamhill,48753,3074,0.06305253
42001,Pennsylvania,Adams,47990,1251,0.026067931
42003,Pennsylvania,Allegheny,656047,16046,0.024458613
42005,Pennsylvania,Armstrong,31864,685,0.021497615
42007,Pennsylvania,Beaver,84462,2022,0.02393976
42009,Pennsylvania,Bedford,23639,260,0.010998773
42011,Pennsylvania,Berks,184085,5247,0.028503137
42013,Pennsylvania,Blair,55341,1256,0.022695651
42015,Pennsylvania,Bradford,25986,893,0.034364658
42017,Pennsylvania,Bucks,344297,8556,0.024850638
42019,Pennsylvania,Butler,98044,3062,0.031230876
42021,Pennsylvania,Cambria,63585,1270,0.019973264
42023,Pennsylvania,Cameron,2210,53,0.0239819
42025,Pennsylvania,Carbon,28993,691,0.023833339
42027,Pennsylvania,Centre,77307,2644,0.034201301
42029,Pennsylvania,Chester,269321,7930,0.029444418
42031,Pennsylvania,Clarion,17660,469,0.026557191
42033,Pennsylvania,Clearfield,34550,776,0.022460203
42035,Pennsylvania,Clinton,15505,470,0.030312802
42037,Pennsylvania,Columbia,28506,883,0.030975935
42039,Pennsylvania,Crawford,37813,1046,0.027662444
42041,Pennsylvania,Cumberland,123486,3975,0.032189884
42043,Pennsylvania,Dauphin,131783,3498,0.026543636
42045,Pennsylvania,Delaware,299336,5992,0.020017639
42047,Pennsylvania,Elk,14547,401,0.027565821
42049,Pennsylvania,Erie,125037,3871,0.030958836
42051,Pennsylvania,Fayette,54099,853,0.015767389
42053,Pennsylvania,Forest,2419,60,0.024803638
42055,Pennsylvania,Franklin,69731,1712,0.024551491
42057,Pennsylvania,Fulton,6778,93,0.013720862
42059,Pennsylvania,Greene,15868,284,0.017897656
42061,Pennsylvania,Huntingdon,19709,425,0.021563753
42063,Pennsylvania,Indiana,37770,936,0.024781573
42065,Pennsylvania,Jefferson,19478,432,0.022178868
42067,Pennsylvania,Juniata,10545,201,0.019061166
42069,Pennsylvania,Lackawanna,104404,1935,0.018533773
42071,Pennsylvania,Lancaster,241435,8555,0.035433968
42073,Pennsylvania,Lawrence,41076,870,0.021180251
42075,Pennsylvania,Lebanon,62503,1647,0.026350735
42077,Pennsylvania,Lehigh,160993,4027,0.02501351
42079,Pennsylvania,Luzerne,135901,2339,0.017211058
42081,Pennsylvania,Lycoming,51131,1311,0.025640023
42083,Pennsylvania,Mc,16296,408,0.025036819
42085,Pennsylvania,Mercer,52839,1370,0.025927818
42087,Pennsylvania,Mifflin,18605,476,0.02558452
42089,Pennsylvania,Monroe,70066,1502,0.021436931
42091,Pennsylvania,Montgomery,438652,10934,0.024926365
42093,Pennsylvania,Montour,8556,287,0.033543712
42095,Pennsylvania,Northampton,144566,3690,0.025524674
42097,Pennsylvania,Northumberland,36907,931,0.025225567
42099,Pennsylvania,Perry,21158,619,0.029256073
42101,Pennsylvania,Philadelphia,709618,7115,0.010026521
42103,Pennsylvania,Pike,26101,492,0.018849852
42105,Pennsylvania,Potter,7864,165,0.020981689
42107,Pennsylvania,Schuylkill,63385,1414,0.022308117
42109,Pennsylvania,Snyder,16486,455,0.027599175
42111,Pennsylvania,Somerset,36073,678,0.018795221
42113,Pennsylvania,Sullivan,3136,65,0.020727041
42115,Pennsylvania,Susquehanna,18863,568,0.030111859
42117,Pennsylvania,Tioga,18507,548,0.029610418
42119,Pennsylvania,Union,17479,450,0.02574518
42121,Pennsylvania,Venango,23353,733,0.03138783
42123,Pennsylvania,Warren,18606,549,0.029506611
42125,Pennsylvania,Washington,102267,2643,0.025844114
42127,Pennsylvania,Wayne,24018,466,0.019402115
42129,Pennsylvania,Westmoreland,183492,4367,0.023799403
42131,Pennsylvania,Wyoming,13144,323,0.02457395
42133,Pennsylvania,York,208029,6484,0.031168731
44001,Rhode Island,Bristol,25475,943,0.037016683
44003,Rhode Island,Kent,82053,2943,0.035867062
44005,Rhode Island,Newport,41045,1529,0.037251797
44007,Rhode Island,Providence,248474,6772,0.027254361
44009,Rhode Island,Washington,66369,2543,0.038316081
45001,South Carolina,Abbeville,16201,129,0.007962471
45003,South Carolina,Aiken,114804,1798,0.015661475
45005,South Carolina,Allendale,6039,22,0.003642987
45007,South Carolina,Anderson,120161,1592,0.013248891
45009,South Carolina,Bamberg,10523,51,0.004846527
45011,South Carolina,Barnwell,15202,87,0.005722931
45013,South Carolina,Beaufort,118170,2005,0.016967081
45015,South Carolina,Berkeley,123222,2470,0.020045122
45017,South Carolina,Calhoun,11788,105,0.008907363
45019,South Carolina,Charleston,263478,7283,0.027641777
45021,South Carolina,Cherokee,33245,242,0.00727929
45023,South Carolina,Chester,20982,175,0.008340482
45025,South Carolina,Chesterfield,25479,185,0.007260882
45027,South Carolina,Clarendon,24369,127,0.005211539
45029,South Carolina,Colleton,26073,262,0.010048709
45031,South Carolina,Darlington,47776,385,0.008058439
45033,South Carolina,Dillon,16062,79,0.004918441
45035,South Carolina,Dorchester,93349,2050,0.021960599
45037,South Carolina,Edgefield,17564,152,0.008654065
45039,South Carolina,Fairfield,17252,120,0.006955715
45041,South Carolina,Florence,89621,853,0.009517859
45043,South Carolina,Georgetown,49125,498,0.010137405
45045,South Carolina,Greenville,319682,6511,0.020367115
45047,South Carolina,Greenwood,43279,580,0.013401419
45049,South Carolina,Hampton,13510,69,0.005107328
45051,South Carolina,Horry,207210,2276,0.010984026
45053,South Carolina,Jasper,15342,139,0.009060096
45055,South Carolina,Kershaw,43469,560,0.012882744
45057,South Carolina,Lancaster,57674,764,0.01324687
45059,South Carolina,Laurens,36967,373,0.01009008
45061,South Carolina,Lee,13567,63,0.004643621
45063,South Carolina,Lexington,174413,3584,0.020548927
45065,South Carolina,McCormick,7948,47,0.005913437
45067,South Carolina,Marion,21915,103,0.004699977
45069,South Carolina,Marlboro,16465,70,0.004251442
45071,South Carolina,Newberry,23224,313,0.013477437
45073,South Carolina,Oconee,49404,725,0.014674925
45075,South Carolina,Orangeburg,67629,308,0.004554259
45077,South Carolina,Pickens,70698,1194,0.016888738
45079,South Carolina,Richland,256363,3938,0.015361031
45081,South Carolina,Saluda,12270,105,0.008557457
45083,South Carolina,Spartanburg,180380,2443,0.01354363
45085,South Carolina,Sumter,70221,644,0.009171046
45087,South Carolina,Union,16594,137,0.008255996
45089,South Carolina,Williamsburg,25103,84,0.003346214
45091,South Carolina,York,169967,3504,0.020615767
46003,South Dakota,Aurora,1407,74,0.052594172
46005,South Dakota,Beadle,6772,323,0.047696397
46007,South Dakota,Bennett,1149,57,0.049608355
46009,South Dakota,Bon,2974,129,0.043375925
46011,South Dakota,Brookings,12680,881,0.069479495
46013,South Dakota,Brown,16113,915,0.056786446
46015,South Dakota,Brule,2288,125,0.054632867
46017,South Dakota,Buffalo,490,18,0.036734694
46019,South Dakota,Butte,4346,246,0.056603774
46021,South Dakota,Campbell,831,20,0.024067389
46023,South Dakota,Charles,3433,98,0.028546461
46025,South Dakota,Clark,1657,103,0.062160531
46027,South Dakota,Clay,5069,295,0.058196883
46029,South Dakota,Codington,11669,600,0.051418288
46031,South Dakota,Corson,1175,34,0.02893617
46033,South Dakota,Custer,4716,255,0.054071247
46035,South Dakota,Davison,7952,349,0.04388833
46037,South Dakota,Day,2747,116,0.042227885
46039,South Dakota,Deuel,2080,117,0.05625
46041,South Dakota,Dewey,1707,71,0.041593439
46043,South Dakota,Douglas,1605,41,0.025545171
46045,South Dakota,Edmunds,1918,86,0.044838373
46047,South Dakota,Fall,3563,166,0.046589952
46049,South Dakota,Faulk,1118,45,0.040250447
46051,South Dakota,Grant,3562,175,0.049129702
46053,South Dakota,Gregory,2091,78,0.037302726
46055,South Dakota,Haakon,1044,27,0.025862069
46057,South Dakota,Hamlin,2762,124,0.044895004
46059,South Dakota,Hand,1818,76,0.04180418
46061,South Dakota,Hanson,2006,59,0.029411765
46063,South Dakota,Harding,769,31,0.040312094
46065,South Dakota,Hughes,8173,480,0.058729965
46067,South Dakota,Hutchinson,3365,112,0.033283804
46069,South Dakota,Hyde,690,17,0.024637681
46071,South Dakota,Jackson,1095,36,0.032876712
46073,South Dakota,Jerauld,967,36,0.037228542
46075,South Dakota,Jones,558,32,0.05734767
46077,South Dakota,Kingsbury,2551,139,0.054488436
46079,South Dakota,Lake,6786,358,0.052755673
46081,South Dakota,Lawrence,11842,934,0.078871812
46083,South Dakota,Lincoln,25231,1413,0.056002537
46085,South Dakota,Lyman,1421,56,0.039408867
46087,South Dakota,McCook,2587,130,0.050251256
46089,South Dakota,McPherson,1137,43,0.037818821
46091,South Dakota,Marshall,1947,117,0.06009245
46093,South Dakota,Meade,11621,832,0.071594527
46095,South Dakota,Mellette,683,32,0.046852123
46097,South Dakota,Miner,1064,67,0.062969925
46099,South Dakota,Minnehaha,78263,4753,0.060731125
46101,South Dakota,Moody,2930,131,0.044709898
46103,South Dakota,Pennington,47741,3338,0.069918938
46105,South Dakota,Perkins,1606,70,0.04358655
46107,South Dakota,Potter,1335,40,0.029962547
46109,South Dakota,Roberts,3886,164,0.042202779
46111,South Dakota,Sanborn,1123,51,0.045414069
46113,South Dakota,Shannon,2896,104,0.035911602
46115,South Dakota,Spink,2951,143,0.04845815
46117,South Dakota,Stanley,1567,77,0.049138481
46119,South Dakota,Sully,861,40,0.046457607
46121,South Dakota,Todd,2125,96,0.045176471
46123,South Dakota,Tripp,2630,84,0.031939163
46125,South Dakota,Turner,4150,216,0.052048193
46127,South Dakota,Union,7895,312,0.039518683
46129,South Dakota,Walworth,2477,79,0.031893419
46135,South Dakota,Yankton,9616,551,0.057300333
46137,South Dakota,Ziebach,766,28,0.036553525
47001,Tennessee,Anderson,29881,1034,0.034603929
47003,Tennessee,Bedford,15355,306,0.019928362
47005,Tennessee,Benton,6328,83,0.013116308
47007,Tennessee,Bledsoe,4664,95,0.020368782
47009,Tennessee,Blount,52208,1666,0.031910818
47011,Tennessee,Bradley,38666,1098,0.028397041
47013,Tennessee,Campbell,12532,251,0.020028726
47015,Tennessee,Cannon,5314,106,0.019947309
47017,Tennessee,Carroll,10384,181,0.017430663
47019,Tennessee,Carter,21084,409,0.019398596
47021,Tennessee,Cheatham,15924,463,0.029075609
47023,Tennessee,Chester,6507,115,0.017673275
47025,Tennessee,Claiborne,10740,192,0.017877095
47027,Tennessee,Clay,2920,47,0.01609589
47029,Tennessee,Cocke,12126,211,0.017400627
47031,Tennessee,Coffee,19971,517,0.025887537
47033,Tennessee,Crockett,5397,76,0.014081897
47035,Tennessee,Cumberland,26360,471,0.017867982
47037,Tennessee,Davidson,249068,9603,0.038555736
47039,Tennessee,Decatur,4592,70,0.015243902
47041,Tennessee,DeKalb,6955,117,0.01682243
47043,Tennessee,Dickson,18699,489,0.026151131
47045,Tennessee,Dyer,13336,193,0.014472106
47047,Tennessee,Fayette,19394,261,0.01345777
47049,Tennessee,Fentress,7333,107,0.014591572
47051,Tennessee,Franklin,16404,319,0.019446476
47053,Tennessee,Gibson,19547,305,0.015603417
47055,Tennessee,Giles,11137,162,0.014546108
47057,Tennessee,Grainger,8008,130,0.016233766
47059,Tennessee,Greene,23583,481,0.020396048
47061,Tennessee,Grundy,4763,80,0.016796137
47063,Tennessee,Hamblen,20692,443,0.02140924
47065,Tennessee,Hamilton,142408,5443,0.038221167
47067,Tennessee,Hancock,2231,42,0.018825639
47069,Tennessee,Hardeman,9273,84,0.009058557
47071,Tennessee,Hardin,9949,134,0.01346869
47073,Tennessee,Hawkins,20774,397,0.019110426
47075,Tennessee,Haywood,6834,60,0.008779631
47077,Tennessee,Henderson,10217,172,0.016834687
47079,Tennessee,Henry,12945,223,0.017226728
47081,Tennessee,Hickman,7813,161,0.020606681
47083,Tennessee,Houston,3168,88,0.027777778
47085,Tennessee,Humphreys,7153,166,0.023207046
47087,Tennessee,Jackson,4466,62,0.013882669
47089,Tennessee,Jefferson,19072,497,0.026059144
47091,Tennessee,Johnson,6579,102,0.015503876
47093,Tennessee,Knox,180697,7458,0.041273513
47095,Tennessee,Lake,1970,18,0.009137056
47097,Tennessee,Lauderdale,8087,87,0.010758007
47099,Tennessee,Lawrence,15666,271,0.017298608
47101,Tennessee,Lewis,4622,59,0.012765037
47103,Tennessee,Lincoln,13348,231,0.017305963
47105,Tennessee,Loudon,23391,573,0.024496601
47107,Tennessee,McMinn,18755,340,0.018128499
47109,Tennessee,McNairy,10038,150,0.014943216
47111,Tennessee,Macon,7504,91,0.012126866
47113,Tennessee,Madison,38120,660,0.017313746
47115,Tennessee,Marion,10862,221,0.020346161
47117,Tennessee,Marshall,11455,256,0.02234832
47119,Tennessee,Maury,35369,922,0.026068026
47121,Tennessee,Meigs,4320,77,0.017824074
47123,Tennessee,Monroe,17093,345,0.020183701
47125,Tennessee,Montgomery,57620,2337,0.040558834
47127,Tennessee,Moore,2926,71,0.024265208
47129,Tennessee,Morgan,6705,115,0.01715138
47131,Tennessee,Obion,12249,193,0.015756388
47133,Tennessee,Overton,8229,111,0.013488881
47135,Tennessee,Perry,2855,59,0.020665499
47137,Tennessee,Pickett,2615,36,0.01376673
47139,Tennessee,Polk,6520,114,0.017484663
47141,Tennessee,Putnam,27212,757,0.027818609
47143,Tennessee,Rhea,11062,221,0.019978304
47145,Tennessee,Roane,21669,596,0.02750473
47147,Tennessee,Robertson,27113,717,0.026444879
47149,Tennessee,Rutherford,107436,3916,0.036449607
47151,Tennessee,Scott,7123,80,0.011231223
47153,Tennessee,Sequatchie,5694,128,0.022479803
47155,Tennessee,Sevier,36312,915,0.025198282
47157,Tennessee,Shelby,337383,6939,0.02056713
47159,Tennessee,Smith,7436,171,0.022996235
47161,Tennessee,Stewart,5299,147,0.027741083
47163,Tennessee,Sullivan,62278,1793,0.028790263
47165,Tennessee,Sumner,71505,2102,0.029396546
47167,Tennessee,Tipton,23481,485,0.020654998
47169,Tennessee,Trousdale,3160,73,0.023101266
47171,Tennessee,Unicoi,7195,139,0.019318972
47173,Tennessee,Union,6247,108,0.017288298
47175,Tennessee,Van,2419,46,0.019016122
47177,Tennessee,Warren,13612,339,0.024904496
47179,Tennessee,Washington,49750,1468,0.029507538
47181,Tennessee,Wayne,5857,56,0.009561209
47183,Tennessee,Weakley,12184,220,0.018056467
47185,Tennessee,White,9825,149,0.015165394
47187,Tennessee,Williamson,106271,4518,0.04251395
47189,Tennessee,Wilson,56734,1807,0.03185039
48001,Texas,Anderson,16982,308,0.018136851
48003,Texas,Andrews,4944,147,0.02973301
48005,Texas,Angelina,29909,560,0.018723461
48007,Texas,Aransas,10512,238,0.022640791
48009,Texas,Archer,4282,80,0.018682858
48011,Texas,Armstrong,960,18,0.01875
48013,Texas,Atascosa,13673,308,0.022526146
48015,Texas,Austin,12274,248,0.020205312
48017,Texas,Bailey,1793,39,0.021751255
48019,Texas,Bandera,10218,262,0.025641026
48021,Texas,Bastrop,28454,1063,0.037358544
48023,Texas,Baylor,1499,31,0.020680454
48025,Texas,Bee,8485,238,0.028049499
48027,Texas,Bell,94994,3824,0.040255174
48029,Texas,Bexar,589645,20091,0.034073044
48031,Texas,Blanco,5685,180,0.031662269
48033,Texas,Borden,365,3,0.008219178
48035,Texas,Bosque,7823,155,0.019813371
48037,Texas,Bowie,34582,582,0.016829565
48039,Texas,Brazoria,121181,3768,0.031093983
48041,Texas,Brazos,67206,3813,0.056736006
48043,Texas,Brewster,4252,210,0.049388523
48045,Texas,Briscoe,736,14,0.019021739
48047,Texas,Brooks,2596,32,0.012326656
48049,Texas,Brown,14026,253,0.01803793
48051,Texas,Burleson,6960,118,0.016954023
48053,Texas,Burnet,19204,564,0.029368881
48055,Texas,Caldwell,12092,446,0.03688389
48057,Texas,Calhoun,6965,168,0.024120603
48059,Texas,Callahan,5579,107,0.019179064
48061,Texas,Cameron,91951,2231,0.024262923
48063,Texas,Camp,4542,66,0.014531044
48065,Texas,Carson,2961,68,0.022965214
48067,Texas,Cass,12283,144,0.01172352
48069,Texas,Castro,1997,47,0.023535303
48071,Texas,Chambers,16786,385,0.02293578
48073,Texas,Cherokee,16790,305,0.018165575
48075,Texas,Childress,2084,24,0.011516315
48077,Texas,Clay,5018,87,0.017337585
48079,Texas,Cochran,901,29,0.032186459
48081,Texas,Coke,1425,16,0.01122807
48083,Texas,Coleman,3643,53,0.014548449
48085,Texas,Collin,361419,13855,0.038335007
48087,Texas,Collingsworth,1156,22,0.019031142
48089,Texas,Colorado,8513,144,0.016915306
48091,Texas,Comal,62178,2068,0.033259352
48093,Texas,Comanche,5237,88,0.016803513
48095,Texas,Concho,1068,27,0.025280899
48097,Texas,Cooke,15951,317,0.019873362
48099,Texas,Coryell,18253,704,0.038569002
48101,Texas,Cottle,610,12,0.019672131
48103,Texas,Crane,1384,28,0.020231214
48105,Texas,Crockett,1395,39,0.027956989
48107,Texas,Crosby,1728,60,0.034722222
48109,Texas,Culberson,767,23,0.029986962
48111,Texas,Dallam,1544,46,0.029792746
48113,Texas,Dallas,758973,24025,0.031654617
48115,Texas,Dawson,3563,80,0.022452989
48117,Texas,Deaf,4216,91,0.02158444
48119,Texas,Delta,2281,36,0.015782552
48121,Texas,Denton,298645,11583,0.03878518
48123,Texas,DeWitt,6844,124,0.01811806
48125,Texas,Dickens,909,23,0.02530253
48127,Texas,Dimmit,3225,57,0.017674419
48129,Texas,Donley,1465,40,0.027303754
48131,Texas,Duval,4168,49,0.011756238
48133,Texas,Eastland,6963,120,0.017233951
48135,Texas,Ector,36530,1009,0.027621133
48137,Texas,Edwards,1073,17,0.01584343
48139,Texas,Ellis,63673,1747,0.027437061
48141,Texas,El,214008,7607,0.0355454
48143,Texas,Erath,13893,378,0.027207946
48145,Texas,Falls,5248,90,0.01714939
48147,Texas,Fannin,12021,267,0.022211131
48149,Texas,Fayette,11062,209,0.018893509
48151,Texas,Fisher,1729,44,0.025448236
48153,Texas,Floyd,1959,47,0.023991833
48155,Texas,Foard,513,14,0.027290448
48157,Texas,Fort,262066,6907,0.026355956
48159,Texas,Franklin,4378,96,0.021927821
48161,Texas,Freestone,7684,139,0.018089537
48163,Texas,Frio,4400,76,0.017272727
48165,Texas,Gaines,4620,85,0.018398268
48167,Texas,Galveston,122903,4045,0.032912134
48169,Texas,Garza,1484,21,0.014150943
48171,Texas,Gillespie,13214,333,0.025200545
48173,Texas,Glasscock,604,13,0.021523179
48175,Texas,Goliad,3708,101,0.027238403
48177,Texas,Gonzales,6334,129,0.020366277
48179,Texas,Gray,7405,144,0.01944632
48181,Texas,Grayson,47416,1258,0.026531129
48183,Texas,Gregg,41749,903,0.021629261
48185,Texas,Grimes,9533,219,0.022972831
48187,Texas,Guadalupe,57822,2022,0.034969389
48189,Texas,Hale,8858,324,0.036577105
48191,Texas,Hall,1091,34,0.03116407
48193,Texas,Hamilton,3620,64,0.017679558
48195,Texas,Hansford,1947,37,0.019003595
48197,Texas,Hardeman,1513,48,0.03172505
48199,Texas,Hardin,22780,353,0.015496049
48201,Texas,Harris,1312112,39781,0.030318296
48203,Texas,Harrison,26548,449,0.016912762
48205,Texas,Hartley,1948,43,0.022073922
48207,Texas,Haskell,1770,42,0.023728814
48209,Texas,Hays,72164,3630,0.05030209
48211,Texas,Hemphill,1695,44,0.025958702
48213,Texas,Henderson,30045,535,0.017806623
48215,Texas,Hidalgo,173437,3788,0.021840784
48217,Texas,Hill,12970,256,0.019737857
48219,Texas,Hockley,7282,200,0.027464982
48221,Texas,Hood,26262,641,0.02440789
48223,Texas,Hopkins,13538,220,0.016250554
48225,Texas,Houston,8353,90,0.010774572
48227,Texas,Howard,8719,232,0.026608556
48229,Texas,Hudspeth,871,38,0.043628014
48231,Texas,Hunt,31554,862,0.027318248
48233,Texas,Hutchinson,8155,210,0.025751073
48235,Texas,Irion,766,9,0.011749347
48237,Texas,Jack,3350,42,0.012537313
48239,Texas,Jackson,5302,78,0.01471143
48241,Texas,Jasper,13376,154,0.011513158
48243,Texas,Jeff,1190,42,0.035294118
48245,Texas,Jefferson,87618,1714,0.01956219
48247,Texas,Jim,2119,42,0.01982067
48249,Texas,Jim,12361,207,0.016746218
48251,Texas,Johnson,57606,1605,0.027861681
48253,Texas,Jones,5960,162,0.027181208
48255,Texas,Karnes,4198,70,0.016674607
48257,Texas,Kaufman,41265,983,0.023821641
48259,Texas,Kendall,20120,555,0.027584493
48261,Texas,Kenedy,186,3,0.016129032
48263,Texas,Kent,434,14,0.032258065
48265,Texas,Kerr,23297,657,0.028201056
48267,Texas,Kimble,1952,37,0.018954918
48269,Texas,King,159,5,0.031446541
48271,Texas,Kinney,1430,25,0.017482517
48273,Texas,Kleberg,9506,314,0.033031769
48275,Texas,Knox,1367,28,0.020482809
48277,Texas,Lamar,18611,343,0.018429961
48279,Texas,Lamb,3925,87,0.022165605
48281,Texas,Lampasas,8205,253,0.030834857
48283,Texas,La,2057,43,0.020904229
48285,Texas,Lavaca,8661,112,0.012931532
48287,Texas,Lee,6535,126,0.019280796
48289,Texas,Leon,7439,94,0.012636107
48291,Texas,Liberty,24267,364,0.014999794
48293,Texas,Limestone,7739,128,0.016539605
48295,Texas,Lipscomb,1332,25,0.018768769
48297,Texas,Live,4302,65,0.015109252
48299,Texas,Llano,10447,205,0.019622858
48301,Texas,Loving,64,1,0.015625
48303,Texas,Lubbock,99013,3917,0.039560462
48305,Texas,Lynn,2009,41,0.020408163
48307,Texas,McCulloch,3103,51,0.016435707
48309,Texas,McLennan,79075,2492,0.031514385
48311,Texas,McMullen,499,2,0.004008016
48313,Texas,Madison,4289,45,0.010491956
48315,Texas,Marion,4238,71,0.016753185
48317,Texas,Martin,1762,31,0.017593644
48319,Texas,Mason,2057,37,0.01798736
48321,Texas,Matagorda,12196,239,0.019596589
48323,Texas,Maverick,13588,266,0.019576097
48325,Texas,Medina,17246,403,0.023367737
48327,Texas,Menard,864,25,0.028935185
48329,Texas,Midland,49212,1667,0.033873852
48331,Texas,Milam,8664,178,0.020544783
48333,Texas,Mills,2245,41,0.018262806
48335,Texas,Mitchell,2196,50,0.02276867
48337,Texas,Montague,8604,170,0.019758252
48339,Texas,Montgomery,204632,6142,0.030014856
48341,Texas,Moore,5284,166,0.031415594
48343,Texas,Morris,4970,77,0.015492958
48345,Texas,Motley,615,9,0.014634146
48347,Texas,Nacogdoches,22622,702,0.031031739
48349,Texas,Navarro,16433,343,0.020872634
48351,Texas,Newton,5534,66,0.011926274
48353,Texas,Nolan,4857,142,0.029236154
48355,Texas,Nueces,104405,3324,0.031837556
48357,Texas,Ochiltree,3002,75,0.024983344
48359,Texas,Oldham,948,14,0.014767932
48361,Texas,Orange,32000,550,0.0171875
48363,Texas,Palo,10270,210,0.020447907
48365,Texas,Panola,10416,109,0.01046467
48367,Texas,Parker,56817,1439,0.025326927
48369,Texas,Parmer,2461,55,0.022348639
48371,Texas,Pecos,4184,126,0.030114723
48373,Texas,Polk,19852,367,0.018486802
48375,Texas,Potter,28651,1028,0.035880074
48377,Texas,Presidio,2020,64,0.031683168
48379,Texas,Rains,4701,80,0.017017656
48381,Texas,Randall,54305,1872,0.034471964
48383,Texas,Reagan,904,22,0.024336283
48385,Texas,Real,1681,28,0.016656752
48387,Texas,Red,5161,67,0.01298198
48389,Texas,Reeves,3184,98,0.030778894
48391,Texas,Refugio,2948,71,0.024084125
48393,Texas,Roberts,554,6,0.010830325
48395,Texas,Robertson,7035,125,0.017768301
48397,Texas,Rockwall,39859,1293,0.032439349
48399,Texas,Runnels,3782,60,0.015864622
48401,Texas,Rusk,18994,333,0.017531852
48403,Texas,Sabine,4645,27,0.005812702
48405,Texas,San,3569,30,0.008405716
48407,Texas,San,10343,170,0.016436237
48409,Texas,San,21656,573,0.02645918
48411,Texas,San,2357,32,0.01357658
48413,Texas,Schleicher,1058,24,0.02268431
48415,Texas,Scurry,5289,103,0.019474381
48417,Texas,Shackelford,1504,21,0.013962766
48419,Texas,Shelby,9086,123,0.01353731
48421,Texas,Sherman,934,27,0.028907923
48423,Texas,Smith,84768,2076,0.024490374
48425,Texas,Somervell,3896,107,0.027464066
48427,Texas,Starr,11740,159,0.013543441
48429,Texas,Stephens,3461,65,0.018780699
48431,Texas,Sterling,633,9,0.014218009
48433,Texas,Stonewall,701,10,0.014265335
48435,Texas,Sutton,1416,22,0.015536723
48437,Texas,Swisher,2204,51,0.023139746
48439,Texas,Tarrant,668514,23775,0.035563952
48441,Texas,Taylor,45759,1763,0.03852794
48443,Texas,Terrell,437,10,0.022883295
48445,Texas,Terry,3355,112,0.03338301
48447,Texas,Throckmorton,808,7,0.008663366
48449,Texas,Titus,9419,191,0.020278161
48451,Texas,Tom,38479,1402,0.036435458
48453,Texas,Travis,468720,21958,0.046846732
48455,Texas,Trinity,5935,80,0.01347936
48457,Texas,Tyler,8016,103,0.012849301
48459,Texas,Upshur,16013,283,0.017673141
48461,Texas,Upton,1347,49,0.036377134
48463,Texas,Uvalde,8964,191,0.021307452
48465,Texas,Val,13535,569,0.042039158
48467,Texas,Van,21890,385,0.01758794
48469,Texas,Victoria,31123,782,0.025126113
48471,Texas,Walker,19796,560,0.028288543
48473,Texas,Waller,16784,342,0.020376549
48475,Texas,Ward,3445,82,0.023802612
48477,Texas,Washington,14828,352,0.023738872
48479,Texas,Webb,56905,1033,0.018153062
48481,Texas,Wharton,14732,269,0.018259571
48483,Texas,Wheeler,2306,21,0.009106678
48485,Texas,Wichita,38119,1308,0.034313597
48487,Texas,Wilbarger,4105,115,0.028014616
48489,Texas,Willacy,5095,94,0.01844946
48491,Texas,Williamson,203081,10229,0.050369065
48493,Texas,Wilson,19432,392,0.020172911
48495,Texas,Winkler,1876,49,0.026119403
48497,Texas,Wise,24776,505,0.020382628
48499,Texas,Wood,18727,280,0.014951674
48501,Texas,Yoakum,2303,73,0.031697785
48503,Texas,Young,7707,180,0.023355391
48505,Texas,Zapata,3142,34,0.010821133
48507,Texas,Zavala,3390,49,0.014454277
49001,Utah,Beaver,2505,36,0.014371257
49003,Utah,Box,19878,591,0.029731361
49005,Utah,Cache,48152,1754,0.036426317
49007,Utah,Carbon,7999,191,0.023877985
49009,Utah,Daggett,612,27,0.044117647
49011,Utah,Davis,140277,5390,0.038423975
49013,Utah,Duchesne,6988,107,0.015311963
49015,Utah,Emery,4290,70,0.016317016
49017,Utah,Garfield,2363,61,0.025814642
49019,Utah,Grand,4601,180,0.03912193
49021,Utah,Iron,17831,540,0.030284336
49023,Utah,Juab,4221,72,0.017057569
49025,Utah,Kane,3538,86,0.024307518
49027,Utah,Millard,5267,108,0.020505031
49029,Utah,Morgan,5222,142,0.027192646
49031,Utah,Piute,730,11,0.015068493
49033,Utah,Rich,1118,21,0.018783542
49035,Utah,Salt,423743,16306,0.038480872
49037,Utah,San,5534,165,0.029815685
49039,Utah,Sanpete,10247,186,0.018151654
49041,Utah,Sevier,8695,175,0.020126509
49043,Utah,Summit,20885,756,0.036198228
49045,Utah,Tooele,21992,783,0.035603856
49047,Utah,Uintah,12864,275,0.021377488
49049,Utah,Utah,203644,6437,0.031609083
49051,Utah,Wasatch,12266,409,0.033344203
49053,Utah,Washington,62441,1473,0.023590269
49055,Utah,Wayne,2004,24,0.011976048
49057,Utah,Weber,86006,3371,0.03919494
50001,Vermont,Addison,19031,639,0.033576796
50003,Vermont,Bennington,17381,478,0.027501295
50005,Vermont,Caledonia,14074,578,0.041068637
50007,Vermont,Chittenden,83268,2469,0.029651247
50009,Vermont,Essex,2925,121,0.041367521
50011,Vermont,Franklin,21411,836,0.039045351
50013,Vermont,Grand,4109,131,0.031881236
50015,Vermont,Lamoille,12762,457,0.035809434
50017,Vermont,Orange,14649,513,0.035019455
50019,Vermont,Orleans,12046,398,0.033040013
50021,Vermont,Rutland,29615,946,0.031943272
50023,Vermont,Washington,31086,999,0.032136653
50025,Vermont,Windham,22634,582,0.025713528
50027,Vermont,Windsor,29928,931,0.031107993
51001,Virginia,Accomack,15818,264,0.016689847
51003,Virginia,Albemarle,56726,2105,0.037108204
51005,Virginia,Alleghany,7325,164,0.022389078
51007,Virginia,Amelia,7040,129,0.018323864
51009,Virginia,Amherst,15396,317,0.020589764
51011,Virginia,Appomattox,8011,136,0.016976657
51013,Virginia,Arlington,121356,3827,0.031535318
51015,Virginia,Augusta,36343,1099,0.030239661
51017,Virginia,Bath,2253,56,0.024855748
51019,Virginia,Bedford,42525,1074,0.025255732
51021,Virginia,Bland,3139,61,0.01943294
51023,Virginia,Botetourt,18739,497,0.026522226
51025,Virginia,Brunswick,7669,72,0.009388447
51027,Virginia,Buchanan,9247,122,0.013193468
51029,Virginia,Buckingham,7295,102,0.01398218
51031,Virginia,Campbell,27535,665,0.02415108
51033,Virginia,Caroline,14863,368,0.02475947
51035,Virginia,Carroll,13668,220,0.016095991
51036,Virginia,Charles,4107,67,0.016313611
51037,Virginia,Charlotte,5808,111,0.01911157
51041,Virginia,Chesterfield,176461,6247,0.03540159
51043,Virginia,Clarke,8213,261,0.031778887
51045,Virginia,Craig,2794,54,0.01932713
51047,Virginia,Culpeper,22218,584,0.026284994
51049,Virginia,Cumberland,4906,95,0.019364044
51051,Virginia,Dickenson,6440,81,0.01257764
51053,Virginia,Dinwiddie,13575,196,0.014438306
51057,Virginia,Essex,5408,113,0.02089497
51059,Virginia,Fairfax,551183,15664,0.028418874
51061,Virginia,Fauquier,37467,1191,0.031787973
51063,Virginia,Floyd,8051,185,0.022978512
51065,Virginia,Fluvanna,13597,425,0.031256895
51067,Virginia,Franklin,26971,602,0.02232027
51069,Virginia,Frederick,40440,1280,0.03165183
51071,Virginia,Giles,8212,201,0.024476376
51073,Virginia,Gloucester,19619,693,0.035322901
51075,Virginia,Goochland,14037,474,0.033767899
51077,Virginia,Grayson,7285,110,0.01509952
51079,Virginia,Greene,9608,406,0.042256453
51081,Virginia,Greensville,4363,50,0.011460005
51083,Virginia,Halifax,17001,237,0.013940356
51085,Virginia,Hanover,62753,2310,0.036810989
51087,Virginia,Henrico,163654,5657,0.03456683
51089,Virginia,Henry,24106,378,0.015680743
51091,Virginia,Highland,1391,33,0.02372394
51093,Virginia,Isle,21075,589,0.027947805
51095,Virginia,James,43173,1395,0.032311862
51097,Virginia,King,3697,75,0.020286719
51099,Virginia,King,12059,367,0.030433701
51101,Virginia,King,9161,261,0.028490339
51103,Virginia,Lancaster,6645,141,0.021218962
51105,Virginia,Lee,9399,106,0.011277796
51107,Virginia,Loudoun,183097,5674,0.030989039
51109,Virginia,Louisa,17631,505,0.028642732
51111,Virginia,Lunenburg,5586,88,0.01575367
51113,Virginia,Madison,6979,184,0.026364809
51115,Virginia,Mathews,5311,147,0.027678403
51117,Virginia,Mecklenburg,14945,239,0.015991971
51119,Virginia,Middlesex,6017,140,0.023267409
51121,Virginia,Montgomery,43031,2026,0.047082336
51125,Virginia,Nelson,8318,244,0.029333975
51127,Virginia,New,12242,348,0.028426728
51131,Virginia,Northampton,6172,116,0.018794556
51133,Virginia,Northumberland,7398,136,0.018383347
51135,Virginia,Nottoway,6744,116,0.017200474
51137,Virginia,Orange,17270,399,0.023103648
51139,Virginia,Page,10740,198,0.018435754
51141,Virginia,Patrick,8525,147,0.017243402
51143,Virginia,Pittsylvania,31598,442,0.013988227
51145,Virginia,Powhatan,16900,639,0.037810651
51147,Virginia,Prince,9143,286,0.031280761
51149,Virginia,Prince,16184,374,0.023109244
51153,Virginia,Prince,196538,5374,0.027343313
51155,Virginia,Pulaski,15167,351,0.023142349
51157,Virginia,Rappahannock,4483,93,0.020745037
51159,Virginia,Richmond,3661,57,0.015569517
51161,Virginia,Roanoke,51489,1620,0.031463031
51163,Virginia,Rockbridge,10795,271,0.025104215
51165,Virginia,Rockingham,37487,1088,0.029023395
51167,Virginia,Russell,12246,190,0.01551527
51169,Virginia,Scott,10100,142,0.014059406
51171,Virginia,Shenandoah,20513,556,0.027104763
51173,Virginia,Smyth,12890,258,0.020015516
51175,Virginia,Southampton,8878,156,0.017571525
51177,Virginia,Spotsylvania,62562,1910,0.030529715
51179,Virginia,Stafford,65934,2140,0.032456699
51181,Virginia,Surry,4228,81,0.019157994
51183,Virginia,Sussex,5044,63,0.012490087
51185,Virginia,Tazewell,18566,260,0.014004094
51187,Virginia,Warren,17960,495,0.027561247
51191,Virginia,Washington,25847,537,0.020776106
51193,Virginia,Westmoreland,8574,157,0.018311173
51195,Virginia,Wise,15163,182,0.012002902
51197,Virginia,Wythe,13343,285,0.021359514
51199,Virginia,York,34118,1186,0.034761709
51510,Virginia,Alexandria,75770,2020,0.026659628
51520,Virginia,Bristol,7032,136,0.019340159
51530,Virginia,Buena,2407,83,0.034482759
51540,Virginia,Charlottesville,22472,785,0.03493236
51550,Virginia,Chesapeake,112705,3458,0.030681869
51570,Virginia,Colonial,8457,247,0.029206574
51580,Virginia,Covington,2382,73,0.030646516
51590,Virginia,Danville,18952,315,0.016620937
51595,Virginia,Emporia,2367,26,0.010984368
51600,Virginia,Fairfax,12030,427,0.035494597
51610,Virginia,Falls,7757,237,0.030553049
51620,Virginia,Franklin,4070,72,0.017690418
51630,Virginia,Fredericksburg,11264,389,0.034534801
51640,Virginia,Galax,2376,45,0.018939394
51650,Virginia,Hampton,62356,1658,0.026589262
51660,Virginia,Harrisonburg,17993,810,0.045017507
51670,Virginia,Hopewell,9008,212,0.023534636
51678,Virginia,Lexington,2465,92,0.037322515
51680,Virginia,Lynchburg,35671,1379,0.038658855
51683,Virginia,Manassas,15411,488,0.031665693
51685,Virginia,Manassas,5232,162,0.030963303
51690,Virginia,Martinsville,5907,114,0.019299137
51700,Virginia,Newport,75715,2531,0.033427987
51710,Virginia,Norfolk,83388,2717,0.032582626
51720,Virginia,Norton,1460,24,0.016438356
51730,Virginia,Petersburg,13786,139,0.010082693
51735,Virginia,Poquoson,7177,307,0.042775533
51740,Virginia,Portsmouth,43265,1096,0.025332255
51750,Virginia,Radford,6085,301,0.0494659
51760,Virginia,Richmond,103484,3617,0.034952263
51770,Virginia,Roanoke,39466,1316,0.033345158
51775,Virginia,Salem,12225,442,0.036155419
51790,Virginia,Staunton,11255,419,0.037227899
51800,Virginia,Suffolk,43240,1098,0.025393154
51810,Virginia,Virginia,203262,8255,0.040612608
51820,Virginia,Waynesboro,9204,336,0.036505867
51830,Virginia,Williamsburg,7626,231,0.030291109
51840,Virginia,Winchester,10667,400,0.037498828
53001,Washington,Adams,4782,183,0.038268507
53003,Washington,Asotin,9974,624,0.062562663
53005,Washington,Benton,83558,4812,0.057588741
53007,Washington,Chelan,33656,1472,0.043736629
53009,Washington,Clallam,40533,1838,0.045345768
53011,Washington,Clark,208485,10076,0.048329616
53013,Washington,Columbia,2229,109,0.048900852
53015,Washington,Cowlitz,46432,2298,0.04949173
53017,Washington,Douglas,15901,714,0.044902836
53019,Washington,Ferry,3687,191,0.051803634
53021,Washington,Franklin,24289,1137,0.046811314
53023,Washington,Garfield,1200,84,0.07
53025,Washington,Grant,29258,1387,0.047405838
53027,Washington,Grays,29290,1442,0.04923182
53029,Washington,Island,44273,2319,0.052379554
53031,Washington,Jefferson,20879,746,0.035729681
53033,Washington,King,1028450,40861,0.039730663
53035,Washington,Kitsap,128770,8596,0.066754679
53037,Washington,Kittitas,19615,908,0.046291104
53039,Washington,Klickitat,11074,463,0.041809644
53041,Washington,Lewis,34853,1652,0.047399076
53043,Washington,Lincoln,5861,252,0.042996076
53045,Washington,Mason,29003,1560,0.053787539
53047,Washington,Okanogan,17422,712,0.040867868
53049,Washington,Pacific,10945,435,0.039744175
53051,Washington,Pend,7016,323,0.046037628
53053,Washington,Pierce,359983,19906,0.055297056
53055,Washington,San,11134,402,0.036105622
53057,Washington,Skagit,57423,3068,0.053428069
53059,Washington,Skamania,5829,285,0.048893464
53061,Washington,Snohomish,354723,19346,0.05453833
53063,Washington,Spokane,236050,13227,0.056034738
53065,Washington,Stevens,23395,1134,0.048471896
53067,Washington,Thurston,134170,7306,0.054453306
53069,Washington,Wahkiakum,2429,111,0.045697818
53071,Washington,Walla,26151,1431,0.054720661
53073,Washington,Whatcom,113339,4837,0.042677278
53075,Washington,Whitman,17940,1225,0.068283166
53077,Washington,Yakima,79721,3260,0.040892613
54001,West Virginia,Barbour,6054,214,0.03534853
54003,West Virginia,Berkeley,42850,1623,0.037876313
54005,West Virginia,Boone,8683,246,0.028331222
54007,West Virginia,Braxton,5090,157,0.030844794
54009,West Virginia,Brooke,9613,297,0.030895662
54011,West Virginia,Cabell,33085,1209,0.03654224
54013,West Virginia,Calhoun,2617,63,0.024073366
54015,West Virginia,Clay,2972,60,0.020188425
54017,West Virginia,Doddridge,2840,65,0.022887324
54019,West Virginia,Fayette,15337,443,0.028884397
54021,West Virginia,Gilmer,2543,68,0.026740071
54023,West Virginia,Grant,4956,65,0.013115416
54025,West Virginia,Greenbrier,14066,475,0.033769373
54027,West Virginia,Hampshire,8608,196,0.022769517
54029,West Virginia,Hancock,12702,370,0.029129271
54031,West Virginia,Hardy,5643,140,0.024809498
54033,West Virginia,Harrison,27960,1041,0.03723176
54035,West Virginia,Jackson,12187,305,0.025026668
54037,West Virginia,Jefferson,24147,1005,0.041620077
54039,West Virginia,Kanawha,75690,2494,0.032950192
54041,West Virginia,Lewis,6928,209,0.030167436
54043,West Virginia,Lincoln,7066,191,0.027030852
54045,West Virginia,Logan,12359,237,0.019176309
54047,West Virginia,McDowell,6203,90,0.014509108
54049,West Virginia,Marion,22999,898,0.039045176
54051,West Virginia,Marshall,13216,418,0.031628329
54053,West Virginia,Mason,10186,276,0.027096014
54055,West Virginia,Mercer,22982,552,0.024018797
54057,West Virginia,Mineral,11564,282,0.024386026
54059,West Virginia,Mingo,9510,145,0.015247108
54061,West Virginia,Monongalia,36048,1827,0.050682423
54063,West Virginia,Monroe,5805,149,0.025667528
54065,West Virginia,Morgan,7654,208,0.027175333
54067,West Virginia,Nicholas,9491,283,0.029817722
54069,West Virginia,Ohio,17938,748,0.041699186
54071,West Virginia,Pendleton,3225,73,0.022635659
54073,West Virginia,Pleasants,3150,123,0.039047619
54075,West Virginia,Pocahontas,3646,150,0.041140976
54077,West Virginia,Preston,12659,429,0.033888933
54079,West Virginia,Putnam,24893,823,0.033061503
54081,West Virginia,Raleigh,29618,687,0.023195354
54083,West Virginia,Randolph,10876,339,0.031169548
54085,West Virginia,Ritchie,4075,105,0.025766871
54087,West Virginia,Roane,5247,143,0.027253669
54089,West Virginia,Summers,4862,137,0.028177705
54091,West Virginia,Taylor,6538,194,0.029672683
54093,West Virginia,Tucker,3475,103,0.029640288
54095,West Virginia,Tyler,3654,103,0.028188287
54097,West Virginia,Upshur,9218,310,0.033629855
54099,West Virginia,Wayne,15182,421,0.027730207
54101,West Virginia,Webster,2978,82,0.027535259
54103,West Virginia,Wetzel,6265,245,0.039106145
54105,West Virginia,Wirt,2422,84,0.034682081
54107,West Virginia,Wood,35615,1266,0.03554682
54109,West Virginia,Wyoming,7831,137,0.017494573
55001,Wisconsin,Adams,10164,207,0.020365998
55003,Wisconsin,Ashland,8029,192,0.023913314
55005,Wisconsin,Barron,22643,727,0.032107053
55007,Wisconsin,Bayfield,9529,197,0.020673733
55009,Wisconsin,Brown,128979,4984,0.038641949
55011,Wisconsin,Buffalo,6988,218,0.031196337
55013,Wisconsin,Burnett,8743,236,0.026993023
55015,Wisconsin,Calumet,26650,1053,0.039512195
55017,Wisconsin,Chippewa,31561,1220,0.038655302
55019,Wisconsin,Clark,13596,455,0.033465725
55021,Wisconsin,Columbia,29771,1092,0.036679991
55023,Wisconsin,Crawford,7744,277,0.035769628
55025,Wisconsin,Dane,310017,10544,0.034011038
55027,Wisconsin,Dodge,43065,1539,0.035736677
55029,Wisconsin,Door,17608,558,0.031690141
55031,Wisconsin,Douglas,22511,723,0.032117631
55033,Wisconsin,Dunn,22091,1094,0.04952243
55035,Wisconsin,Eau,54885,2496,0.045476906
55037,Wisconsin,Florence,2657,64,0.024087317
55039,Wisconsin,Fond,51327,1910,0.037212383
55041,Wisconsin,Forest,4540,80,0.017621145
55043,Wisconsin,Grant,24321,1159,0.047654291
55045,Wisconsin,Green,18985,687,0.036186463
55047,Wisconsin,Green,9388,274,0.029186195
55049,Wisconsin,Iowa,12260,456,0.037194127
55051,Wisconsin,Iron,3497,72,0.020589076
55053,Wisconsin,Jackson,9272,300,0.032355479
55055,Wisconsin,Jefferson,43146,1660,0.038474018
55057,Wisconsin,Juneau,11732,280,0.023866348
55059,Wisconsin,Kenosha,77076,2719,0.03527687
55061,Wisconsin,Kewaunee,10758,348,0.03234802
55063,Wisconsin,La,62968,2673,0.042450133
55065,Wisconsin,Lafayette,7662,238,0.031062386
55067,Wisconsin,Langlade,10132,279,0.027536518
55069,Wisconsin,Lincoln,14706,596,0.040527676
55071,Wisconsin,Manitowoc,40346,1558,0.038615972
55073,Wisconsin,Marathon,69515,2330,0.033517946
55075,Wisconsin,Marinette,20046,520,0.025940337
55077,Wisconsin,Marquette,7893,187,0.023691879
55078,Wisconsin,Menominee,1279,0,0
55079,Wisconsin,Milwaukee,440247,13590,0.030869035
55081,Wisconsin,Monroe,19670,701,0.035638027
55083,Wisconsin,Oconto,19978,581,0.02908199
55085,Wisconsin,Oneida,21033,751,0.035705796
55087,Wisconsin,Outagamie,93868,3931,0.041877956
55089,Wisconsin,Ozaukee,54523,2110,0.038699265
55091,Wisconsin,Pepin,3739,115,0.030756887
55093,Wisconsin,Pierce,21189,1044,0.049270848
55095,Wisconsin,Polk,22749,886,0.038946767
55097,Wisconsin,Portage,38496,1490,0.03870532
55099,Wisconsin,Price,7577,200,0.026395671
55101,Wisconsin,Racine,94133,3248,0.034504371
55103,Wisconsin,Richland,8055,242,0.030043451
55105,Wisconsin,Rock,76068,2859,0.037584793
55107,Wisconsin,Rusk,7087,197,0.027797375
55109,Wisconsin,St.,47508,2338,0.049212764
55111,Wisconsin,Sauk,31318,1106,0.035315154
55113,Wisconsin,Sawyer,9121,210,0.023023791
55115,Wisconsin,Shawano,19751,608,0.030783251
55117,Wisconsin,Sheboygan,59655,2376,0.039829017
55119,Wisconsin,Taylor,9484,293,0.030894137
55121,Wisconsin,Trempealeau,13675,384,0.028080439
55123,Wisconsin,Vernon,14213,447,0.031450081
55125,Wisconsin,Vilas,13612,340,0.024977961
55127,Wisconsin,Walworth,51324,2118,0.041267243
55129,Wisconsin,Washburn,9148,271,0.029623962
55131,Wisconsin,Washington,78003,2745,0.035190954
55133,Wisconsin,Waukesha,239042,8891,0.037194301
55135,Wisconsin,Waupaca,26024,800,0.030740855
55137,Wisconsin,Waushara,11999,326,0.027168931
55139,Wisconsin,Winnebago,87144,3820,0.043835491
55141,Wisconsin,Wood,37800,1365,0.036111111
56001,Wyoming,Albany,17060,1391,0.081535756
56003,Wyoming,Big,5317,242,0.045514388
56005,Wyoming,Campbell,18199,653,0.035881092
56007,Wyoming,Carbon,6374,381,0.059774082
56009,Wyoming,Converse,6654,251,0.037721671
56011,Wyoming,Crook,3826,118,0.03084161
56013,Wyoming,Fremont,17023,773,0.045409152
56015,Wyoming,Goshen,5796,234,0.040372671
56017,Wyoming,Hot,2586,136,0.052590874
56019,Wyoming,Johnson,4417,174,0.039393253
56021,Wyoming,Laramie,40969,2657,0.064853914
56023,Wyoming,Lincoln,8875,331,0.037295775
56025,Wyoming,Natrona,33348,1791,0.053706369
56027,Wyoming,Niobrara,1314,49,0.037290715
56029,Wyoming,Park,15095,625,0.041404439
56031,Wyoming,Platte,4529,180,0.039743873
56033,Wyoming,Sheridan,14510,729,0.050241213
56035,Wyoming,Sublette,4390,169,0.038496583
56037,Wyoming,Sweetwater,17130,928,0.054173964
56039,Wyoming,Teton,12627,701,0.055515958
56041,Wyoming,Uinta,8470,472,0.055726092
56043,Wyoming,Washakie,3814,194,0.050865233
56045,Wyoming,Weston,3526,108,0.030629609