county_fips,State Name,County Name,2020 Population,Adherents,Congregations,religious_adherents,religious_congregations
1001,Alabama,Autauga County,58805,30249,110,0.514395034,0.001870589
1003,Alabama,Baldwin County,231767,124351,285,0.536534537,0.001229683
1005,Alabama,Barbour County,25223,17330,93,0.687071324,0.003687111
1007,Alabama,Bibb County,22293,10887,81,0.488359575,0.003633428
1009,Alabama,Blount County,59134,33895,145,0.573189705,0.002452058
1011,Alabama,Bullock County,10357,4894,43,0.472530656,0.004151781
1013,Alabama,Butler County,19051,11645,89,0.611254002,0.004671671
1015,Alabama,Calhoun County,116441,83651,286,0.718398159,0.00245618
1017,Alabama,Chambers County,34772,19381,120,0.557373749,0.003451053
1019,Alabama,Cherokee County,24971,12551,89,0.502623043,0.003564134
1021,Alabama,Chilton County,45014,33161,133,0.736681921,0.002954636
1023,Alabama,Choctaw County,12665,7787,76,0.614844058,0.00600079
1025,Alabama,Clarke County,23087,17471,112,0.756746221,0.004851215
1027,Alabama,Clay County,14236,9775,71,0.686639505,0.004987356
1029,Alabama,Cleburne County,15056,11829,66,0.785666844,0.004383634
1031,Alabama,Coffee County,53465,37072,126,0.693388198,0.002356682
1033,Alabama,Colbert County,57227,34511,142,0.603054502,0.002481346
1035,Alabama,Conecuh County,11597,5043,56,0.434853842,0.004828835
1037,Alabama,Coosa County,10387,4901,38,0.4718398,0.003658419
1039,Alabama,Covington County,37570,21733,118,0.578466862,0.003140804
1041,Alabama,Crenshaw County,13194,8042,62,0.609519479,0.004699106
1043,Alabama,Cullman County,87866,55013,224,0.626101109,0.002549336
1045,Alabama,Dale County,49326,24837,112,0.503527551,0.002270608
1047,Alabama,Dallas County,38462,21197,128,0.551115387,0.00332796
1049,Alabama,DeKalb County,71608,45266,202,0.632136074,0.002820914
1051,Alabama,Elmore County,87977,40632,146,0.461847983,0.001659525
1053,Alabama,Escambia County,36757,24084,115,0.655222135,0.003128656
1055,Alabama,Etowah County,103436,83850,251,0.810646197,0.002426621
1057,Alabama,Fayette County,16321,9847,90,0.603333129,0.005514368
1059,Alabama,Franklin County,32113,20080,101,0.625291938,0.003145144
1061,Alabama,Geneva County,26659,15369,92,0.576503245,0.003450992
1063,Alabama,Greene County,7730,2135,29,0.276196636,0.003751617
1065,Alabama,Hale County,14785,7974,61,0.539330402,0.004125803
1067,Alabama,Henry County,17146,10551,48,0.615362184,0.002799487
1069,Alabama,Houston County,107202,90243,225,0.841803325,0.002098841
1071,Alabama,Jackson County,52579,28326,156,0.538732193,0.002966964
1073,Alabama,Jefferson County,674721,539405,"1,202",0.799448957,0.001781477
1075,Alabama,Lamar County,13972,9724,85,0.695963355,0.006083596
1077,Alabama,Lauderdale County,93564,61998,224,0.662626651,0.002394083
1079,Alabama,Lawrence County,33073,23019,101,0.696005805,0.003053851
1081,Alabama,Lee County,174241,62362,193,0.357906578,0.001107661
1083,Alabama,Limestone County,103570,54163,183,0.522960317,0.001766921
1085,Alabama,Lowndes County,10311,5330,54,0.516923674,0.005237125
1087,Alabama,Macon County,19532,11646,79,0.596252304,0.004044645
1089,Alabama,Madison County,388153,247964,527,0.638830564,0.001357712
1091,Alabama,Marengo County,19323,16840,86,0.871500285,0.004450655
1093,Alabama,Marion County,29341,16422,98,0.559694625,0.003340036
1095,Alabama,Marshall County,97612,63093,217,0.646365201,0.002223087
1097,Alabama,Mobile County,414809,302706,656,0.729747908,0.001581451
1099,Alabama,Monroe County,19772,12987,80,0.656837953,0.004046126
1101,Alabama,Montgomery County,228954,168933,388,0.737846904,0.001694664
1103,Alabama,Morgan County,123421,85119,250,0.689663834,0.002025587
1105,Alabama,Perry County,8511,4673,47,0.549054165,0.005522265
1107,Alabama,Pickens County,19123,13315,99,0.696281964,0.005177012
1109,Alabama,Pike County,33009,16122,84,0.488412251,0.002544761
1111,Alabama,Randolph County,21967,10894,99,0.495925707,0.00450676
1113,Alabama,Russell County,59183,36124,125,0.61037798,0.002112093
1117,Alabama,Shelby County,223024,98262,236,0.440589354,0.001058182
1115,Alabama,St Clair County,91103,47436,162,0.520685378,0.001778207
1119,Alabama,Sumter County,12345,5009,41,0.405751316,0.003321183
1121,Alabama,Talladega County,82149,46354,217,0.564267368,0.002641542
1123,Alabama,Tallapoosa County,41311,30202,139,0.731088572,0.003364721
1125,Alabama,Tuscaloosa County,227036,111735,320,0.49214662,0.001409468
1127,Alabama,Walker County,65342,43544,217,0.666401396,0.003320988
1129,Alabama,Washington County,15388,10084,75,0.655315831,0.004873928
1131,Alabama,Wilcox County,10600,5633,62,0.531415094,0.005849057
1133,Alabama,Winston County,23540,13708,74,0.582327952,0.003143585
2013,Alaska,Aleutians East Borough,3420,1425,9,0.416666667,0.002631579
2016,Alaska,Aleutians West Census Area,5232,985,10,0.188264526,0.001911315
2020,Alaska,Anchorage Municipality,291247,109633,350,0.376426195,0.001201729
2050,Alaska,Bethel Census Area,18666,7216,62,0.386585235,0.003321547
2060,Alaska,Bristol Bay Borough,844,225,7,0.266587678,0.008293839
2063,Alaska,Chugach Census Area,7102,2573,24,0.362292312,0.00337933
2066,Alaska,Copper River Census Area,2617,866,9,0.330913259,0.003439052
2068,Alaska,Denali Borough,1619,612,7,0.378011118,0.004323657
2070,Alaska,Dillingham Census Area,4857,1723,20,0.354745728,0.004117768
2090,Alaska,Fairbanks North Star Borough,95655,28903,122,0.3021588,0.001275417
2100,Alaska,Haines Borough,2080,640,10,0.307692308,0.004807692
2105,Alaska,Hoonah-Angoon Census Area,2365,455,12,0.192389006,0.005073996
2110,Alaska,Juneau City and Borough,32255,10531,48,0.326492017,0.001488141
2122,Alaska,Kenai Peninsula Borough,58799,25268,136,0.4297352,0.002312965
2130,Alaska,Ketchikan Gateway Borough,13948,4385,25,0.31438199,0.001792372
2150,Alaska,Kodiak Island Borough,13101,4332,28,0.330661782,0.002137241
2158,Alaska,Kusilvak Census Area,8368,5649,24,0.675071702,0.002868069
2164,Alaska,Lake and Peninsula Borough,1476,663,9,0.449186992,0.006097561
2170,Alaska,Matanuska-Susitna Borough,107081,32707,137,0.305441675,0.001279405
2180,Alaska,Nome Census Area,10046,3433,33,0.341728051,0.00328489
2185,Alaska,North Slope Borough,11031,1604,17,0.145408395,0.001541111
2188,Alaska,Northwest Arctic Borough,7793,1419,24,0.182086488,0.003079687
2195,Alaska,Petersburg Borough,3398,1184,13,0.348440259,0.00382578
2198,Alaska,Prince of Wales-Hyder Census Area,5753,1814,24,0.315313749,0.004171736
2220,Alaska,Sitka City and Borough,8458,2340,19,0.276661149,0.002246394
2230,Alaska,Skagway Municipality,1240,275,4,0.221774194,0.003225806
2240,Alaska,Southeast Fairbanks Census Area,6808,2253,30,0.330934195,0.00440658
2275,Alaska,Wrangell City and Borough,2127,784,11,0.368594264,0.005171603
2282,Alaska,Yakutat City and Borough,662,406,4,0.613293051,0.006042296
2290,Alaska,Yukon-Koyukuk Census Area,5343,3717,36,0.695676586,0.006737788
4001,Arizona,Apache County,66021,25412,127,0.384907832,0.00192363
4003,Arizona,Cochise County,125447,56955,219,0.454016437,0.001745757
4005,Arizona,Coconino County,145101,47076,156,0.324436082,0.001075113
4007,Arizona,Gila County,53272,17611,88,0.330586424,0.0016519
4009,Arizona,Graham County,38533,17601,69,0.456777308,0.001790673
4011,Arizona,Greenlee County,9563,2778,19,0.290494615,0.001986824
4012,Arizona,La Paz County,16557,5068,37,0.306094099,0.002234704
4013,Arizona,Maricopa County,4420568,2088166,"2,655",0.472375043,0.000600602
4015,Arizona,Mohave County,213267,54656,161,0.256279687,0.000754922
4017,Arizona,Navajo County,106717,48153,204,0.451221455,0.001911598
4019,Arizona,Pima County,1043433,405288,707,0.388417848,0.000677571
4021,Arizona,Pinal County,425264,170557,341,0.401061458,0.000801855
4023,Arizona,Santa Cruz County,47669,42058,46,0.882292475,0.000964988
4025,Arizona,Yavapai County,236209,98175,266,0.415627686,0.001126121
4027,Arizona,Yuma County,203881,71453,148,0.350464241,0.000725914
5001,Arkansas,Arkansas County,17149,11556,75,0.673858534,0.004373433
5003,Arkansas,Ashley County,19062,16676,97,0.874829504,0.005088658
5005,Arkansas,Baxter County,41627,20363,90,0.489177697,0.002162058
5007,Arkansas,Benton County,284333,138790,376,0.48812484,0.001322393
5009,Arkansas,Boone County,37373,24564,101,0.657265941,0.002702486
5011,Arkansas,Bradley County,10545,8153,62,0.773162636,0.005879564
5013,Arkansas,Calhoun County,4739,4321,41,0.911795737,0.008651614
5015,Arkansas,Carroll County,28260,12385,81,0.438251946,0.002866242
5017,Arkansas,Chicot County,10208,5683,38,0.556720219,0.003722571
5019,Arkansas,Clark County,21446,16891,99,0.78760608,0.004616245
5021,Arkansas,Clay County,14552,7559,57,0.519447499,0.003916987
5023,Arkansas,Cleburne County,24711,15665,74,0.63392821,0.002994618
5025,Arkansas,Cleveland County,7550,4866,46,0.644503311,0.006092715
5027,Arkansas,Columbia County,22801,18864,99,0.827332135,0.004341915
5029,Arkansas,Conway County,20715,10617,80,0.512527154,0.003861936
5031,Arkansas,Craighead County,111231,67207,222,0.604211056,0.001995846
5033,Arkansas,Crawford County,60133,31726,142,0.52759716,0.002361432
5035,Arkansas,Crittenden County,48163,31727,96,0.658742188,0.001993231
5037,Arkansas,Cross County,16833,9769,62,0.580348126,0.003683241
5039,Arkansas,Dallas County,6482,4349,42,0.670934897,0.006479482
5041,Arkansas,Desha County,11395,7598,58,0.666783677,0.005089952
5043,Arkansas,Drew County,17350,13944,74,0.803688761,0.00426513
5045,Arkansas,Faulkner County,123498,68102,200,0.551442129,0.001619459
5047,Arkansas,Franklin County,17097,8104,51,0.474001287,0.002982979
5049,Arkansas,Fulton County,12075,5129,44,0.424761905,0.003643892
5051,Arkansas,Garland County,100180,51165,184,0.510730685,0.001836694
5053,Arkansas,Grant County,17958,9002,58,0.501280766,0.003229758
5055,Arkansas,Greene County,45736,21376,106,0.467377995,0.002317649
5057,Arkansas,Hempstead County,20065,12677,94,0.631796661,0.004684774
5059,Arkansas,Hot Spring County,33040,16719,104,0.506023002,0.0031477
5061,Arkansas,Howard County,12785,7785,62,0.608916699,0.004849433
5063,Arkansas,Independence County,37938,27735,119,0.731061205,0.003136697
5065,Arkansas,Izard County,13577,6720,60,0.494954703,0.004419238
5067,Arkansas,Jackson County,16755,8877,64,0.529811996,0.003819755
5069,Arkansas,Jefferson County,67260,46761,214,0.695227475,0.003181683
5071,Arkansas,Johnson County,25749,12671,66,0.49209678,0.002563206
5073,Arkansas,Lafayette County,6308,3468,31,0.54977806,0.004914394
5075,Arkansas,Lawrence County,16216,9101,68,0.561235816,0.004193389
5077,Arkansas,Lee County,8600,6520,40,0.758139535,0.004651163
5079,Arkansas,Lincoln County,12941,5192,39,0.401205471,0.003013677
5081,Arkansas,Little River County,12026,8059,52,0.670131382,0.004323965
5083,Arkansas,Logan County,21131,14893,86,0.704793905,0.00406985
5085,Arkansas,Lonoke County,74015,31008,133,0.418942106,0.001796933
5087,Arkansas,Madison County,16521,5332,39,0.322740754,0.002360632
5089,Arkansas,Marion County,16826,5643,40,0.335373826,0.002377273
5091,Arkansas,Miller County,42600,26699,107,0.626737089,0.002511737
5093,Arkansas,Mississippi County,40685,29858,157,0.733882266,0.003858916
5095,Arkansas,Monroe County,6799,4757,42,0.699661715,0.006177379
5097,Arkansas,Montgomery County,8484,3764,32,0.443658652,0.003771806
5099,Arkansas,Nevada County,8310,5245,49,0.631167268,0.00589651
5101,Arkansas,Newton County,7225,1862,26,0.257716263,0.003598616
5103,Arkansas,Ouachita County,22650,24487,140,1.081103753,0.006181015
5105,Arkansas,Perry County,10019,4762,28,0.475296936,0.00279469
5107,Arkansas,Phillips County,16568,9178,64,0.55395944,0.003862868
5109,Arkansas,Pike County,10171,5797,53,0.56995379,0.005210894
5111,Arkansas,Poinsett County,22965,17088,102,0.744088831,0.004441541
5113,Arkansas,Polk County,19221,10359,73,0.538941782,0.003797929
5115,Arkansas,Pope County,63381,31984,155,0.504630725,0.002445528
5117,Arkansas,Prairie County,8282,4015,30,0.484786284,0.003622313
5119,Arkansas,Pulaski County,399125,248441,661,0.62246414,0.001656123
5121,Arkansas,Randolph County,18571,10619,57,0.571805503,0.003069302
5125,Arkansas,Saline County,123416,45289,165,0.366962144,0.001336942
5127,Arkansas,Scott County,9836,5462,54,0.555307035,0.005490037
5129,Arkansas,Searcy County,7828,3043,35,0.388732754,0.004471129
5131,Arkansas,Sebastian County,127799,80115,230,0.626882839,0.001799701
5133,Arkansas,Sevier County,15839,11208,57,0.707620431,0.003598712
5135,Arkansas,Sharp County,17271,11320,68,0.655433964,0.003937236
5123,Arkansas,St Francis County,23090,13387,90,0.579774794,0.003897791
5137,Arkansas,Stone County,12359,6355,43,0.514200178,0.003479246
5139,Arkansas,Union County,39054,32122,162,0.822502176,0.004148103
5141,Arkansas,Van Buren County,15796,8369,66,0.529817675,0.004178273
5143,Arkansas,Washington County,245871,145707,300,0.59261564,0.001220152
5145,Arkansas,White County,76822,51155,211,0.665889979,0.002746609
5147,Arkansas,Woodruff County,6269,2699,27,0.430531185,0.004306907
5149,Arkansas,Yell County,20263,8813,74,0.434930662,0.003651977
6001,California,Alameda County,1682353,690595,"1,085",0.410493517,0.00064493
6003,California,Alpine County,1204,0,0,0,0
6005,California,Amador County,40474,11078,38,0.273706577,0.000938874
6007,California,Butte County,211632,61268,191,0.289502533,0.00090251
6009,California,Calaveras County,45292,7831,57,0.172900291,0.0012585
6011,California,Colusa County,21839,10452,30,0.478593342,0.001373689
6013,California,Contra Costa County,1165927,484692,716,0.415713848,0.000614104
6015,California,Del Norte County,27743,3908,29,0.140864362,0.001045309
6017,California,El Dorado County,191185,57740,108,0.302011141,0.000564898
6019,California,Fresno County,1008654,432774,725,0.429060907,0.00071878
6021,California,Glenn County,28917,13530,50,0.46789086,0.001729087
6023,California,Humboldt County,136463,26215,157,0.192103354,0.001150495
6025,California,Imperial County,179702,155024,124,0.862672647,0.000690031
6027,California,Inyo County,19016,5857,37,0.308003786,0.00194573
6029,California,Kern County,909235,414265,618,0.455619284,0.000679692
6031,California,Kings County,152486,68957,98,0.452218564,0.000642682
6033,California,Lake County,68163,20698,80,0.303654475,0.001173657
6035,California,Lassen County,32730,8438,32,0.257806294,0.000977696
6037,California,Los Angeles County,10014009,5111616,"5,645",0.510446515,0.00056371
6039,California,Madera County,156255,69393,128,0.444100989,0.000819174
6041,California,Marin County,262321,97211,178,0.37058032,0.000678558
6043,California,Mariposa County,17131,4930,24,0.287782383,0.001400969
6045,California,Mendocino County,91601,36625,104,0.39983188,0.001135359
6047,California,Merced County,281202,126904,192,0.451291243,0.000682783
6049,California,Modoc County,8700,2881,22,0.331149425,0.002528736
6051,California,Mono County,13195,2158,15,0.163546798,0.001136794
6053,California,Monterey County,439035,262050,287,0.596877242,0.000653706
6055,California,Napa County,138019,69147,95,0.50099624,0.000688311
6057,California,Nevada County,102241,29188,78,0.285482341,0.000762903
6059,California,Orange County,3186989,1577780,"1,499",0.49506917,0.00047035
6061,California,Placer County,404739,156398,254,0.386416925,0.000627565
6063,California,Plumas County,19790,7604,39,0.384234462,0.001970692
6065,California,Riverside County,2418185,1068673,"1,224",0.441931862,0.000506165
6067,California,Sacramento County,1585055,622035,921,0.392437486,0.000581052
6069,California,San Benito County,64209,47314,35,0.736874893,0.000545095
6071,California,San Bernardino County,2181654,925517,"1,217",0.424227215,0.000557834
6073,California,San Diego County,3298634,1366334,"1,748",0.414212065,0.000529916
6075,California,San Francisco County,873965,307067,536,0.35134931,0.000613297
6077,California,San Joaquin County,779233,296830,494,0.380925859,0.000633957
6079,California,San Luis Obispo County,282424,109047,229,0.386110954,0.000810838
6081,California,San Mateo County,764442,257122,402,0.336352529,0.000525874
6083,California,Santa Barbara County,448229,207844,315,0.463700475,0.000702766
6085,California,Santa Clara County,1936259,881436,943,0.455226289,0.000487022
6087,California,Santa Cruz County,270861,106948,188,0.394844588,0.000694083
6089,California,Shasta County,182155,70163,155,0.385182949,0.000850924
6091,California,Sierra County,3236,620,10,0.191594561,0.003090235
6093,California,Siskiyou County,44076,20873,83,0.473568382,0.001883111
6095,California,Solano County,453491,146470,303,0.322983257,0.00066815
6097,California,Sonoma County,488863,178047,295,0.364206332,0.000603441
6099,California,Stanislaus County,552878,214099,405,0.387244564,0.000732531
6101,California,Sutter County,99633,36588,76,0.367227726,0.000762799
6103,California,Tehama County,65829,20044,62,0.304485865,0.000941834
6105,California,Trinity County,16112,2572,23,0.159632572,0.001427507
6107,California,Tulare County,473117,252857,417,0.534449195,0.000881389
6109,California,Tuolumne County,55620,13346,57,0.239949658,0.001024811
6111,California,Ventura County,843843,430814,486,0.510538098,0.000575937
6113,California,Yolo County,216403,75313,122,0.348021978,0.000563763
6115,California,Yuba County,81575,28193,57,0.345608336,0.000698743
8001,Colorado,Adams County,519572,139606,248,0.268694233,0.000477316
8003,Colorado,Alamosa County,16376,6306,31,0.385075721,0.001893014
8005,Colorado,Arapahoe County,655070,227037,353,0.346584334,0.000538874
8007,Colorado,Archuleta County,13359,4877,24,0.365072236,0.001796542
8009,Colorado,Baca County,3506,890,16,0.253850542,0.004563605
8011,Colorado,Bent County,5650,760,12,0.134513274,0.002123894
8013,Colorado,Boulder County,330758,120402,205,0.364018406,0.000619788
8014,Colorado,Broomfield County,74112,20514,30,0.27679728,0.000404793
8015,Colorado,Chaffee County,19476,7357,34,0.377746971,0.001745738
8017,Colorado,Cheyenne County,1748,871,9,0.498283753,0.005148741
8019,Colorado,Clear Creek County,9397,586,10,0.062360328,0.001064169
8021,Colorado,Conejos County,7461,5528,24,0.740919448,0.003216727
8023,Colorado,Costilla County,3499,1264,6,0.36124607,0.001714776
8025,Colorado,Crowley County,5922,2098,9,0.354272205,0.001519757
8027,Colorado,Custer County,4704,1811,14,0.384991497,0.00297619
8029,Colorado,Delta County,31196,9192,60,0.294653161,0.001923324
8031,Colorado,Denver County,715522,306191,496,0.427926744,0.0006932
8033,Colorado,Dolores County,2326,427,8,0.183576956,0.003439381
8035,Colorado,Douglas County,357978,132998,151,0.371525624,0.000421814
8037,Colorado,Eagle County,55731,17938,41,0.321867542,0.000735677
8041,Colorado,El Paso County,730395,315765,457,0.432320867,0.000625689
8039,Colorado,Elbert County,26062,6649,28,0.2551224,0.001074361
8043,Colorado,Fremont County,48939,13031,56,0.266270255,0.001144282
8045,Colorado,Garfield County,61685,23349,67,0.378519899,0.001086164
8047,Colorado,Gilpin County,5808,118,4,0.020316804,0.000688705
8049,Colorado,Grand County,15717,4194,24,0.266844818,0.001527009
8051,Colorado,Gunnison County,16918,5514,20,0.32592505,0.001182173
8053,Colorado,Hinsdale County,788,202,3,0.256345178,0.003807107
8055,Colorado,Huerfano County,6820,2032,16,0.297947214,0.002346041
8057,Colorado,Jackson County,1379,264,5,0.191443075,0.003625816
8059,Colorado,Jefferson County,582910,181477,327,0.311329365,0.000560979
8061,Colorado,Kiowa County,1446,2207,9,1.526279391,0.006224066
8063,Colorado,Kit Carson County,7087,4354,30,0.614364329,0.004233103
8067,Colorado,La Plata County,55638,16206,64,0.291275747,0.001150293
8065,Colorado,Lake County,7436,2305,11,0.309978483,0.00147929
8069,Colorado,Larimer County,359066,125050,243,0.348264664,0.000676756
8071,Colorado,Las Animas County,14555,3845,20,0.264170388,0.001374098
8073,Colorado,Lincoln County,5675,2771,22,0.488281938,0.003876652
8075,Colorado,Logan County,21528,8164,38,0.379227053,0.001765143
8077,Colorado,Mesa County,155703,59034,159,0.379144911,0.001021175
8079,Colorado,Mineral County,865,363,5,0.419653179,0.005780347
8081,Colorado,Moffat County,13292,4190,23,0.315227204,0.001730364
8083,Colorado,Montezuma County,25849,8811,49,0.34086425,0.001895625
8085,Colorado,Montrose County,42679,13877,68,0.325148199,0.001593289
8087,Colorado,Morgan County,29111,11042,49,0.379306791,0.001683213
8089,Colorado,Otero County,18690,6973,45,0.373087212,0.002407705
8091,Colorado,Ouray County,4874,1306,12,0.2679524,0.002462043
8093,Colorado,Park County,17390,3686,18,0.211960897,0.001035078
8095,Colorado,Phillips County,4530,2723,17,0.601103753,0.003752759
8097,Colorado,Pitkin County,17358,5129,13,0.295483351,0.000748934
8099,Colorado,Prowers County,11999,5315,36,0.442953579,0.00300025
8101,Colorado,Pueblo County,168162,58988,166,0.350780795,0.000987143
8103,Colorado,Rio Blanco County,6529,2089,18,0.319957114,0.002756931
8105,Colorado,Rio Grande County,11539,5098,29,0.441806049,0.002513216
8107,Colorado,Routt County,24829,7748,24,0.312054452,0.000966612
8109,Colorado,Saguache County,6368,4647,17,0.729742462,0.002669598
8111,Colorado,San Juan County,705,424,7,0.60141844,0.009929078
8113,Colorado,San Miguel County,8072,1670,10,0.206888008,0.00123885
8115,Colorado,Sedgwick County,2404,889,7,0.369800333,0.002911814
8117,Colorado,Summit County,31055,9707,22,0.312574465,0.000708421
8119,Colorado,Teller County,24710,7695,28,0.311412384,0.001133144
8121,Colorado,Washington County,4817,1216,19,0.252439278,0.003944364
8123,Colorado,Weld County,328981,91767,233,0.278943161,0.000708248
8125,Colorado,Yuma County,9988,5157,31,0.516319584,0.003103724
9001,Connecticut,Fairfield County,957419,540412,746,0.564446705,0.000779178
9003,Connecticut,Hartford County,899498,444834,711,0.494535841,0.000790441
9005,Connecticut,Litchfield County,185186,66695,171,0.360151415,0.000923396
9007,Connecticut,Middlesex County,164245,73587,132,0.448031904,0.000803677
9009,Connecticut,New Haven County,864835,402695,682,0.465632173,0.00078859
9011,Connecticut,New London County,268555,95564,232,0.355845171,0.000863883
9013,Connecticut,Tolland County,149788,53152,101,0.354848185,0.000674286
9015,Connecticut,Windham County,116418,30854,112,0.265027745,0.000962051
10001,Delaware,Kent County,181851,57218,199,0.314642207,0.001094302
10003,Delaware,New Castle County,570719,269464,484,0.47214829,0.000848053
10005,Delaware,Sussex County,237378,82730,283,0.348515869,0.001192191
11001,District Of Columbia,Washington,689545,389241,751,0.564489627,0.001089124
12001,Florida,Alachua County,278468,129427,299,0.464782309,0.001073732
12003,Florida,Baker County,28259,9390,36,0.33228352,0.00127393
12005,Florida,Bay County,175216,64581,205,0.368579353,0.001169984
12007,Florida,Bradford County,28303,11507,56,0.406564675,0.001978589
12009,Florida,Brevard County,606612,255575,490,0.421315437,0.000807765
12011,Florida,Broward County,1944375,863095,"1,218",0.443893282,0.000626422
12013,Florida,Calhoun County,13648,3470,30,0.254249707,0.002198124
12015,Florida,Charlotte County,186847,89601,136,0.479542085,0.000727868
12017,Florida,Citrus County,153843,57248,139,0.372119628,0.000903519
12019,Florida,Clay County,218245,87094,173,0.399065271,0.000792687
12021,Florida,Collier County,375752,231590,237,0.616337371,0.000630735
12023,Florida,Columbia County,69698,39671,128,0.569184195,0.001836495
12027,Florida,DeSoto County,33976,11478,57,0.337826701,0.001677655
12029,Florida,Dixie County,16759,3465,26,0.20675458,0.001551405
12031,Florida,Duval County,995567,660096,987,0.663035235,0.000991395
12033,Florida,Escambia County,321905,171940,403,0.534132741,0.001251922
12035,Florida,Flagler County,115378,51641,79,0.447580995,0.000684706
12037,Florida,Franklin County,12451,5727,32,0.459963055,0.002570075
12039,Florida,Gadsden County,43826,25500,139,0.581846393,0.003171633
12041,Florida,Gilchrist County,17864,4751,31,0.265953874,0.001735334
12043,Florida,Glades County,12126,7184,18,0.592445984,0.001484414
12045,Florida,Gulf County,14192,10726,44,0.755777903,0.003100338
12047,Florida,Hamilton County,14004,4521,37,0.322836332,0.002642102
12049,Florida,Hardee County,25327,16242,64,0.641291902,0.002526948
12051,Florida,Hendry County,39619,16277,59,0.410838234,0.001489184
12053,Florida,Hernando County,194515,71366,137,0.366892013,0.000704316
12055,Florida,Highlands County,101235,52205,155,0.515681336,0.001531091
12057,Florida,Hillsborough County,1459762,877459,"1,150",0.601097302,0.0007878
12059,Florida,Holmes County,19653,7776,69,0.395664784,0.003510914
12061,Florida,Indian River County,159788,84114,138,0.526409993,0.000863644
12063,Florida,Jackson County,47319,24945,143,0.527166677,0.003022042
12065,Florida,Jefferson County,14510,10177,48,0.70137836,0.003308063
12067,Florida,Lafayette County,8226,3821,20,0.464502796,0.002431315
12069,Florida,Lake County,383956,156403,351,0.407346154,0.000914167
12071,Florida,Lee County,760822,316947,480,0.416584957,0.000630897
12073,Florida,Leon County,292198,142813,321,0.488754201,0.00109857
12075,Florida,Levy County,42915,18576,79,0.432855645,0.001840848
12077,Florida,Liberty County,7974,3900,19,0.489089541,0.002382744
12079,Florida,Madison County,17968,9219,61,0.513078807,0.003394924
12081,Florida,Manatee County,399710,126886,279,0.317445148,0.000698006
12083,Florida,Marion County,375908,144220,396,0.383657703,0.001053449
12085,Florida,Martin County,158431,84742,123,0.534882693,0.000776363
12086,Florida,Miami-Dade County,2701767,1387650,"1,704",0.513608316,0.000630698
12087,Florida,Monroe County,82874,43243,94,0.521792118,0.001134252
12089,Florida,Nassau County,90352,36938,101,0.408823269,0.00111785
12091,Florida,Okaloosa County,211668,111603,223,0.527254946,0.001053537
12093,Florida,Okeechobee County,39644,15002,47,0.378417919,0.001185551
12095,Florida,Orange County,1429908,702596,"1,010",0.491357486,0.000706339
12097,Florida,Osceola County,388656,184408,257,0.474476143,0.000661253
12099,Florida,Palm Beach County,1492191,588508,908,0.394391871,0.000608501
12101,Florida,Pasco County,561891,165487,316,0.294517976,0.000562387
12103,Florida,Pinellas County,959107,473403,670,0.493587264,0.000698566
12105,Florida,Polk County,725046,301631,735,0.416016363,0.001013729
12107,Florida,Putnam County,73321,32333,141,0.44097871,0.001923051
12113,Florida,Santa Rosa County,188000,86475,166,0.459973404,0.000882979
12115,Florida,Sarasota County,434006,236412,323,0.54472058,0.000744229
12117,Florida,Seminole County,470856,250991,325,0.533052568,0.000690232
12109,Florida,St Johns County,273425,99582,163,0.364202249,0.000596142
12111,Florida,St Lucie County,329226,118808,238,0.360870648,0.000722908
12119,Florida,Sumter County,129752,39301,95,0.302893212,0.000732166
12121,Florida,Suwannee County,43474,21928,110,0.504393431,0.002530248
12123,Florida,Taylor County,21796,9622,58,0.441457148,0.002661039
12125,Florida,Union County,16147,3954,25,0.244875209,0.001548275
12127,Florida,Volusia County,553543,219427,484,0.396404615,0.000874367
12129,Florida,Wakulla County,33764,6825,47,0.202138372,0.001392015
12131,Florida,Walton County,75305,27417,116,0.36407941,0.001540402
12133,Florida,Washington County,25318,8991,61,0.355122838,0.002409353
13001,Georgia,Appling County,18444,13036,65,0.706788115,0.003524181
13003,Georgia,Atkinson County,8286,2715,24,0.327661115,0.002896452
13005,Georgia,Bacon County,11140,5141,31,0.461490126,0.002782765
13007,Georgia,Baker County,2876,897,16,0.311891516,0.005563282
13009,Georgia,Baldwin County,43799,15310,63,0.34955136,0.001438389
13011,Georgia,Banks County,18035,14102,33,0.781924037,0.001829775
13013,Georgia,Barrow County,83505,31232,70,0.374013532,0.000838273
13015,Georgia,Bartow County,108901,52090,143,0.47832435,0.001313119
13017,Georgia,Ben Hill County,17194,10799,39,0.628067931,0.002268233
13019,Georgia,Berrien County,18160,8645,32,0.476046256,0.001762115
13021,Georgia,Bibb County,157346,91563,234,0.581921371,0.001487168
13023,Georgia,Bleckley County,12583,5205,27,0.413653342,0.002145752
13025,Georgia,Brantley County,18021,6069,32,0.336773764,0.001775706
13027,Georgia,Brooks County,16301,6761,49,0.414759831,0.003005951
13029,Georgia,Bryan County,44738,13956,39,0.311949573,0.000871742
13031,Georgia,Bulloch County,81099,27909,97,0.344134946,0.001196069
13033,Georgia,Burke County,24596,9959,51,0.404903236,0.002073508
13035,Georgia,Butts County,25434,11191,42,0.440001573,0.001651333
13037,Georgia,Calhoun County,5573,2376,18,0.426341288,0.003229858
13039,Georgia,Camden County,54768,18815,69,0.343540023,0.00125986
13043,Georgia,Candler County,10981,5128,32,0.466988435,0.002914124
13045,Georgia,Carroll County,119148,61848,164,0.519085507,0.001376439
13047,Georgia,Catoosa County,67872,24513,75,0.361165134,0.001105021
13049,Georgia,Charlton County,12518,4340,26,0.346700751,0.002077009
13051,Georgia,Chatham County,295291,122966,334,0.416423122,0.001131088
13053,Georgia,Chattahoochee County,9565,1862,9,0.194668061,0.00094093
13055,Georgia,Chattooga County,24965,12724,77,0.509673543,0.003084318
13057,Georgia,Cherokee County,266620,119204,176,0.447093241,0.000660116
13059,Georgia,Clarke County,128671,53837,127,0.418408188,0.000987013
13061,Georgia,Clay County,2848,705,9,0.247542135,0.003160112
13063,Georgia,Clayton County,297595,136102,200,0.457339673,0.000672054
13065,Georgia,Clinch County,6749,3125,22,0.46303156,0.003259742
13067,Georgia,Cobb County,766149,423046,483,0.552171967,0.000630426
13069,Georgia,Coffee County,43092,19461,92,0.451615149,0.002134967
13071,Georgia,Colquitt County,45898,24336,101,0.530219182,0.002200532
13073,Georgia,Columbia County,156010,61829,119,0.396314339,0.000762772
13075,Georgia,Cook County,17229,6968,35,0.404434384,0.002031459
13077,Georgia,Coweta County,146158,61907,153,0.423562172,0.001046812
13079,Georgia,Crawford County,12130,2128,20,0.175432811,0.001648805
13081,Georgia,Crisp County,20128,11376,59,0.56518283,0.00293124
13083,Georgia,Dade County,16251,6531,33,0.401882961,0.002030644
13085,Georgia,Dawson County,26798,12723,38,0.474774237,0.001418016
13087,Georgia,Decatur County,29367,15957,83,0.543365002,0.002826302
13089,Georgia,DeKalb County,764382,389284,606,0.509279392,0.000792797
13091,Georgia,Dodge County,19925,13101,82,0.657515684,0.004115433
13093,Georgia,Dooly County,11208,5767,43,0.514543183,0.003836545
13095,Georgia,Dougherty County,85790,47371,131,0.552173913,0.001526984
13097,Georgia,Douglas County,144237,77553,129,0.537677572,0.000894361
13099,Georgia,Early County,10854,5561,51,0.512345679,0.004698729
13101,Georgia,Echols County,3697,587,5,0.158777387,0.001352448
13103,Georgia,Effingham County,64769,22060,77,0.340595038,0.00118884
13105,Georgia,Elbert County,19637,12358,66,0.629322198,0.003361002
13107,Georgia,Emanuel County,22768,7155,50,0.314256852,0.002196065
13109,Georgia,Evans County,10774,5145,30,0.477538519,0.002784481
13111,Georgia,Fannin County,25319,19899,60,0.785931514,0.002369762
13113,Georgia,Fayette County,119194,87984,131,0.738157961,0.001099049
13115,Georgia,Floyd County,98584,61585,169,0.624695691,0.001714274
13117,Georgia,Forsyth County,251283,105614,134,0.420299025,0.000533263
13119,Georgia,Franklin County,23424,14111,53,0.602416325,0.002262637
13121,Georgia,Fulton County,1066710,716915,798,0.672080509,0.000748095
13123,Georgia,Gilmer County,31353,11915,42,0.38002743,0.001339585
13125,Georgia,Glascock County,2884,1062,11,0.368238558,0.003814147
13127,Georgia,Glynn County,84499,40630,132,0.480834093,0.001562149
13129,Georgia,Gordon County,57544,32694,92,0.568156541,0.001598777
13131,Georgia,Grady County,26236,14464,67,0.551303552,0.002553743
13133,Georgia,Greene County,18915,11751,43,0.621252974,0.002273328
13135,Georgia,Gwinnett County,957062,474200,629,0.495474692,0.00065722
13137,Georgia,Habersham County,46031,24008,79,0.521561556,0.001716235
13139,Georgia,Hall County,203136,162699,196,0.800936319,0.000964871
13141,Georgia,Hancock County,8735,2728,24,0.312306812,0.002747567
13143,Georgia,Haralson County,29919,16157,60,0.540024733,0.002005415
13145,Georgia,Harris County,34668,11947,60,0.344611746,0.001730703
13147,Georgia,Hart County,25828,18842,67,0.729518352,0.002594084
13149,Georgia,Heard County,11412,5281,32,0.4627585,0.002804066
13151,Georgia,Henry County,240712,89403,184,0.371410648,0.000764399
13153,Georgia,Houston County,163633,72128,145,0.440791283,0.000886129
13155,Georgia,Irwin County,9666,4085,29,0.422615353,0.003000207
13157,Georgia,Jackson County,75907,28232,102,0.371928808,0.00134375
13159,Georgia,Jasper County,14588,6164,35,0.422539073,0.002399232
13161,Georgia,Jeff Davis County,14779,10385,43,0.702686244,0.002909534
13163,Georgia,Jefferson County,15709,8795,68,0.559870138,0.004328729
13165,Georgia,Jenkins County,8674,5444,25,0.627622781,0.002882177
13167,Georgia,Johnson County,9189,3464,38,0.376972467,0.004135379
13169,Georgia,Jones County,28347,11524,37,0.406533319,0.001305253
13171,Georgia,Lamar County,18500,6882,36,0.372,0.001945946
13173,Georgia,Lanier County,9877,3110,16,0.314872937,0.001619925
13175,Georgia,Laurens County,49570,29482,139,0.594754892,0.002804115
13177,Georgia,Lee County,33163,10635,34,0.320688719,0.001025239
13179,Georgia,Liberty County,65256,23236,77,0.356074537,0.001179968
13181,Georgia,Lincoln County,7690,3963,28,0.515344603,0.003641092
13183,Georgia,Long County,16168,4475,25,0.276781296,0.001546264
13185,Georgia,Lowndes County,118251,59643,176,0.504376284,0.00148836
13187,Georgia,Lumpkin County,33488,8690,33,0.259495939,0.000985428
13193,Georgia,Macon County,12082,6663,42,0.551481543,0.003476246
13195,Georgia,Madison County,30120,10439,51,0.346580345,0.001693227
13197,Georgia,Marion County,7498,2483,23,0.331154975,0.003067485
13189,Georgia,McDuffie County,21632,15547,46,0.718703772,0.002126479
13191,Georgia,McIntosh County,10975,4394,24,0.400364465,0.002186788
13199,Georgia,Meriwether County,20613,8854,60,0.42953476,0.002910784
13201,Georgia,Miller County,6000,3761,21,0.626833333,0.0035
13205,Georgia,Mitchell County,21755,11188,52,0.514272581,0.002390255
13207,Georgia,Monroe County,27957,7528,55,0.269270666,0.001967307
13209,Georgia,Montgomery County,8610,3242,24,0.376538908,0.002787456
13211,Georgia,Morgan County,20097,12453,50,0.619644723,0.002487934
13213,Georgia,Murray County,39973,14436,44,0.361143772,0.001100743
13215,Georgia,Muscogee County,206922,120404,268,0.581881095,0.001295174
13217,Georgia,Newton County,112483,39061,123,0.347261364,0.001093499
13219,Georgia,Oconee County,41799,13147,39,0.314529056,0.000933037
13221,Georgia,Oglethorpe County,14825,4360,34,0.294097808,0.002293423
13223,Georgia,Paulding County,168661,36473,97,0.216250348,0.000575118
13225,Georgia,Peach County,27981,12750,45,0.455666345,0.001608234
13227,Georgia,Pickens County,33216,10916,34,0.328636802,0.001023603
13229,Georgia,Pierce County,19716,12282,38,0.622945831,0.001927369
13231,Georgia,Pike County,18889,9327,39,0.493779448,0.002064694
13233,Georgia,Polk County,42853,27227,78,0.635358085,0.001820176
13235,Georgia,Pulaski County,9855,4991,22,0.50644343,0.002232369
13237,Georgia,Putnam County,22047,7330,40,0.332471538,0.001814306
13239,Georgia,Quitman County,2235,853,9,0.381655481,0.004026846
13241,Georgia,Rabun County,16883,11211,48,0.664040751,0.002843097
13243,Georgia,Randolph County,6425,3291,24,0.512217899,0.003735409
13245,Georgia,Richmond County,206607,109146,247,0.528278326,0.001195506
13247,Georgia,Rockdale County,93570,46482,101,0.496761783,0.001079406
13249,Georgia,Schley County,4547,4120,13,0.906091929,0.002859028
13251,Georgia,Screven County,14067,7277,60,0.517310016,0.004265302
13253,Georgia,Seminole County,9147,4897,28,0.535366787,0.003061113
13255,Georgia,Spalding County,67306,41089,120,0.610480492,0.001782902
13257,Georgia,Stephens County,26784,15496,49,0.578554361,0.00182945
13259,Georgia,Stewart County,5314,1890,21,0.355664283,0.003951825
13261,Georgia,Sumter County,29616,15382,64,0.519381415,0.002160994
13263,Georgia,Talbot County,5733,2016,19,0.351648352,0.003314146
13265,Georgia,Taliaferro County,1559,463,9,0.296985247,0.005772931
13267,Georgia,Tattnall County,22842,9815,54,0.42969092,0.002364066
13269,Georgia,Taylor County,7816,3374,25,0.431678608,0.003198567
13271,Georgia,Telfair County,12477,4728,49,0.378937245,0.003927226
13273,Georgia,Terrell County,9185,4424,32,0.481654872,0.003483941
13275,Georgia,Thomas County,45798,28645,113,0.625463994,0.002467357
13277,Georgia,Tift County,41344,23117,75,0.559137964,0.001814048
13279,Georgia,Toombs County,27030,16850,81,0.623381428,0.00299667
13281,Georgia,Towns County,12493,6166,28,0.493556392,0.002241255
13283,Georgia,Treutlen County,6406,2484,20,0.387761474,0.003122073
13285,Georgia,Troup County,69426,41712,147,0.600812376,0.002117362
13287,Georgia,Turner County,9006,5701,28,0.633022429,0.003109038
13289,Georgia,Twiggs County,8022,3431,24,0.427698828,0.002991773
13291,Georgia,Union County,24632,15065,55,0.611602793,0.002232868
13293,Georgia,Upson County,27700,16440,64,0.593501805,0.002310469
13295,Georgia,Walker County,67654,36703,126,0.542510421,0.001862418
13297,Georgia,Walton County,96673,39493,106,0.408521511,0.00109648
13299,Georgia,Ware County,36251,22109,105,0.609886624,0.002896472
13301,Georgia,Warren County,5215,3939,26,0.755321189,0.004985618
13303,Georgia,Washington County,19988,9724,67,0.486491895,0.003352011
13305,Georgia,Wayne County,30144,19831,79,0.657875531,0.002620754
13307,Georgia,Webster County,2348,1024,8,0.436115843,0.003407155
13309,Georgia,Wheeler County,7471,2162,21,0.289385624,0.002810869
13311,Georgia,White County,28003,12210,41,0.436024712,0.001464129
13313,Georgia,Whitfield County,102864,71961,137,0.699574195,0.001331856
13315,Georgia,Wilcox County,8766,4238,33,0.483458818,0.003764545
13317,Georgia,Wilkes County,9565,6299,39,0.658546785,0.004077365
13319,Georgia,Wilkinson County,8877,4757,34,0.535879238,0.003830123
13321,Georgia,Worth County,20784,9892,50,0.475943033,0.002405697
15001,Hawaii,Hawaii County,200629,83945,276,0.418409103,0.001375674
15003,Hawaii,Honolulu County,1016508,391319,790,0.384964014,0.00077717
15005,Hawaii,Kalawao County,82,36,3,0.43902439,0.036585366
15007,Hawaii,Kauai County,73298,34450,117,0.469999181,0.001596224
15009,Hawaii,Maui County,164754,76713,212,0.465621472,0.001286767
16001,Idaho,Ada County,494967,235225,404,0.475233702,0.000816216
16003,Idaho,Adams County,4379,1397,11,0.319022608,0.002511989
16005,Idaho,Bannock County,87018,44607,130,0.512618079,0.001493944
16007,Idaho,Bear Lake County,6372,5737,19,0.900345261,0.002981795
16009,Idaho,Benewah County,9530,3528,22,0.37019937,0.002308499
16011,Idaho,Bingham County,47992,25977,98,0.541277713,0.002042007
16013,Idaho,Blaine County,24272,8766,23,0.361156889,0.000947594
16015,Idaho,Boise County,7610,2475,12,0.325229961,0.001576873
16017,Idaho,Bonner County,47110,12027,55,0.255296115,0.00116748
16019,Idaho,Bonneville County,123964,81020,195,0.653576845,0.001573037
16021,Idaho,Boundary County,12056,4377,25,0.36305574,0.002073656
16023,Idaho,Butte County,2574,2267,11,0.880730381,0.004273504
16025,Idaho,Camas County,1077,743,4,0.689879294,0.00371402
16027,Idaho,Canyon County,231105,99546,242,0.430739274,0.001047143
16029,Idaho,Caribou County,7027,5234,20,0.744841326,0.002846165
16031,Idaho,Cassia County,24655,14250,52,0.57797607,0.002109106
16033,Idaho,Clark County,790,229,2,0.289873418,0.002531646
16035,Idaho,Clearwater County,8734,2834,24,0.324479047,0.002747882
16037,Idaho,Custer County,4275,3001,17,0.701988304,0.003976608
16039,Idaho,Elmore County,28666,10585,43,0.369252773,0.001500035
16041,Idaho,Franklin County,14194,16854,42,1.187403128,0.002958997
16043,Idaho,Fremont County,13388,10341,34,0.772408127,0.002539588
16045,Idaho,Gem County,19123,6790,26,0.355069811,0.001359619
16047,Idaho,Gooding County,15598,4087,29,0.262020772,0.001859213
16049,Idaho,Idaho County,16541,10074,44,0.609032102,0.002660057
16051,Idaho,Jefferson County,30891,27270,66,0.882781393,0.002136545
16053,Idaho,Jerome County,24237,7626,32,0.314642901,0.001320295
16055,Idaho,Kootenai County,171362,109091,129,0.636611384,0.000752792
16057,Idaho,Latah County,39517,11813,50,0.298934636,0.001265278
16059,Idaho,Lemhi County,7974,4452,23,0.558314522,0.002884374
16061,Idaho,Lewis County,3533,1862,14,0.527030852,0.003962638
16063,Idaho,Lincoln County,5127,1714,13,0.334308563,0.002535596
16065,Idaho,Madison County,52913,28343,79,0.535652864,0.001493017
16067,Idaho,Minidoka County,21613,10546,39,0.487947069,0.00180447
16069,Idaho,Nez Perce County,42090,18954,53,0.450320741,0.001259206
16071,Idaho,Oneida County,4564,3467,13,0.759640666,0.002848379
16073,Idaho,Owyhee County,11913,4198,20,0.352388147,0.001678838
16075,Idaho,Payette County,25386,12241,43,0.482194911,0.001693847
16077,Idaho,Power County,7878,6063,17,0.769611577,0.002157908
16079,Idaho,Shoshone County,13169,2337,24,0.177462222,0.001822462
16081,Idaho,Teton County,11630,3486,15,0.299742046,0.001289768
16083,Idaho,Twin Falls County,90046,42887,131,0.476278791,0.001454812
16085,Idaho,Valley County,11746,5419,22,0.461348544,0.001872978
16087,Idaho,Washington County,10500,5036,25,0.479619048,0.002380952
17001,Illinois,Adams County,65737,49036,109,0.745942163,0.001658123
17003,Illinois,Alexander County,5240,2259,25,0.43110687,0.004770992
17005,Illinois,Bond County,16725,7279,44,0.435216741,0.002630792
17007,Illinois,Boone County,53448,25050,34,0.468679838,0.000636132
17009,Illinois,Brown County,6244,1699,11,0.272101217,0.001761691
17011,Illinois,Bureau County,33244,12662,69,0.38088076,0.002075563
17013,Illinois,Calhoun County,4437,1718,14,0.387198558,0.003155285
17015,Illinois,Carroll County,15702,7849,39,0.499872628,0.00248376
17017,Illinois,Cass County,13042,7590,38,0.581965956,0.002913664
17019,Illinois,Champaign County,205865,81687,205,0.396798873,0.000995798
17021,Illinois,Christian County,34032,11006,60,0.323401504,0.001763047
17023,Illinois,Clark County,15455,10657,48,0.689550307,0.003105791
17025,Illinois,Clay County,13288,9448,47,0.711017459,0.003537026
17027,Illinois,Clinton County,36899,21384,47,0.5795279,0.001273747
17029,Illinois,Coles County,46863,22969,80,0.490130807,0.001707104
17031,Illinois,Cook County,5275541,2862646,"3,534",0.542626055,0.000669884
17033,Illinois,Crawford County,18679,7603,53,0.407034638,0.002837411
17035,Illinois,Cumberland County,10450,3098,29,0.29645933,0.00277512
17039,Illinois,De Witt County,15516,5520,30,0.355761794,0.001933488
17037,Illinois,DeKalb County,100420,53444,108,0.53220474,0.001075483
17041,Illinois,Douglas County,19740,12466,64,0.631509625,0.003242148
17043,Illinois,DuPage County,932877,593048,532,0.635719393,0.000570279
17045,Illinois,Edgar County,16866,7602,48,0.450729278,0.002845962
17047,Illinois,Edwards County,6245,3546,24,0.567814251,0.003843074
17049,Illinois,Effingham County,34668,19947,62,0.575372101,0.001788393
17051,Illinois,Fayette County,21488,11074,53,0.515357409,0.002466493
17053,Illinois,Ford County,13534,6292,34,0.464903207,0.002512192
17055,Illinois,Franklin County,37804,17993,109,0.475954925,0.002883293
17057,Illinois,Fulton County,33609,10124,72,0.301228838,0.002142283
17059,Illinois,Gallatin County,4946,2091,15,0.422765871,0.003032754
17061,Illinois,Greene County,11985,6455,37,0.538589904,0.003087192
17063,Illinois,Grundy County,52533,18989,43,0.36146803,0.000818533
17065,Illinois,Hamilton County,7993,4206,30,0.526210434,0.003753284
17067,Illinois,Hancock County,17620,7722,54,0.438251986,0.003064699
17069,Illinois,Hardin County,3649,1404,11,0.384762949,0.003014525
17071,Illinois,Henderson County,6387,1645,17,0.257554407,0.002661656
17073,Illinois,Henry County,49284,21472,80,0.435678922,0.001623245
17075,Illinois,Iroquois County,27077,11681,67,0.431399343,0.002474425
17077,Illinois,Jackson County,52974,24385,116,0.460320157,0.002189753
17079,Illinois,Jasper County,9287,4072,24,0.438462367,0.002584258
17081,Illinois,Jefferson County,37113,17377,92,0.468218683,0.002478916
17083,Illinois,Jersey County,21512,8335,34,0.387458163,0.001580513
17085,Illinois,Jo Daviess County,22035,9392,45,0.426230996,0.002042206
17087,Illinois,Johnson County,13308,3771,30,0.28336339,0.002254283
17089,Illinois,Kane County,516522,291560,313,0.564467728,0.000605976
17091,Illinois,Kankakee County,107502,51348,134,0.477646927,0.001246488
17093,Illinois,Kendall County,131869,35826,48,0.271678711,0.000363998
17095,Illinois,Knox County,49967,12302,76,0.246202494,0.001521004
17097,Illinois,Lake County,714342,365012,396,0.510976535,0.000554356
17099,Illinois,LaSalle County,109658,43120,137,0.393222565,0.001249339
17101,Illinois,Lawrence County,15280,4024,45,0.263350785,0.002945026
17103,Illinois,Lee County,34145,15651,59,0.458368722,0.001727925
17105,Illinois,Livingston County,35815,14954,68,0.417534553,0.001898646
17107,Illinois,Logan County,27987,13248,58,0.473362633,0.002072391
17115,Illinois,Macon County,103998,48119,144,0.46269159,0.001384642
17117,Illinois,Macoupin County,44967,18684,98,0.415504703,0.002179376
17119,Illinois,Madison County,265859,127014,347,0.477749484,0.001305203
17121,Illinois,Marion County,37729,19354,106,0.512974105,0.00280951
17123,Illinois,Marshall County,11742,4016,31,0.342020099,0.002640095
17125,Illinois,Mason County,13086,4121,28,0.314916705,0.002139691
17127,Illinois,Massac County,14169,9103,51,0.642458889,0.003599407
17109,Illinois,McDonough County,27238,9157,51,0.336184742,0.001872384
17111,Illinois,McHenry County,310229,118868,153,0.383162116,0.000493184
17113,Illinois,McLean County,170954,75652,179,0.442528399,0.001047065
17129,Illinois,Menard County,12297,5271,25,0.428641132,0.002033016
17131,Illinois,Mercer County,15699,5742,33,0.365755781,0.002102045
17133,Illinois,Monroe County,34962,20021,35,0.572650306,0.001001087
17135,Illinois,Montgomery County,28288,11374,79,0.40207862,0.002792704
17137,Illinois,Morgan County,32915,13567,58,0.412182895,0.001762115
17139,Illinois,Moultrie County,14526,10055,40,0.692207077,0.002753683
17141,Illinois,Ogle County,51788,24543,74,0.473912876,0.001428902
17143,Illinois,Peoria County,181830,78463,240,0.431518451,0.001319914
17145,Illinois,Perry County,20945,9217,46,0.440057293,0.002196228
17147,Illinois,Piatt County,16673,6094,36,0.36550111,0.00215918
17149,Illinois,Pike County,14739,6362,44,0.431643938,0.002985277
17151,Illinois,Pope County,3763,1294,14,0.343874568,0.003720436
17153,Illinois,Pulaski County,5193,3279,23,0.631426921,0.004429039
17155,Illinois,Putnam County,5637,2262,11,0.401277275,0.001951393
17157,Illinois,Randolph County,30163,15721,71,0.521201472,0.002353877
17159,Illinois,Richland County,15813,7188,38,0.454562702,0.002403086
17161,Illinois,Rock Island County,144672,45719,169,0.316018303,0.00116816
17165,Illinois,Saline County,23768,13848,75,0.58263211,0.003155503
17167,Illinois,Sangamon County,196343,92520,217,0.471216188,0.001105209
17169,Illinois,Schuyler County,6902,2362,26,0.342219646,0.003767024
17171,Illinois,Scott County,4949,2595,20,0.524348353,0.00404122
17173,Illinois,Shelby County,20990,9825,60,0.468080038,0.002858504
17163,Illinois,St Clair County,257400,119474,313,0.464156954,0.001216006
17175,Illinois,Stark County,5400,1721,15,0.318703704,0.002777778
17177,Illinois,Stephenson County,44630,26841,84,0.601411607,0.001882142
17179,Illinois,Tazewell County,131343,56122,158,0.427293423,0.001202957
17181,Illinois,Union County,17244,7698,50,0.446416145,0.002899559
17183,Illinois,Vermilion County,74188,25677,129,0.346107187,0.001738826
17185,Illinois,Wabash County,11361,5399,36,0.475222252,0.003168735
17187,Illinois,Warren County,16835,5733,31,0.340540541,0.001841402
17189,Illinois,Washington County,13761,7969,39,0.579100356,0.002834096
17191,Illinois,Wayne County,16179,8826,65,0.545521973,0.004017554
17193,Illinois,White County,13877,9255,49,0.666930893,0.003531023
17195,Illinois,Whiteside County,55691,34999,102,0.628449839,0.001831535
17197,Illinois,Will County,696355,300627,339,0.431715145,0.000486821
17199,Illinois,Williamson County,67153,24565,118,0.365806442,0.001757181
17201,Illinois,Winnebago County,285350,162722,286,0.570254074,0.001002278
17203,Illinois,Woodford County,38467,13837,63,0.359710921,0.001637767
18001,Indiana,Adams County,35809,29536,121,0.824820576,0.003379039
18003,Indiana,Allen County,385410,210141,436,0.545240134,0.001131263
18005,Indiana,Bartholomew County,82208,39263,110,0.477605586,0.001338069
18007,Indiana,Benton County,8719,3705,21,0.424934052,0.002408533
18009,Indiana,Blackford County,12112,3352,26,0.27675033,0.002146631
18011,Indiana,Boone County,70812,30089,70,0.424913856,0.000988533
18013,Indiana,Brown County,15475,4556,26,0.294410339,0.001680129
18015,Indiana,Carroll County,20306,6122,44,0.301487245,0.002166847
18017,Indiana,Cass County,37870,13951,75,0.368391867,0.001980459
18019,Indiana,Clark County,121093,43534,150,0.359508807,0.001238717
18021,Indiana,Clay County,26466,8361,53,0.315914759,0.002002569
18023,Indiana,Clinton County,33190,14102,61,0.424887014,0.001837903
18025,Indiana,Crawford County,10526,3365,27,0.319684591,0.002565077
18027,Indiana,Daviess County,33381,19020,102,0.569785207,0.00305563
18029,Indiana,Dearborn County,50679,16477,62,0.325124805,0.001223386
18031,Indiana,Decatur County,26472,11280,43,0.426110607,0.001624358
18033,Indiana,DeKalb County,43265,15211,74,0.351577488,0.001710389
18035,Indiana,Delaware County,111903,34791,156,0.310903193,0.001394065
18037,Indiana,Dubois County,43637,28720,56,0.658157069,0.001283315
18039,Indiana,Elkhart County,207047,94940,343,0.458543229,0.001656629
18041,Indiana,Fayette County,23398,11533,43,0.492905377,0.001837764
18043,Indiana,Floyd County,80484,42683,89,0.530329009,0.00110581
18045,Indiana,Fountain County,16479,4979,34,0.30214212,0.002063232
18047,Indiana,Franklin County,22785,8494,36,0.372789116,0.001579987
18049,Indiana,Fulton County,20480,6548,44,0.319726563,0.002148438
18051,Indiana,Gibson County,33011,14247,66,0.431583412,0.001999334
18053,Indiana,Grant County,66674,25934,127,0.388967214,0.00190479
18055,Indiana,Greene County,30803,9467,78,0.307340194,0.002532221
18057,Indiana,Hamilton County,347467,139045,201,0.400167498,0.000578472
18059,Indiana,Hancock County,79840,26293,81,0.329321142,0.001014529
18061,Indiana,Harrison County,39654,12214,79,0.308014324,0.001992233
18063,Indiana,Hendricks County,174788,67777,134,0.387766895,0.000766643
18065,Indiana,Henry County,48914,14318,90,0.292717831,0.001839964
18067,Indiana,Howard County,83658,39622,134,0.473618781,0.00160176
18069,Indiana,Huntington County,36662,14328,66,0.390813376,0.001800229
18071,Indiana,Jackson County,46428,25372,82,0.546480572,0.001766176
18073,Indiana,Jasper County,32918,15824,50,0.480709642,0.001518926
18075,Indiana,Jay County,20478,7670,65,0.374548296,0.003174138
18077,Indiana,Jefferson County,33147,13156,73,0.396898664,0.002202311
18079,Indiana,Jennings County,27613,8957,56,0.3243762,0.00202803
18081,Indiana,Johnson County,161765,56877,122,0.351602633,0.00075418
18083,Indiana,Knox County,36282,16098,72,0.443691086,0.001984455
18085,Indiana,Kosciusko County,80240,26945,139,0.335805085,0.001732303
18087,Indiana,LaGrange County,40446,24594,191,0.608070019,0.004722346
18089,Indiana,Lake County,498700,252187,531,0.505688791,0.001064768
18091,Indiana,LaPorte County,112417,40555,141,0.360755046,0.001254259
18093,Indiana,Lawrence County,45011,17935,88,0.398458155,0.001955078
18095,Indiana,Madison County,130129,39600,169,0.304313412,0.001298711
18097,Indiana,Marion County,977203,495488,961,0.507047154,0.000983419
18099,Indiana,Marshall County,46095,17678,91,0.383512312,0.001974184
18101,Indiana,Martin County,9812,4122,22,0.420097839,0.002242152
18103,Indiana,Miami County,35962,7978,52,0.221845281,0.001445971
18105,Indiana,Monroe County,139718,39347,143,0.281617258,0.00102349
18107,Indiana,Montgomery County,37936,12732,63,0.335617883,0.001660692
18109,Indiana,Morgan County,71780,30160,100,0.42017275,0.001393146
18111,Indiana,Newton County,13830,3675,22,0.265726681,0.001590745
18113,Indiana,Noble County,47457,13529,85,0.285079124,0.001791095
18115,Indiana,Ohio County,5940,2306,14,0.388215488,0.002356902
18117,Indiana,Orange County,19867,7483,68,0.376654754,0.003422761
18119,Indiana,Owen County,21321,5171,43,0.242530838,0.002016791
18121,Indiana,Parke County,16156,5211,46,0.322542709,0.002847239
18123,Indiana,Perry County,19170,7398,35,0.385915493,0.001825769
18125,Indiana,Pike County,12250,2795,34,0.228163265,0.00277551
18127,Indiana,Porter County,173215,66164,139,0.381976157,0.000802471
18129,Indiana,Posey County,25222,11431,46,0.453215447,0.001823805
18131,Indiana,Pulaski County,12514,4922,33,0.393319482,0.002637047
18133,Indiana,Putnam County,36726,10611,58,0.288923379,0.001579263
18135,Indiana,Randolph County,24502,6763,58,0.276018284,0.002367154
18137,Indiana,Ripley County,28995,16520,65,0.569753406,0.002241766
18139,Indiana,Rush County,16752,5093,35,0.3040234,0.002089303
18143,Indiana,Scott County,24384,7878,38,0.323080709,0.001558399
18145,Indiana,Shelby County,45055,19005,70,0.421817778,0.001553657
18147,Indiana,Spencer County,19810,9214,46,0.465118627,0.00232206
18141,Indiana,St Joseph County,272912,108571,296,0.397824207,0.001084599
18149,Indiana,Starke County,23371,6346,36,0.271533097,0.001540371
18151,Indiana,Steuben County,34435,13594,56,0.39477276,0.001626252
18153,Indiana,Sullivan County,20817,7168,47,0.344333958,0.00225777
18155,Indiana,Switzerland County,9737,2496,27,0.256341789,0.002772928
18157,Indiana,Tippecanoe County,186251,54231,139,0.291171591,0.000746305
18159,Indiana,Tipton County,15359,5287,27,0.34422814,0.001757927
18161,Indiana,Union County,7087,1763,14,0.248765345,0.001975448
18163,Indiana,Vanderburgh County,180136,82295,207,0.456849269,0.001149132
18165,Indiana,Vermillion County,15439,3668,28,0.237580154,0.001813589
18167,Indiana,Vigo County,106153,40302,131,0.379659548,0.001234068
18169,Indiana,Wabash County,30976,10944,72,0.353305785,0.00232438
18171,Indiana,Warren County,8440,1949,18,0.230924171,0.002132701
18173,Indiana,Warrick County,63898,24839,69,0.388728912,0.001079846
18175,Indiana,Washington County,28182,9241,70,0.327904336,0.002483855
18177,Indiana,Wayne County,66553,24278,115,0.36479197,0.001727946
18179,Indiana,Wells County,28180,13770,68,0.488644429,0.002413059
18181,Indiana,White County,24688,8106,44,0.328337654,0.001782242
18183,Indiana,Whitley County,34191,12904,57,0.37740926,0.001667105
19001,Iowa,Adair County,7496,2536,19,0.338313767,0.002534685
19003,Iowa,Adams County,3704,1446,11,0.390388769,0.002969762
19005,Iowa,Allamakee County,14061,8913,37,0.633880947,0.002631392
19007,Iowa,Appanoose County,12317,3968,30,0.322156369,0.002435658
19009,Iowa,Audubon County,5674,3000,18,0.528727529,0.003172365
19011,Iowa,Benton County,25575,11486,44,0.449110459,0.00172043
19013,Iowa,Black Hawk County,131144,64217,168,0.489667846,0.001281035
19015,Iowa,Boone County,26715,12350,46,0.462287105,0.001721879
19017,Iowa,Bremer County,24988,15150,47,0.60629102,0.001880903
19019,Iowa,Buchanan County,20565,10620,43,0.516411379,0.002090931
19021,Iowa,Buena Vista County,20823,10443,46,0.50151275,0.002209096
19023,Iowa,Butler County,14334,6538,43,0.45611832,0.00299986
19025,Iowa,Calhoun County,9927,5751,29,0.579329102,0.002921326
19027,Iowa,Carroll County,20760,17026,41,0.820134875,0.001974952
19029,Iowa,Cass County,13127,6505,40,0.495543536,0.003047155
19031,Iowa,Cedar County,18505,6478,32,0.350067549,0.001729262
19033,Iowa,Cerro Gordo County,43127,24882,68,0.576947156,0.001576738
19035,Iowa,Cherokee County,11658,6962,23,0.597186481,0.001972894
19037,Iowa,Chickasaw County,12012,8860,28,0.737595738,0.002331002
19039,Iowa,Clarke County,9748,4168,21,0.427574887,0.002154288
19041,Iowa,Clay County,16384,10573,36,0.645324707,0.002197266
19043,Iowa,Clayton County,17043,10277,47,0.603004166,0.00275773
19045,Iowa,Clinton County,46460,22474,71,0.483727938,0.001528196
19047,Iowa,Crawford County,16525,8102,38,0.490287443,0.002299546
19049,Iowa,Dallas County,99678,46770,89,0.469210859,0.000892875
19051,Iowa,Davis County,9110,3738,31,0.410318332,0.003402854
19053,Iowa,Decatur County,7645,2355,33,0.308044474,0.004316547
19055,Iowa,Delaware County,17488,9312,30,0.532479414,0.001715462
19057,Iowa,Des Moines County,38910,13969,62,0.359007967,0.001593421
19059,Iowa,Dickinson County,17703,11938,25,0.67434898,0.00141219
19061,Iowa,Dubuque County,99266,55054,85,0.554610844,0.000856285
19063,Iowa,Emmet County,9388,5475,22,0.583191308,0.002343417
19065,Iowa,Fayette County,19509,9381,51,0.48085499,0.002614178
19067,Iowa,Floyd County,15627,7579,32,0.484993921,0.002047738
19069,Iowa,Franklin County,10019,5596,26,0.558538776,0.002595069
19071,Iowa,Fremont County,6605,2079,20,0.314761544,0.003028009
19073,Iowa,Greene County,8771,4533,26,0.516816783,0.002964314
19075,Iowa,Grundy County,12329,6054,32,0.491037392,0.002595507
19077,Iowa,Guthrie County,10623,4175,30,0.393015156,0.002824061
19079,Iowa,Hamilton County,15039,7476,35,0.49710752,0.002327282
19081,Iowa,Hancock County,10795,6907,37,0.639833256,0.003427513
19083,Iowa,Hardin County,16878,8354,48,0.494963858,0.002843939
19085,Iowa,Harrison County,14582,5870,33,0.40255109,0.002263064
19087,Iowa,Henry County,20482,6828,40,0.333365882,0.001952934
19089,Iowa,Howard County,9469,7013,28,0.74062731,0.002957018
19091,Iowa,Humboldt County,9597,5383,15,0.560904449,0.001562988
19093,Iowa,Ida County,7005,4628,19,0.660670949,0.002712348
19095,Iowa,Iowa County,16662,8397,34,0.503961109,0.002040571
19097,Iowa,Jackson County,19485,10210,28,0.523992815,0.001437003
19099,Iowa,Jasper County,37813,12522,63,0.331155952,0.001666094
19101,Iowa,Jefferson County,15663,4691,35,0.299495627,0.002234566
19103,Iowa,Johnson County,152854,45691,114,0.29891923,0.00074581
19105,Iowa,Jones County,20646,9522,37,0.461203139,0.001792115
19107,Iowa,Keokuk County,10033,4473,30,0.445828765,0.002990133
19109,Iowa,Kossuth County,14828,11654,41,0.785945508,0.002765039
19111,Iowa,Lee County,33555,14185,60,0.422738787,0.001788109
19113,Iowa,Linn County,230299,103395,196,0.44895983,0.000851068
19115,Iowa,Louisa County,10837,3764,26,0.347328596,0.002399188
19117,Iowa,Lucas County,8634,2559,22,0.296386379,0.002548066
19119,Iowa,Lyon County,11934,7832,36,0.656276186,0.003016591
19121,Iowa,Madison County,16548,5836,33,0.352671018,0.001994199
19123,Iowa,Mahaska County,22190,9629,45,0.433934205,0.002027941
19125,Iowa,Marion County,33414,18129,68,0.542557012,0.002035075
19127,Iowa,Marshall County,40105,21351,59,0.532377509,0.001471138
19129,Iowa,Mills County,14484,4561,21,0.314899199,0.001449876
19131,Iowa,Mitchell County,10565,6639,27,0.628395646,0.002555608
19133,Iowa,Monona County,8751,4178,26,0.477431151,0.002971089
19135,Iowa,Monroe County,7577,3797,17,0.501121816,0.002243632
19137,Iowa,Montgomery County,10330,5352,30,0.518102614,0.002904163
19139,Iowa,Muscatine County,43235,13868,64,0.320758645,0.001480282
19141,Iowa,O'Brien County,14182,9235,40,0.651177549,0.002820477
19143,Iowa,Osceola County,6192,3085,19,0.498223514,0.003068475
19145,Iowa,Page County,15211,7105,49,0.46709618,0.003221353
19147,Iowa,Palo Alto County,8996,5122,22,0.569364162,0.002445531
19149,Iowa,Plymouth County,25698,15707,48,0.611214881,0.00186785
19151,Iowa,Pocahontas County,7078,3310,17,0.467646228,0.002401808
19153,Iowa,Polk County,492401,190684,433,0.387253478,0.000879365
19155,Iowa,Pottawattamie County,93667,31084,110,0.33185647,0.001174373
19157,Iowa,Poweshiek County,18662,6420,35,0.344014575,0.001875469
19159,Iowa,Ringgold County,4663,1504,20,0.322539138,0.004289084
19161,Iowa,Sac County,9814,6857,32,0.698695741,0.003260648
19163,Iowa,Scott County,174669,68978,143,0.394906938,0.000818691
19165,Iowa,Shelby County,11746,7269,36,0.61884897,0.003064873
19167,Iowa,Sioux County,35872,26776,81,0.746431757,0.002258029
19169,Iowa,Story County,98537,33901,105,0.344043354,0.00106559
19171,Iowa,Tama County,17135,7288,33,0.425328275,0.001925883
19173,Iowa,Taylor County,5896,3289,25,0.557835821,0.004240163
19175,Iowa,Union County,12138,4249,28,0.35005767,0.002306805
19177,Iowa,Van Buren County,7203,2756,26,0.382618353,0.003609607
19179,Iowa,Wapello County,35437,10380,61,0.292914186,0.001721365
19181,Iowa,Warren County,52403,17106,67,0.326431693,0.001278553
19183,Iowa,Washington County,22565,9342,49,0.414003988,0.002171505
19185,Iowa,Wayne County,6497,2958,25,0.455287056,0.00384793
19187,Iowa,Webster County,36999,18412,57,0.497635071,0.001540582
19189,Iowa,Winnebago County,10679,7563,30,0.708212379,0.002809252
19191,Iowa,Winneshiek County,20070,13926,42,0.69387145,0.002092676
19193,Iowa,Woodbury County,105941,51321,140,0.484430013,0.00132149
19195,Iowa,Worth County,7443,3999,21,0.537283353,0.002821443
19197,Iowa,Wright County,12943,6296,41,0.486440547,0.003167735
20001,Kansas,Allen County,12526,5310,37,0.42391825,0.002953856
20003,Kansas,Anderson County,7836,4716,25,0.601837672,0.003190403
20005,Kansas,Atchison County,16348,9111,30,0.55731588,0.001835087
20007,Kansas,Barber County,4228,2896,19,0.684957427,0.004493851
20009,Kansas,Barton County,25493,14953,57,0.586553171,0.002235908
20011,Kansas,Bourbon County,14360,7592,47,0.528690808,0.003272981
20013,Kansas,Brown County,9508,4008,34,0.421539756,0.003575936
20015,Kansas,Butler County,67380,21912,81,0.325200356,0.001202137
20017,Kansas,Chase County,2572,771,6,0.299766719,0.002332815
20019,Kansas,Chautauqua County,3379,972,18,0.287659071,0.00532702
20021,Kansas,Cherokee County,19362,6532,52,0.337361843,0.002685673
20023,Kansas,Cheyenne County,2616,1820,12,0.695718654,0.004587156
20025,Kansas,Clark County,1991,1213,11,0.609241587,0.005524862
20027,Kansas,Clay County,8117,4092,28,0.504127141,0.00344955
20029,Kansas,Cloud County,9032,3419,26,0.378542958,0.002878654
20031,Kansas,Coffey County,8360,4026,27,0.481578947,0.003229665
20033,Kansas,Comanche County,1689,1139,9,0.674363529,0.005328597
20035,Kansas,Cowley County,34549,13578,76,0.393007033,0.002199774
20037,Kansas,Crawford County,38972,16462,74,0.42240583,0.001898799
20039,Kansas,Decatur County,2764,1634,16,0.591172214,0.005788712
20041,Kansas,Dickinson County,18402,7879,56,0.428159983,0.003043147
20043,Kansas,Doniphan County,7510,2853,25,0.379893475,0.003328895
20045,Kansas,Douglas County,118785,34526,128,0.290659595,0.001077577
20047,Kansas,Edwards County,2907,1650,14,0.567595459,0.004815961
20049,Kansas,Elk County,2483,1105,14,0.445026178,0.005638341
20051,Kansas,Ellis County,28934,20137,43,0.695963227,0.001486141
20053,Kansas,Ellsworth County,6376,2766,21,0.433814304,0.003293601
20055,Kansas,Finney County,38470,23940,48,0.622303093,0.001247726
20057,Kansas,Ford County,34287,20288,48,0.591711144,0.001399948
20059,Kansas,Franklin County,25996,9009,60,0.346553316,0.002308047
20061,Kansas,Geary County,36739,13842,53,0.376765835,0.001442609
20063,Kansas,Gove County,2718,1721,11,0.633186166,0.004047093
20065,Kansas,Graham County,2415,1423,14,0.589233954,0.005797101
20067,Kansas,Grant County,7352,5420,22,0.737214363,0.002992383
20069,Kansas,Gray County,5653,3912,21,0.692021935,0.003714842
20071,Kansas,Greeley County,1284,438,6,0.341121495,0.004672897
20073,Kansas,Greenwood County,6016,2618,29,0.435172872,0.004820479
20075,Kansas,Hamilton County,2518,1280,10,0.508339952,0.003971406
20077,Kansas,Harper County,5485,2780,27,0.506836828,0.004922516
20079,Kansas,Harvey County,34024,15678,74,0.460792382,0.002174935
20081,Kansas,Haskell County,3780,2407,12,0.636772487,0.003174603
20083,Kansas,Hodgeman County,1723,770,10,0.446894951,0.005803831
20085,Kansas,Jackson County,13232,3590,24,0.271311971,0.001813785
20087,Kansas,Jefferson County,18368,6732,41,0.366506969,0.002232143
20089,Kansas,Jewell County,2932,1436,17,0.489768076,0.00579809
20091,Kansas,Johnson County,609863,284334,370,0.466226021,0.000606694
20093,Kansas,Kearny County,3983,2211,13,0.555109214,0.003263871
20095,Kansas,Kingman County,7470,4517,26,0.604685408,0.003480589
20097,Kansas,Kiowa County,2460,1767,13,0.718292683,0.005284553
20099,Kansas,Labette County,20184,10715,58,0.530866033,0.002873563
20101,Kansas,Lane County,1574,1035,7,0.657560356,0.004447268
20103,Kansas,Leavenworth County,81881,30967,82,0.378195186,0.001001453
20105,Kansas,Lincoln County,2939,1964,14,0.668254508,0.004763525
20107,Kansas,Linn County,9591,3240,25,0.337816703,0.00260661
20109,Kansas,Logan County,2762,1782,11,0.645184649,0.003982621
20111,Kansas,Lyon County,32179,14479,57,0.449951832,0.001771342
20115,Kansas,Marion County,11823,6045,36,0.51129155,0.003044912
20117,Kansas,Marshall County,10038,8493,42,0.846084877,0.0041841
20113,Kansas,McPherson County,30223,15816,72,0.523310062,0.002382292
20119,Kansas,Meade County,4055,3570,20,0.880394575,0.004932182
20121,Kansas,Miami County,34191,13805,59,0.403761224,0.0017256
20123,Kansas,Mitchell County,5796,3758,16,0.648378192,0.002760524
20125,Kansas,Montgomery County,31486,16196,98,0.514387347,0.003112494
20127,Kansas,Morris County,5386,2383,16,0.442443372,0.002970665
20129,Kansas,Morton County,2701,1204,12,0.445760829,0.004442799
20131,Kansas,Nemaha County,10273,7855,29,0.764625718,0.002822934
20133,Kansas,Neosho County,15904,7479,44,0.470259054,0.0027666
20135,Kansas,Ness County,2687,1966,17,0.731671009,0.006326758
20137,Kansas,Norton County,5459,3575,19,0.654881846,0.003480491
20139,Kansas,Osage County,15766,5286,31,0.335278447,0.001966257
20141,Kansas,Osborne County,3500,1809,19,0.516857143,0.005428571
20143,Kansas,Ottawa County,5735,2181,18,0.380296425,0.003138622
20145,Kansas,Pawnee County,6253,3296,20,0.527106989,0.003198465
20147,Kansas,Phillips County,4981,4266,28,0.856454527,0.005621361
20149,Kansas,Pottawatomie County,25348,12665,42,0.499644942,0.001656935
20151,Kansas,Pratt County,9157,4575,26,0.499617779,0.002839358
20153,Kansas,Rawlins County,2561,1358,9,0.530261617,0.003514252
20155,Kansas,Reno County,61898,28708,106,0.463795276,0.001712495
20157,Kansas,Republic County,4674,3033,25,0.648908858,0.005348738
20159,Kansas,Rice County,9427,4603,36,0.488278349,0.003818818
20161,Kansas,Riley County,71959,27746,77,0.385580678,0.001070054
20163,Kansas,Rooks County,4919,3712,16,0.754624924,0.003252694
20165,Kansas,Rush County,2956,1698,14,0.574424899,0.00473613
20167,Kansas,Russell County,6691,3906,25,0.583769242,0.003736362
20169,Kansas,Saline County,54303,23591,83,0.43443272,0.001528461
20171,Kansas,Scott County,5151,3468,14,0.673267327,0.002717919
20173,Kansas,Sedgwick County,523824,240992,544,0.460062922,0.001038517
20175,Kansas,Seward County,21964,9691,44,0.441222,0.002003278
20177,Kansas,Shawnee County,178909,76367,216,0.426848286,0.001207318
20179,Kansas,Sheridan County,2447,1734,14,0.708622803,0.005721291
20181,Kansas,Sherman County,5927,3089,17,0.521174287,0.00286823
20183,Kansas,Smith County,3570,2192,20,0.614005602,0.005602241
20185,Kansas,Stafford County,4072,1278,14,0.313850688,0.003438114
20187,Kansas,Stanton County,2084,1260,7,0.604606526,0.003358925
20189,Kansas,Stevens County,5250,2742,17,0.522285714,0.003238095
20191,Kansas,Sumner County,22382,10308,60,0.460548655,0.002680726
20193,Kansas,Thomas County,7930,4423,23,0.557755359,0.002900378
20195,Kansas,Trego County,2808,1720,13,0.612535613,0.00462963
20197,Kansas,Wabaunsee County,6877,2334,18,0.339392177,0.00261742
20199,Kansas,Wallace County,1512,679,5,0.449074074,0.003306878
20201,Kansas,Washington County,5530,4502,28,0.814104882,0.005063291
20203,Kansas,Wichita County,2152,777,9,0.36105948,0.004182156
20205,Kansas,Wilson County,8624,3413,31,0.39575603,0.00359462
20207,Kansas,Woodson County,3115,635,8,0.203852327,0.002568218
20209,Kansas,Wyandotte County,169245,84492,277,0.499228928,0.001636681
21001,Kentucky,Adair County,18903,6128,52,0.324181347,0.002750886
21003,Kentucky,Allen County,20588,7057,42,0.342772489,0.002040023
21005,Kentucky,Anderson County,23852,12913,44,0.541380178,0.001844709
21007,Kentucky,Ballard County,7728,6910,32,0.894151139,0.004140787
21009,Kentucky,Barren County,44485,19122,89,0.429852759,0.002000674
21011,Kentucky,Bath County,12750,4858,40,0.381019608,0.003137255
21013,Kentucky,Bell County,24097,20397,82,0.846453915,0.003402913
21015,Kentucky,Boone County,135968,57838,85,0.425379501,0.000625147
21017,Kentucky,Bourbon County,20252,9087,48,0.448696425,0.002370136
21019,Kentucky,Boyd County,48261,25243,101,0.523051739,0.002092787
21021,Kentucky,Boyle County,30614,22582,80,0.737636376,0.002613184
21023,Kentucky,Bracken County,8400,3599,28,0.428452381,0.003333333
21025,Kentucky,Breathitt County,13718,2429,29,0.177066628,0.002114011
21027,Kentucky,Breckinridge County,20432,10832,65,0.530148786,0.003181284
21029,Kentucky,Bullitt County,82217,24499,93,0.297979737,0.001131153
21031,Kentucky,Butler County,12371,9482,54,0.76646997,0.004365047
21033,Kentucky,Caldwell County,12649,12323,44,0.974227212,0.003478536
21035,Kentucky,Calloway County,37103,22760,96,0.613427486,0.002587392
21037,Kentucky,Campbell County,93076,46876,95,0.503631441,0.001020671
21039,Kentucky,Carlisle County,4826,3159,17,0.654579362,0.003522586
21041,Kentucky,Carroll County,10810,4521,21,0.418223867,0.001942646
21043,Kentucky,Carter County,26627,8214,70,0.30848387,0.002628911
21045,Kentucky,Casey County,15941,8161,72,0.511950317,0.004516655
21047,Kentucky,Christian County,72748,38621,142,0.530887447,0.001951944
21049,Kentucky,Clark County,36972,15413,66,0.416883047,0.001785135
21051,Kentucky,Clay County,20345,8872,47,0.43607766,0.00231015
21053,Kentucky,Clinton County,9253,5580,35,0.60304766,0.003782557
21055,Kentucky,Crittenden County,8990,5793,33,0.644382647,0.003670745
21057,Kentucky,Cumberland County,5888,3480,40,0.591032609,0.006793478
21059,Kentucky,Daviess County,103312,65983,146,0.638677017,0.001413195
21061,Kentucky,Edmonson County,12126,15790,19,1.302160647,0.001566881
21063,Kentucky,Elliott County,7354,672,4,0.091378841,0.000543922
21065,Kentucky,Estill County,14163,5365,38,0.378803926,0.002683047
21067,Kentucky,Fayette County,322570,156237,313,0.484350684,0.000970332
21069,Kentucky,Fleming County,15082,4746,58,0.314679751,0.003845644
21071,Kentucky,Floyd County,35942,11966,79,0.332925268,0.002197986
21073,Kentucky,Franklin County,51541,23248,86,0.451058381,0.001668575
21075,Kentucky,Fulton County,6515,4840,33,0.742900998,0.005065234
21077,Kentucky,Gallatin County,8690,2620,14,0.301495972,0.001611047
21079,Kentucky,Garrard County,16953,8534,35,0.50339173,0.002064531
21081,Kentucky,Grant County,24941,12555,48,0.503387996,0.001924542
21083,Kentucky,Graves County,36649,26796,120,0.731152282,0.003274305
21085,Kentucky,Grayson County,26420,11260,75,0.426192279,0.002838759
21087,Kentucky,Green County,11107,9921,49,0.893220492,0.004411632
21089,Kentucky,Greenup County,35962,12918,82,0.359212502,0.002280185
21091,Kentucky,Hancock County,9095,7987,26,0.878174821,0.002858714
21093,Kentucky,Hardin County,110702,48604,164,0.439052592,0.001481455
21095,Kentucky,Harlan County,26831,13879,105,0.517274794,0.003913384
21097,Kentucky,Harrison County,18692,8822,52,0.471966617,0.002781939
21099,Kentucky,Hart County,19288,9086,72,0.471070095,0.003732891
21101,Kentucky,Henderson County,44793,25861,73,0.577344674,0.001629719
21103,Kentucky,Henry County,15678,5909,41,0.376897563,0.002615129
21105,Kentucky,Hickman County,4521,5030,31,1.112585711,0.00685689
21107,Kentucky,Hopkins County,45423,28291,122,0.622834247,0.002685864
21109,Kentucky,Jackson County,12955,4436,32,0.342416056,0.002470089
21111,Kentucky,Jefferson County,782969,399861,800,0.51069838,0.001021752
21113,Kentucky,Jessamine County,52991,29415,56,0.555094261,0.001056783
21115,Kentucky,Johnson County,22680,6768,49,0.298412698,0.002160494
21117,Kentucky,Kenton County,169064,73082,134,0.432274168,0.000792599
21119,Kentucky,Knott County,14251,3768,26,0.264402498,0.001824433
21121,Kentucky,Knox County,30193,18412,74,0.609810221,0.002450899
21123,Kentucky,Larue County,14867,7101,39,0.477635031,0.00262326
21125,Kentucky,Laurel County,62613,26979,101,0.43088496,0.001613084
21127,Kentucky,Lawrence County,16293,5845,41,0.358743018,0.002516418
21129,Kentucky,Lee County,7395,2287,27,0.309263016,0.003651116
21131,Kentucky,Leslie County,10513,3245,30,0.308665462,0.00285361
21133,Kentucky,Letcher County,21548,6687,60,0.310330425,0.002784481
21135,Kentucky,Lewis County,13080,3098,38,0.236850153,0.002905199
21137,Kentucky,Lincoln County,24275,12891,69,0.531040165,0.00284243
21139,Kentucky,Livingston County,8888,6268,40,0.705220522,0.00450045
21141,Kentucky,Logan County,27432,19252,95,0.701808107,0.003463109
21143,Kentucky,Lyon County,8680,5689,28,0.655414747,0.003225806
21151,Kentucky,Madison County,92701,34583,132,0.373059622,0.001423933
21153,Kentucky,Magoffin County,11637,3624,27,0.311420469,0.002320186
21155,Kentucky,Marion County,19581,10033,39,0.512384454,0.001991727
21157,Kentucky,Marshall County,31659,21605,84,0.682428377,0.002653274
21159,Kentucky,Martin County,11287,2883,30,0.255426597,0.002657925
21161,Kentucky,Mason County,17120,10063,62,0.587792056,0.003621495
21145,Kentucky,McCracken County,67875,52395,148,0.771933702,0.002180479
21147,Kentucky,McCreary County,16888,4601,30,0.272441971,0.001776409
21149,Kentucky,McLean County,9152,7148,31,0.781031469,0.003387238
21163,Kentucky,Meade County,30003,14645,42,0.488117855,0.00139986
21165,Kentucky,Menifee County,6113,1161,10,0.189923115,0.001635858
21167,Kentucky,Mercer County,22641,13920,60,0.614813833,0.00265006
21169,Kentucky,Metcalfe County,10286,6751,43,0.656328991,0.004180439
21171,Kentucky,Monroe County,11338,6563,50,0.578849885,0.004409949
21173,Kentucky,Montgomery County,28114,11869,48,0.422174006,0.001707334
21175,Kentucky,Morgan County,13726,3326,28,0.242313857,0.002039924
21177,Kentucky,Muhlenberg County,30928,22913,98,0.740849715,0.00316865
21179,Kentucky,Nelson County,46738,20882,64,0.44678848,0.001369335
21181,Kentucky,Nicholas County,7537,3128,28,0.415019238,0.003715006
21183,Kentucky,Ohio County,23772,16227,89,0.682609793,0.0037439
21185,Kentucky,Oldham County,67607,24763,66,0.36627864,0.00097623
21187,Kentucky,Owen County,11278,5620,36,0.498315304,0.003192055
21189,Kentucky,Owsley County,4051,1116,13,0.275487534,0.003209084
21191,Kentucky,Pendleton County,14644,7055,44,0.481767277,0.003004644
21193,Kentucky,Perry County,28473,9978,74,0.350437256,0.002598953
21195,Kentucky,Pike County,58669,19564,129,0.33346401,0.002198776
21197,Kentucky,Powell County,13129,4695,33,0.357605301,0.00251352
21199,Kentucky,Pulaski County,65034,35658,167,0.548297813,0.002567888
21201,Kentucky,Robertson County,2193,513,7,0.233926129,0.003191974
21203,Kentucky,Rockcastle County,16037,9252,46,0.576915882,0.002868367
21205,Kentucky,Rowan County,24662,6146,34,0.24920931,0.001378639
21207,Kentucky,Russell County,17991,8270,56,0.459674282,0.003112667
21209,Kentucky,Scott County,57155,18332,74,0.320741842,0.001294725
21211,Kentucky,Shelby County,48065,23775,71,0.494642671,0.001477166
21213,Kentucky,Simpson County,19594,9000,41,0.459324283,0.002092477
21215,Kentucky,Spencer County,19490,6777,21,0.347716778,0.001077476
21217,Kentucky,Taylor County,26023,17582,67,0.675633094,0.002574646
21219,Kentucky,Todd County,12243,9457,56,0.772441395,0.004574042
21221,Kentucky,Trigg County,14061,11609,53,0.825616955,0.003769291
21223,Kentucky,Trimble County,8474,3272,16,0.386122256,0.001888128
21225,Kentucky,Union County,13668,10092,54,0.738366989,0.003950834
21227,Kentucky,Warren County,134554,56619,170,0.420790166,0.001263433
21229,Kentucky,Washington County,12027,8653,35,0.719464538,0.002910119
21231,Kentucky,Wayne County,19555,13100,54,0.669905395,0.002761442
21233,Kentucky,Webster County,13017,7678,52,0.58984405,0.003994776
21235,Kentucky,Whitley County,36712,21236,91,0.578448464,0.002478754
21237,Kentucky,Wolfe County,6562,2061,19,0.314081073,0.002895459
21239,Kentucky,Woodford County,26871,16840,53,0.626697927,0.001972387
22001,Louisiana,Acadia Parish,57576,34353,77,0.596654856,0.001337363
22003,Louisiana,Allen Parish,22750,10576,57,0.464879121,0.002505495
22005,Louisiana,Ascension Parish,126500,62842,86,0.496774704,0.000679842
22007,Louisiana,Assumption Parish,21039,13035,22,0.619563667,0.001045677
22009,Louisiana,Avoyelles Parish,39693,23563,72,0.593631119,0.001813922
22011,Louisiana,Beauregard Parish,36549,25913,99,0.708993406,0.002708692
22013,Louisiana,Bienville Parish,12981,10234,71,0.788383021,0.005469532
22015,Louisiana,Bossier Parish,128746,75757,172,0.588422165,0.001335964
22017,Louisiana,Caddo Parish,237848,192302,383,0.808507955,0.001610272
22019,Louisiana,Calcasieu Parish,216785,131471,264,0.606458011,0.001217796
22021,Louisiana,Caldwell Parish,9645,5050,32,0.523587351,0.003317781
22023,Louisiana,Cameron Parish,5617,3921,16,0.698059462,0.002848496
22025,Louisiana,Catahoula Parish,8906,7028,47,0.789130923,0.005277341
22027,Louisiana,Claiborne Parish,14170,8470,68,0.597741708,0.004798871
22029,Louisiana,Concordia Parish,18687,9035,49,0.483491197,0.002622144
22031,Louisiana,De Soto Parish,26812,15285,89,0.570080561,0.003319409
22033,Louisiana,East Baton Rouge Parish,456781,289278,532,0.633296919,0.001164672
22035,Louisiana,East Carroll Parish,7459,1950,18,0.261429146,0.002413192
22037,Louisiana,East Feliciana Parish,19539,9481,53,0.485234659,0.002712524
22039,Louisiana,Evangeline Parish,32350,16073,47,0.496846986,0.001452859
22041,Louisiana,Franklin Parish,19774,14809,72,0.748912714,0.003641145
22043,Louisiana,Grant Parish,22169,9486,56,0.427894808,0.00252605
22045,Louisiana,Iberia Parish,69929,51182,69,0.731913798,0.000986715
22047,Louisiana,Iberville Parish,30241,14033,43,0.464038888,0.001421911
22049,Louisiana,Jackson Parish,15031,13151,61,0.874925155,0.00405828
22053,Louisiana,Jefferson Davis Parish,32250,22498,51,0.697612403,0.001581395
22051,Louisiana,Jefferson Parish,440781,312463,383,0.708884911,0.000868912
22055,Louisiana,Lafayette Parish,241753,171359,161,0.708818505,0.000665969
22057,Louisiana,Lafourche Parish,97557,50889,76,0.521633507,0.000779032
22059,Louisiana,LaSalle Parish,14791,8930,51,0.603745521,0.003448043
22061,Louisiana,Lincoln Parish,48396,26407,85,0.545644268,0.001756343
22063,Louisiana,Livingston Parish,142282,69981,143,0.491847177,0.001005046
22065,Louisiana,Madison Parish,10017,4753,20,0.474493361,0.001996606
22067,Louisiana,Morehouse Parish,25629,14606,88,0.569901284,0.00343361
22069,Louisiana,Natchitoches Parish,37515,19434,115,0.518032787,0.00306544
22071,Louisiana,Orleans Parish,383997,214133,431,0.557642377,0.001122405
22073,Louisiana,Ouachita Parish,160368,98413,277,0.613669809,0.001727277
22075,Louisiana,Plaquemines Parish,23515,17500,25,0.744205826,0.001063151
22077,Louisiana,Pointe Coupee Parish,20758,11710,41,0.564119857,0.001975142
22079,Louisiana,Rapides Parish,130023,95528,305,0.734700784,0.002345739
22081,Louisiana,Red River Parish,7620,4051,31,0.531627297,0.004068241
22083,Louisiana,Richland Parish,20043,10804,72,0.539041062,0.003592277
22085,Louisiana,Sabine Parish,22155,17531,97,0.791288648,0.004378244
22087,Louisiana,St Bernard Parish,43764,19414,30,0.443606617,0.000685495
22089,Louisiana,St Charles Parish,52549,30093,44,0.572665512,0.000837314
22091,Louisiana,St Helena Parish,10920,5718,36,0.523626374,0.003296703
22093,Louisiana,St James Parish,20192,23822,28,1.179774168,0.001386688
22095,Louisiana,St John the Baptist Parish,42477,25353,37,0.596864185,0.00087106
22097,Louisiana,St Landry Parish,82540,56756,102,0.687618125,0.001235764
22099,Louisiana,St Martin Parish,51767,29576,37,0.571329225,0.000714741
22101,Louisiana,St Mary Parish,49406,30326,91,0.613812088,0.001841882
22103,Louisiana,St Tammany Parish,264570,214462,235,0.810605889,0.000888234
22105,Louisiana,Tangipahoa Parish,133157,69644,216,0.523021696,0.001622145
22107,Louisiana,Tensas Parish,4147,1679,16,0.404870991,0.003858211
22109,Louisiana,Terrebonne Parish,109580,67518,113,0.616152583,0.00103121
22111,Louisiana,Union Parish,21107,14316,83,0.678258398,0.003932345
22113,Louisiana,Vermilion Parish,57359,27999,50,0.488136125,0.000871703
22115,Louisiana,Vernon Parish,48750,27201,110,0.557969231,0.00225641
22117,Louisiana,Washington Parish,45463,24423,115,0.53720608,0.00252953
22119,Louisiana,Webster Parish,36967,24751,102,0.669543106,0.002759218
22121,Louisiana,West Baton Rouge Parish,27199,12493,24,0.459318357,0.000882385
22123,Louisiana,West Carroll Parish,9751,8799,49,0.902368988,0.005025126
22125,Louisiana,West Feliciana Parish,15310,4621,15,0.30182887,0.000979752
22127,Louisiana,Winn Parish,13755,10696,59,0.777608142,0.004289349
23001,Maine,Androscoggin County,111139,44541,86,0.400768407,0.000773806
23003,Maine,Aroostook County,67105,34513,136,0.514313389,0.002026675
23005,Maine,Cumberland County,303069,99895,267,0.329611409,0.000880987
23007,Maine,Franklin County,29456,7472,50,0.253666486,0.001697447
23009,Maine,Hancock County,55478,9893,103,0.178322939,0.001856592
23011,Maine,Kennebec County,123642,48375,134,0.391250546,0.001083774
23013,Maine,Knox County,40607,12429,66,0.306080232,0.001625336
23015,Maine,Lincoln County,35237,7111,47,0.201804921,0.001333825
23017,Maine,Oxford County,57777,10076,84,0.174394655,0.001453866
23019,Maine,Penobscot County,152199,44279,174,0.290928324,0.00114324
23021,Maine,Piscataquis County,16800,2958,27,0.176071429,0.001607143
23023,Maine,Sagadahoc County,36699,8893,51,0.242322679,0.001389684
23025,Maine,Somerset County,50477,8356,68,0.165540741,0.001347148
23027,Maine,Waldo County,39607,5895,47,0.148837327,0.001186659
23029,Maine,Washington County,31095,6154,81,0.197909632,0.00260492
23031,Maine,York County,211972,68683,153,0.32401921,0.000721793
24001,Maryland,Allegany County,68106,27839,145,0.408759874,0.002129034
24003,Maryland,Anne Arundel County,588261,199170,371,0.338574204,0.000630672
24510,Maryland,Baltimore city,585708,300657,725,0.513322338,0.001237818
24005,Maryland,Baltimore County,854535,296149,569,0.34656158,0.000665859
24009,Maryland,Calvert County,92783,38221,72,0.411939687,0.000776004
24011,Maryland,Caroline County,33293,11835,60,0.355480131,0.001802181
24013,Maryland,Carroll County,172891,68795,155,0.397909666,0.000896519
24015,Maryland,Cecil County,103725,30919,121,0.298086286,0.001166546
24017,Maryland,Charles County,166617,66417,145,0.398620789,0.000870259
24019,Maryland,Dorchester County,32531,11588,81,0.356214073,0.002489933
24021,Maryland,Frederick County,271717,99655,275,0.366760269,0.001012082
24023,Maryland,Garrett County,28806,10873,96,0.377456086,0.003332639
24025,Maryland,Harford County,260924,91277,205,0.34982217,0.000785669
24027,Maryland,Howard County,332317,143226,222,0.430992095,0.000668037
24029,Maryland,Kent County,19198,7477,48,0.389467653,0.00250026
24031,Maryland,Montgomery County,1062061,567370,776,0.53421602,0.000730655
24033,Maryland,Prince George's County,967201,484028,873,0.500441997,0.000902605
24035,Maryland,Queen Anne's County,49874,20403,63,0.409090909,0.001263183
24039,Maryland,Somerset County,24620,5561,49,0.225873274,0.001990252
24037,Maryland,St Marys County,113777,50430,88,0.443235452,0.000773443
24041,Maryland,Talbot County,37526,18632,68,0.496509087,0.001812077
24043,Maryland,Washington County,154705,58736,232,0.379664523,0.001499628
24045,Maryland,Wicomico County,103588,41803,162,0.403550604,0.001563888
24047,Maryland,Worcester County,52460,33534,112,0.639229889,0.00213496
25001,Massachusetts,Barnstable County,228996,82694,175,0.361115478,0.000764205
25003,Massachusetts,Berkshire County,129026,55249,125,0.428200518,0.000968797
25005,Massachusetts,Bristol County,579200,243759,317,0.420854627,0.000547307
25007,Massachusetts,Dukes County,20600,5157,27,0.250339806,0.00131068
25009,Massachusetts,Essex County,809829,397483,453,0.490823371,0.000559377
25011,Massachusetts,Franklin County,71029,16771,83,0.236114826,0.001168537
25013,Massachusetts,Hampden County,465825,219575,336,0.471368003,0.000721301
25015,Massachusetts,Hampshire County,162308,38978,103,0.24014836,0.000634596
25017,Massachusetts,Middlesex County,1632002,882531,958,0.540765881,0.000587009
25019,Massachusetts,Nantucket County,14255,4645,9,0.325850579,0.000631357
25021,Massachusetts,Norfolk County,725981,387818,370,0.534198553,0.000509655
25023,Massachusetts,Plymouth County,530819,228700,302,0.430843659,0.000568932
25025,Massachusetts,Suffolk County,797936,469633,496,0.588559734,0.000621604
25027,Massachusetts,Worcester County,862111,386296,601,0.448081512,0.000697126
26001,Michigan,Alcona County,10167,1818,23,0.178813809,0.002262221
26003,Michigan,Alger County,8842,2505,21,0.283306944,0.002375028
26005,Michigan,Allegan County,120502,43922,127,0.364491876,0.001053924
26007,Michigan,Alpena County,28907,10203,46,0.352959491,0.00159131
26009,Michigan,Antrim County,23431,5686,44,0.242669967,0.001877854
26011,Michigan,Arenac County,15002,4216,25,0.281029196,0.001666444
26013,Michigan,Baraga County,8158,2969,21,0.36393724,0.00257416
26015,Michigan,Barry County,62423,15348,62,0.245870913,0.000993224
26017,Michigan,Bay County,103856,41202,89,0.396722385,0.000856956
26019,Michigan,Benzie County,17970,3971,31,0.22097941,0.001725097
26021,Michigan,Berrien County,154316,67424,229,0.436921641,0.001483968
26023,Michigan,Branch County,44862,15232,70,0.339530115,0.001560341
26025,Michigan,Calhoun County,134310,43340,169,0.322686323,0.001258283
26027,Michigan,Cass County,51589,12243,63,0.237318033,0.001221191
26029,Michigan,Charlevoix County,26054,9200,41,0.353112766,0.001573655
26031,Michigan,Cheboygan County,25579,6924,40,0.270690801,0.001563783
26033,Michigan,Chippewa County,36785,10053,69,0.273290744,0.001875765
26035,Michigan,Clare County,30856,9875,55,0.320035001,0.001782473
26037,Michigan,Clinton County,79128,26527,63,0.335241634,0.000796178
26039,Michigan,Crawford County,12988,1696,16,0.130582076,0.001231906
26041,Michigan,Delta County,36903,21142,58,0.572907352,0.001571688
26043,Michigan,Dickinson County,25947,12792,43,0.493004972,0.001657224
26045,Michigan,Eaton County,109175,30267,91,0.277233799,0.000833524
26047,Michigan,Emmet County,34112,11342,52,0.332492964,0.00152439
26049,Michigan,Genesee County,406211,164510,469,0.404986571,0.001154572
26051,Michigan,Gladwin County,25386,7415,42,0.292090128,0.001654455
26053,Michigan,Gogebic County,14380,4642,30,0.322809458,0.002086231
26055,Michigan,Grand Traverse County,95238,28797,76,0.302368802,0.000798001
26057,Michigan,Gratiot County,41761,10053,64,0.240726994,0.00153253
26059,Michigan,Hillsdale County,45746,11128,76,0.243256241,0.001661347
26061,Michigan,Houghton County,37361,13498,62,0.361285833,0.001659484
26063,Michigan,Huron County,31407,16476,73,0.524596428,0.002324323
26065,Michigan,Ingham County,284900,112833,273,0.396044226,0.000958231
26067,Michigan,Ionia County,66804,20189,80,0.302212442,0.001197533
26069,Michigan,Iosco County,25237,7904,42,0.31319095,0.001664223
26071,Michigan,Iron County,11631,4137,23,0.355687387,0.001977474
26073,Michigan,Isabella County,64394,20945,62,0.325263223,0.000962823
26075,Michigan,Jackson County,160366,44966,141,0.280396094,0.000879239
26077,Michigan,Kalamazoo County,261670,102106,222,0.390209042,0.000848397
26079,Michigan,Kalkaska County,17939,3412,22,0.190200123,0.001226378
26081,Michigan,Kent County,657974,282420,602,0.429226687,0.00091493
26083,Michigan,Keweenaw County,2046,528,7,0.258064516,0.00342131
26085,Michigan,Lake County,12096,3869,26,0.319857804,0.002149471
26087,Michigan,Lapeer County,88619,23429,79,0.264378971,0.000891457
26089,Michigan,Leelanau County,22301,6719,31,0.301286938,0.001390072
26091,Michigan,Lenawee County,99423,33427,123,0.336209931,0.001237138
26093,Michigan,Livingston County,193866,57109,106,0.294579761,0.000546769
26095,Michigan,Luce County,5339,2132,16,0.399325716,0.002996816
26097,Michigan,Mackinac County,10834,4515,30,0.416743585,0.00276906
26099,Michigan,Macomb County,881217,326519,401,0.370531889,0.000455053
26101,Michigan,Manistee County,25032,5827,38,0.232782039,0.001518057
26103,Michigan,Marquette County,66017,28610,88,0.433373222,0.00133299
26105,Michigan,Mason County,29052,10407,45,0.358219744,0.001548947
26107,Michigan,Mecosta County,39714,11639,56,0.293070454,0.001410082
26109,Michigan,Menominee County,23502,11545,36,0.491234789,0.001531785
26111,Michigan,Midland County,83494,36998,87,0.443121661,0.001041991
26113,Michigan,Missaukee County,15052,4952,27,0.328992825,0.001793782
26115,Michigan,Monroe County,154809,70648,140,0.456355897,0.00090434
26117,Michigan,Montcalm County,66614,17805,104,0.267286156,0.001561233
26119,Michigan,Montmorency County,9153,2291,18,0.250300448,0.001966568
26121,Michigan,Muskegon County,175824,49858,182,0.283567659,0.001035126
26123,Michigan,Newaygo County,49978,17754,80,0.355236304,0.001600704
26125,Michigan,Oakland County,1274395,615246,754,0.482774964,0.000591653
26127,Michigan,Oceana County,26659,6990,49,0.262200383,0.001838028
26129,Michigan,Ogemaw County,20770,5789,28,0.278719307,0.001348098
26131,Michigan,Ontonagon County,5816,2224,27,0.382393398,0.004642366
26133,Michigan,Osceola County,22891,6881,44,0.300598488,0.001922153
26135,Michigan,Oscoda County,8219,1498,14,0.182260616,0.00170337
26137,Michigan,Otsego County,25091,7662,31,0.305368459,0.001235503
26139,Michigan,Ottawa County,296200,130977,285,0.442191087,0.000962188
26141,Michigan,Presque Isle County,12982,5142,33,0.39608689,0.002541981
26143,Michigan,Roscommon County,23459,4999,37,0.213095187,0.00157722
26145,Michigan,Saginaw County,190124,90866,222,0.477930193,0.001167659
26151,Michigan,Sanilac County,40611,12144,87,0.299032282,0.002142277
26153,Michigan,Schoolcraft County,8047,4243,24,0.527277246,0.002982478
26155,Michigan,Shiawassee County,68094,16820,94,0.247011484,0.001380445
26147,Michigan,St Clair County,160383,54797,129,0.341663393,0.000804325
26149,Michigan,St Joseph County,60939,24392,113,0.400269122,0.001854313
26157,Michigan,Tuscola County,53323,20097,91,0.376891773,0.001706581
26159,Michigan,Van Buren County,75587,21527,101,0.28479765,0.001336209
26161,Michigan,Washtenaw County,372258,118242,302,0.317634544,0.000811265
26163,Michigan,Wayne County,1793561,845987,"1,546",0.471680082,0.000861972
26165,Michigan,Wexford County,33673,10111,55,0.300270246,0.001633356
27001,Minnesota,Aitkin County,15697,7549,42,0.480919921,0.002675671
27003,Minnesota,Anoka County,363887,153906,189,0.422949982,0.000519392
27005,Minnesota,Becker County,35183,18617,62,0.5291476,0.001762215
27007,Minnesota,Beltrami County,46228,16133,69,0.348987627,0.001492602
27009,Minnesota,Benton County,41379,21648,39,0.523163924,0.000942507
27011,Minnesota,Big Stone County,5166,4168,25,0.806813782,0.004839334
27013,Minnesota,Blue Earth County,69112,36405,77,0.526753675,0.001114134
27015,Minnesota,Brown County,25912,22766,41,0.878589071,0.001582278
27017,Minnesota,Carlton County,36207,14048,57,0.387991272,0.001574281
27019,Minnesota,Carver County,106922,54181,68,0.506733881,0.000635978
27021,Minnesota,Cass County,30066,7191,54,0.239173818,0.001796049
27023,Minnesota,Chippewa County,12598,9775,26,0.775916812,0.00206382
27025,Minnesota,Chisago County,56621,19567,48,0.345578496,0.000847742
27027,Minnesota,Clay County,65318,30227,74,0.462766772,0.001132919
27029,Minnesota,Clearwater County,8524,4597,30,0.539300798,0.003519474
27031,Minnesota,Cook County,5600,1715,16,0.30625,0.002857143
27033,Minnesota,Cottonwood County,11517,7061,35,0.613093688,0.003038986
27035,Minnesota,Crow Wing County,66123,28791,82,0.435415816,0.001240113
27037,Minnesota,Dakota County,439882,231157,225,0.525497747,0.000511501
27039,Minnesota,Dodge County,20867,12395,38,0.594000096,0.001821057
27041,Minnesota,Douglas County,39006,22957,62,0.588550479,0.001589499
27043,Minnesota,Faribault County,13921,10339,39,0.742690899,0.002801523
27045,Minnesota,Fillmore County,21228,15643,73,0.736904089,0.003438854
27047,Minnesota,Freeborn County,30895,18178,60,0.588379997,0.001942062
27049,Minnesota,Goodhue County,47582,30931,87,0.650056744,0.001828423
27051,Minnesota,Grant County,6074,4957,23,0.816101416,0.003786632
27053,Minnesota,Hennepin County,1281565,655653,906,0.511603391,0.000706948
27055,Minnesota,Houston County,18843,11704,29,0.621132516,0.001539033
27057,Minnesota,Hubbard County,21344,7214,33,0.337987256,0.001546102
27059,Minnesota,Isanti County,41135,8262,41,0.200850857,0.000996718
27061,Minnesota,Itasca County,45014,17759,89,0.394521704,0.001977163
27063,Minnesota,Jackson County,9989,7091,25,0.709880869,0.002502753
27065,Minnesota,Kanabec County,16032,4240,21,0.264471058,0.00130988
27067,Minnesota,Kandiyohi County,43732,29513,71,0.674860514,0.001623525
27069,Minnesota,Kittson County,4207,3298,21,0.783931543,0.004991681
27071,Minnesota,Koochiching County,12062,5956,34,0.493782126,0.00281877
27073,Minnesota,Lac qui Parle County,6719,6542,27,0.973656794,0.004018455
27075,Minnesota,Lake County,10905,5164,25,0.473544246,0.002292526
27077,Minnesota,Lake of the Woods County,3763,2323,14,0.617326601,0.003720436
27079,Minnesota,Le Sueur County,28674,13591,31,0.4739834,0.001081119
27081,Minnesota,Lincoln County,5640,4457,20,0.790248227,0.003546099
27083,Minnesota,Lyon County,25269,15662,44,0.619810835,0.001741264
27087,Minnesota,Mahnomen County,5411,2417,14,0.446682683,0.002587322
27089,Minnesota,Marshall County,9040,5723,39,0.633075221,0.004314159
27091,Minnesota,Martin County,20025,16034,46,0.800699126,0.002297129
27085,Minnesota,McLeod County,36771,25678,51,0.698322047,0.001386963
27093,Minnesota,Meeker County,23400,11203,39,0.478760684,0.001666667
27095,Minnesota,Mille Lacs County,26459,14524,49,0.548924752,0.001851922
27097,Minnesota,Morrison County,34010,20555,55,0.604381064,0.001617171
27099,Minnesota,Mower County,40029,22540,60,0.563091758,0.001498913
27101,Minnesota,Murray County,8179,5631,23,0.688470473,0.00281208
27103,Minnesota,Nicollet County,34454,17604,33,0.510942126,0.000957799
27105,Minnesota,Nobles County,22290,14489,51,0.650022432,0.002288022
27107,Minnesota,Norman County,6441,4635,28,0.719608756,0.004347151
27109,Minnesota,Olmsted County,162847,77503,143,0.475925255,0.000878125
27111,Minnesota,Otter Tail County,60081,33731,137,0.561425409,0.002280255
27113,Minnesota,Pennington County,13992,8547,32,0.610849057,0.002287021
27115,Minnesota,Pine County,28876,15768,56,0.546059011,0.001939327
27117,Minnesota,Pipestone County,9424,6690,31,0.709889643,0.003289474
27119,Minnesota,Polk County,31192,17032,79,0.546037445,0.002532701
27121,Minnesota,Pope County,11308,6553,33,0.579501238,0.002918288
27123,Minnesota,Ramsey County,552352,234560,419,0.424656741,0.000758574
27125,Minnesota,Red Lake County,3935,3038,11,0.772045743,0.002795426
27127,Minnesota,Redwood County,15425,12393,48,0.803435981,0.003111831
27129,Minnesota,Renville County,14723,10970,45,0.745092712,0.003056442
27131,Minnesota,Rice County,67097,37564,67,0.559846193,0.000998554
27133,Minnesota,Rock County,9704,6890,21,0.710016488,0.002164056
27135,Minnesota,Roseau County,15331,6979,44,0.455221447,0.002870002
27139,Minnesota,Scott County,150928,75803,75,0.502246104,0.000496926
27141,Minnesota,Sherburne County,97183,28686,56,0.295175082,0.000576232
27143,Minnesota,Sibley County,14836,9840,41,0.66325155,0.002763548
27137,Minnesota,St Louis County,200231,70529,261,0.352238165,0.001303494
27145,Minnesota,Stearns County,158292,83883,131,0.529925707,0.000827584
27147,Minnesota,Steele County,37406,22910,46,0.612468588,0.001229749
27149,Minnesota,Stevens County,9671,7450,29,0.770344328,0.002998656
27151,Minnesota,Swift County,9838,6700,27,0.68103273,0.00274446
27153,Minnesota,Todd County,25262,12162,56,0.481434566,0.002216768
27155,Minnesota,Traverse County,3360,2168,11,0.645238095,0.00327381
27157,Minnesota,Wabasha County,21387,15139,38,0.707859915,0.00177678
27159,Minnesota,Wadena County,14065,7780,46,0.553146107,0.00327053
27161,Minnesota,Waseca County,18968,12150,38,0.640552509,0.002003374
27163,Minnesota,Washington County,267568,118202,125,0.441764337,0.000467171
27165,Minnesota,Watonwan County,11253,8288,31,0.736514707,0.002754821
27167,Minnesota,Wilkin County,6506,3532,15,0.542883492,0.002305564
27169,Minnesota,Winona County,49671,27838,78,0.560447746,0.001570333
27171,Minnesota,Wright County,141337,61563,106,0.435575964,0.000749981
27173,Minnesota,Yellow Medicine County,9528,7059,30,0.740869018,0.003148615
28001,Mississippi,Adams County,29538,25470,73,0.862279098,0.002471393
28003,Mississippi,Alcorn County,34740,25279,111,0.727662637,0.003195164
28005,Mississippi,Amite County,12720,6348,48,0.499056604,0.003773585
28007,Mississippi,Attala County,17889,10170,62,0.568505786,0.003465817
28009,Mississippi,Benton County,7646,5688,29,0.743918389,0.003792833
28011,Mississippi,Bolivar County,30985,16523,96,0.533258028,0.003098273
28013,Mississippi,Calhoun County,13266,11038,72,0.832051862,0.005427408
28015,Mississippi,Carroll County,9998,5794,46,0.579515903,0.00460092
28017,Mississippi,Chickasaw County,17106,13148,84,0.768619198,0.004910558
28019,Mississippi,Choctaw County,8246,4938,37,0.598835799,0.004487024
28021,Mississippi,Claiborne County,9135,1187,31,0.129939792,0.003393541
28023,Mississippi,Clarke County,15615,10365,74,0.663784822,0.004739033
28025,Mississippi,Clay County,18636,16506,62,0.885705087,0.003326894
28027,Mississippi,Coahoma County,21390,11290,52,0.527816737,0.002431043
28029,Mississippi,Copiah County,28368,15680,100,0.552735477,0.003525099
28031,Mississippi,Covington County,18340,10939,60,0.596455834,0.003271538
28033,Mississippi,DeSoto County,185314,95185,208,0.513641711,0.001122419
28035,Mississippi,Forrest County,78158,55783,153,0.713720924,0.001957573
28037,Mississippi,Franklin County,7675,5220,41,0.680130293,0.00534202
28039,Mississippi,George County,24350,11597,72,0.476262834,0.002956879
28041,Mississippi,Greene County,13530,4371,61,0.323059867,0.0045085
28043,Mississippi,Grenada County,21629,14171,64,0.655185168,0.00295899
28045,Mississippi,Hancock County,46053,13319,55,0.289210258,0.001194276
28047,Mississippi,Harrison County,208621,92343,260,0.442635209,0.001246279
28049,Mississippi,Hinds County,227742,174248,467,0.765111398,0.002050566
28051,Mississippi,Holmes County,17000,8299,75,0.488176471,0.004411765
28053,Mississippi,Humphreys County,7785,2981,31,0.382915864,0.003982017
28055,Mississippi,Issaquena County,1338,211,4,0.157698057,0.002989537
28057,Mississippi,Itawamba County,23863,11140,96,0.466831496,0.004022964
28059,Mississippi,Jackson County,143252,69252,208,0.483427806,0.001451987
28061,Mississippi,Jasper County,16367,7635,71,0.466487444,0.004337997
28063,Mississippi,Jefferson County,7260,2683,27,0.369559229,0.003719008
28065,Mississippi,Jefferson Davis County,11321,5799,40,0.512233902,0.003533257
28067,Mississippi,Jones County,67246,50461,196,0.750394075,0.002914672
28069,Mississippi,Kemper County,8988,3473,49,0.386404094,0.005451713
28071,Mississippi,Lafayette County,55813,22002,85,0.394209234,0.001522943
28073,Mississippi,Lamar County,64222,29027,77,0.451979073,0.001198966
28075,Mississippi,Lauderdale County,72984,55340,191,0.758248383,0.002617012
28077,Mississippi,Lawrence County,12016,7187,40,0.598119174,0.003328895
28079,Mississippi,Leake County,21275,12940,85,0.608225617,0.0039953
28081,Mississippi,Lee County,83343,48411,182,0.58086462,0.002183747
28083,Mississippi,Leflore County,28339,17186,82,0.606443417,0.002893539
28085,Mississippi,Lincoln County,34907,23889,98,0.684361303,0.00280746
28087,Mississippi,Lowndes County,58879,49602,149,0.842439579,0.002530614
28089,Mississippi,Madison County,109145,67321,143,0.616803335,0.001310184
28091,Mississippi,Marion County,24441,18970,98,0.776154822,0.004009656
28093,Mississippi,Marshall County,33752,19777,110,0.585950462,0.003259066
28095,Mississippi,Monroe County,34180,18137,124,0.530631949,0.003627853
28097,Mississippi,Montgomery County,9822,8053,45,0.819894115,0.004581552
28099,Mississippi,Neshoba County,29087,16972,100,0.583490907,0.003437962
28101,Mississippi,Newton County,21291,11278,67,0.529707388,0.00314687
28103,Mississippi,Noxubee County,10285,4686,42,0.455614973,0.004083617
28105,Mississippi,Oktibbeha County,51788,25085,91,0.484378621,0.001757164
28107,Mississippi,Panola County,33208,16842,102,0.507166948,0.003071549
28109,Mississippi,Pearl River County,56145,35360,100,0.629797845,0.001781103
28111,Mississippi,Perry County,11511,6706,48,0.582573191,0.004169924
28113,Mississippi,Pike County,40324,27581,100,0.683984724,0.002479913
28115,Mississippi,Pontotoc County,31184,20668,95,0.662775782,0.003046434
28117,Mississippi,Prentiss County,25008,18416,92,0.736404351,0.003678823
28119,Mississippi,Quitman County,6176,3745,32,0.606379534,0.005181347
28121,Mississippi,Rankin County,157031,84876,199,0.540504741,0.001267266
28123,Mississippi,Scott County,27990,18390,96,0.657020364,0.003429796
28125,Mississippi,Sharkey County,3800,2285,17,0.601315789,0.004473684
28127,Mississippi,Simpson County,25949,23070,93,0.889051601,0.003583953
28129,Mississippi,Smith County,14209,6388,52,0.449574214,0.003659652
28131,Mississippi,Stone County,18333,7355,39,0.401189113,0.002127311
28133,Mississippi,Sunflower County,25971,10318,73,0.397289284,0.002810827
28135,Mississippi,Tallahatchie County,12715,5121,48,0.402752654,0.003775069
28137,Mississippi,Tate County,28064,16760,69,0.597206385,0.002458666
28139,Mississippi,Tippah County,21815,15107,86,0.692505157,0.003942242
28141,Mississippi,Tishomingo County,18850,9456,75,0.501644562,0.00397878
28143,Mississippi,Tunica County,9782,2253,18,0.230320998,0.001840114
28145,Mississippi,Union County,27777,23029,84,0.829067214,0.003024085
28147,Mississippi,Walthall County,13884,6671,30,0.480481129,0.002160761
28149,Mississippi,Warren County,44722,30219,105,0.675707705,0.002347838
28151,Mississippi,Washington County,44922,33972,132,0.756244157,0.002938427
28153,Mississippi,Wayne County,19779,11973,82,0.605338996,0.004145811
28155,Mississippi,Webster County,9926,6749,43,0.679931493,0.004332057
28157,Mississippi,Wilkinson County,8587,4557,29,0.530685921,0.003377198
28159,Mississippi,Winston County,17714,12296,77,0.694140228,0.004346844
28161,Mississippi,Yalobusha County,12481,11861,55,0.950324493,0.004406698
28163,Mississippi,Yazoo County,26743,12906,79,0.482593576,0.002954044
29001,Missouri,Adair County,25314,10446,54,0.412657028,0.002133207
29003,Missouri,Andrew County,18135,8078,24,0.445437,0.001323408
29005,Missouri,Atchison County,5305,2105,22,0.396795476,0.004147031
29007,Missouri,Audrain County,24962,12918,68,0.51750661,0.002724141
29009,Missouri,Barry County,34534,17947,96,0.51969074,0.002779869
29011,Missouri,Barton County,11637,7325,43,0.629457764,0.00369511
29013,Missouri,Bates County,16042,7046,50,0.439222042,0.003116818
29015,Missouri,Benton County,19394,9053,46,0.466793854,0.002371868
29017,Missouri,Bollinger County,10567,4536,38,0.429260907,0.003596101
29019,Missouri,Boone County,183610,68011,184,0.370410108,0.001002124
29021,Missouri,Buchanan County,84793,37840,117,0.446263253,0.001379831
29023,Missouri,Butler County,42130,16739,89,0.397317826,0.002112509
29025,Missouri,Caldwell County,8815,4745,30,0.538287011,0.00340329
29027,Missouri,Callaway County,44283,13311,72,0.300589391,0.001625906
29029,Missouri,Camden County,42745,17315,67,0.405076617,0.001567435
29031,Missouri,Cape Girardeau County,81710,47773,116,0.58466528,0.001419655
29033,Missouri,Carroll County,8495,5777,29,0.680047087,0.003413773
29035,Missouri,Carter County,5202,2277,23,0.437716263,0.004421376
29037,Missouri,Cass County,107824,32815,113,0.304338552,0.001048004
29039,Missouri,Cedar County,14188,5551,36,0.391246123,0.002537356
29041,Missouri,Chariton County,7408,4522,32,0.610421166,0.004319654
29043,Missouri,Christian County,88842,60823,105,0.684619887,0.001181873
29045,Missouri,Clark County,6634,2294,24,0.345794393,0.003617727
29047,Missouri,Clay County,253335,100005,210,0.394753982,0.000828942
29049,Missouri,Clinton County,21184,9475,35,0.447271526,0.00165219
29051,Missouri,Cole County,77279,47313,99,0.612236183,0.001281072
29053,Missouri,Cooper County,17103,9115,53,0.532947436,0.003098872
29055,Missouri,Crawford County,23056,6860,55,0.297536433,0.002385496
29057,Missouri,Dade County,7569,4420,32,0.583960893,0.004227771
29059,Missouri,Dallas County,17071,7278,34,0.426337063,0.001991682
29061,Missouri,Daviess County,8430,5472,40,0.64911032,0.004744958
29063,Missouri,DeKalb County,11029,2815,30,0.255236195,0.002720102
29065,Missouri,Dent County,14421,6260,37,0.434089176,0.002565703
29067,Missouri,Douglas County,11578,3584,26,0.3095526,0.002245638
29069,Missouri,Dunklin County,28283,12230,69,0.432415232,0.002439628
29071,Missouri,Franklin County,104682,53312,178,0.509275711,0.001700388
29073,Missouri,Gasconade County,14794,7643,43,0.516628363,0.002906584
29075,Missouri,Gentry County,6162,4500,25,0.730282376,0.004057124
29077,Missouri,Greene County,298915,143157,371,0.478922102,0.001241156
29079,Missouri,Grundy County,9808,7131,43,0.727059543,0.004384176
29081,Missouri,Harrison County,8157,4186,35,0.513178865,0.004290793
29083,Missouri,Henry County,21946,10834,60,0.493666272,0.002733983
29085,Missouri,Hickory County,8279,2750,22,0.33216572,0.002657326
29087,Missouri,Holt County,4223,2403,25,0.569026758,0.005919962
29089,Missouri,Howard County,10151,4885,30,0.481233376,0.002955374
29091,Missouri,Howell County,39750,16592,94,0.417408805,0.00236478
29093,Missouri,Iron County,9537,3496,34,0.366572297,0.003565062
29095,Missouri,Jackson County,717204,367173,857,0.511950575,0.001194918
29097,Missouri,Jasper County,122761,60936,198,0.496379143,0.00161289
29099,Missouri,Jefferson County,226739,79716,170,0.351576041,0.000749761
29101,Missouri,Johnson County,54013,15804,84,0.292596227,0.001555181
29103,Missouri,Knox County,3744,2434,18,0.650106838,0.004807692
29105,Missouri,Laclede County,36039,19932,80,0.55306751,0.002219817
29107,Missouri,Lafayette County,32984,18430,77,0.55875576,0.002334465
29109,Missouri,Lawrence County,38001,20026,103,0.526986132,0.002710455
29111,Missouri,Lewis County,10032,4700,36,0.468500797,0.003588517
29113,Missouri,Lincoln County,59574,17338,59,0.291033001,0.000990365
29115,Missouri,Linn County,11874,8774,50,0.738925383,0.004210881
29117,Missouri,Livingston County,14557,8291,38,0.569554166,0.002610428
29121,Missouri,Macon County,15209,9751,54,0.641133539,0.003550529
29123,Missouri,Madison County,12626,6646,44,0.526374149,0.003484872
29125,Missouri,Maries County,8432,3724,25,0.441650854,0.002964896
29127,Missouri,Marion County,28525,13698,71,0.480210342,0.002489045
29119,Missouri,McDonald County,23303,9105,47,0.390722225,0.002016908
29129,Missouri,Mercer County,3538,2844,21,0.80384398,0.005935557
29131,Missouri,Miller County,24722,12789,62,0.517312515,0.002507888
29133,Missouri,Mississippi County,12577,5864,35,0.466247913,0.002782858
29135,Missouri,Moniteau County,15473,7477,43,0.48322885,0.002779034
29137,Missouri,Monroe County,8666,5685,34,0.656012001,0.003923379
29139,Missouri,Montgomery County,11322,4395,42,0.3881823,0.003709592
29141,Missouri,Morgan County,21006,8842,58,0.420927354,0.002761116
29143,Missouri,New Madrid County,16434,9348,53,0.568820737,0.003225021
29145,Missouri,Newton County,58648,29142,113,0.49689674,0.001926749
29147,Missouri,Nodaway County,21241,11004,42,0.518054706,0.001977308
29149,Missouri,Oregon County,8635,5145,49,0.595830921,0.00567458
29151,Missouri,Osage County,13274,8357,33,0.629576616,0.002486063
29153,Missouri,Ozark County,8553,2379,24,0.278148018,0.002806033
29155,Missouri,Pemiscot County,15661,9818,53,0.626907605,0.003384203
29157,Missouri,Perry County,18956,13259,29,0.699461912,0.001529859
29159,Missouri,Pettis County,42980,22605,93,0.525942299,0.002163797
29161,Missouri,Phelps County,44638,17492,81,0.391863435,0.001814597
29163,Missouri,Pike County,17587,8114,68,0.461363507,0.003866492
29165,Missouri,Platte County,106718,30205,71,0.283035664,0.000665305
29167,Missouri,Polk County,31519,12411,66,0.393762492,0.002093975
29169,Missouri,Pulaski County,53955,19128,82,0.354517654,0.001519785
29171,Missouri,Putnam County,4681,2459,16,0.525315104,0.003418073
29173,Missouri,Ralls County,10355,3420,18,0.330275229,0.001738291
29175,Missouri,Randolph County,24716,9796,51,0.39634245,0.002063441
29177,Missouri,Ray County,23158,9028,50,0.389843683,0.002159081
29179,Missouri,Reynolds County,6096,3664,25,0.601049869,0.00410105
29181,Missouri,Ripley County,10679,3772,41,0.353216593,0.003839311
29195,Missouri,Saline County,23333,11385,58,0.487935542,0.00248575
29197,Missouri,Schuyler County,4032,2120,17,0.525793651,0.00421627
29199,Missouri,Scotland County,4716,2912,25,0.617472434,0.005301103
29201,Missouri,Scott County,38059,20649,89,0.542552353,0.002338474
29203,Missouri,Shannon County,7031,2199,26,0.312757787,0.003697909
29205,Missouri,Shelby County,6103,2953,30,0.483860397,0.004915615
29183,Missouri,St Charles County,405262,201195,230,0.496456613,0.000567534
29185,Missouri,St Clair County,9284,4713,31,0.507647566,0.003339078
29187,Missouri,St Francois County,66922,25283,130,0.377798034,0.00194256
29510,Missouri,St Louis city,301578,240618,511,0.797863239,0.001694421
29189,Missouri,St Louis County,1004125,509443,693,0.507350181,0.000690153
29186,Missouri,Ste Genevieve County,18479,9052,26,0.489853347,0.001407003
29207,Missouri,Stoddard County,28672,9496,72,0.331194196,0.002511161
29209,Missouri,Stone County,31076,10326,58,0.332282147,0.001866392
29211,Missouri,Sullivan County,5999,3504,21,0.58409735,0.003500583
29213,Missouri,Taney County,56066,24248,84,0.432490279,0.001498234
29215,Missouri,Texas County,24487,12937,88,0.52832115,0.003593744
29217,Missouri,Vernon County,19707,8635,49,0.438169178,0.002486426
29219,Missouri,Warren County,35532,13355,33,0.375858381,0.00092874
29221,Missouri,Washington County,23514,8020,57,0.341073403,0.002424088
29223,Missouri,Wayne County,10974,3617,29,0.32959723,0.00264261
29225,Missouri,Webster County,39085,18155,96,0.464500448,0.002456185
29227,Missouri,Worth County,1973,2897,11,1.468322352,0.005575266
29229,Missouri,Wright County,18188,11899,71,0.654222564,0.003903673
30001,Montana,Beaverhead County,9371,4301,26,0.45896916,0.002774517
30003,Montana,Big Horn County,13124,4941,42,0.376485827,0.003200244
30005,Montana,Blaine County,7044,3054,31,0.433560477,0.004400909
30007,Montana,Broadwater County,6774,980,9,0.1446708,0.001328609
30009,Montana,Carbon County,10473,2415,26,0.230592953,0.002482574
30011,Montana,Carter County,1415,674,7,0.476325088,0.004946996
30013,Montana,Cascade County,84414,31913,115,0.378053403,0.001362333
30015,Montana,Chouteau County,5895,2474,19,0.419677693,0.00322307
30017,Montana,Custer County,11867,4717,21,0.397488835,0.001769613
30019,Montana,Daniels County,1661,699,8,0.420830825,0.004816376
30021,Montana,Dawson County,8940,6518,22,0.729082774,0.00246085
30023,Montana,Deer Lodge County,9421,3289,13,0.349113682,0.001379896
30025,Montana,Fallon County,3049,1692,10,0.554936045,0.003279764
30027,Montana,Fergus County,11446,4236,38,0.370085619,0.003319937
30029,Montana,Flathead County,104357,38636,121,0.370229117,0.001159481
30031,Montana,Gallatin County,118960,35145,108,0.29543544,0.000907868
30033,Montana,Garfield County,1173,566,7,0.482523444,0.005967604
30035,Montana,Glacier County,13778,11119,26,0.807011177,0.001887066
30037,Montana,Golden Valley County,823,214,5,0.260024301,0.006075334
30039,Montana,Granite County,3309,748,8,0.226050166,0.002417649
30041,Montana,Hill County,16309,5032,37,0.308541296,0.002268686
30043,Montana,Jefferson County,12085,3345,23,0.276789408,0.001903186
30045,Montana,Judith Basin County,2023,514,8,0.254078102,0.003954523
30047,Montana,Lake County,31134,9193,56,0.29527205,0.001798677
30049,Montana,Lewis and Clark County,70973,24713,80,0.348202838,0.001127189
30051,Montana,Liberty County,1959,1678,12,0.856559469,0.006125574
30053,Montana,Lincoln County,19677,6013,45,0.305585201,0.002286934
30057,Montana,Madison County,8623,2149,24,0.24921721,0.002783254
30055,Montana,McCone County,1729,757,11,0.437825333,0.006362059
30059,Montana,Meagher County,1927,718,8,0.372599896,0.004151531
30061,Montana,Mineral County,4535,1073,13,0.23660419,0.002866593
30063,Montana,Missoula County,117922,31562,112,0.267651498,0.00094978
30065,Montana,Musselshell County,4730,1162,18,0.245665962,0.003805497
30067,Montana,Park County,17191,5372,32,0.312489093,0.001861439
30069,Montana,Petroleum County,496,37,2,0.074596774,0.004032258
30071,Montana,Phillips County,4217,1671,22,0.396253261,0.005216979
30073,Montana,Pondera County,5898,3525,22,0.597660224,0.003730078
30075,Montana,Powder River County,1694,352,5,0.207792208,0.002951594
30077,Montana,Powell County,6946,2113,17,0.304203858,0.002447452
30079,Montana,Prairie County,1088,276,7,0.253676471,0.006433824
30081,Montana,Ravalli County,44174,12526,65,0.283560465,0.001471454
30083,Montana,Richland County,11491,4327,30,0.376555565,0.002610739
30085,Montana,Roosevelt County,10794,4427,40,0.41013526,0.003705762
30087,Montana,Rosebud County,8329,5606,27,0.673069996,0.003241686
30089,Montana,Sanders County,12400,3403,39,0.274435484,0.003145161
30091,Montana,Sheridan County,3539,1529,23,0.43204295,0.006499011
30093,Montana,Silver Bow County,35133,15379,41,0.437736601,0.001166994
30095,Montana,Stillwater County,8963,2987,20,0.333258953,0.002231396
30097,Montana,Sweet Grass County,3678,1028,11,0.279499728,0.002990756
30099,Montana,Teton County,6226,4776,24,0.767105686,0.003854802
30101,Montana,Toole County,4971,2462,20,0.495272581,0.004023335
30103,Montana,Treasure County,762,337,4,0.442257218,0.005249344
30105,Montana,Valley County,7578,2132,26,0.281340723,0.003430984
30107,Montana,Wheatland County,2069,1418,13,0.685355244,0.006283229
30109,Montana,Wibaux County,937,506,5,0.540021345,0.005336179
30111,Montana,Yellowstone County,164731,55284,162,0.335601678,0.000983421
31001,Nebraska,Adams County,31205,15307,51,0.490530364,0.001634353
31003,Nebraska,Antelope County,6295,4449,27,0.70675139,0.004289118
31005,Nebraska,Arthur County,434,0,1,0,0.002304147
31007,Nebraska,Banner County,674,119,2,0.176557864,0.002967359
31009,Nebraska,Blaine County,431,253,5,0.587006961,0.011600928
31011,Nebraska,Boone County,5379,4757,21,0.884365124,0.003904071
31013,Nebraska,Box Butte County,10842,5468,26,0.504334994,0.002398082
31015,Nebraska,Boyd County,1810,1609,18,0.888950276,0.009944751
31017,Nebraska,Brown County,2903,1748,12,0.602135722,0.004133655
31019,Nebraska,Buffalo County,50084,26047,65,0.520066289,0.00129782
31021,Nebraska,Burt County,6722,3063,25,0.455667956,0.003719131
31023,Nebraska,Butler County,8369,4744,20,0.566853865,0.002389772
31025,Nebraska,Cass County,26598,7347,44,0.276223776,0.00165426
31027,Nebraska,Cedar County,8380,7622,22,0.909546539,0.002625298
31029,Nebraska,Chase County,3893,2269,16,0.582840997,0.004109941
31031,Nebraska,Cherry County,5455,2651,16,0.485976169,0.002933089
31033,Nebraska,Cheyenne County,9468,4275,33,0.451520913,0.003485425
31035,Nebraska,Clay County,6104,3093,22,0.506716907,0.003604194
31037,Nebraska,Colfax County,10582,6781,17,0.640805141,0.001606502
31039,Nebraska,Cuming County,9013,7524,24,0.834794186,0.00266282
31041,Nebraska,Custer County,10545,5829,41,0.552773826,0.003888099
31043,Nebraska,Dakota County,21582,9093,25,0.421323325,0.001158373
31045,Nebraska,Dawes County,8199,3382,21,0.412489328,0.002561288
31047,Nebraska,Dawson County,24111,13160,61,0.545808967,0.002529966
31049,Nebraska,Deuel County,1838,897,10,0.488030468,0.005440696
31051,Nebraska,Dixon County,5606,3881,23,0.692293971,0.004102747
31053,Nebraska,Dodge County,37167,19751,56,0.531412274,0.001506713
31055,Nebraska,Douglas County,584526,300232,453,0.513633269,0.000774987
31057,Nebraska,Dundy County,1654,972,8,0.587666264,0.004836759
31059,Nebraska,Fillmore County,5551,3484,25,0.62763466,0.004503693
31061,Nebraska,Franklin County,2889,1979,15,0.685012115,0.005192108
31063,Nebraska,Frontier County,2519,1428,11,0.566891624,0.004366812
31065,Nebraska,Furnas County,4636,3529,29,0.761216566,0.006255393
31067,Nebraska,Gage County,21704,13309,53,0.613204939,0.002441946
31069,Nebraska,Garden County,1874,880,11,0.469583778,0.005869797
31071,Nebraska,Garfield County,1813,1693,10,0.933811362,0.00551572
31073,Nebraska,Gosper County,1893,948,6,0.500792393,0.003169572
31075,Nebraska,Grant County,611,404,7,0.661211129,0.011456628
31077,Nebraska,Greeley County,2188,2427,10,1.109232176,0.004570384
31079,Nebraska,Hall County,62895,28589,63,0.454551236,0.001001669
31081,Nebraska,Hamilton County,9429,5864,28,0.621911125,0.002969562
31083,Nebraska,Harlan County,3073,1187,13,0.386267491,0.004230394
31085,Nebraska,Hayes County,856,333,5,0.389018692,0.005841121
31087,Nebraska,Hitchcock County,2616,1376,17,0.525993884,0.006498471
31089,Nebraska,Holt County,10127,8425,36,0.831934433,0.003554853
31091,Nebraska,Hooker County,711,829,7,1.165963432,0.009845288
31093,Nebraska,Howard County,6475,3944,16,0.609111969,0.002471042
31095,Nebraska,Jefferson County,7240,4611,27,0.636878453,0.003729282
31097,Nebraska,Johnson County,5290,2098,12,0.396597353,0.002268431
31099,Nebraska,Kearney County,6688,3364,18,0.502990431,0.002691388
31101,Nebraska,Keith County,8335,4493,23,0.53905219,0.002759448
31103,Nebraska,Keya Paha County,769,522,5,0.678803641,0.006501951
31105,Nebraska,Kimball County,3434,1503,12,0.437682003,0.003494467
31107,Nebraska,Knox County,8391,6541,31,0.779525682,0.003694435
31109,Nebraska,Lancaster County,322608,142453,249,0.441566855,0.000771835
31111,Nebraska,Lincoln County,34676,8957,50,0.258305456,0.001441919
31113,Nebraska,Logan County,716,583,4,0.81424581,0.005586592
31115,Nebraska,Loup County,607,21,1,0.034596376,0.001647446
31119,Nebraska,Madison County,35585,24265,53,0.681888436,0.001489392
31117,Nebraska,McPherson County,399,134,2,0.335839599,0.005012531
31121,Nebraska,Merrick County,7668,3689,27,0.481090245,0.003521127
31123,Nebraska,Morrill County,4555,2327,16,0.510867179,0.003512623
31125,Nebraska,Nance County,3380,2007,9,0.593786982,0.002662722
31127,Nebraska,Nemaha County,7074,3272,30,0.462538875,0.004240882
31129,Nebraska,Nuckolls County,4095,2428,20,0.592918193,0.004884005
31131,Nebraska,Otoe County,15912,7881,44,0.495286576,0.002765209
31133,Nebraska,Pawnee County,2544,1080,15,0.424528302,0.005896226
31135,Nebraska,Perkins County,2858,1339,12,0.468509447,0.00419874
31137,Nebraska,Phelps County,8968,3416,24,0.380909902,0.002676182
31139,Nebraska,Pierce County,7317,5499,16,0.751537515,0.002186689
31141,Nebraska,Platte County,34296,24733,48,0.721162818,0.00139958
31143,Nebraska,Polk County,5214,2684,18,0.514767932,0.003452244
31145,Nebraska,Red Willow County,10702,5613,25,0.524481405,0.002336012
31147,Nebraska,Richardson County,7871,4034,33,0.512514293,0.004192606
31149,Nebraska,Rock County,1262,584,6,0.462757528,0.004754358
31151,Nebraska,Saline County,14292,6743,27,0.471802407,0.001889169
31153,Nebraska,Sarpy County,190604,60055,98,0.315077333,0.000514155
31155,Nebraska,Saunders County,22278,9947,45,0.446494299,0.00201993
31157,Nebraska,Scotts Bluff County,36084,17042,69,0.472286886,0.001912205
31159,Nebraska,Seward County,17609,11726,43,0.665909478,0.002441933
31161,Nebraska,Sheridan County,5127,3174,29,0.619075483,0.005656329
31163,Nebraska,Sherman County,2959,2245,11,0.758702264,0.003717472
31165,Nebraska,Sioux County,1135,446,4,0.392951542,0.003524229
31167,Nebraska,Stanton County,5842,1741,9,0.298014379,0.001540568
31169,Nebraska,Thayer County,5034,4308,30,0.855780691,0.005959476
31171,Nebraska,Thomas County,669,333,6,0.497757848,0.00896861
31173,Nebraska,Thurston County,6773,2723,22,0.402037502,0.003248191
31175,Nebraska,Valley County,4059,2428,12,0.598176891,0.002956393
31177,Nebraska,Washington County,20865,9732,26,0.466427031,0.001246106
31179,Nebraska,Wayne County,9697,6247,17,0.644219862,0.00175312
31181,Nebraska,Webster County,3395,1477,15,0.435051546,0.004418262
31183,Nebraska,Wheeler County,774,238,4,0.30749354,0.005167959
31185,Nebraska,York County,14125,8891,32,0.629451327,0.002265487
32510,Nevada,Carson City,58639,20143,39,0.343508586,0.000665086
32001,Nevada,Churchill County,25516,9513,25,0.372824894,0.000979777
32003,Nevada,Clark County,2265461,980648,951,0.432869072,0.000419782
32005,Nevada,Douglas County,49488,20191,31,0.407997898,0.000626414
32007,Nevada,Elko County,53702,25057,55,0.466593423,0.00102417
32009,Nevada,Esmeralda County,729,99,2,0.135802469,0.002743484
32011,Nevada,Eureka County,1855,912,7,0.491644205,0.003773585
32013,Nevada,Humboldt County,17285,6860,17,0.396875904,0.000983512
32015,Nevada,Lander County,5734,4061,18,0.708231601,0.00313917
32017,Nevada,Lincoln County,4499,3268,16,0.726383641,0.003556346
32019,Nevada,Lyon County,59235,12228,44,0.206432008,0.000742804
32021,Nevada,Mineral County,4554,1504,16,0.330259113,0.003513395
32023,Nevada,Nye County,51591,11121,49,0.215560854,0.000949778
32027,Nevada,Pershing County,6650,1562,13,0.234887218,0.001954887
32029,Nevada,Storey County,4104,1344,4,0.32748538,0.000974659
32031,Nevada,Washoe County,486492,188281,235,0.387017669,0.00048305
32033,Nevada,White Pine County,9080,4986,18,0.549118943,0.001982379
33001,New Hampshire,Belknap County,63705,21287,64,0.334149596,0.001004631
33003,New Hampshire,Carroll County,50107,9342,48,0.186441016,0.00095795
33005,New Hampshire,Cheshire County,76458,18012,86,0.235580319,0.001124801
33007,New Hampshire,Coos County,31268,10105,53,0.323173852,0.001695024
33009,New Hampshire,Grafton County,91118,24525,112,0.269156478,0.001229175
33011,New Hampshire,Hillsborough County,422937,117162,242,0.277019982,0.000572189
33013,New Hampshire,Merrimack County,153808,42321,133,0.275154738,0.000864714
33015,New Hampshire,Rockingham County,314176,90312,170,0.287456712,0.000541098
33017,New Hampshire,Strafford County,130889,31136,86,0.237880953,0.000657045
33019,New Hampshire,Sullivan County,43063,10018,52,0.232635906,0.001207533
34001,New Jersey,Atlantic County,274534,147942,233,0.538884073,0.000848711
34003,New Jersey,Bergen County,955732,556988,656,0.582786806,0.000686385
34005,New Jersey,Burlington County,461860,175304,306,0.379560906,0.000662538
34007,New Jersey,Camden County,523485,332168,348,0.634532031,0.000664775
34009,New Jersey,Cape May County,95263,62242,95,0.653370144,0.000997239
34011,New Jersey,Cumberland County,154152,67455,173,0.437587576,0.001122269
34013,New Jersey,Essex County,863728,465773,655,0.539258887,0.000758341
34015,New Jersey,Gloucester County,302294,179513,209,0.593835802,0.00069138
34017,New Jersey,Hudson County,724854,358021,407,0.493921535,0.000561492
34019,New Jersey,Hunterdon County,128947,50351,106,0.390478259,0.000822043
34021,New Jersey,Mercer County,387340,185168,299,0.478050292,0.000771932
34023,New Jersey,Middlesex County,863162,429722,439,0.497846291,0.000508595
34025,New Jersey,Monmouth County,643615,369153,384,0.573561834,0.00059663
34027,New Jersey,Morris County,509285,292753,324,0.574831381,0.000636186
34029,New Jersey,Ocean County,637229,260620,231,0.408989547,0.000362507
34031,New Jersey,Passaic County,524118,313781,338,0.598683884,0.000644893
34033,New Jersey,Salem County,64837,21332,85,0.32900967,0.00131098
34035,New Jersey,Somerset County,345361,173276,211,0.501724283,0.000610955
34037,New Jersey,Sussex County,144221,43185,86,0.299436282,0.000596307
34039,New Jersey,Union County,575345,325084,393,0.565024464,0.000683068
34041,New Jersey,Warren County,109632,36553,92,0.333415426,0.000839171
35001,New Mexico,Bernalillo County,676444,372116,436,0.550106143,0.000644547
35003,New Mexico,Catron County,3579,1723,15,0.481419391,0.004191115
35005,New Mexico,Chaves County,65157,31092,82,0.477185874,0.001258499
35006,New Mexico,Cibola County,27172,14505,54,0.533821581,0.00198734
35007,New Mexico,Colfax County,12387,5858,40,0.472915153,0.003229192
35009,New Mexico,Curry County,48430,26251,66,0.542040058,0.001362792
35011,New Mexico,De Baca County,1698,2249,8,1.324499411,0.004711425
35013,New Mexico,Dona Ana County,219561,81987,187,0.373413311,0.0008517
35015,New Mexico,Eddy County,62314,32666,88,0.524216067,0.001412203
35017,New Mexico,Grant County,28185,15977,55,0.566861806,0.001951393
35019,New Mexico,Guadalupe County,4452,2569,25,0.577044025,0.005615454
35021,New Mexico,Harding County,657,1027,7,1.563165906,0.01065449
35023,New Mexico,Hidalgo County,4178,2764,13,0.661560555,0.003111537
35025,New Mexico,Lea County,74455,34199,110,0.459324424,0.001477402
35027,New Mexico,Lincoln County,20269,9464,38,0.466919927,0.001874784
35028,New Mexico,Los Alamos County,19419,10653,31,0.548586436,0.001596375
35029,New Mexico,Luna County,25427,16347,42,0.64289928,0.001651787
35031,New Mexico,McKinley County,72902,19294,100,0.264656662,0.001371704
35033,New Mexico,Mora County,4189,3558,29,0.849367391,0.006922893
35035,New Mexico,Otero County,67839,21998,85,0.324267752,0.001252967
35037,New Mexico,Quay County,8746,7865,31,0.899268237,0.003544477
35039,New Mexico,Rio Arriba County,40363,31976,90,0.792210688,0.002229765
35041,New Mexico,Roosevelt County,19191,11356,40,0.591735709,0.00208431
35045,New Mexico,San Juan County,121661,48937,165,0.402240652,0.001356228
35047,New Mexico,San Miguel County,27201,22282,55,0.81916106,0.002021984
35043,New Mexico,Sandoval County,148834,81076,121,0.544741121,0.000812986
35049,New Mexico,Santa Fe County,154823,111627,143,0.720997526,0.000923635
35051,New Mexico,Sierra County,11576,4323,21,0.373445059,0.001814098
35053,New Mexico,Socorro County,16595,6535,31,0.393793311,0.001868033
35055,New Mexico,Taos County,34489,29843,74,0.865290382,0.002145612
35057,New Mexico,Torrance County,15045,9322,39,0.619607843,0.002592223
35059,New Mexico,Union County,4079,2859,16,0.700907085,0.00392253
35061,New Mexico,Valencia County,76205,37679,68,0.494442622,0.00089233
36001,New York,Albany County,314848,145940,232,0.463525257,0.000736864
36003,New York,Allegany County,46456,15352,96,0.330463234,0.002066471
36005,New York,Bronx County,1472654,570409,583,0.387334024,0.000395884
36007,New York,Broome County,198683,89637,208,0.451155861,0.001046894
36009,New York,Cattaraugus County,77042,27072,131,0.351392747,0.001700371
36011,New York,Cayuga County,76248,33313,90,0.436903263,0.001180359
36013,New York,Chautauqua County,127657,47816,204,0.37456622,0.001598032
36015,New York,Chemung County,84148,35853,100,0.426070733,0.001188382
36017,New York,Chenango County,47220,16983,77,0.359656925,0.001630665
36019,New York,Clinton County,79843,34263,65,0.429129667,0.000814098
36021,New York,Columbia County,61570,15455,82,0.251015105,0.001331817
36023,New York,Cortland County,46809,15294,50,0.326732039,0.001068171
36025,New York,Delaware County,44308,13158,101,0.296966688,0.002279498
36027,New York,Dutchess County,295911,143289,226,0.484230056,0.000763743
36029,New York,Erie County,954236,648398,730,0.679494381,0.00076501
36031,New York,Essex County,37381,13920,61,0.372381691,0.001631845
36033,New York,Franklin County,47555,24103,65,0.506844706,0.001366838
36035,New York,Fulton County,53324,12429,46,0.23308454,0.000862651
36037,New York,Genesee County,58388,25034,67,0.428752483,0.001147496
36039,New York,Greene County,47931,16762,77,0.349711043,0.001606476
36041,New York,Hamilton County,5107,3332,23,0.65243783,0.004503622
36043,New York,Herkimer County,60139,19812,85,0.329436805,0.001413392
36045,New York,Jefferson County,116721,34511,136,0.295670873,0.001165172
36047,New York,Kings County,2736074,1280387,"1,190",0.467965048,0.00043493
36049,New York,Lewis County,26582,12162,55,0.45752765,0.002069069
36051,New York,Livingston County,61834,27239,97,0.440518162,0.001568716
36053,New York,Madison County,68016,25885,85,0.380572218,0.001249706
36055,New York,Monroe County,759443,380869,569,0.501510976,0.000749233
36057,New York,Montgomery County,49532,23799,76,0.480477267,0.001534362
36059,New York,Nassau County,1395774,899299,755,0.644301298,0.000540919
36061,New York,New York County,1694251,886745,"1,165",0.52338467,0.000687619
36063,New York,Niagara County,212666,102994,200,0.484299324,0.000940442
36065,New York,Oneida County,232125,122916,246,0.52952504,0.001059774
36067,New York,Onondaga County,476516,251968,368,0.528771332,0.000772272
36069,New York,Ontario County,112458,48776,112,0.433726369,0.000995927
36071,New York,Orange County,401310,177460,290,0.442201789,0.000722633
36073,New York,Orleans County,40343,17307,61,0.428996356,0.001512034
36075,New York,Oswego County,117525,42626,131,0.362697298,0.001114656
36077,New York,Otsego County,58524,18319,108,0.313016882,0.001845397
36079,New York,Putnam County,97668,47250,45,0.483781791,0.000460745
36081,New York,Queens County,2405464,1310213,"1,205",0.544682024,0.000500943
36083,New York,Rensselaer County,161130,48897,141,0.303463042,0.00087507
36085,New York,Richmond County,495747,299548,201,0.604235628,0.000405449
36087,New York,Rockland County,338329,218139,226,0.644754071,0.000667989
36091,New York,Saratoga County,235509,82054,141,0.348411313,0.000598703
36093,New York,Schenectady County,158061,55761,123,0.352781521,0.000778181
36095,New York,Schoharie County,29714,7437,55,0.25028606,0.001850979
36097,New York,Schuyler County,17898,9400,25,0.525198346,0.001396804
36099,New York,Seneca County,33814,12290,52,0.363458922,0.001537825
36089,New York,St Lawrence County,108505,42718,161,0.393696143,0.001483803
36101,New York,Steuben County,93584,35291,150,0.377105061,0.001602838
36103,New York,Suffolk County,1525920,1024619,726,0.671476224,0.000475779
36105,New York,Sullivan County,78624,26367,115,0.335355617,0.001462658
36107,New York,Tioga County,48455,16694,74,0.344525849,0.00152719
36109,New York,Tompkins County,105740,31535,98,0.298231511,0.000926802
36111,New York,Ulster County,181851,65429,190,0.359794557,0.001044811
36113,New York,Warren County,65737,22945,70,0.349042396,0.001064849
36115,New York,Washington County,61302,16825,83,0.274460866,0.001353953
36117,New York,Wayne County,91283,29401,123,0.322086259,0.001347458
36119,New York,Westchester County,1004457,602881,671,0.600205882,0.000668023
36121,New York,Wyoming County,40531,12538,67,0.309343465,0.001653056
36123,New York,Yates County,24774,8354,42,0.337208364,0.001695326
37001,North Carolina,Alamance County,171415,75835,246,0.442405857,0.001435114
37003,North Carolina,Alexander County,36444,23031,80,0.631955878,0.002195149
37005,North Carolina,Alleghany County,10888,5968,30,0.548126378,0.002755327
37007,North Carolina,Anson County,22055,17010,106,0.771253684,0.004806166
37009,North Carolina,Ashe County,26577,12081,85,0.454565978,0.003198254
37011,North Carolina,Avery County,17806,8124,68,0.456250702,0.003818937
37013,North Carolina,Beaufort County,44652,24131,156,0.540423721,0.003493684
37015,North Carolina,Bertie County,17934,8698,59,0.485000558,0.003289841
37017,North Carolina,Bladen County,29606,20572,121,0.69485915,0.004087009
37019,North Carolina,Brunswick County,136693,55756,159,0.407892138,0.001163191
37021,North Carolina,Buncombe County,269452,141396,380,0.524753945,0.00141027
37023,North Carolina,Burke County,87570,55266,203,0.631106543,0.002318145
37025,North Carolina,Cabarrus County,225804,121828,276,0.539529858,0.001222299
37027,North Carolina,Caldwell County,80652,46249,164,0.573438972,0.002033428
37029,North Carolina,Camden County,10355,4046,23,0.390729116,0.002221149
37031,North Carolina,Carteret County,67686,24422,113,0.360813167,0.001669474
37033,North Carolina,Caswell County,22736,9736,61,0.428219564,0.00268297
37035,North Carolina,Catawba County,160610,94434,279,0.587970861,0.001737127
37037,North Carolina,Chatham County,76285,31438,145,0.412112473,0.001900767
37039,North Carolina,Cherokee County,28774,12761,76,0.443490651,0.002641273
37041,North Carolina,Chowan County,13708,14614,38,1.066092793,0.002772104
37043,North Carolina,Clay County,11089,8274,40,0.746144828,0.003607178
37045,North Carolina,Cleveland County,99519,60201,221,0.604919664,0.002220681
37047,North Carolina,Columbus County,50623,28559,174,0.564150682,0.003437173
37049,North Carolina,Craven County,100720,52602,186,0.52225973,0.001846704
37051,North Carolina,Cumberland County,334728,206923,455,0.618182524,0.001359313
37053,North Carolina,Currituck County,28100,6545,35,0.232918149,0.001245552
37055,North Carolina,Dare County,36915,18660,57,0.505485575,0.001544088
37057,North Carolina,Davidson County,168930,67493,247,0.399532351,0.001462144
37059,North Carolina,Davie County,42712,20767,86,0.486209964,0.002013486
37061,North Carolina,Duplin County,48715,20076,149,0.412111259,0.003058606
37063,North Carolina,Durham County,324833,145883,361,0.449101538,0.00111134
37065,North Carolina,Edgecombe County,48900,19317,103,0.395030675,0.002106339
37067,North Carolina,Forsyth County,382590,271240,476,0.70895737,0.001244152
37069,North Carolina,Franklin County,68573,22375,99,0.326294606,0.001443717
37071,North Carolina,Gaston County,227943,129867,395,0.569734539,0.001732889
37073,North Carolina,Gates County,10478,5065,31,0.483393777,0.00295858
37075,North Carolina,Graham County,8030,3033,21,0.377708593,0.002615193
37077,North Carolina,Granville County,60992,31072,89,0.509443861,0.001459208
37079,North Carolina,Greene County,20451,5411,52,0.264583639,0.002542663
37081,North Carolina,Guilford County,541299,280827,676,0.518801993,0.001248848
37083,North Carolina,Halifax County,48622,21731,118,0.4469376,0.002426885
37085,North Carolina,Harnett County,133568,47836,199,0.358139674,0.001489878
37087,North Carolina,Haywood County,62089,38080,143,0.613313147,0.002303145
37089,North Carolina,Henderson County,116281,57395,159,0.493588806,0.001367377
37091,North Carolina,Hertford County,21552,12391,55,0.574935041,0.002551967
37093,North Carolina,Hoke County,52082,15216,64,0.292154679,0.001228831
37095,North Carolina,Hyde County,4589,1224,29,0.266724777,0.00631946
37097,North Carolina,Iredell County,186693,100203,274,0.536726069,0.00146765
37099,North Carolina,Jackson County,43109,17791,96,0.412698044,0.002226913
37101,North Carolina,Johnston County,215999,84146,278,0.389566618,0.001287043
37103,North Carolina,Jones County,9172,3338,34,0.363933711,0.003706934
37105,North Carolina,Lee County,63285,30766,120,0.486149957,0.001896184
37107,North Carolina,Lenoir County,55122,29885,147,0.542161025,0.002666812
37109,North Carolina,Lincoln County,86810,44458,158,0.512129939,0.001820067
37113,North Carolina,Macon County,37014,20602,102,0.556600205,0.002755714
37115,North Carolina,Madison County,21193,10587,84,0.499551739,0.003963573
37117,North Carolina,Martin County,22031,8244,70,0.374199991,0.003177341
37111,North Carolina,McDowell County,44578,20194,114,0.453003724,0.002557315
37119,North Carolina,Mecklenburg County,1115482,686949,961,0.615831542,0.000861511
37121,North Carolina,Mitchell County,14903,11244,58,0.754478964,0.003891834
37123,North Carolina,Montgomery County,25751,14708,88,0.571162285,0.003417343
37125,North Carolina,Moore County,99727,50016,173,0.501529175,0.001734736
37127,North Carolina,Nash County,94970,50515,199,0.531904812,0.002095399
37129,North Carolina,New Hanover County,225702,115016,239,0.509592294,0.001058918
37131,North Carolina,Northampton County,17471,10216,51,0.584740427,0.002919123
37133,North Carolina,Onslow County,204576,71889,182,0.351404857,0.000889645
37135,North Carolina,Orange County,148696,74187,175,0.498917254,0.001176898
37137,North Carolina,Pamlico County,12276,5282,54,0.430270446,0.004398827
37139,North Carolina,Pasquotank County,40568,19444,79,0.479294025,0.001947348
37141,North Carolina,Pender County,60203,24045,99,0.399398701,0.001644436
37143,North Carolina,Perquimans County,13005,5653,38,0.43467897,0.002921953
37145,North Carolina,Person County,39097,18371,74,0.4698826,0.001892728
37147,North Carolina,Pitt County,170243,64870,235,0.381043567,0.00138038
37149,North Carolina,Polk County,19328,9728,57,0.503311258,0.002949089
37151,North Carolina,Randolph County,144171,68200,265,0.473049365,0.001838095
37153,North Carolina,Richmond County,42946,29482,146,0.686490011,0.003399618
37155,North Carolina,Robeson County,116530,56242,302,0.482639664,0.002591607
37157,North Carolina,Rockingham County,91096,44239,212,0.485630544,0.002327215
37159,North Carolina,Rowan County,146875,69773,278,0.475050213,0.001892766
37161,North Carolina,Rutherford County,64444,44973,195,0.697861709,0.003025883
37163,North Carolina,Sampson County,59036,40988,207,0.694288231,0.003506335
37165,North Carolina,Scotland County,34174,12587,82,0.368320946,0.002399485
37167,North Carolina,Stanly County,62504,37097,150,0.593514015,0.002399846
37169,North Carolina,Stokes County,44520,25936,83,0.582569632,0.001864331
37171,North Carolina,Surry County,71359,42633,170,0.59744391,0.00238232
37173,North Carolina,Swain County,14117,6541,38,0.46334207,0.00269179
37175,North Carolina,Transylvania County,32986,17741,66,0.537834233,0.002000849
37177,North Carolina,Tyrrell County,3245,1491,24,0.459476117,0.007395994
37179,North Carolina,Union County,238267,125288,253,0.525830266,0.001061834
37181,North Carolina,Vance County,42578,22797,105,0.535417352,0.002466062
37183,North Carolina,Wake County,1129410,584758,857,0.517755288,0.000758803
37185,North Carolina,Warren County,18642,8147,55,0.437023924,0.002950327
37187,North Carolina,Washington County,11003,6443,53,0.585567572,0.004816868
37189,North Carolina,Watauga County,54086,23195,94,0.428854047,0.001737973
37191,North Carolina,Wayne County,117333,56901,270,0.484953082,0.002301143
37193,North Carolina,Wilkes County,65969,40379,149,0.612090527,0.002258637
37195,North Carolina,Wilson County,78784,37017,153,0.469854285,0.001942019
37197,North Carolina,Yadkin County,37214,24015,94,0.645321653,0.002525931
37199,North Carolina,Yancey County,18470,7320,49,0.396318354,0.002652951
38001,North Dakota,Adams County,2200,1521,13,0.691363636,0.005909091
38003,North Dakota,Barnes County,10853,7259,36,0.668847323,0.003317055
38005,North Dakota,Benson County,5964,3907,25,0.65509725,0.004191818
38007,North Dakota,Billings County,945,92,3,0.097354497,0.003174603
38009,North Dakota,Bottineau County,6379,3320,25,0.520457752,0.00391911
38011,North Dakota,Bowman County,2993,2678,12,0.894754427,0.004009355
38013,North Dakota,Burke County,2201,2043,16,0.928214448,0.007269423
38015,North Dakota,Burleigh County,98458,59631,83,0.605649109,0.000842999
38017,North Dakota,Cass County,184525,94531,146,0.512293727,0.000791221
38019,North Dakota,Cavalier County,3704,3447,21,0.930615551,0.005669546
38021,North Dakota,Dickey County,4999,4393,29,0.878775755,0.00580116
38023,North Dakota,Divide County,2195,1390,9,0.633257403,0.004100228
38025,North Dakota,Dunn County,4095,3233,17,0.789499389,0.004151404
38027,North Dakota,Eddy County,2347,1800,10,0.766936515,0.004260758
38029,North Dakota,Emmons County,3301,3324,16,1.006967586,0.004847016
38031,North Dakota,Foster County,3397,1695,14,0.498969679,0.004121283
38033,North Dakota,Golden Valley County,1736,946,8,0.544930876,0.004608295
38035,North Dakota,Grand Forks County,73170,35119,78,0.479964466,0.001066011
38037,North Dakota,Grant County,2301,1596,17,0.693611473,0.007388092
38039,North Dakota,Griggs County,2306,1322,16,0.573287077,0.006938422
38041,North Dakota,Hettinger County,2489,1440,12,0.578545601,0.004821213
38043,North Dakota,Kidder County,2394,1624,14,0.678362573,0.005847953
38045,North Dakota,LaMoure County,4093,2724,30,0.665526509,0.007329587
38047,North Dakota,Logan County,1876,1743,9,0.929104478,0.004797441
38049,North Dakota,McHenry County,5345,3491,23,0.65313377,0.004303087
38051,North Dakota,McIntosh County,2530,1781,16,0.703952569,0.006324111
38053,North Dakota,McKenzie County,14704,3791,29,0.257821001,0.001972252
38055,North Dakota,McLean County,9771,5621,40,0.575273769,0.004093747
38057,North Dakota,Mercer County,8350,5114,29,0.61245509,0.003473054
38059,North Dakota,Morton County,33291,17990,51,0.540386291,0.001531946
38061,North Dakota,Mountrail County,9809,5055,28,0.515343052,0.002854521
38063,North Dakota,Nelson County,3015,2858,20,0.947927032,0.006633499
38065,North Dakota,Oliver County,1877,1063,3,0.566329249,0.001598295
38067,North Dakota,Pembina County,6844,4317,33,0.630771479,0.004821742
38069,North Dakota,Pierce County,3990,3083,13,0.772681704,0.003258145
38071,North Dakota,Ramsey County,11605,5283,23,0.455234813,0.001981904
38073,North Dakota,Ransom County,5703,3756,22,0.658600736,0.003857619
38075,North Dakota,Renville County,2282,1936,14,0.848378615,0.006134969
38077,North Dakota,Richland County,16529,11919,43,0.721096255,0.002601488
38079,North Dakota,Rolette County,12187,9458,20,0.776072865,0.001641093
38081,North Dakota,Sargent County,3862,2931,13,0.758933195,0.003366132
38083,North Dakota,Sheridan County,1265,670,13,0.529644269,0.01027668
38085,North Dakota,Sioux County,3898,1513,13,0.388147768,0.003335044
38087,North Dakota,Slope County,706,191,3,0.270538244,0.004249292
38089,North Dakota,Stark County,33646,21386,47,0.635617904,0.001396897
38091,North Dakota,Steele County,1798,1333,11,0.74137931,0.006117909
38093,North Dakota,Stutsman County,21593,10957,45,0.507432964,0.002084009
38095,North Dakota,Towner County,2162,1221,10,0.564754857,0.004625347
38097,North Dakota,Traill County,7997,4697,27,0.587345254,0.003376266
38099,North Dakota,Walsh County,10563,8666,37,0.820410868,0.003502793
38101,North Dakota,Ward County,69919,29078,85,0.415881234,0.001215692
38103,North Dakota,Wells County,3982,3109,27,0.780763435,0.006780512
38105,North Dakota,Williams County,40950,15601,55,0.380976801,0.001343101
39001,Ohio,Adams County,27477,5631,61,0.204935037,0.002220039
39003,Ohio,Allen County,102206,58696,160,0.574291138,0.001565466
39005,Ohio,Ashland County,52447,23342,135,0.445058821,0.002574027
39007,Ohio,Ashtabula County,97574,36033,163,0.36928895,0.001670527
39009,Ohio,Athens County,62431,11994,97,0.192116096,0.001553715
39011,Ohio,Auglaize County,46422,24232,61,0.521993882,0.001314032
39013,Ohio,Belmont County,66497,23334,131,0.350903048,0.001970014
39015,Ohio,Brown County,43676,12718,60,0.291189669,0.001373752
39017,Ohio,Butler County,390357,165929,331,0.425069872,0.000847942
39019,Ohio,Carroll County,26721,11068,58,0.414206055,0.002170577
39021,Ohio,Champaign County,38714,11312,74,0.292194038,0.001911453
39023,Ohio,Clark County,136001,46085,172,0.338857803,0.001264697
39025,Ohio,Clermont County,208601,85155,179,0.40821952,0.000858098
39027,Ohio,Clinton County,42018,12259,67,0.291755914,0.001594555
39029,Ohio,Columbiana County,101877,33796,175,0.331733365,0.001717758
39031,Ohio,Coshocton County,36612,15550,99,0.424724134,0.002704031
39033,Ohio,Crawford County,42025,24477,86,0.582439024,0.002046401
39035,Ohio,Cuyahoga County,1264817,769680,"1,012",0.60853072,0.000800116
39037,Ohio,Darke County,51881,23770,89,0.458163875,0.001715464
39039,Ohio,Defiance County,38286,31468,79,0.821919239,0.002063417
39041,Ohio,Delaware County,214124,92619,140,0.43254843,0.000653827
39043,Ohio,Erie County,75622,42451,100,0.561357806,0.001322367
39045,Ohio,Fairfield County,158921,67049,173,0.421901448,0.001088591
39047,Ohio,Fayette County,28951,13708,52,0.473489689,0.001796138
39049,Ohio,Franklin County,1323807,634352,993,0.479187676,0.000750109
39051,Ohio,Fulton County,42713,22839,74,0.534708403,0.001732494
39053,Ohio,Gallia County,29220,8882,65,0.303969884,0.002224504
39055,Ohio,Geauga County,95397,69722,163,0.730861557,0.001708649
39057,Ohio,Greene County,167966,67378,187,0.401140707,0.001113321
39059,Ohio,Guernsey County,38438,13748,96,0.357666892,0.002497528
39061,Ohio,Hamilton County,830639,534373,715,0.643327607,0.000860783
39063,Ohio,Hancock County,74920,30849,100,0.41175921,0.001334757
39065,Ohio,Hardin County,30696,9456,71,0.308053167,0.002313005
39067,Ohio,Harrison County,14483,3921,49,0.270731202,0.003383277
39069,Ohio,Henry County,27662,17891,58,0.646771745,0.002096739
39071,Ohio,Highland County,43317,13932,96,0.321628922,0.00221622
39073,Ohio,Hocking County,28050,6515,57,0.232263815,0.002032086
39075,Ohio,Holmes County,44223,33900,262,0.766569432,0.005924519
39077,Ohio,Huron County,58565,22238,86,0.379714847,0.001468454
39079,Ohio,Jackson County,32653,8951,79,0.274124889,0.00241938
39081,Ohio,Jefferson County,65249,26713,136,0.40940091,0.002084323
39083,Ohio,Knox County,62721,25054,128,0.399451539,0.002040784
39085,Ohio,Lake County,232603,110638,161,0.475651647,0.000692166
39087,Ohio,Lawrence County,58240,16762,91,0.287809066,0.0015625
39089,Ohio,Licking County,178519,57506,204,0.322128177,0.001142736
39091,Ohio,Logan County,46150,17859,86,0.386977248,0.001863489
39093,Ohio,Lorain County,312964,141751,292,0.452930689,0.000933015
39095,Ohio,Lucas County,431279,177743,385,0.412129967,0.000892694
39097,Ohio,Madison County,43824,11648,64,0.265790434,0.001460387
39099,Ohio,Mahoning County,228614,118026,281,0.516267595,0.001229146
39101,Ohio,Marion County,65359,18048,92,0.276136416,0.00140761
39103,Ohio,Medina County,182470,67843,145,0.371803584,0.000794651
39105,Ohio,Meigs County,22210,5934,76,0.267176947,0.003421882
39107,Ohio,Mercer County,42528,32987,76,0.775653687,0.001787058
39109,Ohio,Miami County,108774,39326,145,0.361538603,0.001333039
39111,Ohio,Monroe County,13385,6281,67,0.469256631,0.005005603
39113,Ohio,Montgomery County,537309,325556,630,0.605900888,0.00117251
39115,Ohio,Morgan County,13802,3523,42,0.255252862,0.003043037
39117,Ohio,Morrow County,34950,12138,74,0.347296137,0.00211731
39119,Ohio,Muskingum County,86410,31185,139,0.36089573,0.00160861
39121,Ohio,Noble County,14115,3662,34,0.259440312,0.002408785
39123,Ohio,Ottawa County,40364,21329,54,0.528416411,0.001337826
39125,Ohio,Paulding County,18806,7733,42,0.411198554,0.00223333
39127,Ohio,Perry County,35408,9682,70,0.27344103,0.001976954
39129,Ohio,Pickaway County,58539,12149,70,0.207536856,0.001195784
39131,Ohio,Pike County,27088,5429,49,0.200420851,0.001808919
39133,Ohio,Portage County,161791,45767,142,0.282877292,0.000877676
39135,Ohio,Preble County,40999,9175,73,0.223785946,0.001780531
39137,Ohio,Putnam County,34451,24792,48,0.71963078,0.001393283
39139,Ohio,Richland County,124936,54910,204,0.439505027,0.001632836
39141,Ohio,Ross County,77093,38034,112,0.493352185,0.001452791
39143,Ohio,Sandusky County,58896,24733,80,0.419943629,0.001358327
39145,Ohio,Scioto County,74008,24119,147,0.3258972,0.001986272
39147,Ohio,Seneca County,55069,24675,79,0.448074234,0.001434564
39149,Ohio,Shelby County,48230,30797,57,0.638544474,0.001181837
39151,Ohio,Stark County,374853,176128,433,0.469858851,0.001155119
39153,Ohio,Summit County,540428,260063,499,0.481216739,0.000923342
39155,Ohio,Trumbull County,201977,95827,299,0.47444511,0.001480367
39157,Ohio,Tuscarawas County,93263,46438,200,0.497925222,0.002144473
39159,Ohio,Union County,62784,19335,68,0.307960627,0.001083078
39161,Ohio,Van Wert County,28931,10282,51,0.355397325,0.001762815
39163,Ohio,Vinton County,12800,1672,30,0.130625,0.00234375
39165,Ohio,Warren County,242337,130511,194,0.538551686,0.000800538
39167,Ohio,Washington County,59771,21869,130,0.365879774,0.002174968
39169,Ohio,Wayne County,116894,54068,272,0.46253871,0.002326894
39171,Ohio,Williams County,37102,21069,74,0.567866961,0.001994502
39173,Ohio,Wood County,132248,70296,134,0.531546791,0.001013248
39175,Ohio,Wyandot County,21900,10280,41,0.469406393,0.001872146
40001,Oklahoma,Adair County,19495,11186,57,0.573788151,0.002923827
40003,Oklahoma,Alfalfa County,5699,3595,25,0.630812423,0.004386735
40005,Oklahoma,Atoka County,14143,10297,49,0.728063353,0.003464611
40007,Oklahoma,Beaver County,5049,3301,26,0.65379283,0.005149535
40009,Oklahoma,Beckham County,22410,15281,52,0.681883088,0.002320393
40011,Oklahoma,Blaine County,8735,6760,48,0.773898111,0.005495135
40013,Oklahoma,Bryan County,46067,33294,89,0.722729937,0.001931969
40015,Oklahoma,Caddo County,26945,19391,97,0.719651141,0.003599926
40017,Oklahoma,Canadian County,154405,60814,144,0.393860302,0.000932612
40019,Oklahoma,Carter County,48003,38347,124,0.798845905,0.002583172
40021,Oklahoma,Cherokee County,47078,18001,75,0.382365436,0.001593101
40023,Oklahoma,Choctaw County,14204,7314,50,0.514925373,0.003520135
40025,Oklahoma,Cimarron County,2296,2094,18,0.912020906,0.007839721
40027,Oklahoma,Cleveland County,295528,149939,261,0.507359709,0.000883165
40029,Oklahoma,Coal County,5266,3567,24,0.677364223,0.004557539
40031,Oklahoma,Comanche County,121125,72769,207,0.600776058,0.001708978
40033,Oklahoma,Cotton County,5527,4593,24,0.831011399,0.00434232
40035,Oklahoma,Craig County,14107,8427,47,0.597363011,0.003331679
40037,Oklahoma,Creek County,71754,32777,143,0.456796834,0.00199292
40039,Oklahoma,Custer County,28513,21315,79,0.747553747,0.002770666
40041,Oklahoma,Delaware County,40397,17030,93,0.421565958,0.002302151
40043,Oklahoma,Dewey County,4484,4234,28,0.944246209,0.006244425
40045,Oklahoma,Ellis County,3749,2899,22,0.773272873,0.005868232
40047,Oklahoma,Garfield County,62846,40186,109,0.639436082,0.001734398
40049,Oklahoma,Garvin County,25656,18584,92,0.724352978,0.003585906
40051,Oklahoma,Grady County,54795,25480,101,0.465005931,0.001843234
40053,Oklahoma,Grant County,4169,3762,28,0.90237467,0.006716239
40055,Oklahoma,Greer County,5491,4777,26,0.86996904,0.004735021
40057,Oklahoma,Harmon County,2488,4091,14,1.644292605,0.00562701
40059,Oklahoma,Harper County,3272,3238,14,0.989608802,0.004278729
40061,Oklahoma,Haskell County,11561,7435,42,0.643110458,0.003632904
40063,Oklahoma,Hughes County,13367,6092,56,0.455749233,0.004189422
40065,Oklahoma,Jackson County,24785,16366,61,0.660318741,0.002461166
40067,Oklahoma,Jefferson County,5337,5238,26,0.981450253,0.004871651
40069,Oklahoma,Johnston County,10272,4726,35,0.46008567,0.003407321
40071,Oklahoma,Kay County,43700,30936,99,0.70791762,0.002265446
40073,Oklahoma,Kingfisher County,15184,8430,31,0.555189673,0.002041623
40075,Oklahoma,Kiowa County,8509,6741,34,0.792220002,0.003995769
40077,Oklahoma,Latimer County,9444,7604,42,0.805167302,0.004447268
40079,Oklahoma,Le Flore County,48129,29873,158,0.620686073,0.003282844
40081,Oklahoma,Lincoln County,33458,16546,83,0.494530456,0.002480722
40083,Oklahoma,Logan County,49555,16276,73,0.328443144,0.001473111
40085,Oklahoma,Love County,10146,7317,22,0.721170905,0.002168342
40093,Oklahoma,Major County,7782,5111,30,0.656772038,0.00385505
40095,Oklahoma,Marshall County,15312,8931,38,0.583268025,0.002481714
40097,Oklahoma,Mayes County,39046,23186,113,0.593812426,0.002894022
40087,Oklahoma,McClain County,41662,18131,76,0.435192742,0.001824204
40089,Oklahoma,McCurtain County,30814,17219,137,0.55880444,0.004446031
40091,Oklahoma,McIntosh County,18941,10644,59,0.561955546,0.003114936
40099,Oklahoma,Murray County,13904,7194,35,0.517405063,0.002517261
40101,Oklahoma,Muskogee County,66339,50089,168,0.755046051,0.002532447
40103,Oklahoma,Noble County,10924,7130,29,0.652691322,0.002654705
40105,Oklahoma,Nowata County,9320,4854,30,0.520815451,0.003218884
40107,Oklahoma,Okfuskee County,11310,4697,33,0.415296198,0.002917772
40109,Oklahoma,Oklahoma County,796292,590731,967,0.741852235,0.001214379
40111,Oklahoma,Okmulgee County,36706,24989,104,0.680787882,0.002833324
40113,Oklahoma,Osage County,45818,20455,103,0.446440264,0.002248025
40115,Oklahoma,Ottawa County,30285,21460,85,0.708601618,0.00280667
40117,Oklahoma,Pawnee County,15553,9757,47,0.627338777,0.003021925
40119,Oklahoma,Payne County,81646,35541,120,0.435306077,0.00146976
40121,Oklahoma,Pittsburg County,43773,32512,135,0.742740959,0.003084093
40123,Oklahoma,Pontotoc County,38065,25999,102,0.683015894,0.002679627
40125,Oklahoma,Pottawatomie County,72454,43894,142,0.605818864,0.001959864
40127,Oklahoma,Pushmataha County,10812,6625,56,0.612745098,0.00517943
40129,Oklahoma,Roger Mills County,3442,2933,21,0.85212086,0.006101104
40131,Oklahoma,Rogers County,95240,41885,117,0.439783704,0.001228475
40133,Oklahoma,Seminole County,23556,13654,84,0.579640007,0.00356597
40135,Oklahoma,Sequoyah County,39281,17491,88,0.445278888,0.002240269
40137,Oklahoma,Stephens County,42848,26979,100,0.629644324,0.002333831
40139,Oklahoma,Texas County,21384,13797,60,0.64520202,0.002805836
40141,Oklahoma,Tillman County,6968,6071,27,0.871268657,0.003874856
40143,Oklahoma,Tulsa County,669279,428450,844,0.640166508,0.001261059
40145,Oklahoma,Wagoner County,80981,19867,80,0.245329151,0.000987886
40147,Oklahoma,Washington County,52455,43751,100,0.834067296,0.001906396
40149,Oklahoma,Washita County,10924,6136,32,0.561699011,0.00292933
40151,Oklahoma,Woods County,8624,6241,34,0.723678108,0.003942486
40153,Oklahoma,Woodward County,20470,14318,41,0.699462628,0.002002931
41001,Oregon,Baker County,16668,5456,33,0.327333813,0.001979842
41003,Oregon,Benton County,95184,26630,88,0.279773912,0.000924525
41005,Oregon,Clackamas County,421401,158872,327,0.377009072,0.000775983
41007,Oregon,Clatsop County,41072,12622,48,0.307313985,0.001168679
41009,Oregon,Columbia County,52589,12562,60,0.238871247,0.001140923
41011,Oregon,Coos County,64929,17414,95,0.26820065,0.001463137
41013,Oregon,Crook County,24738,5695,26,0.230212628,0.001051015
41015,Oregon,Curry County,23446,5537,38,0.236159686,0.001620746
41017,Oregon,Deschutes County,198253,58167,154,0.29339783,0.000776785
41019,Oregon,Douglas County,111201,34040,168,0.306112355,0.001510778
41021,Oregon,Gilliam County,1995,336,6,0.168421053,0.003007519
41023,Oregon,Grant County,7233,1740,22,0.240564081,0.003041615
41025,Oregon,Harney County,7495,1957,15,0.261107405,0.002001334
41027,Oregon,Hood River County,23977,9467,36,0.394836719,0.001501439
41029,Oregon,Jackson County,223259,62883,222,0.281659418,0.000994361
41031,Oregon,Jefferson County,24502,7116,31,0.290425271,0.001265203
41033,Oregon,Josephine County,88090,27262,81,0.309478942,0.000919514
41035,Oregon,Klamath County,69413,20973,93,0.302148013,0.001339807
41037,Oregon,Lake County,8160,1752,23,0.214705882,0.002818627
41039,Oregon,Lane County,382971,91263,363,0.238302639,0.000947852
41041,Oregon,Lincoln County,50395,11103,74,0.220319476,0.0014684
41043,Oregon,Linn County,128610,45515,155,0.353899386,0.001205194
41045,Oregon,Malheur County,31571,14831,58,0.469766558,0.001837129
41047,Oregon,Marion County,345920,158732,307,0.458869103,0.000887488
41049,Oregon,Morrow County,12186,4200,25,0.344657804,0.002051535
41051,Oregon,Multnomah County,815428,286263,647,0.351058585,0.000793448
41053,Oregon,Polk County,87433,22056,94,0.252261732,0.001075109
41055,Oregon,Sherman County,1870,344,5,0.183957219,0.002673797
41057,Oregon,Tillamook County,27390,8175,41,0.298466594,0.001496897
41059,Oregon,Umatilla County,80075,32228,115,0.402472682,0.001436154
41061,Oregon,Union County,26196,8995,48,0.343373034,0.001832341
41063,Oregon,Wallowa County,7391,1801,21,0.24367474,0.002841293
41065,Oregon,Wasco County,26670,6717,37,0.251856018,0.001387327
41067,Oregon,Washington County,600372,206385,378,0.343761868,0.00062961
41069,Oregon,Wheeler County,1451,520,7,0.358373535,0.004824259
41071,Oregon,Yamhill County,107722,31674,120,0.294034645,0.001113979
42001,Pennsylvania,Adams County,103852,40901,141,0.39383931,0.001357701
42003,Pennsylvania,Allegheny County,1250578,760293,"1,131",0.607953282,0.000904382
42005,Pennsylvania,Armstrong County,65558,33462,145,0.510418256,0.002211782
42007,Pennsylvania,Beaver County,168215,84140,235,0.500193205,0.001397022
42009,Pennsylvania,Bedford County,47577,18970,150,0.398722072,0.003152784
42011,Pennsylvania,Berks County,428849,195715,422,0.456372756,0.000984029
42013,Pennsylvania,Blair County,122822,51864,225,0.422269626,0.001831919
42015,Pennsylvania,Bradford County,59967,18114,122,0.302066136,0.002034452
42017,Pennsylvania,Bucks County,646538,329315,390,0.509351345,0.000603213
42019,Pennsylvania,Butler County,193763,104569,202,0.539674757,0.001042511
42021,Pennsylvania,Cambria County,133472,85180,230,0.638186286,0.001723208
42023,Pennsylvania,Cameron County,4547,1845,13,0.405762041,0.002859028
42025,Pennsylvania,Carbon County,64749,23226,85,0.358708243,0.001312762
42027,Pennsylvania,Centre County,158172,53659,212,0.33924462,0.001340313
42029,Pennsylvania,Chester County,534413,277881,436,0.519974252,0.000815848
42031,Pennsylvania,Clarion County,37241,17641,109,0.473698343,0.002926882
42033,Pennsylvania,Clearfield County,80562,32398,194,0.402149897,0.002408083
42035,Pennsylvania,Clinton County,37450,12613,84,0.336795728,0.002242991
42037,Pennsylvania,Columbia County,64727,24867,116,0.384182799,0.001792142
42039,Pennsylvania,Crawford County,83938,33797,203,0.402642427,0.002418452
42041,Pennsylvania,Cumberland County,259469,108173,287,0.416901441,0.001106105
42043,Pennsylvania,Dauphin County,286401,127766,370,0.446108778,0.001291895
42045,Pennsylvania,Delaware County,576830,288225,405,0.499670614,0.000702113
42047,Pennsylvania,Elk County,30990,17169,44,0.554017425,0.001419813
42049,Pennsylvania,Erie County,270876,104751,298,0.386712001,0.001100134
42051,Pennsylvania,Fayette County,128804,45628,231,0.354243657,0.001793423
42053,Pennsylvania,Forest County,6973,1576,18,0.226014628,0.002581385
42055,Pennsylvania,Franklin County,155932,51148,254,0.328014776,0.001628915
42057,Pennsylvania,Fulton County,14556,4244,44,0.291563616,0.003022808
42059,Pennsylvania,Greene County,35954,13026,84,0.362296267,0.002336319
42061,Pennsylvania,Huntingdon County,44092,16545,135,0.375238138,0.00306178
42063,Pennsylvania,Indiana County,83246,40326,210,0.484419672,0.002522644
42065,Pennsylvania,Jefferson County,44492,21239,150,0.477366718,0.003371393
42067,Pennsylvania,Juniata County,23509,9179,77,0.390446212,0.003275341
42069,Pennsylvania,Lackawanna County,215896,136343,212,0.631521659,0.000981954
42071,Pennsylvania,Lancaster County,552984,260869,836,0.471747826,0.001511798
42073,Pennsylvania,Lawrence County,86070,49492,137,0.575020332,0.001591728
42075,Pennsylvania,Lebanon County,143257,51702,207,0.36090383,0.001444956
42077,Pennsylvania,Lehigh County,374557,150621,310,0.402131051,0.000827644
42079,Pennsylvania,Luzerne County,325594,166064,348,0.510033969,0.001068816
42081,Pennsylvania,Lycoming County,114188,49320,185,0.431919291,0.001620135
42083,Pennsylvania,McKean County,40432,14850,84,0.36728334,0.002077562
42085,Pennsylvania,Mercer County,110652,43991,215,0.397561725,0.001943029
42087,Pennsylvania,Mifflin County,46143,22008,135,0.476952084,0.002925688
42089,Pennsylvania,Monroe County,168327,61697,132,0.366530622,0.000784188
42091,Pennsylvania,Montgomery County,856553,464693,627,0.542515174,0.000732004
42093,Pennsylvania,Montour County,18136,6754,34,0.372408469,0.001874724
42095,Pennsylvania,Northampton County,312951,138625,247,0.442960719,0.000789261
42097,Pennsylvania,Northumberland County,91647,42445,179,0.463135727,0.001953146
42099,Pennsylvania,Perry County,45842,14314,101,0.312246412,0.00220322
42101,Pennsylvania,Philadelphia County,1603797,692046,"1,309",0.431504735,0.000816188
42103,Pennsylvania,Pike County,58535,14020,36,0.23951482,0.000615017
42105,Pennsylvania,Potter County,16396,6051,40,0.369053428,0.002439619
42107,Pennsylvania,Schuylkill County,143049,74126,241,0.518186076,0.001684737
42109,Pennsylvania,Snyder County,39736,18112,98,0.455808335,0.002466277
42111,Pennsylvania,Somerset County,74129,36291,196,0.489565487,0.002644039
42113,Pennsylvania,Sullivan County,5840,2440,15,0.417808219,0.002568493
42115,Pennsylvania,Susquehanna County,38434,12423,75,0.323229432,0.001951397
42117,Pennsylvania,Tioga County,41045,12745,112,0.310512852,0.002728712
42119,Pennsylvania,Union County,42681,14563,73,0.341205689,0.001710363
42121,Pennsylvania,Venango County,50454,22486,119,0.445673287,0.002358584
42123,Pennsylvania,Warren County,38587,14558,78,0.377277321,0.002021406
42125,Pennsylvania,Washington County,209349,88308,266,0.421821934,0.001270606
42127,Pennsylvania,Wayne County,51155,18262,66,0.356993451,0.001290196
42129,Pennsylvania,Westmoreland County,354663,182380,429,0.51423464,0.001209599
42131,Pennsylvania,Wyoming County,26069,9306,46,0.356975718,0.001764548
42133,Pennsylvania,York County,456438,155823,494,0.341389192,0.001082294
44001,Rhode Island,Bristol County,50793,25016,28,0.49250881,0.000551257
44003,Rhode Island,Kent County,170363,76866,97,0.451189519,0.000569372
44005,Rhode Island,Newport County,85643,57744,65,0.674240744,0.000758965
44007,Rhode Island,Providence County,660741,343083,427,0.519239763,0.000646244
44009,Rhode Island,Washington County,129839,62542,91,0.481688861,0.000700868
45001,South Carolina,Abbeville County,24295,15239,87,0.627248405,0.003580984
45003,South Carolina,Aiken County,168808,102994,268,0.610125113,0.001587602
45005,South Carolina,Allendale County,8039,4601,32,0.572334868,0.003980595
45007,South Carolina,Anderson County,203718,147842,346,0.725718886,0.001698426
45009,South Carolina,Bamberg County,13311,6369,62,0.478476448,0.004657802
45011,South Carolina,Barnwell County,20589,12332,66,0.59896061,0.003205595
45013,South Carolina,Beaufort County,187117,83474,161,0.446105912,0.000860424
45015,South Carolina,Berkeley County,229861,82725,263,0.359891413,0.00114417
45017,South Carolina,Calhoun County,14119,5435,41,0.384942276,0.002903888
45019,South Carolina,Charleston County,408235,206480,511,0.505787108,0.00125173
45021,South Carolina,Cherokee County,56216,35226,109,0.626618756,0.00193895
45023,South Carolina,Chester County,32294,22104,123,0.68446151,0.003808757
45025,South Carolina,Chesterfield County,43273,21879,149,0.505603956,0.003443256
45027,South Carolina,Clarendon County,31144,16274,93,0.522540457,0.002986129
45029,South Carolina,Colleton County,38604,20038,132,0.519065382,0.003419335
45031,South Carolina,Darlington County,62905,32915,145,0.523249344,0.002305063
45033,South Carolina,Dillon County,28292,15712,78,0.555351336,0.002756963
45035,South Carolina,Dorchester County,161540,67584,174,0.418373158,0.001077133
45037,South Carolina,Edgefield County,25657,13682,53,0.533265775,0.002065713
45039,South Carolina,Fairfield County,20948,14497,80,0.692046973,0.00381898
45041,South Carolina,Florence County,137059,71301,255,0.520221219,0.001860513
45043,South Carolina,Georgetown County,63404,39221,133,0.618588733,0.002097659
45045,South Carolina,Greenville County,525534,312038,667,0.593754162,0.001269185
45047,South Carolina,Greenwood County,69351,35947,139,0.518334271,0.002004297
45049,South Carolina,Hampton County,18561,11270,77,0.607187113,0.004148483
45051,South Carolina,Horry County,351029,157946,389,0.449951429,0.001108171
45053,South Carolina,Jasper County,28791,10809,51,0.375429822,0.001771387
45055,South Carolina,Kershaw County,65403,31920,122,0.488051007,0.001865358
45057,South Carolina,Lancaster County,96016,45627,177,0.47520205,0.001843443
45059,South Carolina,Laurens County,67539,38191,167,0.565465879,0.002472645
45061,South Carolina,Lee County,16531,9117,52,0.551509286,0.003145605
45063,South Carolina,Lexington County,293991,155423,329,0.528665844,0.001119082
45067,South Carolina,Marion County,29183,18856,79,0.646129596,0.002707055
45069,South Carolina,Marlboro County,26667,11242,78,0.42156973,0.002924963
45065,South Carolina,McCormick County,9526,4917,28,0.516166282,0.002939324
45071,South Carolina,Newberry County,37719,19306,117,0.511837535,0.003101885
45073,South Carolina,Oconee County,78607,43198,160,0.549543934,0.002035442
45075,South Carolina,Orangeburg County,84223,54539,234,0.647554706,0.002778338
45077,South Carolina,Pickens County,131404,62545,194,0.475974856,0.001476363
45079,South Carolina,Richland County,416147,235575,497,0.566086022,0.00119429
45081,South Carolina,Saluda County,18862,9385,58,0.497561234,0.003074966
45083,South Carolina,Spartanburg County,327997,169047,484,0.515391909,0.001475623
45085,South Carolina,Sumter County,105556,56107,193,0.531537762,0.001828413
45087,South Carolina,Union County,27244,21264,87,0.780502129,0.003193364
45089,South Carolina,Williamsburg County,31026,17600,105,0.567266164,0.003384258
45091,South Carolina,York County,282090,126107,360,0.447045269,0.001276188
46003,South Dakota,Aurora County,2747,1932,11,0.703312705,0.004004368
46005,South Dakota,Beadle County,19149,11625,49,0.60708131,0.00255888
46007,South Dakota,Bennett County,3381,956,8,0.282756581,0.002366164
46009,South Dakota,Bon Homme County,7003,3548,24,0.506640011,0.003427103
46011,South Dakota,Brookings County,34375,17397,56,0.506094545,0.001629091
46013,South Dakota,Brown County,38301,28800,82,0.751938592,0.002140936
46015,South Dakota,Brule County,5247,3394,19,0.646845817,0.003621117
46017,South Dakota,Buffalo County,1948,1510,5,0.775154004,0.002566735
46019,South Dakota,Butte County,10243,4745,27,0.46324319,0.002635947
46021,South Dakota,Campbell County,1377,1168,12,0.84822077,0.008714597
46023,South Dakota,Charles Mix County,9373,6415,38,0.684412675,0.004054198
46025,South Dakota,Clark County,3837,2535,21,0.6606724,0.005473026
46027,South Dakota,Clay County,14967,5112,25,0.341551413,0.001670341
46029,South Dakota,Codington County,28325,18512,53,0.653556929,0.001871139
46031,South Dakota,Corson County,3902,2108,26,0.540235777,0.00666325
46033,South Dakota,Custer County,8318,3408,27,0.409713874,0.003245973
46035,South Dakota,Davison County,19956,12455,36,0.624123071,0.001803969
46037,South Dakota,Day County,5449,3743,25,0.68691503,0.004587998
46039,South Dakota,Deuel County,4295,3355,18,0.781140861,0.00419092
46041,South Dakota,Dewey County,5239,2357,28,0.449895018,0.005344531
46043,South Dakota,Douglas County,2835,2672,18,0.942504409,0.006349206
46045,South Dakota,Edmunds County,3986,2567,19,0.644004014,0.004766683
46047,South Dakota,Fall River County,6973,3217,24,0.461350925,0.003441847
46049,South Dakota,Faulk County,2125,1558,9,0.733176471,0.004235294
46051,South Dakota,Grant County,7556,5409,21,0.71585495,0.002779248
46053,South Dakota,Gregory County,3994,3275,23,0.81997997,0.005758638
46055,South Dakota,Haakon County,1872,1188,16,0.634615385,0.008547009
46057,South Dakota,Hamlin County,6164,1463,21,0.237345879,0.003406879
46059,South Dakota,Hand County,3145,1989,12,0.632432432,0.00381558
46061,South Dakota,Hanson County,3461,1596,14,0.461138399,0.004045074
46063,South Dakota,Harding County,1311,792,10,0.604118993,0.007627765
46065,South Dakota,Hughes County,17765,11446,39,0.644300591,0.002195328
46067,South Dakota,Hutchinson County,7427,6110,37,0.822674027,0.004981823
46069,South Dakota,Hyde County,1262,1127,7,0.893026941,0.005546751
46071,South Dakota,Jackson County,2806,691,9,0.246258019,0.003207413
46073,South Dakota,Jerauld County,1663,1103,10,0.66325917,0.006013229
46075,South Dakota,Jones County,917,802,9,0.874591058,0.009814613
46077,South Dakota,Kingsbury County,5187,4199,22,0.80952381,0.004241373
46079,South Dakota,Lake County,11059,6626,28,0.599150014,0.002531874
46081,South Dakota,Lawrence County,25768,10187,41,0.3953353,0.001591121
46083,South Dakota,Lincoln County,65161,16898,67,0.259326898,0.001028222
46085,South Dakota,Lyman County,3718,4264,17,1.146853147,0.004572351
46091,South Dakota,Marshall County,4306,2994,18,0.695308871,0.004180214
46087,South Dakota,McCook County,5682,3430,21,0.603660683,0.003695882
46089,South Dakota,McPherson County,2411,1543,13,0.639983409,0.005391954
46093,South Dakota,Meade County,29852,10486,56,0.351266247,0.001875921
46095,South Dakota,Mellette County,1918,713,8,0.371741397,0.004171011
46097,South Dakota,Miner County,2298,1247,9,0.542645779,0.003916449
46099,South Dakota,Minnehaha County,197214,131973,253,0.669186772,0.00128287
46101,South Dakota,Moody County,6336,4067,21,0.641887626,0.003314394
46102,South Dakota,Oglala Lakota County,13672,3299,24,0.24129608,0.001755413
46103,South Dakota,Pennington County,109222,53591,137,0.490661222,0.001254326
46105,South Dakota,Perkins County,2835,1980,25,0.698412698,0.008818342
46107,South Dakota,Potter County,2472,2124,12,0.859223301,0.004854369
46109,South Dakota,Roberts County,10280,6024,40,0.585992218,0.003891051
46111,South Dakota,Sanborn County,2330,1308,9,0.561373391,0.003862661
46115,South Dakota,Spink County,6361,4476,25,0.703662946,0.0039302
46117,South Dakota,Stanley County,2980,1396,5,0.468456376,0.001677852
46119,South Dakota,Sully County,1446,638,6,0.441217151,0.004149378
46121,South Dakota,Todd County,9319,3062,22,0.328576027,0.002360768
46123,South Dakota,Tripp County,5624,3316,22,0.589615932,0.003911807
46125,South Dakota,Turner County,8673,4332,38,0.499481148,0.004381414
46127,South Dakota,Union County,16811,5629,28,0.334840283,0.001665576
46129,South Dakota,Walworth County,5315,4181,32,0.78664158,0.006020696
46135,South Dakota,Yankton County,23310,13909,44,0.596696697,0.001887602
46137,South Dakota,Ziebach County,2413,952,12,0.394529631,0.004973063
47001,Tennessee,Anderson County,77123,44271,133,0.574031093,0.001724518
47003,Tennessee,Bedford County,50237,20737,112,0.412783407,0.002229432
47005,Tennessee,Benton County,15864,7825,60,0.493255169,0.003782148
47007,Tennessee,Bledsoe County,14913,3050,35,0.204519547,0.002346946
47009,Tennessee,Blount County,135280,70448,230,0.520756949,0.001700177
47011,Tennessee,Bradley County,108620,67521,219,0.621625852,0.002016203
47013,Tennessee,Campbell County,39272,15787,78,0.401991241,0.001986148
47015,Tennessee,Cannon County,14506,5680,49,0.391562112,0.003377913
47017,Tennessee,Carroll County,28440,15982,91,0.561954993,0.003199719
47019,Tennessee,Carter County,56356,26075,126,0.462683654,0.002235787
47021,Tennessee,Cheatham County,41072,11946,69,0.290855084,0.001679977
47023,Tennessee,Chester County,17341,8848,51,0.510235857,0.002941007
47025,Tennessee,Claiborne County,32043,18289,98,0.570764285,0.00305839
47027,Tennessee,Clay County,7581,3432,36,0.452710724,0.004748714
47029,Tennessee,Cocke County,35999,14025,99,0.389594155,0.002750076
47031,Tennessee,Coffee County,57889,28329,125,0.489367583,0.002159305
47033,Tennessee,Crockett County,13911,9439,63,0.678527784,0.00452879
47035,Tennessee,Cumberland County,61145,32792,121,0.536298961,0.001978903
47037,Tennessee,Davidson County,715884,441696,954,0.616993815,0.001332618
47039,Tennessee,Decatur County,11435,6389,50,0.558723218,0.00437254
47041,Tennessee,DeKalb County,20080,8588,69,0.427689243,0.003436255
47043,Tennessee,Dickson County,54315,25474,131,0.469004879,0.002411857
47045,Tennessee,Dyer County,36801,22465,111,0.610445368,0.003016222
47047,Tennessee,Fayette County,41990,23953,113,0.570445344,0.002691117
47049,Tennessee,Fentress County,18489,6748,41,0.364973768,0.002217535
47051,Tennessee,Franklin County,42774,21241,129,0.496586712,0.003015851
47053,Tennessee,Gibson County,50429,32894,191,0.652283408,0.003787503
47055,Tennessee,Giles County,30346,17892,126,0.589599947,0.004152112
47057,Tennessee,Grainger County,23527,12264,61,0.521273431,0.002592766
47059,Tennessee,Greene County,70152,34210,201,0.487655377,0.002865207
47061,Tennessee,Grundy County,13529,4013,43,0.296622071,0.003178358
47063,Tennessee,Hamblen County,64499,47532,146,0.736941658,0.002263601
47065,Tennessee,Hamilton County,366207,216308,673,0.590671396,0.001837758
47067,Tennessee,Hancock County,6662,5411,30,0.812218553,0.004503152
47069,Tennessee,Hardeman County,25462,14971,111,0.587974236,0.004359438
47071,Tennessee,Hardin County,26831,15874,89,0.591629086,0.003317059
47073,Tennessee,Hawkins County,56721,30470,165,0.537190811,0.002908976
47075,Tennessee,Haywood County,17864,11476,77,0.642409315,0.004310345
47077,Tennessee,Henderson County,27842,13747,69,0.493750449,0.00247827
47079,Tennessee,Henry County,32199,19627,125,0.609553092,0.003882108
47081,Tennessee,Hickman County,24925,8402,75,0.337091274,0.003009027
47083,Tennessee,Houston County,8283,3029,28,0.36568876,0.003380418
47085,Tennessee,Humphreys County,18990,7871,64,0.414481306,0.003370195
47087,Tennessee,Jackson County,11617,2833,43,0.243866747,0.003701472
47089,Tennessee,Jefferson County,54683,30968,117,0.5663186,0.002139605
47091,Tennessee,Johnson County,17948,9338,56,0.520280811,0.003120125
47093,Tennessee,Knox County,478971,271353,678,0.566533256,0.001415535
47095,Tennessee,Lake County,7005,4032,28,0.575588865,0.003997145
47097,Tennessee,Lauderdale County,25143,12686,81,0.504553951,0.003221573
47099,Tennessee,Lawrence County,44159,26932,136,0.609886999,0.00307978
47101,Tennessee,Lewis County,12582,3912,41,0.310920362,0.003258623
47103,Tennessee,Lincoln County,35319,20714,118,0.586483196,0.003340978
47105,Tennessee,Loudon County,54886,30179,105,0.549848777,0.001913056
47111,Tennessee,Macon County,25216,5970,40,0.236754442,0.001586294
47113,Tennessee,Madison County,98823,70937,229,0.717818726,0.002317274
47115,Tennessee,Marion County,28837,11898,91,0.41259493,0.003155668
47117,Tennessee,Marshall County,34318,16726,88,0.487382715,0.002564252
47119,Tennessee,Maury County,100974,43561,214,0.431408085,0.002119357
47107,Tennessee,McMinn County,53276,36546,153,0.685974923,0.002871837
47109,Tennessee,McNairy County,25866,17124,107,0.662027372,0.004136705
47121,Tennessee,Meigs County,12758,6138,31,0.481109892,0.002429848
47123,Tennessee,Monroe County,46250,27680,118,0.598486486,0.002551351
47125,Tennessee,Montgomery County,220069,104475,244,0.474737469,0.001108743
47127,Tennessee,Moore County,6461,2098,18,0.324717536,0.002785946
47129,Tennessee,Morgan County,21035,11006,45,0.523223199,0.002139292
47131,Tennessee,Obion County,30787,22962,119,0.745834281,0.003865268
47133,Tennessee,Overton County,22511,7463,57,0.331526809,0.002532095
47135,Tennessee,Perry County,8366,3721,30,0.444776476,0.003585943
47137,Tennessee,Pickett County,5001,1913,15,0.382523495,0.0029994
47139,Tennessee,Polk County,17544,12040,71,0.68627451,0.004046968
47141,Tennessee,Putnam County,79854,36369,172,0.455443685,0.002153931
47143,Tennessee,Rhea County,32870,14117,91,0.429479769,0.002768482
47145,Tennessee,Roane County,53404,32412,132,0.60692083,0.002471725
47147,Tennessee,Robertson County,72803,39249,138,0.539112399,0.001895526
47149,Tennessee,Rutherford County,341486,130293,376,0.381547121,0.00110107
47151,Tennessee,Scott County,21850,7737,38,0.35409611,0.00173913
47153,Tennessee,Sequatchie County,15826,5738,31,0.362567926,0.001958802
47155,Tennessee,Sevier County,98380,57948,181,0.589022159,0.001839805
47157,Tennessee,Shelby County,929744,638177,"1,449",0.686400773,0.001558494
47159,Tennessee,Smith County,19904,7311,55,0.367313103,0.002763264
47161,Tennessee,Stewart County,13657,7322,59,0.536135315,0.004320129
47163,Tennessee,Sullivan County,158163,98506,344,0.622813174,0.002174971
47165,Tennessee,Sumner County,196281,105169,216,0.535808356,0.001100463
47167,Tennessee,Tipton County,60970,33119,130,0.543201575,0.002132196
47169,Tennessee,Trousdale County,11615,3610,25,0.310804994,0.002152389
47171,Tennessee,Unicoi County,17928,6718,44,0.374721107,0.002454261
47173,Tennessee,Union County,19802,6809,27,0.343854156,0.001363499
47175,Tennessee,Van Buren County,6168,1451,22,0.235246433,0.003566796
47177,Tennessee,Warren County,40953,20756,134,0.506824897,0.003272044
47179,Tennessee,Washington County,133001,69305,254,0.521086308,0.00190976
47181,Tennessee,Wayne County,16232,6182,66,0.380852637,0.004066042
47183,Tennessee,Weakley County,32902,20294,112,0.61680141,0.003404048
47185,Tennessee,White County,27351,12140,90,0.443859457,0.003290556
47187,Tennessee,Williamson County,247726,136153,268,0.549611264,0.00108184
47189,Tennessee,Wilson County,147737,75542,198,0.511327562,0.001340219
48001,Texas,Anderson County,57922,31049,116,0.536048479,0.002002693
48003,Texas,Andrews County,18610,12171,27,0.654003224,0.001450833
48005,Texas,Angelina County,86395,60776,206,0.703466636,0.002384397
48007,Texas,Aransas County,23830,13909,32,0.583676039,0.001342845
48009,Texas,Archer County,8560,6301,21,0.736098131,0.002453271
48011,Texas,Armstrong County,1848,844,5,0.456709957,0.002705628
48013,Texas,Atascosa County,48981,30327,75,0.619158449,0.001531206
48015,Texas,Austin County,30167,18464,61,0.612059535,0.002022077
48017,Texas,Bailey County,6904,4178,18,0.605156431,0.002607184
48019,Texas,Bandera County,20851,12968,39,0.621936598,0.001870414
48021,Texas,Bastrop County,97216,42944,111,0.441737986,0.001141787
48023,Texas,Baylor County,3465,3354,12,0.967965368,0.003463203
48025,Texas,Bee County,31047,16561,47,0.533417077,0.001513834
48027,Texas,Bell County,370647,173731,348,0.46872361,0.000938899
48029,Texas,Bexar County,2009324,1064987,"1,305",0.530022535,0.000649472
48031,Texas,Blanco County,11374,5173,23,0.454809214,0.002022156
48033,Texas,Borden County,631,274,3,0.434231379,0.004754358
48035,Texas,Bosque County,18235,8642,57,0.473923773,0.003125857
48037,Texas,Bowie County,92893,65281,203,0.702754782,0.00218531
48039,Texas,Brazoria County,372031,212646,377,0.5715814,0.001013356
48041,Texas,Brazos County,233849,92993,174,0.397662594,0.00074407
48043,Texas,Brewster County,9546,4883,29,0.511523151,0.003037922
48045,Texas,Briscoe County,1435,1272,10,0.88641115,0.006968641
48047,Texas,Brooks County,7076,5069,10,0.716365178,0.001413228
48049,Texas,Brown County,38095,23777,85,0.624150151,0.002231264
48051,Texas,Burleson County,17642,11748,45,0.665910894,0.002550731
48053,Texas,Burnet County,49130,26389,80,0.537125992,0.001628333
48055,Texas,Caldwell County,45883,20872,70,0.454896149,0.00152562
48057,Texas,Calhoun County,20106,14168,48,0.704665274,0.002387347
48059,Texas,Callahan County,13708,7069,37,0.515684272,0.002699154
48061,Texas,Cameron County,421017,229673,369,0.54551954,0.000876449
48063,Texas,Camp County,12464,8017,49,0.643212452,0.003931322
48065,Texas,Carson County,5807,3331,20,0.573618047,0.003444119
48067,Texas,Cass County,28454,19191,104,0.674457018,0.003655022
48069,Texas,Castro County,7371,5551,16,0.75308642,0.002170669
48071,Texas,Chambers County,46571,16610,48,0.356659724,0.001030684
48073,Texas,Cherokee County,50412,30131,162,0.597694993,0.003213521
48075,Texas,Childress County,6664,3085,15,0.462935174,0.0022509
48077,Texas,Clay County,10218,5798,26,0.567430025,0.002544529
48079,Texas,Cochran County,2547,2350,18,0.922654103,0.007067138
48081,Texas,Coke County,3285,2305,19,0.701674277,0.005783866
48083,Texas,Coleman County,7684,4842,44,0.630140552,0.005726184
48085,Texas,Collin County,1064465,502689,576,0.472245682,0.000541117
48087,Texas,Collingsworth County,2652,3310,15,1.24811463,0.005656109
48089,Texas,Colorado County,20557,12423,47,0.604319696,0.002286326
48091,Texas,Comal County,161501,97663,115,0.604720714,0.00071207
48093,Texas,Comanche County,13594,8097,49,0.595630425,0.003604531
48095,Texas,Concho County,3303,1354,14,0.409930366,0.004238571
48097,Texas,Cooke County,41668,28654,82,0.687673994,0.001967937
48099,Texas,Coryell County,83093,34409,108,0.414102271,0.001299748
48101,Texas,Cottle County,1380,1239,9,0.897826087,0.006521739
48103,Texas,Crane County,4675,2799,9,0.598716578,0.001925134
48105,Texas,Crockett County,3098,1481,10,0.478050355,0.003227889
48107,Texas,Crosby County,5133,3998,21,0.778881746,0.004091175
48109,Texas,Culberson County,2188,1817,11,0.830438757,0.005027422
48111,Texas,Dallam County,7115,3737,21,0.525228391,0.002951511
48113,Texas,Dallas County,2613539,1541280,"2,442",0.589729099,0.000934365
48115,Texas,Dawson County,12456,8280,40,0.664739884,0.003211304
48117,Texas,Deaf Smith County,18583,11648,37,0.626809449,0.001991067
48119,Texas,Delta County,5230,2694,24,0.515105163,0.00458891
48121,Texas,Denton County,906422,368975,526,0.407067569,0.000580304
48123,Texas,DeWitt County,19824,8989,48,0.453440274,0.002421308
48125,Texas,Dickens County,1770,1364,15,0.770621469,0.008474576
48127,Texas,Dimmit County,8615,7128,16,0.82739408,0.001857226
48129,Texas,Donley County,3258,2693,16,0.826580724,0.004910988
48131,Texas,Duval County,9831,8441,17,0.858610518,0.001729224
48133,Texas,Eastland County,17725,15979,71,0.901495063,0.004005642
48135,Texas,Ector County,165171,83070,190,0.502933324,0.001150323
48137,Texas,Edwards County,1422,1473,11,1.035864979,0.007735584
48141,Texas,El Paso County,865657,540035,506,0.623844086,0.000584527
48139,Texas,Ellis County,192455,97589,249,0.507074381,0.001293809
48143,Texas,Erath County,42545,20253,81,0.476037137,0.001903866
48145,Texas,Falls County,16968,9202,54,0.542314946,0.003182461
48147,Texas,Fannin County,35662,17755,107,0.49786888,0.003000393
48149,Texas,Fayette County,24435,20413,60,0.835400041,0.002455494
48151,Texas,Fisher County,3672,3391,15,0.923474946,0.004084967
48153,Texas,Floyd County,5402,3667,23,0.678822658,0.004257682
48155,Texas,Foard County,1095,625,7,0.570776256,0.006392694
48157,Texas,Fort Bend County,822779,350889,443,0.426468104,0.000538419
48159,Texas,Franklin County,10359,4815,23,0.464813206,0.002220292
48161,Texas,Freestone County,19435,10713,52,0.551222022,0.002675585
48163,Texas,Frio County,18385,3667,22,0.199456078,0.001196628
48165,Texas,Gaines County,21598,9789,33,0.453236411,0.001527919
48167,Texas,Galveston County,350682,157167,317,0.44817527,0.000903953
48169,Texas,Garza County,5816,2758,19,0.474209078,0.00326685
48171,Texas,Gillespie County,26725,22217,39,0.83131899,0.001459308
48173,Texas,Glasscock County,1116,846,5,0.758064516,0.004480287
48175,Texas,Goliad County,7012,2627,18,0.374643468,0.002567028
48177,Texas,Gonzales County,19653,16356,48,0.832239353,0.002442375
48179,Texas,Gray County,21227,17718,47,0.834691666,0.002214161
48181,Texas,Grayson County,135543,61722,218,0.455368407,0.001608346
48183,Texas,Gregg County,124239,107395,263,0.864422605,0.002116888
48185,Texas,Grimes County,29268,14077,56,0.480968976,0.001913352
48187,Texas,Guadalupe County,172706,58950,127,0.341331511,0.000735354
48189,Texas,Hale County,32522,27107,73,0.833497325,0.002244634
48191,Texas,Hall County,2825,1251,13,0.442831858,0.00460177
48193,Texas,Hamilton County,8222,3998,29,0.486256385,0.003527122
48195,Texas,Hansford County,5285,4063,16,0.768779565,0.003027436
48197,Texas,Hardeman County,3549,2567,14,0.723302339,0.003944773
48199,Texas,Hardin County,56231,26611,99,0.473244296,0.001760595
48201,Texas,Harris County,4731145,2777971,"3,414",0.587166743,0.000721601
48203,Texas,Harrison County,68839,32123,148,0.46663955,0.002149944
48205,Texas,Hartley County,5382,2084,11,0.387216648,0.00204385
48207,Texas,Haskell County,5416,5545,29,1.023818316,0.005354505
48209,Texas,Hays County,241067,94174,143,0.39065488,0.000593196
48211,Texas,Hemphill County,3382,2565,11,0.758426966,0.003252513
48213,Texas,Henderson County,82150,39838,173,0.484942179,0.002105904
48215,Texas,Hidalgo County,870781,535060,594,0.614459893,0.000682146
48217,Texas,Hill County,35874,22074,105,0.615320288,0.002926911
48219,Texas,Hockley County,21537,13325,57,0.618702698,0.002646608
48221,Texas,Hood County,61598,31041,68,0.503928699,0.001103932
48223,Texas,Hopkins County,36787,20513,107,0.557615462,0.002908636
48225,Texas,Houston County,22066,12764,91,0.578446479,0.004123992
48227,Texas,Howard County,34860,19255,62,0.552352266,0.001778543
48229,Texas,Hudspeth County,3202,1622,12,0.506558401,0.003747658
48231,Texas,Hunt County,99956,42590,182,0.426087478,0.001820801
48233,Texas,Hutchinson County,20617,10947,55,0.530969588,0.002667701
48235,Texas,Irion County,1513,598,6,0.395241243,0.003965631
48237,Texas,Jack County,8472,3918,33,0.462464589,0.003895184
48239,Texas,Jackson County,14988,9189,36,0.613090472,0.002401922
48241,Texas,Jasper County,32980,22141,102,0.67134627,0.003092784
48243,Texas,Jeff Davis County,1996,717,8,0.359218437,0.004008016
48245,Texas,Jefferson County,256526,179404,408,0.699359909,0.001590482
48247,Texas,Jim Hogg County,4838,4478,8,0.925589086,0.001653576
48249,Texas,Jim Wells County,38891,29025,49,0.746316629,0.001259932
48251,Texas,Johnson County,179927,65690,191,0.36509251,0.001061542
48253,Texas,Jones County,19663,9161,51,0.465900422,0.002593704
48255,Texas,Karnes County,14710,9315,39,0.633242692,0.002651258
48257,Texas,Kaufman County,145310,59414,174,0.408877572,0.00119744
48259,Texas,Kendall County,44279,34168,43,0.771652476,0.000971115
48261,Texas,Kenedy County,350,221,1,0.631428571,0.002857143
48263,Texas,Kent County,753,666,5,0.884462151,0.006640106
48265,Texas,Kerr County,52598,33072,82,0.628769155,0.001558995
48267,Texas,Kimble County,4286,1951,16,0.455202986,0.003733084
48269,Texas,King County,265,1199,2,4.524528302,0.00754717
48271,Texas,Kinney County,3129,1869,11,0.597315436,0.0035155
48273,Texas,Kleberg County,31040,19441,42,0.626320876,0.001353093
48275,Texas,Knox County,3353,2525,20,0.753056964,0.005964808
48283,Texas,La Salle County,6664,5724,11,0.858943577,0.00165066
48277,Texas,Lamar County,50088,26233,131,0.523738221,0.002615397
48279,Texas,Lamb County,13045,9831,41,0.753622077,0.003142967
48281,Texas,Lampasas County,21627,9722,39,0.449530679,0.001803301
48285,Texas,Lavaca County,20337,17548,48,0.862860796,0.00236023
48287,Texas,Lee County,17478,11807,39,0.675534958,0.002231377
48289,Texas,Leon County,15719,8822,86,0.561231631,0.005471086
48291,Texas,Liberty County,91628,44635,138,0.487132754,0.00150609
48293,Texas,Limestone County,22146,14430,78,0.651584936,0.003522081
48295,Texas,Lipscomb County,3059,2795,16,0.913697287,0.005230467
48297,Texas,Live Oak County,11335,6627,25,0.584649316,0.002205558
48299,Texas,Llano County,21243,8811,38,0.414771925,0.001788825
48301,Texas,Loving County,64,0,0,0,0
48303,Texas,Lubbock County,310639,159089,345,0.512134664,0.001110614
48305,Texas,Lynn County,5596,4341,21,0.775732666,0.00375268
48313,Texas,Madison County,13455,6688,31,0.497064288,0.002303976
48315,Texas,Marion County,9725,4121,42,0.423753213,0.004318766
48317,Texas,Martin County,5237,3194,15,0.609891159,0.002864235
48319,Texas,Mason County,3953,3084,14,0.780166962,0.003541614
48321,Texas,Matagorda County,36255,20212,80,0.557495518,0.002206592
48323,Texas,Maverick County,57887,44695,57,0.772107727,0.000984677
48307,Texas,McCulloch County,7630,3689,30,0.483486239,0.003931848
48309,Texas,McLennan County,260579,149401,392,0.573342441,0.001504342
48311,Texas,McMullen County,600,329,2,0.548333333,0.003333333
48325,Texas,Medina County,50748,34770,61,0.685150154,0.001202018
48327,Texas,Menard County,1962,982,11,0.500509684,0.005606524
48329,Texas,Midland County,169983,110901,180,0.652424066,0.001058929
48331,Texas,Milam County,24754,14732,87,0.59513614,0.003514584
48333,Texas,Mills County,4456,3851,19,0.864228007,0.004263914
48335,Texas,Mitchell County,8990,6678,27,0.742825362,0.003003337
48337,Texas,Montague County,19965,8718,61,0.436664162,0.003055347
48339,Texas,Montgomery County,620443,309229,421,0.498400337,0.000678547
48341,Texas,Moore County,21358,13177,48,0.616958517,0.002247401
48343,Texas,Morris County,11973,17703,46,1.478576798,0.003841978
48345,Texas,Motley County,1063,684,9,0.6434619,0.008466604
48347,Texas,Nacogdoches County,64653,36093,158,0.558257157,0.002443815
48349,Texas,Navarro County,52624,23703,112,0.450421861,0.002128306
48351,Texas,Newton County,12217,4268,41,0.349349267,0.003355979
48353,Texas,Nolan County,14738,8580,43,0.582168544,0.002917628
48355,Texas,Nueces County,353178,225360,335,0.63809184,0.00094853
48357,Texas,Ochiltree County,10015,7712,28,0.770044933,0.002795806
48359,Texas,Oldham County,1758,514,6,0.292377702,0.003412969
48361,Texas,Orange County,84808,49587,141,0.584697198,0.001662579
48363,Texas,Palo Pinto County,28409,15793,72,0.555915379,0.002534408
48365,Texas,Panola County,22491,13854,82,0.615979725,0.003645903
48367,Texas,Parker County,148222,65923,176,0.444758538,0.001187408
48369,Texas,Parmer County,9869,5770,27,0.584659033,0.002735839
48371,Texas,Pecos County,15193,7818,37,0.514579082,0.002435332
48373,Texas,Polk County,50123,17092,98,0.341001137,0.00195519
48375,Texas,Potter County,118525,91887,190,0.775254166,0.001603037
48377,Texas,Presidio County,6131,4415,18,0.720110912,0.0029359
48379,Texas,Rains County,12164,5578,28,0.458566261,0.002301874
48381,Texas,Randall County,140753,69618,117,0.494611127,0.000831243
48383,Texas,Reagan County,3385,2258,9,0.667060561,0.002658789
48385,Texas,Real County,2758,1943,13,0.704496012,0.004713561
48387,Texas,Red River County,11587,6185,54,0.533787866,0.004660395
48389,Texas,Reeves County,14748,3787,28,0.25678058,0.001898563
48391,Texas,Refugio County,6741,5533,32,0.820798101,0.00474707
48393,Texas,Roberts County,827,513,4,0.620314389,0.004836759
48395,Texas,Robertson County,16757,11178,47,0.66706451,0.002804798
48397,Texas,Rockwall County,107819,79946,78,0.741483412,0.000723435
48399,Texas,Runnels County,9900,8460,37,0.854545455,0.003737374
48401,Texas,Rusk County,52214,22589,132,0.432623434,0.002528058
48403,Texas,Sabine County,9894,6721,37,0.679300586,0.00373964
48405,Texas,San Augustine County,7918,3909,38,0.493685274,0.004799192
48407,Texas,San Jacinto County,27402,5841,45,0.213159623,0.001642216
48409,Texas,San Patricio County,68755,43072,102,0.626456258,0.001483528
48411,Texas,San Saba County,5730,4456,27,0.777661431,0.004712042
48413,Texas,Schleicher County,2451,2793,11,1.139534884,0.004487964
48415,Texas,Scurry County,16932,9741,42,0.575301205,0.00248051
48417,Texas,Shackelford County,3105,1819,18,0.585829308,0.005797101
48419,Texas,Shelby County,24022,12853,89,0.535051203,0.003704937
48421,Texas,Sherman County,2782,1975,9,0.70992092,0.003235083
48423,Texas,Smith County,233479,143718,380,0.615550007,0.001627555
48425,Texas,Somervell County,9205,5199,20,0.564801738,0.002172732
48427,Texas,Starr County,65920,55614,47,0.843658981,0.000712985
48429,Texas,Stephens County,9101,7499,22,0.823975387,0.002417317
48431,Texas,Sterling County,1372,995,7,0.725218659,0.005102041
48433,Texas,Stonewall County,1245,2079,10,1.669879518,0.008032129
48435,Texas,Sutton County,3372,2879,13,0.853795967,0.003855279
48437,Texas,Swisher County,6971,4848,26,0.695452589,0.003729737
48439,Texas,Tarrant County,2110640,1280384,"1,810",0.606633059,0.00085756
48441,Texas,Taylor County,143208,89892,215,0.627702363,0.001501313
48443,Texas,Terrell County,760,769,6,1.011842105,0.007894737
48445,Texas,Terry County,11831,7027,32,0.593948102,0.002704759
48447,Texas,Throckmorton County,1440,1604,9,1.113888889,0.00625
48449,Texas,Titus County,31247,29080,87,0.930649342,0.002784267
48451,Texas,Tom Green County,120003,72187,139,0.601543295,0.001158304
48453,Texas,Travis County,1290188,565962,737,0.438666303,0.000571235
48455,Texas,Trinity County,13602,6547,48,0.481326276,0.003528893
48457,Texas,Tyler County,19798,10423,57,0.52646732,0.002879079
48459,Texas,Upshur County,40892,18197,113,0.445001467,0.002763377
48461,Texas,Upton County,3308,3165,16,0.956771463,0.004836759
48463,Texas,Uvalde County,24564,14034,55,0.571323889,0.002239049
48465,Texas,Val Verde County,47586,19774,56,0.415542386,0.001176817
48467,Texas,Van Zandt County,59541,25383,134,0.426311281,0.00225055
48469,Texas,Victoria County,91319,51486,104,0.563803809,0.001138865
48471,Texas,Walker County,76400,40600,85,0.531413613,0.001112565
48473,Texas,Waller County,56794,19068,65,0.335739691,0.001144487
48475,Texas,Ward County,11644,7833,30,0.672706974,0.002576434
48477,Texas,Washington County,35805,25581,70,0.714453289,0.001955034
48479,Texas,Webb County,267114,183450,163,0.686785417,0.000610226
48481,Texas,Wharton County,41570,30481,82,0.733245129,0.001972576
48483,Texas,Wheeler County,4990,1823,21,0.365330661,0.004208417
48485,Texas,Wichita County,129350,88399,198,0.683409354,0.001530731
48487,Texas,Wilbarger County,12887,11142,37,0.864592225,0.00287111
48489,Texas,Willacy County,20164,4631,33,0.229666733,0.00163658
48491,Texas,Williamson County,609017,248069,372,0.407326889,0.00061082
48493,Texas,Wilson County,49753,20163,41,0.405261994,0.000824071
48495,Texas,Winkler County,7791,4038,20,0.518290335,0.002567065
48497,Texas,Wise County,68632,31623,103,0.460761744,0.001500758
48499,Texas,Wood County,44843,30885,141,0.688736258,0.003144303
48501,Texas,Yoakum County,7694,6933,25,0.90109176,0.003249285
48503,Texas,Young County,17867,15760,61,0.882073096,0.003414115
48505,Texas,Zapata County,13889,9033,22,0.650370797,0.001583987
48507,Texas,Zavala County,9670,9330,15,0.96483971,0.001551189
49001,Utah,Beaver County,7072,4565,16,0.645503394,0.002262443
49003,Utah,Box Elder County,57666,51926,142,0.900461277,0.002462456
49005,Utah,Cache County,133154,109401,267,0.821612569,0.002005197
49007,Utah,Carbon County,20412,12575,47,0.616059181,0.002302567
49009,Utah,Daggett County,935,478,2,0.511229947,0.002139037
49011,Utah,Davis County,362679,276152,676,0.761422635,0.001863907
49013,Utah,Duchesne County,19596,11388,41,0.581139008,0.002092264
49015,Utah,Emery County,9825,6039,22,0.614656489,0.002239186
49017,Utah,Garfield County,5083,4947,18,0.973244147,0.003541216
49019,Utah,Grand County,9669,3960,21,0.409556314,0.00217189
49021,Utah,Iron County,57289,31022,94,0.541500113,0.001640804
49023,Utah,Juab County,11786,8228,22,0.698116409,0.001866621
49025,Utah,Kane County,7667,4847,22,0.632189905,0.00286944
49027,Utah,Millard County,12975,10259,41,0.790674374,0.003159923
49029,Utah,Morgan County,12295,10756,28,0.874827166,0.002277349
49031,Utah,Piute County,1438,819,3,0.569541029,0.002086231
49033,Utah,Rich County,2510,2763,9,1.100796813,0.003585657
49035,Utah,Salt Lake County,1185238,798587,"1,670",0.673777756,0.001409
49037,Utah,San Juan County,14518,6941,34,0.478096156,0.00234192
49039,Utah,Sanpete County,28437,18539,65,0.651932342,0.002285754
49041,Utah,Sevier County,21522,13421,48,0.623594461,0.002230276
49043,Utah,Summit County,42357,21184,49,0.500129849,0.001156834
49045,Utah,Tooele County,72698,51676,120,0.71083111,0.001650664
49047,Utah,Uintah County,35620,18306,69,0.513924761,0.001937114
49049,Utah,Utah County,659399,587133,"1,394",0.890406264,0.002114046
49051,Utah,Wasatch County,34788,18746,62,0.538863976,0.001782224
49053,Utah,Washington County,180279,133506,330,0.740552144,0.001830496
49055,Utah,Wayne County,2486,1893,7,0.7614642,0.002815768
49057,Utah,Weber County,262223,168895,403,0.644089191,0.00153686
50001,Vermont,Addison County,37363,11912,53,0.318818082,0.001418516
50003,Vermont,Bennington County,37347,14385,52,0.3851715,0.001392347
50005,Vermont,Caledonia County,30233,11549,59,0.381999802,0.00195151
50007,Vermont,Chittenden County,168323,89599,122,0.532303963,0.000724797
50009,Vermont,Essex County,5920,1016,10,0.171621622,0.001689189
50011,Vermont,Franklin County,49946,18323,47,0.366856205,0.000941016
50013,Vermont,Grand Isle County,7293,2763,9,0.378856438,0.00123406
50015,Vermont,Lamoille County,25945,6375,33,0.245712083,0.001271921
50017,Vermont,Orange County,29277,2975,51,0.101615603,0.001741982
50019,Vermont,Orleans County,27393,6683,49,0.243967437,0.001788778
50021,Vermont,Rutland County,60572,24217,97,0.399805191,0.0016014
50023,Vermont,Washington County,59807,25435,88,0.425284666,0.0014714
50025,Vermont,Windham County,45905,12431,61,0.270798388,0.001328831
50027,Vermont,Windsor County,57753,14354,90,0.248541201,0.001558361
51001,Virginia,Accomack County,33413,14397,97,0.430880196,0.002903062
51003,Virginia,Albemarle County,112395,32609,126,0.290128564,0.001121046
51510,Virginia,Alexandria city,159467,63496,95,0.398176425,0.000595735
51005,Virginia,Alleghany County,15223,6855,51,0.450305459,0.003350194
51007,Virginia,Amelia County,13265,4565,35,0.344138711,0.002638522
51009,Virginia,Amherst County,31307,17857,68,0.57038362,0.002172038
51011,Virginia,Appomattox County,16119,10115,43,0.627520318,0.002667659
51013,Virginia,Arlington County,238643,83048,120,0.348000989,0.000502843
51015,Virginia,Augusta County,77487,29311,141,0.378269903,0.00181966
51017,Virginia,Bath County,4209,1412,19,0.335471608,0.004514136
51019,Virginia,Bedford County,79462,32167,127,0.404809846,0.001598248
51021,Virginia,Bland County,6270,1799,29,0.28692185,0.004625199
51023,Virginia,Botetourt County,33596,17013,79,0.506399571,0.00235147
51520,Virginia,Bristol city,17219,18137,46,1.053313201,0.002671468
51025,Virginia,Brunswick County,15849,8533,65,0.53839359,0.004101205
51027,Virginia,Buchanan County,20355,5150,38,0.253009089,0.001866863
51029,Virginia,Buckingham County,16824,3535,40,0.2101165,0.002377556
51530,Virginia,Buena Vista city,6641,5456,25,0.821563018,0.003764493
51031,Virginia,Campbell County,55696,29549,109,0.530540793,0.001957053
51033,Virginia,Caroline County,30887,10462,42,0.338718555,0.001359795
51035,Virginia,Carroll County,29155,11832,82,0.405830904,0.002812554
51036,Virginia,Charles City County,6773,3787,10,0.559131847,0.001476451
51037,Virginia,Charlotte County,11529,5355,48,0.464480874,0.004163414
51540,Virginia,Charlottesville city,46553,37532,69,0.806220867,0.001482182
51550,Virginia,Chesapeake city,249422,111725,218,0.447935627,0.000874021
51041,Virginia,Chesterfield County,364548,179824,278,0.493279349,0.000762588
51043,Virginia,Clarke County,14783,5650,28,0.382195765,0.001894068
51570,Virginia,Colonial Heights city,18170,19619,25,1.079746835,0.001375894
51580,Virginia,Covington city,5737,4690,29,0.817500436,0.005054907
51045,Virginia,Craig County,4892,1742,13,0.356091578,0.0026574
51047,Virginia,Culpeper County,52552,24646,71,0.468983102,0.001351043
51049,Virginia,Cumberland County,9675,4367,25,0.451369509,0.002583979
51590,Virginia,Danville city,42590,30988,94,0.727588636,0.002207091
51051,Virginia,Dickenson County,14124,2492,26,0.17643727,0.001840838
51053,Virginia,Dinwiddie County,27947,9763,46,0.349339822,0.001645973
51595,Virginia,Emporia city,5766,4722,26,0.818938606,0.004509192
51057,Virginia,Essex County,10599,4980,32,0.469855647,0.003019153
51600,Virginia,Fairfax city,24146,22747,42,0.942060797,0.001739419
51059,Virginia,Fairfax County,1150309,552038,710,0.479904095,0.000617225
51610,Virginia,Falls Church city,14658,14283,10,0.974416701,0.000682221
51061,Virginia,Fauquier County,72972,29432,108,0.403332785,0.00148002
51063,Virginia,Floyd County,15476,5273,50,0.340721117,0.003230809
51065,Virginia,Fluvanna County,27249,6674,27,0.244926419,0.000990862
51620,Virginia,Franklin city,8180,8876,23,1.085085575,0.002811736
51067,Virginia,Franklin County,54477,26576,114,0.487838904,0.002092626
51069,Virginia,Frederick County,91419,30281,105,0.331233113,0.001148558
51630,Virginia,Fredericksburg city,27982,37171,53,1.328389679,0.001894075
51640,Virginia,Galax city,6720,4968,23,0.739285714,0.003422619
51071,Virginia,Giles County,16787,8593,57,0.511884196,0.003395485
51073,Virginia,Gloucester County,38711,13413,47,0.346490662,0.001214125
51075,Virginia,Goochland County,24727,11467,39,0.463744085,0.001577223
51077,Virginia,Grayson County,15333,5835,53,0.380551751,0.003456597
51079,Virginia,Greene County,20552,4250,26,0.206792526,0.001265084
51081,Virginia,Greensville County,11391,2464,20,0.216311123,0.001755772
51083,Virginia,Halifax County,34022,20337,119,0.597760273,0.003497737
51650,Virginia,Hampton city,137148,71756,148,0.523201213,0.001079126
51085,Virginia,Hanover County,109979,57246,123,0.520517553,0.001118395
51660,Virginia,Harrisonburg city,51814,29134,74,0.562280465,0.001428185
51087,Virginia,Henrico County,334389,180531,244,0.53988319,0.000729689
51089,Virginia,Henry County,50948,27483,127,0.539432362,0.002492738
51091,Virginia,Highland County,2232,1237,22,0.55421147,0.009856631
51670,Virginia,Hopewell city,23033,10458,39,0.454044197,0.001693223
51093,Virginia,Isle of Wight County,38606,18239,66,0.472439517,0.001709579
51095,Virginia,James City County,78254,34444,54,0.440156414,0.000690061
51097,Virginia,King and Queen County,6608,2825,18,0.427512107,0.002723971
51099,Virginia,King George County,26723,6257,27,0.234142873,0.001010366
51101,Virginia,King William County,17810,5763,27,0.323582257,0.001516002
51103,Virginia,Lancaster County,10919,7079,33,0.648319443,0.003022255
51105,Virginia,Lee County,22173,13230,101,0.596671628,0.00455509
51678,Virginia,Lexington city,7320,6739,17,0.920628415,0.002322404
51107,Virginia,Loudoun County,420959,120879,207,0.28715148,0.000491734
51109,Virginia,Louisa County,37596,11546,62,0.307107139,0.001649112
51111,Virginia,Lunenburg County,11936,3973,37,0.332858579,0.003099866
51680,Virginia,Lynchburg city,79009,56798,122,0.718880128,0.001544128
51113,Virginia,Madison County,13837,5897,36,0.426176194,0.00260172
51683,Virginia,Manassas city,42772,36887,36,0.862409988,0.000841672
51685,Virginia,Manassas Park city,17219,1907,3,0.110749753,0.000174226
51690,Virginia,Martinsville city,13485,16680,49,1.236929922,0.003633667
51115,Virginia,Mathews County,8533,6903,26,0.808976913,0.003046994
51117,Virginia,Mecklenburg County,30319,13443,105,0.443385336,0.003463175
51119,Virginia,Middlesex County,10625,4050,19,0.381176471,0.001788235
51121,Virginia,Montgomery County,99721,33162,130,0.332547808,0.001303637
51125,Virginia,Nelson County,14775,8114,39,0.549170897,0.002639594
51127,Virginia,New Kent County,22945,6409,23,0.279320113,0.001002397
51700,Virginia,Newport News city,186247,83005,185,0.445671608,0.000993305
51710,Virginia,Norfolk city,238005,113661,270,0.477557194,0.00113443
51131,Virginia,Northampton County,12282,6214,35,0.505943657,0.002849699
51133,Virginia,Northumberland County,11839,4466,35,0.377227806,0.002956331
51720,Virginia,Norton city,3687,1764,12,0.478437754,0.003254679
51135,Virginia,Nottoway County,15642,6016,45,0.384605549,0.00287687
51137,Virginia,Orange County,36254,14719,59,0.40599658,0.001627407
51139,Virginia,Page County,23709,7529,50,0.317558733,0.002108904
51141,Virginia,Patrick County,17608,7504,68,0.426169923,0.003861881
51730,Virginia,Petersburg city,33458,29685,73,0.887231753,0.00218184
51143,Virginia,Pittsylvania County,60501,25542,140,0.42217484,0.002314011
51735,Virginia,Poquoson city,12460,4478,9,0.359390048,0.000722311
51740,Virginia,Portsmouth city,97915,50221,115,0.512904049,0.001174488
51145,Virginia,Powhatan County,30333,13208,37,0.435433356,0.001219794
51147,Virginia,Prince Edward County,21849,6597,45,0.301936015,0.002059591
51149,Virginia,Prince George County,43010,10361,35,0.240897466,0.000813764
51153,Virginia,Prince William County,482204,197841,265,0.410284859,0.00054956
51155,Virginia,Pulaski County,33800,11499,83,0.340207101,0.002455621
51750,Virginia,Radford city,16070,8096,24,0.503795893,0.001493466
51157,Virginia,Rappahannock County,7348,2847,20,0.387452368,0.002721829
51760,Virginia,Richmond city,226610,162375,300,0.716539429,0.00132386
51159,Virginia,Richmond County,8923,4460,28,0.499831895,0.003137958
51770,Virginia,Roanoke city,100011,69229,185,0.692213856,0.001849797
51161,Virginia,Roanoke County,96929,40097,127,0.413673926,0.001310237
51163,Virginia,Rockbridge County,22650,7708,61,0.340309051,0.002693157
51165,Virginia,Rockingham County,83757,40171,179,0.479613644,0.002137135
51167,Virginia,Russell County,25781,12193,65,0.472945192,0.002521237
51775,Virginia,Salem city,25346,18913,42,0.746192693,0.001657066
51169,Virginia,Scott County,21576,8938,71,0.414256581,0.003290693
51171,Virginia,Shenandoah County,44186,17944,121,0.40610148,0.002738424
51173,Virginia,Smyth County,29800,10585,93,0.355201342,0.003120805
51175,Virginia,Southampton County,17996,8720,48,0.484552123,0.002667259
51177,Virginia,Spotsylvania County,140032,56453,101,0.403143567,0.000721264
51179,Virginia,Stafford County,156927,48068,109,0.306308029,0.00069459
51790,Virginia,Staunton city,25750,15252,65,0.59231068,0.002524272
51800,Virginia,Suffolk city,94324,32343,95,0.342892583,0.001007167
51181,Virginia,Surry County,6561,3232,24,0.492607834,0.003657979
51183,Virginia,Sussex County,10829,3996,29,0.369009142,0.002677994
51185,Virginia,Tazewell County,40429,12726,124,0.314774048,0.003067105
51810,Virginia,Virginia Beach city,459470,174667,265,0.380148867,0.000576751
51187,Virginia,Warren County,40727,15748,48,0.386672232,0.001178579
51191,Virginia,Washington County,53935,29479,124,0.54656531,0.002299064
51820,Virginia,Waynesboro city,22196,15064,51,0.678680843,0.002297711
51193,Virginia,Westmoreland County,18477,8067,33,0.43659685,0.001786004
51830,Virginia,Williamsburg city,15425,7601,19,0.492771475,0.001231767
51840,Virginia,Winchester city,28120,21474,45,0.763655761,0.001600284
51195,Virginia,Wise County,36130,10997,93,0.304373097,0.002574038
51197,Virginia,Wythe County,28290,13581,94,0.480063627,0.003322729
51199,Virginia,York County,70045,31892,63,0.455307302,0.000899422
53001,Washington,Adams County,20613,11071,38,0.537088245,0.001843497
53003,Washington,Asotin County,22285,6293,26,0.282387256,0.001166704
53005,Washington,Benton County,206873,110707,185,0.535144751,0.000894268
53007,Washington,Chelan County,79074,52162,97,0.659660571,0.001226699
53009,Washington,Clallam County,77155,27531,89,0.356827166,0.001153522
53011,Washington,Clark County,503311,196791,322,0.390992845,0.000639763
53013,Washington,Columbia County,3952,1060,12,0.268218623,0.003036437
53015,Washington,Cowlitz County,110730,40656,116,0.36716337,0.001047593
53017,Washington,Douglas County,42938,12157,43,0.283129163,0.001001444
53019,Washington,Ferry County,7178,2156,19,0.300362218,0.002646977
53021,Washington,Franklin County,96749,48720,79,0.503571096,0.000816546
53023,Washington,Garfield County,2286,965,6,0.422134733,0.002624672
53025,Washington,Grant County,99123,50526,123,0.509730335,0.001240883
53027,Washington,Grays Harbor County,75636,21494,92,0.284176847,0.001216352
53029,Washington,Island County,86857,48428,66,0.557560128,0.00075987
53031,Washington,Jefferson County,32977,6840,38,0.207417291,0.001152318
53033,Washington,King County,2269675,886830,"1,467",0.39072995,0.000646348
53035,Washington,Kitsap County,275611,121620,218,0.441274115,0.00079097
53037,Washington,Kittitas County,44337,11320,44,0.255317229,0.000992399
53039,Washington,Klickitat County,22735,5657,37,0.2488234,0.001627447
53041,Washington,Lewis County,82149,30129,103,0.366760399,0.001253819
53043,Washington,Lincoln County,10876,4117,32,0.378539904,0.002942258
53045,Washington,Mason County,65726,17435,52,0.26526793,0.000791163
53047,Washington,Okanogan County,42104,14726,87,0.349752993,0.002066312
53049,Washington,Pacific County,23365,7024,42,0.300620586,0.00179756
53051,Washington,Pend Oreille County,13401,4556,24,0.339974629,0.001790911
53053,Washington,Pierce County,921130,410518,630,0.445667821,0.000683943
53055,Washington,San Juan County,17788,4200,28,0.236114234,0.001574095
53057,Washington,Skagit County,129523,49961,137,0.38573072,0.001057727
53059,Washington,Skamania County,12036,2390,14,0.198570954,0.001163177
53061,Washington,Snohomish County,827957,355139,552,0.428934111,0.000666701
53063,Washington,Spokane County,539339,228728,446,0.424089487,0.000826938
53065,Washington,Stevens County,46445,15238,73,0.328086985,0.001571752
53067,Washington,Thurston County,294793,107741,208,0.365480184,0.00070558
53069,Washington,Wahkiakum County,4422,1379,10,0.311849842,0.00226142
53071,Washington,Walla Walla County,62584,25019,74,0.399766714,0.001182411
53073,Washington,Whatcom County,226847,99143,217,0.437047878,0.000956592
53075,Washington,Whitman County,47973,14802,76,0.308548559,0.001584224
53077,Washington,Yakima County,256728,119432,249,0.465208314,0.000969898
54001,West Virginia,Barbour County,15465,6870,57,0.444228904,0.003685742
54003,West Virginia,Berkeley County,122076,33725,119,0.276262328,0.000974803
54005,West Virginia,Boone County,21809,5128,60,0.235132285,0.002751158
54007,West Virginia,Braxton County,12447,5479,51,0.44018639,0.004097373
54009,West Virginia,Brooke County,22559,6617,50,0.293319739,0.00221641
54011,West Virginia,Cabell County,94350,48009,156,0.508839428,0.001653418
54013,West Virginia,Calhoun County,6229,1687,21,0.270829989,0.003371328
54015,West Virginia,Clay County,8051,2169,23,0.269407527,0.002856788
54017,West Virginia,Doddridge County,7808,1880,16,0.240778689,0.00204918
54019,West Virginia,Fayette County,40488,14440,121,0.356648884,0.00298854
54021,West Virginia,Gilmer County,7408,1941,28,0.262014039,0.003779698
54023,West Virginia,Grant County,10976,4023,41,0.366526968,0.003735423
54025,West Virginia,Greenbrier County,32977,14459,112,0.438457106,0.003396307
54027,West Virginia,Hampshire County,23093,6661,63,0.288442385,0.002728099
54029,West Virginia,Hancock County,29095,14125,52,0.485478605,0.001787249
54031,West Virginia,Hardy County,14299,6291,53,0.439960836,0.003706553
54033,West Virginia,Harrison County,65921,38191,160,0.579344974,0.002427148
54035,West Virginia,Jackson County,27791,13287,61,0.478104422,0.002194955
54037,West Virginia,Jefferson County,57701,19291,70,0.334326961,0.001213151
54039,West Virginia,Kanawha County,180745,73750,360,0.408033417,0.001991756
54041,West Virginia,Lewis County,17033,5348,47,0.313978747,0.002759349
54043,West Virginia,Lincoln County,20463,3572,47,0.17455896,0.002296828
54045,West Virginia,Logan County,32567,8304,92,0.254982037,0.002824945
54049,West Virginia,Marion County,56205,26277,126,0.467520683,0.002241793
54051,West Virginia,Marshall County,30591,11440,68,0.373966199,0.002222876
54053,West Virginia,Mason County,25453,5936,55,0.233214159,0.002160845
54047,West Virginia,McDowell County,19111,4197,73,0.219611742,0.00381979
54055,West Virginia,Mercer County,59664,30861,132,0.517246581,0.002212389
54057,West Virginia,Mineral County,26938,10101,75,0.374972158,0.002784171
54059,West Virginia,Mingo County,23568,6958,70,0.295230821,0.002970129
54061,West Virginia,Monongalia County,105822,27800,124,0.262705298,0.001171779
54063,West Virginia,Monroe County,12376,3217,45,0.259938591,0.00363607
54065,West Virginia,Morgan County,17063,4444,33,0.26044658,0.001934009
54067,West Virginia,Nicholas County,24604,9445,79,0.38388067,0.00321086
54069,West Virginia,Ohio County,42425,22582,71,0.532280495,0.001673542
54071,West Virginia,Pendleton County,6143,3899,55,0.63470617,0.00895328
54073,West Virginia,Pleasants County,7653,2037,28,0.266170129,0.003658696
54075,West Virginia,Pocahontas County,7869,2749,50,0.349345533,0.006354048
54077,West Virginia,Preston County,34216,11073,106,0.323620528,0.003097966
54079,West Virginia,Putnam County,57440,22943,70,0.399425487,0.001218663
54081,West Virginia,Raleigh County,74591,23861,133,0.31989114,0.001783057
54083,West Virginia,Randolph County,27932,10269,74,0.367642847,0.002649291
54085,West Virginia,Ritchie County,8444,2876,41,0.340596874,0.004855519
54087,West Virginia,Roane County,14028,3092,46,0.22041631,0.003279156
54089,West Virginia,Summers County,11959,2986,30,0.249686429,0.002508571
54091,West Virginia,Taylor County,16705,8885,40,0.531876684,0.002394493
54093,West Virginia,Tucker County,6762,3160,36,0.467317362,0.005323869
54095,West Virginia,Tyler County,8313,2624,33,0.315650186,0.003969686
54097,West Virginia,Upshur County,23816,7770,65,0.32625126,0.002729258
54099,West Virginia,Wayne County,38982,10858,84,0.278538813,0.002154841
54101,West Virginia,Webster County,8378,1446,23,0.172594891,0.002745285
54103,West Virginia,Wetzel County,14442,6647,63,0.460254812,0.004362277
54105,West Virginia,Wirt County,5194,1735,19,0.334039276,0.003658067
54107,West Virginia,Wood County,84296,41604,176,0.49354655,0.002087881
54109,West Virginia,Wyoming County,21382,7818,80,0.365634646,0.003741465
55001,Wisconsin,Adams County,20654,2566,18,0.124237436,0.000871502
55003,Wisconsin,Ashland County,16027,7609,37,0.47476134,0.002308604
55005,Wisconsin,Barron County,46711,23679,90,0.506925564,0.001926741
55007,Wisconsin,Bayfield County,16220,5886,37,0.362885327,0.002281134
55009,Wisconsin,Brown County,268740,146739,178,0.546025899,0.00066235
55011,Wisconsin,Buffalo County,13317,6770,30,0.508372757,0.00225276
55013,Wisconsin,Burnett County,16526,3788,31,0.229214571,0.001875832
55015,Wisconsin,Calumet County,52442,24516,33,0.467487891,0.000629267
55017,Wisconsin,Chippewa County,66297,25657,80,0.38700092,0.001206691
55019,Wisconsin,Clark County,34659,20051,85,0.578522173,0.002452465
55021,Wisconsin,Columbia County,58490,22890,82,0.391348949,0.001401949
55023,Wisconsin,Crawford County,16113,8889,34,0.551666356,0.002110097
55025,Wisconsin,Dane County,561504,205661,389,0.366268094,0.000692782
55027,Wisconsin,Dodge County,89396,39414,102,0.44089221,0.001140991
55029,Wisconsin,Door County,30066,16719,52,0.556076631,0.001729528
55031,Wisconsin,Douglas County,44295,13518,47,0.305181172,0.001061068
55033,Wisconsin,Dunn County,45440,21694,69,0.477420775,0.001518486
55035,Wisconsin,Eau Claire County,105710,43555,115,0.41202346,0.001087882
55037,Wisconsin,Florence County,4558,924,9,0.202720491,0.00197455
55039,Wisconsin,Fond du Lac County,104154,59281,103,0.569166811,0.00098892
55041,Wisconsin,Forest County,9179,3754,20,0.408977013,0.002178887
55043,Wisconsin,Grant County,51938,28334,94,0.545535061,0.00180985
55045,Wisconsin,Green County,37093,11653,45,0.31415631,0.001213167
55047,Wisconsin,Green Lake County,19018,10455,44,0.549742349,0.002313598
55049,Wisconsin,Iowa County,23709,13702,50,0.577923995,0.002108904
55051,Wisconsin,Iron County,6137,2659,11,0.433273586,0.001792407
55053,Wisconsin,Jackson County,21145,7295,44,0.344998818,0.00208087
55055,Wisconsin,Jefferson County,84900,43354,102,0.510647821,0.001201413
55057,Wisconsin,Juneau County,26718,9854,39,0.368815031,0.00145969
55059,Wisconsin,Kenosha County,169151,59361,115,0.350934963,0.000679866
55061,Wisconsin,Kewaunee County,20563,13656,23,0.664105432,0.001118514
55063,Wisconsin,La Crosse County,120784,51644,104,0.427573189,0.000861041
55065,Wisconsin,Lafayette County,16611,7646,47,0.460297393,0.00282945
55067,Wisconsin,Langlade County,19491,11219,36,0.575598994,0.001847006
55069,Wisconsin,Lincoln County,28415,15554,43,0.547386944,0.001513285
55071,Wisconsin,Manitowoc County,81359,46805,70,0.575289765,0.000860384
55073,Wisconsin,Marathon County,138013,70187,163,0.508553542,0.001181048
55075,Wisconsin,Marinette County,41872,23091,63,0.551466374,0.001504585
55077,Wisconsin,Marquette County,15592,5301,36,0.339982042,0.002308876
55078,Wisconsin,Menominee County,4255,1038,4,0.243948296,0.000940071
55079,Wisconsin,Milwaukee County,939489,493096,788,0.524855533,0.000838754
55081,Wisconsin,Monroe County,46274,19617,84,0.423931365,0.001815274
55083,Wisconsin,Oconto County,38965,17383,51,0.446118311,0.001308867
55085,Wisconsin,Oneida County,37845,14561,53,0.3847536,0.001400449
55087,Wisconsin,Outagamie County,190705,123463,132,0.647403057,0.000692169
55089,Wisconsin,Ozaukee County,91503,53060,73,0.579871698,0.000797788
55091,Wisconsin,Pepin County,7318,3633,19,0.496447117,0.002596338
55093,Wisconsin,Pierce County,42212,19278,52,0.456694779,0.001231877
55095,Wisconsin,Polk County,44977,16713,84,0.371589924,0.001867621
55097,Wisconsin,Portage County,70377,32733,64,0.46510934,0.000909388
55099,Wisconsin,Price County,14054,7656,37,0.544755941,0.002632702
55101,Wisconsin,Racine County,197727,82499,170,0.417236897,0.000859771
55103,Wisconsin,Richland County,17304,5891,45,0.340441516,0.002600555
55105,Wisconsin,Rock County,163687,62560,174,0.382192844,0.001063004
55107,Wisconsin,Rusk County,14188,4739,38,0.33401466,0.00267832
55111,Wisconsin,Sauk County,65763,32247,90,0.490351718,0.001368551
55113,Wisconsin,Sawyer County,18074,6667,39,0.368872413,0.002157796
55115,Wisconsin,Shawano County,40881,22507,84,0.550549155,0.002054744
55117,Wisconsin,Sheboygan County,118034,64857,144,0.549477269,0.001219987
55109,Wisconsin,St Croix County,93536,38253,84,0.408965532,0.00089805
55119,Wisconsin,Taylor County,19913,11597,37,0.582383368,0.001858083
55121,Wisconsin,Trempealeau County,30760,18190,52,0.591352406,0.001690507
55123,Wisconsin,Vernon County,30714,17046,94,0.554991209,0.003060494
55125,Wisconsin,Vilas County,23047,7914,42,0.343385256,0.001822363
55127,Wisconsin,Walworth County,106478,43965,108,0.412902196,0.001014294
55129,Wisconsin,Washburn County,16623,4950,36,0.297780184,0.002165674
55131,Wisconsin,Washington County,136761,76172,90,0.556971651,0.000658082
55133,Wisconsin,Waukesha County,406978,245298,280,0.602730369,0.000687998
55135,Wisconsin,Waupaca County,51812,27809,88,0.536728943,0.001698448
55137,Wisconsin,Waushara County,24520,7406,47,0.302039152,0.001916803
55139,Wisconsin,Winnebago County,171730,76608,140,0.446095615,0.000815233
55141,Wisconsin,Wood County,74207,36467,89,0.491422642,0.001199348
56001,Wyoming,Albany County,37066,11046,48,0.298008957,0.001294987
56003,Wyoming,Big Horn County,11521,7209,39,0.625726933,0.003385123
56005,Wyoming,Campbell County,47026,18098,51,0.384850934,0.001084506
56007,Wyoming,Carbon County,14537,6806,42,0.468184632,0.002889179
56009,Wyoming,Converse County,13751,3567,26,0.259399316,0.001890772
56011,Wyoming,Crook County,7181,3024,19,0.421111266,0.002645871
56013,Wyoming,Fremont County,39234,14669,85,0.373884896,0.002166488
56015,Wyoming,Goshen County,12498,3191,24,0.255320851,0.001920307
56017,Wyoming,Hot Springs County,4621,1818,10,0.393421337,0.002164034
56019,Wyoming,Johnson County,8447,3244,20,0.384041672,0.002367705
56021,Wyoming,Laramie County,100512,32258,111,0.320936804,0.001104346
56023,Wyoming,Lincoln County,19581,12775,53,0.65241816,0.002706705
56025,Wyoming,Natrona County,79955,32557,87,0.407191545,0.001088112
56027,Wyoming,Niobrara County,2467,793,10,0.321443048,0.004053506
56029,Wyoming,Park County,29624,13819,62,0.466479881,0.002092898
56031,Wyoming,Platte County,8605,3442,27,0.4,0.003137711
56033,Wyoming,Sheridan County,30921,11462,45,0.370686588,0.001455322
56035,Wyoming,Sublette County,8728,2614,20,0.299495875,0.002291476
56037,Wyoming,Sweetwater County,42272,19062,54,0.45093679,0.001277441
56039,Wyoming,Teton County,23331,10488,22,0.449530667,0.000942951
56041,Wyoming,Uinta County,20450,12710,51,0.621515892,0.002493888
56043,Wyoming,Washakie County,7685,5098,30,0.663370202,0.003903709
56045,Wyoming,Weston County,6838,2473,20,0.361655455,0.002924832
,,,,,,,
,,,,,"355,998",,
,,,,,,,